pipeline,log,duration_s,trainer,evaluation_scope,aligned_mae_mean,aligned_mae_median,aligned_mae_std,aligned_nrmse_p90_mean,aligned_nrmse_p90_median,aligned_nrmse_p90_std,aligned_nrmse_std_mean,aligned_nrmse_std_median,aligned_nrmse_std_std,aligned_rmse_mean,aligned_rmse_median,aligned_rmse_std,anchored_mae_mean,anchored_mae_median,anchored_mae_std,anchored_nrmse_std_mean,anchored_nrmse_std_median,anchored_nrmse_std_std,anchored_rmse_mean,anchored_rmse_median,anchored_rmse_std,bin_occupied_rmse_mean,bin_occupied_rmse_median,bin_occupied_rmse_std,bin_rmse_mean,bin_rmse_median,bin_rmse_std,completed_trials,completion_rate,correlation_mean,correlation_median,correlation_std,failed_trials,failure_rate,fixed_aligned_nrmse_std_mean,fixed_aligned_nrmse_std_median,fixed_aligned_nrmse_std_std,fixed_aligned_rmse_mean,fixed_aligned_rmse_median,fixed_aligned_rmse_std,prediction_std_mean,prediction_std_median,prediction_std_std,prediction_to_travel_std_mean,prediction_to_travel_std_median,prediction_to_travel_std_std,scheduled_trials,successful_trials,training_observations_mean,training_observations_median,training_observations_std,travel_p90_span_mean,travel_p90_span_median,travel_p90_span_std,travel_range_mean,travel_range_median,travel_range_std,travel_std_mean,travel_std_median,travel_std_std
front,log-0078-valid,10.0,oracle-power,full_log,5.518663688863652,5.496540543481715,0.31521845487847994,0.07865509295326598,0.07640100392974596,0.005532553068546387,0.24881177191520354,0.24168135145622754,0.01750127398638798,7.135755701225138,6.931259997301567,0.5019248674039134,5.689581035440554,5.565653958183578,0.47629175786797684,0.2586248667812737,0.2549765874486304,0.02235361525192711,7.4171887182332235,7.31255849978663,0.6410867791709389,7.02449851243077,6.728519658172297,1.2738024566443282,7.02449851243077,6.728519658172297,1.2738024566443282,4,1.0,0.971348689090445,0.9714298992093049,0.000929197153282386,0,0.0,0.24881177191520354,0.24168135145622754,0.01750127398638798,7.135755701225138,6.931259997301567,0.5019248674039134,28.45012111586926,27.899241374228943,2.3874841428789533,0.9920077623770434,0.9727995144536757,0.08324754726499026,4,4,976.0,976.0,0.0,90.7221062654512,90.7221062654512,0.0,193.85894322332638,193.85894322332638,0.0,28.679333161362813,28.679333161362813,0.0
front,log-0080-valid,10.0,oracle-power,full_log,6.0243480515938925,6.007678460329329,0.08484069713431053,0.07663068812233638,0.07672023991810671,0.0021290129529303466,0.25670447810094277,0.2570044668855864,0.007131962042147315,7.959251081872037,7.968552384585523,0.22113005982509504,8.186840095549034,6.810594893269655,3.24349730759283,0.3370177640467595,0.2955656159945518,0.08873647278726829,10.44940479006554,9.164160151283982,2.7513188404755757,7.305315395863998,7.323795495469161,0.4525704280311727,7.305315395863998,7.323795495469161,0.4525704280311727,4,1.0,0.9676638794858876,0.9682965367358356,0.002130462799624099,0,0.0,0.25670447810094277,0.2570044668855864,0.007131962042147315,7.959251081872037,7.968552384585523,0.22113005982509504,30.979684222933777,30.99200454657329,1.3274577052538743,0.9991673322497757,0.9995646915260926,0.04281361825667171,4,4,976.0,976.0,0.0,103.86506081174115,103.86506081174115,0.0,205.33557480115962,205.33557480115962,0.0,31.00550150411578,31.00550150411578,0.0
front,log-0081,10.0,oracle-power,full_log,8.331389100672226,7.686901978976814,1.611269530681734,0.15397747529395833,0.1353849811527467,0.04331999467439158,0.5246670432138327,0.4613144722717712,0.14760972976379108,10.763605020511822,9.463919706798702,3.028230663450306,8.96802666811623,8.809490404633582,1.748917616986047,0.5841645012132438,0.557517538797826,0.1605919004171895,11.984202246720955,11.437536733524073,3.2945613945862235,10.673652423149402,9.176348525108512,3.581433178133426,10.673652423149402,9.176348525108512,3.581433178133426,4,1.0,0.8908025235828707,0.9009874592135698,0.025974934022226837,0,0.0,0.5246670432138327,0.4613144722717712,0.14760972976379108,10.763605020511822,9.463919706798702,3.028230663450306,23.048160476807766,21.82733850865362,3.711327028792717,1.1234721253557884,1.0639637124122348,0.18090695216756125,4,4,976.0,976.0,0.0,69.90376352101518,69.90376352101518,0.0,197.4047490481513,197.4047490481513,0.0,20.515115557058188,20.515115557058188,0.0
front,log-0098,10.0,oracle-power,full_log,6.82542737225667,6.661603864948027,0.478326711126839,0.10335065845726682,0.10418514636771031,0.004938338016783436,0.3439017614398701,0.34667853970703955,0.016432436598935746,9.365139508850673,9.440756789053912,0.4474884355783802,7.665481401316457,7.589822976640905,0.890630243529943,0.37543652562591534,0.37527901418743914,0.04099379824287084,10.223894825323974,10.21960547074378,1.116343917329102,10.30548582605568,9.397024368667886,2.333144426745848,10.30548582605568,9.397024368667886,2.333144426745848,4,1.0,0.9410461076388139,0.9413211521196132,0.004686325921645643,0,0.0,0.3439017614398701,0.34667853970703955,0.016432436598935746,9.365139508850673,9.440756789053912,0.4474884355783802,25.0743687163532,25.4168653202983,1.8395262035837447,0.9207678711456699,0.9333448525427522,0.06755012042579642,4,4,1000.0,1000.0,0.0,90.61518957542924,90.61518957542924,0.0,199.7034809556106,199.7034809556106,0.0,27.23201960245886,27.23201960245886,0.0
front,log-0099,10.0,oracle-power,full_log,8.347587504271182,7.353898105232481,2.15252680211886,0.16229667367284925,0.14227895769517784,0.04523215507340848,0.5399873663365222,0.47338517735608576,0.15049471895554353,10.699233418223654,9.379587051493212,2.981881108144036,9.047785718808559,8.356042046004559,2.3108025639605265,0.6180638294467109,0.5318692686588556,0.23020118889215269,12.246229432135284,10.538382577296456,4.561173847120712,11.652979690647133,10.242109055988431,3.7610890809708772,11.652979690647133,10.242109055988431,3.7610890809708772,4,1.0,0.8775075896222979,0.8814249609783391,0.018789588812350235,0,0.0,0.5399873663365222,0.47338517735608576,0.15049471895554353,10.699233418223654,9.379587051493212,2.981881108144036,20.00908906422519,17.807161040148348,5.370023948218662,1.0098532188465623,0.8987225174115765,0.27102363091019277,4,4,1000.0,1000.0,0.0,65.92392299912883,65.92392299912883,0.0,187.74146730164688,187.74146730164688,0.0,19.813858777495643,19.813858777495643,0.0
front,log-0113,10.0,oracle-power,full_log,4.592667756860963,4.3388693933158855,0.8312884469127098,0.07535132971479279,0.06898827097054955,0.02218377256878352,0.26374135230897167,0.24146965883813065,0.07764664802533706,6.868494513518289,6.288483062632781,2.0221158771125767,4.718455876981072,4.489273337327144,0.8341082214416146,0.28015025884411254,0.25572568903517506,0.09241155136402811,7.295824105646174,6.659746288273031,2.4066314515061697,9.684779522522021,7.957211468960821,5.431051854668892,9.684779522522021,7.957211468960821,5.431051854668892,4,1.0,0.9715647789229126,0.9733845329587326,0.009078641285452693,0,0.0,0.26374135230897167,0.24146965883813065,0.07764664802533706,6.868494513518289,6.288483062632781,2.0221158771125767,27.879799566900367,27.328837724354315,2.501188801284612,1.0705484331981925,1.049392207312339,0.09604243193796402,4,4,1000.0,1000.0,0.0,91.152930406348,91.152930406348,0.0,196.08948725647684,196.08948725647684,0.0,26.042539227871565,26.042539227871565,0.0
front,log-0115,10.0,oracle-power,full_log,5.738951600894219,5.788477272423981,0.4233362105454359,0.1684460600920673,0.16874726895032377,0.005872756844173919,0.5806828110441659,0.5817211660310866,0.020245109627318413,14.12458804303752,14.149845095861792,0.4924441156744634,5.183992131121164,5.283454720199774,0.468205109996053,0.6067108491326435,0.610777771466569,0.028506369513439923,14.75769670163061,14.85662093613039,0.6933918454653869,12.162907931116505,12.34354070920512,1.551517047148843,12.162907931116505,12.34354070920512,1.551517047148843,4,1.0,0.9114738606716626,0.9108515524330414,0.00374308001903168,0,0.0,0.5806828110441659,0.5817211660310866,0.020245109627318413,14.12458804303752,14.149845095861792,0.4924441156744634,32.12333491085025,32.216040249121534,0.9001490522277319,1.3206380504202122,1.3244493046856212,0.037006465633806426,4,4,1000.0,1000.0,0.0,83.85229096671934,83.85229096671934,0.0,194.67735718346603,194.67735718346603,0.0,24.324102202438407,24.324102202438407,0.0
front,log-0116,10.0,oracle-power,full_log,4.907768405481328,4.96335963435607,0.5425423519199558,0.061415039451086006,0.06143913844295898,0.0042168872375705525,0.1977806864176637,0.1978582946907709,0.013580042605962062,6.39890050504365,6.401411405511112,0.4393621190407808,5.725156385681306,5.9598148812996,1.339067192832721,0.2368669072273819,0.23916915119555546,0.04581606930779737,7.663477156129719,7.737962842055439,1.4823109088299555,6.174186152728866,6.070294518060031,0.588114387473303,6.174186152728866,6.070294518060031,0.588114387473303,4,1.0,0.983175847061105,0.9836795979872788,0.0019692595898272297,0,0.0,0.1977806864176637,0.1978582946907709,0.013580042605962062,6.39890050504365,6.401411405511112,0.4393621190407808,30.126988476993823,29.748947272967712,2.0929910353175343,0.9311812952835151,0.919496592768214,0.06469130177986643,4,4,1000.0,1000.0,0.0,104.19109980609964,104.19109980609964,0.0,215.69220856612964,215.69220856612964,0.0,32.353515507225815,32.353515507225815,0.0
front,log-0122,10.0,oracle-power,full_log,5.128794242476247,4.9348521658452125,0.5167515479987136,0.0670179402643222,0.06116728377765726,0.013770280303989522,0.21743972458557279,0.1984572680957473,0.04467767802108389,7.222037161736101,6.591554362643858,1.4839231956503172,5.893957713582881,5.794923154610117,0.7174651848892838,0.2583336207325619,0.24311728515580103,0.043312421176581455,8.580285928030428,8.074890967609724,1.4385775915519696,6.810190222303552,6.32726068281581,1.3593343873528962,6.810190222303552,6.32726068281581,1.3593343873528962,4,1.0,0.9792458786296109,0.9812057295820509,0.0060595900953422065,0,0.0,0.21743972458557279,0.1984572680957473,0.04467767802108389,7.222037161736101,6.591554362643858,1.4839231956503172,34.61177132963912,34.74160115348981,2.2145374495409555,1.042084644095959,1.0459935357990724,0.06667487335344421,4,4,1000.0,1000.0,0.0,107.76274432266965,107.76274432266965,0.0,208.61012873759907,208.61012873759907,0.0,33.213973093007155,33.213973093007155,0.0
front,log-0129,10.0,oracle-power,full_log,60.86198894670959,5.507596626988558,111.3167474143959,1.1655453658187522,0.07810015309610685,2.18932957338446,3.920705759023988,0.26271626056310704,7.36454995103536,126.21821259173011,8.45755301854462,237.0849506425584,56.67399057167337,5.5312013449884585,102.85491158924145,4.272031334549271,0.28249936116937696,8.038270202349583,137.52834115174755,9.09442498790846,258.7738431874816,152.98936598391248,8.815157336333817,290.14045683592104,152.98936598391248,8.815157336333817,290.14045683592104,4,1.0,0.9074069197241695,0.9743500134762741,0.1402079490160094,0,0.0,3.920705759023988,0.26271626056310704,7.36454995103536,126.21821259173011,8.45755301854462,237.0849506425584,151.26548039878375,35.77206433738296,234.9998556076704,4.698746939630642,1.1111846363521023,7.299780818724473,4,4,1000.0,1000.0,0.0,108.29111958509354,108.29111958509354,0.0,210.7056267839625,210.7056267839625,0.0,32.19272762339365,32.19272762339365,0.0
front,log-0145-filtered-c01,10.0,oracle-power,full_log,2.9504489773085094,2.934969585918715,0.1529245643129548,0.06486318735472983,0.06416179659159697,0.004440935627661165,0.2204586737791282,0.21807476876694373,0.015093966527706705,3.8815275692343443,3.8395551085068504,0.26575342308868016,3.0731937187870058,3.0085540350350635,0.3266579346390985,0.24136036075884681,0.23410260027624474,0.038207477523413615,4.249535200163699,4.121750718286867,0.6727037535688564,7.1313453119058225,6.736608259536523,2.119146970562079,4.799714482464164,4.8446838240762204,0.8747471468412993,4,1.0,0.9781150652767812,0.9785105461670371,0.0012425284133694907,0,0.0,0.2204586737791282,0.21807476876694373,0.015093966527706705,3.8815275692343443,3.8395551085068504,0.26575342308868016,18.301106317145642,18.451708891781976,0.837505687107148,1.03944582523334,1.047999582299298,0.04756771393962808,4,4,1000.0,1000.0,0.0,59.841764297006954,59.841764297006954,0.0,126.23251970541182,126.23251970541182,0.0,17.606599471441736,17.606599471441736,0.0
front,log-0147-filtered-c02,10.0,oracle-power,full_log,3.0517043476301247,3.0605375733096176,0.11211657067586048,0.1480264601805088,0.1684634533213868,0.054560228742030134,0.5154099150818182,0.5865690097897696,0.18997200114413806,9.052453108828914,10.302262918964576,3.3365920639588564,3.0252779836057426,3.0023759496080853,0.14540597704940006,0.5184086284924891,0.587326561339366,0.18723915720071851,9.105121308920884,10.31556825066188,3.288593488596514,12.707541104623314,13.340197334647097,2.7620026404289755,8.364191084545658,9.08955100783199,2.860158684617553,4,1.0,0.8944866088578762,0.8745242835474973,0.053388314959865985,0,0.0,0.5154099150818182,0.5865690097897696,0.18997200114413806,9.052453108828914,10.302262918964576,3.3365920639588564,20.161233998920018,21.05789365727844,2.6252264751661527,1.1478987826176459,1.1989509419401914,0.14946973360362092,4,4,993.75,997.0,8.770214744615247,61.15429023831297,61.15429023831297,0.0,143.8427936441168,143.8427936441168,0.0,17.563599077041214,17.563599077041214,0.0
front,log-0151-filtered-c01,10.0,oracle-power,full_log,3.984360200318359,3.9875310205013355,0.5811778135747007,0.15943100169120045,0.17313742411319222,0.05971873998707427,0.5267414075809701,0.5720258263130503,0.19730374159400169,10.148206420059418,11.020656586861453,3.801256305900357,4.057267703829174,4.058724087970266,0.584598894157281,0.5323908809409384,0.572876258529025,0.19303184710643528,10.257049243115384,11.037041024366783,3.7189539342990243,35.658447433672855,28.74209858162441,31.498732573678904,13.59408689045286,12.619059442472988,8.099601129269965,4,1.0,0.9084863483831287,0.9214280584663259,0.06074177243923452,0,0.0,0.5267414075809701,0.5720258263130503,0.19730374159400169,10.148206420059418,11.020656586861453,3.801256305900357,23.85367431154729,23.725424198717796,3.0591591216200085,1.2381220348461224,1.2314652284945393,0.15878527840655146,4,4,995.5,999.0,7.724420150837645,63.65265420407588,63.65265420407588,0.0,164.33409863644093,164.33409863644093,0.0,19.26601226712834,19.26601226712834,0.0
front,log-0152-filtered-c01,10.0,oracle-power,full_log,9.703645295744025,3.146127660322918,13.430981484014703,0.3444598088955374,0.07786433467232658,0.5387587377292938,1.20197272115511,0.2717031241674158,1.8799676749253427,21.631541811168987,4.889759465592934,33.833213223601796,7.821002875871094,3.3979123603130272,9.237787799865382,1.2440204184056436,0.2808356803087476,1.9496274654469126,22.388261581201874,5.054115333689689,35.08685953745201,88.77181135431348,10.031982381815151,160.23888405618592,88.77181135431348,10.031982381815151,160.23888405618592,4,1.0,0.9078402392747963,0.9672713178251974,0.12186433233513239,0,0.0,1.20197272115511,0.2717031241674158,1.8799676749253427,21.631541811168987,4.889759465592934,33.833213223601796,34.350069359890206,18.682529719108032,33.372939738579795,1.9086871708356865,1.0381086693017356,1.8543922361472438,4,4,997.5,997.0,1.9148542155126762,62.798449202325,62.798449202325,0.0,120.36651931469572,120.36651931469572,0.0,17.996699451199543,17.996699451199543,0.0
front,log-0155-filtered-c01,10.0,oracle-power,full_log,2.2720896446388297,2.287429167413353,0.04674263811074849,0.04862421526208032,0.04875618844225833,0.0004845162772125062,0.16088112737694488,0.1613177821156614,0.001603100934180359,4.266229415053387,4.277808581117846,0.04251086794460104,2.40514714387693,2.4043454855910227,0.028533163034665205,0.16391792867068572,0.1638721258263336,0.001313890554093873,4.34675900368981,4.345544408509791,0.03484161642467072,6.069585656646671,6.15247860444185,0.45276782993873754,6.069585656646671,6.15247860444185,0.45276782993873754,4,1.0,0.9876911355701339,0.987685513848499,2.1021788185149272e-05,0,0.0,0.16088112737694488,0.1613177821156614,0.001603100934180359,4.266229415053387,4.277808581117846,0.04251086794460104,27.17517515613707,27.24180894436328,0.19937788407149956,1.024786149652143,1.0272989350484005,0.007518615536771689,4,4,999.5,1000.0,1.0,87.73878184066888,87.73878184066888,0.0,168.93012807396792,168.93012807396792,0.0,26.51789855411444,26.51789855411444,0.0
front,log-0078-valid,10.0,oracle-power,full_log_excluding_training,5.540169024763377,5.461070990893777,0.40532319383553644,0.07939744203110166,0.07666030522487897,0.006454675074243759,0.2504092815131234,0.24062759530834843,0.021641361954846682,7.164928234295903,6.9094825085512515,0.6108099695254863,5.741866012735574,5.6773510686266455,0.5011085544229803,0.26162798843432716,0.25458523915439635,0.025872930380621266,7.4858679733442015,7.348355605374067,0.7314052770248167,7.082574728470157,6.75904048939398,1.3614472598269571,7.082574728470157,6.75904048939398,1.3614472598269571,4,1.0,0.9712821964089122,0.9706366585660675,0.0013562162444868142,0,0.0,0.2504592239477208,0.24063231165022503,0.021642716132828463,7.1663569944496235,6.911458139304196,0.6108392640647613,28.44557873739788,27.87833265779399,2.4890452093667115,0.9941486420755907,0.9729802944700157,0.08800277546723831,4,4,976.0,976.0,0.0,90.22543009603417,90.51662144160628,1.1554516478451617,193.85894322332638,193.85894322332638,0.0,28.61647280293849,28.580817203003797,0.3827095647508337
front,log-0080-valid,10.0,oracle-power,full_log_excluding_training,5.995928742579228,6.0298305488378166,0.18285221405037583,0.07616082450262189,0.07744098872251716,0.0033792627159094702,0.2557141437916441,0.259650937009184,0.01126155727022016,7.9161093264728235,8.013611458943949,0.35954515424479394,8.293672269733971,6.900546151547994,3.2892664878468962,0.3407681014516718,0.299073712391086,0.08927843536939442,10.550229217624366,9.254328443413902,2.7752335424465198,7.263823589576036,7.260068267841266,0.5200274809235034,7.263823589576036,7.260068267841266,0.5200274809235034,4,1.0,0.9681136686533155,0.9682596454128282,0.0026010781631864654,0,0.0,0.2557953897341854,0.25968084818566295,0.011154676691781516,7.918626025133396,8.014486917671173,0.35637694191937674,30.965492799919225,31.02734608109742,1.31105763343107,1.0004779633268115,1.0028302108714824,0.04703337644230953,4,4,976.0,976.0,0.0,103.93868670502016,104.21857481239863,0.8217100832502456,205.33557480115962,205.33557480115962,0.0,30.956185439306537,30.963595669989925,0.22993586742480857
front,log-0081,10.0,oracle-power,full_log_excluding_training,8.366625023295535,7.737745328043555,1.640797028684089,0.1545730292142254,0.13535865735487443,0.04446038525027916,0.5266926930639579,0.46151261717449715,0.15080382917350824,10.800246537009475,9.481993217216438,3.0517866453641784,9.036308838527836,8.874901996001617,1.771106636195467,0.5872765514532081,0.5593601269913474,0.16306907229579415,12.04597437843532,11.497073827828705,3.3167566693932415,10.725974132407437,9.202207942634843,3.6343947013810807,10.725974132407437,9.202207942634843,3.6343947013810807,4,1.0,0.8904551796881948,0.9010336255314366,0.02636807356376864,0,0.0,0.5267024645297989,0.4615288169663192,0.1508015841151339,10.800447502072782,9.482326855134728,3.051741255333687,23.080650670954746,21.857895911291585,3.6923011609932725,1.1252875126315498,1.0650196118780575,0.18425395724374571,4,4,976.0,976.0,0.0,69.93572331147581,69.97080645067066,0.341058917060126,197.4047490481513,197.4047490481513,0.0,20.51970768709419,20.524871055873337,0.07596472943748127
front,log-0098,10.0,oracle-power,full_log_excluding_training,6.845515096586242,6.736867246963269,0.4278345375018605,0.10334548278401631,0.10388930757790615,0.004746365689687979,0.3420548389347685,0.34382945549243454,0.01589314485996307,9.399485981582293,9.44393102199329,0.43568163575564317,7.756277053593944,7.7591490907381315,0.8930110830356266,0.37597601219572174,0.378053440989523,0.041102237008837944,10.33129343933168,10.393133995814193,1.124736566288147,10.27816471990184,9.347167377418536,2.3052139142457593,10.27816471990184,9.347167377418536,2.3052139142457593,4,1.0,0.9419216287088223,0.9427220565419419,0.005304621528457081,0,0.0,0.34211958626116745,0.3439093556683347,0.015933444248015852,9.401264544295215,9.446124594696531,0.4367723588531413,25.310054813462386,25.666369351576744,1.9192896470920329,0.9210100940375023,0.9337330655101373,0.06919156467009341,4,4,1000.0,1000.0,0.0,90.95084677662453,90.97136520600517,0.14409820025182668,199.7034809556106,199.7034809556106,0.0,27.479599588168742,27.487925120077875,0.02163451951892275
front,log-0099,10.0,oracle-power,full_log_excluding_training,8.36092113115978,7.356434095813469,2.1688162265473503,0.16247734367823882,0.1423655264742943,0.04556606817150911,0.5404015280989598,0.47362145042655535,0.15108148713347458,10.718053727226351,9.389794923595606,3.0016307834799,9.111859045608245,8.397113300083369,2.377059743512167,0.6206112514785737,0.5339538268553585,0.23285326835717612,12.307349810129473,10.582931863095464,4.619117417686586,11.675171602671206,10.238430623886554,3.8074243417367,11.675171602671206,10.238430623886554,3.8074243417367,4,1.0,0.8775543221517241,0.8813335697955694,0.018511361819156382,0,0.0,0.5404228881110632,0.4736370914981052,0.15110294212076608,10.718476955928024,9.390104208339746,3.0020546040836344,20.02992520239829,17.76921996810234,5.4016938839726985,1.0100828251255032,0.8980910832924689,0.2725117131377298,4,4,1000.0,1000.0,0.0,65.96934035386973,65.99540456436918,0.28154963845216274,187.74146730164688,187.74146730164688,0.0,19.831354305764123,19.840590371064888,0.07569040812192716
front,log-0113,10.0,oracle-power,full_log_excluding_training,4.637632712806448,4.398934607142488,0.8725401912463177,0.07616067602013424,0.06951458473614514,0.02277348092485364,0.26499041556329644,0.2421378695768776,0.07865182643222791,6.935492125461829,6.36807192481029,2.078027648156388,4.7855500033069385,4.5709623559482,0.8895928192206128,0.28238171590758054,0.2572670958898554,0.09431792698089751,7.3908274560846525,6.764125355215968,2.4864928404574416,9.671697563569317,7.966560242847933,5.39405335924452,9.671697563569317,7.966560242847933,5.39405335924452,4,1.0,0.97143290520027,0.9732793803663887,0.009088145559251455,0,0.0,0.2650168838676483,0.24216095643493343,0.07867478812243332,6.936185110111947,6.368676269984496,2.07862587883612,28.034704103533056,27.61820954493058,2.682296287425669,1.0716470648610925,1.0500836061900056,0.09778489759011685,4,4,1000.0,1000.0,0.0,91.03322111961188,90.91770907413698,0.9804307128478001,196.08948725647684,196.08948725647684,0.0,26.15263618229683,26.177446164340495,0.26111496065026274
front,log-0115,10.0,oracle-power,full_log_excluding_training,5.92565695478635,5.97409666863603,0.44256419727354246,0.173319294790936,0.17297678770878105,0.002347660635071577,0.5962765715945963,0.5935259312117837,0.0073034362196342,14.479475762115202,14.505075981540301,0.5057372480789781,5.395832876727041,5.520337458718943,0.5418432206908473,0.6245192349770102,0.6227052967491604,0.012557237169920478,15.17004339672937,15.275959585656615,0.7248266768027756,12.371915756879933,12.467452331732142,1.334864927367736,12.371915756879933,12.467452331732142,1.334864927367736,4,1.0,0.9090468136741566,0.9086296145330395,0.00599522500523919,0,0.0,0.5963642429800273,0.5936041934041817,0.007309310447268054,14.481619658685318,14.507472426641286,0.5064119621332112,32.43518211253396,32.7174923737751,1.454898890395051,1.3353700823758734,1.3335792386987517,0.02258266529518023,4,4,1000.0,1000.0,0.0,83.54532080780163,84.62102298306694,2.796106486944482,194.67735718346603,194.67735718346603,0.0,24.28162378259176,24.530171857406074,0.7263659514074539
front,log-0116,10.0,oracle-power,full_log_excluding_training,4.913118621533576,4.939574869119642,0.5079435938716474,0.06120655705567368,0.06167383450314823,0.0034747990051621756,0.19608816184574304,0.19743541304502946,0.011410403711977627,6.388818159892379,6.418874246280156,0.4004383236311552,5.830800676725058,6.054643455783684,1.3978429632463787,0.23872700813040132,0.2408549954021979,0.045927398979409104,7.782181087165008,7.845530215457716,1.5348109953043356,6.159743345823289,6.038900991994138,0.5625521190698657,6.159743345823289,6.038900991994138,0.5625521190698657,4,1.0,0.9838173964711312,0.9837473246002728,0.0021952234726222847,0,0.0,0.19621417609531736,0.19754897930444548,0.011504425901173993,6.392936450139811,6.422579349178752,0.4035872560189008,30.259270146919626,29.85432001168224,2.0144776139352385,0.9291584322181583,0.9168223527009469,0.06659826124492661,4,4,1000.0,1000.0,0.0,104.35578009462887,104.071340128392,0.7614587954579021,215.06306714662918,215.69220856612964,1.2582828390009126,32.57514445591116,32.56329793939268,0.17683439099103757
front,log-0122,10.0,oracle-power,full_log_excluding_training,5.154968976692283,4.945557981842811,0.534142660167508,0.06743641974682142,0.061178888687920444,0.014366249943655155,0.21911791457866417,0.19905160174391973,0.04654059017528409,7.251550778576846,6.599802005887113,1.5210823951932062,5.983607860042792,5.885806168802336,0.7351350438379302,0.26223734930311837,0.2457356576075717,0.044473428524230904,8.681538570293194,8.166869200826984,1.4656595114986566,6.851691875831458,6.3448136543104745,1.4101897052855725,6.851691875831458,6.3448136543104745,1.4101897052855725,4,1.0,0.9790851372184284,0.98118856894602,0.0062558247943446076,0,0.0,0.2191585429872322,0.1990966305356286,0.046534119761373026,7.252898460293912,6.601299906473097,1.520876080766119,34.54625117998251,34.6041325943244,2.146764585500632,1.0436982875789518,1.0478066289186252,0.06928871761212056,4,4,1000.0,1000.0,0.0,107.57984898333726,107.5405056776149,0.4156259540114097,208.3172371965101,208.61012873759907,0.5857830821779828,33.10730831019242,33.0509330800206,0.1822210130096246
front,log-0129,10.0,oracle-power,full_log_excluding_training,61.587305360081324,5.53044718135419,112.6976651538286,1.1752805965704867,0.0786709654760354,2.207773123062165,4.019421769030382,0.2640184282228907,7.558826935963691,127.36212531711047,8.502826198634981,239.2745108521041,57.91342866085691,5.578170547881278,105.22687267758208,4.389178085188131,0.2845092493358261,8.268364368947635,139.07616227293846,9.163357416519958,261.7366953694375,152.62477904670098,8.881309177008516,289.3055145550841,152.62477904670098,8.881309177008516,289.3055145550841,4,1.0,0.9081100038383492,0.9742411127689976,0.1384679864424926,0,0.0,4.019616228062007,0.26402933671455286,7.559199960837601,127.36828589108312,8.503177839901294,239.28631986541689,152.3131391901831,35.83585915637448,237.09702675048572,4.797599294859089,1.1130219795483476,7.496583901005555,4,4,1000.0,1000.0,0.0,108.2538992402192,108.26624944107422,0.25201633517546257,210.7056267839625,210.7056267839625,0.0,32.04672703913822,32.143322297053274,0.25955830483394793
front,log-0145-filtered-c01,10.0,oracle-power,full_log_excluding_training,2.9664797381697783,2.954852653024166,0.1581946049426688,0.06536864454496523,0.06458086552389569,0.005037435430607517,0.22177236830841768,0.21912059066133188,0.01629651333387506,3.897040719026592,3.860032487882616,0.2687577929983913,3.103578757710994,3.0379699444432284,0.3486077526070668,0.2438019282450415,0.23638388105999272,0.04068293109548029,4.282747485882664,4.150444411539972,0.69465904163068,7.155119544608665,6.777761933515492,2.10920553419649,4.820677600172765,4.877464451394353,0.8744744387684575,4,1.0,0.9779853172657986,0.9784502936756263,0.0013168350644818445,0,0.0,0.22178977232921102,0.2191338749017063,0.01631599548516022,3.8973454233633853,3.8602489481498923,0.2690974138482805,18.298288161661585,18.402001709713144,0.7734067336388054,1.0412403024649945,1.0499488382507312,0.04903046414169088,4,4,1000.0,1000.0,0.0,59.644291420563775,59.59005661946523,0.5158533040476059,126.23251970541182,126.23251970541182,0.0,17.57664214747514,17.55977049587183,0.09590781680860407
front,log-0147-filtered-c02,10.0,oracle-power,full_log_excluding_training,3.0830947778022644,3.1005053438749144,0.12663124436867623,0.14936990504763817,0.17064062626096854,0.055371154719488024,0.5200696096397333,0.5940997910700767,0.19312938074198568,9.162292193429877,10.446344630375282,3.413022885251869,3.058453609446235,3.0285635002704794,0.15379655294441177,0.5232202887081951,0.594892262020631,0.19020830895019983,9.217800045478217,10.46025774075688,3.361929966178746,12.766648711751795,13.384031796057956,2.7649439487964798,8.450018582011943,9.205585119931483,2.9216494243543014,4,1.0,0.8931537407394747,0.872804400576255,0.05427753849651613,0,0.0,0.5200721855277314,0.5941004488114943,0.19312701365583776,9.162337574973321,10.44635617810291,3.4129814803790075,20.279465332790398,21.166652255027138,2.6992051539986894,1.1513314900888205,1.2039472667876616,0.15181822723864785,4,4,993.75,997.0,8.770214744615247,61.31114187726673,61.41336168980234,0.34640408067756656,143.8427936441168,143.8427936441168,0.0,17.61192491115071,17.613576581331188,0.061254046016915246
front,log-0151-filtered-c01,10.0,oracle-power,full_log_excluding_training,4.169130355512715,4.199848270261622,0.6351045898821794,0.1654802549629772,0.17803614509072885,0.06155415259307072,0.543053886796602,0.5837271816509197,0.20124876357218605,10.635238976027471,11.62094965792911,4.112416323999116,4.261569079489692,4.189723153237625,0.628144367920527,0.5500788377666281,0.5885491789111549,0.19539138333714293,10.768388462049721,11.640475257819084,4.007178092059492,35.76930303856482,28.86624111129119,31.332175554143475,13.666136584820482,12.853565697151717,8.092241908785445,4,1.0,0.9051282878894509,0.9215965722190052,0.06473208891287652,0,0.0,0.5431374123320543,0.5837846292248355,0.2011782648800509,10.636822197231307,11.621182358382523,4.11115067302315,24.446402367679692,24.557581204329708,3.948718356479458,1.2531779726820207,1.2487951983718133,0.15891263017176516,4,4,995.5,999.0,7.724420150837645,63.836325226402934,64.44178606445405,2.3592490317928942,164.22566351191605,164.33409863644093,0.21687024904971963,19.44134833729481,19.661105686174093,0.7730069627834281
front,log-0152-filtered-c01,10.0,oracle-power,full_log_excluding_training,10.111285048305803,3.1612585354254135,14.179319915506653,0.3458761147420106,0.07728423491473853,0.5414060459639696,1.2091361467540467,0.2704114000764667,1.8936172796417314,22.19484171722206,4.899973716502701,34.899858252518115,8.20424531899004,3.4413850783287114,9.894092909805833,1.2546287753427134,0.28058239491724907,1.9685258405863475,23.030408872746975,5.084234706393264,36.2799912208243,88.59612183145464,10.027820559562489,159.93744561023516,88.59612183145464,10.027820559562489,159.93744561023516,4,1.0,0.9077386917601258,0.9666905341026593,0.12249770676828704,0,0.0,1.209313325430974,0.2704510625170136,1.8939091105068975,22.198095994009613,4.900692252918953,34.90523502257903,35.01456013887023,18.781603554179217,34.54548431643258,1.915074104436614,1.0395520877919162,1.868125455610254,4,4,997.5,997.0,1.9148542155126762,63.439335415421795,63.4397043212674,0.8695392177960632,120.36651931469572,120.36651931469572,0.0,18.16647710967106,18.12082846734792,0.16851313531986614
front,log-0155-filtered-c01,10.0,oracle-power,full_log_excluding_training,2.2922736942699746,2.320764542403811,0.07082760810706508,0.04941563195371196,0.04975222574633638,0.0008628585951057023,0.16333318843168665,0.1643258659533138,0.0027388870697700805,4.353841869569384,4.3793121005398925,0.054418346200589295,2.445171641870116,2.4345309316302663,0.029882167862583964,0.16677502566809285,0.16762171751080007,0.0021138289280859335,4.445672662065149,4.456297394514098,0.04122568137810191,6.117872579807708,6.19721080459459,0.498641887463305,6.117872579807708,6.19721080459459,0.498641887463305,4,1.0,0.9873832920106065,0.9873836141994861,0.00023786869352630997,0,0.0,0.1633518732472595,0.16434376807835188,0.002735439834221143,4.354340396300979,4.379729690468474,0.05433885636170139,27.37471116159399,27.298690510988642,0.20907819785226386,1.02690622696827,1.0296796281359342,0.007810724946766131,4,4,999.5,1000.0,1.0,88.11287087008594,88.1111622918599,0.5579618069055011,168.92073581305448,168.93012807396792,0.018784521826916034,26.65786017402521,26.65952112053357,0.16867086947522514
front,log-0078-valid,10.0,oracle-power,training_window,4.9399141179703925,5.384465687051748,1.4187259641365706,0.06879184219014209,0.07372114826924317,0.02279778626788244,0.22451124720852778,0.24767469602398368,0.07354644450029066,6.096912673590988,6.567217804325458,1.6899925788396153,4.939913031069146,5.3844635131216245,1.4187258941039258,0.2245112472127822,0.24767469602398368,0.07354644450460113,6.096912673682295,6.567217804508074,1.6899925788339163,5.654490663549922,5.9323758457922615,1.6418237836793022,6.287622169605999,6.650900380184044,1.7934738563134476,4,1.0,0.9722982779675353,0.9684078690678432,0.015229310163760501,0,0.0,0.2368082802525477,0.251185324978609,0.07067461088250687,6.448654389390672,6.5971018708665685,1.6100749687014324,27.196364748954306,28.279571721740353,4.979999380778622,0.9722989459501001,0.968407868371078,0.0152285840844024,4,4,976.0,976.0,0.0,91.16438003516384,90.4670434224293,17.178649769096026,151.85203214769354,152.0831248247608,29.081815415264366,27.93073740463557,28.922450252698177,4.82082549608724
front,log-0080-valid,10.0,oracle-power,training_window,4.262399582122,3.9508789790705583,1.677609218385561,0.07254503409451267,0.07343834620800253,0.013644697203350254,0.21986058681437776,0.2189110326081542,0.05702341336225908,5.540532743792983,5.204886209234425,1.9152790045487014,4.2623995821755,3.950878979083046,1.6776092183991076,0.21986058681437776,0.2189110326081542,0.057023413362259065,5.5405327437929826,5.204886209234424,1.9152790045487014,4.892748319562066,4.432742252575866,1.5967210144356654,5.349442162841049,5.077160818194317,2.0788502006228295,4,1.0,0.9742167087804079,0.9745458344680211,0.012877600454265363,0,0.0,0.32962711003665157,0.30820871644736636,0.11337509797625146,8.450940063935988,6.530238554774758,4.244425474875317,24.427566610495504,24.070117027853065,4.484170648558003,0.9742167085371696,0.9745458342342332,0.012877600429881031,4,4,976.0,976.0,0.0,75.49620442976305,75.36098857693577,16.45856175843574,119.5947869596942,121.79253592264166,23.62572574175707,25.07969319682034,24.42857962959126,4.653967926487929
front,log-0081,10.0,oracle-power,training_window,3.245616979418736,3.301677484880617,0.18302598277213297,0.07415110685228743,0.06725034089653706,0.026893227210276788,0.244080725614815,0.2292087149261252,0.0843772623762126,4.250081061871026,4.3156599710613595,0.31641627101163655,3.2456169891746725,3.30167748471048,0.18302596395911208,0.2440807256148154,0.2292087149261252,0.08437726237621328,4.250081061871031,4.3156599710613595,0.31641627101162917,4.153763908726308,4.123824671552473,0.341814868598272,4.336610513422497,4.39654732687363,0.6728793652757001,4,1.0,0.9667983782265959,0.9723380718317758,0.022681958684321064,0,0.0,0.40976601709187915,0.26790005249660986,0.3218981068025508,6.525788178935272,5.889729103803785,2.471502811758402,18.6397497572786,18.903671951460034,7.029905681062563,0.9667981996848762,0.9723380703440224,0.022682273612664505,4,4,976.0,976.0,0.0,63.33006028981596,65.88824499484949,22.46300611381326,107.41311293866954,109.27901547387016,21.160037068911027,19.162650704621253,19.410937081335973,6.8737266602156994
front,log-0098,10.0,oracle-power,training_window,5.603886300439099,5.146516992245621,2.2893210156651804,0.10148179978851292,0.09757128281157748,0.027178650027137707,0.3496115195876518,0.3284781281828779,0.10744573571881165,7.024422766426259,6.407313818199285,2.7505490439919247,5.60387532070383,5.146517088299383,2.289334978516752,0.34961152026540954,0.32847812953792643,0.10744573502316195,7.024422778635344,6.407313818199849,2.7505490308775364,7.5672280643259,6.638271134516754,3.4462099096026795,6.969227328711661,6.977952735717665,2.5172264911603492,4,1.0,0.9315278887670784,0.9422525206839192,0.04272607698272232,0,0.0,0.4073023299319155,0.3841045933397339,0.1079274514540368,8.155469326930756,7.532743304431689,2.8548141713555624,18.306004476048766,18.438260091274536,0.7754508996981965,0.9315256382280341,0.9422489721190801,0.04272481953259266,4,4,1000.0,1000.0,0.0,67.5673178895217,66.91135820625277,8.610534700896553,108.71269991095585,110.75535080023171,8.870247751281841,19.708429215818946,19.567223445008317,1.695779707160044
front,log-0099,10.0,oracle-power,training_window,4.972091115593503,5.743499574735754,2.0994731630075587,0.11624344338319978,0.11889189476414525,0.061632008884879824,0.3717806485361089,0.3984109746254496,0.1711913423838627,6.329543523370494,7.1271332396674225,2.4957870172273258,4.972081401080447,5.7434995740513575,2.099464111715613,0.3717806493559863,0.39841097626520433,0.17119134304133254,6.3295435376431755,7.127133239667423,2.4957870319808073,7.549585915509356,8.53676888746241,3.5877836791946254,6.380855806872999,6.9625533051730395,2.4997206034359234,4,1.0,0.9146784885701679,0.9134188414947925,0.06493643565596521,0,0.0,0.5333963202242382,0.5428037370681251,0.11492779904616209,9.283579564284112,9.061609155092388,1.9937683463402003,16.638323136841727,16.668820867914317,5.521851028808316,0.9146689213902142,0.9133997074811675,0.06494322583126018,4,4,1000.0,1000.0,0.0,60.47859871548914,61.68079067409847,20.67283530504331,110.85280583782354,110.16326419771461,16.095339599005815,18.00332997258789,17.820657320196023,5.2053786218801505
front,log-0113,10.0,oracle-power,training_window,3.0229205115280404,2.621937035684198,1.1164508342710922,0.056213681243694254,0.05026209801206698,0.015503814995744252,0.17661051262961416,0.1663367141249532,0.04101372584223095,3.685494873450056,3.1605791972604904,1.3284279195573447,3.0229202106001045,2.62193703378607,1.116451136393829,0.17661051263094663,0.1663367141249532,0.041013725844618036,3.6854948734659496,3.1605791972604904,1.328427919542641,3.654646754021752,3.1609996087587655,1.169139223466527,3.773318301992809,3.2583988753699673,1.4005646395908495,4,1.0,0.9836163466070478,0.9859113820359469,0.007832856910803812,0,0.0,0.21982413777324145,0.21866786288155654,0.035412211243075364,4.588715443241954,4.887666866245256,1.2543895024664693,21.22352081872562,21.511963803047408,7.6622476647236235,0.9836162641460958,0.9859113796364543,0.007833005761278199,4,4,1000.0,1000.0,0.0,69.31074236273045,68.61885632344334,28.5742149802791,108.69603382780176,103.56471333099137,31.35910591482657,21.551243212669434,21.743035352134196,7.73914016998865
front,log-0115,10.0,oracle-power,training_window,1.546859712951965,1.216370972790338,0.8364436462227279,0.028410670221731757,0.027359325016079128,0.0023242876423825217,0.09638947061676614,0.09624410356085449,0.001184243765932909,2.161154316391361,1.8430102347399862,1.1717273816613698,1.5468983698138412,1.2164149825641624,0.8364095910515579,0.09638954886682388,0.09624419389070228,0.0011841586975331895,2.161155344427107,1.8430114235744441,1.1717263200694283,2.2884512395325394,2.1319157507937394,1.2611111641960002,2.0365804588366165,1.574814675492777,1.1611620821156106,4,1.0,0.9953431612392307,0.995357493178129,0.00011480832800026145,0,0.0,0.27028696315023515,0.28627683456712627,0.12971409760174676,4.913942189999522,4.925357774524764,0.09577852227907127,22.208964894484456,19.0151378407335,11.777692830308558,0.9953293386515522,0.9953438250826407,9.961269278498156e-05,4,4,1000.0,1000.0,0.0,74.25967001043179,67.25188112757853,34.370878869163406,126.98946246116093,124.49474731740521,58.029252741227324,22.31405984593417,19.104428043287598,11.835620499726412
front,log-0116,10.0,oracle-power,training_window,3.7385154931772058,3.782280089690925,0.670696204198164,0.0511539154763336,0.05046545749264629,0.009848133552674767,0.18403523670606506,0.18850660249456355,0.03433010879117393,4.830215022663548,4.843548329528579,0.6669283982083472,3.738515492603529,3.7822800896686966,0.6706962051685723,0.18403523670606506,0.18850660249456355,0.03433010879117393,4.830215022663548,4.843548329528579,0.6669283982083472,4.951255897535889,4.774443781081237,0.5284146305729925,4.600122024728419,4.917756957417128,0.7390397275051243,4,1.0,0.982455040097409,0.9820164438215235,0.006240572679968171,0,0.0,0.24718885684068037,0.2527445512749631,0.08418556404142097,6.399156094814341,6.906233176281505,1.6335984446278071,26.08621020572842,26.93330400338231,2.9081416206853334,0.982455040002387,0.9820164438083405,0.006240572552543446,4,4,1000.0,1000.0,0.0,95.60810068975675,100.01568551762239,11.429801457187832,137.28606636452503,135.94765266324492,10.888634691357101,26.541653303450627,27.42828838781962,2.837496785617657
front,log-0122,10.0,oracle-power,training_window,2.893815562291712,2.8309641729507096,0.2016242407829403,0.03467253572866201,0.03277982956580116,0.006894466713362236,0.10978581509770378,0.09877485838752234,0.030073720155222503,3.822766803305848,3.8233461420227974,0.35685501697617256,2.893815562301964,2.8309641728772235,0.20162424088387096,0.10978581509770378,0.09877485838752234,0.030073720155222496,3.822766803305848,3.8233461420227974,0.3568550169761724,3.7462664192104427,3.6895754739637923,0.46794387974765217,3.756454745360865,3.6933335603363333,0.3355477292620925,4,1.0,0.9936086981596886,0.9951093330225896,0.003743129129636656,0,0.0,0.17298325759400693,0.15138526577959827,0.05845891812235117,5.967370816974774,5.7703305230675825,0.7862439195711178,35.79259536307207,37.950877995162934,6.125096433383473,0.9936086981311637,0.9951093329735101,0.0037431290867308703,4,4,1000.0,1000.0,0.0,111.9136452693433,116.39854086745498,11.419863322300388,161.548758974379,168.7517074205241,19.119494914315403,36.00641755888351,38.11460622975865,6.054688255097225
front,log-0129,10.0,oracle-power,training_window,2.6134197186062695,1.9741493986557639,1.4671974332970776,0.05183919874992864,0.039955668799717584,0.035100869901761395,0.17084452649404772,0.14269488656530516,0.11331383147221748,3.4014824413899865,2.8065032132760095,1.6339613520091507,2.6134194357551115,1.9741493986559226,1.4671976637999573,0.17084452649818788,0.14269488656530513,0.11331383147993417,3.4014824414183167,2.8065032132760095,1.633961351982599,3.1259208786630164,2.758746219459238,1.5656299100142013,3.4114141469276085,2.8496837226492246,1.6342701680869658,4,1.0,0.9801700026973434,0.9894005276499326,0.024464812252247982,0,0.0,7.79533565510914,0.1943903203310346,15.27927233718602,56.200993062609385,6.004660021963527,102.65798856500719,25.399929702350157,30.86597575797934,12.84666273067653,0.9801706681778999,0.9894005266544889,0.024463508174703264,4,4,1000.0,1000.0,0.0,84.47774444389836,95.27729458271365,44.0983305725572,113.07929507183837,130.95797123931754,52.994261515373324,25.68570170733637,31.001997823672205,12.793285295046827
front,log-0145-filtered-c01,10.0,oracle-power,training_window,1.9754948229921245,1.9460450575181203,0.4933017159904979,0.048884177540006776,0.048063977656399345,0.020564406286502943,0.1546665099684313,0.14670427534311153,0.05883082200780964,2.6642618927264237,2.5626436292651333,0.5740534834479484,1.9753214923854818,1.9456983962992367,0.49316239553158675,0.15466656414242883,0.1467042753431115,0.05883090781987402,2.664262600072125,2.5626450439565356,0.574053923380512,2.7725093267684833,2.7090692857287992,0.3881357331443108,2.636165777711771,2.6204149592795423,0.5486759562412558,4,1.0,0.9866169003324486,0.9885449849157137,0.009630798499093136,0,0.0,0.18293296486610638,0.17542644791485995,0.0315395976419872,3.2490022534231753,3.2253622714835335,0.30304450008313927,17.98500103460117,18.813753780786868,3.788833497291129,0.9866031998478768,0.988544984834921,0.00965386704163484,4,4,1000.0,1000.0,0.0,58.88992155282108,59.390139523145415,14.447894597774491,100.29976022226575,100.37366615021071,17.252411777239306,18.203501292775446,19.028512503185127,3.689488438297565
front,log-0147-filtered-c02,10.0,oracle-power,training_window,1.9031071039946779,1.7117463273952425,0.4343709558571279,0.05701598068917852,0.053953579573599544,0.020098146689068886,0.1921205687367106,0.1808414258606953,0.07022729736550111,2.8734419242137155,2.614786468426927,0.9433901726099914,1.9031071045004206,1.711746328361837,0.43437095554872385,0.19212056873671063,0.18084142586069532,0.07022729736550112,2.8734419242137155,2.614786468426927,0.9433901726099914,2.8546311213951374,2.4679500004188917,1.1534138433417394,2.8290397781602072,2.4988802266658494,0.9730658484695902,4,1.0,0.9794061823365309,0.982427155958145,0.014343969595523458,0,0.0,0.2000682751845447,0.19027898103357294,0.07457028199069969,2.986630086199138,2.7594612775847165,0.9811728710570299,14.984580192599982,14.894238530389433,2.329138552678392,0.9794061821542631,0.9824271558746198,0.014343969680664977,4,4,993.75,997.0,8.770214744615247,51.29918581997487,50.50484928705666,7.530303535304097,85.10250119688754,86.56580578306642,11.384907563937727,15.287826051893335,15.258667590147956,2.2547254965645536
front,log-0151-filtered-c01,10.0,oracle-power,training_window,2.384311757993485,2.6021234137333806,0.8614326201156491,0.06721796740429993,0.06478498657582618,0.02223424915521269,0.22048606079237193,0.21921149303426427,0.0722486274567035,3.5307074865714623,3.8692527084926347,1.4198129860186193,2.3843114703264745,2.602122838268394,0.8614327278152364,0.22048606079254682,0.21921149303426427,0.07224862745697727,3.530707486573336,3.869252708496383,1.4198129860181645,3.8022269143608005,3.6157999539268952,1.5799441012846291,3.4695625631173965,3.8200471941402343,1.4190493191382856,4,1.0,0.9732748329318761,0.9752232450020801,0.016617197969647234,0,0.0,0.23854699884662,0.225345166811209,0.08479373988008937,3.7715838915515745,4.116889020379224,1.418790937217694,15.965036275015613,14.55695661157094,6.510315650843838,0.973275224354148,0.9752232446525487,0.016616536985448443,4,4,995.5,999.0,7.724420150837645,54.094404821399685,49.470997593949974,22.954612268929523,86.45167223301458,84.77605385595919,19.773220081576397,16.376119889491893,14.895157575246316,6.579863176045869
front,log-0152-filtered-c01,10.0,oracle-power,training_window,2.002545651440794,2.112540802991826,0.9075377207108337,0.07309987146580985,0.07001342222252863,0.02693755481974004,0.2436898439717392,0.2357357993106282,0.07037140334711936,3.2713837490775077,3.3026656673622226,1.6447189967616436,2.0025456517920253,2.112540803293559,0.9075377204225828,0.2436898439717392,0.2357357993106282,0.07037140334711937,3.2713837490775077,3.302665667362223,1.6447189967616436,3.8726120134793485,3.641506216558603,2.353745637175674,3.357367802670213,3.443291539259138,1.6670721356011744,4,1.0,0.9678035608881228,0.9713595287216978,0.018526617626773604,0,0.0,1.0208809198885282,0.31452727236252576,1.5063231582811605,8.030016082978095,4.628719727603372,7.8622575736492495,12.802191192648182,13.958415466929864,4.938939514053827,0.9678035605887607,0.9713595285235065,0.018526617765812322,4,4,997.5,997.0,1.9148542155126762,46.431570961252746,49.006572508821435,21.13936105323413,78.51844568137375,85.02232960561315,30.61440399484612,13.24420448014843,14.646913563711431,5.100688429064672
front,log-0155-filtered-c01,10.0,oracle-power,training_window,1.8990126821952455,1.775133360395039,0.2664158945505785,0.03486988898329405,0.03359097599475853,0.007067939368251647,0.1159361070211687,0.11435652582394928,0.022742148815264103,2.79956090098349,2.7747999447549523,0.2779662899015585,1.8990126821935476,1.7751333603939965,0.26641589455647197,0.1159361070211687,0.11435652582394928,0.022742148815264103,2.79956090098349,2.7747999447549523,0.2779662899015585,4.2800159371088995,3.991961671117259,1.3609479281452126,2.8136140989530403,2.7968328608664597,0.24213757188155818,4,1.0,0.993058699164532,0.9932840668871238,0.002667109014610287,0,0.0,0.12091738406491795,0.11918913635045858,0.0236710243980256,2.919948367074689,2.892263103023553,0.28878412875279,24.33477050613348,24.40174354823991,2.4504429614731134,0.9930586992806156,0.9932840668667291,0.002667108921352714,4,4,999.5,1000.0,1.0,81.53368545203675,83.21574981934674,8.21796311643259,123.94299380542621,121.28490448741258,13.671634226392193,24.500046837977333,24.56277798588787,2.4021528149131304
front,log-0078-valid,20.0,oracle-power,full_log,5.585240480115877,5.578108107457251,0.20519861798894767,0.07969900292921983,0.07897624028437972,0.004078362554960001,0.2521140004306712,0.24982766590884137,0.012901194006790365,7.230461412995188,7.164890863525304,0.3699976411001183,5.733384613741619,5.645620270478128,0.46180063432366203,0.2681234334134374,0.27022504653874757,0.023097517899745557,7.68960127523245,7.749874138229513,0.6624214110473441,6.696493164881945,6.440816692700226,1.119943048318722,6.696493164881945,6.440816692700226,1.119943048318722,4,1.0,0.9712344734769942,0.9715681000775107,0.0011509315878726687,0,0.0,0.2521140004306712,0.24982766590884137,0.012901194006790365,7.230461412995188,7.164890863525304,0.3699976411001183,28.946763237068215,29.226873221029535,2.4954259932250564,1.009324835908866,1.0190917988429513,0.08701129761925319,4,4,1952.0,1952.0,0.0,90.7221062654512,90.7221062654512,0.0,193.85894322332638,193.85894322332638,0.0,28.679333161362813,28.679333161362813,0.0
front,log-0080-valid,20.0,oracle-power,full_log,5.9584647794947205,5.947723452559014,0.1235675173219134,0.07455081280250442,0.07408123142319906,0.0016610188309900487,0.2497371217901116,0.24816407519671466,0.005564232588443308,7.743224705296851,7.6944516067792375,0.1725218218902289,8.039225254903762,6.723165756851598,3.026568731572865,0.3258627991847806,0.28504639062069603,0.08746260697676148,10.103539510259095,8.838006293132766,2.711821992171866,6.821011870861296,6.725281480328541,0.24133711284451229,6.821011870861296,6.725281480328541,0.24133711284451229,4,1.0,0.9687315142712035,0.9689980715060149,0.000982345452192098,0,0.0,0.2497371217901116,0.24816407519671466,0.005564232588443308,7.743224705296851,7.6944516067792375,0.1725218218902289,29.986965863685974,29.68110477152004,1.0092565541962575,0.9671498414468606,0.9572851052765609,0.03255088630197722,4,4,1951.75,1952.0,0.5,103.86506081174115,103.86506081174115,0.0,205.33557480115962,205.33557480115962,0.0,31.00550150411578,31.00550150411578,0.0
front,log-0081,20.0,oracle-power,full_log,7.4472257212826385,7.575631924667565,0.30405721238444045,0.13031119414013279,0.1309624892465404,0.0016931822198955062,0.4440259122098351,0.4462451528947869,0.005769395213415788,9.109242899312942,9.154770878413652,0.11835980949756339,8.400551735557537,7.621501302271486,1.735638734509432,0.5007004474759875,0.4592412945701303,0.08877992540171635,10.271927539440627,9.421388226679223,1.8213304287632166,9.120750829265772,8.715838992851484,1.295712237867353,9.120750829265772,8.715838992851484,1.295712237867353,4,1.0,0.9060258452738017,0.9060148327598045,0.001409107447039235,0,0.0,0.4440259122098351,0.4462451528947869,0.005769395213415788,9.109242899312942,9.154770878413652,0.11835980949756339,21.290446532512327,21.50940941741502,0.6555644921141942,1.0377931566262801,1.048466403106111,0.03195519373463378,4,4,1952.0,1952.0,0.0,69.90376352101518,69.90376352101518,0.0,197.4047490481513,197.4047490481513,0.0,20.515115557058188,20.515115557058188,0.0
front,log-0098,20.0,oracle-power,full_log,6.324537067842302,6.296115667962779,0.23980578366526997,0.09666821212884247,0.09418471482338289,0.008408953397060031,0.32166576316587026,0.31340186711888124,0.02798099139649353,8.759608367972868,8.53456578882858,0.7619789062055441,6.519803017535808,6.485232679818473,0.1649571577839461,0.32594570666507017,0.3196520347250691,0.02626418396354386,8.876159873240496,8.704770475598941,0.7152267725378124,8.236074759383815,8.185573832719797,1.1173608426754076,8.236074759383815,8.185573832719797,1.1173608426754076,4,1.0,0.9467484703922507,0.9495803155603721,0.009412455609794947,0,0.0,0.32166576316587026,0.31340186711888124,0.02798099139649353,8.759608367972868,8.53456578882858,0.7619789062055441,25.851058510695392,25.774796800594345,0.47120746201335556,0.9492890680925193,0.9464886254072418,0.01730343429874765,4,4,2000.0,2000.0,0.0,90.61518957542924,90.61518957542924,0.0,199.7034809556106,199.7034809556106,0.0,27.23201960245886,27.23201960245886,0.0
front,log-0099,20.0,oracle-power,full_log,8.405271929591674,7.162447959201883,2.555938568970507,0.1768690960282251,0.16241508611309674,0.051263348940118705,0.5884721799235504,0.5403813437379297,0.1705614795258476,11.659904667490233,10.707039630816666,3.3794810682058585,8.694506617489475,7.30800755187928,2.9407651071940064,0.644255814473808,0.5404326164751401,0.2667576725257783,12.765193724564465,10.708055541590891,5.2854988512392005,14.024782219733822,13.662032151391358,3.9996982917738033,14.024782219733822,13.662032151391358,3.9996982917738033,4,1.0,0.86139007611885,0.865242588954343,0.033427587314237804,0,0.0,0.5884721799235504,0.5403813437379297,0.1705614795258476,11.659904667490233,10.707039630816666,3.3794810682058585,20.705897082094033,19.026828771282304,5.983519344295545,1.0450209277564628,0.9602788121661977,0.30198657472473556,4,4,2000.0,2000.0,0.0,65.92392299912883,65.92392299912883,0.0,187.74146730164688,187.74146730164688,0.0,19.813858777495643,19.813858777495643,0.0
front,log-0113,20.0,oracle-power,full_log,4.292896965097935,4.313333910808379,0.07570186252196702,0.06574295715748216,0.06666161230008374,0.003161026479312427,0.23011055665685426,0.23332599227733236,0.011064083427510616,5.9926631984834895,6.076401306764486,0.28813682668138907,4.692757314798503,4.687407840898949,0.30833735869551004,0.2544079077701986,0.2555632007586998,0.01240353761733965,6.625427917986129,6.655514680958856,0.32301961496394876,6.972668567834395,7.536955620125402,1.6516613334837476,6.972668567834395,7.536955620125402,1.6516613334837476,4,1.0,0.9752996138196404,0.9742604096879535,0.0021800170077361978,0,0.0,0.23011055665685426,0.23332599227733236,0.011064083427510616,5.9926631984834895,6.076401306764486,0.28813682668138907,27.077905734318087,26.96263089160528,0.2899430552338126,1.039756741744232,1.0353303360967583,0.01113344028002867,4,4,2000.0,2000.0,0.0,91.152930406348,91.152930406348,0.0,196.08948725647684,196.08948725647684,0.0,26.042539227871565,26.042539227871565,0.0
front,log-0115,20.0,oracle-power,full_log,4.420186105118215,4.359539799406463,0.6445645918047942,0.11770014086796404,0.12462209964513997,0.0416203824415513,0.4057467929030079,0.42960880830702175,0.14347762517973797,9.869426458884375,10.449848560327768,3.489964418635096,4.182716717481945,4.149350383142128,0.35768420914772414,0.41092298731518945,0.4311431550456477,0.14923146139862867,9.995332740785969,10.487170167212085,3.629921318879486,7.14944951973475,6.631677508696223,2.4121625962481708,7.14944951973475,6.631677508696223,2.4121625962481708,4,1.0,0.9355081596325814,0.9270856479650416,0.030410639644111444,0,0.0,0.4057467929030079,0.42960880830702175,0.14347762517973797,9.869426458884375,10.449848560327768,3.489964418635096,27.842959833572365,27.655660279782474,2.4101431263908384,1.1446654680961341,1.1369653050138102,0.09908456667104566,4,4,2000.0,2000.0,0.0,83.85229096671934,83.85229096671934,0.0,194.67735718346603,194.67735718346603,0.0,24.324102202438407,24.324102202438407,0.0
front,log-0116,20.0,oracle-power,full_log,4.7719797887153454,4.616209458409509,0.37431611275987625,0.060057180381762415,0.0603304886461222,0.005483267026210263,0.19340784385027981,0.19428800442026123,0.01765828575456577,6.257423675229136,6.2858999638788795,0.5713076219913685,5.177494390233461,4.940737586021066,0.9361532600534943,0.2201226412390755,0.21265880212208624,0.03388209862228803,7.121741286819933,6.880259852204983,1.0962050031935504,6.033028142453334,5.9682435027790754,0.5693830919618375,6.033028142453334,5.9682435027790754,0.5693830919618375,4,1.0,0.9838578497349276,0.98443800712282,0.0019171316463400415,0,0.0,0.19340784385027981,0.19428800442026123,0.01765828575456577,6.257423675229136,6.2858999638788795,0.5713076219913685,30.793783593306685,30.388426351743266,2.4818668779044017,0.951790960287738,0.9392619588729494,0.07671088717855422,4,4,2000.0,2000.0,0.0,104.19109980609964,104.19109980609964,0.0,215.69220856612964,215.69220856612964,0.0,32.353515507225815,32.353515507225815,0.0
front,log-0122,20.0,oracle-power,full_log,5.256466798736728,5.177582685503205,0.6631161978651342,0.07026736035340754,0.06617372519206448,0.017302706792378275,0.22798246890816554,0.21470066856447284,0.05613863667968552,7.572203587993152,7.1310622287510474,1.8645871681571797,5.5700946113210525,5.611184159370387,0.8107279078691003,0.25369969859709357,0.24799331078686143,0.060694930110999724,8.426374962907891,8.236843151720578,2.015919775588695,7.173014005467886,6.867917021856238,1.5901309185624692,7.173014005467886,6.867917021856238,1.5901309185624692,4,1.0,0.9776879925123334,0.979602663260807,0.007871236175450715,0,0.0,0.22798246890816554,0.21470066856447284,0.05613863667968552,7.572203587993152,7.1310622287510474,1.8645871681571797,34.288798928442084,34.492365545742935,3.0397395401274574,1.0323606523201894,1.0384895974099808,0.09151990132633192,4,4,2000.0,2000.0,0.0,107.76274432266965,107.76274432266965,0.0,208.61012873759907,208.61012873759907,0.0,33.213973093007155,33.213973093007155,0.0
front,log-0129,20.0,oracle-power,full_log,5.040847266418989,4.6756563898808885,0.9184261784646516,0.07032526237305539,0.06250833502877304,0.021863091570273028,0.23656278792479685,0.21026791090379737,0.07354389759803473,7.615601397493622,6.769097583665953,2.3675786637362872,5.089344220006259,4.867981114820312,0.734620628485948,0.24741626603783978,0.21270591160085422,0.08899099685187249,7.965004462153277,6.847583476051947,2.864862922586613,8.019922026605158,7.095394268248013,2.674377970729997,8.019922026605158,7.095394268248013,2.674377970729997,4,1.0,0.9768749203627727,0.980185164224586,0.00929654104241273,0,0.0,0.23656278792479685,0.21026791090379737,0.07354389759803473,7.615601397493622,6.769097583665953,2.3675786637362872,33.86999248469816,33.65555572911748,3.187309425552986,1.05210073781029,1.045439706844251,0.09900712554834427,4,4,2000.0,2000.0,0.0,108.29111958509354,108.29111958509354,0.0,210.7056267839625,210.7056267839625,0.0,32.19272762339365,32.19272762339365,0.0
front,log-0145-filtered-c01,20.0,oracle-power,full_log,2.9398973385613534,2.9604834273561735,0.11162795552113107,0.06390442142150055,0.06446692724199642,0.0022579047436905946,0.21719999540200208,0.21911185468978836,0.007674224866430854,3.8241533242420376,3.8578146649678464,0.13511700347702654,3.051537165615091,3.0236390842380123,0.22478265774862188,0.23229842575105686,0.23700896583537517,0.018272600028187272,4.089985340045305,4.172921932604069,0.32171834999814836,6.505733680260638,6.468372243861939,2.6243357257542566,4.500525152124273,4.430647904879059,1.0290239277273316,4,1.0,0.9779209974908132,0.9785072820566814,0.0015686957152552877,0,0.0,0.21719999540200208,0.21911185468978836,0.007674224866430854,3.8241533242420376,3.8578146649678464,0.13511700347702654,17.583314999259866,17.836061310707787,1.1348668439742522,0.9986775145183692,1.013032717626038,0.06445690127812756,4,4,2000.0,2000.0,0.0,59.841764297006954,59.841764297006954,0.0,126.23251970541182,126.23251970541182,0.0,17.606599471441736,17.606599471441736,0.0
front,log-0147-filtered-c02,20.0,oracle-power,full_log,2.757949150903934,2.7041415970811693,0.16353094863096632,0.0933157488311004,0.07128983180617927,0.04589805309544401,0.3249139520203611,0.2482224199147479,0.15981137169325146,5.706658387822628,4.359679065315603,2.8068628603722816,2.795512742138569,2.833528020517979,0.12441709731025284,0.32892894221752145,0.25360176921142863,0.15753067698153725,5.777176065943803,4.454159799657868,2.766805652838606,19.668350239483182,21.78514506792034,6.706090461566395,6.662945332357728,6.444929180658042,1.3787005595323854,4,1.0,0.947447366621598,0.969468769635393,0.04576474039701045,0,0.0,0.3249139520203611,0.2482224199147479,0.15981137169325146,5.706658387822628,4.359679065315603,2.8068628603722816,18.43021775548704,17.901002622542276,1.5711839485754193,1.0493417479324412,1.0192103875760923,0.0894568329465707,4,4,1991.0,1993.0,8.48528137423857,61.15429023831297,61.15429023831297,0.0,143.8427936441168,143.8427936441168,0.0,17.563599077041214,17.563599077041214,0.0
front,log-0151-filtered-c01,20.0,oracle-power,full_log,3.4973479988749427,3.46911202920651,0.11093519082432822,0.09926603274223281,0.08048721895257412,0.03865259457295972,0.32796337761771904,0.26592037027699744,0.1277036577330938,6.31854645635182,5.123225115835943,2.4603402364429443,3.7086272124422948,3.6709433129984284,0.22328649451595242,0.33392572873739973,0.27554143398197306,0.12417657013486708,6.433417186164513,5.308584647198827,2.392387323508271,19.87934917821172,9.03909124780589,23.451846229005888,9.172658951430996,6.808566761904074,5.414136503869443,4,1.0,0.9567824384166269,0.9644439330245775,0.016873600637905113,0,0.0,0.32796337761771904,0.26592037027699744,0.1277036577330938,6.31854645635182,5.123225115835943,2.4603402364429443,19.897057959021197,18.551189279932643,3.508524679779303,1.0327543491171522,0.9628972006617411,0.18210954250068373,4,4,1989.75,1989.5,7.932002689527196,63.65265420407588,63.65265420407588,0.0,164.33409863644093,164.33409863644093,0.0,19.26601226712834,19.26601226712834,0.0
front,log-0152-filtered-c01,20.0,oracle-power,full_log,2.80400021009381,2.7888061502035892,0.18393985915895628,0.07034099054437527,0.0698908168539769,0.002729363863056845,0.24545084689113617,0.24387999165152052,0.009523958455471809,4.4173051215421735,4.389034911913468,0.17139981790883657,3.00591134751765,2.9645233596935863,0.18171619550991822,0.25291594828416625,0.2502483037173724,0.015117885867869735,4.551652307685266,4.503643510174052,0.27207204830158876,5.702829948040192,5.78029428479343,1.124808511011692,5.702829948040192,5.78029428479343,1.124808511011692,4,1.0,0.9698284212089143,0.9704712509522705,0.0026676734975470667,0,0.0,0.24545084689113617,0.24387999165152052,0.009523958455471809,4.4173051215421735,4.389034911913468,0.17139981790883657,17.584020990352528,17.54101964168831,0.6089136166745566,0.9770692141652946,0.9746798122207425,0.03383473832664184,4,4,1994.75,1995.5,2.6299556396765835,62.798449202325,62.798449202325,0.0,120.36651931469572,120.36651931469572,0.0,17.996699451199543,17.996699451199543,0.0
front,log-0155-filtered-c01,20.0,oracle-power,full_log,2.3303603486634192,2.350731127419066,0.09056673784359094,0.0476973328297021,0.04745898673472579,0.0006211515156177567,0.15781438604522036,0.15702577921097113,0.0020551808510607364,4.184905879527006,4.163993683497305,0.05449907731878704,2.3732508738056013,2.377704312431435,0.07245629896788973,0.15893383165479547,0.15809597103694922,0.0018902114893027074,4.214591224638568,4.192372921772034,0.05012443651915064,5.340649022683768,5.314590576472784,0.239619386394003,5.340649022683768,5.314590576472784,0.239619386394003,4,1.0,0.9876952850341307,0.9876970924293714,3.3725222209485824e-05,0,0.0,0.15781438604522036,0.15702577921097113,0.0020551808510607364,4.184905879527006,4.163993683497305,0.05449907731878704,26.625665766986103,26.551309172776854,0.41372738585622826,1.0040639424218232,1.001259927086388,0.015601816449065357,4,4,1999.0,1999.0,0.816496580927726,87.73878184066888,87.73878184066888,0.0,168.93012807396792,168.93012807396792,0.0,26.51789855411444,26.51789855411444,0.0
front,log-0078-valid,20.0,oracle-power,full_log_excluding_training,5.649209418139533,5.513463850670265,0.34637175421379923,0.08104146813528304,0.07924551158340626,0.004833742494477405,0.25483229504104515,0.24853519028391152,0.01594365259667641,7.2953551799948775,7.144018890837666,0.5140503011271419,5.901406377320021,5.863463919790021,0.5198165403008708,0.27533814465048045,0.27499438676658683,0.025241684950437934,7.889090885334289,7.9115052267953825,0.8492048897257041,6.7561777417577344,6.409275521554672,1.287848195113142,6.7561777417577344,6.409275521554672,1.287848195113142,4,1.0,0.9714804838401612,0.9710586469627238,0.0014861168398381819,0,0.0,0.25519979269699117,0.2490106983571554,0.01603925977606453,7.305998910857743,7.15781731460463,0.5188285272211253,28.994548013772473,28.712294452701286,2.496680225461086,1.0139411423263773,1.0255949466969179,0.09637322459630884,4,4,1952.0,1952.0,0.0,89.99802314975324,89.80824454922208,2.3994500068012727,193.85894322332638,193.85894322332638,0.0,28.625232956426437,28.4920871840894,0.7908426893945701
front,log-0080-valid,20.0,oracle-power,full_log_excluding_training,5.8978303940035985,5.866884044494883,0.2133032560569977,0.07403791332677112,0.07400619752084242,0.004190230116566996,0.24829066821784995,0.2480261427938422,0.013612097283441413,7.650533352981418,7.642344056619178,0.3375311743017071,8.23859491676614,6.8536615590099,3.1479387389730205,0.3334067020665499,0.29618860799128416,0.08726998941319039,10.291003642838609,9.006311121234692,2.7826806118769474,6.76182066607182,6.761008480412141,0.03977185418721124,6.76182066607182,6.761008480412141,0.03977185418721124,4,1.0,0.9692814620477264,0.9688652473023278,0.0032925939204232883,0,0.0,0.24861565426622478,0.24814080588754045,0.013277001297063268,7.660626065803602,7.645870998048114,0.3267178990027449,29.83175154986763,29.578003110998893,0.8964364777086687,0.9680215594574689,0.9598697693267839,0.038579368288395706,4,4,1951.75,1952.0,0.5,103.39352646217763,103.49249734866791,1.8149403754487046,205.33557480115962,205.33557480115962,0.0,30.828035752768315,30.83569320546213,0.49365026164090414
front,log-0081,20.0,oracle-power,full_log_excluding_training,7.473971879887721,7.629621986188012,0.3838523506482781,0.130590150477843,0.13178445390520846,0.0030234361833541296,0.4450136614226898,0.4489244367044898,0.010289442871998105,9.13651647451617,9.197120525892533,0.17087414256599143,8.495992171145577,7.679648555675248,1.7893446750701663,0.5037617176223371,0.4634138792305593,0.08771671362612672,10.350369992426913,9.503218632784643,1.8626478708541045,9.140641689650058,8.797338663902739,1.2416513110302312,9.140641689650058,8.797338663902739,1.2416513110302312,4,1.0,0.9058235748833033,0.905874270836895,0.0009584316153420043,0,0.0,0.4450531889164352,0.44892806414311587,0.010223396365523356,9.137333363216104,9.197194864381274,0.16955546015337855,21.33068058337298,21.49519720641577,0.6200430602767651,1.0389817772353465,1.0512439277389323,0.03428741799573379,4,4,1952.0,1952.0,0.0,69.96952728323696,69.96710276882436,0.4786529883748619,197.4047490481513,197.4047490481513,0.0,20.532566800962833,20.507482208170682,0.11549591184997982
front,log-0098,20.0,oracle-power,full_log_excluding_training,6.327438453180738,6.28806079241603,0.1799988565445737,0.09734075404816883,0.09542705234548045,0.007177612237185629,0.323959534193554,0.317078248365099,0.022521933130054385,8.814625861816813,8.659317862730635,0.6519558365136755,6.556446028868112,6.516355402183913,0.22445358247744554,0.32898385951602527,0.32438691020424015,0.02040245978749925,8.951606475024139,8.859083589589892,0.6056229371078107,8.282618403691997,8.228827128684172,1.101952463536224,8.282618403691997,8.228827128684172,1.101952463536224,4,1.0,0.946133118424854,0.9484157811456411,0.007475217461911812,0,0.0,0.32399566090571175,0.3171308665655682,0.02250583558885182,8.815610816453631,8.66075607574865,0.6515937082226689,25.824488558339176,25.64181346844088,0.522313587039251,0.9493746633734789,0.943855609725294,0.020327549422266288,4,4,2000.0,2000.0,0.0,90.55304785245687,90.38146925258195,0.4027811850120795,193.95688853400526,199.7034809556106,11.493184843210699,27.203939918176935,27.109444859369564,0.36903661425586826
front,log-0099,20.0,oracle-power,full_log_excluding_training,8.454581586104535,7.196470561057573,2.574861552942219,0.1777281858030612,0.16285272082696495,0.05213946253642229,0.590919379961392,0.5421663496097482,0.1725831599430185,11.73569600598833,10.807785557446023,3.4108187593975607,8.81704509864761,7.343443911076627,3.094317208826783,0.6496877370246057,0.5422200180712505,0.27379121316940136,12.900216888672478,10.808857959288886,5.413074222474786,14.124983281615485,13.711068880030066,4.096674242508265,14.124983281615485,13.711068880030066,4.096674242508265,4,1.0,0.8612063903208764,0.8661606486920301,0.03382500426008303,0,0.0,0.5909827561044618,0.5421664010395992,0.17268906175371798,11.736951855933121,10.807786585116073,3.412911260209272,20.800795318675746,19.0540420268042,6.050281775162613,1.0476344910153017,0.9611868962910339,0.30692804825141207,4,4,2000.0,2000.0,0.0,66.06218692175423,65.98763710026608,0.41216410015748983,187.74146730164688,187.74146730164688,0.0,19.86456821667322,19.851108882247082,0.10410544320177373
front,log-0113,20.0,oracle-power,full_log_excluding_training,4.346389181410569,4.4387291568761045,0.18934929064145695,0.06656046781103613,0.06735686216163628,0.00298320630999846,0.230375688929553,0.23285384714026086,0.009847214211270806,6.05482160601014,6.183280559104645,0.44855015578545493,4.824010074606011,4.865737162565257,0.24192435715785193,0.2585703499562818,0.26223477998999756,0.013082285031637598,6.7876622941895395,6.786041888724977,0.38728026448022146,6.900574067035574,7.533204815208364,1.7336418834743919,6.900574067035574,7.533204815208364,1.7336418834743919,4,1.0,0.9753536775308921,0.9744055175921194,0.0020073897741180427,0,0.0,0.2305524049876383,0.23307424623231734,0.009763367504463357,6.059413639882964,6.189133066875038,0.44660594307961055,27.344571250041533,27.443278430631082,0.9944408816234614,1.0414441740504137,1.0378948503649812,0.011190932166470602,4,4,2000.0,2000.0,0.0,90.87446749224422,91.79882139204506,2.769344912277374,194.46691457816982,196.08948725647684,3.245145356614074,26.255102642193087,26.55433813730957,0.8570859206961037
front,log-0115,20.0,oracle-power,full_log_excluding_training,4.569958202591211,4.45313260874974,0.8041134392078196,0.12218083437578647,0.12649618269402338,0.04044905623292964,0.42391345968000127,0.4421303280451455,0.14385599157624485,10.317033469070253,10.941614296705062,3.766778347313012,4.336067826492032,4.230453892517596,0.5174267050126622,0.4300812107142565,0.44394845288784013,0.15091678346060686,10.46790636067042,10.986609696141326,3.9340163497451326,7.56151370936212,7.016890711743548,2.7043530432051983,7.56151370936212,7.016890711743548,2.7043530432051983,4,1.0,0.9324548945635249,0.9248382521410641,0.030087513771839377,0,0.0,0.4239892572946511,0.442152403477888,0.14394155690849558,10.318887648889447,10.942160624961495,3.768802331445856,28.020564311048958,28.46538357314398,3.520572609718242,1.1608978645720884,1.1502326530257598,0.10451591711434843,4,4,2000.0,2000.0,0.0,83.32605088560085,85.81787898834489,5.4744305422092285,193.70566054829436,194.67735718346603,1.9433932703433643,24.082857748220867,24.62855792817653,1.1816070511775878
front,log-0116,20.0,oracle-power,full_log_excluding_training,4.795264787113689,4.709119770329573,0.3547613331889081,0.060045183714748554,0.0598884583732488,0.005646403005267395,0.1920034068458412,0.1912792756764044,0.019306444233130084,6.2516968828528485,6.228050528713107,0.6466615702082589,5.331160770749956,5.00150673626745,0.9921398293984763,0.2244646688735601,0.21810587094538963,0.03650301322311038,7.309237622561,7.102002542943131,1.2067835866330714,6.028610665392964,6.019131263907201,0.5672631465926605,6.028610665392964,6.019131263907201,0.5672631465926605,4,1.0,0.9846277992611605,0.9857136747981459,0.002986077267414129,0,0.0,0.19237360423356503,0.19185437245125103,0.019406706863928546,6.263758293592561,6.246792806626896,0.6499896944438647,30.871327866797913,30.372029051412287,2.67669951523767,0.948296258171021,0.9353839101093411,0.08138954549347294,4,4,2000.0,2000.0,0.0,104.0483314847418,104.1651957003607,1.0972505215526314,213.89097234961736,214.43392572712872,2.2609875859831616,32.55321815870155,32.554961911909515,0.0961411262651097
front,log-0122,20.0,oracle-power,full_log_excluding_training,5.3217308448979885,5.197773751308137,0.711927509464171,0.07124699513421551,0.06653647212415793,0.018503218439376592,0.2311014467072027,0.2155840371493159,0.059114425957183865,7.656807721875439,7.157785278355789,1.9662715014390508,5.711199145823651,5.788651802454801,0.8604801961560089,0.2596848454497477,0.2527054071536821,0.06290155077249818,8.607602174766662,8.395378862185447,2.1080938559981663,7.254690183091871,6.913370142850614,1.659924106278509,7.254690183091871,6.913370142850614,1.659924106278509,4,1.0,0.9773898553682606,0.9794886637114409,0.008422879441360411,0,0.0,0.23120716077989723,0.21572489798437144,0.05910917612904489,7.660325115787443,7.162482455590385,1.9661555035943348,34.26094675958,34.326806162499004,3.115584895570703,1.034445090498255,1.0418162440711258,0.09631115305825798,4,4,2000.0,2000.0,0.0,107.52949883764582,107.42003122988434,0.4817668971131313,208.3172371965101,208.61012873759907,0.5857830821779828,33.1268119279952,33.10723682095178,0.23771222679930773
front,log-0129,20.0,oracle-power,full_log_excluding_training,5.114879303404947,4.724475865391043,0.9295023471715056,0.0713914950295666,0.06339015547832966,0.02233529857119518,0.24108263370555982,0.21416115181603573,0.07293022172148628,7.726794538817805,6.855424582337221,2.39591754863375,5.191748516668677,4.930937082731624,0.7721326756344739,0.25277283665721145,0.21684511800590844,0.08966433456192292,8.102868805987544,6.938872442670632,2.934398834196903,8.154416531350012,7.226908525830782,2.6054229716380184,8.154416531350012,7.226908525830782,2.6054229716380184,4,1.0,0.976220584513276,0.9796654216880856,0.009065720848633751,0,0.0,0.24110726609853111,0.21416197796086714,0.07296516508461387,7.727587027803448,6.85545083723367,2.3970414671430964,33.71056658018279,33.497298135534294,3.5464883041007913,1.0529082594793095,1.0472408791144847,0.10290522279404574,4,4,2000.0,2000.0,0.0,108.29717788756133,108.15282029637399,0.4231552099729159,210.7056267839625,210.7056267839625,0.0,31.999382023091336,31.989164623523035,0.26740410577407664
front,log-0145-filtered-c01,20.0,oracle-power,full_log_excluding_training,2.943230281265302,2.9760170655412908,0.0880304474538291,0.06401153023161682,0.06443009500466748,0.0030494392007209023,0.21794575667317814,0.21917585452674795,0.009593217699598715,3.8302787324739302,3.852380632188532,0.12285097788958606,3.075373189579485,3.0621232086762804,0.21779262197752658,0.23478733360979226,0.23865943489754787,0.020631958211282005,4.125648800828379,4.18503985615795,0.33266417596408887,6.5199609846658255,6.487314295392847,2.626538875638161,4.507854167113608,4.460400843714428,1.05804779568055,4,1.0,0.9779952860792,0.9788065302929208,0.0020057663198726106,0,0.0,0.21799755331182824,0.2192657607941842,0.00961186174795256,3.8311871626599006,3.8539595973206526,0.12321060634622703,17.577652617379762,17.843763850085182,1.0848535070213483,1.0001558005376319,1.0149057741282246,0.06807889333878323,4,4,2000.0,2000.0,0.0,59.871543394313576,59.80607297864752,0.9845557838255246,126.12093269131103,126.23251970541182,0.2231740282015977,17.58154292288371,17.57909450696659,0.2206668658304613
front,log-0147-filtered-c02,20.0,oracle-power,full_log_excluding_training,2.796291855338959,2.725435416131918,0.19034570905425566,0.094944009882536,0.07240375655444262,0.047574034040303616,0.3303044266378981,0.25179104572600297,0.16550042672843177,5.811212809372417,4.413437988074024,2.925222712518235,2.841721645489336,2.874025225530734,0.13608961963008007,0.3347684010469852,0.2577796343577161,0.16296610703613332,5.889601281527261,4.5183766375599745,2.8805951418311424,19.71776258500627,21.824002355890805,6.647081320953281,6.76389106773078,6.516877441934687,1.424015800909457,4,1.0,0.9459297373699338,0.9687049368491207,0.04765169148335137,0,0.0,0.33031925906575305,0.2518110353608524,0.16549200572880884,5.81147326463792,4.413788267301952,2.9250744307706693,18.51220478626653,17.9044118194858,1.6742280246570127,1.0526936085398206,1.0211374976183811,0.09321694223730154,4,4,1991.0,1993.0,8.48528137423857,61.17686959929122,61.370823688038755,0.5714863981563028,143.8427936441168,143.8427936441168,0.0,17.583843662522234,17.63448591961285,0.12087913730516865
front,log-0151-filtered-c01,20.0,oracle-power,full_log_excluding_training,3.554720485181471,3.4648155845534814,0.5422843151693328,0.10032177572078163,0.07929077955439971,0.04298940033734189,0.32946394975020954,0.26306440632530514,0.13892709845255258,6.566031123029294,5.124684910414965,3.1141784163086546,3.8800338024055936,3.8951242207551116,0.30138631974606866,0.3395273789782546,0.28188055363388276,0.13301831000177206,6.7564500006343104,5.430637054747002,2.993135854691808,19.83190936685273,9.013120296384834,23.48849703862818,8.870047832811787,6.379820836846603,5.73752090634575,4,1.0,0.9576975721548098,0.9647856619308877,0.01766089242495735,0,0.0,0.3299548627543927,0.2639839097676392,0.138614283272581,6.575321035299951,5.139707995601729,3.107896407100853,20.533954715099522,18.489541874383374,4.8157175290058865,1.0382571692670688,0.9631421780590448,0.19510649709041697,4,4,1989.75,1989.5,7.932002689527196,64.7376155046474,64.97804129529123,3.8604348001417303,159.58986886342407,164.1172283873912,9.201571217836776,19.692069541621006,19.922330578524644,1.41002429580574
front,log-0152-filtered-c01,20.0,oracle-power,full_log_excluding_training,2.8614474943748065,2.8314419618847215,0.23037116745395,0.0703964174745971,0.07178918753996569,0.0034284943214527583,0.24724282580016405,0.2500987130476956,0.011216919510319601,4.496053326524566,4.486808100729419,0.23717078257974952,3.1137199326380838,3.0608897937425428,0.27227178008760644,0.2564786594393286,0.25813235814603797,0.01734305990544859,4.665467358932256,4.631599752434507,0.36781488361668596,5.7024308194026565,5.821971755762107,1.159115885267976,5.7024308194026565,5.821971755762107,1.159115885267976,4,1.0,0.9694637721969533,0.969008123629572,0.0029548219699529967,0,0.0,0.2473869366268468,0.2502230103493022,0.011303732094008617,4.498697262907423,4.48904853466865,0.23919994856568247,17.74563004407724,17.670950496895227,0.549648602750122,0.9762641163916846,0.9730119590427775,0.036635328767694327,4,4,1994.75,1995.5,2.6299556396765835,63.87766366440319,63.794137538855985,1.746621685778895,120.36651931469572,120.36651931469572,0.0,18.183120378055776,18.193704270560776,0.37813485639192673
front,log-0155-filtered-c01,20.0,oracle-power,full_log_excluding_training,2.3541434529394816,2.379998627125592,0.10833086226397887,0.049409028731511206,0.04925657843460424,0.0006610274376604613,0.1630744157372432,0.162547434966131,0.001622707210130856,4.310341344873579,4.292509358238066,0.0914115980664901,2.4080784146465404,2.4154956618405476,0.09286537466293457,0.1645756465647664,0.1647818123289707,0.0019308642442344085,4.3498826314549826,4.330042533039139,0.08740224130751664,5.425049154034545,5.386364430082901,0.22269353168070036,5.425049154034545,5.386364430082901,0.22269353168070036,4,1.0,0.986912935376362,0.9868899165519822,0.0002113557400922391,0,0.0,0.16310687267736307,0.16259579621536124,0.0016239157806540163,4.311196223754129,4.2933213724396655,0.09125190667525357,26.582596971536535,26.533326166116204,0.833385793132393,1.005591894273637,1.0026333003714936,0.018215587376328276,4,4,1999.0,1999.0,0.816496580927726,87.23501452845761,87.56180813610553,1.1655196110435213,168.6043283862296,168.93012807396792,0.651599375476593,26.43012537407876,26.46319150094135,0.3586258838678014
front,log-0078-valid,20.0,oracle-power,training_window,4.6128378335065445,5.029479633033317,1.3052923167486357,0.0669288018098004,0.06290470003626078,0.02637761178016883,0.22169286950093484,0.2084622296269192,0.08534404552272794,5.953266913959304,6.569786177478914,1.5830058945484595,4.612837831844265,5.029479633652312,1.3052923148770679,0.22169286950093486,0.2084622296269192,0.08534404552272798,5.953266913959304,6.569786177478915,1.5830058945484602,5.558311884205164,5.611914967474986,0.9929902003175763,5.893904286507295,6.427361009661502,1.722772736165701,4,1.0,0.9721356255625017,0.9778132067374515,0.02135080154642567,0,0.0,0.24613621355902915,0.21570795736412868,0.08778863550350484,6.577143474508491,6.819986171349912,1.2322469867236363,27.147541704769232,28.452176754819142,5.436671458580122,0.9721356257153685,0.977813206563368,0.021350801020252184,4,4,1952.0,1952.0,0.0,92.58593095979741,97.19979074694203,17.367535233504587,156.3655898934847,154.71038922770063,28.33983018438464,27.86050029558351,28.9817389659392,5.198770237373789
front,log-0080-valid,20.0,oracle-power,training_window,4.4766551529365035,4.391556078629936,0.9488865368297166,0.07201540820202737,0.07848729467385912,0.015010757978474782,0.21547039381226435,0.22667867033222966,0.05108212930892259,5.754618467344586,5.665770316823959,1.1225037650457408,4.476655152930283,4.391556078636913,0.9488865368011933,0.21547039381226435,0.22667867033222966,0.05108212930892259,5.754618467344586,5.665770316823959,1.1225037650457408,4.876284825736887,4.922886759541932,1.3672757422880022,5.222018061105764,5.076178623860473,1.4967440576654412,4,1.0,0.9754647116087248,0.9738293652797838,0.010587278242917584,0,0.0,0.31584897122928257,0.2810933115967421,0.1342010671394737,8.478065040169836,7.029077603229371,3.6148214815774216,26.422727190308322,25.54251758766977,2.966857287180664,0.9754647115305313,0.9738293651660785,0.010587278295631324,4,4,1951.75,1952.0,0.5,80.92721383271028,83.64323530336682,11.28844304263277,156.7429363364002,157.40893361415294,8.352931516085643,27.07191783157369,26.3053939566318,2.812852300230933
front,log-0081,20.0,oracle-power,training_window,4.449063335323708,3.7099612565782327,1.6708876539763495,0.0923366163567788,0.09160809181690249,0.026014444495955472,0.3110154841381147,0.30580090048269726,0.08342461011622461,5.769718452241551,4.959755487401596,2.0028949287390057,4.449063455150664,3.7099612565876603,1.670887558988361,0.31101548413813895,0.30580090048269726,0.08342461011625858,5.76971845224182,4.959755487401596,2.0028949287387654,5.4035410308180225,4.699782566728197,1.639580201608581,5.762564080060518,4.944500528996483,1.655852854816872,4,1.0,0.9473519409822984,0.9500236226133605,0.027662715307653782,0,0.0,0.4572198858874748,0.3153930136558052,0.3254782509736455,7.508432768430506,7.3232317897846375,2.5647377518818297,18.162472110079488,20.117518202394745,5.577493248874592,0.9473520124856709,0.9500236216821547,0.027662610031047266,4,4,1952.0,1952.0,0.0,64.55705504059642,71.03222141625488,19.177405035847812,117.97934828389107,120.26576415660142,12.874546122486894,19.10741592624529,20.720304151664926,5.705167168897
front,log-0098,20.0,oracle-power,training_window,6.1221164149739185,5.325920112305334,1.7152392339303935,0.08897229994590945,0.08352860477335929,0.024013273582283553,0.2970849820117681,0.2824230541228611,0.08816332344641532,7.8740803588954105,6.806024092081346,2.2358774684363194,6.122116415546312,5.325920112556478,1.7152392348254695,0.2970849820117681,0.2824230541228611,0.08816332344641535,7.874080358895411,6.806024092081346,2.2358774684363203,7.18999631527762,6.59962788549155,1.2776054678192366,7.774017545032005,7.039957475773091,1.57164600137741,4,1.0,0.9514649221787359,0.9578962367610822,0.028877595136295724,0,0.0,0.3027699340728263,0.2904961227376236,0.08704634206076525,8.017463560772534,7.018693563841321,2.1523503553163956,25.689171896424284,26.56351585644107,4.478360198987388,0.9514649220918171,0.9578962366533577,0.028877595204975764,4,4,2000.0,2000.0,0.0,89.16266861247284,93.91149995887805,11.726302026580859,155.10841157489,151.89818481285374,33.99446694907023,26.960023799070296,28.145197477178243,4.302395403992393
front,log-0099,20.0,oracle-power,training_window,4.858439462626991,5.188795995541912,2.101247716008172,0.11246259473388506,0.12401381865339907,0.05281843707970589,0.36558682329194025,0.4100551464576446,0.1609687630200229,6.2078368701142255,6.827262754275861,2.538932113255021,4.85843946483411,5.188795998158861,2.1012477174062094,0.36558682329194025,0.4100551464576446,0.16096876302002291,6.2078368701142255,6.827262754275861,2.5389321132550213,7.715400141522486,9.058470461900468,3.5577716586977917,7.441979399984556,8.042584828796748,3.722649825129115,4,1.0,0.91910644382282,0.911945412566924,0.053621047578101814,0,0.0,0.49682952834183036,0.46550461953242017,0.10864150630813427,8.778589780858002,8.031902337608635,2.7548092332940195,16.377704213294308,17.425123889131164,4.130671043539687,0.9191064428680543,0.9119454125513767,0.05362104889284231,4,4,2000.0,2000.0,0.0,58.87955676202844,62.31847095182615,14.633858686175934,114.98503923813601,113.35238586223026,12.018507918012103,17.70337610925101,18.31769352479563,3.82768392467881
front,log-0113,20.0,oracle-power,training_window,3.09993943964756,2.5232923578316258,1.3504447938593345,0.058979946138839445,0.051459624039703895,0.020010793141485735,0.1911944783942499,0.17568932849360563,0.04059918445295757,3.840836919655281,3.0787815029142083,1.78865197617627,3.099939448154494,2.523292357817472,1.3504447866062597,0.19119447839435189,0.17568932849360563,0.040599184453155655,3.840836919656379,3.0787815029142083,1.7886519761753326,3.7212299146185606,2.9862109902402016,1.574359376966547,3.911482924496519,3.142958287351214,1.8543397647379414,4,1.0,0.9808935634899196,0.9843998259343729,0.008661655108587176,0,0.0,0.23565223480740435,0.2400662104643448,0.020932205230257014,4.748565771743186,4.487924651409321,1.8629291907305634,20.46947711645552,18.43911852147169,10.134067856397355,0.9808935397323507,0.9843998258885827,0.008661701661513897,4,4,2000.0,2000.0,0.0,70.00446536082706,67.72501567293571,34.06142837907346,127.58131014777042,107.10632667262209,45.794014072103934,20.834732410305058,18.69440960069367,10.269008901481484
front,log-0115,20.0,oracle-power,training_window,2.9429496767360543,3.432396915867619,1.050409062245094,0.05701748621881428,0.05925104704423974,0.026748358017396234,0.17077184909434248,0.1783877000851042,0.07592253652001509,4.038951528260856,4.63699988371679,1.3410655929844215,2.9429496766898935,3.432396915793143,1.050409062220588,0.17077184909434248,0.1783877000851042,0.07592253652001509,4.038951528260856,4.63699988371679,1.3410655929844215,3.660272298326588,4.131587878898669,0.9897037955409747,4.1266018022096596,4.594241318083437,1.2231512342768387,4,1.0,0.9830499177772417,0.9822793449050069,0.012995437729330931,0,0.0,0.19364310620638928,0.20587469470539838,0.056858420055429855,4.555149808974225,4.690838855498271,0.46337628076649895,24.68809420089284,21.29736556064269,7.8854393994623875,0.9830499177023522,0.9822793447014844,0.012995437589183928,4,4,2000.0,2000.0,0.0,76.32380924995128,64.92680116029368,26.207372225550223,162.30607483210997,161.54195626230785,24.663504854981973,25.067554308936764,21.631731171684336,7.781756826793888
front,log-0116,20.0,oracle-power,training_window,3.809479516938186,4.134883531133562,1.0506779442481646,0.047786738627342215,0.05008115486222582,0.008654198046330929,0.16690525308249043,0.17812592617216216,0.03238586543110605,4.986172689291202,5.344216776888786,1.1373647887751959,3.809479437685371,4.134883531325397,1.0506780984719968,0.16690525308249476,0.17812592617216216,0.032385865431097775,4.986172689291322,5.344216776888786,1.137364788774964,4.911771275749271,5.262795834920505,0.9082543764561358,5.1578102103324275,5.459708941413073,1.021092043266144,4,1.0,0.9855641663110761,0.9839682824397271,0.005069828035738457,0,0.0,0.2028041259937765,0.20013320838791515,0.04641133297966895,6.039946147897452,6.202847650583923,1.4475119383159907,29.26657671285581,29.5217563580509,1.477623040264937,0.9855641882272322,0.9839682821312322,0.005069870201399416,4,4,2000.0,2000.0,0.0,103.56890751059188,105.26030047568261,7.432287491314039,171.78481107694262,171.19051687532806,19.386401112320645,29.699756100176074,30.047709440627266,1.6027523539120692
front,log-0122,20.0,oracle-power,training_window,3.279615255114906,3.349224258607131,0.8395339908844108,0.03886312172516409,0.0371335028568317,0.012189002715948886,0.1282334093587472,0.11776152513261393,0.043990601705108726,4.287434563533315,4.322576926469142,1.1146201222896288,3.279615255007636,3.349224258412444,0.8395339908573595,0.1282334093587472,0.11776152513261393,0.043990601705108726,4.287434563533315,4.322576926469142,1.1146201222896288,4.265706907443715,4.234485532270844,1.114088346539418,4.375434027921256,4.175057637763079,1.2608721996278367,4,1.0,0.9909965941417712,0.9930405020378201,0.0063836608993039536,0,0.0,0.17104652295334158,0.15175597557342024,0.05862939811173761,5.673146854523469,5.237102910899818,1.2833532558297895,33.741913506110265,34.40687690296413,3.620915144183745,0.9909965940467557,0.9930405019193882,0.00638366096626853,4,4,2000.0,2000.0,0.0,111.49942666211987,113.92911110337113,7.01728522833175,172.96596308259592,174.08295436791175,5.383961048867285,34.036008749502884,34.59847053340022,3.505040977378413
front,log-0129,20.0,oracle-power,training_window,2.907262264310096,2.288040656567758,1.5583396077103255,0.03550427621678622,0.032286070052470986,0.014065502413201538,0.11698299831478234,0.10271472028245787,0.06022389974352579,3.7051915621276286,3.180415798175647,1.7210549575541538,2.90726226457512,2.288040656568118,1.5583396082294925,0.11698299831478234,0.10271472028245787,0.06022389974352579,3.7051915621276286,3.180415798175647,1.7210549575541538,3.6323931229546527,3.1333380803903244,1.7237212329761051,3.6853330833657867,3.239218001212592,1.6789229742211995,4,1.0,0.9917395785784737,0.994244644130214,0.007949659199074914,0,0.0,0.14441632219684725,0.14193476567920973,0.07751406191220074,4.503081776415984,4.4899389785124,2.0224213923441376,32.403653970927536,31.503976068342258,4.42126050668359,0.991739578757626,0.9942446442221891,0.007949658952338063,4,4,2000.0,2000.0,0.0,102.93233319828047,101.4550009394139,8.671284956905893,157.36043779774093,164.18760074808705,31.703017037844166,32.660409426396704,31.84803448914345,4.305821164741354
front,log-0145-filtered-c01,20.0,oracle-power,training_window,2.6329302595849597,2.5944602371044505,0.7276718748381854,0.059922572002787694,0.05856666757512814,0.020196475274175445,0.1964515896554986,0.19813790929019923,0.06130263552561094,3.338108529839189,3.367757085452684,0.749639617961117,2.6328335686565554,2.5942668552180477,0.7277274850960964,0.19645160499027686,0.1981379399597557,0.061302643736998494,3.3381087351303425,3.3677574960349914,0.749639479732786,3.3249861210269627,3.222037582404471,0.5650931691332867,3.1393551607057804,3.1914708189695284,0.62486585605094,4,1.0,0.9790176366385184,0.9798948595472807,0.012259988467016593,0,0.0,0.21361529207123028,0.20185178672218873,0.05749721012731247,3.656440070707549,3.571721080393089,0.6956457322160643,17.310614504657295,17.48421327591642,3.9264301317712835,0.9790096187584083,0.9798788239313944,0.012263277283123753,4,4,2000.0,2000.0,0.0,58.395055488720345,57.12632853794825,14.319110545193443,107.35764233743603,108.89229827795415,16.677512306811188,17.655306861916987,17.841085993762253,3.8431576042191087
front,log-0147-filtered-c02,20.0,oracle-power,training_window,2.0370409296067384,2.0747291222693844,0.19136297755793305,0.054603957394694876,0.05523820421009145,0.008413925765158672,0.18382440113813897,0.18278096602890906,0.0352683749020337,3.0876102124362834,3.221647514236854,0.5331564776643999,2.037040929687917,2.0747291222935482,0.1913629774503254,0.18382440113813894,0.18278096602890903,0.035268374902033696,3.0876102124362834,3.221647514236854,0.5331564776643998,3.6063721240249005,3.8035915377055165,0.897237739522283,2.982213288696625,3.0783700456295,0.5236181975908167,4,1.0,0.9824675929843935,0.9829686157514941,0.006645758595654324,0,0.0,0.18956113683427167,0.18991511891879648,0.0365981430013203,3.185724463366065,3.348535413603436,0.5657472780080066,16.61062748904741,15.685302084794476,1.9837780283291648,0.9824675928742721,0.9829686156240303,0.006645758738767886,4,4,1991.0,1993.0,8.48528137423857,56.60560801744338,54.8235728882935,6.209946616941717,98.66875875780767,96.2974313781639,6.2074880387375435,16.90305251970459,15.973470001499908,1.9656453706387917
front,log-0151-filtered-c01,20.0,oracle-power,training_window,3.094069681789798,3.2108993703556266,1.214675142394748,0.08560443140621411,0.07893534367952222,0.0177158417350073,0.27602912334214713,0.25874299296625836,0.05188523314278355,4.5010159413547655,4.816631742954545,1.380687386217665,3.0940696818026607,3.2108993705392477,1.2146751425329734,0.27602912334214713,0.25874299296625836,0.051885233142783524,4.5010159413547655,4.816631742954544,1.3806873862176652,5.283482274540093,5.161538710614803,1.8022070985974412,4.425664968555524,4.750102994265907,1.3168353551948764,4,1.0,0.9599966653438168,0.9658626053035352,0.01613557279252439,0,0.0,0.2819201827413839,0.2683629331821744,0.05247841318203296,4.613031177697728,4.98639948263251,1.4725581992467145,15.988066887705024,15.268363452584008,5.766705705082871,0.9599966647142955,0.9658626048107503,0.01613557255121261,4,4,1989.75,1989.5,7.932002689527196,53.873115251033326,52.826711105805096,19.425475001273487,107.38985636971347,94.09488121470972,41.173724082391914,16.62374161991562,16.023231086408245,5.87645430904665
front,log-0152-filtered-c01,20.0,oracle-power,training_window,2.239784708404574,2.280022856087429,0.5273156034483615,0.0645806534873197,0.06399024854899532,0.0160779872269892,0.2223084163059685,0.22471806374512907,0.04304728783077477,3.5438616676639336,3.467273818589956,0.7567464278413097,2.239784708242289,2.280022855888995,0.5273156035751985,0.2223084163059685,0.22471806374512904,0.04304728783077478,3.5438616676639336,3.4672738185899554,0.7567464278413095,4.551762018177965,4.8221679271519715,1.1689967537589698,3.548641568490125,3.440428879333817,0.8027246275830175,4,1.0,0.9742269589631366,0.9741894381793161,0.00972959243968823,0,0.0,0.23598066325088007,0.23904338629913147,0.04625715492245424,3.7345680055741965,3.716194751280587,0.6108948294118525,15.724744839872624,16.066640856779024,3.0389709276993475,0.974226958679857,0.9741894380074854,0.009729592537860087,4,4,1994.75,1995.5,2.6299556396765835,56.02168724463586,56.97877639970201,10.57082939692851,100.66486227008434,103.82281601250007,12.3827090582784,16.130957490909722,16.489743438198648,3.0495406124164215
front,log-0155-filtered-c01,20.0,oracle-power,training_window,2.1705181446657598,2.1833724789023377,0.0969946278972161,0.037210336402483474,0.0370198874382446,0.0021319343877949683,0.12308920064818109,0.1238667592765414,0.006016079174452984,3.307377493009456,3.2743399031660965,0.27667320775159404,2.1705181446879247,2.183372478937039,0.09699462787511146,0.12308920064818109,0.1238667592765414,0.006016079174452982,3.3073774930094566,3.2743399031660965,0.2766732077515937,4.699400317385253,4.752451051779602,0.4876446887052763,3.2043418626053737,3.183163076463117,0.2087767912197565,4,1.0,0.992381727695715,0.9922982288192673,0.0007396512555652234,0,0.0,0.1244793787548133,0.1253017625084027,0.005178425187755466,3.3450842800009273,3.31108620244159,0.27219304697645036,26.672961447209158,26.606619886257256,1.9410234626583596,0.9923817278924721,0.9922982288115857,0.000739651390457347,4,4,1999.0,1999.0,0.816496580927726,88.8365105199705,87.49250193392186,4.244322708110649,147.3872392605772,152.84776410817264,19.984975569420886,26.877604553126545,26.808045988647372,1.953827543211819
front,log-0078-valid,40.0,oracle-power,full_log,5.618743438063783,5.444041983690339,0.3999749935961931,0.07909063316476671,0.07681903269558327,0.005620941796252016,0.25018952798534394,0.2430037130991196,0.017780876427018692,7.175268826575784,6.969184447417876,0.5099436789514914,5.570459734572523,5.51816469817881,0.2587041933197624,0.2569777826592631,0.25068601348689556,0.021763718801773715,7.369951443953289,7.18950769968457,0.6241689423462842,6.395553409958646,6.213190861018676,0.7165214069740028,6.395553409958646,6.213190861018676,0.7165214069740028,4,1.0,0.9701057732421956,0.971123042902555,0.002345287082725606,0,0.0,0.25018952798534394,0.2430037130991196,0.017780876427018692,7.175268826575784,6.969184447417876,0.5099436789514914,28.922181681226,29.031662147113142,1.601181201992465,1.008467718495992,1.012285117780388,0.05583048925801381,4,4,3904.0,3904.0,0.0,90.7221062654512,90.7221062654512,0.0,193.85894322332638,193.85894322332638,0.0,28.679333161362813,28.679333161362813,0.0
front,log-0080-valid,40.0,oracle-power,full_log,5.972210418045313,5.9483583007959915,0.07205732288435587,0.07484272656532574,0.07505166952359639,0.0005713354382451031,0.2507150011746201,0.2514149373799443,0.0019139116336935544,7.773544346024072,7.795246219091038,0.05934179003723009,7.579729313624355,6.626476168512598,2.4775029509866386,0.3122552985589848,0.2811041711346116,0.06808639934946066,9.681632129138725,8.715775800927421,2.1110529574395303,6.782371784504363,6.7001409845525846,0.3589467915016109,6.782371784504363,6.7001409845525846,0.3589467915016109,4,1.0,0.9686429337222668,0.9686406249267501,0.0004493622148021083,0,0.0,0.2507150011746201,0.2514149373799443,0.0019139116336935544,7.773544346024072,7.795246219091038,0.05934179003723009,30.193813434433594,30.193039954811333,1.1891767334261718,0.973821159784355,0.9737962132560056,0.03835373323241737,4,4,3903.75,3904.0,0.5,103.86506081174115,103.86506081174115,0.0,205.33557480115962,205.33557480115962,0.0,31.00550150411578,31.00550150411578,0.0
front,log-0081,40.0,oracle-power,full_log,7.3194878591661965,7.300205547337168,0.41266384168255194,0.12899673822615917,0.12864598348076978,0.003632581698890574,0.4395469993266173,0.43835182805364153,0.012377757821727208,9.01735748394373,8.992838407168158,0.2539311320500143,8.757302297601317,7.884590445815969,2.136343932718424,0.5269533794843877,0.4816626378434926,0.09987317150501876,10.810509473304549,9.88136467487672,2.048909654475351,8.335706912304065,8.322259127607754,0.40971903080489896,8.335706912304065,8.322259127607754,0.40971903080489896,4,1.0,0.9057608478080497,0.905776743240229,0.0005735064151339871,0,0.0,0.4395469993266173,0.43835182805364153,0.012377757821727208,9.01735748394373,8.992838407168158,0.2539311320500143,20.84682166592753,20.85772723545313,0.9167380238853982,1.01616886377982,1.0167004508184243,0.04468597904485095,4,4,3903.75,3904.0,0.5,69.90376352101518,69.90376352101518,0.0,197.4047490481513,197.4047490481513,0.0,20.515115557058188,20.515115557058188,0.0
front,log-0098,40.0,oracle-power,full_log,6.254453903704112,6.094488128234222,0.3246829360278241,0.09651327790536082,0.09027784631472116,0.01249539689868735,0.32115021587127146,0.3004016697142535,0.041578728839213555,8.745568973940358,8.180544158269925,1.132272758794785,6.328070387279337,6.272959750240574,0.14553013643959542,0.3255448234287937,0.3026309036748817,0.04639596233404441,8.865243013091918,8.241250701184217,1.2634557557556405,7.828157770375428,7.252435275444892,1.200353630512208,7.828157770375428,7.252435275444892,1.200353630512208,4,1.0,0.9479790661325347,0.9538289283906825,0.01172002928627897,0,0.0,0.32115021587127146,0.3004016697142535,0.041578728839213555,8.745568973940358,8.180544158269925,1.132272758794785,26.603005102248986,26.096839882984522,1.2116527078942494,0.9769016580704475,0.9583145232690771,0.04449367786827118,4,4,4000.0,4000.0,0.0,90.61518957542924,90.61518957542924,0.0,199.7034809556106,199.7034809556106,0.0,27.23201960245886,27.23201960245886,0.0
front,log-0099,40.0,oracle-power,full_log,8.273891661695142,7.009980110707221,2.5748054873001185,0.16500558143133073,0.13820101985477642,0.054185011554424,0.5490003419758109,0.459817216505815,0.18028232509045092,10.87781524470553,9.110753391307355,3.572088529420754,8.413562496821633,7.0752679424879625,2.776045674084828,0.600890402091076,0.46921414472256395,0.2688575287182135,11.905957567785153,9.296942799936286,5.327105105289161,12.504481713927978,10.938934768014903,3.850277490670117,12.504481713927978,10.938934768014903,3.850277490670117,4,1.0,0.8776520182007639,0.8884650712038294,0.0223523184649747,0,0.0,0.5490003419758109,0.459817216505815,0.18028232509045092,10.87781524470553,9.110753391307355,3.572088529420754,20.336191683753313,17.749730301578293,5.794902902584486,1.026361998040025,0.8958240038400918,0.2924671548162174,4,4,4000.0,4000.0,0.0,65.92392299912883,65.92392299912883,0.0,187.74146730164688,187.74146730164688,0.0,19.813858777495643,19.813858777495643,0.0
front,log-0113,40.0,oracle-power,full_log,3.981523688364539,4.002490985676459,0.11878079139038329,0.05817080103158283,0.05844461789942515,0.0026688832787054415,0.20360683463763568,0.20456523618520073,0.009341505820067686,5.302438978113386,5.327398188011902,0.24327653176650316,4.059908801261084,4.06967563672948,0.10661702473242479,0.21526276896773044,0.2190383010785948,0.015106849119581387,5.605989105142373,5.704313548245647,0.3934207108062355,5.83247117226719,5.949114244054606,0.950012384433845,5.83247117226719,5.949114244054606,0.950012384433845,4,1.0,0.9795029970747644,0.9793102016365127,0.0017276314338056306,0,0.0,0.20360683463763568,0.20456523618520073,0.009341505820067686,5.302438978113386,5.327398188011902,0.24327653176650316,25.948302786848004,26.25028123235265,0.7496716173031237,0.9963814419093702,1.0079770256910567,0.028786425576381645,4,4,4000.0,4000.0,0.0,91.152930406348,91.152930406348,0.0,196.08948725647684,196.08948725647684,0.0,26.042539227871565,26.042539227871565,0.0
front,log-0115,40.0,oracle-power,full_log,4.882344167085792,4.789702501556686,0.29965895411702964,0.14751753014646518,0.14459947798450856,0.010612134564674944,0.5085360502758113,0.49847667143814456,0.03658313009414583,12.369682860533189,12.124997501592738,0.8898517952951026,4.492132764150247,4.4410936465072055,0.16237405511610734,0.5148650301128087,0.5006156773759091,0.04446952440733325,12.523629612925486,12.177026900634544,1.0816812565778031,8.862231261097932,8.495705917762596,1.2022570589364563,8.862231261097932,8.495705917762596,1.2022570589364563,4,1.0,0.9131319937033323,0.9138789675785424,0.002951177045978014,0,0.0,0.5085360502758113,0.49847667143814456,0.03658313009414583,12.369682860533189,12.124997501592738,0.8898517952951026,29.566007953886892,29.24947246663791,1.1847195406540842,1.2155025376814526,1.2024892932617983,0.04870558143499831,4,4,4000.0,4000.0,0.0,83.85229096671934,83.85229096671934,0.0,194.67735718346603,194.67735718346603,0.0,24.324102202438407,24.324102202438407,0.0
front,log-0116,40.0,oracle-power,full_log,4.413664940717611,4.317081356014517,0.320295989411294,0.0549207827046172,0.05315406628608067,0.003891439454562744,0.17686661441560736,0.17117708968214518,0.012531972190446715,5.722256752205881,5.538180625513068,0.4054533565997408,4.728081670737418,4.550187465587715,0.6595040355057086,0.1906547547040497,0.18043987262284744,0.028202908077851238,6.168351562843806,5.837864217025146,0.9124632238456243,5.410585416216594,5.2144403007550535,0.46775795052457,5.410585416216594,5.2144403007550535,0.46775795052457,4,1.0,0.985355857819339,0.985593216399482,0.0005588524622953078,0,0.0,0.17686661441560736,0.17117708968214518,0.012531972190446715,5.722256752205881,5.538180625513068,0.4054533565997408,30.694728325148485,30.934910392453354,1.1879483400781103,0.9487293063498197,0.956152983917447,0.03671775142372996,4,4,4000.0,4000.0,0.0,104.19109980609964,104.19109980609964,0.0,215.69220856612964,215.69220856612964,0.0,32.353515507225815,32.353515507225815,0.0
front,log-0122,40.0,oracle-power,full_log,5.131150690363347,5.106266352524502,0.5302520282972883,0.06851518129914846,0.06668966288317472,0.014853533013761194,0.22229752351175308,0.2163746285372184,0.048192291719152416,7.383383964561492,7.1866610902445895,1.6006574804502798,5.298091416783859,5.397420545879685,0.6570469141400916,0.23736331742731853,0.23394504425785595,0.05464972797381784,7.883778838297874,7.770244405222795,1.815134594462546,6.874117667979149,6.737964490958395,1.4499106105803874,6.874117667979149,6.737964490958395,1.4499106105803874,4,1.0,0.9776855741628141,0.9780585867698481,0.007026897019185152,0,0.0,0.22229752351175308,0.2163746285372184,0.048192291719152416,7.383383964561492,7.1866610902445895,1.6006574804502798,33.86844893545663,33.81976856610056,2.583695191935903,1.0197048344868822,1.0182391751627253,0.07778940461898161,4,4,4000.0,4000.0,0.0,107.76274432266965,107.76274432266965,0.0,208.61012873759907,208.61012873759907,0.0,33.213973093007155,33.213973093007155,0.0
front,log-0129,40.0,oracle-power,full_log,4.856132020628214,4.293420000764746,1.2405388984525254,0.06718984202202523,0.05384833665238735,0.02917658538953291,0.22601574189144955,0.18113707953235364,0.09814530581144744,7.276063217310677,5.831296663882054,3.1595650975026013,4.719660508377067,4.309856727378712,0.91667782282669,0.2320231615676826,0.18145557278409075,0.10957146758467785,7.469458442667063,5.841549830385116,3.527404411249041,7.3663043068445955,5.800814785551809,3.663280355904682,7.3663043068445955,5.800814785551809,3.663280355904682,4,1.0,0.9774402878109453,0.9836683489597553,0.013976920015179266,0,0.0,0.22601574189144955,0.18113707953235364,0.09814530581144744,7.276063217310677,5.831296663882054,3.1595650975026013,33.18647626843023,31.739708168299444,3.461395749937589,1.0308687308718274,0.9859278946352775,0.10752104607073679,4,4,4000.0,4000.0,0.0,108.29111958509354,108.29111958509354,0.0,210.7056267839625,210.7056267839625,0.0,32.19272762339365,32.19272762339365,0.0
front,log-0145-filtered-c01,40.0,oracle-power,full_log,2.851486282983796,2.8448594926115054,0.06617635136178904,0.06108974716049635,0.06101587873808022,0.0009589421720516188,0.20763340794296037,0.2073823420440406,0.0032592773821800316,3.655718250542173,3.6512978338189543,0.05738479143437292,2.9228798526824997,2.830991286559439,0.2086320991579789,0.21590263655330733,0.2146637316978761,0.0122257211302746,3.8013112466223387,3.779498345049536,0.21525337519028695,5.544724601252481,5.030019948010347,2.127449073293133,3.9992636381729154,3.801378970742997,0.8217766468120528,4,1.0,0.9790039315547948,0.978931122663379,0.00035843946347183096,0,0.0,0.20763340794296037,0.2073823420440406,0.0032592773821800316,3.655718250542173,3.6512978338189543,0.05738479143437292,17.300934770053708,17.375053776851516,0.7971155446512579,0.9826391972008098,0.9868489258834,0.04527367967586221,4,4,4000.0,4000.0,0.0,59.841764297006954,59.841764297006954,0.0,126.23251970541182,126.23251970541182,0.0,17.606599471441736,17.606599471441736,0.0
front,log-0147-filtered-c02,40.0,oracle-power,full_log,2.74497999039735,2.7399434786657313,0.027764454427517005,0.06892533817320065,0.068916216938511,0.0016310805120037968,0.23998954410930806,0.23995778509277071,0.005679221587534638,4.215080135417785,4.214522332784242,0.09974757103313603,2.791347310905855,2.792831278345867,0.041263301937192895,0.24223072809354068,0.2425120085335449,0.005554584359098644,4.254443392374732,4.25938368925118,0.0975584927228124,16.589327009119913,16.40367224275263,1.7155535180722483,4.736906337134623,4.697846007453854,0.32714724092711633,4,1.0,0.9709419783476112,0.9709888646006588,0.0013065199532796697,0,0.0,0.23998954410930806,0.23995778509277071,0.005679221587534638,4.215080135417785,4.214522332784242,0.09974757103313603,17.30539016844937,17.411772509704285,0.22649470966849003,0.985298633414528,0.9913556118725466,0.012895688900378012,4,4,3981.25,3983.5,12.86791876463841,61.15429023831297,61.15429023831297,0.0,143.8427936441168,143.8427936441168,0.0,17.563599077041214,17.563599077041214,0.0
front,log-0151-filtered-c01,40.0,oracle-power,full_log,3.6424085695832105,3.357822639726691,0.5893997036130877,0.11706171290350366,0.07813864446535365,0.0782147974252793,0.38675822628312717,0.2581609544915823,0.2584125549762884,7.451288731983526,4.973732116128384,4.978579454153148,3.552197030918184,3.5337364686023163,0.2716806136373064,0.3915763467438721,0.26235156602573106,0.26059408162977843,7.54411469988474,5.054468489352065,5.020608773420355,8.040135181473458,7.118543308208194,2.3439403742527203,7.3555610063333,6.0832077742001935,2.961339963445011,4,1.0,0.9300061878545391,0.9664693875604989,0.07302869881505589,0,0.0,0.38675822628312717,0.2581609544915823,0.2584125549762884,7.451288731983526,4.973732116128384,4.978579454153148,20.514107986332725,18.90884007707783,3.5944437300869354,1.0647822549835022,0.9814610213520981,0.18656916025221124,4,4,3972.75,3976.5,21.700614430625386,63.65265420407588,63.65265420407588,0.0,164.33409863644093,164.33409863644093,0.0,19.26601226712834,19.26601226712834,0.0
front,log-0152-filtered-c01,40.0,oracle-power,full_log,2.7758911362546037,2.7313892458108433,0.16341838723990632,0.0689393189512773,0.06874103462784578,0.000534898409766886,0.240559794363633,0.23986789260429114,0.0018664972821953348,4.329282319204669,4.3168303711920375,0.03359079061415016,2.8325087318560955,2.789786262598912,0.15163899464242656,0.2418694732457413,0.24108801719032952,0.0027112735926224075,4.352852216423556,4.338788586659989,0.048793975976399465,5.215815757410313,5.174489048226803,1.0331101871815285,5.215815757410313,5.174489048226803,1.0331101871815285,4,1.0,0.9711624746618428,0.9712123545860145,0.00044280169483532295,0,0.0,0.240559794363633,0.23986789260429114,0.0018664972821953348,4.329282319204669,4.3168303711920375,0.03359079061415016,17.61979169028913,17.717504863583528,0.6538354807167769,0.9790568397315047,0.9844863449337982,0.03633085513761781,4,4,3980.25,3985.5,18.750555547325344,62.798449202325,62.798449202325,0.0,120.36651931469572,120.36651931469572,0.0,17.996699451199543,17.996699451199543,0.0
front,log-0155-filtered-c01,40.0,oracle-power,full_log,2.6212809274730904,2.6304306875883023,0.3734142161452562,0.045728889499482214,0.04573713579370589,0.0018946070766366742,0.151301471020546,0.1513287552266609,0.006268615766501637,4.0121970596111245,4.012920579421008,0.16623051697081256,2.6254322417262497,2.6332013007857187,0.37873697633845743,0.15171771263701822,0.1518128066653298,0.005827755746248929,4.023234912570736,4.025756606366604,0.1545398356771867,5.421528790185386,5.4512512736683405,0.1393666999322714,5.421528790185386,5.4512512736683405,0.1393666999322714,4,1.0,0.9885461650121246,0.9885496267835692,0.0008759803419504721,0,0.0,0.151301471020546,0.1513287552266609,0.006268615766501637,4.0121970596111245,4.012920579421008,0.16623051697081256,26.459241013612644,26.442896727335903,0.21486993159397036,0.9977880019269969,0.9971716526999497,0.008102826517549665,4,4,3998.5,3998.5,0.5773502691896257,87.73878184066888,87.73878184066888,0.0,168.93012807396792,168.93012807396792,0.0,26.51789855411444,26.51789855411444,0.0
front,log-0078-valid,40.0,oracle-power,full_log_excluding_training,5.770600122242745,5.487324251259165,0.6459785240084497,0.08283926778078148,0.08055653656712572,0.008146634596508192,0.26174779332972653,0.25455706346677814,0.022169871281746054,7.32331629000978,7.01385565485849,0.7214134099922577,5.8077518274651405,5.712917566365402,0.47212280784097865,0.27379919841799,0.26304157819632434,0.027317744560016087,7.665448296849651,7.40956757914663,0.9108365067110781,6.568404578113455,6.391565585600667,0.9980742072758767,6.568404578113455,6.391565585600667,0.9980742072758767,4,1.0,0.9686096934127479,0.968866116305227,0.002989949293976864,0,0.0,0.26259146932357613,0.2549385582962621,0.022456272785321675,7.347269287466162,7.041514795928951,0.7334628579397973,28.35912520053412,28.033788747515942,2.3198981411277826,1.0143318279041953,1.025251248385615,0.07912837509005624,4,4,3904.0,3904.0,0.0,88.43976968788087,87.86923906380213,2.774484344481503,188.78270765806005,193.49661725449874,9.675402136749904,27.962982807735795,28.141203200855426,0.790497012568937
front,log-0080-valid,40.0,oracle-power,full_log_excluding_training,5.89083529136159,5.969443112652256,0.32605120122149833,0.07445795088787517,0.07602756287936374,0.0068145141237349535,0.2491786418762355,0.2541936369017085,0.022694434929782993,7.627926356375779,7.8005640057514105,0.4868951736290633,7.919562799383677,6.877169277107328,2.6566984991671387,0.3261531566494842,0.2954664789184542,0.06515445070907191,10.028003853650844,9.000343439083682,2.2070603683244396,6.707264300216175,6.672074916324361,0.11634464979131816,6.707264300216175,6.672074916324361,0.11634464979131816,4,1.0,0.9694757255836209,0.9681238638680695,0.005598784167387862,0,0.0,0.25032254149283606,0.25466449548883696,0.021414597888006974,7.663657354161456,7.815153305567254,0.44213459610693767,29.878103963727547,30.016032313859114,0.6060417133694214,0.9752838408632164,0.9779192939566834,0.0506543153236261,4,4,3903.75,3904.0,0.5,102.6576240455835,102.61456043101916,3.4123592209154103,205.33557480115962,205.33557480115962,0.0,30.674606124604836,30.617392899320507,1.0315047401851378
front,log-0081,40.0,oracle-power,full_log_excluding_training,7.308811317998889,7.334045847996001,0.6162270709447707,0.12925192929148688,0.13023959083737474,0.006160090385275375,0.44077477218620265,0.4438078378191419,0.021531312461254976,9.0089935929394,9.017564857287592,0.4112595084883385,8.946200272454583,7.985694278555175,2.253740442462555,0.5362082250192551,0.49204649540146495,0.09840374668921344,10.975205657269475,9.981267712253814,2.1322321574526444,8.34455989040778,8.310721701453364,0.28861515175180735,8.34455989040778,8.310721701453364,0.28861515175180735,4,1.0,0.905490970266538,0.9040751384223555,0.004342118310978847,0,0.0,0.44103878665139523,0.44390259196686954,0.02121913703929099,9.014438226324298,9.019483414791168,0.40568761184488994,20.78758413398328,20.735457607405017,0.9649268687197247,1.0170052136103311,1.0204770662437654,0.049156457704686914,4,4,3903.75,3904.0,0.5,69.7114038410784,69.83145480871559,0.9427171157816973,197.4047490481513,197.4047490481513,0.0,20.44248594156612,20.43862883654996,0.2339478163583585
front,log-0098,40.0,oracle-power,full_log_excluding_training,6.380338266295357,6.338359449226244,0.22565866246434665,0.0997535371310421,0.0944622461147262,0.012257561234018062,0.33355102234830325,0.31701916033232114,0.04174544343703403,9.013470539679528,8.542695121023337,1.0674502509085517,6.51965638678932,6.562524674842036,0.14246828781203952,0.3398132501022504,0.3202788100561897,0.0487364625609292,9.181917434147625,8.630524356654803,1.2547168582286377,8.078689880943354,7.428481739392966,1.320575163524919,8.078689880943354,7.428481739392966,1.320575163524919,4,1.0,0.9445556260987196,0.9484401403185214,0.010648962361848938,0,0.0,0.33373202182475287,0.3171124322177222,0.04194911971561469,9.01833906522792,8.545208272820801,1.0729072686618344,26.5093766688058,25.847290620158425,1.4182901187439851,0.980661204020377,0.9547258699879106,0.05800898481236287,4,4,4000.0,4000.0,0.0,90.39126673654266,90.43525232901561,0.41140852185872273,193.95688853400526,199.7034809556106,11.493184843210699,27.039324243861355,26.946983978816505,0.27579301003388323
front,log-0099,40.0,oracle-power,full_log_excluding_training,8.377502501370724,7.077959634082021,2.626175444702161,0.16527884310083918,0.13822306266490092,0.05487135523110269,0.5504100788484947,0.4607834778430489,0.18183258786532416,10.998455065508592,9.218466661668938,3.643305577023531,8.653658921034262,7.150818076762752,3.066674949505642,0.6075818543645433,0.471140462659986,0.2791707896218529,12.141534637222062,9.428664963304517,5.589762653353004,12.655133454406792,11.007195363839205,4.011470333845612,12.655133454406792,11.007195363839205,4.011470333845612,4,1.0,0.8783392179244041,0.8880105814111896,0.020379414570214735,0,0.0,0.5506535532774868,0.4607937793921286,0.18225250449308075,11.003323141701344,9.218673894312374,3.6517017608132547,20.555776273919072,17.810636209731385,6.004597189876472,1.0288131658694502,0.8952028558013414,0.2998834561313013,4,4,4000.0,4000.0,0.0,66.55502069797237,66.41651413520995,0.374475811991753,187.74146730164688,187.74146730164688,0.0,19.9788392321418,19.951386534259335,0.10894774649915032
front,log-0113,40.0,oracle-power,full_log_excluding_training,4.070133676666771,4.179168399379362,0.2889855583393935,0.05865680853860669,0.05866203820411926,0.0022467469759174397,0.2023937169065695,0.20281179191275778,0.008387663825229168,5.3859908970103625,5.521509812152249,0.4443083799589736,4.197963417753437,4.306428535361158,0.27883126780311285,0.2173644561629516,0.2212180661790757,0.015376054926753016,5.7914175657401294,6.022674579566088,0.6569763128983097,5.785486939940156,6.000172408137097,1.0265460513740965,5.785486939940156,6.000172408137097,1.0265460513740965,4,1.0,0.9798533541296498,0.9797624551583423,0.0015680165393555563,0,0.0,0.20275556635913616,0.2032574422909224,0.008542616106679968,5.395792056624993,5.533644008548848,0.4494611932303242,26.51462816285527,26.73262343998501,1.4122261467730675,0.9976859735473027,1.0115667843018612,0.03202994213666267,4,4,4000.0,4000.0,0.0,91.73057383092839,94.11938551831429,4.8839504503167905,194.46691457816982,196.08948725647684,3.245145356614074,26.582645211181738,27.207790192172798,1.2963718609382722
front,log-0115,40.0,oracle-power,full_log_excluding_training,5.446053291793405,5.288026984854929,0.5036270789820013,0.16252097225370804,0.1581603013534969,0.020265410287131223,0.5635341453185021,0.5538392401102932,0.05974712760321922,13.79766992210024,13.51197783529489,1.026571003882545,4.990611790842107,4.780303208385706,0.4881682334612613,0.5725043688815622,0.5684575321889247,0.06522712465496693,14.02318661682725,13.588687727675513,1.3084963395852947,9.921257919163805,9.647936787024678,1.4628575715595813,9.921257919163805,9.647936787024678,1.4628575715595813,4,1.0,0.9040667398008362,0.9069066748471768,0.007633564684357715,0,0.0,0.5639761121314464,0.554561706051347,0.059975329393030234,13.808783701101214,13.515706014729897,1.040255122431626,31.146594528510562,30.650816962249692,1.758779728821004,1.2692888639991928,1.2642431318891487,0.06855907625944545,4,4,4000.0,4000.0,0.0,85.45705868451905,89.03283343679713,7.249275441908344,192.37558973133653,194.67735718346603,4.603534904258993,24.580228095160024,25.323256349804588,1.6471212063718021
front,log-0116,40.0,oracle-power,full_log_excluding_training,4.4275525592107545,4.321504339322156,0.23543973978898375,0.054323343690165636,0.053152017067429405,0.0027653000787894112,0.1737566761851446,0.1702083767501132,0.0085572141186576,5.716291758258114,5.631334335169931,0.26252004935528567,4.930497272989925,4.688301530887625,0.7409148809594601,0.19490309888345966,0.1825110633211689,0.03221992567371382,6.408168101134759,5.993845120899504,1.0191206210070325,5.391406162536804,5.242205196956112,0.30391345958343335,5.391406162536804,5.242205196956112,0.30391345958343335,4,1.0,0.9864398990345399,0.9863054774808134,0.0012101936891699555,0,0.0,0.17471308368689495,0.17046765788221696,0.009603080992614837,5.747580335687872,5.639864536948787,0.2940541187617859,31.039298015584716,31.2807910941722,1.6136003988795384,0.9431536405258569,0.9524775313223353,0.042577159199917405,4,4,4000.0,4000.0,0.0,105.24901118022997,105.05867094812682,1.0828910967420946,213.348018972106,213.348018972106,2.7068369862821435,32.90262960279986,32.84155734923289,0.2619904552401136
front,log-0122,40.0,oracle-power,full_log_excluding_training,5.24328159795739,5.13519283173123,0.6455677839948701,0.07021197776300292,0.06734794384907711,0.0165241991836994,0.22794543889390992,0.21870411404173018,0.05245222282992577,7.552452887081557,7.267028818990653,1.8010148197139746,5.510904925494449,5.60971179800564,0.7792339706261532,0.24655717548934328,0.2407855233669356,0.05784113255491612,8.178277888107015,8.010817102962891,2.022775620216737,7.065162150276779,6.88886019642022,1.645992506595901,7.065162150276779,6.88886019642022,1.645992506595901,4,1.0,0.9769990733489462,0.9774778974406506,0.007810328631252869,0,0.0,0.22821842349079735,0.2190356991654378,0.052457757351772334,7.561632687104757,7.278198018733557,1.80191366076629,33.85301488475357,33.309560560303176,2.9655577650539158,1.022979863672675,1.0224523124203193,0.0855846730215706,4,4,4000.0,4000.0,0.0,107.50646271036469,107.72067182223432,0.9144790928569139,208.3172371965101,208.61012873759907,0.5857830821779828,33.0910920084997,33.211422962933355,0.6584664912928035
front,log-0129,40.0,oracle-power,full_log_excluding_training,5.022835873255956,4.478520195956721,1.3532507010897261,0.06911799740336719,0.05561531997379027,0.030659968700944847,0.23272501235783777,0.19045690038127472,0.10005046321816335,7.488094620967382,6.0316025092503605,3.3183632932619673,4.887622400771095,4.499039915597727,1.0232139035821644,0.23961631403911096,0.19083397756238996,0.11309203752544615,7.71250185918564,6.043559303259946,3.7442603452420102,7.529578943534025,6.091818810316525,3.6123617001861694,7.529578943534025,6.091818810316525,3.6123617001861694,4,1.0,0.9763120300983449,0.98197049471568,0.014179472874128386,0,0.0,0.232782239785918,0.1904599346940759,0.10015887243238789,7.48995821211898,6.031698724802372,3.321904412715397,33.10699561361164,31.561499494799918,4.083777893272423,1.031016929767622,0.9845926599069763,0.11314286942370771,4,4,4000.0,4000.0,0.0,108.34778111950745,108.26627850131669,0.21093380921263716,210.7056267839625,210.7056267839625,0.0,32.07769902332502,32.07075124811893,0.4848632568562935
front,log-0145-filtered-c01,40.0,oracle-power,full_log_excluding_training,2.8140209422685194,2.796486110998599,0.05761368601415319,0.060488517046507734,0.06028089679859858,0.0018355027811025727,0.20615641151386116,0.20527065948397138,0.0066140516986028216,3.6145852110161005,3.5954379232642952,0.11024238252389003,2.9099961130122263,2.860141080899218,0.18198124766526452,0.2167254077128831,0.2161991760722098,0.012302117207965022,3.8002624264242097,3.8098824717041673,0.22077916418786908,5.513828786859618,5.024571475311921,2.1970354799258986,3.9950913950826337,3.805304647351623,0.8837637774675831,4,1.0,0.9795381885904284,0.9787461170482454,0.0017368069448311454,0,0.0,0.20628547518825988,0.2052807437503586,0.006570605061930647,3.616852788752704,3.5956132777394276,0.10961895014000647,17.235140783514968,17.298680152972196,0.8433965482933162,0.9830490754756616,0.9876034922097767,0.05030604225593644,4,4,4000.0,4000.0,0.0,59.756997361031836,59.871168583670524,0.3128509294034781,126.12093269131103,126.23251970541182,0.2231740282015977,17.534491308765013,17.553415179142505,0.17107829536351582
front,log-0147-filtered-c02,40.0,oracle-power,full_log_excluding_training,2.782844555318779,2.777587844186579,0.02062431509114667,0.07110118952759252,0.07165073917001354,0.003367918919817145,0.24586091386525105,0.24761351026960188,0.011376618503672135,4.277842411509885,4.296550234177119,0.16042839423974192,2.8451357173106184,2.8410511695600245,0.06747463925518773,0.24870105055658315,0.25084880103580776,0.011364308838744716,4.327251786338163,4.352841870969867,0.15921103881282672,17.097993146576663,17.118342902243263,1.207316127153596,4.7670580569899075,4.785786660715308,0.3286999258875469,4,1.0,0.9694925390306735,0.9691122070702974,0.0027305550097408596,0,0.0,0.24589850360296356,0.24765625311341205,0.011374640133734378,4.2784963393900055,4.297293922075255,0.16037286929245098,17.161061666728592,17.16477939921025,0.1169423076174453,0.9860797466485439,0.9924611113667865,0.013749372082039185,4,4,3981.25,3983.5,12.86791876463841,60.18804299924369,60.07034840654379,0.7224189407723053,143.8427936441168,143.8427936441168,0.0,17.40485227457765,17.357464561025697,0.16068214591438887
front,log-0151-filtered-c01,40.0,oracle-power,full_log_excluding_training,3.9749487472133653,3.2648068862827513,1.872351427149926,0.12237425364559289,0.07711165233469602,0.09818726791312625,0.4093890223073172,0.25256995714404973,0.33363960201526904,8.297626750874736,4.8991006348563175,7.475128833849856,3.850401193114781,3.4324004452994856,1.1299898647084219,0.4229815679032647,0.2652597835024986,0.33629763708227556,8.5651966255923,5.1462370977860665,7.548976749055422,8.58213080408134,6.695216632218578,4.210452843156249,7.5674065564478425,5.1139514658225576,5.411649716456096,4,1.0,0.9271922841103878,0.9682560631183781,0.08679826411529763,0,0.0,0.41198652834601607,0.25500643476431234,0.33414999882891333,8.348775679211473,4.946555918634415,7.4892873950628935,21.66876223397275,19.2074425861993,6.81363199910499,1.1018300274221757,0.9913411363347492,0.2518522121021931,4,4,3972.75,3976.5,21.700614430625386,64.62832622202825,63.39621652682652,5.709034400344338,143.00828077793847,145.7619380115185,5.819933448323799,19.41992612353983,19.359611614507116,1.6452934324679773
front,log-0152-filtered-c01,40.0,oracle-power,full_log_excluding_training,2.807169871045904,2.8406077418030575,0.1703721014787093,0.06871554745280671,0.06921600096349517,0.0024076179154828453,0.2418753197542775,0.24468685822220682,0.008206305496847774,4.366836841625993,4.450903589242705,0.3228427639046393,2.8940183104884847,2.947639122227658,0.19332526394078542,0.2441294149314841,0.24760169445777835,0.009022036635444009,4.407542187359649,4.503176070973,0.33135859837598397,5.179614128120071,5.1448249364995196,1.2378087928939965,5.252632961761076,5.246747633303874,1.1552381124774644,4,1.0,0.971123295591201,0.9706538685462424,0.0015422135151653366,0,0.0,0.24201216485125385,0.2448631918879431,0.008249909587133526,4.369308545162671,4.454066282662076,0.32331001299879963,17.671379127799618,17.68432273638215,1.4655960364918703,0.9786828401407942,0.986603173146055,0.04494837912946387,4,4,3980.25,3985.5,18.750555547325344,63.483847259623026,64.28508284637579,2.5321776616768292,119.05233272985555,120.15135541517262,2.3502590227340043,18.036240309934144,18.166149965942395,0.7630491898140614
front,log-0155-filtered-c01,40.0,oracle-power,full_log_excluding_training,2.611296048455542,2.6147796747192453,0.39358986398611245,0.047958556680526815,0.047733300735181144,0.004342854866402008,0.15907506024132362,0.15815643048008785,0.0120405199061912,4.143262437702287,4.119653175871438,0.3030988451427546,2.6224777868221603,2.6234894225444716,0.40624748256203635,0.15991474474650433,0.1590404217537814,0.011146447174927337,4.165182517937064,4.145117844482362,0.27979244579083,5.510439814548963,5.515793811603413,0.08495320825589979,4.325091110366114,4.006772034065348,0.7617995501960598,4,1.0,0.9873670883840725,0.9874954791090362,0.0017589171068130838,0,0.0,0.15914761720303697,0.15822264854494186,0.011963122299651258,4.145156549625605,4.121854414682103,0.30108088887802054,26.062997107399735,26.059374434093776,0.24089522348724404,1.0005319107315558,0.9997428532147573,0.011727811967487175,4,4,3998.5,3998.5,0.5773502691896257,86.49548531790401,86.3614305200309,1.5396975062998282,168.27852869849133,168.27852869849133,0.752402149670406,26.049715927631198,26.04480302375493,0.06844548039533421
front,log-0078-valid,40.0,oracle-power,training_window,4.897847071087192,4.8870504048814505,0.3757415999888978,0.0675680256582374,0.06499080534473226,0.008997648604180782,0.22158878969776102,0.21607031417786998,0.021272578923321794,6.400105829873947,6.52478007678908,0.39662407435667496,4.897848489708356,4.887053242557061,0.37574099679108885,0.2215887897166547,0.21607031417786995,0.021272578959283566,6.400105830358468,6.5247800777581215,0.39662407445638415,5.597087499551044,5.502230485200169,0.4694171251036949,5.8085515946261115,5.723736040325312,0.25649509863791503,4,1.0,0.9749565044413508,0.9763775836623328,0.005010757463970763,0,0.0,0.22981597018245342,0.21960247122023507,0.022418561081645357,6.630747501836535,6.738570894928625,0.23534444424296164,28.296227595326243,29.03980958232568,2.4856320339073203,0.9749561418251532,0.9763775828492951,0.005011452978437056,4,4,3904.0,3904.0,0.0,95.6419850359483,99.94929361751971,10.525524396498094,176.93630234687018,188.57228523903035,26.407508554966,29.015779718088304,29.696576832428974,2.442566373480981
front,log-0080-valid,40.0,oracle-power,training_window,4.7135547499054,4.549453652133293,1.0192002083810119,0.06607868453685471,0.06584887096625218,0.01738890426603623,0.2088202492212623,0.20718531227955303,0.0701052822930519,5.991983314900041,5.766570358172077,1.1382060671096959,4.713554749867914,4.54945365208616,1.0192002083777456,0.2088202492212623,0.207185312279553,0.0701052822930519,5.99198331490004,5.766570358172077,1.138206067109696,5.104929433192168,4.956127520862934,1.6229369649321512,5.284545603749358,5.01006867454246,1.685254336909406,4,1.0,0.9759803219955747,0.9769337080659626,0.015075438679894701,0,0.0,0.28674727339412276,0.25223282876972086,0.14089989904767497,8.147918765632408,7.005871756515917,3.083870934126391,29.268094596942916,29.20690192988173,5.46058027051279,0.9759803219208842,0.9769337079301383,0.015075438744798133,4,4,3903.75,3904.0,0.5,92.27098727976868,93.61476521833006,9.269649429017452,160.20832967928223,159.33880798452816,12.347832673907611,29.932302827833844,29.943960696473887,5.153323891754952
front,log-0081,40.0,oracle-power,training_window,4.941082109090277,4.112129450384849,1.7718743486867723,0.08888748239977726,0.08911303741316834,0.01819226913375251,0.291900420288756,0.29038161093862375,0.06138186090488729,6.261080072773893,5.308433657841399,2.0162264726316983,4.941082106173816,4.112129444527879,1.7718743504602876,0.29190042028875607,0.2903816109386238,0.06138186090488733,6.261080072773893,5.3084336578414,2.016226472631698,6.05394525140436,5.342519432518536,1.7631064806745058,6.157237012686773,5.353737376069754,1.925311841783614,4,1.0,0.9548317810944129,0.9554664894835764,0.018783496699976514,0,0.0,0.4292996678636687,0.33371856801533106,0.23597842056688642,8.61625254816705,8.30403118256584,2.9809916073746754,20.53094280129504,21.350550050472414,4.367409855939915,0.9548317810294655,0.9554664896073282,0.018783496491467894,4,4,3903.75,3904.0,0.5,70.60758698725061,71.80755959771275,15.593135664974646,150.17542696190617,155.9656396459671,18.536430929283995,21.498371156269528,21.986695698198822,4.603672778681171
front,log-0098,40.0,oracle-power,training_window,5.3842219606348,5.187709108654417,0.9933355134956122,0.07644937004254605,0.07268981810807215,0.015251660660757274,0.25405816619789157,0.24420290189582594,0.053626557835294034,7.071767250724998,6.592772370577424,1.5081463653464695,5.384221960693401,5.18770910876178,0.993335513518334,0.25405816619789157,0.24420290189582594,0.05362655783529404,7.071767250724998,6.592772370577424,1.5081463653464695,6.498127462684783,6.320020367524554,0.848037196431987,6.853206644875032,6.550174704246512,1.0351867905731367,4,1.0,0.965991199917947,0.9691475107933435,0.014541622573506148,0,0.0,0.2591038614158341,0.24638421878336686,0.057357193120258436,7.215007206327693,6.65268711655154,1.634098443932137,26.922078072807523,27.391836691118037,1.2983584117982871,0.9659911998078494,0.969147510581255,0.014541622602369849,4,4,4000.0,4000.0,0.0,92.36895993850736,92.37257429436653,2.1482621970380547,166.61115429731427,157.2487299242785,22.187357402353275,27.86826922863997,28.377586836881047,1.2317630577870504
front,log-0099,40.0,oracle-power,training_window,4.775501428390938,5.109736181053902,1.8551879070952013,0.11304024919465332,0.12843505778524347,0.03781081036956221,0.37184876405407896,0.4229362971358776,0.11997087598556183,6.35760951774489,6.934117203670098,2.3637529809452977,4.775501428939766,5.109736182113128,1.8551879075071531,0.37184876405407896,0.4229362971358776,0.11997087598556186,6.35760951774489,6.934117203670098,2.363752980945298,7.311175158635485,8.467987737335873,3.0778730344017795,8.057130288309706,9.667970226527071,3.2863543507407345,4,1.0,0.9218032600593163,0.90606831439111,0.04020759632893622,0,0.0,0.5111930650690303,0.45242161003986836,0.13909760774828248,8.676421944677417,8.373415983805039,2.440773794999504,15.635101847744256,16.42909913286206,1.7456337392859913,0.9218032582652725,0.9060683108471955,0.040207597583821635,4,4,4000.0,4000.0,0.0,56.11347567936751,58.398734254333945,6.477045322512715,118.58353772758663,115.19701773570482,8.45035408784827,16.98039089233538,17.49933226704024,2.005944095402911
front,log-0113,40.0,oracle-power,training_window,3.2912552109615607,2.855614335053123,1.0165426437266294,0.057226915720340395,0.05698542495415587,0.0009554598540785774,0.19156355938343742,0.19327357799409972,0.006319462521369199,4.141501941272361,3.477934038953791,1.399158793348596,3.2912552102857906,2.855614335016109,1.0165426442348588,0.19156355938343744,0.19327357799409972,0.006319462521369194,4.141501941272361,3.4779340389537916,1.3991587933485958,5.1511822439383605,5.4934221231742715,0.9373689125755322,4.150151877495012,3.7563034448417847,1.224719029749485,4,1.0,0.9814643845408024,0.9811448307903847,0.001218134843611841,0,0.0,0.21597729866171667,0.21865783037581105,0.017341404935078873,4.585965323252042,4.091108924385649,1.1385056676504488,21.201669624495324,17.875954101168446,7.03104119566807,0.9814643845303428,0.9811448306994647,0.001218135068345311,4,4,4000.0,4000.0,0.0,72.4030891835578,60.43279382104302,24.593152942236074,150.9497873185337,137.91678594046238,30.62731186429618,21.602666510518212,18.20077611199502,7.167753910489632
front,log-0115,40.0,oracle-power,training_window,2.726395431822733,3.2349356608404793,1.0262317477055958,0.05373287566264882,0.056989406744703285,0.02162297038278227,0.16569423233241365,0.17917375578432465,0.06137708606923311,3.730292624676272,4.387486573561531,1.3426061578366673,2.7263954318510066,3.2349356608988034,1.0262317477250595,0.16569423233241365,0.17917375578432465,0.06137708606923311,3.730292624676272,4.387486573561531,1.3426061578366673,3.56028726289223,3.9856074637885226,1.0506799172526526,3.7688432332236905,4.344950183492529,1.2024427569537683,4,1.0,0.9847074085287856,0.9831485436772569,0.009755746308877232,0,0.0,0.19917066857652282,0.21317396730901456,0.03425668695203078,4.395762263205437,4.504948725958844,0.2832992921966048,22.402701169421714,19.908890810488558,5.441426815666256,0.9847074084986402,0.9831485436248568,0.009755746355972799,4,4,4000.0,4000.0,0.0,71.57488535966175,61.04428558069665,22.345705090001896,185.25161868921407,182.10970585779677,6.28382566283463,22.74053037709649,20.386613915701815,5.443426464977598
front,log-0116,40.0,oracle-power,training_window,3.9282870230583695,4.004464264944257,0.407497282954851,0.05193507996545993,0.051906617217505384,0.0014775589539403379,0.17598264504076588,0.17456573366016487,0.00794630316537531,5.0952948079817855,5.174957871675665,0.4943092698350778,3.928287022337201,4.00446426507145,0.4074972843664172,0.17598264504076588,0.1745657336601649,0.007946303165375306,5.0952948079817855,5.174957871675666,0.49430926983507784,5.040346160764331,4.88118656925208,0.4509373952226487,5.040346160764331,4.88118656925208,0.4509373952226487,4,1.0,0.9843684329250246,0.9846382506577482,0.001432529087952311,0,0.0,0.1922413835053543,0.18533974525100694,0.02620079383261573,5.582691869510555,5.494846377734474,1.02262610715581,28.4608761063816,29.195895667483132,1.765634542341918,0.9843684321186413,0.9846382499694102,0.0014325285401366604,4,4,4000.0,4000.0,0.0,98.0238497130241,100.18191524139095,7.819140284856933,178.89008923580064,179.92673352355052,18.899511969979507,28.914086640111456,29.651190578329153,1.818588529005155
front,log-0122,40.0,oracle-power,training_window,3.677250531210385,3.8922215711428336,0.992539033081542,0.0442513609506635,0.045242491911726676,0.011802862048596728,0.1449830121900228,0.13846622370182338,0.04413810959373652,4.782524829284842,5.054980634805787,1.2508815077262374,3.677250531066828,3.8922215709144266,0.9925390330179765,0.1449830121900228,0.13846622370182338,0.04413810959373652,4.782524829284842,5.054980634805787,1.2508815077262376,4.545585130202456,4.693710047469586,1.126782028825251,4.545585130202456,4.693710047469586,1.126782028825251,4,1.0,0.9886773186841215,0.9903226207863637,0.006923983150594017,0,0.0,0.1720683395035492,0.15651703521413263,0.051464994760408216,5.598767435246745,5.119947611460217,1.0886948027673942,32.931425247758106,32.564972976766036,4.118184029206585,0.9886773186006274,0.990322620691521,0.00692398319999598,4,4,4000.0,4000.0,0.0,108.08905300587654,106.2677581546052,5.383011319772581,178.8817771560475,177.99554064836386,5.399798820620186,33.29946910787409,32.83263900373413,4.064443889701307
front,log-0129,40.0,oracle-power,training_window,3.0141349839328706,2.6699605608967514,0.927185966918593,0.03850250311034632,0.03740894531500537,0.010822745825970901,0.12477689613692036,0.11860369874282567,0.04788459772639418,3.848214453741262,3.4893136870566823,1.0575869464806997,3.0141334625350065,2.6699575181041615,0.9271861566524007,0.12477689613814552,0.11860369874527601,0.047884597727355684,3.8482144537716327,3.4893136871174235,1.0575869464785361,3.7568479731270954,3.4579652911902095,0.9770419524538363,3.7568479731270954,3.4579652911902095,0.9770419524538363,4,1.0,0.991303403643458,0.9923385530651245,0.006173825479687206,0,0.0,0.1446594697202741,0.13146107842905372,0.07250134158565785,4.344529956388267,4.282152735050905,1.3995844738034857,32.003104426336115,32.910559177013425,6.087121845041292,0.9913033271829279,0.9923384002355413,0.006173876246499558,4,4,4000.0,4000.0,0.0,100.90226814934913,106.07851202961065,11.350422504429108,182.29342661226565,182.217853044147,2.689107283391396,32.26185945806724,33.214969836965054,5.978697905290058
front,log-0145-filtered-c01,40.0,oracle-power,training_window,3.0295958688878217,2.959057697857059,0.6355814450004588,0.06263083295795863,0.060282141158715954,0.010918743562714803,0.2084276107222684,0.2016131549783353,0.03860593652592545,3.7667939491434543,3.6795028670481447,0.6802458855510524,3.0295958683713735,2.9590576982024013,0.6355814437481386,0.2084276107222684,0.2016131549783353,0.03860593652592547,3.7667939491434543,3.6795028670481447,0.6802458855510527,3.9161792887331908,3.9303628517888693,0.6003306271814058,3.464715805264804,3.4076058349844383,0.5360736407093469,4,1.0,0.9774374901269164,0.9794442298889611,0.008646404394702805,0,0.0,0.21606171961745263,0.2021895793811837,0.04284956625420275,3.9040146007454757,3.751881296748268,0.7415564606846224,17.70790639665749,17.59013819435403,1.371994650601875,0.9774374902788904,0.9794442299258339,0.00864640409370653,4,4,4000.0,4000.0,0.0,60.14024975850804,59.44556803289956,3.445583528863395,117.00540282089369,116.1672816283443,7.4592352709322665,18.11456242215199,18.027285777432855,1.3565355942191268
front,log-0147-filtered-c02,40.0,oracle-power,training_window,2.376693623079754,2.305420261462581,0.22336541672877017,0.05869195968929942,0.055486590199998145,0.009908308224163092,0.19617900613626799,0.1837661594683162,0.037823816053595645,3.6108020124595246,3.484106733969509,0.46764858219525907,2.37669362315956,2.3054202614385115,0.2233654169115678,0.19617900613626799,0.1837661594683162,0.037823816053595645,3.6108020124595246,3.4841067339695084,0.46764858219525907,8.032493603476006,8.248353532383485,3.848208331350207,3.5467102767061087,3.378967699169041,0.5228739588057566,4,1.0,0.9799958404828893,0.9828599561971472,0.008080378867250543,0,0.0,0.1986585944847638,0.1875289105030757,0.0374669476650726,3.6572141175344623,3.5552588150979676,0.46153593132118576,18.195107732109314,18.505940495149943,1.199276370676183,0.9799958401969131,0.9828599560188018,0.00808037902673808,4,4,3981.25,3983.5,12.86791876463841,61.844222243430046,62.02542472525199,3.730482654668408,121.62012926939823,121.99437771606966,11.684187971189626,18.55992655934454,18.825934868771164,1.078073658156615
front,log-0151-filtered-c01,40.0,oracle-power,training_window,3.169736539039486,3.301967380060442,1.120422205252882,0.07378465354695464,0.07489281677279105,0.009909968225055422,0.24998242908924773,0.2532992473485223,0.033056071828075795,4.762302924673513,4.852769774526791,1.167241028076951,3.169736539687035,3.301967380025913,1.1204222042002856,0.24998242908924773,0.2532992473485223,0.033056071828075795,4.762302924673513,4.852769774526791,1.167241028076951,7.846480087734888,7.806656428516389,1.2284135689403044,4.802001937549135,4.998918877353665,1.2209501050206335,4,1.0,0.9677992334477359,0.9671015543196649,0.008477497357665691,0,0.0,0.26279368531018343,0.26593300008985543,0.02119245506496143,4.97504163237224,4.940751008744911,0.9362946773819731,18.215192898383943,18.46481254411708,2.095296911799037,0.9677992334490845,0.9671015539964075,0.008477497706121322,4,4,3972.75,3976.5,21.700614430625386,63.79413754778915,64.54776498595653,7.461212253785758,164.22566351191605,164.33409863644093,0.21687024904971963,18.835422133496287,19.09713309161216,2.3134952342282453
front,log-0152-filtered-c01,40.0,oracle-power,training_window,2.6457349892093576,2.523960444486537,0.7435007295390935,0.06533759008597394,0.06549971381653291,0.008055416849068978,0.22671206449134107,0.22418297959085803,0.027765403505116557,4.0571327776610016,3.8961118826145285,1.0325676103050765,2.6457349888004473,2.5239604440231367,0.7435007298949893,0.2267120644913411,0.22418297959085806,0.02776540350511655,4.0571327776610016,3.8961118826145285,1.0325676103050765,4.956411074732309,4.9691400620413875,0.24029041077353733,4.025246247900062,3.913528510457708,0.9956807247510835,4,1.0,0.9736486152359303,0.9743658429011111,0.006514152733644867,0,0.0,0.2282758788882189,0.22598946825755264,0.02721067406406126,4.083790081320759,3.9279321958569344,1.0251557619757556,17.203719062639816,16.880247948798804,2.170633960399115,0.9736486146668096,0.9743658424554476,0.006514152878698402,4,4,3980.25,3985.5,18.750555547325344,61.38304317386462,59.138010280934026,8.499463886002642,115.02236079607009,114.02297312931344,3.511858626176715,17.68106728569515,17.322421364155296,2.349899775068713
front,log-0155-filtered-c01,40.0,oracle-power,training_window,2.6325643007395194,2.656068177942997,0.31384549247349824,0.04049831541043115,0.04116717887997674,0.0035207897565290324,0.13241030142917723,0.13467028268005177,0.008180716512693411,3.642585681574301,3.711675277557351,0.2170516152352351,2.632564300714457,2.656068177908984,0.31384549254192967,0.13241030142917723,0.13467028268005177,0.008180716512693404,3.642585681574301,3.7116752775573505,0.217051615235235,5.17837484003142,5.313353284887272,0.3486174812644491,3.570626089273912,3.622256578118403,0.29672774798592677,4,1.0,0.9911692348493281,0.9908835562154057,0.0010750948088014715,0,0.0,0.13282170948024274,0.1350478914853171,0.008579033137204527,3.6538717035781563,3.7220533750544282,0.22764584609631625,27.26981853605734,27.265600971781737,0.13374523804759764,0.9911692351669348,0.9908835567323608,0.0010750952611457312,4,4,3998.5,3998.5,0.5773502691896257,90.11331704089451,90.24565167265928,2.7297319323183866,153.8180977546588,154.71550900530394,10.615586268051214,27.51272531881973,27.49944562181569,0.1162060149864934
front,log-0078-valid,5.0,oracle-power,full_log,6.37107861635385,5.990332680074308,1.1782996047250103,0.09167797428448918,0.08289253797374263,0.02309320132108081,0.2900074028375179,0.26221619576560184,0.07305134510878553,8.31721892523873,7.5201856386668275,2.0950638642605517,6.782061915307094,6.807759713126095,0.7621881819549391,0.3300342542964594,0.29455229884352907,0.08381828100780851,9.465162333630095,8.447563511978874,2.403852406035669,8.348892467972885,8.07147538325182,1.7514876067803105,8.348892467972885,8.07147538325182,1.7514876067803105,4,1.0,0.9665366166618408,0.9711771659371332,0.009709249046211618,0,0.0,0.2900074028375179,0.26221619576560184,0.07305134510878553,8.31721892523873,7.5201856386668275,2.0950638642605517,29.590733166415227,29.244632782417362,4.236879059857677,1.0317789817470464,1.0197110448096516,0.14773283032834456,4,4,488.0,488.0,0.0,90.7221062654512,90.7221062654512,0.0,193.85894322332638,193.85894322332638,0.0,28.679333161362813,28.679333161362813,0.0
front,log-0080-valid,5.0,oracle-power,full_log,6.796028835146759,6.696026282349694,0.6479736409370149,0.0943666369083006,0.08892740838731052,0.0190458763056735,0.3161179792489106,0.2978971547598567,0.06380161599511895,9.801396481080138,9.236450679978546,1.978201100701678,8.331073846805003,7.481801748287033,2.638650949660555,0.36271150654842954,0.37068252371942867,0.07088109493654819,11.246052161847434,11.49319754673218,2.1977038956685186,9.356138484328518,9.061276757600533,2.7348501645690986,9.356138484328518,9.061276757600533,2.7348501645690986,4,1.0,0.9558500901750243,0.9637095874004245,0.01794579860231279,0,0.0,0.3161179792489106,0.2978971547598567,0.06380161599511895,9.801396481080138,9.236450679978546,1.978201100701678,32.88629847341176,32.99277372277476,2.5961116574780365,1.0606601047574191,1.064094180782568,0.08373067783255886,4,4,488.0,488.0,0.0,103.86506081174115,103.86506081174115,0.0,205.33557480115962,205.33557480115962,0.0,31.00550150411578,31.00550150411578,0.0
front,log-0081,5.0,oracle-power,full_log,9.520453503187436,9.504442139899801,1.792867096019459,0.27858230774248394,0.186179543677775,0.22099320251013946,0.9492489431710414,0.6343932481152432,0.7530182574431398,19.473951761569275,13.014650793701701,15.448256568020605,10.090636343247327,10.699299779819112,1.5622933865194484,1.0138008984644726,0.74727006029443,0.7114479164593183,20.79824258384807,15.330331639270069,14.595436218991196,38.41653125775545,13.944435491762373,51.344434734037215,38.41653125775545,13.944435491762373,51.344434734037215,4,1.0,0.820468918624786,0.8665317243635747,0.1207243840952328,0,0.0,0.9492489431710414,0.6343932481152432,0.7530182574431398,19.473951761569275,13.014650793701701,15.448256568020605,31.10954564036448,26.31253178676441,14.745652039549238,1.5164206876554152,1.2825924237951285,0.7187701184786172,4,4,488.0,488.0,0.0,69.90376352101518,69.90376352101518,0.0,197.4047490481513,197.4047490481513,0.0,20.515115557058188,20.515115557058188,0.0
front,log-0098,5.0,oracle-power,full_log,6.893279089583617,6.824477207249975,0.2933210657438248,0.10385404259969223,0.1040608129547741,0.002106011811019544,0.34557678408457415,0.34626481733358927,0.0070078041323970676,9.410753758345816,9.429490293270138,0.19083665950362913,8.909140786829429,7.0948383656182585,3.69437122088675,0.4192260038214164,0.3559455245804374,0.13278428848903762,11.416370753925303,9.693115502781971,3.6159843470320245,11.003739124146854,10.482416278002688,2.0270740784374186,11.003739124146854,10.482416278002688,2.0270740784374186,4,1.0,0.9428985490690509,0.9430356741389252,0.0031551020003683854,0,0.0,0.34557678408457415,0.34626481733358927,0.0070078041323970676,9.410753758345816,9.429490293270138,0.19083665950362913,25.30863962832492,25.668680117325884,2.7910828904400997,0.9293706452106008,0.9425918639911739,0.10249268806299204,4,4,500.0,500.0,0.0,90.61518957542924,90.61518957542924,0.0,199.7034809556106,199.7034809556106,0.0,27.23201960245886,27.23201960245886,0.0
front,log-0099,5.0,oracle-power,full_log,8.781659876006593,8.549792256357199,1.4891590668346761,0.2511522843216585,0.15391266896457645,0.20400549797783682,0.8356244000023618,0.5120924223471026,0.6787593921566097,16.556943852676326,10.146526937411146,13.448842740089848,10.824311812963963,11.252025626581055,1.6585857369205312,0.9777564691918226,0.7216129500052804,0.6308957503741203,19.373128599349542,14.297937083416649,12.50047930123496,37.6784003210516,11.402788781831934,53.43909669226847,37.6784003210516,11.402788781831934,53.43909669226847,4,1.0,0.8166803914792853,0.8795319044231157,0.13159630481181567,0,0.0,0.8356244000023618,0.5120924223471026,0.6787593921566097,16.556943852676326,10.146526937411146,13.448842740089848,26.005609377473245,20.840779518675497,13.258218824035856,1.3124959488966441,1.0518284072129462,0.669138655570433,4,4,500.0,500.0,0.0,65.92392299912883,65.92392299912883,0.0,187.74146730164688,187.74146730164688,0.0,19.813858777495643,19.813858777495643,0.0
front,log-0113,5.0,oracle-power,full_log,4.263974373228605,4.257978077270175,0.29617461901011644,0.06454747595257718,0.06423753563943885,0.007705664844543059,0.2259261868410194,0.22484134762674707,0.026971023261723695,5.883691583410688,5.855439615617068,0.702393931309276,4.3559338296732015,4.319420146375043,0.4147540179974474,0.23751747897757364,0.23232669921469035,0.03798868679481392,6.185558263578621,6.050377177980492,0.9893218660692683,7.099134996369792,6.497270235188736,2.053121244354208,7.099134996369792,6.497270235188736,2.053121244354208,4,1.0,0.9764927027044289,0.976865933668406,0.003709745668463223,0,0.0,0.2259261868410194,0.22484134762674707,0.026971023261723695,5.883691583410688,5.855439615617068,0.702393931309276,26.63483424399579,26.910060131781563,1.5777551777355452,1.0227433665719634,1.0333116865571061,0.06058376888406411,4,4,500.0,500.0,0.0,91.152930406348,91.152930406348,0.0,196.08948725647684,196.08948725647684,0.0,26.042539227871565,26.042539227871565,0.0
front,log-0115,5.0,oracle-power,full_log,5.496741613825093,5.523739600639712,0.29286395138024923,0.14540319868945534,0.1486848411889753,0.02019531116230759,0.501247331660104,0.5125601126798662,0.06961914128018633,12.19239132399991,12.467564565718412,1.6934231077452508,4.987168771073419,5.09305256269184,0.3080737465996883,0.5254510318368132,0.5335478121658995,0.06778728958408124,12.781124600775362,12.97807151301075,1.6488649598694813,11.242937445599239,11.340024390583082,1.2711188599308119,11.242937445599239,11.340024390583082,1.2711188599308119,4,1.0,0.9313157065094244,0.9278935910647717,0.025379457154428835,0,0.0,0.501247331660104,0.5125601126798662,0.06961914128018633,12.19239132399991,12.467564565718412,1.6934231077452508,31.144742935847386,31.13122301569622,0.4464801629202022,1.2804066796235232,1.2798508556083694,0.01835546320289032,4,4,500.0,500.0,0.0,83.85229096671934,83.85229096671934,0.0,194.67735718346603,194.67735718346603,0.0,24.324102202438407,24.324102202438407,0.0
front,log-0116,5.0,oracle-power,full_log,4.589978816076235,4.416134120688083,0.4698458230959974,0.05844423919989812,0.0564550870689387,0.0049079692934301585,0.1882135361212339,0.18180768053005336,0.015805599808244825,6.089369559568148,5.8821176113618385,0.5113667184970544,5.729332405296128,5.645531480209802,1.1249090903535452,0.22712777661876954,0.22856219769685107,0.03840809072705523,7.348382042957081,7.394790607550684,1.2426367589407172,5.800342229284399,5.559459448529471,0.5751529612568499,5.800342229284399,5.559459448529471,0.5751529612568499,4,1.0,0.9827168361489795,0.9840420646030983,0.0030297068620094214,0,0.0,0.1882135361212339,0.18180768053005336,0.015805599808244825,6.089369559568148,5.8821176113618385,0.5113667184970544,30.623510845871756,30.564227243418188,0.29497437997598985,0.9465280778848383,0.9446957081554861,0.00911722807711915,4,4,500.0,500.0,0.0,104.19109980609964,104.19109980609964,0.0,215.69220856612964,215.69220856612964,0.0,32.353515507225815,32.353515507225815,0.0
front,log-0122,5.0,oracle-power,full_log,5.287447726164648,5.277042564035216,0.7721491584475094,0.0719970487293447,0.07174374008770129,0.018141539938419052,0.2335944432929239,0.23277258333935247,0.05886023103977744,7.7585995542071595,7.731302319823019,1.9549821300033523,5.81479926753577,5.807139580986899,0.9077483089031865,0.26631068617166337,0.2615648470014012,0.07533339183930218,8.845235964885898,8.687607790381072,2.5021212495555476,7.22058627135932,7.119355185633799,1.9099261960587055,7.22058627135932,7.119355185633799,1.9099261960587055,4,1.0,0.9775019951358731,0.9776165342217603,0.007593876479592595,0,0.0,0.2335944432929239,0.23277258333935247,0.05886023103977744,7.7585995542071595,7.731302319823019,1.9549821300033523,35.61793525643666,35.83192959183481,2.0962743799546195,1.0723780366985252,1.0788209375462774,0.06311423129309292,4,4,500.0,500.0,0.0,107.76274432266965,107.76274432266965,0.0,208.61012873759907,208.61012873759907,0.0,33.213973093007155,33.213973093007155,0.0
front,log-0129,5.0,oracle-power,full_log,92.74168218714253,6.681403190087153,173.59644142122704,1.7423976853088654,0.10937813269844249,3.3021398536559303,5.861143495261302,0.3679303160206292,11.107863426866139,188.6861961045725,11.844680448041267,357.59242177895766,93.935973820675,6.911618439156326,175.17666426880953,6.520072246302757,0.39237154451078426,12.382230131689711,209.89890991007306,12.631510259605957,398.6177619996646,231.8203953402796,12.643275309804942,442.5304388627751,231.8203953402796,12.643275309804942,442.5304388627751,4,1.0,0.9001934437306738,0.9549193637854921,0.129064579353937,0,0.0,5.861143495261302,0.3679303160206292,11.107863426866139,188.6861961045725,11.844680448041267,357.59242177895766,213.94374368619282,37.797841080190146,355.7060610211963,6.6457165788811645,1.1741111695277229,11.049267560749144,4,4,500.0,500.0,0.0,108.29111958509354,108.29111958509354,0.0,210.7056267839625,210.7056267839625,0.0,32.19272762339365,32.19272762339365,0.0
front,log-0145-filtered-c01,5.0,oracle-power,full_log,3.1051734222624523,3.1173898181893245,0.12706026166167114,0.07309046038142367,0.06994398643997829,0.010488002038356493,0.2484217414952486,0.23772742472635408,0.03564689177736286,4.37386210250488,4.185571550534231,0.6276205459258578,3.280519752304471,3.269009137070978,0.23132345677018185,0.27532150186485,0.27223719987465966,0.032502384682108545,4.8474754092102135,4.7931713394199615,0.5722564689646081,14.330706728330536,7.916663370477455,14.812643652265125,8.142911998056675,5.35707202551399,6.443153005895385,4,1.0,0.9758058862098389,0.9767701436929652,0.004113898890297897,0,0.0,0.2484217414952486,0.23772742472635408,0.03564689177736286,4.37386210250488,4.185571550534231,0.6276205459258578,19.236012459382735,19.007725818137146,0.649707581292745,1.0925455815919447,1.079579611552365,0.036901366578287007,4,4,500.0,500.0,0.0,59.841764297006954,59.841764297006954,0.0,126.23251970541182,126.23251970541182,0.0,17.606599471441736,17.606599471441736,0.0
front,log-0147-filtered-c02,5.0,oracle-power,full_log,3.0589260850793205,3.052141348356819,0.27787782722918947,0.1282833212018053,0.13247342902410333,0.04751901924848777,0.44666673516619126,0.4612561748801503,0.1654553763277742,7.845075457509928,8.101318527404569,2.9059918949620016,3.134813464048248,3.1548580385586207,0.3001606106475877,0.44892825591994545,0.46153546557514075,0.16339828434632714,7.884795901333277,8.10622387719733,2.8698619561352694,28.85294481091388,18.949505307105532,27.529834530244855,10.840665562471834,8.89375223555523,5.881676911650796,4,1.0,0.9175213030472783,0.9183905212974786,0.04906648764656551,0,0.0,0.44666673516619126,0.4612561748801503,0.1654553763277742,7.845075457509928,8.101318527404569,2.9059918949620016,19.95416180691253,20.480210014754796,1.7863810221491818,1.1361089329917697,1.166059981494688,0.10170928033106288,4,4,498.5,498.5,1.2909944487358056,61.15429023831297,61.15429023831297,0.0,143.8427936441168,143.8427936441168,0.0,17.563599077041214,17.563599077041214,0.0
front,log-0151-filtered-c01,5.0,oracle-power,full_log,4.4706115188680595,4.527993501842652,0.5091688674845586,0.20495999125822556,0.22451667194562108,0.08585238186758487,0.6771638711914323,0.7417768599051502,0.2836462418814908,13.046247449230247,14.291082082404563,5.464731975613653,4.156703083737752,4.120518284692043,0.14844218253642177,0.6851593257411338,0.7460403410184393,0.27832360969213565,13.200287974666065,14.37322236183386,5.362186078560125,13.548401268390602,13.524233609000227,4.489842991212782,10.90854309166507,11.893997221943657,4.405245604596247,4,1.0,0.8493265962103966,0.8279959748935858,0.07846724166446846,0,0.0,0.6771638711914323,0.7417768599051502,0.2836462418814908,13.046247449230247,14.291082082404563,5.464731975613653,24.741427287519304,25.236903376654922,3.7946251302234533,1.284200744008303,1.309918369548332,0.19695955123509604,4,4,496.75,500.0,6.5,63.65265420407588,63.65265420407588,0.0,164.33409863644093,164.33409863644093,0.0,19.26601226712834,19.26601226712834,0.0
front,log-0152-filtered-c01,5.0,oracle-power,full_log,3.542899263708793,3.4559085304236996,0.18641693326220862,0.08935186338969689,0.0924490618725881,0.009931185082267605,0.311788195909276,0.3225956921462817,0.034654300006443706,5.611158454210963,5.805657715808325,0.6236630219076701,4.672153957181366,4.306324545336333,1.1997621627305846,0.3695571393761691,0.37551854888359004,0.0775036059838422,6.650808767397976,6.758094462608554,1.3948091032753984,11.841103675625877,11.612804096015957,6.62282091697892,11.841103675625877,11.612804096015957,6.62282091697892,4,1.0,0.9610236276902632,0.961241080300463,0.007833020742036664,0,0.0,0.311788195909276,0.3225956921462817,0.034654300006443706,5.611158454210963,5.805657715808325,0.6236630219076701,18.155064713015015,18.1317407460852,2.9072253111351176,1.008799683644487,1.0075036700619378,0.16154213826921143,4,4,498.25,498.5,1.707825127659933,62.798449202325,62.798449202325,0.0,120.36651931469572,120.36651931469572,0.0,17.996699451199543,17.996699451199543,0.0
front,log-0155-filtered-c01,5.0,oracle-power,full_log,2.2851107705179667,2.281262514901522,0.06518401867336789,0.04926429558896055,0.048975000611619204,0.0011114751794277066,0.16299893727979384,0.16204175777883317,0.00367749646866324,4.322389283214035,4.297006894309482,0.09751947828912591,2.3779795873447322,2.3749834691013443,0.043382698143687164,0.16485089987268117,0.164017259281284,0.003909992446028028,4.371499439378236,4.349393042744974,0.10368478303112516,6.103809004436074,6.320194558198514,0.8351985045420055,6.103809004436074,6.320194558198514,0.8351985045420055,4,1.0,0.9875707740592741,0.9875480234127406,0.00022267762649763636,0,0.0,0.16299893727979384,0.16204175777883317,0.00367749646866324,4.322389283214035,4.297006894309482,0.09751947828912591,27.28191537029452,27.12821243702765,0.40798305228846987,1.0288113635634049,1.0230151677240849,0.015385195454153634,4,4,500.0,500.0,0.0,87.73878184066888,87.73878184066888,0.0,168.93012807396792,168.93012807396792,0.0,26.51789855411444,26.51789855411444,0.0
front,log-0078-valid,5.0,oracle-power,full_log_excluding_training,6.407172556681266,6.038331546865785,1.2576358449366338,0.09225096301055477,0.08344649103478666,0.0231501630593347,0.2913029018123742,0.26366630992609225,0.07273798766654578,8.352255625566853,7.567115503201108,2.165502962788021,6.888068110627723,6.8640086933611855,0.8118719856070169,0.3338170376695959,0.2979149432755835,0.08345430509596193,9.570096311490568,8.549418924931343,2.4808241341960398,8.416685986444705,8.157203812772412,1.795672502655248,8.416685986444705,8.157203812772412,1.795672502655248,4,1.0,0.9664546916639831,0.9710890545763577,0.009503957482653409,0,0.0,0.2913514820672671,0.2637051934505421,0.07274962987293439,8.35364714340292,7.568230701586312,2.1658463270928037,29.589902559318084,29.108563135782475,4.552076272325424,1.032745404373379,1.021420986685571,0.14978888220469744,4,4,488.0,488.0,0.0,90.40959161182552,90.67216606565475,0.9951345822890753,193.85894322332638,193.85894322332638,0.0,28.625893979191254,28.69755236444741,0.32745925822096866
front,log-0080-valid,5.0,oracle-power,full_log_excluding_training,6.813704483411197,6.7306148832799835,0.6959993991645408,0.0946248810238047,0.08979846310244897,0.0194789579289103,0.31671045717613866,0.2999677044603043,0.06489944065747352,9.821985301380321,9.288709958789031,2.0327707506073964,8.398776632096308,7.556235719613685,2.6470113395664017,0.3647387655491542,0.3730820616102357,0.0712264106395602,11.307627205821548,11.56621816448708,2.2037988796188746,9.3581942319762,9.104275041850329,2.7949885679495012,9.3581942319762,9.104275041850329,2.7949885679495012,4,1.0,0.9558405378181319,0.9635223287679773,0.018116480750338677,0,0.0,0.3167214335649382,0.29996912947598864,0.06488821151642447,9.822324833289807,9.288753969261695,2.0324220952887875,32.908263706124856,33.010320042820965,2.577636520486181,1.061548137194814,1.0636106494022473,0.08583068978905123,4,4,488.0,488.0,0.0,103.79348740967313,104.0269956709072,0.6072745858583325,205.33557480115962,205.33557480115962,0.0,31.005113788275555,31.021618773766306,0.13867813933175482
front,log-0081,5.0,oracle-power,full_log_excluding_training,9.545547885650928,9.540763369443095,1.812071656331706,0.27908644208924116,0.18682027798069462,0.22147668361065215,0.9511399182899801,0.6363600382041601,0.7550095950382302,19.520811763504565,13.045465124647647,15.500700500679248,10.135632895509517,10.744370391078153,1.5698327768117335,1.0162564875874054,0.7493857756639843,0.7130312361860368,20.85812710154482,15.374049261453308,14.63903339100881,38.44240038540964,13.987266127443498,51.32781473009918,38.44240038540964,13.987266127443498,51.32781473009918,4,1.0,0.8203758395315525,0.8664981135108218,0.1207110010826408,0,0.0,0.9511424830603499,0.636361570158584,0.7550078005271953,19.52086444132795,13.04549652320454,15.500663658323313,31.15932753513207,26.333610051788646,14.801177545050965,1.518265363824724,1.2843862125485415,0.7211275414833065,4,4,488.0,488.0,0.0,69.94766020686494,69.97446226203527,0.14590125333837645,197.4047490481513,197.4047490481513,0.0,20.52476429646936,20.528773048276832,0.030586306860683376
front,log-0098,5.0,oracle-power,full_log_excluding_training,6.895957138178882,6.857883140878481,0.2079183197500174,0.10345752250302095,0.10318008513991667,0.0023633677552826345,0.34334131954662195,0.34235585966908666,0.00789680969444362,9.40629551817262,9.379255942013266,0.21594141658944616,8.998097893862862,7.136702886023052,3.7589573298205816,0.4197657599121888,0.35694099440047256,0.13370061723033974,11.499970936192593,9.778762541191956,3.6624696091831397,10.978561782330866,10.480827892644996,2.063456336714025,10.978561782330866,10.480827892644996,2.063456336714025,4,1.0,0.9440065642319184,0.9433526691068128,0.005003728476471545,0,0.0,0.3433880860446839,0.34244551926831757,0.007878536773398795,9.407576701595458,9.38171219009083,0.21543713894710387,25.452061356077316,25.832823621009563,2.848802923410634,0.9290310430797699,0.9428845509276285,0.10399002064585981,4,4,500.0,500.0,0.0,90.9192332721948,90.93684517018757,0.04279746076947995,199.7034809556106,199.7034809556106,0.0,27.396360120500983,27.396214069200706,0.0015882631357890021
front,log-0099,5.0,oracle-power,full_log_excluding_training,8.786508534942403,8.541974965513965,1.5048475629109366,0.25116540834935736,0.15412578134300783,0.20400576810904517,0.8358171367749163,0.5123448220410767,0.679239642881431,16.586828164451454,10.138053351370555,13.516445948396504,10.879295894515431,11.31295875393892,1.6756797968049826,0.97998022336503,0.7251327759581399,0.6305796766849117,19.44177506476299,14.347621453279283,12.553093492603395,37.674029140956904,11.413172867826543,53.41864069672173,37.674029140956904,11.413172867826543,53.41864069672173,4,1.0,0.8166937682387012,0.8794831586327928,0.13160207044299946,0,0.0,0.8358272511232672,0.5123602495006353,0.679235625296808,16.587028438151133,10.13835853945368,13.516366450601465,26.035777188115347,20.804828491456533,13.344956179571726,1.3124683799144297,1.0512821771038636,0.6698802696930495,4,4,500.0,500.0,0.0,65.96118617503573,66.01814935740991,0.23962898121972503,187.74146730164688,187.74146730164688,0.0,19.82487682609167,19.838501862653146,0.05553663114094294
front,log-0113,5.0,oracle-power,full_log_excluding_training,4.287667890951035,4.29342183538025,0.31117678144129435,0.06487853187795804,0.06456514835594235,0.007634354546003089,0.22656914185666993,0.22547806059679276,0.026651750714517003,5.912649153910073,5.89579499286801,0.7200151255729338,4.387947249594308,4.361032639513592,0.43701387993145396,0.2384980789725589,0.23320085230310872,0.03809508534882005,6.224188805576087,6.097034911510066,1.014607906032769,7.116236377786791,6.532483681520158,2.0355740505931443,7.116236377786791,6.532483681520158,2.0355740505931443,4,1.0,0.9763814717009591,0.9767687322151355,0.003661752425477571,0,0.0,0.22657369099192476,0.22548095777707747,0.026655488929388266,5.9127679629991725,5.895870487224158,0.7201109484275718,26.679337291899365,26.924060157452974,1.702143544351754,1.0225587399508795,1.0336769811481687,0.06139451267580067,4,4,500.0,500.0,0.0,91.10008514812132,90.97853213953302,0.555339575619986,196.08948725647684,196.08948725647684,0.0,26.086515954616246,26.101855265717752,0.1358769055389782
front,log-0115,5.0,oracle-power,full_log_excluding_training,5.581231533197387,5.60517077253416,0.30415456249225786,0.1478838707576995,0.15164121540416214,0.02196912917645049,0.5089477789398337,0.5204524831472798,0.07659156102093567,12.33932447522009,12.61980472228376,1.7132314839493539,5.082782947733639,5.196836752669848,0.34050021203864955,0.5342283637783528,0.542339767584422,0.07481216959804603,12.953948337640128,13.152716041930756,1.666953559305013,11.341791038043024,11.44513460564604,1.2051172701311645,11.341791038043024,11.44513460564604,1.2051172701311645,4,1.0,0.9300611095696287,0.926508583062438,0.026683622044386634,0,0.0,0.5089674387729552,0.5204694469246627,0.07658988077524748,12.339802475120724,12.620217788532173,1.7131877674221823,31.25790546879981,31.257179025955566,0.5514874782439562,1.2875259475414946,1.2879813602430963,0.01928956245947457,4,4,500.0,500.0,0.0,83.5371888768441,83.7785263871746,1.1016066262780364,194.67735718346603,194.67735718346603,0.0,24.278417469882655,24.287051079932624,0.3328949357763062
front,log-0116,5.0,oracle-power,full_log_excluding_training,4.586429066021783,4.388904730767615,0.4716406524333639,0.05835028989802914,0.05613765832083015,0.004904820700201544,0.18732841731136013,0.18032257576875166,0.015723861099283813,6.088873772418342,5.872566831258843,0.5045612422977975,5.788932875588044,5.685553497146536,1.1543233573772949,0.22790363151360232,0.22942692032462114,0.03857556953109803,7.408871099463806,7.443763987916328,1.2609139618571117,5.790130634242242,5.55054162036453,0.5666446326986871,5.790130634242242,5.55054162036453,0.5666446326986871,4,1.0,0.9829332379802,0.9842898929587496,0.002991779827313978,0,0.0,0.18735856935334175,0.1803584939086545,0.015725304002499316,6.089854825092901,5.873737733302972,0.5046224448687302,30.739089840441817,30.70108702796867,0.33152066043749046,0.9456502234851143,0.9439822038935103,0.009888494291361467,4,4,500.0,500.0,0.0,104.35764204454765,104.26852404469214,0.33382078287474815,215.06306714662918,215.69220856612964,1.2582828390009126,32.505753257594115,32.48816520307203,0.07620853992606386
front,log-0122,5.0,oracle-power,full_log_excluding_training,5.306609908810713,5.303003816527994,0.7776587549390778,0.07238905841124665,0.07223488842421208,0.018365136172609015,0.23506530912762175,0.2348088654013268,0.059487167756272864,7.784025419984297,7.759898535259776,1.9659264489968398,5.859401337846155,5.849355817478781,0.9229921282784546,0.26868768660984116,0.26445659114418907,0.07637041171360132,8.897554274309071,8.739628768706298,2.525579268404919,7.247048660266744,7.152816209547258,1.9300569444409192,7.247048660266744,7.152816209547258,1.9300569444409192,4,1.0,0.9773224955732729,0.9773637517196634,0.007635472707459193,0,0.0,0.2350729237642942,0.2348155355570728,0.05949105513378234,7.784277608011213,7.760118954684058,1.9660553588377514,35.55672671693734,35.71313474259391,2.09066424092644,1.073665060116539,1.080619572308041,0.06412707495232652,4,4,500.0,500.0,0.0,107.55663028381808,107.51916878839785,0.19455780267833486,208.3172371965101,208.61012873759907,0.5857830821779828,33.118722845358654,33.10651964470136,0.08463526161302326
front,log-0129,5.0,oracle-power,full_log_excluding_training,93.23000736097573,6.712931002812368,174.52062167725512,1.7534051640470114,0.11005260060049181,3.323195736246953,5.941680164212918,0.36941744474709537,11.266760398609508,189.49311129036255,11.89759754351844,359.1208567415729,94.97905445591427,6.964464064106636,177.1675905735844,6.618671601832349,0.3942208892282583,12.576591579777281,211.08161367421548,12.698529539170273,400.87251277903835,231.49077628623434,12.664166660073255,441.83558594614317,231.49077628623434,12.664166660073255,441.83558594614317,4,1.0,0.9005611895118428,0.9547096431098151,0.1280347359983737,0,0.0,5.941770117361369,0.3694207854811069,11.266934391562758,189.49597980306962,11.897705419868794,359.1264028651846,214.73331341057727,37.86866010605487,357.1461711861848,6.726685032617552,1.1755837801278273,11.209318845501588,4,4,500.0,500.0,0.0,108.21339157363828,108.27391565104304,0.3462726636710039,210.7056267839625,210.7056267839625,0.0,32.14176119567102,32.1980611031653,0.18812198642642516
front,log-0145-filtered-c01,5.0,oracle-power,full_log_excluding_training,3.1199857596782756,3.129515472388142,0.12767308970415947,0.07353604963422841,0.07070810832672511,0.010451983558325984,0.24959593419272794,0.2395753145993174,0.035614068509530895,4.390334107405865,4.196249151996497,0.634310799228311,3.30590608782063,3.2910736738947812,0.23380899087770055,0.27717739387437007,0.27508464093139107,0.03265429113638579,4.874802131599921,4.818102843789532,0.5765327136419676,14.34819659530551,7.936605950452354,14.811661963910641,8.158012421307173,5.376634572384425,6.443656932857852,4,1.0,0.9756848670604211,0.9765231452922567,0.004061548565623009,0,0.0,0.24960125205868364,0.2395822423202765,0.03561317511036405,4.390427509080742,4.196370471675957,0.6342942225388413,19.23835614642281,18.941074141374372,0.695855575130121,1.0938218420440249,1.0812492283839714,0.037285123613793665,4,4,500.0,500.0,0.0,59.69344067814483,59.700847846979656,0.4047557840449176,126.23251970541182,126.23251970541182,0.0,17.587430880635782,17.593719495253985,0.08457993564755509
front,log-0147-filtered-c02,5.0,oracle-power,full_log_excluding_training,3.078511676484439,3.0714471493364135,0.2840224317156512,0.12902546135414472,0.13357513342940658,0.04816743950511229,0.4488855561524151,0.4639832845199481,0.16739745910792023,7.894080583161373,8.15391046280144,2.933463184212352,3.157261020461188,3.177176405030762,0.3061274372313603,0.45119765011365187,0.4642693201278941,0.16529491728098702,7.934783491087178,8.158926082133805,2.896354813508419,28.868273339387247,18.96482780583898,27.517501642175958,10.864820964317174,8.935874963180297,5.871210500724666,4,1.0,0.9168941538779427,0.917628625100875,0.049695014018103584,0,0.0,0.4488860369275588,0.46398334366917254,0.1673970180937483,7.894089046905871,8.153911499976637,2.933455400644616,20.0168066191176,20.539016293448263,1.792767877906785,1.137784802125573,1.168060172891293,0.10270322702085696,4,4,498.5,498.5,1.2909944487358056,61.2250064781572,61.35349843015943,0.30080270606864834,143.8427936441168,143.8427936441168,0.0,17.59375748935545,17.60321634680063,0.05385753726292743
front,log-0151-filtered-c01,5.0,oracle-power,full_log_excluding_training,4.607500647814507,4.679002644810062,0.6010692993998977,0.2086116629947969,0.22788705253475083,0.08660224706447192,0.68693781222041,0.7523430422502257,0.28624599157557523,13.367486560887759,14.666057069354801,5.673189743355745,4.270302612012401,4.212290982812858,0.20866453331144358,0.6957312172694881,0.756962876035889,0.28019047434275457,13.536663494293437,14.755629824661018,5.558833688171595,13.709103036026118,13.713162686174647,4.590007938601628,11.105591529950207,12.068620413267249,4.569842061289236,4,1.0,0.8468439076135752,0.8248682375053864,0.0791215735031321,0,0.0,0.6869637152507023,0.7523568218588247,0.28622847935470186,13.367984968352278,14.666324231869972,5.67285912158323,25.07938217299155,25.68603986230731,4.188413406849726,1.291838271567934,1.317938553811282,0.19991217024297966,4,4,496.75,500.0,6.5,63.74625508206775,63.97490751189379,1.1804859021053093,164.33409863644093,164.33409863644093,0.0,19.384089110086215,19.385906133138914,0.2889656923047177
front,log-0152-filtered-c01,5.0,oracle-power,full_log_excluding_training,3.5344065640579463,3.465503914680378,0.21228132636623648,0.0885023706352355,0.09174160332036663,0.01054260507600523,0.31085998601081877,0.3224768007240858,0.036814441223902775,5.613770694434125,5.8157126748641685,0.6862826989236408,4.760508098283588,4.403674190564291,1.2550481409604097,0.37161971425526064,0.3794058310155972,0.08096139104522469,6.711559920244601,6.855860348441427,1.4773204248342995,11.787140660887715,11.52018881371359,6.612465015923807,11.787140660887715,11.52018881371359,6.612465015923807,4,1.0,0.9612096137517945,0.9611767913648426,0.008728842505098418,0,0.0,0.3109266551231498,0.32259154075663,0.036843367223666185,5.6149753609716235,5.817784841820112,0.6867992912777412,18.184698637349204,18.192085758743744,3.0153137092175673,1.0066887945320935,1.0059775386547225,0.16173338069234608,4,4,498.25,498.5,1.707825127659933,63.41200989777671,63.40954580085381,0.3232866198148284,120.36651931469572,120.36651931469572,0.0,18.052410494870205,18.03434809298389,0.10178743883834063
front,log-0155-filtered-c01,5.0,oracle-power,full_log_excluding_training,2.301148459874808,2.304943195217748,0.07240566713162976,0.04984848553829203,0.04953285953029882,0.0009571696894996196,0.16484061420405727,0.16383137630838657,0.00339752375605842,4.374043128392273,4.345036905949158,0.10911953417468327,2.4013181702644024,2.4038615849909952,0.03729070860773387,0.16680935500662486,0.16593227621708545,0.0035371139621061557,4.426327489292597,4.400848690212301,0.11482301087090573,6.1365291913306015,6.361861415379352,0.8478633997798045,6.1365291913306015,6.361861415379352,0.8478633997798045,4,1.0,0.9873246369145219,0.9873118992884975,0.00026150248478505546,0,0.0,0.16484327913633062,0.16383422356916666,0.003397551368657839,4.374113902007933,4.345112545882063,0.10912380753323986,27.32786959468,27.14728791391912,0.5339002980483782,1.0298984945333376,1.0240565842615086,0.015650993176606235,4,4,500.0,500.0,0.0,87.73990056866535,87.72005651657408,0.5701985418799673,168.93012807396792,168.93012807396792,0.0,26.533279904989342,26.521280155937475,0.12958045767791354
front,log-0078-valid,5.0,oracle-power,training_window,3.636197720655913,3.343855106334364,2.081082370196708,0.047751021256531176,0.049280395927729446,0.014317988454613802,0.16249356451235392,0.1687529964382314,0.04999823053676825,4.648009559618525,4.396855657164331,2.496461644539133,3.6361977336813798,3.3438551328797157,2.081082372006265,0.16249356451235406,0.16875299643823166,0.04999823053676836,4.6480095596185285,4.3968556571643385,2.496461644539134,4.692821051097558,4.683684611630374,2.4790489435557737,4.756470414489003,4.190262049977866,2.8510656012268076,4,1.0,0.9857350747083031,0.9853792107832332,0.007944531811656995,0,0.0,0.2561625331529349,0.24253917228592103,0.05753936726245497,6.7752244931623125,6.655404209062231,1.561898433478095,26.653537328917267,25.506942623188287,6.9164972708868735,0.9857350710204362,0.9853792035523437,0.007944534583017047,4,4,488.0,488.0,0.0,92.05128122162708,88.48908691627243,24.652030590777876,136.21113395757004,132.58743085283248,40.66739050188842,27.080008722753835,25.890239522968216,7.2333366648962585
front,log-0080-valid,5.0,oracle-power,training_window,3.289297370362378,2.8186346206887922,2.2415473965019292,0.05488735223639228,0.05268754783357937,0.024604426917009405,0.16968684979542192,0.17432194967662554,0.07251225218396026,4.3034751471790305,3.5934199631670283,2.9797419004335772,3.2892973708392517,2.8186346206764004,2.241547396371827,0.16968684979542192,0.17432194967662554,0.07251225218396026,4.3034751471790305,3.5934199631670283,2.9797419004335772,3.9031885028539994,3.3980709179465505,2.683088986237015,4.588078404360906,3.3952575525305653,3.9770109955653417,4,1.0,0.9834381178504723,0.9846788076253765,0.012237719157520213,0,0.0,0.23496983551328882,0.1845690884016133,0.11410792096567868,6.120168301206705,3.8013683358548453,5.008841244770397,23.199202707549865,20.631637307540515,6.305117727512014,0.9834381165311867,0.9846788076728539,0.012237717216050558,4,4,488.0,488.0,0.0,72.59556121338983,68.51558673584887,18.71266966094729,100.70009727978615,101.94009080901603,37.762318166915314,23.645770407075634,20.820290729323645,6.740472388882226
front,log-0081,5.0,oracle-power,training_window,2.5037381605795557,2.4286075620320986,0.7131677405083512,0.055098173044812085,0.05379095452962784,0.01256175976562946,0.18394153529601112,0.18239727971326214,0.0413440361532987,3.179685787523626,3.219781046557614,0.7654305314146965,2.503738160383483,2.428607562044932,0.7131677408267116,0.18394153529601112,0.18239727971326214,0.04134403615329869,3.179685787523626,3.219781046557614,0.7654305314146965,3.416281020629832,3.529578071236626,0.4582784453374456,2.97513469715564,2.9736772486966663,0.8637044850943809,4,1.0,0.9822616529977763,0.9828412079238972,0.0077939847693581235,0,0.0,0.407823481123552,0.27584988261184495,0.2954883335726293,6.347546004642461,5.959084509925397,2.414999573300324,17.680109920285254,17.573703475427493,5.8408471165913065,0.9822616519959022,0.9828412060089834,0.0077939855791789745,4,4,488.0,488.0,0.0,59.89463414548478,60.8668501823898,18.61522381961158,91.92679708187427,95.79370623441505,16.451231164822058,17.976142838464543,17.916147887586945,5.8402068000359915
front,log-0098,5.0,oracle-power,training_window,4.7803466432954576,4.508962419829804,2.1521416452075215,0.10054900768279693,0.09233806652058832,0.03160887068637171,0.34518431173955877,0.3208614394848026,0.11993731203297309,5.943471837869801,5.518897339933446,2.3441481380730615,4.780463535193674,4.509198444170457,2.152218296826626,0.34518432020500095,0.32086145641068775,0.119937315481501,5.9434719876126065,5.518897639329954,2.344148207289833,6.270534921315933,6.065579134240041,2.8323550129506865,5.5836138376478575,5.337650444461638,1.7981372271990592,4,1.0,0.9318413346707403,0.9448801474573325,0.04803886016740499,0,0.0,0.4864267011442632,0.4020552909862807,0.2808383954609629,8.422349999281714,6.969170186726724,5.17436642693054,15.812641568188038,15.723912123765853,0.40781540645081116,0.9318335974358414,0.9448633434974654,0.04803873942130295,4,4,500.0,500.0,0.0,57.996995361098215,57.81444119168499,6.073143693507048,90.94404267983164,92.42407316900949,6.678240731232582,17.000298916264903,17.082026187718178,0.8979968157176788
front,log-0099,5.0,oracle-power,training_window,3.7742501087188347,3.990062790451285,1.6170601104429452,0.09266512496474406,0.09765891128897364,0.046484061239050994,0.3140814212543657,0.3238366522118102,0.1508227037386491,4.686559806596705,4.902357270965854,1.6914104691595382,3.7742528764344048,3.9900683058330952,1.6170583224399622,0.3140814212689309,0.3238366522409286,0.15082270375288784,4.686559806726534,4.902357271225352,1.6914104690673588,5.451877977038443,4.570526103875853,3.408577208136004,4.648448886170706,4.680036215528177,1.4993247615283987,4,1.0,0.9393825841601129,0.9400854518543177,0.04970050875852644,0,0.0,0.6987728885513236,0.5914831015317714,0.3215086728738704,10.261960856261615,10.25757359817031,1.4285864715950094,16.126757361922216,15.062265020394815,7.9543933711691475,0.939382052306096,0.940084503094563,0.049701019754246706,4,4,500.0,500.0,0.0,58.43250108462003,56.896058631560216,26.602478027892797,89.6256764435856,85.32883912858341,33.002133669079164,16.93511085761693,15.917297276821184,7.732027368984766
front,log-0113,5.0,oracle-power,training_window,2.705898279781466,2.271130454533355,0.999612544820854,0.05187672935264194,0.049455524762971714,0.010105620768850325,0.1607049674429002,0.15197180636919483,0.036618669264226245,3.3293373452477093,2.7240285927009973,1.2873440866264525,2.7058981400994875,2.271130454494762,0.9996126610522217,0.1607049674431318,0.15197180636919488,0.03661866926464436,3.3293373452505888,2.7240285927009973,1.2873440866243189,3.38348115717381,2.8226475932841795,1.1603416484681348,3.291761254528475,2.755843813980631,1.2452726712581907,4,1.0,0.9864775700022868,0.9882860261315087,0.006347925388749551,0,0.0,0.19063692876672197,0.1885128378467108,0.0321918767275247,3.92234066703543,3.9009784886379313,1.1254782326723352,20.99949128383888,20.291796142785167,7.929076665193964,0.9864775252381459,0.9882860259605114,0.00634800815641771,4,4,500.0,500.0,0.0,65.95644608178249,60.05146852057761,27.32863806009409,89.98015283014965,76.97454528758466,37.297225135903375,21.26977115644501,20.4740575730736,8.004632290883603
front,log-0115,5.0,oracle-power,training_window,1.6083550754264397,1.4703542954380684,0.9677547756196966,0.027906087209761905,0.027274284107374074,0.005774336098569256,0.09356733434549465,0.09153266421109009,0.013750123456277996,2.248085369763501,2.166374413878665,1.452484508596595,1.608354996254575,1.4703541600301513,0.9677548601128457,0.09356733434641736,0.09153266421291156,0.013750123455448047,2.248085369774881,2.1663744139011416,1.4524845085839708,2.322791592638268,2.228697938630591,1.3808485461657247,2.0614831769900053,1.9050889316692285,1.2359916274035838,4,1.0,0.9955410837442185,0.9957758737380714,0.0013191409179494136,0,0.0,0.24112445643923944,0.24284712532115715,0.10077970072534295,4.56256158736901,4.4821859600455305,0.7395737859213696,22.647945622379805,22.738976098724898,12.224415326646394,0.9955410521083154,0.9957758183267444,0.0013191109644702596,4,4,500.0,500.0,0.0,75.19066653004246,74.66803335170894,37.13608027856722,121.07345410289206,112.99965068485658,53.48349335281307,22.760650278434124,22.84241042580269,12.306944817356909
front,log-0116,5.0,oracle-power,training_window,3.4281582471687235,3.2524445921495575,0.8274735027685355,0.04919547091002867,0.04844413411349697,0.004560858257774773,0.17348951820430944,0.1710894056759325,0.01975669519174906,4.31009118460972,4.161577301331704,1.026061499192289,3.428158247325242,3.252444592142319,0.8274735026153257,0.17348951820430944,0.1710894056759325,0.01975669519174906,4.31009118460972,4.161577301331704,1.026061499192289,4.160624893798255,4.230592189131652,0.9906684871493657,4.4397235104880695,4.4002700805136294,1.0234300163165522,4,1.0,0.9846822757883926,0.9852420325173217,0.0035510689008494425,0,0.0,0.24562055327639554,0.23438449837784353,0.07779735650088677,5.957128764323051,6.441755264999584,1.5316175387170252,24.24459261690927,24.83070985133135,3.344861375709736,0.9846822757795197,0.985242032374928,0.0035510688889891966,4,4,500.0,500.0,0.0,86.80819719051175,87.24831773205543,13.166793059945068,118.91432587937952,118.38471844555342,14.665107271833415,24.628572115514306,25.17883431325441,3.462420658632393
front,log-0122,5.0,oracle-power,training_window,2.7849806315110426,2.7410648253951906,0.23712415235824066,0.03116947035487269,0.03117359903945608,0.004202363118616196,0.09842533646251915,0.09398157057010927,0.019604458245303064,3.7150121226451036,3.637778276660293,0.2967129475478904,2.784980631351387,2.7410648250323297,0.23712415246525373,0.09842533646251915,0.09398157057010927,0.019604458245303064,3.7150121226451036,3.6377782766602933,0.2967129475478904,3.6736263314421658,3.7188029339954314,0.34846314213832547,3.5554606979412187,3.444108126608311,0.34978327152964134,4,1.0,0.994998001307686,0.9955651741746896,0.0020589475083046573,0,0.0,0.15098907301714287,0.15117828381305726,0.034739518322896665,5.729093874281338,5.7226540691452215,1.1052307967414696,38.242328352555184,38.662475700755394,4.925439916778499,0.9949980012863723,0.9955651741487037,0.002058947484047301,4,4,500.0,500.0,0.0,119.9855469253594,116.6778954737161,9.115648243508566,154.29286247426109,155.07060364870554,16.393081415646183,38.42759779915243,38.83357605443046,4.879578954353751
front,log-0129,5.0,oracle-power,training_window,1.9008656418180654,1.5528937162384777,1.282085182671615,0.04557054745669761,0.03655494245900025,0.03447741052258886,0.1459196238510521,0.11356123413827582,0.11205538063146718,2.339973738701315,1.9963977712726055,1.4260081322871063,1.900797050971505,1.5527565346522976,1.2820820746595296,0.14591963802295702,0.1135612624820857,0.11205537255711183,2.3399740801889193,1.9963984542478141,1.4260081394223634,2.256760434713117,1.8633329680514383,1.1140349174841628,2.635373345378805,2.143251534299297,1.9094294107611254,4,1.0,0.9843427952373378,0.9934081283872953,0.021891207377321944,0,0.0,16.892158662665132,0.2185325705919608,33.406514001411026,92.53283501881003,5.240996708258443,175.75583493270997,20.801233030096583,22.476883265749308,11.711220796176017,0.9843371569756394,0.9933968518822351,0.021887487426597414,4,4,500.0,500.0,0.0,66.78263603303951,73.72100800129002,35.74445766939782,86.7764096920098,99.37902082778521,42.74783459678103,20.970977863434943,22.548236756250382,11.706466562893988
front,log-0145-filtered-c01,5.0,oracle-power,training_window,1.4206152690149818,1.4561017076349176,0.27836136905201553,0.03574733196722465,0.03609107914616262,0.00760649131544719,0.11747166266906153,0.11452149667937385,0.01977745808829736,1.9684559662635877,1.9634215310524672,0.42307339443507475,1.4206152670486203,1.456101703392049,0.2783613702504321,0.11747166266906198,0.11452149667937385,0.019777458088298047,1.9684559662635932,1.9634215310524779,0.4230733944350698,2.0252584558119886,1.9472827165981537,0.46597291144185704,1.9763727759568124,1.985906681294915,0.475181270016399,4,1.0,0.9929263914466224,0.9933311901055382,0.002374518120745452,0,0.0,0.1712146993852625,0.1694495299469062,0.03360592100812056,2.8464342239383975,2.7811167755877033,0.5469915050802862,17.42539917434857,17.044966686751824,6.4151589765352,0.992926387320145,0.9933311904384412,0.0023745247037784026,4,4,500.0,500.0,0.0,58.97341776400838,56.59743099025455,24.643995592198415,89.04569530134386,85.21181298424352,23.181677235737663,17.538540224522073,17.151588004860507,6.4206858516456755
front,log-0147-filtered-c02,5.0,oracle-power,training_window,1.5951650841828888,1.6164909656855941,0.11547235043901834,0.05869193833791933,0.052510123977416355,0.028446092482073485,0.1895033538805443,0.17484779428675565,0.08650272831802891,2.4713640224739066,2.5308844006394082,0.5365116873580233,1.595165084200677,1.6164909657420192,0.11547235041953881,0.1895033538805443,0.17484779428675565,0.08650272831802891,2.4713640224739066,2.5308844006394082,0.5365116873580233,2.2598538550289864,2.226332782788094,0.39936743811528647,2.5097555394531885,2.5568982136609546,0.499243957185167,4,1.0,0.9788969557740641,0.9831091004040355,0.017783413224991468,0,0.0,0.1960986985330422,0.18696801886854897,0.08522849679875144,2.566123176853368,2.55035538579117,0.5251312259035265,14.065528066322381,13.856359585735799,4.243864626893831,0.9788969556512669,0.9831091003929513,0.01778341340103728,4,4,498.5,498.5,1.2909944487358056,46.85668074125654,46.48524748031416,14.448404548469924,71.12221024673497,69.17815063806763,16.6323009831218,14.318072816350126,14.085214416613704,4.109044430052624
front,log-0151-filtered-c01,5.0,oracle-power,training_window,2.180785314998784,2.278893759482017,0.9274061799922798,0.06010575249827667,0.06470902888635553,0.02563670014204391,0.20649004070959068,0.22235888553898564,0.08248942853791566,3.1611670142458848,3.434373093883564,1.5790565494779056,2.1807838724827473,2.2788908744556275,0.9274067790344137,0.20649005324275585,0.22235888553898564,0.08248944503308991,3.161167120649351,3.434373306690497,1.5790564850727227,3.365883931528482,3.2877944136549315,1.8595412271559544,3.2770087879534433,3.2273750525569094,1.8116276653838819,4,1.0,0.9757413559934558,0.9748369537454764,0.015802535161785692,0,0.0,0.24692131798340206,0.2399103191366316,0.05953185894135291,3.722958052325081,3.7501770568614745,1.2712434474810006,15.266905677962303,15.823766929902462,5.714679670497299,0.9757349975299304,0.9748369543991569,0.015812240123425476,4,4,496.75,500.0,6.5,54.455620299029455,57.440319671626696,19.883219362823976,78.08723466652904,83.53651912361133,18.199089309723696,15.622897452758135,16.120324798043505,5.814989382599197
front,log-0152-filtered-c01,5.0,oracle-power,training_window,1.8928456398127764,1.4314300105772269,1.190981071056646,0.0765466512160543,0.0728817621370319,0.030457652587120045,0.2357552144321145,0.22292614670551575,0.0909439928505866,3.196848989725538,2.3166228008298635,2.4092742564375422,1.8928456395400621,1.431430011085081,1.190981071422727,0.23575521443211456,0.2229261467055158,0.09094399285058662,3.196848989725539,2.3166228008298635,2.409274256437543,3.7246624780734954,2.4821444417613483,3.2617565816782608,3.107082157091952,2.099326205894197,2.4928389418051915,4,1.0,0.9683866220880312,0.9747938989321662,0.02432342224537097,0,0.0,0.4234265254554216,0.42118650486447684,0.1418294005267264,5.109415481848794,5.343990960262639,1.7824064027991253,12.677240432941158,13.609172908072434,5.599195948252771,0.968386621508436,0.9747938978568154,0.024323422059450466,4,4,498.25,498.5,1.707825127659933,40.94506936876422,44.09962733925902,18.740249607144165,66.13225377550535,66.67060739422635,34.63082340131729,13.133665216075075,13.814436406761374,5.922364932230662
front,log-0155-filtered-c01,5.0,oracle-power,training_window,1.764781659715191,1.8815163731944997,0.3641059426874816,0.029122925143741304,0.030268203407070045,0.003515990222402281,0.09701876693125946,0.0969199916109238,0.012208944947610326,2.493798176939107,2.6622082459849272,0.4862825917952695,1.7647816597133072,1.8815163731972653,0.36410594269421187,0.09701876693125946,0.09691999161092377,0.012208944947610333,2.493798176939107,2.6622082459849272,0.48628259179526956,2.8492749279694003,2.771975818628034,0.8600475234089459,2.5784777366832126,2.7729512332596085,0.531175294806058,4,1.0,0.9952258520028174,0.9952899190091689,0.0011936587192231366,0,0.0,0.10058786115278817,0.09877352897101435,0.012422148492380783,2.5805258296753024,2.7455662626097825,0.46926532121149966,25.48649794978269,25.774132426528748,3.376816081655801,0.9952258520403067,0.9952899191026758,0.0011936587543870038,4,4,500.0,500.0,0.0,85.03494998040819,87.66662213919818,8.17954377069233,111.59968640439429,112.0835134722207,8.298400219530647,25.60950700929626,25.912210631822425,3.3986813088092873
front,log-0078-valid,60.0,oracle-power,full_log,5.526662332076478,5.401109478253757,0.30187884451837915,0.0772512534392568,0.07588607056174959,0.003999987492041053,0.24437096860736518,0.24005244887790927,0.01265326806141751,7.008396423655558,6.884544157570575,0.3628872903134243,5.531650119336985,5.485503779786695,0.20750548461731833,0.24767079834175565,0.24487711218278524,0.013203219449662023,7.103033339983915,7.022912283882514,0.37865952939944303,6.273571560691201,6.221456587819585,0.42756650186894635,6.273571560691201,6.221456587819585,0.42756650186894635,4,1.0,0.9706434956887027,0.9714696696943899,0.0022300336990234383,0,0.0,0.24437096860736518,0.24005244887790927,0.01265326806141751,7.008396423655558,6.884544157570575,0.3628872903134243,28.431162130316547,28.335497891991388,1.2606221894242067,0.9913466945116909,0.9880110437911211,0.04395577060077997,4,4,5856.0,5856.0,0.0,90.7221062654512,90.7221062654512,0.0,193.85894322332638,193.85894322332638,0.0,28.679333161362813,28.679333161362813,0.0
front,log-0080-valid,60.0,oracle-power,full_log,6.057306883180818,5.9981821823569375,0.1904380128291848,0.07598940628549275,0.07543099713310769,0.0018785640495842893,0.2545562536327016,0.25268564365199847,0.0062929854310830105,7.892644304890809,7.8346451043205025,0.195117169248823,6.725237612084653,6.44612624638037,1.0043811012523773,0.28880616891760763,0.2798750274838787,0.02556380217489003,8.9545801047728,8.677665585615848,0.7926185067844711,6.893697815990171,6.752596841960111,0.4833774293823124,6.893697815990171,6.752596841960111,0.4833774293823124,4,1.0,0.9680476950253907,0.9686312015285519,0.001390209934170317,0,0.0,0.2545562536327016,0.25268564365199847,0.0062929854310830105,7.892644304890809,7.8346451043205025,0.195117169248823,30.102349298353758,30.090291812277812,1.603023861720597,0.9708712273000281,0.9704823451503766,0.05170127183744492,4,4,5855.5,5856.0,1.0,103.86506081174115,103.86506081174115,0.0,205.33557480115962,205.33557480115962,0.0,31.00550150411578,31.00550150411578,0.0
front,log-0081,60.0,oracle-power,full_log,7.32994988795006,7.348447602198229,0.48584313137575696,0.12933397571114139,0.12955221119753368,0.004784266395690192,0.4406961115183108,0.44143973305874185,0.016302039626133344,9.040931653344348,9.056187135177009,0.334438226745867,8.996463086133872,8.20518962004635,2.1862852756535367,0.5440650288646245,0.5026306055170108,0.0986292967856153,11.161556937711971,10.311524954695605,2.0233914208682853,8.49202237228674,8.483845143498062,0.14880624685113358,8.49202237228674,8.483845143498062,0.14880624685113358,4,1.0,0.9057697476132551,0.905708727448677,0.0005836563080360855,0,0.0,0.4406961115183108,0.44143973305874185,0.016302039626133344,9.040931653344348,9.056187135177009,0.334438226745867,20.806899317896185,20.96967334645624,1.3008036309742248,1.0142228670380367,1.0221572132086607,0.06340708280956694,4,4,5855.25,5855.0,0.5,69.90376352101518,69.90376352101518,0.0,197.4047490481513,197.4047490481513,0.0,20.515115557058188,20.515115557058188,0.0
front,log-0098,60.0,oracle-power,full_log,6.117371598970412,6.1126557994620825,0.026977693908006087,0.09124670170774303,0.09116676543818125,0.00042091678310083317,0.303625558959028,0.30335956913065554,0.0014006105552567241,8.268337173379777,8.261093733159484,0.03814145409616203,6.05945691768492,6.036312740310519,0.07078554346017078,0.3049359796623603,0.30416222937497656,0.0028695789203695373,8.30402257566039,8.28295179266695,0.07814442941030612,7.2436108485185,7.1546952051948765,0.21409658129874493,7.2436108485185,7.1546952051948765,0.21409658129874493,4,1.0,0.9533874128438627,0.9535352387383307,0.0005456510664071645,0,0.0,0.303625558959028,0.30335956913065554,0.0014006105552567241,8.268337173379777,8.261093733159484,0.03814145409616203,26.68659724810754,26.93317816728532,0.6583666888445001,0.9799712851887756,0.9890261009085586,0.024176197669344143,4,4,6000.0,6000.0,0.0,90.61518957542924,90.61518957542924,0.0,199.7034809556106,199.7034809556106,0.0,27.23201960245886,27.23201960245886,0.0
front,log-0099,60.0,oracle-power,full_log,7.138665766224547,7.099570344505816,0.08966303685725924,0.13715661916225463,0.13731195537616342,0.0006520679924049645,0.4563423259452623,0.45685915473261235,0.0021695360103366162,9.041902400473314,9.05214277307801,0.04298688012150119,7.121167215533952,7.10493613940841,0.09156165736109483,0.4716571928660974,0.46957069250744765,0.006707276922601214,9.345349010838879,9.304007387393398,0.13289703772597591,10.470468246480957,10.339844589491523,0.6859899967296277,10.470468246480957,10.339844589491523,0.6859899967296277,4,1.0,0.8906093606072225,0.8909056963018708,0.0011141092424094112,0,0.0,0.4563423259452623,0.45685915473261235,0.0021695360103366162,9.041902400473314,9.05214277307801,0.04298688012150119,18.30245228491261,18.122352640797004,0.4324185213017548,0.9237197302375209,0.9146301507599401,0.021824043774496423,4,4,6000.0,6000.0,0.0,65.92392299912883,65.92392299912883,0.0,187.74146730164688,187.74146730164688,0.0,19.813858777495643,19.813858777495643,0.0
front,log-0113,60.0,oracle-power,full_log,3.9479635455420485,3.9594829363956743,0.10247393197386448,0.05759324204541787,0.05787176326309299,0.0021373813995619645,0.20158528851992408,0.20256015602225508,0.007481166727305241,5.249792784041931,5.275180809213363,0.19482857796609426,4.058967419085498,4.09277283185064,0.1749804061778958,0.21572398430442558,0.2203193343430217,0.01670174271138977,5.618000323640753,5.737674907286694,0.4349557897351862,5.685231399342662,5.82353132398738,0.8161720677273729,5.685231399342662,5.82353132398738,0.8161720677273729,4,1.0,0.979850615140278,0.979676073251915,0.0013598851120573815,0,0.0,0.20158528851992408,0.20256015602225508,0.007481166727305241,5.249792784041931,5.275180809213363,0.19482857796609426,25.930430753789732,26.219821418869365,0.677571628597132,0.9956951788341034,1.006807408042917,0.026017878773970406,4,4,6000.0,6000.0,0.0,91.152930406348,91.152930406348,0.0,196.08948725647684,196.08948725647684,0.0,26.042539227871565,26.042539227871565,0.0
front,log-0115,60.0,oracle-power,full_log,4.804562829857163,4.847741594027458,0.09727680859334618,0.14545850327825516,0.14721439319756768,0.003932725154522946,0.5014379827449106,0.5074910485968112,0.01355725326282078,12.197028740471751,12.344264132891473,0.32976801394919425,4.401027943206262,4.372162045779149,0.15646820491715172,0.5061205695657307,0.5105160665382281,0.012318957841764028,12.31092846087317,12.417844978462707,0.29964758957059867,8.53344374457502,8.7604318741135,0.48362186284995967,8.53344374457502,8.7604318741135,0.48362186284995967,4,1.0,0.9142326638854791,0.9129017599992659,0.002741956485612638,0,0.0,0.5014379827449106,0.5074910485968112,0.01355725326282078,12.197028740471751,12.344264132891473,0.32976801394919425,29.422482674940333,29.53611788402894,0.2927561393236121,1.209602000109621,1.2142737124771679,0.012035640077776978,4,4,6000.0,6000.0,0.0,83.85229096671934,83.85229096671934,0.0,194.67735718346603,194.67735718346603,0.0,24.324102202438407,24.324102202438407,0.0
front,log-0116,60.0,oracle-power,full_log,4.304227882776866,4.251677992290486,0.19466684467555007,0.05407609796330048,0.05296602379960705,0.0025581245138341937,0.17414639589198003,0.1705715185975567,0.008238171412247327,5.634248120018662,5.518588272037107,0.2665338065373284,4.427972479940488,4.303710131840475,0.35287988429837636,0.17926216588532934,0.1724074850731498,0.015871300163425948,5.79976126382989,5.577988241875955,0.5134923559572369,5.280385342075542,5.155876084996784,0.3142379355133738,5.280385342075542,5.155876084996784,0.3142379355133738,4,1.0,0.9854110101869581,0.9855364292603999,0.0003900536350903104,0,0.0,0.17414639589198003,0.1705715185975567,0.008238171412247327,5.634248120018662,5.518588272037107,0.2665338065373284,30.94352851468195,31.181646047954,0.9053654812645102,0.9564193575122013,0.9637792233425115,0.027983527201620693,4,4,6000.0,6000.0,0.0,104.19109980609964,104.19109980609964,0.0,215.69220856612964,215.69220856612964,0.0,32.353515507225815,32.353515507225815,0.0
front,log-0122,60.0,oracle-power,full_log,4.819021359864237,4.755372603853763,0.3385054729161664,0.06008839644919467,0.056369872610535235,0.00893262116232499,0.1949568178784693,0.18289206631860322,0.02898189168008817,6.475290503313777,6.074572169630567,0.9626037704468963,5.021258419283228,4.92995795877898,0.5571475811100354,0.20893835183577192,0.2014961216658417,0.03605315363587002,6.939672795970591,6.692486763354562,1.1974684747798403,6.049969142204121,5.698771102915412,0.9763610843520856,6.049969142204121,5.698771102915412,0.9763610843520856,4,1.0,0.9820642162623127,0.9837589828712772,0.003844823623504486,0,0.0,0.1949568178784693,0.18289206631860322,0.02898189168008817,6.475290503313777,6.074572169630567,0.9626037704468963,33.38216467280078,33.27308531499173,1.844117525005897,1.0050638801724396,1.0017797395637988,0.05552234054751363,4,4,6000.0,6000.0,0.0,107.76274432266965,107.76274432266965,0.0,208.61012873759907,208.61012873759907,0.0,33.213973093007155,33.213973093007155,0.0
front,log-0129,60.0,oracle-power,full_log,4.265053140585749,4.283656203560639,0.09477240303543055,0.052701793366252636,0.05360099138435244,0.0019428149814861165,0.17728029369050793,0.18030505012767184,0.006535314806283749,5.707136207773754,5.804511367882479,0.21038960949182445,4.29226612871053,4.272236328529791,0.05901024287493849,0.1812309517984675,0.18175859274060246,0.00972502648292085,5.834318668176447,5.8513048693095495,0.3130751286949607,5.457758826372039,5.532212156922635,0.40788503996043146,5.457758826372039,5.532212156922635,0.40788503996043146,4,1.0,0.9844096531245515,0.9840614438715866,0.0010807808866375261,0,0.0,0.17728029369050793,0.18030505012767184,0.006535314806283749,5.707136207773754,5.804511367882479,0.21038960949182445,31.82347157883514,31.651728917791452,0.8544880653001846,0.9885298304362944,0.9831950025505429,0.02654289115530708,4,4,6000.0,6000.0,0.0,108.29111958509354,108.29111958509354,0.0,210.7056267839625,210.7056267839625,0.0,32.19272762339365,32.19272762339365,0.0
front,log-0145-filtered-c01,60.0,oracle-power,full_log,2.845833123899696,2.8308053516639244,0.07993092163318583,0.06027564137266427,0.060128938515048136,0.0009058623538504582,0.20486640419829646,0.20436778674287007,0.003078868327332489,3.607000723873896,3.5982217660467337,0.054208401464650946,2.897191003376781,2.861875635161606,0.14831040223307546,0.20825974574927825,0.20556604845973175,0.007869494734235106,3.6667459294318325,3.6193190801574793,0.13855504182829728,5.105249786425451,4.628844812440004,1.4932114749759133,3.7577497792974652,3.521553793517759,0.5116063065737121,4,1.0,0.9794562754175298,0.9795159933576607,0.00021148064716090372,0,0.0,0.20486640419829646,0.20436778674287007,0.003078868327332489,3.607000723873896,3.5982217660467337,0.054208401464650946,16.81509351657083,16.81666545698533,0.5413824318200878,0.9550449275480625,0.9551342088665278,0.030748835554430684,4,4,6000.0,6000.0,0.0,59.841764297006954,59.841764297006954,0.0,126.23251970541182,126.23251970541182,0.0,17.606599471441736,17.606599471441736,0.0
front,log-0147-filtered-c02,60.0,oracle-power,full_log,2.7745769084817398,2.771482860789265,0.03462367691217111,0.06784623408025187,0.06785844122188424,0.0007294857502700106,0.2362322364750314,0.23627474023972628,0.0025399795964962755,4.149088290520243,4.149834809602609,0.04461118329672549,2.7883547003863676,2.7784951916373624,0.029926837395691217,0.23815482238065094,0.23859638537776814,0.002918785107344436,4.182855818557715,4.190611254006338,0.05126437141743629,13.79133586077609,13.851584272509331,1.0563636754148926,4.348198334791703,4.397741125917101,0.12130979557468832,4,1.0,0.9718466739821862,0.9718159483577855,0.0005481486894161396,0,0.0,0.2362322364750314,0.23627474023972628,0.0025399795964962755,4.149088290520243,4.149834809602609,0.04461118329672549,17.212411035690636,17.311051698838583,0.2988484470633652,0.9800047792135245,0.9856209779615865,0.01701521685575333,4,4,5975.5,5978.0,15.673757260678329,61.15429023831297,61.15429023831297,0.0,143.8427936441168,143.8427936441168,0.0,17.563599077041214,17.563599077041214,0.0
front,log-0151-filtered-c01,60.0,oracle-power,full_log,3.3307347470074835,3.3309284873115645,0.03931998402078973,0.07807972156771198,0.07787014713029002,0.0006227036270542091,0.2579662801201407,0.2572738706578051,0.002057340050184282,4.969981517300097,4.956641548104862,0.03963673864450513,3.328013198993002,3.3354095562107844,0.11787218551509625,0.2597775512349275,0.25771350987335473,0.00450964647180898,5.004877488816675,4.965111642624752,0.08688290424628381,7.051093990484983,7.0479492315249495,0.6644083989672128,5.805855385816042,5.864360640766646,0.29404566471987925,4,1.0,0.9663836480190825,0.9664084436873286,0.0002202431679499184,0,0.0,0.2579662801201407,0.2572738706578051,0.002057340050184282,4.969981517300097,4.956641548104862,0.03963673864450513,18.76461191824592,18.660952376172162,0.4350303703067587,0.9739748764855761,0.9685944406882514,0.022580197929646703,4,4,5933.25,5934.5,51.713151131989626,63.65265420407588,63.65265420407588,0.0,164.33409863644093,164.33409863644093,0.0,19.26601226712834,19.26601226712834,0.0
front,log-0152-filtered-c01,60.0,oracle-power,full_log,2.768861572394902,2.7614277498435866,0.1317701071902362,0.06795665264585837,0.06793115722351624,0.0006730300943733451,0.23713083672442692,0.23704187191234088,0.0023484998628636494,4.267572399140981,4.265971326156137,0.042265246193140545,2.7818178870738706,2.7889826360719034,0.12866280208506756,0.2374327032160119,0.2375730523530894,0.0024415092761239455,4.273004999664425,4.275530820902644,0.043939108649718346,5.010020062933882,4.90170811133876,0.9407567724019332,5.010020062933882,4.90170811133876,0.9407567724019332,4,1.0,0.9717692259498221,0.9716734072576769,0.0002768218938813933,0,0.0,0.23713083672442692,0.23704187191234088,0.0023484998628636494,4.267572399140981,4.265971326156137,0.042265246193140545,17.68360066482957,17.64312580842701,0.44023263561935627,0.9826024328950438,0.9803534173734859,0.024461854064580343,4,4,5967.25,5968.0,27.77738888616663,62.798449202325,62.798449202325,0.0,120.36651931469572,120.36651931469572,0.0,17.996699451199543,17.996699451199543,0.0
front,log-0155-filtered-c01,60.0,oracle-power,full_log,2.6170837271682963,2.619988587830535,0.3776094953448466,0.04570205457633476,0.04573987048136726,0.0018689095020248492,0.15121268331125817,0.1513378033857235,0.006183591159891114,4.009842596143378,4.013160517585132,0.1639758430781114,2.6216349498984908,2.620887065811103,0.3742924414640028,0.15142829482287723,0.1516178615893935,0.006024379281497166,4.015560160335591,4.020587072619302,0.15975387863825075,5.341132675538875,5.367012334325338,0.15543989314784298,5.341132675538875,5.367012334325338,0.15543989314784298,4,1.0,0.9885606744134489,0.9885499456450498,0.0008751224219543148,0,0.0,0.15121268331125817,0.1513378033857235,0.006183591159891114,4.009842596143378,4.013160517585132,0.1639758430781114,26.492804099096823,26.51634170604613,0.16281972178516033,0.9990536785949911,0.9999412906695782,0.0061399933879714855,4,4,5998.25,5998.0,0.5,87.73878184066888,87.73878184066888,0.0,168.93012807396792,168.93012807396792,0.0,26.51789855411444,26.51789855411444,0.0
front,log-0078-valid,60.0,oracle-power,full_log_excluding_training,5.5056144722048845,5.319363203141334,0.6896125162788066,0.08041423953524808,0.07917135504295036,0.010305583058462998,0.2524572350606078,0.2493924532359278,0.0341146668554499,6.953573425858821,6.841743719016559,0.7134184350283548,5.610631112246709,5.636795521304493,0.4598359613480645,0.2616980080660096,0.26297548047979213,0.035323095901324826,7.2075694227886355,7.2181757957990005,0.7406820976131159,6.224055065616747,6.19467062448067,0.4410862304125666,6.471311258208564,6.339475716722623,0.588202670779037,4,1.0,0.9700949891264443,0.970673897927655,0.006329715065834366,0,0.0,0.25391440795681164,0.25154795188782153,0.034091284461412616,6.993634231801691,6.9014861085696495,0.7098775307211159,27.555195090518133,27.908543013740598,1.375023229200857,0.9986767840498547,0.9980057687002988,0.07501262522802472,4,4,5856.0,5856.0,0.0,86.68575199182887,86.51360879762457,2.300694798055305,188.78270765806005,193.49661725449874,9.675402136749904,27.636582929859358,27.455351016917408,0.969642054311876
front,log-0080-valid,60.0,oracle-power,full_log_excluding_training,6.0892263553079795,6.084742590283103,0.2335386037640793,0.07730074912814025,0.0769622378857922,0.00639644507439801,0.2579298531946536,0.256840201325273,0.021331080652099047,7.86896032561963,7.902248761877727,0.2681702867058571,7.050722702400401,6.796584240345008,0.8916056348202654,0.3061551526989764,0.3124652531210451,0.02675141129347896,9.353673526416078,9.218201763319435,0.7338690379544888,6.890554032341096,6.859277298654248,0.11499778756766127,6.890554032341096,6.859277298654248,0.11499778756766127,4,1.0,0.9681008304994332,0.9674058313295737,0.00495398450368769,0,0.0,0.2592917632959211,0.25760653821475016,0.020959942157594467,7.910941697962963,7.925865097223319,0.24967600638476475,29.848327356313185,30.022596338546972,0.7118805150410221,0.9778712716956043,0.9752521303520403,0.06831146485937975,4,4,5855.5,5856.0,1.0,102.10895128948493,102.6802949364506,5.086307433415549,205.1944184428011,205.33557480115962,0.28231271671705827,30.601887172897513,30.715925818977368,1.5310758959675084
front,log-0081,60.0,oracle-power,full_log_excluding_training,7.290965865930041,7.370231656199979,0.8196809052128898,0.1288254997993351,0.13111688811797895,0.0094571371104666,0.4392258430482176,0.44666004118690683,0.03259622913531827,8.993107071642429,9.066851407931868,0.6163088492987868,9.308428884179522,8.398794814338345,2.3560258187742456,0.5574699228990933,0.518380929168035,0.09562636103358414,11.437561388420328,10.502622504072411,2.1339711776634775,8.494101820746366,8.505286846669785,0.11563811903214966,8.494101820746366,8.505286846669785,0.11563811903214966,4,1.0,0.9069157460887782,0.9040491106718599,0.007592782034124972,0,0.0,0.4399781196463315,0.4470175104546648,0.03174227089279098,9.008684259002724,9.074065624603076,0.6001003345063639,20.768843340688782,20.844998024915718,1.3941544616116004,1.0142550469007103,1.0268299062916064,0.07231526523788027,4,4,5855.25,5855.0,0.5,69.83847511686461,69.8900216021517,1.3043518146215964,197.4047490481513,197.4047490481513,0.0,20.483931766673205,20.465558657231743,0.33753419020716124
front,log-0098,60.0,oracle-power,full_log_excluding_training,6.247202792867086,6.282771884301613,0.07921349399449953,0.09452324554547183,0.09473321006337991,0.0012068727516063777,0.31467210287658093,0.3169774884993928,0.006589573632165184,8.51645311138968,8.577769056820959,0.1714783099890578,6.158594430844293,6.144417251370586,0.12593628218505104,0.3170483796046628,0.3206807448555524,0.007655821142454586,8.579542102413845,8.598846772291985,0.11458714719111054,7.418298058124824,7.34828747709584,0.21630042081491627,7.418298058124824,7.34828747709584,0.21630042081491627,4,1.0,0.9502994379833569,0.9497858565216365,0.0013883296365785397,0,0.0,0.31482541766839656,0.3172284108891435,0.006628053368103059,8.520523325452585,8.579214152432423,0.1674137924678566,26.7098791090259,26.737476709238223,0.596131558469114,0.987063037965559,0.99918396715561,0.030659854459483202,4,4,6000.0,6000.0,0.0,90.10003484643956,90.42718408881201,1.4908383844869462,193.44759563531204,198.68489515822415,11.163987054381584,27.070918430666275,27.049986834866672,0.6610099168800468
front,log-0099,60.0,oracle-power,full_log_excluding_training,7.2668660258898115,7.279123428820392,0.09283499393826876,0.13725898033767786,0.13732278070858545,0.0006534210358291301,0.45715831014255615,0.4574717982452183,0.0008585872335581825,9.159729885552483,9.17062928718544,0.05653222368995763,7.302567951660746,7.328563373435838,0.1290244049749471,0.47526007249876134,0.47289083916725416,0.007305726015874703,9.52250133140564,9.529259259174168,0.1625921269872065,10.600836189896645,10.474553638876982,0.6727645014806773,10.600836189896645,10.474553638876982,0.6727645014806773,4,1.0,0.8902579298595219,0.8898511260158443,0.0011693547939003147,0,0.0,0.45731788724547023,0.4576500313417371,0.0008337904651426306,9.162927909264736,9.174891346617308,0.05654845858993174,18.516905877063518,18.340704360601535,0.4494022715818125,0.9242154357323834,0.915004385332213,0.024178785585710717,4,4,6000.0,6000.0,0.0,66.73566831865344,66.79439879734852,0.7134291997570167,187.74146730164688,187.74146730164688,0.0,20.036362627658157,20.0480436289304,0.14443977661794222
front,log-0113,60.0,oracle-power,full_log_excluding_training,4.0796406885537175,4.189134943638185,0.29892898394690803,0.05850490044949119,0.05836580302147135,0.0008130951685970376,0.20115833588246462,0.20150660360734177,0.0019900443652943888,5.397400211385463,5.545590217054793,0.44688618432897464,4.347315681649101,4.511205208335575,0.4869868580701217,0.2216783280112345,0.22592074640069387,0.012975807319779533,5.972197778551707,6.269241520182797,0.8375446216883357,5.624617864277615,5.8770935007889715,0.8768812358034479,5.624617864277615,5.8770935007889715,0.8768812358034479,4,1.0,0.9800779830958057,0.9800318025736945,0.00036256822032615274,0,0.0,0.20229793268175816,0.20305609662606794,0.001716041347590287,5.42932554965343,5.585669655340599,0.46854328147696367,26.761324901922166,27.24377770789706,2.4352655193992216,0.99721742904912,1.0123456206543997,0.030809367240361245,4,4,6000.0,6000.0,0.0,92.32372337145571,95.60130016757375,8.481714877827203,194.46691457816982,196.08948725647684,3.245145356614074,26.839532013682174,27.733640548645468,2.314487056991882
front,log-0115,60.0,oracle-power,full_log_excluding_training,5.748645941175442,5.799743843006102,0.15784536218244996,0.16657835588278577,0.1641924737298009,0.014065504242165197,0.5778495160924713,0.5729608431602469,0.04147171105781751,14.560968987352833,14.748012253043317,0.415977671983752,5.206177787185481,5.198582837681689,0.060010979913735336,0.586044785533836,0.5824059179867144,0.03658977031932297,14.773050974109129,14.884952263046308,0.3644352214314627,9.910077983415743,10.195659688578408,0.7204302464626376,9.910077983415743,10.195659688578408,0.7204302464626376,4,1.0,0.9019511922555885,0.9030985724340919,0.007496148236045535,0,0.0,0.5787507385385987,0.5739984154152562,0.04093253524970639,14.58429224328837,14.763047471640757,0.4085299612892453,32.45082015724564,32.836072647501155,1.0111566628864668,1.285682013102917,1.2824021736425681,0.03737362229172581,4,4,6000.0,6000.0,0.0,87.76516858386454,90.1456039679172,5.8251235541947315,189.7154480974209,189.35707391563477,3.781480990570812,25.26784132856682,25.83289748357603,1.3745131363370016
front,log-0116,60.0,oracle-power,full_log_excluding_training,4.380796379328833,4.403851455679637,0.13471718473742164,0.05391545547315075,0.05363071675777349,0.0017335366024655123,0.17237061190199549,0.17027650262791902,0.007015249781767444,5.708059318215338,5.703021405235255,0.11108904722169413,4.6163059130951245,4.50637378635502,0.42143022531356744,0.18273186995382862,0.17376413115448047,0.022703300591293787,6.042579808540783,5.820244350219264,0.6008686303841684,5.321781628703016,5.314671944498473,0.13513164216564136,5.321781628703016,5.314671944498473,0.13513164216564136,4,1.0,0.9862449890054958,0.9859747057082953,0.0007961144401026809,0,0.0,0.17338766711057524,0.170600464857598,0.008566500048787602,5.740879227555658,5.713910368248214,0.15612444880396734,31.47310869775523,32.1285483974218,1.9196010661768674,0.9491440605355699,0.9592777240252026,0.036741798451366776,4,4,6000.0,6000.0,0.0,105.90706567153093,106.24422748915433,1.748990758686004,211.9088010624829,211.00382937808234,2.5720731281274416,33.13762634280483,33.42787871664933,0.7880351290820347
front,log-0122,60.0,oracle-power,full_log_excluding_training,4.940263369503475,4.714579251669792,0.49262363685408234,0.061221038044720726,0.05657805530006886,0.010549328329001444,0.19987310812829948,0.18616658211316295,0.03450520873255344,6.606735467083218,6.042283729529311,1.1928581444781527,5.275657553122458,5.250310443884686,0.6664940512157498,0.21967515476224506,0.2110782198585907,0.039988907314689036,7.270833726440143,6.943799619871022,1.4336992192676967,6.236797383687398,5.655611417550775,1.2774831960188107,6.236797383687398,5.655611417550775,1.2774831960188107,4,1.0,0.9817119128125673,0.9828973064206705,0.0045283253653365845,0,0.0,0.20052868635139143,0.18629544263712905,0.034477770805952226,6.628732330906559,6.072811135700607,1.1942843538719672,33.354519073342395,32.64321986988159,2.2421477876988494,1.0098869626557818,1.0067827353671335,0.0669953856551913,4,4,6000.0,6000.0,0.0,107.82645156342764,108.21246550448575,1.5235548869745346,208.3172371965101,208.61012873759907,0.5857830821779828,33.03644806267136,33.23566039593988,0.8466604760034283
front,log-0129,60.0,oracle-power,full_log_excluding_training,4.420449941941737,4.512953232605737,0.2205863898885625,0.0546232710500664,0.05566681430323284,0.0031668087540158265,0.18450163163458344,0.18712592263753244,0.012615354646463283,5.879904790048578,6.010549211887103,0.3357988711191784,4.4693943776593406,4.522551034357071,0.15977563325330865,0.1895455292546025,0.19544306567347988,0.01331006794640954,6.044065787240781,6.127866137549287,0.43262328566016217,5.642099586925074,5.742689021310613,0.5649492839157646,5.642099586925074,5.742689021310613,0.5649492839157646,4,1.0,0.9830807956280476,0.9828135357630061,0.002345738704166811,0,0.0,0.1845960807909296,0.18728264594868113,0.01258901883640806,5.8829794920276015,6.016017897109458,0.3362767985568231,31.44670996153846,31.206073469715413,1.6638395732457039,0.985548968093542,0.9803797717031856,0.030259187257984745,4,4,6000.0,6000.0,0.0,107.65132086241144,107.89689880709122,0.9319221292414346,208.2981424162138,210.7056267839625,4.814968735497331,31.892320033516768,31.876950600655412,0.7429451148866165
front,log-0145-filtered-c01,60.0,oracle-power,full_log_excluding_training,2.741637032623374,2.7406016468194636,0.02248729851446141,0.05803475691819399,0.05790455794143768,0.000764604808951286,0.19922732128959328,0.19914257859951573,0.002082999010615333,3.498633591760009,3.486923135044003,0.07160364353334055,2.8092092291151083,2.7799027552876705,0.11086239683044927,0.20429859060673033,0.20195279158479007,0.006240057833036044,3.587442953974334,3.572118841113533,0.11606904777045218,4.928414726645074,4.50540716954009,1.7433202959161689,3.693207820664905,3.4759772759968537,0.5508692303550491,4,1.0,0.9809740369437223,0.9806971996216591,0.0016344682672263626,0,0.0,0.1993640906788883,0.1992047068873848,0.0019485644192781745,3.5010286836672657,3.490903200073806,0.07000127513150005,16.697447588531286,16.71648903786,0.7622198837301378,0.9507178585612709,0.9507745613766674,0.036542982874421925,4,4,6000.0,6000.0,0.0,60.28090016333776,60.217549942063,0.45247736283788903,126.00934567721022,126.00934567721022,0.25769917051665114,17.560073158215374,17.49485297117257,0.22637197676698223
front,log-0147-filtered-c02,60.0,oracle-power,full_log_excluding_training,2.8337815957954726,2.8218152564138013,0.02758155154406442,0.07076401028016902,0.07130606030235653,0.003735808670093335,0.24345179647376863,0.24519211920605738,0.010675881037881802,4.195446048146485,4.199822187291167,0.09366162696490879,2.86215305338216,2.8547778614410624,0.05398723167606615,0.24626631215539652,0.25036684280424326,0.009934265091097986,4.244244368039345,4.2808031565229765,0.08604481032304341,14.926366332441102,15.140476669562442,0.8207856665584147,4.361753142757023,4.412597686370983,0.11771710555487266,4,1.0,0.9701170531918799,0.9696556363018565,0.0025511529578176135,0,0.0,0.24353630443942498,0.24534783567308946,0.010623291776723566,4.196911233622339,4.202453164549769,0.09237281921407682,16.922657478480865,16.902342535454025,0.08582128938950458,0.981587826627564,0.9884884856854099,0.019346935224289895,4,4,5975.5,5978.0,15.673757260678329,59.361499638920165,58.92754104231108,1.8840562467300208,143.8427936441168,143.8427936441168,0.0,17.24573913229801,17.147336989107544,0.38986454301877677
front,log-0151-filtered-c01,60.0,oracle-power,full_log_excluding_training,3.2342272438732342,3.1227532943561354,1.046056111263078,0.07173451984619232,0.07099516321900348,0.010137060779766612,0.24578484062044664,0.24229756068249025,0.02746489670204854,4.6513424190544175,4.651640402105276,1.4946113777961134,3.3704458361624905,3.145647603488192,1.0074377966190295,0.25882212733073917,0.2462628929951312,0.03687666198207744,4.906310395380013,4.724668192087639,1.6828887594047628,6.727252144128801,7.203206509034501,1.3546323387657206,4.8193847247587,4.832786942846772,1.0933666290369688,4,1.0,0.9701713847403819,0.971031011734426,0.006565894241294,0,0.0,0.25139702699570976,0.24396210031926818,0.03138788467335718,4.761504112502653,4.682361565498891,1.5745614645559542,18.208956680810655,18.33254024971569,4.832951850752671,0.9715358912884896,0.968390666248212,0.04836989709714094,4,4,5933.25,5934.5,51.713151131989626,63.61718358297041,64.88690007942841,12.191134746575068,126.40477793968506,128.09663909209456,22.488612072127644,18.606580180316694,19.04769755974531,4.128679221827492
front,log-0152-filtered-c01,60.0,oracle-power,full_log_excluding_training,2.7886725056469492,2.856581451707444,0.22468406421162415,0.06836128078430385,0.06910224710879553,0.0030039248531331018,0.23983595609419406,0.24354620748085215,0.014041242084692008,4.3006188376634125,4.367892706627368,0.6165680558158014,2.8163284289341783,2.886535283942555,0.24554614224235594,0.2405073919972459,0.24473966937238087,0.01453769758825136,4.31319053285329,4.390129740560694,0.6260758489467968,4.877705227039252,4.743028167378373,1.2805300604012164,4.2852078145774035,4.334882033335149,0.48209138808320107,4,1.0,0.9713149270790795,0.9703116706048673,0.0029397207568387248,0,0.0,0.2399280579741667,0.24370988580638786,0.014107159865135598,4.302343713492165,4.370943192687019,0.6178578816519352,17.616588750075795,17.477279841347865,2.146191391454782,0.9839014913788099,0.9823007939603544,0.03396215846568396,4,4,5967.25,5968.0,27.77738888616663,62.70805436398831,63.145743017093295,6.420743298117269,114.49909619997123,115.10977297533503,5.33614282879182,17.866847421367893,17.91367223134945,1.593919994306986
front,log-0155-filtered-c01,60.0,oracle-power,full_log_excluding_training,2.6054568359547923,2.603262026487342,0.4185297553093844,0.05052785137845653,0.050876793041399436,0.0032361610248512365,0.16699979003651144,0.16692802747078167,0.008606979180583844,4.279651507060727,4.2849803981229595,0.39734387122749865,2.618694925976394,2.606688739278691,0.4162042832404807,0.16770679859788878,0.16803426291847834,0.008129699816580536,4.2972315658071345,4.307673973585078,0.38401789239302236,5.701746662732801,5.6995533815715405,0.4493089719488767,4.112408372559347,4.11427358537155,0.20719027518589836,4,1.0,0.9861616611636885,0.986202605922077,0.0012366973497876688,0,0.0,0.16713703634621155,0.1671428728169139,0.008510686351391123,4.283064053289443,4.289390294069343,0.39471731208727356,25.714740441377145,25.58268990935094,1.4311312153925593,1.0045779139649993,1.0062007301556497,0.011520868652619929,4,4,5998.25,5998.0,0.5,84.58589436413287,84.94850849215001,2.624771740766637,157.06618010319335,157.06510798242215,12.192026978656996,25.588617141833748,25.507104709761443,1.1533450519539654
front,log-0078-valid,60.0,oracle-power,training_window,5.408727856732278,5.306660357887392,0.311471671112159,0.07199007839295486,0.07165149019157707,0.006810387828575301,0.23537457141208518,0.23196389913996046,0.01916780873120632,6.903968384898399,6.866141790511691,0.35509648393250337,5.408727856806374,5.306660358451094,0.31147167156191047,0.23537457141208518,0.23196389913996046,0.01916780873120632,6.903968384898399,6.866141790511691,0.3550964839325034,6.1726730910307905,6.206730601547814,0.2828738363422496,6.257917822814871,6.377220065115975,0.2986391441033306,4,1.0,0.9717542901665006,0.9727146266509767,0.004740886964856163,0,0.0,0.23865982832220534,0.23775705911738507,0.018774079996362412,7.000874313909657,7.0367394855809735,0.3489842851527399,28.557591299848568,28.79996483145745,0.9938582896376087,0.9717542899676994,0.9727146267754627,0.004740887294588427,4,4,5856.0,5856.0,0.0,96.2126596977096,95.975611624105,4.636831631967034,186.13937866591203,188.57228523903035,8.215206307878535,29.384507521492512,29.60740673351735,0.8846123020140033
front,log-0080-valid,60.0,oracle-power,training_window,5.003489499365893,4.592517051181571,1.6383549246303815,0.0669720804703622,0.06466031246836935,0.02534858000063656,0.22008680650523973,0.20766528790288494,0.09710163311892682,6.307705300287118,5.877147715143353,1.852393219703037,5.003489499358659,4.592517051184546,1.6383549246027405,0.22008680650523973,0.2076652879028849,0.09710163311892682,6.307705300287117,5.877147715143352,1.8523932197030373,5.6027757186234926,5.165949154857862,2.2754587771506634,5.6690105674990505,5.1015595664981035,2.421632277037978,4,1.0,0.9716484667811671,0.9758361782316951,0.02278915643781578,0,0.0,0.26257089285869084,0.24423112472345754,0.10943633464144495,7.574305168503557,7.007820719123613,2.1051899768268245,29.589809103470134,29.843066341782922,5.984526327847845,0.9716484666401252,0.9758361780539034,0.022789156543079604,4,4,5855.5,5856.0,1.0,97.09720694962041,98.80682324833539,11.923304596171784,172.40081437389742,175.83986804313625,9.189639813422046,30.365703498600773,30.757519566920582,5.501810268176314
front,log-0081,60.0,oracle-power,training_window,4.89864662218649,4.142180273906438,1.5561800962038836,0.0925342957231193,0.08967884995788969,0.021436144418357627,0.3067533934226535,0.30299786649692306,0.0680184277288799,6.2103682794870165,5.301583914788479,1.8696158167918344,4.898646621401528,4.142180272609631,1.5561800965925672,0.3067533934226535,0.30299786649692306,0.0680184277288799,6.2103682794870165,5.301583914788479,1.8696158167918344,6.0628006729555235,5.332837379422564,1.5758124402444147,6.177060148466211,5.442902693254776,1.8273807331796137,4,1.0,0.9497719986313051,0.951441483734513,0.02207944312553588,0,0.0,0.4731453036932872,0.3612356983458968,0.27289115430784155,8.934848299833817,8.587488797101447,3.0956664281959827,19.465925649687186,20.478170681811363,4.493452753049295,0.9497719979127044,0.9514414823063637,0.02207944214810105,4,4,5855.25,5855.0,0.5,68.30392852666503,70.3314202873448,17.25205747061366,151.29053671708652,157.30598858985306,19.338908330174384,20.469847255945407,21.140298056413165,4.653489762287707
front,log-0098,60.0,oracle-power,training_window,5.76690211632394,5.643769105018311,0.287714544817009,0.08085525861216167,0.0804370612503759,0.003955894034678337,0.26964845034179763,0.2664262947043201,0.020223438011282385,7.410731705302943,7.164149727702094,0.6319935735575205,5.766902116351613,5.643769105188092,0.2877145445725746,0.2696484503417976,0.26642629470432005,0.0202234380112824,7.410731705302942,7.164149727702094,0.6319935735575207,6.665346212160645,6.660759186643718,0.3581475926378451,6.686104959214824,6.660759186643718,0.3849951104494422,4,1.0,0.9627868484521804,0.9637606642700327,0.005710468986872538,0,0.0,0.2709548251855901,0.26851145943978816,0.02033650034170398,7.448469413881152,7.180207659442475,0.6670231033624979,26.50412697036286,26.789369240180193,1.9988432241064567,0.9627868477469593,0.9637606632550504,0.005710469444564283,4,4,6000.0,6000.0,0.0,91.56896399971997,90.30811653289662,4.233681159679286,166.76795012159397,157.56232157283785,22.09970522312246,27.525074406757284,27.68914348745453,2.0179406854037976
front,log-0099,60.0,oracle-power,training_window,5.349184357056012,5.539198801294816,0.7660162113859894,0.12594811910122755,0.12528667577041647,0.007500403457962078,0.4203103041095727,0.42848456079952013,0.031039958166966516,7.338738454293866,7.607967336829017,1.01779813797249,5.34918435813538,5.539198802340065,0.766016211364513,0.4203103041095727,0.42848456079952013,0.031039958166966534,7.338738454293866,7.607967336829017,1.01779813797249,8.587405683178154,8.722028788665485,0.6601404613898325,8.954498142844438,8.99763496403142,0.5668189612416811,4,1.0,0.9069018199223886,0.9035467456002768,0.013939298333513934,0,0.0,0.44245214783985826,0.44916354416431337,0.02558740044982813,7.717580454465826,8.004708073751155,0.9411895152890809,15.7876301026051,15.572234514690553,1.3676205210239412,0.9069018184532289,0.9035467447745018,0.013939298306276791,4,4,6000.0,6000.0,0.0,58.2181533662999,58.299953440018136,7.094264396368619,129.97067153478375,129.87806115926423,13.976082108559464,17.41691294929544,17.332212880018112,1.6071567604901786
front,log-0113,60.0,oracle-power,training_window,3.084782813972611,2.6790990478837973,0.9177915201376925,0.05709511894732747,0.058368765963987136,0.00945355262626134,0.18457428225105474,0.18815837123250218,0.019640033733819607,3.9130646055003266,3.354838032876253,1.2775870735536021,3.0847828140143676,2.67909904789629,0.9177915201716668,0.1845742822510547,0.18815837123250218,0.019640033733819607,3.913064605500326,3.354838032876253,1.2775870735536015,4.885662417749011,5.192257826290298,0.7741327404417643,3.791084614286933,3.371305420542391,1.1408631014817998,4,1.0,0.9826663388946044,0.9820709859962304,0.0036336466867953644,0,0.0,0.21799383429890412,0.2200474241913571,0.04238276846614634,4.478808457006833,4.064975058196133,0.8881032946160468,21.23207250364812,18.63441254489258,8.005268740877494,0.9826663388765777,0.9820709859275478,0.003633646737014597,4,4,6000.0,6000.0,0.0,71.20805861088576,62.92929258527739,29.687638252527663,155.38033690094954,146.7778851052941,30.56040945943686,21.59249335583125,18.93575507722442,8.096470454787438
front,log-0115,60.0,oracle-power,training_window,2.7680498675514063,2.6960429424120056,0.3525301873517991,0.05494774680912067,0.05764602062161229,0.005569808454516065,0.18384517419551805,0.18906516601820417,0.011154278454423313,4.0326330225417735,3.9555723801995675,0.26408939757933625,2.7680498679757415,2.696042943002145,0.35253018751106435,0.18384517419551805,0.18906516601820417,0.011154278454423319,4.0326330225417735,3.9555723801995675,0.26408939757933614,3.8028031178278607,3.633404147013104,0.41302746789921846,4.031913896926862,3.9442790396030842,0.2636568021461684,4,1.0,0.9829061874564969,0.9819644169370348,0.0020215963575079708,0,0.0,0.20011128234776016,0.2078678089546547,0.021345160155132138,4.369115115703204,4.348944419650474,0.05773952395524789,21.69459649675468,20.544538918157656,2.926875785573875,0.9829061875532376,0.9819644168970152,0.002021596487206465,4,4,6000.0,6000.0,0.0,74.4211285019241,68.60505817921423,13.605624650904181,189.59205108170534,190.7905706427793,5.314092160626803,22.067397928174742,20.921872294532257,2.9268535137052636
front,log-0116,60.0,oracle-power,training_window,3.9946486393259875,3.943485220418265,0.2426208713385229,0.0530258478276137,0.053404016515862476,0.0010910545328688007,0.1782696467127675,0.17890337689734598,0.002768367938111302,5.192821385863056,5.125065501711504,0.3375052550831768,3.9946486391571954,3.943485220199427,0.2426208714535392,0.17826964671276752,0.17890337689734598,0.0027683679381113042,5.192821385863056,5.1250655017115045,0.33750525508317675,5.0819214119823535,4.897438589409566,0.537595484060191,5.0819214119823535,4.897438589409566,0.537595484060191,4,1.0,0.9839786575028269,0.9838666483495978,0.0004989910606083027,0,0.0,0.18407056510716413,0.17959959014424443,0.00993428383180808,5.370150215463422,5.144943571275392,0.5765037171968228,28.648116984465457,28.184940697516005,1.4705868656931058,0.9839786571444132,0.9838666478965443,0.0004989908984639905,4,4,6000.0,6000.0,0.0,97.90804598263877,95.58357478590273,5.547088801219229,194.27104049817268,195.19175791630386,2.6584646831522427,29.115030387345854,28.647114675791876,1.5066114106072812
front,log-0122,60.0,oracle-power,training_window,3.8143465285299243,3.944669855441579,0.7985888246354987,0.04627271178799107,0.045693074637481394,0.008339904194722362,0.14893469722071428,0.14197917983018704,0.03469905323909538,4.898261276869734,5.03192003415341,0.968892862868479,3.8143465284942755,3.9446698554156017,0.7985888246801571,0.14893469722071428,0.14197917983018704,0.03469905323909538,4.898261276869734,5.03192003415341,0.9688928628684792,4.565289805363427,4.641199308189044,0.9475930677292569,4.565289805363427,4.641199308189044,0.9475930677292569,4,1.0,0.9883787088265394,0.9897886294416298,0.005533616103924195,0,0.0,0.16894509789299103,0.15427759731721186,0.04390513455185849,5.520420394463454,5.145813445413202,1.053345274986249,32.73525203780426,32.34990104148138,3.096898874510909,0.9883787086383773,0.9897886290645815,0.005533616098604428,4,4,6000.0,6000.0,0.0,105.60011431658866,106.67615331558125,6.022269327522985,178.8817771560475,177.99554064836386,5.399798820620186,33.11413637914045,32.661298650801726,3.0421075670879887
front,log-0129,60.0,oracle-power,training_window,3.1522391973196378,2.9043477121465506,0.7908188694836374,0.03850816262211614,0.037806596105314894,0.00810648907220525,0.1274636791761358,0.12581026652632624,0.035015915716338636,4.13200964013201,3.9042853573747225,0.8744732672968004,3.1522391971011583,2.90434771170468,0.7908188695500082,0.12746367917613577,0.1258102665263262,0.03501591571633864,4.13200964013201,3.904285357374722,0.8744732672968004,3.9959633477278347,3.854391602382515,0.6934378644306618,3.9959633477278347,3.854391602382515,0.6934378644306618,4,1.0,0.991371805599783,0.9917011516674626,0.004526630478728863,0,0.0,0.13387902416306868,0.13273697766817183,0.040972633058445555,4.308797567287213,4.2241535095696925,0.8865510818413644,32.90255524377399,33.734197003907795,5.252193962413671,0.9913718054523504,0.9917011514395254,0.004526630628839434,4,4,6000.0,6000.0,0.0,107.87807620193651,110.6441925922734,11.262610449360238,192.81785824117037,193.19346049897013,10.329751166182804,33.1765722657744,34.03454100924851,5.193506437894284
front,log-0145-filtered-c01,60.0,oracle-power,training_window,3.3536991024819005,3.364114607753152,0.4733646976485357,0.06975081081023574,0.06937391047133028,0.006867666716337054,0.22643526640722816,0.2272716915588187,0.019272519174133997,4.034026902120159,4.078641098121968,0.507623507691238,3.3536991027625156,3.36411460831879,0.47336469744515747,0.2264352664072282,0.22727169155881874,0.019272519174134008,4.03402690212016,4.078641098121968,0.5076235076912382,5.331700088512502,4.860209303762584,1.060216092691778,3.7159639936481366,3.735780504798137,0.4058911363949238,4,1.0,0.9738755292252446,0.9737855606894058,0.004464856376808483,0,0.0,0.22923350304950987,0.22836575338851195,0.022445029741489184,4.08438761844937,4.0917112412788175,0.555190957225784,17.32373420796527,17.701356563029304,1.1670904518438248,0.9738755293921483,0.9737855607654079,0.004464856600320966,4,4,6000.0,6000.0,0.0,57.767981139893855,58.53562767765453,3.268421192229526,124.64896809749825,125.39859880998709,2.0955296369565226,17.789873430573913,18.174368687954722,1.222227191959598
front,log-0147-filtered-c02,60.0,oracle-power,training_window,2.4336288474484613,2.367818452242192,0.150497215536259,0.06325649304645752,0.06127996356717555,0.00873417096124975,0.20793731678422048,0.2006984342327543,0.030459679801927673,3.8694139071582945,3.829551784476124,0.17969710438318653,2.433628847615428,2.367818452465105,0.1504972154968991,0.20793731678422045,0.20069843423275427,0.030459679801927694,3.869413907158294,3.8295517844761235,0.17969710438318687,10.0765646560093,10.420068712508687,0.9815791266435001,3.84155423096707,3.767824944665609,0.2943366661195327,4,1.0,0.977769194097448,0.9795323188318688,0.006696396282420764,0,0.0,0.20988947252707874,0.20427876360564567,0.031361818736974606,3.9048430831828744,3.894858772448932,0.20202419819024717,18.395954424570444,18.76637119063143,1.8735698039767232,0.977769193646474,0.9795323184561325,0.006696396168343793,4,4,5975.5,5978.0,15.673757260678329,61.72546579293197,62.623740111571635,5.375049107288101,130.45467247944373,129.40876479506696,2.402367517687543,18.805055459584402,19.155383824961916,1.792692132399146
front,log-0151-filtered-c01,60.0,oracle-power,training_window,3.315305757986659,3.445523405123665,0.72549255402084,0.07507103256467783,0.07773035063369349,0.007168744823645352,0.2521274906047126,0.26154950058519855,0.02055184839228868,4.904424992274222,5.028391578656557,0.8432263354506713,3.315305758026797,3.4455234052453427,0.7254925540994186,0.2521274906047126,0.26154950058519855,0.02055184839228868,4.904424992274222,5.0283915786565565,0.843226335450671,7.9279527616299355,7.92458075504007,1.5316928607943232,5.238809057400788,5.214434092385222,0.8748276047614926,4,1.0,0.9675201342784856,0.9651882520403918,0.0051295734529263936,0,0.0,0.2544753350323986,0.2621619117474351,0.01689355623729325,4.9464955753117525,5.036929290363995,0.7928048008425703,18.73421042963222,18.620795669565773,2.017819563254605,0.9675201340564671,0.9651882517966976,0.005129573420703691,4,4,5933.25,5934.5,51.713151131989626,65.01074141236286,64.4062452421741,5.864455757048699,164.33409863644093,164.33409863644093,0.0,19.368605933528904,19.20877648482461,2.150379534853954
front,log-0152-filtered-c01,60.0,oracle-power,training_window,2.7258844898073087,2.651285430986582,0.6851236067765694,0.06481978986096827,0.06399889191298777,0.005772131679403148,0.2238952189840244,0.22109620401744345,0.02168429726803164,4.058805618620648,3.9951201796005593,0.9947093430108328,2.7258844896671346,2.651285430856124,0.6851236070463059,0.2238952189840244,0.22109620401744345,0.02168429726803164,4.058805618620648,3.9951201796005593,0.9947093430108328,5.220242602617588,5.157448852275954,0.627394873091758,4.038265721076371,3.9819068043522785,0.9096126590422776,4,1.0,0.9744225769071339,0.9751402924307085,0.005022080412185786,0,0.0,0.2243121931380611,0.2218098151499147,0.021292144271163518,4.065588888010973,4.006865956639009,0.9889258933797695,17.465752585434,17.50141961716875,2.541406683597847,0.9744225764139272,0.9751402921356231,0.005022080179956008,4,4,5967.25,5968.0,27.77738888616663,61.97157532784419,62.04629723658621,9.816837810566378,119.05233272985555,120.36651931469572,2.6283731696803447,17.93448612280459,17.953557051389986,2.6998197888370936
front,log-0155-filtered-c01,60.0,oracle-power,training_window,2.625380312464726,2.616210777346765,0.3222090023207842,0.03954495292261559,0.03938245924480942,0.0008103324726880305,0.1314635955483955,0.1315836756676721,0.0017743126855928246,3.608533150125589,3.6080376403274457,0.17827153408109048,2.625380312488904,2.616210777396346,0.32220900234383043,0.1314635955483955,0.1315836756676721,0.0017743126855928246,3.608533150125589,3.6080376403274457,0.17827153408109048,5.021558502948406,5.0089801599115145,0.07308704395694361,3.520227885757582,3.5197936677591484,0.21746380125163517,4,1.0,0.9913197871813687,0.9913046606341099,0.0002350859244986794,0,0.0,0.1316796019116016,0.13192649462198036,0.0017989755875273544,3.6145945498409846,3.6156045869427316,0.18225976106066416,27.209631796370584,27.34140269796098,1.2608442868428325,0.9913197871026174,0.9913046605088207,0.0002350860125364496,4,4,5998.25,5998.0,0.5,91.218556709474,90.84056039433315,2.979913504366344,157.0672522239645,157.0672522239645,12.193264831384358,27.447903032833032,27.580589384363766,1.2724386157513807
front,log-0078-valid,10.0,self-supervised,full_log,6.106450841987477,6.015434101387514,0.7111829592347025,0.0839824282853735,0.08369559894680663,0.007649332521090884,0.2656638751141116,0.264756540149693,0.024197339384902296,7.61906278333629,7.593041021602777,0.6939635578381791,6.344068591258406,6.136706524228411,1.0308977075994754,0.28285861044466454,0.27565332759431227,0.03702628719347932,8.112196326502675,7.905553619115566,1.0618892261500947,7.343393846710413,7.268858203275224,1.31896692402874,7.343393846710413,7.268858203275224,1.31896692402874,4,1.0,0.965132012716744,0.9664363789008323,0.005988930974252265,0,0.0,0.2656638751141116,0.264756540149693,0.024197339384902296,7.61906278333629,7.593041021602777,0.6939635578381791,28.26976761104066,28.25757902591044,1.565393590977477,0.9857191397018281,0.9852941442857338,0.05458263559232253,4,4,30.5,31.0,3.415650255319866,90.7221062654512,90.7221062654512,0.0,193.85894322332638,193.85894322332638,0.0,28.679333161362813,28.679333161362813,0.0
front,log-0080-valid,10.0,self-supervised,full_log,8.452429214840555,7.160165627550112,3.516351984077501,0.12054142346707196,0.08972637460614098,0.07351074009303786,0.40380066992560393,0.30057360477290795,0.24625299123337688,12.520042278741272,9.3194353548839,7.6351974900794755,10.443803192417915,8.04489714635203,5.905524815335835,0.4693809436631092,0.33242560277353866,0.31831758097741536,14.553391554749817,10.307022526801548,9.869596235781747,17.184010368238223,9.465459126603854,17.230489739751246,17.184010368238223,9.465459126603854,17.230489739751246,4,1.0,0.9560127747490454,0.9584355031885111,0.01527713407323137,0,0.0,0.40380066992560393,0.30057360477290795,0.24625299123337688,12.520042278741272,9.3194353548839,7.6351974900794755,33.376281826318696,28.753689304120467,11.436820610052452,1.0764632148229631,0.927373785594263,0.3688642355465299,4,4,17.5,17.5,12.013880860626733,103.86506081174115,103.86506081174115,0.0,205.33557480115962,205.33557480115962,0.0,31.00550150411578,31.00550150411578,0.0
front,log-0081,10.0,self-supervised,full_log,8.290987632555208,8.214186723563847,0.7715980466455152,0.14978212579396866,0.14834192494999637,0.0153878438640309,0.5103716950584873,0.5054643154758671,0.052432958302271855,10.470334301176532,10.369658841956728,1.0756681985695207,11.214347697131355,9.856781995769035,3.4382682453386346,0.6526624483137611,0.581342643630692,0.166588698990867,13.389445546909325,11.926311512329342,3.417586410297619,11.140255887991438,10.59628802690844,2.0138312291000773,11.140255887991438,10.59628802690844,2.0138312291000773,4,1.0,0.8911460612666444,0.8910447920705993,0.0008939698163665435,0,0.0,0.5103716950584873,0.5054643154758671,0.052432958302271855,10.470334301176532,10.369658841956728,1.0756681985695207,22.32824385495636,22.838066615869273,3.1409289055688387,1.0883801162540547,1.1132311954251644,0.15310315444400252,4,4,27.5,26.5,9.746794344808963,69.90376352101518,69.90376352101518,0.0,197.4047490481513,197.4047490481513,0.0,20.515115557058188,20.515115557058188,0.0
front,log-0098,10.0,self-supervised,full_log,7.004754993651198,6.967003011174701,0.2730869579486814,0.1008822666588407,0.10261764871534407,0.0041914878559758326,0.3356881293249527,0.34146265417957095,0.013947275017313267,9.141465718089856,9.298717692125706,0.3798124666723595,8.792216336549334,8.748358360610158,1.647672078446104,0.4028815284063121,0.39677672174999273,0.054432672269177876,10.971277679029276,10.805031464495165,1.4823115982484705,9.446210555764047,9.261243592216246,0.6443675387421941,9.446210555764047,9.261243592216246,0.6443675387421941,4,1.0,0.9446882477372165,0.9427742251597874,0.004868564569976984,0,0.0,0.3356881293249527,0.34146265417957095,0.013947275017313267,9.141465718089856,9.298717692125706,0.3798124666723595,23.814204403833482,24.000370289994933,0.5749614861376626,0.8744927754709471,0.8813290619043131,0.021113435379788985,4,4,32.75,32.0,3.095695936834452,90.61518957542924,90.61518957542924,0.0,199.7034809556106,199.7034809556106,0.0,27.23201960245886,27.23201960245886,0.0
front,log-0099,10.0,self-supervised,full_log,9.187637478477932,8.987920586594125,1.0498046739696287,0.1673061648597864,0.16157851632643833,0.019791802581012624,0.5566547563174958,0.5375979403222504,0.06585053845475872,11.029478729496113,10.651889668617601,1.304753269364635,12.247977595825558,10.52721298356468,3.6841928212114596,0.7310095652393512,0.6521828204362513,0.1947361161890515,14.484120290650992,12.92225830123268,3.85847390504785,11.282161473711302,10.680086521050129,2.652318818743667,11.282161473711302,10.680086521050129,2.652318818743667,4,1.0,0.8667370599241954,0.8659196094653347,0.002606635829116848,0,0.0,0.5566547563174958,0.5375979403222504,0.06585053845475872,11.029478729496113,10.651889668617601,1.304753269364635,20.849831193350134,21.152849584699652,3.933920353266892,1.0522852427428795,1.0675784975678144,0.1985438776688463,4,4,28.0,28.5,5.830951894845301,65.92392299912883,65.92392299912883,0.0,187.74146730164688,187.74146730164688,0.0,19.813858777495643,19.813858777495643,0.0
front,log-0113,10.0,self-supervised,full_log,5.288956002920125,5.228984096165448,1.0314765835339244,0.08474847861015125,0.08411096648163909,0.0227335271551659,0.2966328323517458,0.29440144092808307,0.07957087442717165,7.72507217279499,7.6669610741115175,2.0722276186656603,14.27029936431857,15.065610886533495,3.2004461338901598,0.5989021445147441,0.6384196431448671,0.1262634385407232,15.596932592181627,16.626068600443965,3.2882205512427336,11.80403991468405,11.245894524549731,5.818880531399983,11.80403991468405,11.245894524549731,5.818880531399983,4,1.0,0.969065354561002,0.9733430492566575,0.013386060965629193,0,0.0,0.2966328323517458,0.29440144092808307,0.07957087442717165,7.72507217279499,7.6669610741115175,2.0722276186656603,28.87389764195771,30.124149805903848,3.1216480382037823,1.1087205202730743,1.1567285947932455,0.11986726835234618,4,4,22.0,18.5,14.628738838327793,91.152930406348,91.152930406348,0.0,196.08948725647684,196.08948725647684,0.0,26.042539227871565,26.042539227871565,0.0
front,log-0115,10.0,self-supervised,full_log,4.661041286031941,4.684104558409308,0.09764680890425648,0.07333692852152995,0.07346110444676784,0.004319666733740761,0.252813831228532,0.2532419019432269,0.014891154001177364,6.1494694689928275,6.159881904806936,0.36221395183688815,16.159753750914255,15.476645596970933,7.538423470552948,0.7193412487545279,0.6915656754646733,0.2818754754409355,17.49733005313481,16.821714169701067,6.856367872986233,6.846225439289206,6.2715255603919875,1.269750470051152,6.846225439289206,6.2715255603919875,1.269750470051152,4,1.0,0.9744330173843686,0.9723313408568718,0.004636560947696543,0,0.0,0.252813831228532,0.2532419019432269,0.014891154001177364,6.1494694689928275,6.159881904806936,0.36221395183688815,24.54414291026161,25.551877500510784,3.027316646653915,1.0090462005952738,1.050475667626051,0.12445748753474803,4,4,31.0,29.5,15.383974345619102,83.85229096671934,83.85229096671934,0.0,194.67735718346603,194.67735718346603,0.0,24.324102202438407,24.324102202438407,0.0
front,log-0116,10.0,self-supervised,full_log,5.209284806665489,5.333462462912154,0.43476953185992695,0.06309305990518707,0.0624318313844559,0.0031415903405725117,0.2031845751100957,0.201055158083289,0.010117161847569993,6.573735301653569,6.504841174855429,0.32732575272446923,13.111036642210737,13.940082191629788,2.2377313353489616,0.4461024696170419,0.4743533721587777,0.07333310384071053,14.432983168566697,15.346999182043872,2.3725837123034292,7.02659311597586,7.183626736771041,0.8349370920001787,7.02659311597586,7.183626736771041,0.8349370920001787,4,1.0,0.9826151613963675,0.9828912529138436,0.001223812762213246,0,0.0,0.2031845751100957,0.201055158083289,0.010117161847569993,6.573735301653569,6.504841174855429,0.32732575272446923,30.002907486138703,28.978508977727984,2.3104667724878816,0.9273461327390486,0.8956834681923804,0.07141315978388388,4,4,49.0,51.0,5.477225575051661,104.19109980609964,104.19109980609964,0.0,215.69220856612964,215.69220856612964,0.0,32.353515507225815,32.353515507225815,0.0
front,log-0122,10.0,self-supervised,full_log,7.04644509786818,6.687267938098524,1.7474499525131222,0.08414032102103305,0.07684245669943622,0.018761681372636854,0.2729932933957224,0.24931537070976262,0.06087228008408694,9.067191901416933,8.28075401442716,2.0218102728228593,13.566301104819942,13.609066206178873,3.3979741042152303,0.46106647770782416,0.4585929266851536,0.09552513863393754,15.313849584675253,15.231693127564093,3.1727693842933795,9.490153891489364,9.383564822902414,2.136572170957931,9.490153891489364,9.383564822902414,2.136572170957931,4,1.0,0.9695811978636637,0.9755564102313896,0.012523894832415809,0,0.0,0.2729932933957224,0.24931537070976262,0.06087228008408694,9.067191901416933,8.28075401442716,2.0218102728228593,29.19307846721002,28.394268367122763,3.9530295728927176,0.8789396675147036,0.8548892445842582,0.11901706434888946,4,4,37.25,35.0,12.685293322058685,107.76274432266965,107.76274432266965,0.0,208.61012873759907,208.61012873759907,0.0,33.213973093007155,33.213973093007155,0.0
front,log-0129,10.0,self-supervised,full_log,5.674682982464255,5.717113333786718,0.7440941695135362,0.06697616585749591,0.06848600038633502,0.006239754725957584,0.22529696989560555,0.23037580861436663,0.020989523879899632,7.252923986225149,7.416425657741369,0.6757100252103255,7.5541039704651425,6.789381817069938,1.4983674468641883,0.2952290140801681,0.2729197367043102,0.06289519318064409,9.504227236805901,8.78603074677017,2.0247678228852006,7.559808695189815,7.191755065754346,1.23077892418123,7.559808695189815,7.191755065754346,1.23077892418123,4,1.0,0.9800771152217074,0.9801022232444051,0.0016876539963211956,1,0.25,0.22529696989560555,0.23037580861436663,0.020989523879899632,7.252923986225149,7.416425657741369,0.6757100252103255,31.98772397324763,32.79855813032799,4.267451138983572,0.9936319887974623,1.018818862260497,0.13255947706284202,4,3,29.0,22.0,13.892443989449804,108.29111958509354,108.29111958509354,0.0,210.70562678396246,210.7056267839625,3.4809342861069267e-14,32.19272762339365,32.19272762339365,0.0
front,log-0145-filtered-c01,10.0,self-supervised,full_log,3.4361260854044966,3.4779473777489978,0.10706224859214192,0.07804006496868746,0.07862476174068522,0.003808334603033953,0.26524458519967065,0.26723186766564966,0.012943865852605317,4.670055173579303,4.705044459994415,0.22789746167889335,5.1020182623323915,4.959229872774693,0.965419467142195,0.34352126762871293,0.3340870690938968,0.05011439592868137,6.048241369060692,5.882137214124122,0.8823440968695436,10.672928294061503,11.174603326180808,5.220523670387213,6.32153035978741,6.229847931353486,1.9981275133392657,4,1.0,0.9706325449911152,0.9704819450448292,0.002314874427633461,0,0.0,0.26524458519967065,0.26723186766564966,0.012943865852605317,4.670055173579303,4.705044459994415,0.22789746167889335,18.86958940515894,19.139332489342202,1.0226924944060893,1.0717338936326575,1.0870544604815136,0.058085747680289804,4,4,47.0,49.0,5.656854249492381,59.841764297006954,59.841764297006954,0.0,126.23251970541182,126.23251970541182,0.0,17.606599471441736,17.606599471441736,0.0
front,log-0147-filtered-c02,10.0,self-supervised,full_log,4.843583257970348,3.3941243541831763,3.14708797519118,0.12712170217285643,0.10047653316430405,0.06936478551117972,0.4426221206807954,0.349846921711017,0.2415196456524682,7.774037470267242,6.144571071269327,4.241954225469011,10.54874477441258,7.199114265862539,9.546169025229442,0.704583942234972,0.49271739381561525,0.578195002304605,12.375029877536218,8.653890763262092,10.155185208827003,25.189713142070072,19.31064730598897,18.55730559301873,11.637556653656878,8.035320057647038,9.89605872602003,4,1.0,0.9622484504299279,0.9631321056764095,0.005196062211968042,0,0.0,0.4426221206807954,0.349846921711017,0.2415196456524682,7.774037470267242,6.144571071269327,4.241954225469011,22.16794884246936,20.319137062319083,5.617432151641174,1.2621529758924446,1.1568891417522649,0.3198337725087434,4,4,33.75,37.5,19.737865470545017,61.15429023831297,61.15429023831297,0.0,143.8427936441168,143.8427936441168,0.0,17.563599077041214,17.563599077041214,0.0
front,log-0151-filtered-c01,10.0,self-supervised,full_log,5.198309703119108,5.261007075947047,0.8985844159425725,0.14097271203458617,0.14434530845329466,0.050644160811717964,0.4657573745376722,0.4769000391759707,0.1673223919359825,8.973287291348282,9.187962004958237,3.2236352556038947,12.492289250118445,12.519790803824733,3.1965088986266412,0.7647781525493005,0.8077005823759571,0.17223918446516412,14.734225268646572,15.561169328221892,3.3183622407860325,23.480695307460557,24.764628741417575,14.522683691570085,13.283688497136646,14.591670289403446,4.782233727452852,4,1.0,0.9534394351023315,0.9525365299958097,0.011110190522035587,0,0.0,0.4657573745376722,0.4769000391759707,0.1673223919359825,8.973287291348282,9.187962004958237,3.2236352556038947,22.279105005179073,23.488570307296797,7.028337025527505,1.156394208426394,1.2191713563565505,0.36480496991685457,4,4,17.0,17.0,9.83192080250175,63.65265420407588,63.65265420407588,0.0,164.33409863644093,164.33409863644093,0.0,19.26601226712834,19.26601226712834,0.0
front,log-0152-filtered-c01,10.0,self-supervised,full_log,7.140148182307852,4.716715906818964,6.266746205141974,0.1849193862234751,0.10961767167177092,0.17271170620709714,0.6452655784895043,0.3825045700642634,0.6026675801473332,11.612650682280018,6.883819786156847,10.84602730889327,10.62327259483231,10.318607219669985,4.473765531995114,0.8321103809698012,0.6572880819981324,0.5070554791241817,14.975240436536664,11.82901606457579,9.125325062881883,26.797373561035034,9.381511087798117,37.61559445787107,26.797373561035034,9.381511087798117,37.61559445787107,4,1.0,0.952954143809708,0.962261244442109,0.022105474714050964,0,0.0,0.6452655784895043,0.3825045700642634,0.6026675801473332,11.612650682280018,6.883819786156847,10.84602730889327,26.285862240432976,21.720609282578312,11.736742094955712,1.4605935000309698,1.206921821497139,0.6521608101964173,4,4,12.0,11.0,6.683312551921141,62.798449202325,62.798449202325,0.0,120.36651931469572,120.36651931469572,0.0,17.996699451199543,17.996699451199543,0.0
front,log-0155-filtered-c01,10.0,self-supervised,full_log,3.623326019944379,3.7008277535630842,0.3850559638170024,0.05351820521265461,0.05421572080937263,0.0048170677556186245,0.1770736893828524,0.17938153322070471,0.015938052408619948,4.695622131657251,4.756821300428157,0.4226436569219431,11.297897815068257,11.387846812216516,0.5631658909508767,0.45909532749922427,0.46396583151367154,0.023955569046623958,12.174243321292375,12.303398852654894,0.6352513497844581,6.536880028899473,6.700014281662774,1.0282132590112367,6.536880028899473,6.700014281662774,1.0282132590112367,4,1.0,0.9864726831195705,0.9864622624354549,0.000986918154269733,0,0.0,0.1770736893828524,0.17938153322070471,0.015938052408619948,4.695622131657251,4.756821300428157,0.4226436569219431,24.874369798916966,24.929990508561012,1.4735969751539588,0.9380219080390717,0.9401193860700152,0.055569900161840706,4,4,46.75,46.0,2.217355782608345,87.73878184066888,87.73878184066888,0.0,168.93012807396792,168.93012807396792,0.0,26.51789855411444,26.51789855411444,0.0
front,log-0078-valid,10.0,self-supervised,full_log_excluding_training,6.10282695027386,6.009719910689163,0.7078431437444576,0.08447342751876348,0.08416159077962262,0.00846648986656886,0.26625126548187894,0.2654969939475503,0.025487876654265967,7.6183526008244975,7.656288355578645,0.7232197539005212,6.368439699748051,6.157403685161384,1.0198977721213118,0.2848070060156818,0.277411957898458,0.03815591060449133,8.146720380778673,8.000423879559651,1.0546216912368402,7.343883149910834,7.300973807788398,1.3372552804063873,7.343883149910834,7.300973807788398,1.3372552804063873,4,1.0,0.9649983942468361,0.9665126508807969,0.006660541082436809,0,0.0,0.2663106598831346,0.26556756780071344,0.025427200826291824,7.620049403847624,7.658301961924196,0.7214348798453856,28.336829297013814,28.258546570700894,1.8781828793012387,0.9897673227029233,0.9887773597311236,0.05390117998266125,4,4,30.5,31.0,3.415650255319866,90.22543009603417,90.51662144160628,1.1554516478451617,193.85894322332638,193.85894322332638,0.0,28.61647280293849,28.580817203003797,0.3827095647508337
front,log-0080-valid,10.0,self-supervised,full_log_excluding_training,8.447024005183254,7.127123652964484,3.70775992355611,0.12073449223545683,0.08904660387027263,0.07706425334366296,0.4051238125346824,0.29926723600333205,0.25777344011880116,12.502702616040759,9.29419990267537,7.854242220420815,10.403196492605831,7.908136567656282,6.026699246087787,0.4706042590271302,0.32568602920035805,0.330911804208086,14.517855693579062,10.082724361144384,10.091252982333492,17.10550277398095,9.447736194211934,17.281683159092243,17.10550277398095,9.447736194211934,17.281683159092243,4,1.0,0.9570534593374441,0.9586233769137138,0.015666350942489384,0,0.0,0.40521266938115336,0.2993122644025068,0.25770868087399923,12.505456236029763,9.29559394868166,7.8522225532973176,33.44254708657222,28.76597633056513,11.487015703616569,1.0820257618828655,0.9246152462128894,0.37986566429970686,4,4,17.5,17.5,12.013880860626733,103.93868670502016,104.21857481239863,0.8217100832502456,205.33557480115962,205.33557480115962,0.0,30.956185439306537,30.963595669989925,0.22993586742480857
front,log-0081,10.0,self-supervised,full_log_excluding_training,8.32528553511072,8.259073244471406,0.7979894450554367,0.15019371820105548,0.14937905389371295,0.01567360414880383,0.5118902823015357,0.5086553633395876,0.05344878553539726,10.503367311716467,10.407280816043539,1.0943835945476206,11.26095918373544,9.873623181592544,3.4696794508346795,0.6542486316227838,0.5829873856379948,0.165657774169458,13.432453119685634,11.966114725150657,3.4465486579277274,11.185710674897972,10.641636689889761,2.006439031291989,11.185710674897972,10.641636689889761,2.006439031291989,4,1.0,0.8908645030320105,0.8901946388106106,0.0015631437414346588,0,0.0,0.5118981027001089,0.5086593358431022,0.05343987612438009,10.50352810984462,10.407362036975593,1.0942032795123195,22.36030271685859,22.839086103169343,3.145577194511301,1.0898683764424533,1.1162572899107897,0.1543692165255494,4,4,27.5,26.5,9.746794344808963,69.93572331147581,69.97080645067066,0.341058917060126,197.4047490481513,197.4047490481513,0.0,20.51970768709419,20.524871055873337,0.07596472943748127
front,log-0098,10.0,self-supervised,full_log_excluding_training,6.999632173297998,7.060740097148147,0.3626271570412147,0.10028241871227865,0.10335189472148766,0.006266918931950786,0.3319187997289318,0.3421050907791475,0.020909445287620853,9.12133167467551,9.403759435277628,0.5812501201505136,8.873042008540407,8.819179050117036,1.5699099873457998,0.40228036131484823,0.39599401962183645,0.05128389141603043,11.054179704636393,10.87765137999493,1.406210705233015,9.461715505842754,9.263172814287277,0.6170194911400674,9.461715505842754,9.263172814287277,0.6170194911400674,4,1.0,0.9460907877975244,0.9430510728821856,0.00765493210772756,0,0.0,0.331998835049726,0.3421224330257156,0.020813721914955414,9.123529518741638,9.404236120020204,0.5786244356237502,24.01307300188275,24.151228315820724,0.5715349742210701,0.8738514591765476,0.8791417571511287,0.02081118569084257,4,4,32.75,32.0,3.095695936834452,90.95084677662453,90.97136520600517,0.14409820025182668,199.7034809556106,199.7034809556106,0.0,27.479599588168742,27.487925120077875,0.02163451951892275
front,log-0099,10.0,self-supervised,full_log_excluding_training,9.19038108088822,8.982699310700152,1.0653470985903526,0.16720755655104302,0.1609412801959769,0.0198976725124447,0.5561877063305217,0.5357573408070228,0.06580465836123436,11.031278722740089,10.650983684267429,1.319422655901751,12.282452032546068,10.525525968098794,3.722740805078733,0.732852941979525,0.6531039585174563,0.19931271155638636,14.52281256632462,12.957899181899883,3.8885011025539935,11.294768573827401,10.706294372453902,2.6511359900582314,11.294768573827401,10.706294372453902,2.6511359900582314,4,1.0,0.8669877383896798,0.8661791262625329,0.0023857446928522825,0,0.0,0.5562081861202458,0.5357588056370848,0.06582351122734363,11.031684375311304,10.651012853729387,1.3197880907761934,20.86145875782731,21.197110038391074,4.011501170722102,1.0515458102432997,1.0662351303673114,0.19997658501346963,4,4,28.0,28.5,5.830951894845301,65.96934035386973,65.99540456436918,0.28154963845216274,187.74146730164688,187.74146730164688,0.0,19.831354305764123,19.840590371064888,0.07569040812192716
front,log-0113,10.0,self-supervised,full_log_excluding_training,5.334306338943431,5.309003646864783,1.0860703188832797,0.08551512446177528,0.08477723610581381,0.023490822888393277,0.2975338072493122,0.29524868467615695,0.08108101622573101,7.788532290911706,7.761655059236482,2.146925243836788,14.233742221733959,15.064084760578996,3.166420257831984,0.5949892198918483,0.6330705470025852,0.12248338652845216,15.577012602863467,16.660064760443937,3.2838645129956787,11.773858323416487,11.227161492437308,5.789267754484692,11.773858323416487,11.227161492437308,5.789267754484692,4,1.0,0.9691970522148237,0.9733109719125372,0.013220118076020644,0,0.0,0.2975609975714204,0.2952815829572235,0.08110005586043371,7.789244733617065,7.762517521159767,2.147421610143911,29.07054174158017,30.44908768386288,3.3712692658337895,1.1109094529051478,1.157908195253601,0.12170627016260198,4,4,22.0,18.5,14.628738838327793,91.03322111961188,90.91770907413698,0.9804307128478001,196.08948725647684,196.08948725647684,0.0,26.15263618229683,26.177446164340495,0.26111496065026274
front,log-0115,10.0,self-supervised,full_log_excluding_training,4.659104453837213,4.668129502716552,0.1683481477311062,0.07343931462781923,0.07377287703010604,0.003662220029479462,0.2526651776214574,0.2531541071412253,0.01277490318370414,6.14038001606652,6.168854404057209,0.46471317673224816,16.33464882334865,15.700490305912059,7.43759234742708,0.7334962563841405,0.6971714162466508,0.2994082875310915,17.659670481534377,17.044325393942035,6.7371562463552594,6.747670777146738,6.209982935259573,1.2023954168602558,6.747670777146738,6.209982935259573,1.2023954168602558,4,1.0,0.9742210117102935,0.9728255632740019,0.003775134878211529,0,0.0,0.2527964066334087,0.25325410394426107,0.012843431676248063,6.143616929975595,6.17293390817342,0.46676154862200253,24.621631230689708,25.818081292835693,3.630177768907095,1.0112728799559958,1.0519180931080805,0.1216831848656752,4,4,31.0,29.5,15.383974345619102,83.54532080780163,84.62102298306694,2.796106486944482,194.67735718346603,194.67735718346603,0.0,24.28162378259176,24.530171857406074,0.7263659514074539
front,log-0116,10.0,self-supervised,full_log_excluding_training,5.204895669118506,5.31193641545027,0.37961477374069463,0.06274113506629192,0.061834289789048466,0.0024174256798016273,0.20098623002301955,0.19861562498774943,0.007526789695777331,6.547633214472546,6.472724222768592,0.2639896070555698,13.258117888570807,14.145759463543321,2.352781374972156,0.44688569731479255,0.4767008358614395,0.07406170190458795,14.565338676125215,15.523182575214914,2.469268676074679,7.0326755472935165,7.169601861380626,0.8281141765927253,7.0326755472935165,7.169601861380626,0.8281141765927253,4,1.0,0.9834878332079486,0.983424098796674,0.0013521188898469822,0,0.0,0.20108900086011358,0.1986847600028811,0.007623086989029927,6.5509897680593285,6.474988809459086,0.267199987215057,30.12632430226546,29.176248698444624,2.287506141067688,0.9250708003501309,0.8938560207941251,0.07447861614786884,4,4,49.0,51.0,5.477225575051661,104.35578009462887,104.071340128392,0.7614587954579021,215.06306714662918,215.69220856612964,1.2582828390009126,32.57514445591116,32.56329793939268,0.17683439099103757
front,log-0122,10.0,self-supervised,full_log_excluding_training,7.0548096607156605,6.676610001226661,1.7402738965361477,0.08433441300869833,0.07680921675651056,0.018850450429058148,0.2739885065733746,0.2490552882517279,0.06093656646500005,9.071637474053125,8.267032481786607,2.019621115693229,13.59023909939041,13.657065801270054,3.451509025949833,0.4639603469708822,0.4624577157344888,0.09908693979767996,15.350792265437127,15.286968288674863,3.222982745210072,9.504275061802995,9.380234886572229,2.1191693824787508,9.504275061802995,9.380234886572229,2.1191693824787508,4,1.0,0.969365582412921,0.9754921727784527,0.012777163112051003,0,0.0,0.2740064375271312,0.24908144730685933,0.06092967277999175,9.072231468554612,8.267900240192759,2.019395429695413,29.102583337396055,28.36362411716667,3.897684025561791,0.8792697654192437,0.8546525536572376,0.1202549545552816,4,4,37.25,35.0,12.685293322058685,107.57984898333726,107.5405056776149,0.4156259540114097,208.3172371965101,208.61012873759907,0.5857830821779828,33.10730831019242,33.0509330800206,0.1822210130096246
front,log-0129,10.0,self-supervised,full_log_excluding_training,5.634070020972782,5.6403415600351,0.7159178094523378,0.06659024148150401,0.06752449060443415,0.0059018294036820825,0.22397648307275797,0.22805772619076575,0.020017507019124352,7.205706977684204,7.328414683078756,0.6339375214998269,7.524400219337469,6.845464145557716,1.4445985290222092,0.2940640978647252,0.2744484679070021,0.06130128612117418,9.460404608023895,8.847402354381849,1.963561376204699,7.507738571085366,7.10047846407083,1.2257096351645749,7.507738571085366,7.10047846407083,1.2257096351645749,4,1.0,0.9801295637743661,0.9801601090054565,0.0015984561121055855,1,0.25,0.22398883363362754,0.22807882488516082,0.020011219393380113,7.206104392300997,7.3290926692377045,0.6337320353761852,31.961058003906043,32.89174223308024,4.164729041240197,0.9933627191539173,1.0203094536771085,0.1295207902808572,4,3,29.0,22.0,13.892443989449804,108.21339651911676,108.15709147862192,0.29227645695931465,210.70562678396246,210.7056267839625,3.4809342861069267e-14,32.17455681466688,32.152610788346855,0.05489135944912547
front,log-0145-filtered-c01,10.0,self-supervised,full_log_excluding_training,3.4540514320636335,3.4942005166501637,0.104962077864093,0.07870639025625087,0.0788161979850706,0.00391653281898833,0.26707890302876375,0.2683079349931591,0.013313743143016074,4.694113663896674,4.733305374132973,0.22826957942193926,5.091385206082142,4.944504277295387,0.9544706325623548,0.34401453198937015,0.33507632515165475,0.050103745959333965,6.045206853821293,5.87414643505008,0.8686274718224996,10.69647946470562,11.21190194633828,5.228378516018346,6.345384139315769,6.2707459022202094,2.00706358419869,4,1.0,0.9703585191539357,0.9700215104575014,0.0024211167065887732,0,0.0,0.2670904722699849,0.2683108824208682,0.013320165772215793,4.694316247660423,4.733357254383683,0.22836291069809894,18.872664258666163,19.210476175157865,1.0393218988193609,1.073701667249594,1.0888474558642192,0.058088426831628494,4,4,47.0,49.0,5.656854249492381,59.644291420563775,59.59005661946523,0.5158533040476059,126.23251970541182,126.23251970541182,0.0,17.57664214747514,17.55977049587183,0.09590781680860407
front,log-0147-filtered-c02,10.0,self-supervised,full_log_excluding_training,4.867907587086367,3.3928475593271172,3.187575059198956,0.12674468762393076,0.09955367739992008,0.06930712605653536,0.4412575168304707,0.34605606838580355,0.24141118456772281,7.7802889624288785,6.082005220712458,4.283723591711476,10.55546160189897,7.195178504078681,9.53477635888349,0.702131862358816,0.49099420261533,0.573466169154856,12.386928332869225,8.632209907977265,10.157524076703112,25.191656520267408,19.303711797756087,18.563032837241426,11.653042524138893,8.031290277809829,9.896693185606166,4,1.0,0.9625873601425675,0.9626080421435033,0.004262382956189633,0,0.0,0.44125961986399387,0.34605756110253555,0.24141018892908075,7.780326018137106,6.082031495767355,4.283706139866418,22.227098283808417,20.294897281640225,5.713813275206081,1.261408297025572,1.1549570469251336,0.32028350257073207,4,4,33.75,37.5,19.737865470545017,61.31114187726673,61.41336168980234,0.34640408067756656,143.8427936441168,143.8427936441168,0.0,17.61192491115071,17.613576581331188,0.061254046016915246
front,log-0151-filtered-c01,10.0,self-supervised,full_log_excluding_training,5.297331076314007,5.306286734284566,1.1686529307637166,0.14258655234579903,0.1463878691663423,0.05261199347654895,0.4680498544680674,0.4808513015715429,0.1720062234065975,9.172847330718213,9.311508936333535,3.637134166043727,12.513788438115125,12.590119481294519,3.1803075145845967,0.766311584143376,0.7948100697347305,0.1828984362574822,14.862259560328518,15.909334515241225,3.3425402569214078,23.560636135027437,24.89798695351719,14.609056211631149,12.160643630488789,12.280538781141994,5.3963539473489215,4,1.0,0.9529304021070009,0.9530898306684269,0.010323953765356027,0,0.0,0.46808245702776874,0.4809105536497792,0.1720326634977007,9.173493286347485,9.312681992265258,3.637666276922382,22.77254051420914,24.060547554453432,7.906387048902712,1.1606694027244786,1.2203853377802907,0.36651512460690977,4,4,17.0,17.0,9.83192080250175,63.836325226402934,64.44178606445405,2.3592490317928942,164.22566351191605,164.33409863644093,0.21687024904971963,19.44134833729481,19.661105686174093,0.7730069627834281
front,log-0152-filtered-c01,10.0,self-supervised,full_log_excluding_training,7.222314318815083,4.590177789540127,6.54206194162355,0.18397782927616013,0.1092581297272055,0.1733018985657634,0.6426173045952581,0.37936769379734453,0.606305233287854,11.747697047764715,6.85817669283294,11.211359625734351,10.69962097741563,10.289992330425534,4.642425034869065,0.830514870118152,0.6540980961930071,0.5147788464206129,15.14076971060441,11.809036220542303,9.543828838895916,26.629208681210482,9.24201099517202,37.45324272172869,26.629208681210482,9.24201099517202,37.45324272172869,4,1.0,0.9531350285348387,0.9627735186095974,0.022684330126516227,0,0.0,0.6428949827181412,0.3795923105678379,0.6065698194543453,11.752773187045747,6.862244280872168,11.216238222677228,26.552094330538832,21.722898951951436,12.23265390644916,1.4572541516054376,1.2019894344601862,0.6553101203751581,4,4,12.0,11.0,6.683312551921141,63.439335415421795,63.4397043212674,0.8695392177960632,120.36651931469572,120.36651931469572,0.0,18.16647710967106,18.12082846734792,0.16851313531986614
front,log-0155-filtered-c01,10.0,self-supervised,full_log_excluding_training,3.6085518271890615,3.6956358996397602,0.37971669513498385,0.0532509624179523,0.05395008411167784,0.0049905099088683146,0.17602079371142565,0.17864064647764372,0.01660979592425127,4.690338838451307,4.7612600938073175,0.4148548294603926,11.340189591670539,11.46414189755337,0.6265809066765046,0.4580553995833902,0.4641713019105179,0.027936973776487677,12.2087915810361,12.373771949367477,0.7059632905486513,6.493776519575523,6.661267708785372,1.0334870138093972,6.493776519575523,6.661267708785372,1.0334870138093972,4,1.0,0.9865507346461952,0.9864257581197724,0.0010534403311626426,0,0.0,0.17604659779451817,0.17866676294431397,0.01660888566038691,4.691026754871069,4.761956025160586,0.4148252171745142,25.04433574623055,25.112219569617867,1.6134271527221085,0.939215588217897,0.9417444661875531,0.05462719861701983,4,4,46.75,46.0,2.217355782608345,88.11287087008594,88.1111622918599,0.5579618069055011,168.92073581305448,168.93012807396792,0.018784521826916034,26.65786017402521,26.65952112053357,0.16867086947522514
front,log-0078-valid,10.0,self-supervised,training_window,5.890135501834845,5.817516528981667,1.38943489647927,0.08002086729153318,0.08482423865276817,0.018148871688314885,0.2615332442943151,0.2769497024626678,0.06208704638643833,7.159430511317199,7.276172393593386,1.4615494030705185,5.9946328410492935,5.83994825568742,1.3382695417216048,0.2745791173731366,0.2905275835869817,0.06534216317974084,7.530745588423905,7.479587658261995,1.6566602583518404,7.400418769994106,6.884418839503539,1.5523573360608254,7.69552242780184,7.922096870632033,1.9110398195346445,4,1.0,0.9668372074037533,0.9658410545702301,0.016421292987387034,0,0.0,0.27434567743877963,0.28594137308260065,0.049521790205302375,7.535951517684142,7.519471719837183,1.1471904906566703,25.930463723369492,27.111303880611672,3.1712717549058103,0.9361395949927211,0.956261197627375,0.07336815053362572,4,4,30.5,31.0,3.415650255319866,91.16438003516384,90.4670434224293,17.178649769096026,151.85203214769354,152.0831248247608,29.081815415264366,27.93073740463557,28.922450252698177,4.82082549608724
front,log-0080-valid,10.0,self-supervised,training_window,6.019456042525506,5.698973181938399,2.3443255165615975,0.09978210790388092,0.09288643644938593,0.017835232059630036,0.2986675200779198,0.282265492638036,0.05265958370916177,7.543960666849782,7.215110362854105,2.174702277183269,11.935475332133818,11.773088365004565,5.271546900201518,0.5315312200035296,0.5241543535044725,0.17502479588463749,13.420191253540272,13.15459240328082,5.267230458860122,8.795424640420231,8.441778962373077,2.108388385773533,7.06192543375608,7.089505704258579,1.8442670303768984,4,1.0,0.9614586827416178,0.9609498676568191,0.0047547953232853135,0,0.0,0.3953232258807657,0.40066063770567273,0.10909888513410251,10.280037067683695,9.946363196563933,4.560742456944794,22.720191931602532,20.866383263864584,4.691143191134117,0.9127368301549622,0.9652067115524274,0.13510707460089452,4,4,17.5,17.5,12.013880860626733,75.49620442976305,75.36098857693577,16.45856175843574,119.5947869596942,121.79253592264166,23.62572574175707,25.07969319682034,24.42857962959126,4.653967926487929
front,log-0081,10.0,self-supervised,training_window,4.0930714286184235,4.179311788525357,0.7465056735972908,0.08850867204882976,0.08712721549874464,0.024437884189204322,0.2921801097097727,0.29177920510165695,0.08079466720094344,5.2233476500705756,5.453430594202793,0.9618021562942859,7.308056779821396,8.11631230892152,2.106960235894476,0.500753133897289,0.40253991238060083,0.21582638688386913,8.741748228349868,9.162219471252417,1.8075369987792993,5.7344818579891434,5.597577912283613,0.9232732019852364,5.780267133920991,5.923902673581978,1.4359359459211158,4,1.0,0.9592761826472326,0.9591470637067602,0.022589821064026117,0,0.0,0.4225977846876258,0.3202999729656787,0.25563936745779225,6.939611567964376,6.678911804092808,1.3971929505025455,18.05313529899761,19.795158342127316,6.140448969809817,0.9447918289972315,0.914736765775054,0.11163279168043773,4,4,27.5,26.5,9.746794344808963,63.33006028981596,65.88824499484949,22.46300611381326,107.41311293866954,109.27901547387016,21.160037068911027,19.162650704621253,19.410937081335973,6.8737266602156994
front,log-0098,10.0,self-supervised,training_window,6.321870026070425,5.666812893166874,2.9646844063374704,0.11126084396803296,0.10547279690138217,0.03488430974228198,0.383840359241185,0.3554465080725958,0.13556706051852982,7.7345313831015865,6.980165062160445,3.3762158292571076,6.95698862832003,6.885991440153788,3.4474895876636817,0.4220093037831436,0.4159430470439217,0.16724543090517202,8.514923087861069,8.519162495337495,3.9658928101701143,8.474591220566815,8.425934949377622,2.9750420118208902,7.877758579430193,7.798342184362794,3.5062138210047347,4,1.0,0.9209260357230942,0.9346929517665528,0.054498348292848386,0,0.0,0.4378267156124611,0.39149228444267303,0.14669575124840303,8.804396766987777,7.701624589961216,3.7149834577010905,17.9321485338374,16.787470736681144,2.8087219302299915,0.9076785855518953,0.8993303539833486,0.08533976042820403,4,4,32.75,32.0,3.095695936834452,67.5673178895217,66.91135820625277,8.610534700896553,108.71269991095585,110.75535080023171,8.870247751281841,19.708429215818946,19.567223445008317,1.695779707160044
front,log-0099,10.0,self-supervised,training_window,7.013855872133286,7.773594713294778,3.291106509856283,0.1640571563192628,0.13827598899681845,0.12173444358856482,0.5160721500252481,0.46315615277033606,0.33592847442533047,8.328226067352738,9.359291470203312,3.5494473973208627,10.055058676034081,10.634524037349864,2.02037018546695,0.6751586390069271,0.6474333001870067,0.2305976201661772,11.526502265367528,11.940256086911806,2.7338174310611496,8.906099181561713,10.017632757510874,4.066918171686421,7.885365037477346,9.105715813729914,2.9735282057352,4,1.0,0.8785162202386058,0.8951289983085247,0.10830946766055652,0,0.0,0.6485179844022952,0.5845603587799942,0.23137781795704546,10.840815771633297,10.984028140429885,0.7529316455976819,18.301784336449522,17.77767652410042,1.8879016192917342,1.067307330243412,0.9992656503994317,0.2538137829136411,4,4,28.0,28.5,5.830951894845301,60.47859871548914,61.68079067409847,20.67283530504331,110.85280583782354,110.16326419771461,16.095339599005815,18.00332997258789,17.820657320196023,5.2053786218801505
front,log-0113,10.0,self-supervised,training_window,3.786426587216554,3.5651988947189546,1.4152036648138109,0.06995062164747137,0.06776658076334327,0.011025733061881418,0.22040676704284026,0.22336724141493705,0.026545831452876922,4.665905307090577,4.475858831892108,1.5683245457730544,15.19413491457423,15.104177615529657,4.499461247145224,0.8131916281352258,0.8954049375776711,0.291066069653483,15.957294464334819,15.591527694025423,4.15914368364464,5.610696811637295,6.002951288355218,1.3595535412991835,4.807497432607988,4.888734872194409,1.6530582136936482,4,1.0,0.9804755666960567,0.9812046397640106,0.00805235777465309,0,0.0,0.2633927438630843,0.2708102372876366,0.03497611394657731,5.497569972774469,5.870231842178194,1.4145427104369748,20.848370933863357,21.06441511706928,7.351335035502504,0.9764793998315018,0.9895830575246185,0.11704261818160853,4,4,22.0,18.5,14.628738838327793,69.31074236273045,68.61885632344334,28.5742149802791,108.69603382780176,103.56471333099137,31.35910591482657,21.551243212669434,21.743035352134196,7.73914016998865
front,log-0115,10.0,self-supervised,training_window,3.393605506665742,2.3159731201373472,2.730622151246484,0.054072467393367185,0.04748299532421641,0.014057059212013483,0.18181752555265487,0.16738200436840125,0.032494798409936805,4.319413890014256,3.2014054057904398,3.1055990775918314,13.1569802522881,11.633455789160744,9.33820150940031,0.5712189813407781,0.5585618415507039,0.1544817123195819,13.864206698332504,12.081803191923385,9.80300124947713,6.473464260774989,5.679453081173536,2.4327345758823204,3.8839911666684035,2.5310017475835367,3.1624947110133,4,1.0,0.9890011281318438,0.9876527113598534,0.003086473593766673,0,0.0,0.2955183924309984,0.2976953538819257,0.08472787119212749,5.948679243413892,5.124846065586046,1.8785922780242916,19.513572972801608,17.80501497025852,8.664270751170175,0.9020109686886997,0.9334492936409972,0.07363798744404719,4,4,31.0,29.5,15.383974345619102,74.25967001043179,67.25188112757853,34.370878869163406,126.98946246116093,124.49474731740521,58.029252741227324,22.31405984593417,19.104428043287598,11.835620499726412
front,log-0116,10.0,self-supervised,training_window,4.3637476586694035,4.583763631263528,0.8882095475534466,0.06080373462335002,0.05989518043343087,0.015093175014822042,0.21908875110940235,0.224211742682705,0.05397480127093498,5.717144588117819,6.123732683285436,0.9842932211489716,10.345173804409605,10.618026515523377,1.3855433503314234,0.4374684791299561,0.42484279206194897,0.07811812701389992,11.495411371832377,11.588861584747608,1.4654686409117696,6.068687396058614,6.2685758447398285,0.7090880882816756,5.933154201395227,6.170237820810118,1.7068021379419582,4,1.0,0.9756925445786853,0.9761701368276521,0.011309909746406508,0,0.0,0.264222308759072,0.280398498921021,0.08472414323021592,6.864740805486312,7.237446437331139,1.7464931295065151,26.09924895591746,26.779080175677713,2.3589250773488195,0.9855761156805889,0.9930135158796626,0.049212730364164084,4,4,49.0,51.0,5.477225575051661,95.60810068975675,100.01568551762239,11.429801457187832,137.28606636452503,135.94765266324492,10.888634691357101,26.541653303450627,27.42828838781962,2.837496785617657
front,log-0122,10.0,self-supervised,training_window,6.460745060056962,6.381267545839406,2.6280959789300304,0.07085975334917975,0.06919242167771883,0.022060703190452082,0.22434689344580283,0.22320887377699855,0.07697888802647396,8.021626391010654,7.4950951542461866,3.0144123273406382,12.765216116519172,13.387711454130443,2.2134097478806676,0.3956579395594461,0.3974615421788296,0.09081530317590635,13.900156728848794,14.502964103233285,1.9591392171740167,8.596569494500438,8.743659464940764,3.1617221452318702,7.901396060340092,7.540214013003306,3.240125829188274,4,1.0,0.9833086659583655,0.9843725623131852,0.00926227548811699,0,0.0,0.24637162049783903,0.2559678564168647,0.07368771112746944,8.758869181154164,8.524176155086408,2.768322037879463,31.353011209054117,29.62694282190023,6.713445859270882,0.8728256987459284,0.8681540698780237,0.11637815743787756,4,4,37.25,35.0,12.685293322058685,111.9136452693433,116.39854086745498,11.419863322300388,161.548758974379,168.7517074205241,19.119494914315403,36.00641755888351,38.11460622975865,6.054688255097225
front,log-0129,10.0,self-supervised,training_window,7.136231708852051,8.570165063469103,2.8217208814461068,0.07827325628621838,0.0811669398253083,0.02596924115858417,0.25358147546247234,0.2871375131719873,0.06993138976672622,8.244414132344987,9.605537551086934,2.8719433395690843,8.84969248340086,8.688637907702857,4.589100945447527,0.32960203922561176,0.3013812413247118,0.15385208142871154,10.757235578795928,10.215633082235085,5.571287756200737,8.73480298845606,9.056702136579853,2.652610864656813,8.530409313610873,9.162470252131772,3.4357187949799286,4,1.0,0.987544153676759,0.9913725649493409,0.0075233232212357165,1,0.25,0.2763458218266129,0.3007238335746318,0.055223445814566306,8.940747877768262,10.193349557451938,2.4792823923979084,30.888862490460635,25.719372743177605,9.519393767277572,0.9628958885095135,0.8781627693270608,0.257181473755161,4,3,29.0,22.0,13.892443989449804,105.33628478761727,97.00125962860565,17.507767056552332,138.93344316064253,134.29583475498762,14.211466847330442,31.96668128213494,33.45274340846397,2.9661416767361524
front,log-0145-filtered-c01,10.0,self-supervised,training_window,2.5693826930946058,2.5282697167908292,0.31998591546844773,0.0593404841665188,0.059060097378278734,0.01578401293886246,0.18903119355289882,0.18192518864145796,0.042414479618278274,3.326636602963444,3.220367203262253,0.23812222355438462,5.486211850766438,5.4912950886330165,1.4604887204532833,0.33683082503539763,0.33309698294196277,0.05153156106696888,6.11944659406608,6.158665431482345,1.5030221360368479,4.2459310069552885,4.2611474943304515,1.009208008709158,3.1232859203649155,3.14071162946437,0.45627150300131303,4,1.0,0.9825737764368861,0.9836628485665684,0.008438810494230007,0,0.0,0.20618044888444736,0.1986618737216865,0.0292838480807891,3.677497182399687,3.6843644946836083,0.38263869014453483,18.196164352860137,18.17838372460607,3.82929790015686,1.0007759880553138,1.0022956579127693,0.05345890769958217,4,4,47.0,49.0,5.656854249492381,58.88992155282108,59.390139523145415,14.447894597774491,100.29976022226575,100.37366615021071,17.252411777239306,18.203501292775446,19.028512503185127,3.689488438297565
front,log-0147-filtered-c02,10.0,self-supervised,training_window,4.013159209185385,3.730733910579822,2.0833622376514827,0.13918369978182943,0.1412691408035715,0.09701729289635133,0.4710969091799341,0.47794271802193744,0.33368495198432135,6.800887225137908,6.2767976221821105,4.491929291086401,10.328089810305517,7.343515740968182,9.98058788775731,0.8483091180917877,0.5782859274317202,0.8548758632522736,11.735863451134648,9.121164501369769,10.447269646946417,7.4284952225495635,7.405199996550486,5.197929031659622,6.988470353063157,6.497512309337778,4.667557879646829,4,1.0,0.9528218835281441,0.9697734199492247,0.047174276204552036,0,0.0,0.4744943072977547,0.4834946762223489,0.3321667842833157,6.851840102409306,6.359593606086296,4.468283304842047,19.350528159690846,19.439001419463988,3.1781625153341237,1.294784395258937,1.2616202512178174,0.3308735253160264,4,4,33.75,37.5,19.737865470545017,51.29918581997487,50.50484928705666,7.530303535304097,85.10250119688754,86.56580578306642,11.384907563937727,15.287826051893335,15.258667590147956,2.2547254965645536
front,log-0151-filtered-c01,10.0,self-supervised,training_window,4.296996475077209,3.8850844384000838,2.1242186058541095,0.11509972480169116,0.1098364462146661,0.022684814139809616,0.3759504168685457,0.3564421808678592,0.06603768821218174,6.033218748315185,5.405794009903145,2.292804336663794,12.31826295730805,11.943964033530218,3.4124474137337066,0.8821247466377891,0.899374137768054,0.2702862499084084,13.492643369614276,12.344451092981693,3.922046192674831,7.721582592229708,6.196260340631113,4.293362481537612,6.126817315888617,5.559413548675267,2.831029757052189,4,1.0,0.9638461789578556,0.9662772230135211,0.019322377479447088,0,0.0,0.38533050249397693,0.3735327733695059,0.06351927742050864,6.144731205592139,5.4240852957933505,2.1822366790805376,16.030330122152446,15.680654974305327,2.412278950369399,1.0625355633837081,1.158345699516819,0.28184250614113016,4,4,17.0,17.0,9.83192080250175,54.094404821399685,49.470997593949974,22.954612268929523,86.45167223301458,84.77605385595919,19.773220081576397,16.376119889491893,14.895157575246316,6.579863176045869
front,log-0152-filtered-c01,10.0,self-supervised,training_window,3.842585396105494,3.3044678324672594,2.001898840589597,0.13134842920657278,0.1495713848007501,0.05173434757225161,0.4394468755783431,0.45435794933347107,0.16655460979851688,5.452971608757316,5.18087301135539,2.3886375246469065,9.466311073000696,8.177896433629853,3.612028060281843,0.9017251585352392,0.7636755764000657,0.38289502797987984,10.719263017312832,9.39733964047922,3.1118052121960127,5.737702663452781,5.5685491465914385,2.6483750478221397,5.59894729366649,5.56088627208827,2.2732558327855807,4,1.0,0.9600714326277398,0.9641306514622467,0.018701816186163612,0,0.0,0.8752452027386238,0.5744000027068012,0.853038140714134,8.343959965177739,8.225025641880128,3.800829692295756,16.28740721492007,18.137226000136174,5.233794158605764,1.2752628188583814,1.2773286107804362,0.22117795544533453,4,4,12.0,11.0,6.683312551921141,46.431570961252746,49.006572508821435,21.13936105323413,78.51844568137375,85.02232960561315,30.61440399484612,13.24420448014843,14.646913563711431,5.100688429064672
front,log-0155-filtered-c01,10.0,self-supervised,training_window,3.6875735384707014,3.750644806709972,0.5002668135668938,0.05682611682499947,0.05744115550229409,0.0023446555641006774,0.1889849546154728,0.18795062673511603,0.005127246616288813,4.638506448804842,4.620955154040044,0.5706990125288565,10.762952401373681,10.735724940574233,0.604703593044335,0.48139983317821444,0.47982180091689364,0.056314116171267824,11.697087542729207,11.620599061824656,0.42496894118969086,6.5932692437843015,7.002821836897847,1.8443010826697133,4.389297933432675,4.381001397517398,0.34827987516748665,4,1.0,0.9862613340334848,0.9859098408469991,0.0037381642987362284,0,0.0,0.1935302939059968,0.19283324105666186,0.004367377055189038,4.748666925901587,4.7401065424758375,0.5642962277253102,22.447641148094498,22.54538672183316,0.6497866098855609,0.9213332650161743,0.9132072948681282,0.0716351560949575,4,4,46.75,46.0,2.217355782608345,81.53368545203675,83.21574981934674,8.21796311643259,123.94299380542621,121.28490448741258,13.671634226392193,24.500046837977333,24.56277798588787,2.4021528149131304
front,log-0078-valid,20.0,self-supervised,full_log,6.280973585424615,6.243824983388297,0.5728367955478607,0.08945476865922139,0.08921776537999726,0.009739891768908892,0.28297467666321413,0.2822249578129865,0.030810461704297076,8.115525028253238,8.094023591570206,0.8836234960729461,6.32551713029825,6.21945602420698,0.6071666628092499,0.30357465671963635,0.29501738269758365,0.05569494686933927,8.706318719408799,8.460901806777274,1.597293936670182,7.764549293396823,7.7537647582343485,1.1797373203101655,7.764549293396823,7.7537647582343485,1.1797373203101655,4,1.0,0.9642858200429603,0.9628433545705535,0.00330647294753661,0,0.0,0.28297467666321413,0.2822249578129865,0.030810461704297076,8.115525028253238,8.094023591570206,0.8836234960729461,29.639484640814686,29.626430246370774,2.5022573706030564,1.0334788634746013,1.0330236787473113,0.08724949623215544,4,4,55.75,52.0,8.220908303425682,90.7221062654512,90.7221062654512,0.0,193.85894322332638,193.85894322332638,0.0,28.679333161362813,28.679333161362813,0.0
front,log-0080-valid,20.0,self-supervised,full_log,7.0300702890204425,6.820494823884524,1.016085798679683,0.08702828723983298,0.08226245326739784,0.015145740862890568,0.29153530528467775,0.27557027935855527,0.050736586071803466,9.039198346506929,8.54419471114129,1.573113295763002,7.373686845342318,7.049084005482245,0.9142237064741958,0.3070612195938205,0.2907905130401692,0.039887794670360556,9.520587105971826,9.016105689449565,1.2367410776477252,9.406258875883184,9.265829498666307,2.1042805376451548,9.406258875883184,9.265829498666307,2.1042805376451548,4,1.0,0.9628389295872102,0.9668663761255194,0.009547839328312942,0,0.0,0.29153530528467775,0.27557027935855527,0.050736586071803466,9.039198346506929,8.54419471114129,1.573113295763002,26.84997170178611,27.109757105124658,2.6443202210168577,0.8659744367696149,0.8743531241230209,0.0852855168514478,4,4,32.0,31.0,17.18526500620032,103.86506081174115,103.86506081174115,0.0,205.33557480115962,205.33557480115962,0.0,31.00550150411578,31.00550150411578,0.0
front,log-0081,20.0,self-supervised,full_log,7.9063386339668025,7.846423221377076,0.8514216094053808,0.14236104814876682,0.1403121709502428,0.013267826877361102,0.48508491296172257,0.4781035129900345,0.045209154678815616,9.951573044395252,9.80834881722603,0.9274710324728198,10.739901851289392,10.901024759379228,0.8824575104150593,0.6113021329498493,0.6132131385253632,0.048537660940650734,12.540933897742306,12.580138397954155,0.9957557230667591,9.414773583103006,9.287321481098056,0.9846444415618488,9.414773583103006,9.287321481098056,0.9846444415618488,4,1.0,0.8937234908284509,0.8940379377764976,0.0037888432699326327,0,0.0,0.48508491296172257,0.4781035129900345,0.045209154678815616,9.951573044395252,9.80834881722603,0.9274710324728198,21.656966845231313,21.47538275135849,2.215842401172815,1.0556590229773417,1.0468077887072844,0.10801023250441595,4,4,44.5,48.5,10.661457061146317,69.90376352101518,69.90376352101518,0.0,197.4047490481513,197.4047490481513,0.0,20.515115557058188,20.515115557058188,0.0
front,log-0098,20.0,self-supervised,full_log,6.8628711717511175,6.879847505289854,0.3269378274004859,0.10077375736580768,0.10176780788431257,0.00455320851280975,0.3353270620849013,0.33863478870587294,0.015150909061752434,9.131633127930971,9.221709204112846,0.41258985256471403,7.893322858057909,8.051160771253059,1.0280772083766736,0.3723730824469845,0.3836825549598704,0.028766467264585194,10.140471080624312,10.44845085778869,0.7833690004426754,8.948370882742456,9.124973368904904,0.6077928314272448,8.948370882742456,9.124973368904904,0.6077928314272448,4,1.0,0.9439866660221036,0.9428882587122043,0.004493797156970797,0,0.0,0.3353270620849013,0.33863478870587294,0.015150909061752434,9.131633127930971,9.221709204112846,0.41258985256471403,24.72951242965935,24.204233788416147,1.6044537616863717,0.9081042387111992,0.8888152308112571,0.0589179129975913,4,4,52.0,50.0,4.0,90.61518957542924,90.61518957542924,0.0,199.7034809556106,199.7034809556106,0.0,27.23201960245886,27.23201960245886,0.0
front,log-0099,20.0,self-supervised,full_log,9.266622039164698,9.408754241736482,0.6500870568666303,0.16695926686645954,0.16895689479998632,0.013962497452160773,0.5555005704086609,0.5621470026634572,0.04645549447224435,11.006609852895483,11.138301322966207,0.9204626069117787,10.70003187210383,9.935257343847729,1.6917991228378249,0.633800110859598,0.5951895333797655,0.10468235215609496,12.558025889733155,11.793001360230203,2.0741613421169323,10.055446189821286,10.093486065824171,1.461732117644179,10.055446189821286,10.093486065824171,1.461732117644179,4,1.0,0.8684357030526361,0.8679973071036464,0.0038774705635321663,0,0.0,0.5555005704086609,0.5621470026634572,0.04645549447224435,11.006609852895483,11.138301322966207,0.9204626069117787,21.754955557419777,22.517852589348987,2.4330108327431232,1.0979666203197538,1.1364698235824973,0.12279338719757658,4,4,48.0,50.0,5.477225575051661,65.92392299912883,65.92392299912883,0.0,187.74146730164688,187.74146730164688,0.0,19.813858777495643,19.813858777495643,0.0
front,log-0113,20.0,self-supervised,full_log,4.273868694087787,4.238318052993893,0.17833198009278842,0.06364973212316853,0.06221452520040951,0.005722674957411635,0.22278394406320168,0.2177604970174178,0.02003025079723481,5.801859602605874,5.671036285856912,0.521638592131093,11.136208295686002,10.62027393738867,1.3380948240452173,0.4716779736506568,0.4482983444669406,0.058717466596841905,12.283692131720198,11.67482722157018,1.5291519272094938,6.218862688216838,6.168962351878369,0.6770498040836754,6.218862688216838,6.168962351878369,0.6770498040836754,4,1.0,0.9762988242056057,0.9760669821123444,0.0019594170334641193,0,0.0,0.22278394406320168,0.2177604970174178,0.02003025079723481,5.801859602605874,5.671036285856912,0.521638592131093,25.976174430893607,25.28888296017927,1.5130465883657622,0.9974516771810433,0.9710605689753282,0.05809904230638356,4,4,44.5,42.5,4.358898943540674,91.152930406348,91.152930406348,0.0,196.08948725647684,196.08948725647684,0.0,26.042539227871565,26.042539227871565,0.0
front,log-0115,20.0,self-supervised,full_log,4.0932176031013965,4.146408955198053,0.1521973224978707,0.06483145221775151,0.06380251253301938,0.002461750749159356,0.22349296799998208,0.21994591211634446,0.008486374476972727,5.436265795157862,5.349986845326498,0.2064234401060495,16.972912100849435,17.2599545536263,3.214097780080398,0.7335889456344272,0.7461936422606923,0.12492588173402763,17.84389248819084,18.150490417158842,3.0387099150282224,6.714184388762973,7.06874148474234,1.3163673802925582,6.714184388762973,7.06874148474234,1.3163673802925582,4,1.0,0.9760754465134789,0.9769769551667932,0.0027853506429063274,0,0.0,0.22349296799998208,0.21994591211634446,0.008486374476972727,5.436265795157862,5.349986845326498,0.2064234401060495,23.65063344280047,23.348635920038756,1.4606522482756281,0.9723126981611504,0.9598971310726583,0.060049585227001795,4,4,47.75,48.0,3.304037933599835,83.85229096671934,83.85229096671934,0.0,194.67735718346603,194.67735718346603,0.0,24.324102202438407,24.324102202438407,0.0
front,log-0116,20.0,self-supervised,full_log,5.469856900911189,5.422956296263747,0.6422589757680407,0.06834455082211573,0.06805533291877855,0.008349748601368782,0.2200964502395337,0.2191650543476225,0.026889488707548852,7.120893915910108,7.090759984477794,0.8699694898810552,11.40110513010014,12.073156000005472,2.0229792502894757,0.39732233346446405,0.41192595916238106,0.07155935713755623,12.854774277109684,13.327252907588964,2.3151967708370362,7.031247762571507,7.06999582914937,0.7423405350552935,7.031247762571507,7.06999582914937,0.7423405350552935,4,1.0,0.9792678913990812,0.9805918132469733,0.002848257910157776,0,0.0,0.2200964502395337,0.2191650543476225,0.026889488707548852,7.120893915910108,7.090759984477794,0.8699694898810552,31.931068561900364,31.329092028911724,3.3844860510435804,0.9869427807549661,0.9683365636700192,0.10460952999953566,4,4,50.5,50.5,0.5773502691896257,104.19109980609964,104.19109980609964,0.0,215.69220856612964,215.69220856612964,0.0,32.353515507225815,32.353515507225815,0.0
front,log-0122,20.0,self-supervised,full_log,5.657408420317229,5.703698978583457,0.7173001162868966,0.06784268252682303,0.0660453355041511,0.008945699175318015,0.22011560107036132,0.2142841081887077,0.029024323296639124,7.3109136513020765,7.1172266036387715,0.9640130930173123,15.145226185996437,15.645044433114709,2.931010169569649,0.5023811997713767,0.509821178429728,0.08888023093272797,16.68607565163916,16.933186902610185,2.952065598699889,7.150574149371788,7.0852492928354796,1.2625939726073918,7.150574149371788,7.0852492928354796,1.2625939726073918,4,1.0,0.9784604887632353,0.9791883401975024,0.00287640946281052,0,0.0,0.22011560107036132,0.2142841081887077,0.029024323296639124,7.3109136513020765,7.1172266036387715,0.9640130930173123,32.77851494791301,32.711806464668165,3.0254776824670144,0.986889308789564,0.9848808624330248,0.09109050802187821,4,4,51.5,51.5,0.5773502691896257,107.76274432266965,107.76274432266965,0.0,208.61012873759907,208.61012873759907,0.0,33.213973093007155,33.213973093007155,0.0
front,log-0129,20.0,self-supervised,full_log,5.399354108851577,5.158259247055235,0.6292920222247542,0.06579654627700887,0.06426248809346541,0.007600514778192173,0.2213289207588616,0.21616859759059806,0.025566900213679807,7.125181661169708,6.959056782965112,0.823068254753479,7.417088099056036,6.795173688721589,1.6915501065063163,0.2967048512211764,0.27395028170639824,0.07044317291708015,9.55173845990287,8.819206801326038,2.2677578786471813,7.371093574009686,7.229385612790601,0.8241497726942622,7.371093574009686,7.229385612790601,0.8241497726942622,4,1.0,0.979945655941859,0.9801222397159388,0.0021003559875661477,0,0.0,0.2213289207588616,0.21616859759059806,0.025566900213679807,7.125181661169708,6.959056782965112,0.823068254753479,32.533244830220525,31.71954543629502,3.514718671718579,1.0105774574559327,0.9853015813809209,0.10917741152087157,4,4,49.75,47.0,29.981939007787116,108.29111958509354,108.29111958509354,0.0,210.7056267839625,210.7056267839625,0.0,32.19272762339365,32.19272762339365,0.0
front,log-0145-filtered-c01,20.0,self-supervised,full_log,3.7526795402011297,3.623661028128481,0.4743040534511302,0.08427093028708964,0.077055413686132,0.015439809516499368,0.28642221091638076,0.26189792702976095,0.052477222724109686,5.0429211473295235,4.611131903613876,0.9239454418770402,5.016388256475639,4.927918020208413,0.7426835028245441,0.3517856477054069,0.3616041604546817,0.03332485078223598,6.193748998950806,6.366619620332531,0.5867373001683907,8.453517092476881,6.291661707693532,6.308754038241919,5.855324706065633,4.613576250115111,2.9367695341421944,4,1.0,0.9678442025893815,0.9678385187404259,0.0016686882089271607,0,0.0,0.28642221091638076,0.26189792702976095,0.052477222724109686,5.0429211473295235,4.611131903613876,0.9239454418770402,18.98901520214052,18.247486045748985,1.901511846324493,1.078516906853086,1.0364003608616632,0.10799994907641215,4,4,50.5,50.5,0.5773502691896257,59.841764297006954,59.841764297006954,0.0,126.23251970541182,126.23251970541182,0.0,17.606599471441736,17.606599471441736,0.0
front,log-0147-filtered-c02,20.0,self-supervised,full_log,4.272369389791823,4.169564367114239,1.2589690121321313,0.11161475228851306,0.10629008033769254,0.03326284159942418,0.3886288297967117,0.37008897743069324,0.11581712042045166,6.825720956329134,6.500094422424851,2.034165469322216,9.789603914837256,8.676849842371313,6.5441233267150265,0.6313798163705545,0.5632075773865516,0.36803572900909487,11.089301960068322,9.891952086369056,6.46403199034233,15.35613325187409,11.94832959946191,9.376405552518301,7.85718759608778,6.261880105920647,4.4098533294849815,4,1.0,0.9544273712254264,0.9570950197748339,0.012566956842265112,0,0.0,0.3886288297967117,0.37008897743069324,0.11581712042045166,6.825720956329134,6.500094422424851,2.034165469322216,20.912315103815892,20.268344243397088,2.472721853739781,1.1906622903475435,1.153997204928884,0.1407867398301111,4,4,46.75,49.5,11.146748404803978,61.15429023831297,61.15429023831297,0.0,143.8427936441168,143.8427936441168,0.0,17.563599077041214,17.563599077041214,0.0
front,log-0151-filtered-c01,20.0,self-supervised,full_log,4.790722770723229,4.654009333428407,0.9003592145687531,0.13313055664110737,0.12518498232608777,0.048644447504853514,0.43984780910427806,0.4135965596337454,0.16071557274245848,8.474113285872546,7.968356391545816,3.0963481959747625,12.04875693087477,12.191679411343637,1.4703939644391553,0.7371502685365348,0.7464455678982231,0.053203295448364815,14.201946116341826,14.381029467870746,1.0250153427598498,23.479981062060325,21.767585024882337,12.132356033814782,13.147195331116057,12.302112841802987,3.084976044781656,4,1.0,0.9536214883236473,0.9554924490183567,0.010833962730602784,0,0.0,0.43984780910427806,0.4135965596337454,0.16071557274245848,8.474113285872546,7.968356391545816,3.0963481959747625,21.530767859249202,21.109961311820783,6.668460206769559,1.1175518607960708,1.0957099486456048,0.3461256078481421,4,4,35.75,37.5,15.75595125658873,63.65265420407588,63.65265420407588,0.0,164.33409863644093,164.33409863644093,0.0,19.26601226712834,19.26601226712834,0.0
front,log-0152-filtered-c01,20.0,self-supervised,full_log,3.4917858807087803,3.379823697219585,0.519639797873924,0.08126472673402099,0.08168371014699136,0.0053758591912492935,0.2835685969855482,0.28503061554330555,0.018758751917592246,5.10329881374724,5.129610322323275,0.33759562034052076,10.633369922471273,10.518978095753354,2.807177344661424,0.6525951198765246,0.6441860747687993,0.1475538898924319,11.744558235737351,11.593223178262038,2.6554830092494868,5.6277067724785805,5.966748343940935,0.7682575492127834,5.6277067724785805,5.966748343940935,0.7682575492127834,4,1.0,0.9625614510778032,0.9627918716094128,0.0020894112590401017,0,0.0,0.2835685969855482,0.28503061554330555,0.018758751917592246,5.10329881374724,5.129610322323275,0.33759562034052076,18.464455407324277,18.620072558385445,1.1424201689745197,1.0259912078541464,1.0346381906791442,0.06347942699561909,4,4,27.25,24.5,10.53169818531972,62.798449202325,62.798449202325,0.0,120.36651931469572,120.36651931469572,0.0,17.996699451199543,17.996699451199543,0.0
front,log-0155-filtered-c01,20.0,self-supervised,full_log,4.368090620531515,4.042894813307983,0.8400269341161402,0.06383820939372506,0.05805719848002448,0.013534503581598223,0.21121910228538582,0.19209168710425326,0.04478110716972138,5.601086727094982,5.093867871719281,1.1875008570675982,12.857719144795732,11.898843486077594,6.202670497859514,0.5304279483413343,0.48393406081278934,0.22819711942802387,14.065834524382556,12.832914331514196,6.051308063333475,7.0708576850639115,6.8731257858638735,2.141890276957174,7.0708576850639115,6.8731257858638735,2.141890276957174,4,1.0,0.9819993196309005,0.9858568193269304,0.010417615445195242,0,0.0,0.21121910228538582,0.19209168710425326,0.04478110716972138,5.601086727094982,5.093867871719281,1.1875008570675982,23.53949790785022,23.01466441339641,1.254442340767889,0.8876833833500694,0.8678917134565145,0.04730549587886756,4,4,50.75,51.0,0.5,87.73878184066888,87.73878184066888,0.0,168.93012807396792,168.93012807396792,0.0,26.51789855411444,26.51789855411444,0.0
front,log-0078-valid,20.0,self-supervised,full_log_excluding_training,6.268150639118744,6.00522945907408,0.7770191563403838,0.08984078467902877,0.08715401519360605,0.010611489517281018,0.28252553077390197,0.2733398254684939,0.03412740373913247,8.091476592106602,7.856200865711022,1.0466098148275547,6.328407052325333,5.985583604145171,0.8612711942534932,0.30333623985162583,0.2829051831152476,0.062414136714022884,8.693729765160466,8.135170047745664,1.8728029648283049,7.7246792587908475,7.526429221944426,1.366890720462187,7.7246792587908475,7.526429221944426,1.366890720462187,4,1.0,0.9645174884335068,0.9645500929436327,0.0037921617569022445,0,0.0,0.28294227596883165,0.27392328973518565,0.0341992656906087,8.103681427392123,7.873396724382263,1.0512394948402748,29.668527904795035,29.6980364458354,3.1304885932559543,1.0352564592355193,1.028213860254453,0.0893449047624939,4,4,55.75,52.0,8.220908303425682,89.99802314975324,89.80824454922208,2.3994500068012727,193.85894322332638,193.85894322332638,0.0,28.625232956426437,28.4920871840894,0.7908426893945701
front,log-0080-valid,20.0,self-supervised,full_log_excluding_training,6.872871362040903,6.695103521374582,0.9302673689410859,0.08564445220411995,0.08124051413294148,0.015176840746753153,0.2871912336890903,0.27228505985304396,0.05054180066753327,8.847491022242764,8.39921882460436,1.507424092998001,7.259269576308811,7.089136064134793,0.9070602562359011,0.3034716612640754,0.2966357348277219,0.04486060671664274,9.344260635901165,9.13862910476751,1.2839144219976908,9.284583151990946,9.14716347016061,2.1000713732346212,9.284583151990946,9.14716347016061,2.1000713732346212,4,1.0,0.9638098900710472,0.9679197492572176,0.010342305231707922,0,0.0,0.2876297816126382,0.27239573490957236,0.0505418788511143,8.861033583316317,8.402612768375386,1.507338646536321,26.73608587055601,27.131971169906222,2.4304571431660813,0.867415268552897,0.8683439963331585,0.0803516476927631,4,4,32.0,31.0,17.18526500620032,103.39352646217763,103.49249734866791,1.8149403754487046,205.33557480115962,205.33557480115962,0.0,30.828035752768315,30.83569320546213,0.49365026164090414
front,log-0081,20.0,self-supervised,full_log_excluding_training,7.93561757625565,7.874486595315853,0.9285844813971903,0.142706386912936,0.1413942688855419,0.013999253960105444,0.48635321852817104,0.4813129915668123,0.04841006357084402,9.985089645685232,9.842177015416755,0.9831252978306957,10.81727717116788,10.921334213038891,0.9220163765846393,0.6138485862768412,0.6162072293428381,0.04809853334584249,12.60555175965923,12.599427452168591,1.0214894380077113,9.459319153286327,9.291252502333167,1.0057405363600989,9.459319153286327,9.291252502333167,1.0057405363600989,4,1.0,0.8935356561074885,0.8933673797799178,0.004974394546448216,0,0.0,0.4863888108961515,0.481318988182305,0.048376880829659796,9.985825070647241,9.842299726126704,0.9824885570080244,21.711132547690163,21.480609486437192,2.221571405593642,1.0575241906270958,1.05046335880242,0.10953736465533222,4,4,44.5,48.5,10.661457061146317,69.96952728323696,69.96710276882436,0.4786529883748619,197.4047490481513,197.4047490481513,0.0,20.532566800962833,20.507482208170682,0.11549591184997982
front,log-0098,20.0,self-supervised,full_log_excluding_training,6.835940661002757,6.886094473308699,0.42306936775374127,0.10024812191654367,0.1024192606034876,0.006509906993399791,0.3337876056234763,0.33953739427027896,0.023180892266193315,9.077904391915137,9.299031774695166,0.5920891692170651,7.912411403267214,8.188007815618526,0.9550200876282755,0.3736214322533865,0.3833985086152313,0.0307903033015351,10.156214961652012,10.355452264744955,0.7242314807110765,8.935355613714115,9.057322701956736,0.6045438730317059,8.935355613714115,9.057322701956736,0.6045438730317059,4,1.0,0.9447342125054062,0.942596623062756,0.007075564880437085,0,0.0,0.3338306820604161,0.3395806344066351,0.02322097006066955,9.079066532440175,9.300202219783682,0.5930390911372935,24.630452758712117,23.99375358676813,2.069808774279494,0.9047636487546713,0.8850429755085586,0.06331303235039215,4,4,52.0,50.0,4.0,90.55304785245687,90.38146925258195,0.4027811850120795,193.95688853400526,199.7034809556106,11.493184843210699,27.203939918176935,27.109444859369564,0.36903661425586826
front,log-0099,20.0,self-supervised,full_log_excluding_training,9.291394240243408,9.429534177069321,0.6840633848745662,0.16692270790902622,0.16851964331053698,0.013718861251114309,0.555144979075616,0.5602163248846916,0.04603143096139725,11.030254280051686,11.154891970837047,0.9539624683199799,10.707611141556137,9.957193832564995,1.7292553685653873,0.6335628518077971,0.5934599712984199,0.10845105384715534,12.580153823336488,11.833815890181352,2.1053564875354343,10.066080936885452,10.123154253474699,1.4544362945422007,10.066080936885452,10.123154253474699,1.4544362945422007,4,1.0,0.8688122485988071,0.8686271638834917,0.003939801185855183,0,0.0,0.555217600623109,0.5603440283169359,0.046020477847421706,11.031694582055296,11.157424884686336,0.9537172282295494,21.833297454339974,22.65488688453302,2.526577236008169,1.0987641072590404,1.1378214300794003,0.12344421070669336,4,4,48.0,50.0,5.477225575051661,66.06218692175423,65.98763710026608,0.41216410015748983,187.74146730164688,187.74146730164688,0.0,19.86456821667322,19.851108882247082,0.10410544320177373
front,log-0113,20.0,self-supervised,full_log_excluding_training,4.311155164900491,4.296223871584768,0.30539136425549046,0.06398418174721864,0.062167133664688234,0.0058721727534608555,0.22145714311425638,0.2149129060994283,0.020071989132545643,5.823360212139379,5.7068695997401075,0.6750209259103858,11.080042880302365,10.55980256202235,1.4954991041660801,0.466127486737482,0.4507598498030197,0.06176259453883091,12.239231737826083,11.594874670472763,1.712725779484518,6.176243233188343,6.1523540672848664,0.761940882248013,6.176243233188343,6.1523540672848664,0.761940882248013,4,1.0,0.9766571385391503,0.9767730126947941,0.001782171384567419,0,0.0,0.22159961460869684,0.21514116189865162,0.020018846131000453,5.827116271369193,5.712930736620654,0.6740982889685855,26.18430796317743,25.50038712984853,2.0679801792191395,0.9967689858886809,0.971511669943742,0.05976199282543532,4,4,44.5,42.5,4.358898943540674,90.87446749224422,91.79882139204506,2.769344912277374,194.46691457816982,196.08948725647684,3.245145356614074,26.255102642193087,26.55433813730957,0.8570859206961037
front,log-0115,20.0,self-supervised,full_log_excluding_training,4.103390737945902,4.1355006738941515,0.0987699729874425,0.06606263477178481,0.06281202802031227,0.00748981693375363,0.2280873418112132,0.21877289001008593,0.021470029074645233,5.474006805318078,5.389612389535056,0.22527198809822566,16.99980741038624,17.192295908703734,3.149982761760378,0.7414512055571488,0.766097098843997,0.1049332473749476,17.884098374455778,18.094924473820488,2.9493862894463043,6.7773628245441335,7.1511518236025005,1.282759468504509,6.7773628245441335,7.1511518236025005,1.282759468504509,4,1.0,0.9752941920237825,0.978015823206875,0.005808185450968674,0,0.0,0.22815684076572257,0.21888654578712544,0.021473095553306978,5.4756839185343456,5.392399066661468,0.2255738353845291,23.40501219394816,22.69432407386219,1.5243669274922982,0.9729669778760252,0.9638389306598563,0.06639365260600637,4,4,47.75,48.0,3.304037933599835,83.32605088560085,85.81787898834489,5.4744305422092285,193.70566054829436,194.67735718346603,1.9433932703433643,24.082857748220867,24.62855792817653,1.1816070511775878
front,log-0116,20.0,self-supervised,full_log_excluding_training,5.5074692146488715,5.526215907251255,0.7417072600781821,0.06846479084009469,0.06764145785754723,0.008701167784825959,0.2189710736122753,0.21610288378839548,0.02933310943346406,7.130301393700468,7.036876676576543,0.9757756717950835,11.650649885650513,12.329270968386552,2.280348717263909,0.40185110244989153,0.4171969437799744,0.07750188049570018,13.08017970264934,13.546564458920805,2.519534177415465,7.00840949406312,6.99829038430552,0.7767692887812954,7.00840949406312,6.99829038430552,0.7767692887812954,4,1.0,0.97998589184158,0.9807976151751991,0.001957164224697488,0,0.0,0.21932541328031976,0.21659184394492118,0.029473859180941926,7.141848572928684,7.052811851103966,0.9804063759228384,32.04668130627902,31.338862159869805,3.6202791674425403,0.9843851195546919,0.965162238943724,0.11025692290733279,4,4,50.5,50.5,0.5773502691896257,104.0483314847418,104.1651957003607,1.0972505215526314,213.89097234961736,214.43392572712872,2.2609875859831616,32.55321815870155,32.554961911909515,0.0961411262651097
front,log-0122,20.0,self-supervised,full_log_excluding_training,5.692181485872006,5.740576010334261,0.73194963038624,0.06826984634317028,0.06624581774497695,0.00924982174213898,0.22156446868959517,0.21424992592229222,0.029623463502205804,7.340551153108811,7.137821973745172,0.9882351369844583,15.214201077303514,15.844848721842844,3.118384377001363,0.506415908246413,0.5186444314922432,0.0970323010334898,16.762002955004323,17.127990559029907,3.130724481358727,7.178405877198642,7.129119040500866,1.280347873123986,7.178405877198642,7.129119040500866,1.280347873123986,4,1.0,0.9784340713202816,0.9795804401120991,0.002960521570276539,0,0.0,0.22166112326207807,0.2143748543677833,0.029603187399860374,7.343759137614158,7.14198795071915,0.9876455418946728,32.73386233429079,32.6675177470965,3.008555568286334,0.9884408810575374,0.9889761064043243,0.09460639980771311,4,4,51.5,51.5,0.5773502691896257,107.52949883764582,107.42003122988434,0.4817668971131313,208.3172371965101,208.61012873759907,0.5857830821779828,33.1268119279952,33.10723682095178,0.23771222679930773
front,log-0129,20.0,self-supervised,full_log_excluding_training,5.255508209015782,5.129764505549245,0.5028433170094063,0.06441229996942477,0.06312028364341848,0.005968636747643251,0.21813809791915534,0.21337805597504844,0.02222981406513225,6.977446981517531,6.826548514717032,0.6737368910104609,7.256785540260695,6.714578290236567,1.490469563378147,0.2920391862476549,0.27134794423414255,0.06444928287527862,9.33544072551459,8.685805359897206,1.9978296189104123,7.262643358172085,7.139634550835222,0.7340457610939425,7.262643358172085,7.139634550835222,0.7340457610939425,4,1.0,0.9799181992722753,0.9800581008402934,0.0019490337290681266,0,0.0,0.2182898981970019,0.2134680320254594,0.022395180546635498,6.982271519495638,6.829409466159133,0.6788111869727257,32.12515008278028,31.304988780686543,2.992856673202833,1.004501285854038,0.9780723029619199,0.10119113100358879,4,4,49.75,47.0,29.981939007787116,108.29717788756133,108.15282029637399,0.4231552099729159,210.7056267839625,210.7056267839625,0.0,31.999382023091336,31.989164623523035,0.26740410577407664
front,log-0145-filtered-c01,20.0,self-supervised,full_log_excluding_training,3.7513939205233093,3.625656045173101,0.533234419160367,0.08415750692098398,0.07802879323773715,0.015435154709567562,0.2866696351583059,0.26479062471864384,0.05341290699831326,5.045671277005761,4.606604069806226,0.9891302223892212,5.0220283471764215,4.977604756577689,0.7389389852998911,0.3525447961084953,0.3617058169133973,0.03360701357148171,6.200965222346163,6.426495510254972,0.6262527685160764,8.456842440000834,6.271258721193272,6.3193098330011255,5.854936274959895,4.598785474892009,2.970112483698198,4,1.0,0.9678882562363682,0.967719835947266,0.0024864317924802107,0,0.0,0.2867022058527888,0.26481449714621275,0.05339283957846395,5.046244961185736,4.607020011698465,0.9887970105646633,18.996458404757927,18.22516867170327,2.1142218772764307,1.0796682993629925,1.036708213991488,0.10845524832499935,4,4,50.5,50.5,0.5773502691896257,59.871543394313576,59.80607297864752,0.9845557838255246,126.12093269131103,126.23251970541182,0.2231740282015977,17.58154292288371,17.57909450696659,0.2206668658304613
front,log-0147-filtered-c02,20.0,self-supervised,full_log_excluding_training,4.2904084816902515,4.198436899918841,1.2766972581878626,0.11161200005573102,0.10688914620998136,0.031663543254276755,0.38844341425374623,0.3719924425408617,0.11076391395743188,6.835961981070669,6.531617907649124,1.9746493152946742,9.793118140364163,8.681668180744511,6.488082263748065,0.6306314697724754,0.5637063929872089,0.361410644326614,11.103925617862213,9.906088578662555,6.396481944078029,15.356045550901717,11.943559815437059,9.385002941711711,7.895809666885885,6.286566470516114,4.410740031171531,4,1.0,0.9543511023732199,0.9573130777513887,0.012021247821447598,0,0.0,0.38847064035576856,0.3720463215152393,0.11075140078870885,6.8364383524975825,6.532560542898743,1.9744272882249896,20.916841952866598,20.392585689098446,2.543235086765828,1.1891378041474276,1.155485988449442,0.13988548297420478,4,4,46.75,49.5,11.146748404803978,61.17686959929122,61.370823688038755,0.5714863981563028,143.8427936441168,143.8427936441168,0.0,17.583843662522234,17.63448591961285,0.12087913730516865
front,log-0151-filtered-c01,20.0,self-supervised,full_log_excluding_training,4.988558782177774,4.78719961180863,1.5720554340495836,0.13494693860287646,0.1260046219922118,0.05332212308662038,0.4426781503784939,0.41092643916126703,0.17116082539793195,8.883531357775452,8.288602342206893,3.9665929502784736,11.974383832714686,12.083046186512858,1.3229177499343943,0.7310711469677387,0.7420762108728399,0.07319146165588189,14.357480052832045,13.959984286989403,1.3280138385997486,23.818666840672428,22.13125899880285,12.126878839385654,11.366199415641534,10.390598828961323,5.46180923142285,4,1.0,0.9553853478587582,0.9565544160446369,0.011750092184841052,0,0.0,0.4431208066628032,0.4117181569213946,0.1708944687257616,8.892129376275868,8.303949458001735,3.96201416822281,22.540952073231402,21.92079828508392,8.547034968683475,1.12665188879292,1.1062722869846064,0.3566771507064129,4,4,35.75,37.5,15.75595125658873,64.7376155046474,64.97804129529123,3.8604348001417303,159.58986886342407,164.1172283873912,9.201571217836776,19.692069541621006,19.922330578524644,1.41002429580574
front,log-0152-filtered-c01,20.0,self-supervised,full_log_excluding_training,3.4831661539163528,3.3699966266504084,0.46125647557521304,0.0803705764941011,0.07919213254129419,0.005519405802015704,0.2822236199130801,0.27873731068120067,0.017526838270845044,5.133890684695142,5.125737413547657,0.37650406204317494,10.401046862959273,10.36630773323619,2.6231560276694785,0.6337091137803288,0.6392532568286193,0.12732081194047387,11.5438990510215,11.484567844023008,2.482286573933259,5.659913105970161,5.973055299637288,0.7688747251071838,5.659913105970161,5.973055299637288,0.7688747251071838,4,1.0,0.962642253504683,0.9627573424775853,0.0014229538143436863,0,0.0,0.28267619615300965,0.2795453212751999,0.017762451184288767,5.142274778977579,5.139863653076141,0.3831084685899896,18.574405966356657,18.920235884357957,1.4505254823934877,1.0208088949832188,1.0265902365198019,0.06389384103773486,4,4,27.25,24.5,10.53169818531972,63.87766366440319,63.794137538855985,1.746621685778895,120.36651931469572,120.36651931469572,0.0,18.183120378055776,18.193704270560776,0.37813485639192673
front,log-0155-filtered-c01,20.0,self-supervised,full_log_excluding_training,4.36360733795288,4.015626196339172,0.8649282638919616,0.0641287479560278,0.0585989003146006,0.013543697120996604,0.2115587579066198,0.19337308104875917,0.04392991498615311,5.5983621579484435,5.066495173062258,1.2189838676941778,12.863653881158553,11.97552129375272,6.156468605391793,0.5301768364572371,0.48731134979439156,0.2201443339579622,14.068590668565195,12.903120768013096,6.018083977544312,7.074677477512015,6.893771530287832,2.203453874511562,7.074677477512015,6.893771530287832,2.203453874511562,4,1.0,0.9819886182990678,0.9856254683797581,0.00997285675244293,0,0.0,0.21157907514243587,0.19339428046658494,0.04393165587471808,5.598901161297833,5.066686936267064,1.2190465505972017,23.46293156490405,23.050659780133167,1.3896215788750244,0.8876169415983588,0.8676607162900074,0.04829142328410913,4,4,50.75,51.0,0.5,87.23501452845761,87.56180813610553,1.1655196110435213,168.6043283862296,168.93012807396792,0.651599375476593,26.43012537407876,26.46319150094135,0.3586258838678014
front,log-0078-valid,20.0,self-supervised,training_window,5.810932860704252,5.776405675418198,1.8358091270861088,0.08384391285378287,0.07078610852671188,0.04043133886487438,0.2775637142988967,0.2344412378770766,0.13103649213023671,7.329904269011013,7.428750165728491,2.0860301350363692,6.306244074484431,5.775115094585251,2.4427811366833168,0.31682385132209395,0.23448045155495828,0.194890410914674,8.177274281312785,7.429987433794415,3.167459342383242,7.274508122387872,7.416132618499404,1.8643515297571895,7.537274685976285,7.415016042463849,2.3056435968725624,4,1.0,0.96531234077791,0.9733620398372262,0.02492090188187116,0,0.0,0.3020426683038584,0.23676538258645918,0.14647978019972277,7.919472480137503,7.503941114152825,2.1254734806871673,28.0209712442905,28.573256713891194,1.9736565513924065,1.024690767062189,0.9876761782642256,0.1360929418713068,4,4,55.75,52.0,8.220908303425682,92.58593095979741,97.19979074694203,17.367535233504587,156.3655898934847,154.71038922770063,28.33983018438464,27.86050029558351,28.9817389659392,5.198770237373789
front,log-0080-valid,20.0,self-supervised,training_window,6.529153101792106,5.611705332631157,2.825438751326639,0.09528376990822021,0.08520180195320823,0.02225627451229072,0.284466535454874,0.2738681467279454,0.06781251918609014,7.828195431371011,7.125962605141009,2.699501525507689,9.418528788691917,9.204027882534218,5.156771238597791,0.40466225176294723,0.3966680560557869,0.18234109107592494,11.204410057858649,11.35452374790699,5.6691406651116525,9.444928542184359,7.667317371762741,4.760870806945753,7.598853644363121,7.415065949144838,2.799421455368209,4,1.0,0.9703354996614637,0.9711388015627784,0.006760598304470701,0,0.0,0.4087782934404648,0.4138914589384046,0.12978593762776502,11.298184859678711,10.899920385214266,4.5650858678664195,23.328136591088946,22.733340027997833,2.8890208660985146,0.869710003519621,0.9082100472681311,0.14248731575845394,4,4,32.0,31.0,17.18526500620032,80.92721383271028,83.64323530336682,11.28844304263277,156.7429363364002,157.40893361415294,8.352931516085643,27.07191783157369,26.3053939566318,2.812852300230933
front,log-0081,20.0,self-supervised,training_window,4.959008701836369,4.405498229313345,1.8070998162345373,0.10149107212995584,0.1042579663071457,0.021015311385880538,0.342049711778853,0.3490709094504489,0.06545020458342524,6.421288172721971,5.913075436426009,2.110934954708118,7.536357485541737,8.24694103369011,3.180785951732268,0.4577953817895061,0.4552892819771619,0.05844607709513483,8.936835097093379,9.358279091686242,3.5145432238836443,6.054681389747165,5.424645126752964,1.9308263590196064,6.760670351906057,6.205095206388533,2.1839031010727536,4,1.0,0.9396526107832107,0.9392827470734588,0.023266550286146805,0,0.0,0.4802411905784829,0.36251860694645044,0.2820879534367783,8.089502044321506,8.052372288829329,1.8981417478355513,18.02858603904078,19.703260330036947,5.3090911145525865,0.9463660446229563,0.9644581177640081,0.08553978110485957,4,4,44.5,48.5,10.661457061146317,64.55705504059642,71.03222141625488,19.177405035847812,117.97934828389107,120.26576415660142,12.874546122486894,19.10741592624529,20.720304151664926,5.705167168897
front,log-0098,20.0,self-supervised,training_window,7.011300492241321,6.298271476536804,1.6192563424439392,0.10502651131326882,0.10031367769993862,0.01624957534296248,0.3496750857603814,0.3354808681965067,0.06312651478196439,9.34452850883873,8.894617832452301,1.8335833556022476,7.686154876901309,6.565959798754658,2.628837137426822,0.36625382717487176,0.3425878281374097,0.07980157019272054,9.8103229952008,9.173445362543315,2.395721515375109,8.909046087851378,9.055542022669016,1.1162737656045452,9.60236809164849,9.871911075717456,1.0417607351346005,4,1.0,0.9352064307296326,0.9415711356679282,0.02471128223426016,0,0.0,0.35449591431465205,0.34066947369573397,0.0584692198710148,9.4868001273638,9.17248496012481,1.7989775350227744,25.104179755022724,26.02225659478743,3.814739884061473,0.9325008624348953,0.9381023044907445,0.024142805238318923,4,4,52.0,50.0,4.0,89.16266861247284,93.91149995887805,11.726302026580859,155.10841157489,151.89818481285374,33.99446694907023,26.960023799070296,28.145197477178243,4.302395403992393
front,log-0099,20.0,self-supervised,training_window,6.63969427586713,7.603128881051644,2.7240998338832103,0.15050922594745597,0.14782146234733323,0.08429512598444966,0.4873210370935245,0.4886859640547244,0.2536313456806432,8.060838959681218,9.365266875228466,3.106485621594175,10.462762841899389,10.888733956459642,1.7040182615485384,0.6809965219671782,0.6384180424016481,0.14995245888698103,11.742952462383604,11.900696150474788,1.8471319766355505,8.174866373662937,8.318634993370557,2.8879755657542723,7.6844243755142925,8.832684649745143,2.906240502659486,4,1.0,0.8795706381880732,0.8875501550230827,0.09457797273284184,0,0.0,0.5974017145482364,0.5437390807482192,0.15992240630942559,10.138951026910721,10.324472548909032,0.5330056411187479,18.071944847860824,18.475579405947432,2.065931145427746,1.0425550214495414,1.0237126584366387,0.1429121372513254,4,4,48.0,50.0,5.477225575051661,58.87955676202844,62.31847095182615,14.633858686175934,114.98503923813601,113.35238586223026,12.018507918012103,17.70337610925101,18.31769352479563,3.82768392467881
front,log-0113,20.0,self-supervised,training_window,3.5309159282926377,3.0126695736694633,1.5751643485954943,0.06753451312149124,0.06077155817088962,0.014769766350190588,0.22140062807094443,0.21517570602595823,0.023896178878095496,4.456232580061203,4.022315551392716,1.8173421023752696,11.817803694074128,12.271839113285623,1.5247241979468789,0.7210410320997455,0.7263022217241051,0.31852380244214756,12.630785433946912,12.74044762382309,1.1080357300917287,5.10186463455068,4.966281526997088,1.5794560911997593,5.330119310195236,5.6459089448453375,1.9260855529135985,4,1.0,0.9765790471174955,0.9787530520522401,0.006385001108617076,0,0.0,0.260194996549879,0.27470772094053336,0.036719862705704265,5.145793489066419,5.135423493965756,1.6982009641212812,20.554336422844862,19.516362673323286,8.962868559413119,1.0014634130765931,1.018172619036695,0.05726401255038512,4,4,44.5,42.5,4.358898943540674,70.00446536082706,67.72501567293571,34.06142837907346,127.58131014777042,107.10632667262209,45.794014072103934,20.834732410305058,18.69440960069367,10.269008901481484
front,log-0115,20.0,self-supervised,training_window,3.767360660558535,4.200621556538566,0.8972851816608817,0.0691801344906921,0.06991816061205577,0.026302333419201053,0.20746245189157836,0.20819657400110947,0.07329188205491263,4.8995872634205195,5.359279339115741,1.061153089124716,16.755476970899178,17.76519273635648,3.9221947520635414,0.7488654231366692,0.7674992563800129,0.29774798937078917,17.45471606881638,18.55060850965242,4.048487251756828,6.236818806585795,6.5402059058765625,1.7630698725391505,4.917657487648749,5.176736470413244,0.588805394623689,4,1.0,0.9767822974063582,0.9768123099858673,0.015746626275284364,0,0.0,0.21410626950567666,0.2203946967431307,0.06663162132062186,5.057738332257563,5.399156336499134,0.7972372478368377,24.784291367495314,21.960399439353825,6.90808409830318,0.9945098021178675,0.9954010011120475,0.03311914022869999,4,4,47.75,48.0,3.304037933599835,76.32380924995128,64.92680116029368,26.207372225550223,162.30607483210997,161.54195626230785,24.663504854981973,25.067554308936764,21.631731171684336,7.781756826793888
front,log-0116,20.0,self-supervised,training_window,4.289206800232283,4.706549426818613,1.1711543470702903,0.054545250525820176,0.05698398896357973,0.009830099034192456,0.19049992751196276,0.20267897616883793,0.036735524899336056,5.691318472692209,6.081442321178757,1.295485609684076,9.179532943812937,9.519536907162067,0.9119721362473371,0.3532014425366395,0.3571655264804707,0.01204850927027275,10.495834170222206,10.479533610153325,0.7862602127055245,6.173617017017813,6.432191705667222,1.131505508991044,6.160807097321937,6.261758948040399,1.1775241451542786,4,1.0,0.9816104561413646,0.9792827349480939,0.006644503591629878,0,0.0,0.2284067910185624,0.2225874378952497,0.03841502601156029,6.792456341909472,6.898829268659712,1.2177501000122921,29.929288942179532,29.80509412322116,1.511078925379544,1.0080145190903627,1.0063144079537283,0.01881940314243702,4,4,50.5,50.5,0.5773502691896257,103.56890751059188,105.26030047568261,7.432287491314039,171.78481107694262,171.19051687532806,19.386401112320645,29.699756100176074,30.047709440627266,1.6027523539120692
front,log-0122,20.0,self-supervised,training_window,4.403743974806433,4.630022303104618,0.5643405197375033,0.051723509319655706,0.0523863913783973,0.009473689059348736,0.1702507367734291,0.16633360319596616,0.034631910359216575,5.741888706470649,6.025436478851951,0.9092845971245467,14.025591262854283,13.969428049274695,1.9053911153346172,0.44780131746003826,0.4342133721526031,0.08534423298819831,15.080194856648912,15.07567244130088,2.031093827280354,6.0828439636367815,5.804148826191065,0.9898911885359577,5.798897747518964,5.6842862326378905,1.2474467836811733,4,1.0,0.986551729758185,0.9882035520891654,0.007114129479365509,0,0.0,0.19982799901518794,0.1839768478863829,0.04684611768072053,6.707751726484307,6.751130492216705,1.0182695490939944,32.759897300865234,32.649753558854464,4.013374190764634,0.9622125512642582,0.9451617818565285,0.05601075813071687,4,4,51.5,51.5,0.5773502691896257,111.49942666211987,113.92911110337113,7.01728522833175,172.96596308259592,174.08295436791175,5.383961048867285,34.036008749502884,34.59847053340022,3.505040977378413
front,log-0129,20.0,self-supervised,training_window,6.9717838510791195,7.316693627211919,2.0653576180536724,0.07661269712620815,0.07589325922324955,0.018314158097334603,0.24054450098240127,0.23850181280839974,0.04693859440722586,7.883517555295574,8.282292314093116,1.8732147134852155,10.832895173146557,9.420174024614287,6.5106735848531265,0.3865061012478801,0.32176276848511903,0.20132980363064745,12.813054028891667,11.466622374504986,6.963718506119714,8.356510658225153,8.526832147124518,1.583894922875613,8.287688698251916,8.389388687368559,1.583578011804399,4,1.0,0.9873591281489713,0.9892745939381562,0.0074579239353007665,0,0.0,0.28583389027698036,0.2625984121989613,0.09688110660889428,9.41140504777487,9.200185825627402,3.4879314147486844,34.55398159780693,33.57005535462402,10.389382473808856,1.0444064704277278,1.038438280661229,0.20988084321861272,4,4,49.75,47.0,29.981939007787116,102.93233319828047,101.4550009394139,8.671284956905893,157.36043779774093,164.18760074808705,31.703017037844166,32.660409426396704,31.84803448914345,4.305821164741354
front,log-0145-filtered-c01,20.0,self-supervised,training_window,3.63233988342201,3.6513528658678416,0.6936130591931198,0.08343449125627224,0.08510089575832114,0.024994400410706025,0.2739039005459639,0.2877415199181651,0.07690393320818642,4.6552723642904965,4.854204419162587,0.8505119204995125,4.917314423225698,4.968016957755843,1.2373472889716417,0.33964355611920055,0.34275155304680405,0.0355533667815708,5.95193906435429,6.111343495891591,1.1503674154735148,4.434921543805183,4.281555670412994,0.5482976280159504,4.3222735462004565,4.358748370908399,0.23784304934195438,4,1.0,0.967261321699721,0.9673370523163114,0.013958663032151484,0,0.0,0.28397975485043636,0.2904944584401379,0.07917537944009342,4.827766319089589,4.909201452085816,0.849072416820357,18.39348105263414,18.426260921278924,2.542819446970867,1.0563159349097533,1.039805562552048,0.08996749315199941,4,4,50.5,50.5,0.5773502691896257,58.395055488720345,57.12632853794825,14.319110545193443,107.35764233743603,108.89229827795415,16.677512306811188,17.655306861916987,17.841085993762253,3.8431576042191087
front,log-0147-filtered-c02,20.0,self-supervised,training_window,3.7968261619479238,3.8923414224018424,1.1585166653243324,0.11332326200882702,0.09878074244342246,0.05802666331913712,0.38610825295346385,0.3272235032863996,0.21584301377489343,6.3823811619853625,5.653115761201869,3.2657831742715633,9.73387218008654,8.597776388697351,7.491857679306478,0.6582900681610115,0.5710188887329843,0.49821907182324954,10.742101413349443,9.567180036405635,7.690149761079469,6.680766379527631,5.4077846396408695,4.344681779521568,6.04571797586615,5.128498377290822,3.1801893265494097,4,1.0,0.9561769758918436,0.961396113710135,0.0299417389834753,0,0.0,0.39398631794976635,0.3427214184301347,0.21247078174147194,6.52470770887918,5.933648148421093,3.2122488223298102,20.390215204374954,20.526242875054272,3.066830263780588,1.2114504223540974,1.1551103645381047,0.18456771517312162,4,4,46.75,49.5,11.146748404803978,56.60560801744338,54.8235728882935,6.209946616941717,98.66875875780767,96.2974313781639,6.2074880387375435,16.90305251970459,15.973470001499908,1.9656453706387917
front,log-0151-filtered-c01,20.0,self-supervised,training_window,3.847281506495703,3.7926681582413093,1.4924622872955764,0.11314980012815773,0.10552757013788512,0.024172986374279646,0.3645848133959263,0.3454707745904615,0.06985097960735416,5.807353620920891,5.974288731151191,1.2453231472652104,12.321562903649506,12.284404105825008,2.3959957700445393,0.8380579700996154,0.8573393898380428,0.12825710614621183,13.375951883792904,13.317845147087922,2.8032585460654458,8.156888105873577,7.8119963135434745,3.447799201219943,5.9485094911223575,6.350293948482564,1.5380061805255232,4,1.0,0.9523147486921927,0.9590871870625928,0.017268410668476387,0,0.0,0.3739160053091862,0.35643125158601296,0.0740871824126266,5.946682442181265,6.19801244702118,1.2459984010939213,15.93565968241521,15.522132203723707,2.308089737959559,1.0166130176274262,1.0151981283329876,0.22193232184233577,4,4,35.75,37.5,15.75595125658873,53.873115251033326,52.826711105805096,19.425475001273487,107.38985636971347,94.09488121470972,41.173724082391914,16.62374161991562,16.023231086408245,5.87645430904665
front,log-0152-filtered-c01,20.0,self-supervised,training_window,2.914596249338553,2.905394313542569,0.5201612002265211,0.07828886407295899,0.07759295644604641,0.017179406338210166,0.2703756176903722,0.2688994221626594,0.048683724681442296,4.277657817874891,4.142158595086905,0.6043076634521107,12.284978325946408,11.604913681936168,4.18879917756524,0.8657189147297317,0.6945683381827529,0.44119376298679,13.04687169115016,12.337911481371684,3.82421231945734,5.252935534344063,4.952458924496712,1.4981298088627364,4.387139430628743,4.324302667638982,0.8031767328908931,4,1.0,0.9670800452286725,0.9673929398631859,0.01071360739495219,0,0.0,0.3094591495121225,0.2753048790859941,0.1009515436046654,4.776909773338192,4.822707727391666,0.6296194679202937,16.767681230193862,17.43529965758517,2.2888784740905175,1.0481652555933763,1.0572304478845334,0.06588872259599286,4,4,27.25,24.5,10.53169818531972,56.02168724463586,56.97877639970201,10.57082939692851,100.66486227008434,103.82281601250007,12.3827090582784,16.130957490909722,16.489743438198648,3.0495406124164215
front,log-0155-filtered-c01,20.0,self-supervised,training_window,4.375217792336823,4.176294842354467,0.7305770497486956,0.06313390320899544,0.05799213365721492,0.012744394244716609,0.21002845255673835,0.1890316617099603,0.05039138777672632,5.591208480183088,5.2412201402968535,1.0134577497433892,12.823095106290651,11.452336675618959,6.48907121315481,0.5367105177444633,0.4650946162259453,0.2777617562699709,14.042253067553531,12.414801320432957,6.263549804737793,6.928445459099258,6.721488254178689,1.5501029843459833,6.397162644845046,6.653265292704499,1.2235463878409292,4,1.0,0.981900201562489,0.9868860983613864,0.0131368921116621,0,0.0,0.21073299421186484,0.18927375158851317,0.050544148040204434,5.609716770802482,5.247642372167967,1.014225889476249,23.83871814323662,24.43898064056185,1.6529227508299529,0.8877301024425495,0.8732932540151094,0.041373088682095376,4,4,50.75,51.0,0.5,88.8365105199705,87.49250193392186,4.244322708110649,147.3872392605772,152.84776410817264,19.984975569420886,26.877604553126545,26.808045988647372,1.953827543211819
front,log-0078-valid,40.0,self-supervised,full_log,5.696673710529594,5.45474358407024,0.6056392854167875,0.08074652941136395,0.07766310615237887,0.008884344136578523,0.2554276691374801,0.24567379337652379,0.028104084858687643,7.325495221824141,7.045760569261134,0.8060064128575151,5.686717371719342,5.474426670712441,0.4679808761573122,0.26012729316820477,0.2461709849869879,0.035294151346647096,7.460277305134441,7.060019693102669,1.0122127251180542,6.688159116911257,6.451116742613674,0.8498199527119354,6.688159116911257,6.451116742613674,0.8498199527119354,4,1.0,0.9683464185689102,0.9696934952456031,0.004691337626663678,0,0.0,0.2554276691374801,0.24567379337652379,0.028104084858687643,7.325495221824141,7.045760569261134,0.8060064128575151,28.444084835656703,27.983774471874547,1.689781214166112,0.9917972874619332,0.9757470410635164,0.05891982232148296,4,4,104.0,106.0,16.673332000533065,90.7221062654512,90.7221062654512,0.0,193.85894322332638,193.85894322332638,0.0,28.679333161362813,28.679333161362813,0.0
front,log-0080-valid,40.0,self-supervised,full_log,6.556230405593345,6.655721511486388,0.3750109332159141,0.08107768072033764,0.08056484587949898,0.005308920730386675,0.271601420069756,0.2698834790803798,0.017784307550488387,8.421138238492802,8.367872616562714,0.551411374506325,7.434437578784849,6.955165030906361,1.1432207640393452,0.30571713139893136,0.28882044875699064,0.05099159057461662,9.478912977423528,8.955022858354269,1.581019838258532,8.624064343058915,8.966322750440778,1.2168265909170537,8.624064343058915,8.966322750440778,1.2168265909170537,4,1.0,0.9658925454557207,0.9685900027754932,0.005995317950827789,0,0.0,0.271601420069756,0.2698834790803798,0.017784307550488387,8.421138238492802,8.367872616562714,0.551411374506325,28.412638223367097,28.061007121327997,2.2429836826708747,0.9163740899206388,0.9050331637952407,0.07234147405656814,4,4,74.25,65.5,28.802488318430637,103.86506081174115,103.86506081174115,0.0,205.33557480115962,205.33557480115962,0.0,31.00550150411578,31.00550150411578,0.0
front,log-0081,40.0,self-supervised,full_log,7.911822021702142,8.007383109802154,0.4203242596225215,0.13914972284975052,0.13696028708479158,0.008467384556598234,0.47414255567072233,0.46668221261135867,0.028851996765004606,9.727089320103763,9.574039520145622,0.5919020476859381,11.833004979349159,11.476268614447587,1.3457174929966675,0.6627117287573806,0.639064482461329,0.07819504505296522,13.595607696475465,13.110481706105748,1.6041803852509533,8.821440631329995,8.88018718270164,1.059758543562046,8.821440631329995,8.88018718270164,1.059758543562046,4,1.0,0.8938337059293286,0.8956147652760995,0.005165953418998903,0,0.0,0.47414255567072233,0.46668221261135867,0.028851996765004606,9.727089320103763,9.574039520145622,0.5919020476859381,21.197182089689825,21.498842664458095,1.6159597839953985,1.0332470236755247,1.0479513315274238,0.0787692265003806,4,4,63.75,63.5,14.174507634012077,69.90376352101518,69.90376352101518,0.0,197.4047490481513,197.4047490481513,0.0,20.515115557058188,20.515115557058188,0.0
front,log-0098,40.0,self-supervised,full_log,6.690398834408698,6.672596166781268,0.1815694941957751,0.09856428825730788,0.09869514472262012,0.003327629798799885,0.3279750013471922,0.32841042933176845,0.01107276689195217,8.931421665803208,8.943279249214648,0.3015338050550992,8.138367201002904,7.901830791958355,1.550520534567444,0.3760898518400806,0.3632773304342515,0.05024252314028478,10.241686217594921,9.892775383514461,1.3682053750332281,8.792388223723174,8.582441258291539,0.8573769527936206,8.792388223723174,8.582441258291539,0.8573769527936206,4,1.0,0.9469333219606172,0.9480251258233303,0.004900647076547624,0,0.0,0.3279750013471922,0.32841042933176845,0.01107276689195217,8.931421665803208,8.943279249214648,0.3015338050550992,25.316630884809932,25.377375613351646,1.9007969049050204,0.9296640959572466,0.9318947321505398,0.06980007111677432,4,4,94.75,93.5,6.020797289396148,90.61518957542924,90.61518957542924,0.0,199.7034809556106,199.7034809556106,0.0,27.23201960245886,27.23201960245886,0.0
front,log-0099,40.0,self-supervised,full_log,10.29594661514869,10.076810563095721,0.6199206503366457,0.1868823473934848,0.1833823273189365,0.010476888288741156,0.6217878918899672,0.6101427572152418,0.034858307237049156,12.320017479464537,12.089282425574611,0.6906775768174466,10.249618416815984,10.299964912730328,0.42389433346400945,0.631034010488975,0.6112845847605639,0.044523822579077,12.503218767625254,12.11190643530588,0.8821887328161038,10.451764646126282,10.616342815152098,1.0146742173903787,10.451764646126282,10.616342815152098,1.0146742173903787,4,1.0,0.8637198283219558,0.8628715681948249,0.001931938440577465,0,0.0,0.6217878918899672,0.6101427572152418,0.034858307237049156,12.320017479464537,12.089282425574611,0.6906775768174466,24.289643448374783,24.007757831852302,1.1039764248586121,1.2258916206651622,1.2116649311702998,0.05571738636355361,4,4,71.0,74.5,13.038404810405298,65.92392299912883,65.92392299912883,0.0,187.74146730164688,187.74146730164688,0.0,19.813858777495643,19.813858777495643,0.0
front,log-0113,40.0,self-supervised,full_log,4.31010537221494,4.258707213562174,0.1410166834203016,0.06327017103386559,0.06219522578912886,0.0021805782398243764,0.22145542132371548,0.21769294608169854,0.007632362374540753,5.767261497047686,5.669277087963564,0.19876609654030847,10.672636126861669,10.112276723497336,1.2121599387837814,0.45416717957094066,0.4309556229915179,0.050120137137633754,11.827666589988011,11.223178717228432,1.3052556375131295,6.19653977832649,6.210826735922776,0.11632164655760008,6.19653977832649,6.210826735922776,0.11632164655760008,4,1.0,0.9758695625688351,0.9760413460616606,0.0003792174765208413,0,0.0,0.22145542132371548,0.21769294608169854,0.007632362374540753,5.767261497047686,5.669277087963564,0.19876609654030847,25.75799435474916,25.28738459896748,1.0462178049052002,0.9890738429677445,0.9710030338325883,0.0401734176437567,4,4,71.5,75.5,11.789826122551595,91.152930406348,91.152930406348,0.0,196.08948725647684,196.08948725647684,0.0,26.042539227871565,26.042539227871565,0.0
front,log-0115,40.0,self-supervised,full_log,4.947042513592695,4.970101192062868,0.6261786319720519,0.08556588475715336,0.08850205761128346,0.01159878128070932,0.29497061826858884,0.30509246442940696,0.03998438975116119,7.174895465481599,7.421100285974698,0.9725843828093756,7.680765091936433,6.919724115204906,3.1883034287890464,0.4311246436925276,0.4099215543724828,0.08426139432961842,10.486719895166885,9.970973783538685,2.049582767393603,7.463678119621256,7.5604088039471335,0.7284789126964901,7.463678119621256,7.5604088039471335,0.7284789126964901,4,1.0,0.9706137130292412,0.970750666841929,0.0007717271736532182,0,0.0,0.29497061826858884,0.30509246442940696,0.03998438975116119,7.174895465481599,7.421100285974698,0.9725843828093756,27.48699537255919,28.035145157935926,1.9577371113502844,1.1300312399527623,1.152566492469576,0.08048548287854293,4,4,53.0,51.0,4.69041575982343,83.85229096671934,83.85229096671934,0.0,194.67735718346603,194.67735718346603,0.0,24.324102202438407,24.324102202438407,0.0
front,log-0116,40.0,self-supervised,full_log,5.485701834277978,5.374799545169471,0.7558840564306222,0.0706647219031902,0.06965075203251635,0.009068441070692762,0.22756831760496632,0.22430293409595742,0.029203962347500077,7.362635092585567,7.256988456589808,0.9448508486822826,9.762464084105204,9.348243528673928,1.1191752146717975,0.337784692002732,0.323721532791134,0.035319248813815575,10.928522270813886,10.473529631180863,1.1427018642013493,6.859208812168015,6.642334919462165,0.8701964491328165,6.859208812168015,6.642334919462165,0.8701964491328165,4,1.0,0.9800289001711269,0.9802443306881881,0.0008490463678533115,0,0.0,0.22756831760496632,0.22430293409595742,0.029203962347500077,7.362635092585567,7.256988456589808,0.9448508486822826,34.69576129465705,35.13526272140333,2.441158221787745,1.0723954028089504,1.0859797512130094,0.07545264196227888,4,4,88.5,85.5,21.205345238091898,104.19109980609964,104.19109980609964,0.0,215.69220856612964,215.69220856612964,0.0,32.353515507225815,32.353515507225815,0.0
front,log-0122,40.0,self-supervised,full_log,5.70706976445675,5.722457092552961,0.18223311678654017,0.06840379126529739,0.0678216398123409,0.002998366408358344,0.2219361185180062,0.22004732797776133,0.00972820059030002,7.371380268823506,7.308646030641485,0.3231121926496012,16.379334193514428,16.70664785492591,0.8288970048193178,0.5401786610997129,0.5476954357247479,0.025024863303562465,17.941479515182493,18.191141465324606,0.8311751364207051,6.921448881128209,6.947251344239465,0.30280889379501325,6.921448881128209,6.947251344239465,0.30280889379501325,4,1.0,0.9775621930684799,0.9772916240092631,0.0014365723158497666,0,0.0,0.2219361185180062,0.22004732797776133,0.00972820059030002,7.371380268823506,7.308646030641485,0.3231121926496012,34.72671714907666,34.87211491056683,0.6956552398478161,1.045545411018232,1.0499230192339977,0.020944655970540262,4,4,55.5,51.0,9.71253485622231,107.76274432266965,107.76274432266965,0.0,208.61012873759907,208.61012873759907,0.0,33.213973093007155,33.213973093007155,0.0
front,log-0129,40.0,self-supervised,full_log,5.57094153605923,5.457207798387097,0.6322670266741514,0.07415035663613284,0.0722884214333235,0.011256833773683129,0.24942978525142812,0.24316653691578222,0.037866164886556905,8.029825137760795,7.828194090053674,1.219015132335439,7.786273264675011,7.717948479483288,1.1409770602602078,0.33465386888413523,0.33043669768257433,0.06097760643946676,10.773420849101857,10.63765860526879,1.9630354752322479,8.35248930211451,8.139555110435511,1.353364544359706,8.35248930211451,8.139555110435511,1.353364544359706,4,1.0,0.9745056453277241,0.9755212090202037,0.0035863043579852844,0,0.0,0.24942978525142812,0.24316653691578222,0.037866164886556905,8.029825137760795,7.828194090053674,1.219015132335439,34.58940649799249,34.60258136980653,1.9262792830842124,1.0744478350090856,1.0748570849480208,0.059835851923414916,4,4,119.0,103.0,49.746021616473676,108.29111958509354,108.29111958509354,0.0,210.7056267839625,210.7056267839625,0.0,32.19272762339365,32.19272762339365,0.0
front,log-0145-filtered-c01,40.0,self-supervised,full_log,4.685882839777827,4.628666724253822,0.6218972857789655,0.10245302600273751,0.10259715304302669,0.015248116371906005,0.3482199866882586,0.3487098493893327,0.05182569112116077,6.130969833570942,6.139594649944753,0.9124741859009321,5.577351061861107,5.431386487854407,0.35768561230254986,0.38560853208457857,0.3873793552109681,0.023076523143611447,6.789254977183765,6.820433150704872,0.4062991001830222,6.636734739558561,5.824396528204325,2.3334777112112848,5.679267097865704,5.364277638074695,1.0477892364353785,4,1.0,0.9608058984679797,0.9610767011077623,0.0007555418585919786,0,0.0,0.3482199866882586,0.3487098493893327,0.05182569112116077,6.130969833570942,6.139594649944753,0.9124741859009321,20.42373341865043,20.57930469389399,1.6665550921574643,1.160004431961898,1.1688403957433144,0.0946551374023502,4,4,54.0,51.0,6.683312551921141,59.841764297006954,59.841764297006954,0.0,126.23251970541182,126.23251970541182,0.0,17.606599471441736,17.606599471441736,0.0
front,log-0147-filtered-c02,40.0,self-supervised,full_log,5.18246000642525,3.71559925171623,2.9761485422458547,0.1336532358551168,0.0898529785938377,0.09355236898356192,0.46536411705375946,0.31285701225594986,0.3257378342677521,8.17346877677351,5.494895131704473,5.721128725302496,10.385155843383002,8.990813540741946,6.8413385405467215,0.7143709557444385,0.5725466261517813,0.4822202233261425,12.546925058978072,10.055979394642488,8.469522669341645,25.7204255491987,11.87370560673163,30.308237524451243,14.531693038197984,8.254723581464301,14.413220631945308,4,1.0,0.9565366696446131,0.9591059656357699,0.007416319182827369,0,0.0,0.46536411705375946,0.31285701225594986,0.3257378342677521,8.17346877677351,5.494895131704473,5.721128725302496,21.379546213219292,18.787012537855116,7.553058839689614,1.2172645321405797,1.0696561937816678,0.4300404949212728,4,4,62.0,61.5,13.880441875771343,61.15429023831297,61.15429023831297,0.0,143.8427936441168,143.8427936441168,0.0,17.563599077041214,17.563599077041214,0.0
front,log-0151-filtered-c01,40.0,self-supervised,full_log,3.7459608607747854,3.7312774022285833,0.07308144786653278,0.10111428767225343,0.09903303791850777,0.007870481294701352,0.3340697960249319,0.3271935899346077,0.02600315090248537,6.4361927882934005,6.30371571740591,0.5009770242712727,4.036864844436755,3.8175406571944936,0.6517388264310092,0.34223347048300057,0.3283560810764229,0.03672014295691515,6.593474240547392,6.32611228600455,0.7074507246586337,10.133335276148777,10.678374818722261,1.8797716810835525,5.884174013061897,5.922884960401987,0.4517202729565432,4,1.0,0.9552913665440103,0.9561013332113983,0.00889041287554251,0,0.0,0.3340697960249319,0.3271935899346077,0.02600315090248537,6.4361927882934005,6.30371571740591,0.5009770242712727,21.37375353907531,21.615828179444264,0.7660408981646313,1.109402051795804,1.1219669062665958,0.039761258715258346,4,4,51.5,51.0,1.9148542155126762,63.65265420407588,63.65265420407588,0.0,164.33409863644093,164.33409863644093,0.0,19.26601226712834,19.26601226712834,0.0
front,log-0152-filtered-c01,40.0,self-supervised,full_log,4.359651698905706,4.422172293564192,0.5588973570767726,0.10690358961188581,0.10503589783451656,0.01675206928865835,0.3730339365833405,0.36651673338590063,0.058455383728015786,6.713379641788209,6.596091494581487,1.0520039722576402,12.778239937885573,11.64364629482894,6.9400078574200155,0.8083415665083231,0.7245534323215177,0.3354533521369757,14.547480226362119,13.039570357825404,6.0370531583065565,9.963839644141515,10.730548245302565,3.587925110672013,9.963839644141515,10.730548245302565,3.587925110672013,4,1.0,0.959220038237418,0.9616969477182573,0.007627450309160974,0,0.0,0.3730339365833405,0.36651673338590063,0.058455383728015786,6.713379641788209,6.596091494581487,1.0520039722576402,19.910425720184644,20.84965791414989,4.300299325887922,1.10633762452801,1.1585267604588567,0.23894933276786443,4,4,50.5,50.0,1.0,62.798449202325,62.798449202325,0.0,120.36651931469572,120.36651931469572,0.0,17.996699451199543,17.996699451199543,0.0
front,log-0155-filtered-c01,40.0,self-supervised,full_log,4.250262625965417,4.399777782987402,0.3415758137471794,0.0629467092427239,0.06528197396663665,0.0063907938162189185,0.20826942898831083,0.21599603227602876,0.02114498112607523,5.522867589835369,5.727760871986959,0.5607204644299274,15.816767726015467,16.99656451207204,3.243098852314117,0.6310344361499391,0.6755570391424419,0.1225912943026851,16.733707161976888,17.914353031497193,3.250863505936191,5.8828323637834155,5.916819732575021,0.1535949348880353,5.8828323637834155,5.916819732575021,0.1535949348880353,4,1.0,0.9800677831338624,0.9781959518608858,0.003999535461667443,0,0.0,0.20826942898831083,0.21599603227602876,0.02114498112607523,5.522867589835369,5.727760871986959,0.5607204644299274,24.297524482418982,24.284349899744846,0.4441451487428664,0.916268852633085,0.9157720341296409,0.016748881810393457,4,4,50.25,50.0,0.5,87.73878184066888,87.73878184066888,0.0,168.93012807396792,168.93012807396792,0.0,26.51789855411444,26.51789855411444,0.0
front,log-0078-valid,40.0,self-supervised,full_log_excluding_training,5.266581124369714,5.2933053670811,0.23401435255109357,0.0772794508534923,0.07884160177132048,0.00449660784363099,0.24426988124481355,0.24817356556217135,0.010982720066115744,6.827476007266011,6.827693770312556,0.28109157586283495,5.291034302186016,5.372003729091797,0.2692461254814241,0.24585677529665845,0.24969773194992728,0.011030511725849443,6.871223911137758,6.89357776308403,0.26136160978594597,6.1629696321834935,6.099137669717623,0.31705216262660635,6.1629696321834935,6.099137669717623,0.31705216262660635,4,1.0,0.9699136102743839,0.9688358531036345,0.002491309298775301,0,0.0,0.24731815839255972,0.24840453976720134,0.005865502689151964,6.914561860538721,6.933910192504975,0.20839366186156963,27.20123085160369,27.502293341247352,0.9640076159190212,0.9728322956794715,0.9676501802297535,0.025317558919939937,4,4,104.0,106.0,16.673332000533065,88.43976968788087,87.86923906380213,2.774484344481503,188.78270765806005,193.49661725449874,9.675402136749904,27.962982807735795,28.141203200855426,0.790497012568937
front,log-0080-valid,40.0,self-supervised,full_log_excluding_training,6.392672501143959,6.280089476777485,0.3571247845739655,0.0797545504942809,0.07993342440248506,0.0065824827027107765,0.2669009032535171,0.2671312522326778,0.02184328336621808,8.177233611997655,8.211811429411048,0.5565991547000928,7.381641514117638,7.1301003556436,1.2169219604156,0.3059314944319777,0.2992348360031249,0.06395787879051028,9.340228263550042,9.168449788525944,1.6788334009267027,8.64270772785147,8.910195803135675,1.213185642571171,8.64270772785147,8.910195803135675,1.213185642571171,4,1.0,0.9678198958025253,0.9678441608334135,0.009442728447487904,0,0.0,0.26781440139903456,0.2676288398909768,0.02076256933905069,8.20574629630889,8.227036472399961,0.525623024593078,27.883887177648965,27.584699478121316,1.3590238547943179,0.910822765559526,0.9023528442846377,0.0735850620968484,4,4,74.25,65.5,28.802488318430637,102.6576240455835,102.61456043101916,3.4123592209154103,205.33557480115962,205.33557480115962,0.0,30.674606124604836,30.617392899320507,1.0315047401851378
front,log-0081,40.0,self-supervised,full_log_excluding_training,7.9053866030852635,8.155019405761124,0.5204243279251047,0.13952983240314978,0.13896520365985554,0.010227165859983844,0.47575312758619515,0.47479387626412717,0.033853529608109785,9.719687745734518,9.704154872412248,0.5815446186292884,11.94567746418303,11.438431489043236,1.5397052501164743,0.6689408523246531,0.6409877470500414,0.0781479497428662,13.686832140017927,13.100390661820988,1.7481190727136586,8.836759605998715,8.911026981072443,0.9729111718057412,8.836759605998715,8.911026981072443,0.9729111718057412,4,1.0,0.8934707880497433,0.8941237288005607,0.006255076957000421,0,0.0,0.47601844060321397,0.474855847472717,0.033665887148109745,9.72514630882524,9.705421256256692,0.5775945001355508,21.095400065035605,21.49696882867893,1.5141296497974022,1.0326351874992077,1.051771672568214,0.08481838301603203,4,4,63.75,63.5,14.174507634012077,69.7114038410784,69.83145480871559,0.9427171157816973,197.4047490481513,197.4047490481513,0.0,20.44248594156612,20.43862883654996,0.2339478163583585
front,log-0098,40.0,self-supervised,full_log_excluding_training,6.738057658442565,6.800359524381996,0.37311566889205633,0.09975168218385556,0.1008489157155534,0.0060904733224934025,0.33348263270256046,0.3361800733291821,0.020565009904881953,9.017794268189004,9.146874507443293,0.5735861640148662,8.229630984368196,7.886777495684792,1.6630468878228843,0.38208666704071054,0.36610241235982827,0.056857873425485775,10.32679908054973,9.836922558396463,1.501508311618651,8.826893334788007,8.571510861236856,0.9329331017714576,8.826893334788007,8.571510861236856,0.9329331017714576,4,1.0,0.944652674060463,0.9450288495662007,0.007528133154575576,0,0.0,0.33363242430807905,0.33622877398231477,0.020512097161507585,9.02182501121733,9.148197369646613,0.5718240056326959,25.10982985179658,25.021685092998453,1.9812055159419077,0.9283119297459483,0.9312251732653358,0.066479217914288,4,4,94.75,93.5,6.020797289396148,90.39126673654266,90.43525232901561,0.41140852185872273,193.95688853400526,199.7034809556106,11.493184843210699,27.039324243861355,26.946983978816505,0.27579301003388323
front,log-0099,40.0,self-supervised,full_log_excluding_training,10.356681236852955,10.104414175670373,0.647832460154302,0.18583316977881,0.1824437717160271,0.010937593681986732,0.6190258628342346,0.6080910101044164,0.035588984458738954,12.367046236547033,12.098314079344181,0.7068477270529128,10.295358519025369,10.267017269761787,0.4921986189749287,0.6303909659024897,0.60986759572392,0.05055040489473727,12.594468910227853,12.133673690850213,1.0133109358596655,10.535718493210215,10.6490145808903,1.0751107912110418,10.535718493210215,10.6490145808903,1.0751107912110418,4,1.0,0.865972233329083,0.8656436933464604,0.0014674233559780023,0,0.0,0.6193954150304259,0.6082066977765272,0.03595076822171785,12.374439882970673,12.100616626410744,0.714369503518626,24.5432137625581,24.13482612194767,1.1722629308585801,1.228505304195632,1.2130730247495416,0.05941208925626146,4,4,71.0,74.5,13.038404810405298,66.55502069797237,66.41651413520995,0.374475811991753,187.74146730164688,187.74146730164688,0.0,19.9788392321418,19.951386534259335,0.10894774649915032
front,log-0113,40.0,self-supervised,full_log_excluding_training,4.393559048256622,4.385522241176398,0.046387574968310044,0.06378356133369449,0.0618072452925673,0.0041525036409864055,0.22001384572223062,0.2138083567020718,0.013223996498146144,5.8356951164917295,5.817233571381039,0.0498686858385642,10.538856695409294,9.914750223257979,1.346190038685042,0.4432176188578884,0.4064007735453363,0.07767758530144113,11.706418221543913,11.0634786930198,1.390503073898611,6.216106046547949,6.242713652958297,0.1832146130276862,6.216106046547949,6.242713652958297,0.1832146130276862,4,1.0,0.9764716908715152,0.9770225012197821,0.0012349703005050915,0,0.0,0.22020454854970486,0.21403290534739505,0.013110308996730064,5.8408743725806005,5.823344520910007,0.046629673823522004,26.176229170198226,26.135201937468985,0.09905933743720453,0.9865192165918308,0.9630431143122227,0.04956264119341251,4,4,71.5,75.5,11.789826122551595,91.73057383092839,94.11938551831429,4.8839504503167905,194.46691457816982,196.08948725647684,3.245145356614074,26.582645211181738,27.207790192172798,1.2963718609382722
front,log-0115,40.0,self-supervised,full_log_excluding_training,5.087191208015021,5.217096683921971,0.5614903222724283,0.08679458602548916,0.08737899073071098,0.004930577686449562,0.3016808615956639,0.3061178995994067,0.022259585399971832,7.436778646236661,7.785727535698735,0.9583440416704997,7.864106512805665,7.38607682629687,3.1618960294445104,0.443761256677147,0.41541188695229747,0.10972813917586967,10.794791044099098,10.574584489829471,2.0385970827905564,7.782446097905369,7.946984212591435,0.6943407806248565,7.782446097905369,7.946984212591435,0.6943407806248565,4,1.0,0.9695099097967546,0.9704135101051976,0.0030209610010639805,0,0.0,0.30223040300642007,0.30707365808703024,0.0219274171099148,7.450596391587957,7.810153295450625,0.9568931770404626,28.046219280887193,29.424690482927115,3.26296672730546,1.138182576285525,1.1568193769090485,0.06508259078788257,4,4,53.0,51.0,4.69041575982343,85.45705868451905,89.03283343679713,7.249275441908344,192.37558973133653,194.67735718346603,4.603534904258993,24.580228095160024,25.323256349804588,1.6471212063718021
front,log-0116,40.0,self-supervised,full_log_excluding_training,5.563861924169885,5.431618242649559,1.0930984606067193,0.06961912581781825,0.06947261601557382,0.012315619899863763,0.22276070788916405,0.22224318286892097,0.03989185148168399,7.3369325441779125,7.298977675017438,1.371419468375393,10.007857623144316,9.54028716436354,1.4361845415509447,0.33945985584886795,0.32455765093932304,0.043648955061048336,11.162504579084395,10.658820930075109,1.3639653905201812,6.709219071005412,6.577425536142874,1.1448513547215138,6.709219071005412,6.577425536142874,1.1448513547215138,4,1.0,0.9812980770679458,0.9806962101950689,0.002713813725859288,0,0.0,0.22364805179572825,0.22234881519039018,0.039304467730254804,7.3660611388479325,7.3024434198843835,1.3529677475539934,35.26036066059682,35.67475392176293,3.0224624645720124,1.0712158711832322,1.0862608267018667,0.08433054515381148,4,4,88.5,85.5,21.205345238091898,105.24901118022997,105.05867094812682,1.0828910967420946,213.348018972106,213.348018972106,2.7068369862821435,32.90262960279986,32.84155734923289,0.2619904552401136
front,log-0122,40.0,self-supervised,full_log_excluding_training,5.670732988876107,5.654737342711128,0.2099219187698885,0.06832077325348362,0.06815112810833449,0.004157638364446491,0.22209410479343533,0.2218923534028399,0.015650094583833672,7.343392596967795,7.294732352152893,0.4182751621294007,16.24977745273605,16.5547670119061,1.1423465929124756,0.5386297533525621,0.5565689708486572,0.03996309133120421,17.812077944269667,18.218431356447148,1.164511101087007,6.939199900137161,6.848537347873034,0.38129584911425446,6.939199900137161,6.848537347873034,0.38129584911425446,4,1.0,0.9773257310797754,0.9774182406189096,0.0024179635065712402,0,0.0,0.22242503901510458,0.2222178976351849,0.015404542011948356,7.354448903999083,7.305546950062762,0.4104916954253152,34.471548880705576,34.456728006040336,0.8226002450646797,1.0418735899501013,1.0482014914691984,0.024800149895948528,4,4,55.5,51.0,9.71253485622231,107.50646271036469,107.72067182223432,0.9144790928569139,208.3172371965101,208.61012873759907,0.5857830821779828,33.0910920084997,33.211422962933355,0.6584664912928035
front,log-0129,40.0,self-supervised,full_log_excluding_training,5.582174852088361,5.337459638684805,0.7613980085022409,0.07412525849244894,0.07108568101765478,0.01252288624716877,0.25009457019116016,0.24069973224938568,0.039555211783530136,8.030372509311379,7.693084053382146,1.349976239751739,7.769423334011324,7.58560274855661,1.2976651701279032,0.33497387324501604,0.3271632279335691,0.06462047984785384,10.756180660329077,10.452687748678237,2.1655768690505774,8.326981320896266,8.048140219674455,1.3248680458798159,8.326981320896266,8.048140219674455,1.3248680458798159,4,1.0,0.9741351600551796,0.9753462306087164,0.003594324474063052,0,0.0,0.2502285740344702,0.24079502855362428,0.03961383615106989,8.03466460791149,7.696095739429415,1.3517803863715567,34.34303516025597,34.18685511802635,2.361662231617327,1.0702730129223412,1.069263646876941,0.0642805601487021,4,4,119.0,103.0,49.746021616473676,108.34778111950745,108.26627850131669,0.21093380921263716,210.7056267839625,210.7056267839625,0.0,32.07769902332502,32.07075124811893,0.4848632568562935
front,log-0145-filtered-c01,40.0,self-supervised,full_log_excluding_training,4.600870490647726,4.643403648674507,0.4889629275522122,0.10125586853339111,0.10340475929337897,0.01322139740098635,0.34517375721978916,0.3538003491401558,0.04577659504085385,6.050802644197703,6.157939445926342,0.7937592371975215,5.514731123485048,5.374459989418333,0.4069869771742448,0.38185360550972247,0.38557685477361636,0.014976432498343363,6.697484996140132,6.768435375250835,0.3254852681299016,6.549924839684045,5.864882351100263,2.219119544638457,5.605237000883735,5.40547578692837,0.9110509869216656,4,1.0,0.9615780659321086,0.9613412677443349,0.002676954031075218,0,0.0,0.3453438286036017,0.3538266920516199,0.04598516932995303,6.053797998813932,6.158399727969971,0.7976356027312542,20.32678726825862,20.44587957710462,1.5697281526934954,1.1594527804064056,1.174860373468352,0.09167044428470528,4,4,54.0,51.0,6.683312551921141,59.756997361031836,59.871168583670524,0.3128509294034781,126.12093269131103,126.23251970541182,0.2231740282015977,17.534491308765013,17.553415179142505,0.17107829536351582
front,log-0147-filtered-c02,40.0,self-supervised,full_log_excluding_training,5.151163877528145,3.7335992990441356,2.9493583607206237,0.13478785926937864,0.09278099018361732,0.09235173709349365,0.4654673795667067,0.320682267439086,0.3174884822681341,8.102603588449838,5.542698874370808,5.536208032995138,10.423273958279943,9.103301637640014,6.779975178834299,0.7205758802792147,0.5817431596297747,0.4777304613648042,12.559119555657016,10.162889725149217,8.34192099491464,25.906846055530597,12.203193714469993,30.19521662223073,14.566810316104785,8.29179074851843,14.420013969596269,4,1.0,0.9558989719890836,0.9560758332217167,0.005946737735836711,0,0.0,0.4655440160807043,0.3208211688363348,0.3174468011157077,8.10393026944634,5.545099500707078,5.535477503666599,21.102755214823727,18.396389429459134,7.432488981850332,1.2127779215798062,1.0643563423544342,0.4270063333839673,4,4,62.0,61.5,13.880441875771343,60.18804299924369,60.07034840654379,0.7224189407723053,143.8427936441168,143.8427936441168,0.0,17.40485227457765,17.357464561025697,0.16068214591438887
front,log-0151-filtered-c01,40.0,self-supervised,full_log_excluding_training,3.790042868040314,3.791417769863914,0.7641875361879522,0.10244156928126544,0.10214447680539648,0.0021210250608174872,0.3408613530484278,0.3404767971142373,0.006963682949281216,6.6132699075700225,6.531521871983217,0.47577339012488956,4.28151916886186,4.231413891815856,0.49673423738965755,0.35966060986690557,0.34764457549225447,0.026210887954251076,6.9588690005395275,6.955104544888898,0.341922734081985,9.495731174179298,9.852751601372091,1.6401081039311871,6.086804426367028,6.216480123204162,0.4120836703297693,4,1.0,0.9551417565213651,0.9557181059958626,0.006919311549197651,0,0.0,0.3431865659286052,0.3424429516486498,0.0064825560801146315,6.659103405297321,6.572577656155728,0.4897863685527977,21.81579231516153,21.430915988687666,2.4505136774474297,1.1216856212129431,1.1284903222096672,0.03955943282474631,4,4,51.5,51.0,1.9148542155126762,64.62832622202825,63.39621652682652,5.709034400344338,143.00828077793847,145.7619380115185,5.819933448323799,19.41992612353983,19.359611614507116,1.6452934324679773
front,log-0152-filtered-c01,40.0,self-supervised,full_log_excluding_training,4.470353703219319,4.339704042189304,0.6428452983381626,0.10809727266816681,0.1070020395668385,0.018976453855593805,0.38046589982613865,0.3782271577098637,0.0662103815770006,6.894076654029054,6.88168648604551,1.4386304916433814,12.766029694492072,11.642029416311761,6.895190010294226,0.8190819599124253,0.7347333022060498,0.3449807492567121,14.659153069688806,13.09761948018654,5.872886165757377,9.950095652995666,10.753815809291076,3.7697180215406556,9.161254282483918,9.063571923064648,3.9044096597313813,4,1.0,0.9582737771852079,0.9611434713958433,0.009748760927418243,0,0.0,0.3805725088061834,0.3783030124489287,0.06623406167514928,6.896015112411696,6.883088269782874,1.439184373878519,20.164043663208922,21.009296359223907,4.964058766929257,1.1135786230804432,1.1712593335244978,0.2456462471895679,4,4,50.5,50.0,1.0,63.483847259623026,64.28508284637579,2.5321776616768292,119.05233272985555,120.15135541517262,2.3502590227340043,18.036240309934144,18.166149965942395,0.7630491898140614
front,log-0155-filtered-c01,40.0,self-supervised,full_log_excluding_training,4.239183785692402,4.411492867423008,0.39555802511069793,0.06383992729169315,0.06675337607158008,0.006810254649758545,0.21214031808061695,0.22126844704911175,0.02476824875543265,5.52703552620337,5.76059572763027,0.6545780362048902,15.99889551869823,17.17266932189827,3.3398303274664816,0.6488129718982406,0.6948219174082346,0.1284547043083628,16.905890179302165,18.090270629221948,3.375160218056946,5.816735115359893,5.788000992678732,0.13610136632856656,5.777993432074936,5.779320987686938,0.22057831472455972,4,1.0,0.9788764413260175,0.9768694916770972,0.004669206505497927,0,0.0,0.21229052235497806,0.22141522623459461,0.024878024622892684,5.530955604488597,5.764423898616419,0.6574877696076447,23.966680578586885,23.962424412841646,0.4339292717827731,0.9200735919846175,0.9200636060146441,0.019063743352599857,4,4,50.25,50.0,0.5,86.49548531790401,86.3614305200309,1.5396975062998282,168.27852869849133,168.27852869849133,0.752402149670406,26.049715927631198,26.04480302375493,0.06844548039533421
front,log-0078-valid,40.0,self-supervised,training_window,6.332822113661846,5.446554136596525,1.9258952088653576,0.08361817569955325,0.0685787841461581,0.031486251976592994,0.2726480934925963,0.23086632263261464,0.09132221389912443,7.75322775669044,6.873952221688061,1.8302519658848313,6.808292383875026,5.574530511300063,2.5233547815674764,0.3053755800135155,0.23516388038149,0.15084704449626618,8.60067174563028,6.977878115471972,3.3495631615654107,7.271658701265144,6.820747128498034,1.1730234444423753,7.293890836521468,6.673090362174378,1.3906842213675332,4,1.0,0.970602829541168,0.9741252700856555,0.008203961253841553,0,0.0,0.28946903819835834,0.2344160714098805,0.1198814167252763,8.192677925384551,6.958081947082624,2.5575388491561224,29.252324325757264,29.303505366626915,2.3821905718596788,1.0167901362786902,0.951263541796042,0.1576055687684552,4,4,104.0,106.0,16.673332000533065,95.6419850359483,99.94929361751971,10.525524396498094,176.93630234687018,188.57228523903035,26.407508554966,29.015779718088304,29.696576832428974,2.442566373480981
front,log-0080-valid,40.0,self-supervised,training_window,6.155041199185284,5.918576483271534,1.7555220842010946,0.0870115184454346,0.08545969526014296,0.027613939901013074,0.27117486539742486,0.2836621270543741,0.08427831768248735,8.015682704725581,7.269112989715399,2.790283366074087,7.879743534659854,8.120782140365078,2.9331689280205677,0.3434226646376478,0.36686601419523635,0.13934023358357514,10.011766509208282,10.31514094955127,3.9135965399300154,7.417467226938033,7.749898894932052,0.9521786705192008,6.834351196511984,7.102891283819365,1.179832991689169,4,1.0,0.9647053277899433,0.961162012501058,0.01840483986436285,0,0.0,0.33545771808230274,0.34028727481030363,0.10801170557778576,9.796873098717683,9.919912543264607,2.7198785570512425,28.78653556909635,28.27749629371477,7.044186104381321,0.9546390758637646,0.9118401759242885,0.10196796281476947,4,4,74.25,65.5,28.802488318430637,92.27098727976868,93.61476521833006,9.269649429017452,160.20832967928223,159.33880798452816,12.347832673907611,29.932302827833844,29.943960696473887,5.153323891754952
front,log-0081,40.0,self-supervised,training_window,5.506475648131174,4.424310015038257,2.3158723829721906,0.09760520392625541,0.09413803546621964,0.0247721527729507,0.32067500800491244,0.3067694211978743,0.08374739303726167,6.937793038336591,5.624835045802817,2.7914757227380833,9.556894486617612,10.264856586703285,3.5872206628502528,0.5066206994999171,0.5031766521773269,0.11453882240799267,10.972139799158965,11.85962376728656,3.424253832707224,6.734079546133708,5.989911717020803,2.0545973007546023,6.79028558156955,5.852632342925496,2.3522302440976364,4,1.0,0.9484786124792114,0.9509534892418279,0.02302093911022571,0,0.0,0.45598072573528947,0.385793716891639,0.22505452793745914,9.32520974826123,9.192851783723885,3.45116234741709,21.689360504487027,21.185608865487545,5.627281738734046,1.0035202956375762,0.9845644741666355,0.06183576052959317,4,4,63.75,63.5,14.174507634012077,70.60758698725061,71.80755959771275,15.593135664974646,150.17542696190617,155.9656396459671,18.536430929283995,21.498371156269528,21.986695698198822,4.603672778681171
front,log-0098,40.0,self-supervised,training_window,6.2358865358412805,6.059162268041976,0.8626382628120116,0.08935254928589174,0.08651792564605244,0.011195798700426977,0.2967315426029228,0.29070706342864217,0.041000771764777316,8.261396869363434,7.8964538071278305,1.149889532235066,7.688756172253796,7.401521488457526,2.1556590902083603,0.34549504118211716,0.34491588304941856,0.06686261945691785,9.646982840866638,9.392124920188888,2.0636100566436344,8.439202745776655,8.511132113659725,0.8127224102206162,8.53002280316684,8.389453067723482,0.6099416250285806,4,1.0,0.9575559425801227,0.9583261323175221,0.013927807944708269,0,0.0,0.30028842842617487,0.2942026582042881,0.04138909019439256,8.3622469855139,7.99475480296843,1.179391402174582,26.164356408687873,25.80362314050857,2.0481874844510863,0.9405929956663474,0.9411184188202043,0.08876213143819174,4,4,94.75,93.5,6.020797289396148,92.36895993850736,92.37257429436653,2.1482621970380547,166.61115429731427,157.2487299242785,22.187357402353275,27.86826922863997,28.377586836881047,1.2317630577870504
front,log-0099,40.0,self-supervised,training_window,6.807939820131656,6.848387395942543,3.3740987743885187,0.15613401084419842,0.17561635745757642,0.0659589477030508,0.5127584908115689,0.5780385059349333,0.21045207093990115,8.739808084355468,9.355186299087672,3.8596986844571357,9.556541518088306,9.893968874655211,1.5791607379544934,0.6418358733667077,0.6312285609578074,0.14146443087778776,10.790354469111472,11.150991326119616,1.9853237891311157,7.170955409252712,7.5044945014785895,2.8377599068012707,7.903657786670505,8.37341730905283,3.2421430918099636,4,1.0,0.8792595568487102,0.85329313277886,0.06745225498342655,0,0.0,0.6766760115777201,0.6892860505749984,0.05423443358662667,11.430515509402184,11.284553684424914,0.9944490447590897,18.767009498023253,17.91962556184962,3.46434634437724,1.1021275915068869,1.0934979182698723,0.11514531491177375,4,4,71.0,74.5,13.038404810405298,56.11347567936751,58.398734254333945,6.477045322512715,118.58353772758663,115.19701773570482,8.45035408784827,16.98039089233538,17.49933226704024,2.005944095402911
front,log-0113,40.0,self-supervised,training_window,3.860094963516225,3.4602182984973924,0.902586314737421,0.07163432999722429,0.0741548261578348,0.006046579421366581,0.23963239621761803,0.2462217320059225,0.01898887745614525,5.07632990014425,4.495593862492022,1.1846480022028614,11.417486556330623,11.266219818819787,0.4886968552365971,0.6078399992641911,0.6564239995471632,0.12353290350484909,12.471568306833259,12.122710242296208,0.8635009212779046,5.923296008064185,5.822769921196897,0.4236608746642287,6.4916896477356625,6.513604051946446,0.12730128954141803,4,1.0,0.973270363061499,0.9726370531450841,0.003684353956825868,0,0.0,0.2506934082717184,0.2594241592780103,0.02651332374246704,5.276669448438499,4.770298136841252,1.062014165944409,22.354694112454375,19.159288916675564,6.89288305336989,1.0396391450810778,1.0385938991725716,0.02584546501739451,4,4,71.5,75.5,11.789826122551595,72.4030891835578,60.43279382104302,24.593152942236074,150.9497873185337,137.91678594046238,30.62731186429618,21.602666510518212,18.20077611199502,7.167753910489632
front,log-0115,40.0,self-supervised,training_window,4.146632483880556,4.675574557420292,1.6355627507678663,0.08378186947089211,0.08464609977931495,0.04193433772343469,0.25669767468190385,0.2634221372189342,0.11933911260268358,5.637430825594611,6.256434313784399,2.206079614150433,7.031323943862398,5.27068460154963,3.799090345600472,0.39203264138712696,0.40073736080692834,0.050364055452109834,9.069099540208384,8.169674181123437,3.2184606906924493,5.8259703812078,6.3531777509155765,1.6529603134072828,6.18873033228531,6.690415019880195,1.950524413483173,4,1.0,0.9768579522519105,0.9757079934274407,0.013356855345304928,0,0.0,0.2750638592462984,0.28401408620727436,0.09923260748625584,6.000318130057793,6.302383996305921,1.6255879566786395,24.791183773374037,24.72931365426402,4.168187039990126,1.1046843720249973,1.1172328354438785,0.12687468655485878,4,4,53.0,51.0,4.69041575982343,71.57488535966175,61.04428558069665,22.345705090001896,185.25161868921407,182.10970585779677,6.28382566283463,22.74053037709649,20.386613915701815,5.443426464977598
front,log-0116,40.0,self-supervised,training_window,4.770277062275024,5.0438813980151735,0.6290034031962773,0.06867605340157801,0.06834078469371055,0.002725757055688303,0.23268476387610604,0.23468725971859233,0.011524496741078196,6.740427167599469,7.018404233715133,0.7008113639986306,8.7928528629769,8.729480554228942,0.3660857264169011,0.3441311177910222,0.3371381608231995,0.02817346389014338,9.913829512098483,9.979679168832115,0.28432917196113394,7.451366657909261,7.415360272745534,0.4254444836884659,7.451366657909261,7.415360272745534,0.4254444836884659,4,1.0,0.977681072781986,0.9784374413695133,0.002722076917031985,0,0.0,0.24809061039070646,0.24474055569219472,0.015695208475747985,7.1776689998655225,7.074528162250633,0.7123552627112587,31.13680314463609,31.94068222833931,2.1455837872678845,1.0766929397029972,1.0789387546081874,0.021415757366897086,4,4,88.5,85.5,21.205345238091898,98.0238497130241,100.18191524139095,7.819140284856933,178.89008923580064,179.92673352355052,18.899511969979507,28.914086640111456,29.651190578329153,1.818588529005155
front,log-0122,40.0,self-supervised,training_window,5.285120287313217,5.640212283894714,1.1480460786073516,0.062089478749735,0.06305222465219454,0.014109975405867413,0.20337983397329346,0.19290057672500693,0.05410175138860216,6.713329826540781,7.054106649756012,1.5204262019547665,17.36607072046774,18.632310047286566,2.8779334391845084,0.562122873398381,0.5443440079697741,0.10760976267562826,18.604530632825526,19.899959302961047,3.209031421155883,6.47571482712358,6.378875074455109,1.2114942915390556,6.47571482712358,6.378875074455109,1.2114942915390556,4,1.0,0.9822211054151387,0.9856955591561363,0.009207761299516039,0,0.0,0.22518580290902424,0.19933683635403476,0.0566067699825713,7.391550014457714,7.292256822139105,1.3232896237031777,35.339170785837325,34.85498903510352,5.165946681687505,1.0596157937967563,1.0795211382668244,0.05069656244764958,4,4,55.5,51.0,9.71253485622231,108.08905300587654,106.2677581546052,5.383011319772581,178.8817771560475,177.99554064836386,5.399798820620186,33.29946910787409,32.83263900373413,4.064443889701307
front,log-0129,40.0,self-supervised,training_window,5.4325081404874815,5.13084348550002,2.1378411279153164,0.06828145321508365,0.06328651741990508,0.021534986995777546,0.21255829330492554,0.20383155531619856,0.05171209695422417,7.013696306139702,6.71310366117889,2.71423989926094,7.957371673116755,7.489917347043399,2.494945068766508,0.3123775309882102,0.28905470187601967,0.06469027482575453,10.28333106168714,9.587496755659796,3.7612899411828407,6.951221832808916,6.757138727206589,2.1523358269466297,6.951221832808916,6.757138727206589,2.1523358269466297,4,1.0,0.984179454346611,0.9865100165113818,0.006283989356870701,0,0.0,0.23354209289717132,0.2224358634254219,0.0409125016939441,7.607396961594322,6.9410989925128685,2.4031494674587415,34.69180498066273,34.76885275853401,9.955617484465597,1.060073320040242,1.0416601998780937,0.11758047751048979,4,4,119.0,103.0,49.746021616473676,100.90226814934913,106.07851202961065,11.350422504429108,182.29342661226565,182.217853044147,2.689107283391396,32.26185945806724,33.214969836965054,5.978697905290058
front,log-0145-filtered-c01,40.0,self-supervised,training_window,5.158536535469745,4.49248530277964,1.6095053408489957,0.10800237128590971,0.09467092838322402,0.030994989130467138,0.3594716830310063,0.30855044133135456,0.10667759969934378,6.481598694074651,5.9209113108582745,1.791022240717264,6.096032011429997,5.876067440616082,0.8401443834296897,0.4131944051812813,0.38161102126246815,0.10355946905614011,7.4171155594521725,6.879180941421012,1.5591693735202599,6.141802943093901,5.348755360608141,2.140826476242122,6.06162497690357,5.382584817243792,1.6606256843370641,4,1.0,0.9582178278037919,0.9592156964839426,0.010675394462090546,0,0.0,0.36841461132933306,0.31045114844963706,0.12191572342289661,6.638853234443044,5.956674653769133,2.0485950242325464,21.074970189669948,21.600548367434392,2.4840309676216292,1.1643702313505144,1.1270407250168355,0.12656953467660928,4,4,54.0,51.0,6.683312551921141,60.14024975850804,59.44556803289956,3.445583528863395,117.00540282089369,116.1672816283443,7.4592352709322665,18.11456242215199,18.027285777432855,1.3565355942191268
front,log-0147-filtered-c02,40.0,self-supervised,training_window,5.331474022836081,3.8821838829290156,3.292896681918733,0.13618961896721743,0.08987824518276273,0.10714689219133473,0.46325487834040346,0.291478964815358,0.3858601394630182,8.56397309421133,5.270480929399717,7.121342188754074,10.092730416618055,8.124698146776522,7.346623087805319,0.6762135246325285,0.513091952989909,0.5173229912776515,12.408639878020413,9.166041406622124,9.480231178153955,16.362588816465877,11.52683678300893,13.199584125324842,9.234953415609276,5.307858323603526,8.2922645655384,4,1.0,0.9599850467455412,0.9649849028898849,0.02354028128891089,0,0.0,0.4677002104911614,0.29768385887614124,0.3830542050246824,8.648854313520117,5.387972806124993,7.069989968121563,23.14378416529048,21.196953449166383,8.591421063395186,1.2438877700724564,1.0968676235483938,0.4551003448436529,4,4,62.0,61.5,13.880441875771343,61.844222243430046,62.02542472525199,3.730482654668408,121.62012926939823,121.99437771606966,11.684187971189626,18.55992655934454,18.825934868771164,1.078073658156615
front,log-0151-filtered-c01,40.0,self-supervised,training_window,3.521854863616929,3.413098075599921,0.919222489404035,0.09079334832494568,0.08488035220864878,0.017318689727709845,0.30756682722762285,0.292105703303628,0.05732634576221375,5.875988154615165,5.5011807895156775,1.7647332102362638,3.7196575765366253,3.474174053598869,1.0643741944567715,0.31121480207899876,0.29490661926254713,0.06024130834221949,5.945998586839123,5.501915715650777,1.8231128551980729,12.307558606608202,12.974819595165485,2.3662455769844417,5.358086257600776,5.135548599345554,1.6771048146635865,4,1.0,0.9600015956220582,0.9620176618032859,0.014403083223440263,0,0.0,0.31336322301227504,0.2985105837731382,0.05388868581723374,5.977836532976415,5.591579558054011,1.70578646699094,20.53358406700874,20.122803280722586,2.779362103728118,1.0899873293537023,1.0937847268981362,0.04643682182720712,4,4,51.5,51.0,1.9148542155126762,63.79413754778915,64.54776498595653,7.461212253785758,164.22566351191605,164.33409863644093,0.21687024904971963,18.835422133496287,19.09713309161216,2.3134952342282453
front,log-0152-filtered-c01,40.0,self-supervised,training_window,3.9561262174936624,4.021813870053438,0.9514869184645163,0.09735073980956883,0.09482028419379882,0.010712209132010809,0.33767487947908026,0.32755727703441284,0.03533669166778452,5.950004965707164,6.204937608299135,0.7825774612958546,12.815936833981343,11.647589573713432,7.087528313301992,0.789383388690643,0.7173393781263404,0.31735028846891356,14.174450654229588,12.85786440188509,6.5934927845084985,9.694196731273049,10.321652697935289,2.9621524221061213,6.206781376550353,6.3785673534197,0.8203885332805576,4,1.0,0.964582409950441,0.9651805430479622,0.01051451199454739,0,0.0,0.3390432290779922,0.3280556025518655,0.03584954233086935,5.972586762719822,6.227363049441617,0.775276132079341,18.87148201521244,19.38698630549896,3.001861054150726,1.080885062141318,1.1210974567409349,0.21398778380356154,4,4,50.5,50.0,1.0,61.38304317386462,59.138010280934026,8.499463886002642,115.02236079607009,114.02297312931344,3.511858626176715,17.68106728569515,17.322421364155296,2.349899775068713
front,log-0155-filtered-c01,40.0,self-supervised,training_window,4.227474158578664,4.264070015886622,0.2092766421538389,0.06082204934504133,0.06200760843429534,0.004810767225880199,0.19897906098042195,0.20407229750168826,0.012736484274411675,5.473471409604873,5.611923661661781,0.3312491259208332,15.377791485192123,16.572110435343586,3.0205414488712226,0.5930685356104669,0.6356489026974852,0.10940789731525023,16.307933081145475,17.47918657536805,2.9541953302855166,6.0375811252731735,6.094526610582857,0.28609697605445605,5.881639026118497,5.842199459788169,0.14539479544901915,4,1.0,0.9830630260214552,0.9825185710902993,0.0027332633896263404,0,0.0,0.1998500715870728,0.20493265549418083,0.013206557145245093,5.497372714526092,5.6355551535726445,0.3435345213878341,24.919187397944796,24.92560221211938,0.42801818590167645,0.9057099470096387,0.9042738133407382,0.01311344971137323,4,4,50.25,50.0,0.5,90.11331704089451,90.24565167265928,2.7297319323183866,153.8180977546588,154.71550900530394,10.615586268051214,27.51272531881973,27.49944562181569,0.1162060149864934
front,log-0078-valid,5.0,self-supervised,full_log,6.541540361240786,6.6610890138946885,0.28154098040340764,0.09480130764520751,0.09592875401280548,0.0047421783192683024,0.29988752729714996,0.3034540087280229,0.015001060275347554,8.600574306292248,8.702858615462068,0.43022040541037754,7.870934909104525,7.044210693331769,1.9686749224029623,0.35483083297856755,0.32688243896623514,0.06689502689242637,10.176311674916223,9.374770371711502,1.9185047630862206,10.054938350211549,9.118056852742228,2.4614388940558394,10.054938350211549,9.118056852742228,2.4614388940558394,4,1.0,0.961452416660254,0.9626390519386053,0.0029650820701196917,0,0.0,0.29988752729714996,0.3034540087280229,0.015001060275347554,8.600574306292248,8.702858615462068,0.43022040541037754,28.535459692754152,28.691741512831094,3.8998332637537834,0.9949833746900889,1.0004326582978225,0.13598061160667754,4,4,13.25,12.5,3.593976442141304,90.7221062654512,90.7221062654512,0.0,193.85894322332638,193.85894322332638,0.0,28.679333161362813,28.679333161362813,0.0
front,log-0080-valid,5.0,self-supervised,full_log,7.022616404822695,7.368662418086979,0.957941790977239,0.09344966324052684,0.10072392564625159,0.016905519856705586,0.3130462171052328,0.3374142057033489,0.056631654473892006,9.70615495531405,10.461696662445215,1.7558928479708233,10.389571455950765,9.313320989699287,4.033544910640881,0.4163393849871788,0.3679919593713422,0.1407678092598843,12.908811427442613,11.409775249790664,4.364576521738426,10.067848649267933,9.904788838926715,3.2101571653048486,10.067848649267933,9.904788838926715,3.2101571653048486,4,1.0,0.9572105889477434,0.9541643232114303,0.010353289124521766,1,0.25,0.3130462171052328,0.3374142057033489,0.056631654473892006,9.70615495531405,10.461696662445215,1.7558928479708233,30.517525906387544,30.383009791736605,4.828986563530852,0.9842616447386455,0.9799231851709754,0.15574612018095674,4,3,12.666666666666666,15.0,6.8068592855540455,103.86506081174115,103.86506081174115,0.0,205.33557480115962,205.33557480115962,0.0,31.00550150411578,31.00550150411578,0.0
front,log-0081,5.0,self-supervised,full_log,8.043378812374982,7.878306808491987,1.0422309966848728,0.14783819518616192,0.14306461271166349,0.01660983248071728,0.5037478929584485,0.4874822580163827,0.056596795598173794,10.33444623566715,10.000754855221746,1.1610898018557372,11.719216914604022,10.263863279928273,3.8536966240856807,0.6862594548817611,0.6097225613055767,0.17614692162304244,14.078692019023089,12.508528802929401,3.613674452116787,13.864390932432078,12.35312796011376,5.508854116339152,13.864390932432078,12.35312796011376,5.508854116339152,4,1.0,0.8908223737414382,0.8895037909813581,0.0036075006013116637,0,0.0,0.5037478929584485,0.4874822580163827,0.056596795598173794,10.33444623566715,10.000754855221746,1.1610898018557372,21.938921797114595,22.056640968956373,3.1510505854331567,1.0694027891822695,1.075140956803815,0.1535965311367229,4,4,15.0,15.5,5.477225575051661,69.90376352101518,69.90376352101518,0.0,197.4047490481513,197.4047490481513,0.0,20.515115557058188,20.515115557058188,0.0
front,log-0098,5.0,self-supervised,full_log,7.566873566752102,7.608489876688479,0.15870159369033285,0.10487758422106747,0.1048472473401488,0.0026434936052817898,0.3489826430481482,0.3488816963590776,0.008796287520387035,9.503502176405075,9.500753194189503,0.2395406741840443,13.383481415091584,13.823795010325712,1.901661716442184,0.5714541255572001,0.5828117229809142,0.06223618872347436,15.56184994907966,15.871140264759081,1.6948171112999828,12.102257999434054,12.174727799267204,0.9800018041663142,12.102257999434054,12.174727799267204,0.9800018041663142,4,1.0,0.9489843011922754,0.9509576040107235,0.004313437303792832,0,0.0,0.3489826430481482,0.3488816963590776,0.008796287520387035,9.503502176405075,9.500753194189503,0.2395406741840443,21.782874882874033,21.844325416574385,0.3814231749729853,0.7998993538072804,0.8021559082089524,0.014006422606222903,4,4,14.25,11.5,7.274384280931732,90.61518957542924,90.61518957542924,0.0,199.7034809556106,199.7034809556106,0.0,27.23201960245886,27.23201960245886,0.0
front,log-0099,5.0,self-supervised,full_log,8.882128506338034,8.206469497755009,1.762793349087875,0.16611626243386568,0.15207106952716243,0.036021951496406454,0.5526957578819176,0.5059651222148733,0.11985087727710164,10.951035693593237,10.025121477903824,2.374708356727453,15.754342428882381,18.23795356010733,5.484182953989473,0.9289665812893704,1.0690193533119814,0.30560829400263756,18.406412650680508,21.181398496933316,6.055279578599628,18.36080911372359,15.304675661419823,9.007551717390568,18.36080911372359,15.304675661419823,9.007551717390568,4,1.0,0.8796484217903426,0.8804707277298983,0.014095542266208846,0,0.0,0.5526957578819176,0.5059651222148733,0.11985087727710164,10.951035693593237,10.025121477903824,2.374708356727453,19.959107280162428,17.867049612344402,6.4452894423277804,1.0073306519592113,0.9017450771698037,0.3252919844996709,4,4,8.75,9.5,1.8929694486000912,65.92392299912883,65.92392299912883,0.0,187.74146730164688,187.74146730164688,0.0,19.813858777495643,19.813858777495643,0.0
front,log-0113,5.0,self-supervised,full_log,6.691932736862942,6.5657877358030445,2.38890677322591,0.12026044371630887,0.11692240970772624,0.05936636242253191,0.42093022346212877,0.4092465862017224,0.2077914851170738,10.962091856709232,10.657820275030877,5.4114179023790845,17.009890376268427,17.97224509715722,6.303349926996506,0.7227778810192669,0.7577620183363387,0.2618033726156124,18.822971319482146,19.734047087915236,6.81802460133116,19.251987921146014,18.079157269962955,13.441370651398618,19.251987921146014,18.079157269962955,13.441370651398618,4,1.0,0.9570005470767605,0.9591980193919254,0.024094290510583607,0,0.0,0.42093022346212877,0.4092465862017224,0.2077914851170738,10.962091856709232,10.657820275030877,5.4114179023790845,31.855293008762548,32.73789136557848,6.456143315374849,1.2232022664928919,1.2570929078429238,0.24790759683162064,4,4,10.5,9.5,8.34665601703261,91.152930406348,91.152930406348,0.0,196.08948725647684,196.08948725647684,0.0,26.042539227871565,26.042539227871565,0.0
front,log-0115,5.0,self-supervised,full_log,5.285386030874628,4.777699991959158,1.1052582796526627,0.08866031199229045,0.08650833023721408,0.014647427687447373,0.305638013543307,0.2982195033438372,0.05049396512725937,7.434370278377654,7.253921678095919,1.2282203683618178,18.271150402181696,14.294689338132944,14.315463639817647,0.8313156390044579,0.6644459439519346,0.5497547112110698,20.22100656562983,16.162051048682518,13.372289781770073,8.034867498943596,7.551280062456154,2.027228738756411,8.034867498943596,7.551280062456154,2.027228738756411,4,1.0,0.9652334426844026,0.9699937913799995,0.010272478936871521,0,0.0,0.305638013543307,0.2982195033438372,0.05049396512725937,7.434370278377654,7.253921678095919,1.2282203683618178,24.711201411971693,26.344196910470934,4.640083809842793,1.0159142239377075,1.0830490963744603,0.19076074303690602,4,4,14.75,13.0,7.932002689527196,83.85229096671934,83.85229096671934,0.0,194.67735718346603,194.67735718346603,0.0,24.324102202438407,24.324102202438407,0.0
front,log-0116,5.0,self-supervised,full_log,5.166583064451759,4.889924082017038,0.8382927802524635,0.06442088408747902,0.06118928352813765,0.007416069068067816,0.2074606934772399,0.19705366317054618,0.023882671800145184,6.712082763555703,6.375378747143919,0.7726883924399819,12.790349463141112,11.955487507519036,3.176128318251213,0.4367936191237678,0.4074192694795301,0.10377925895654108,14.131809129778105,13.181445653048591,3.357623863978856,7.2549986338195405,6.403784794866683,1.982713774304329,7.2549986338195405,6.403784794866683,1.982713774304329,4,1.0,0.9816094371864098,0.9816707178182804,0.0010930484425514034,0,0.0,0.2074606934772399,0.19705366317054618,0.023882671800145184,6.712082763555703,6.375378747143919,0.7726883924399819,30.270425771775855,30.980800979591223,2.5850554814715694,0.9356147329651172,0.9575713950674692,0.07990029648846737,4,4,24.0,24.5,8.04155872120988,104.19109980609964,104.19109980609964,0.0,215.69220856612964,215.69220856612964,0.0,32.353515507225815,32.353515507225815,0.0
front,log-0122,5.0,self-supervised,full_log,7.413628727114377,6.915451493090849,1.5512022692209315,0.08879370555655462,0.08429632745422466,0.01848952259758808,0.2880912007292492,0.2734994563087121,0.059989260867788274,9.568653389353406,9.084003582789649,1.9924816963321075,15.011838014479872,13.962593597005686,4.569381192882878,0.5096496397401352,0.47093061566421723,0.13597342743175236,16.92748942118964,15.641476797344607,4.516217760082184,10.068348454137833,9.896852142618538,1.9979926267630317,10.068348454137833,9.896852142618538,1.9979926267630317,4,1.0,0.9671158023705302,0.9713594565627597,0.012621785777072316,0,0.0,0.2880912007292492,0.2734994563087121,0.059989260867788274,9.568653389353406,9.084003582789649,1.9924816963321075,30.81684650488691,29.88945765519545,5.689263182279624,0.9278277675059317,0.8999061199784121,0.17129125643440227,4,4,19.75,16.0,8.220908303425682,107.76274432266965,107.76274432266965,0.0,208.61012873759907,208.61012873759907,0.0,33.213973093007155,33.213973093007155,0.0
front,log-0129,5.0,self-supervised,full_log,6.21189186377969,6.42827427794081,0.9137413094214776,0.07618333280945712,0.0783114427941556,0.004654133139621927,0.25626838769837096,0.263427004872386,0.015655749779384952,8.2499784036599,8.480433816503115,0.5040012883877449,8.456614560564006,8.31547383189869,1.5139217034821069,0.3354606924339229,0.3340206087224299,0.06908013117213983,10.799394699880311,10.75303447720133,2.2238778470130023,9.10219973457939,8.823399290374732,0.5479311268157251,9.10219973457939,8.823399290374732,0.5479311268157251,4,1.0,0.9794555862281055,0.9786046203252468,0.0014833264268776657,1,0.25,0.25626838769837096,0.263427004872386,0.015655749779384952,8.2499784036599,8.480433816503115,0.5040012883877449,32.91583417980408,35.37194457534567,6.051327949353918,1.0224617983561284,1.0987557497191311,0.18797189291150862,4,3,13.333333333333334,12.0,4.163331998932265,108.29111958509354,108.29111958509354,0.0,210.70562678396246,210.7056267839625,3.4809342861069267e-14,32.19272762339365,32.19272762339365,0.0
front,log-0145-filtered-c01,5.0,self-supervised,full_log,3.6249594073645914,3.682630162664752,0.2760001696242587,0.08067651492238201,0.07753972556978143,0.010673180338354146,0.27420541928723824,0.2635440187486416,0.0362762805585045,4.827824990289149,4.640113981201464,0.6387019421072376,5.496252704921708,5.769473964552921,1.1583988298358945,0.3759284125839421,0.3769564354101099,0.042158131336923886,6.618820990300366,6.636920976448202,0.7422613329136551,9.113434397522354,6.3215550746937375,7.090209380876107,6.188910952686102,4.5609037589053525,3.3077351953957073,4,1.0,0.9690963178118748,0.9697221968180807,0.0036462978967714437,0,0.0,0.27420541928723824,0.2635440187486416,0.0362762805585045,4.827824990289149,4.640113981201464,0.6387019421072376,18.719068751919245,18.243419518953488,1.6667053675147137,1.0631847894468183,1.0361693948081618,0.094663672574488,4,4,20.5,22.5,5.066228051190222,59.841764297006954,59.841764297006954,0.0,126.23251970541182,126.23251970541182,0.0,17.606599471441736,17.606599471441736,0.0
front,log-0147-filtered-c02,5.0,self-supervised,full_log,8.453430462961544,4.834561198097478,8.451716276253489,0.2616247601641853,0.11430249951820515,0.3170825981800345,0.9109452138157608,0.39798723483948395,1.1040425799725566,15.999476516609608,6.990088230500945,19.390961238620196,9.984682322316711,8.775734523789392,6.313778270128866,1.0486836874877281,0.5866349321207524,1.119732890487977,18.418659845667637,10.303420752356182,19.666539561907324,135.19141003914652,17.41456071889108,241.07423056871323,42.29998716558003,7.755979217438219,71.18288156505781,4,1.0,0.9266787816248312,0.9479656943178064,0.054998920553147514,0,0.0,0.9109452138157608,0.39798723483948395,1.1040425799725566,15.999476516609608,6.990088230500945,19.390961238620196,29.38749025357653,20.646645190864433,19.849941630672642,1.6732043429521954,1.1755361244753826,1.1301750594284565,4,4,19.0,20.0,10.677078252031311,61.15429023831297,61.15429023831297,0.0,143.8427936441168,143.8427936441168,0.0,17.563599077041214,17.563599077041214,0.0
front,log-0151-filtered-c01,5.0,self-supervised,full_log,10.156154356359668,9.771972736610167,6.599139805973902,0.2996490645521027,0.2405353119427147,0.23113588398719642,0.9900055093940189,0.7947005754315993,0.7636459633472115,19.07345828850981,15.310711034959143,14.712412497590416,18.48122129717587,15.36789090014779,12.028476366258054,1.4103785922419254,1.459519500919048,0.820203902197121,27.172371259428132,28.11912060881941,15.802058441276266,72.06519285193534,44.439461132670225,76.44619771843139,37.511140017411286,27.051990608752774,33.29398365014556,4,1.0,0.4517693186752355,0.9008776099377547,0.9399914649603588,0,0.0,0.9900055093940189,0.7947005754315993,0.7636459633472115,19.07345828850981,15.310711034959143,14.712412497590416,24.195345848397373,20.509124922738454,22.797777795351937,1.255856453993827,1.0645236096797839,1.1833158558841725,4,4,8.0,7.5,4.96655480858378,63.65265420407588,63.65265420407588,0.0,164.33409863644093,164.33409863644093,0.0,19.26601226712834,19.26601226712834,0.0
front,log-0152-filtered-c01,5.0,self-supervised,full_log,6.171802981399024,5.797483226698889,2.10802226567909,0.13322278203669755,0.11831982284942763,0.048279553232014084,0.4648732470645517,0.4128702268427681,0.16846872835615956,8.366184110323966,7.4303013848378745,3.031881071151582,10.24113230262419,9.953446457830506,5.6713616918649565,0.678654400207507,0.6726939442922744,0.2916353693551375,12.213539271768598,12.10627073807003,5.2484740916239785,12.663781126966636,11.333330197035377,6.17127999989803,12.663781126966636,11.333330197035377,6.17127999989803,4,1.0,0.967971399893338,0.9681676423824819,0.0006781728105955414,0,0.0,0.4648732470645517,0.4128702268427681,0.16846872835615956,8.366184110323966,7.4303013848378745,3.031881071151582,22.16205416353707,23.151981788447777,6.740936697027476,1.2314510348762808,1.286457100160364,0.3745651648685042,4,4,3.5,3.5,2.3804761428476167,62.798449202325,62.798449202325,0.0,120.36651931469572,120.36651931469572,0.0,17.996699451199543,17.996699451199543,0.0
front,log-0155-filtered-c01,5.0,self-supervised,full_log,4.009009669044946,3.9931884465810477,0.16551838119283557,0.05938105989533601,0.059117836229521464,0.0026915668893693796,0.19647189798967712,0.19560097966471732,0.008905486972658572,5.210021859624578,5.186926935834375,0.2361548001159479,14.149924130748541,13.827927659402057,1.7485174572932038,0.5677548371571755,0.5536911742326296,0.06374822280999765,15.055665175341739,14.682726388609375,1.6904689054806015,6.314514782817441,5.851339579327824,1.2795510330743294,6.314514782817441,5.851339579327824,1.2795510330743294,4,1.0,0.9840709146676363,0.9844935249315856,0.0031835328798019997,0,0.0,0.19647189798967712,0.19560097966471732,0.008905486972658572,5.210021859624578,5.186926935834375,0.2361548001159479,23.979747985770217,23.92298490222256,0.7423532879817666,0.9042853805641997,0.9021448231805962,0.027994423708457304,4,4,22.75,22.5,1.707825127659933,87.73878184066888,87.73878184066888,0.0,168.93012807396792,168.93012807396792,0.0,26.51789855411444,26.51789855411444,0.0
front,log-0078-valid,5.0,self-supervised,full_log_excluding_training,6.568428389111289,6.669197970065829,0.2616332964412557,0.09538135321929739,0.09636079190015917,0.004556461587322687,0.3012626644894303,0.30422602932234444,0.014860704523606882,8.623478882117372,8.685171795313039,0.42555834357830397,7.9464965038111695,7.097493616573532,2.0044017203461144,0.35781749323912243,0.3300318893435671,0.06689369246640961,10.249964770244157,9.49854183559633,1.9715476274234873,10.092441674737797,9.123772978914655,2.45362027619531,10.092441674737797,9.123772978914655,2.45362027619531,4,1.0,0.9613371999730009,0.9625118039147514,0.003279489156615689,0,0.0,0.30130707575719096,0.30428624250031333,0.014860038364150131,8.624747029499382,8.686887753875752,0.42545033593947484,28.559242564001103,28.823207195703798,4.247323215315094,0.9966508953643516,1.0010627852816647,0.13879003068792226,4,4,13.25,12.5,3.593976442141304,90.40959161182552,90.67216606565475,0.9951345822890753,193.85894322332638,193.85894322332638,0.0,28.625893979191254,28.69755236444741,0.32745925822096866
front,log-0080-valid,5.0,self-supervised,full_log_excluding_training,7.014511960872639,7.395269543131248,1.0416727280095441,0.09309555484268656,0.10102090025864745,0.017889388762278687,0.31191593943468054,0.3379987811426376,0.059297961778418576,9.691934777356952,10.514776256277049,1.8720087115516815,10.344182706247802,9.363180201254979,4.063442626162727,0.4134848404264814,0.3683545248480246,0.14170163915212883,12.850098109361644,11.45911058812287,4.436755985670788,10.029638438505437,9.937240849938926,3.2833778167351793,10.029638438505437,9.937240849938926,3.2833778167351793,4,1.0,0.9575046154592469,0.9541554286395032,0.010996207522248525,1,0.25,0.3119360550478169,0.3379987851896566,0.059267421164691365,9.69255732538628,10.51477638217543,1.8710643161347107,30.533721217290246,30.204868021737116,4.882569018811917,0.9830492093703705,0.976419334403986,0.15635741250814977,4,3,12.666666666666666,15.0,6.8068592855540455,104.09261734015688,104.0851569264943,0.12767670921829868,205.33557480115962,205.33557480115962,0.0,31.058552344413503,31.108917673403525,0.10822829482221594
front,log-0081,5.0,self-supervised,full_log_excluding_training,8.05877880938565,7.889179139763271,1.0571640963900475,0.14798001380495118,0.14336607634875823,0.01673596918908205,0.5043129452210797,0.48843668374650384,0.05707632091741774,10.3508435971441,10.0166851939772,1.1712075383061789,11.746179065595292,10.276199512458534,3.8660185164411787,0.6870983600294214,0.6104242578515668,0.175625599273402,14.105658342055246,12.531288333033405,3.6244495040601636,13.884297404494037,12.374569162494456,5.506514331257561,13.884297404494037,12.374569162494456,5.506514331257561,4,1.0,0.890741349622681,0.8895881539242354,0.003567759654595905,0,0.0,0.5043150325567598,0.4884372784495009,0.05707512779873428,10.350886477836116,10.016697379966333,1.1711834108249906,21.960081762778717,22.071236944507497,3.157583582152165,1.0699998564692825,1.0762640273699653,0.15433230019215058,4,4,15.0,15.5,5.477225575051661,69.94766020686494,69.97446226203527,0.14590125333837645,197.4047490481513,197.4047490481513,0.0,20.52476429646936,20.528773048276832,0.030586306860683376
front,log-0098,5.0,self-supervised,full_log_excluding_training,7.56408770683307,7.566593494037489,0.17202406330768458,0.10435254415181641,0.10423179230014931,0.0031254201848811168,0.34631271691732607,0.3460052645495351,0.010460653959229559,9.487719986846352,9.479179178394833,0.2871190623685149,13.450005313106153,13.918219711770424,1.9229350801824137,0.5706017133342745,0.582821401874442,0.06284875044541122,15.632377101813177,15.966412936592766,1.7215146655348015,12.124385530352857,12.20027461653952,0.992384869233245,12.124385530352857,12.20027461653952,0.992384869233245,4,1.0,0.9504346567229782,0.9508791314565098,0.005457566351952253,0,0.0,0.34636279552144017,0.34600671909132696,0.010394612564558094,9.489091902676595,9.479219027942477,0.2853107737133389,21.8734095642695,21.915953062693944,0.39980683741954826,0.7984057069972348,0.7999484586279788,0.01459513269121293,4,4,14.25,11.5,7.274384280931732,90.9192332721948,90.93684517018757,0.04279746076947995,199.7034809556106,199.7034809556106,0.0,27.396360120500983,27.396214069200706,0.0015882631357890021
front,log-0099,5.0,self-supervised,full_log_excluding_training,8.882391002994032,8.20523985005242,1.773327897329461,0.1660786048089598,0.15211556857254682,0.03627770405615216,0.5525151381142718,0.5062388349607319,0.12026843529311201,10.953036324100044,10.02337410662821,2.38209674618558,15.799386021439094,18.300744529238383,5.5209128636936775,0.9308812842706748,1.072215114764354,0.30819369767170735,18.44674403502165,21.22899654003464,6.088511085581244,18.36845579769954,15.309915864317203,9.03161673261593,18.36845579769954,15.309915864317203,9.03161673261593,4,1.0,0.8797903181940466,0.8805448788038794,0.01430395215570693,0,0.0,0.5525249686275615,0.5062469390186424,0.12027062828558423,10.953231130569108,10.02353435812658,2.3821397946546106,19.961652775106177,17.896291585237268,6.474647558615383,1.0067284116825004,0.9008985053846088,0.32606306394833545,4,4,8.75,9.5,1.8929694486000912,65.96118617503573,66.01814935740991,0.23962898121972503,187.74146730164688,187.74146730164688,0.0,19.82487682609167,19.838501862653146,0.05553663114094294
front,log-0113,5.0,self-supervised,full_log_excluding_training,6.741096620106772,6.633883113926348,2.4382400554455015,0.12108063768268634,0.11789665523575132,0.06018824520826658,0.4225376298354355,0.41131198066983754,0.2093992681333561,11.029148177129855,10.741647735712437,5.47741973292717,16.984443800257907,17.958968690231263,6.293701728499226,0.720860497469266,0.7557824209321811,0.2605974003256293,18.8183645559509,19.74777511639475,6.83070264559713,19.23031347828978,18.069045724094515,13.409906680251776,19.23031347828978,18.069045724094515,13.409906680251776,4,1.0,0.9571390136064052,0.9592424762052634,0.023908914769368985,0,0.0,0.422545551627713,0.4113178908713635,0.20940618228202512,11.029354835049672,10.741801751085529,5.477600295947962,31.98901725224566,32.92834901924015,6.596339937778157,1.225744938553557,1.2599113262273471,0.25009527335825876,4,4,10.5,9.5,8.34665601703261,91.10008514812132,90.97853213953302,0.555339575619986,196.08948725647684,196.08948725647684,0.0,26.086515954616246,26.101855265717752,0.1358769055389782
front,log-0115,5.0,self-supervised,full_log_excluding_training,5.295910102369741,4.806053878518366,1.0412780384789122,0.08917666856903961,0.08681950261183946,0.014926223116807536,0.3066980426789786,0.2983760283475162,0.05020153724194436,7.443133770832282,7.330002854131145,1.184139529455466,18.345750912723467,14.389695726861186,14.275909679373306,0.8412401909745089,0.6726175547539764,0.5603949974987368,20.29888042305955,16.265741238470333,13.309363481577199,8.006846740896826,7.5579825758895725,2.0126017913654426,8.006846740896826,7.5579825758895725,2.0126017913654426,4,1.0,0.9649478098733834,0.9698391250109943,0.010692529829981713,0,0.0,0.3067179935121296,0.2984006569944532,0.05018844112495577,7.443619643851428,7.330607887847329,1.1838311001663835,24.745926012506082,26.389588775225576,4.895014646024852,1.0176296924140602,1.0857443333112633,0.1907749148369353,4,4,14.75,13.0,7.932002689527196,83.5371888768441,83.7785263871746,1.1016066262780364,194.67735718346603,194.67735718346603,0.0,24.278417469882655,24.287051079932624,0.3328949357763062
front,log-0116,5.0,self-supervised,full_log_excluding_training,5.1653330096800385,4.909932144410412,0.8762527685330443,0.06409036471884971,0.061409163174468887,0.007804771628592386,0.20577420762884793,0.19704793191384712,0.025258639593208537,6.690169931430704,6.401622486527897,0.8368166467089566,12.846627959040049,12.003313321668507,3.191749577676936,0.4363813930012057,0.4073450172561589,0.10310842667419248,14.188954253091477,13.231679356481493,3.3798411100318755,7.226151307746835,6.420542630716829,2.0353862747983276,7.226151307746835,6.420542630716829,2.0353862747983276,4,1.0,0.9820026239928603,0.9823403056554803,0.0012954056098361181,0,0.0,0.20579802052051852,0.19705385400971584,0.025243130434395494,6.6909429702317516,6.4018146360340555,0.8363129398586852,30.360181481260113,30.98132460125757,2.543809351926477,0.934082794331299,0.9548885305510308,0.0794752489111094,4,4,24.0,24.5,8.04155872120988,104.35764204454765,104.26852404469214,0.33382078287474815,215.06306714662918,215.69220856612964,1.2582828390009126,32.505753257594115,32.48816520307203,0.07620853992606386
front,log-0122,5.0,self-supervised,full_log_excluding_training,7.415565927510716,6.927326821498481,1.5669534172384958,0.08896107478423515,0.08445146691628572,0.01874607867560889,0.28887447333723526,0.27441810478540596,0.06059432814472163,9.568402001282326,9.092570890650848,2.015458969921747,15.033777285186735,14.001102994474028,4.5974376015562095,0.5118937421840112,0.4735837614630201,0.1380559001477266,16.94918811161973,15.678391803072243,4.548403385709637,10.071135655364795,9.910955383855601,2.013248877630971,10.071135655364795,9.910955383855601,2.013248877630971,4,1.0,0.9669611086218826,0.9714231010140434,0.012737565283632409,0,0.0,0.28888043210891295,0.2744232833201098,0.06058962066300719,9.568599161432326,9.092742517242936,2.015302868185063,30.722971742099723,29.801479183205924,5.660611679273179,0.9278283991978054,0.8995010468635247,0.1722361294029051,4,4,19.75,16.0,8.220908303425682,107.55663028381808,107.51916878839785,0.19455780267833486,208.3172371965101,208.61012873759907,0.5857830821779828,33.118722845358654,33.10651964470136,0.08463526161302326
front,log-0129,5.0,self-supervised,full_log_excluding_training,6.213509069265044,6.417857916117472,0.8934173719399315,0.07623168783277762,0.07800717400909521,0.0045946352230796525,0.25606780883329383,0.2623744416149736,0.015354272699987188,8.252247187271868,8.464779340462814,0.47904433446231237,8.45494058184013,8.362208980945653,1.5030135020360738,0.3350249007449608,0.33456025435742875,0.06797222405877777,10.8005276219158,10.803597165531393,2.2100434604598505,9.102696938472107,8.799404928449372,0.5538713049393611,9.102696938472107,8.799404928449372,0.5538713049393611,4,1.0,0.9794362953705692,0.9785752626503977,0.0015354893006587287,1,0.25,0.2560712463223625,0.26237673321056176,0.015354689106130184,8.252357913128819,8.46485327240097,0.4790562827514542,32.953625200508064,35.4915718041223,6.116016036757636,1.022165195711782,1.0990847870759217,0.1875303714616894,4,3,13.333333333333334,12.0,4.163331998932265,108.26230347666177,108.48117543751827,0.40682046514948156,210.70562678396246,210.7056267839625,3.4809342861069267e-14,32.229351583361655,32.26221002457479,0.08397836966002623
front,log-0145-filtered-c01,5.0,self-supervised,full_log_excluding_training,3.6334430230295363,3.689251675014115,0.2733024135902272,0.0810488144784758,0.07781745498888346,0.010948996042606454,0.27506296619502635,0.2640807193985901,0.03690891557277022,4.836373463258189,4.647078064003027,0.6348950250017347,5.483693990098642,5.7501132270001625,1.1529874035536092,0.37582071738314227,0.37501596823746164,0.04174662023780207,6.610125629388578,6.6225256612534915,0.7367671802327397,9.12713562869185,6.329282899437486,7.103937906154658,6.199618937464738,4.565949736734259,3.323218176163913,4,1.0,0.9689574464591018,0.9695575328570322,0.0034743815236864795,0,0.0,0.2750694433481546,0.2640862353124252,0.036912909349817516,4.836487345409367,4.647175347878324,0.6349658257414441,18.712641011440827,18.308373458793398,1.6170643594021026,1.0641499830526393,1.036756707455539,0.09478495014513369,4,4,20.5,22.5,5.066228051190222,59.69344067814483,59.700847846979656,0.4047557840449176,126.23251970541182,126.23251970541182,0.0,17.587430880635782,17.593719495253985,0.08457993564755509
front,log-0147-filtered-c02,5.0,self-supervised,full_log_excluding_training,8.510900396950083,4.837764834517731,8.551428065876634,0.2622682332765148,0.11423075026626334,0.3178382433779154,0.9127511928248225,0.3981447001033426,1.105999044812985,16.090489810394608,7.008952411150695,19.531258205424724,10.021545446486396,8.763633505621396,6.373211769122215,1.0499766606838026,0.5854211744343533,1.1222681867423105,18.50620741876817,10.303885589888262,19.82137690834049,135.1765626053248,17.413440919578413,241.0419505978691,42.29483245116862,7.7628200903707505,71.15034013819125,4,1.0,0.9264934773155074,0.9475433987648905,0.054862944561824604,0,0.0,0.9127542309388598,0.39814610538579964,1.106003126152456,16.090543384499806,7.008977137024183,19.531330263806336,29.5005209295747,20.65817012838199,20.02270920971407,1.6749021650815614,1.1756528616866673,1.1322426389639022,4,4,19.0,20.0,10.677078252031311,61.2250064781572,61.35349843015943,0.30080270606864834,143.8427936441168,143.8427936441168,0.0,17.59375748935545,17.60321634680063,0.05385753726292743
front,log-0151-filtered-c01,5.0,self-supervised,full_log_excluding_training,10.287207714137482,9.691140712649476,6.741464505165788,0.30244041532355315,0.2438496749217856,0.2329444262723175,0.9936584823764812,0.7974325339608797,0.7665211419380273,19.348865121813063,15.324919335576801,15.155014594560267,18.55404767728893,15.670887962850328,11.8096808516459,1.4142658231093401,1.4654689320465415,0.8215354095035191,27.404445912928765,28.111578748369777,15.927745296036289,72.0840271217668,44.56690173765876,76.37260449394991,37.5430565406528,27.175013914871144,33.252942171745396,4,1.0,0.45159833746855815,0.9005256937912814,0.9398359023938899,0,0.0,0.9937153396911808,0.7975202190678784,0.7665427716124876,19.349956836116363,15.32659152560883,15.155410819587464,24.653011874106294,20.709529920410315,23.460603519448526,1.259067275059351,1.066175850694899,1.1877320619365042,4,4,8.0,7.5,4.96655480858378,63.74625508206775,63.97490751189379,1.1804859021053093,164.33409863644093,164.33409863644093,0.0,19.384089110086215,19.385906133138914,0.2889656923047177
front,log-0152-filtered-c01,5.0,self-supervised,full_log_excluding_training,6.090199464294088,5.770428238446249,2.0489563115429665,0.13067546717111894,0.11687120653184609,0.047256138445956504,0.45907999990260995,0.4100314755580817,0.16639085242154908,8.295811188324292,7.416993414799949,3.0342547079278126,10.2434145324157,10.052726860798483,5.7049777860431865,0.6752392835330872,0.672386295493383,0.2950135997157594,12.1860155502488,12.187154530924648,5.3047825307141245,12.561871412727797,11.309421515342367,6.121831558720382,12.561871412727797,11.309421515342367,6.121831558720382,4,1.0,0.9685370944081872,0.9684691566338661,0.0012510994536123355,0,0.0,0.4592135684868979,0.41011209048348723,0.16653804237649764,8.298228708398572,7.418454435473561,3.036917475662003,22.181379326658522,23.18128290348932,6.76130001111155,1.2276298230403344,1.282302611020432,0.37020495367081924,4,4,3.5,3.5,2.3804761428476167,63.41200989777671,63.40954580085381,0.3232866198148284,120.36651931469572,120.36651931469572,0.0,18.052410494870205,18.03434809298389,0.10178743883834063
front,log-0155-filtered-c01,5.0,self-supervised,full_log_excluding_training,3.994729067024528,3.9850697868326383,0.1651385287711699,0.05926186773350817,0.059116412680255484,0.0026081255379764774,0.19596211021370435,0.19522555891099563,0.008543655018937987,5.199401390830729,5.15864981964156,0.225124210774188,14.154846740025372,13.842629541949385,1.7246746040349246,0.5673044763594537,0.5533532406407271,0.06140625392120315,15.055550278330456,14.695352896201047,1.6694060756494806,6.306064041012901,5.842689929124558,1.275358496793737,6.306064041012901,5.842689929124558,1.275358496793737,4,1.0,0.9840711332896399,0.9844391980524532,0.0030185662412619504,0,0.0,0.19596405203153053,0.1952264714202071,0.008544598512053313,5.19945300745619,5.1586739216698785,0.22515230895548916,24.022319713231585,23.945418541711177,0.8340928805682593,0.9052674155791719,0.9032079710893357,0.027034701768849367,4,4,22.75,22.5,1.707825127659933,87.73990056866535,87.72005651657408,0.5701985418799673,168.93012807396792,168.93012807396792,0.0,26.533279904989342,26.521280155937475,0.12958045767791354
front,log-0078-valid,5.0,self-supervised,training_window,4.737369503195602,3.952887849305089,2.8043845686015954,0.061295723292454855,0.059432767758101634,0.017639715710370263,0.20753589316037557,0.20150845566498818,0.05647363517605404,5.917883924522851,5.209575912890369,3.1872424139802806,5.6285516825847655,5.487119401426834,3.18544771031941,0.24443013875465391,0.2493047643017019,0.08742402750424745,6.889850190018514,6.757987207226146,3.5793089640630718,6.239793356504929,5.64449784533716,3.2290851223542005,5.545396189674552,5.003193365368835,2.936248450783071,4,1.0,0.979403085352925,0.9809805910379363,0.013199792577741218,0,0.0,0.27111493485324467,0.2624553531720865,0.03692897875308836,7.454703598862402,6.260685852523414,2.8914263333128893,24.895054675456496,24.452912367019735,6.50110087807933,0.9199216491899485,0.9021085053173274,0.04106969538932235,4,4,13.25,12.5,3.593976442141304,92.05128122162708,88.48908691627243,24.652030590777876,136.21113395757004,132.58743085283248,40.66739050188842,27.080008722753835,25.890239522968216,7.2333366648962585
front,log-0080-valid,5.0,self-supervised,training_window,4.681495304823557,3.8056742037602675,2.1044961566908347,0.07480083546382077,0.06898629961772804,0.015522874299861447,0.23576141742050105,0.23453790263564533,0.03305448425964957,6.044995178414408,5.149412873914728,2.675729090237588,13.769638162826764,17.598141020825494,7.079453131274577,0.6189163167617827,0.5889084655180594,0.3254993398368804,15.039063764483592,18.532344860555995,7.167772464785379,6.316181068773328,6.174947381091948,1.5677001020406156,6.229246831821055,3.8499943713989273,4.249187556378881,4,1.0,0.9723574751006366,0.9737115609945307,0.008302617345505777,1,0.25,0.3249966561812245,0.29194325094577983,0.11068602300184457,8.622101065412023,5.645349561775282,5.589615458549616,24.404045390439922,20.151580574807813,7.751457133042921,0.9765080400533154,0.9924317026502151,0.05255318095291497,4,3,12.666666666666666,15.0,6.8068592855540455,78.34109386682361,74.64399311818482,18.088093761631228,115.39925178185888,119.23607616040582,29.027541259193473,24.9660227289324,21.955568017141953,7.5955615248457065
front,log-0081,5.0,self-supervised,training_window,3.577664041837518,3.046686621578613,1.9195642133529986,0.0733275619615466,0.07716661293662253,0.01860539326299228,0.24364254107005662,0.2567496204417229,0.056105631762693876,4.461973901621789,3.8707754312648603,2.1768383141537333,7.173110955866843,8.086987439571953,2.812664739632881,0.5004955171833626,0.45894518070983653,0.29328801650984754,7.990837195081857,8.822911475003202,2.8609082664635794,5.465667062317447,5.015287559591461,1.7677851769448438,4.184140384582676,3.238594021968166,2.822585533596413,4,1.0,0.9724096633758577,0.9700738191069318,0.01120079422687154,0,0.0,0.4169070909995598,0.30735258786416564,0.23681333864395954,6.706117094890103,6.743524176157997,1.834183822234682,16.275509751606915,17.306949169371002,4.98798440292159,0.907280096889405,0.9034440537433118,0.06922966643118403,4,4,15.0,15.5,5.477225575051661,59.89463414548478,60.8668501823898,18.61522381961158,91.92679708187427,95.79370623441505,16.451231164822058,17.976142838464543,17.916147887586945,5.8402068000359915
front,log-0098,5.0,self-supervised,training_window,5.437412763419172,5.340701027885988,1.997326014407026,0.1134562796012566,0.10810658913903654,0.025758581487532194,0.38872523411015825,0.37485894106536144,0.1025748495723253,6.674737902796966,6.4388085504527215,2.0866432111938544,10.295974260439474,10.644442389251093,2.6293714664219086,0.6860165454953773,0.7323407197657561,0.1769161178576056,11.572033570762656,12.338879730407408,2.6154440082467367,7.7189112021509025,6.99963285372619,1.7833878843167466,6.113688830433218,6.0671074520772805,1.5271797239787117,4,1.0,0.9190970131181109,0.9298638443941829,0.04597314556437573,0,0.0,0.5192122306526462,0.42365494734866693,0.2911729379004593,8.977471261011713,7.326285056197479,5.370391491455071,15.318359627717589,14.667321125394384,1.6546414945088408,0.9006785605605552,0.8847484616881072,0.07651496843512805,4,4,14.25,11.5,7.274384280931732,57.996995361098215,57.81444119168499,6.073143693507048,90.94404267983164,92.42407316900949,6.678240731232582,17.000298916264903,17.082026187718178,0.8979968157176788
front,log-0099,5.0,self-supervised,training_window,4.992973572338776,5.001959208472362,1.1301499164213316,0.12529585674462246,0.11410862987718928,0.04907070007874827,0.42667644744612765,0.3997813221529216,0.15321441260280264,6.411542106821125,6.162606808929063,1.0285380702624698,9.97885299126108,9.77081048439857,2.6189569582395484,0.7882737976789886,0.7822213409621382,0.39370743289971694,11.410225981353129,11.52128413449876,2.992480818883226,9.248675866275466,10.39140275230663,2.4837628144443586,5.33305582572983,5.756638183568166,1.2998543272329404,4,1.0,0.9282058358510692,0.9290262158794806,0.05455494706708383,0,0.0,0.7017741532611915,0.6535750015351056,0.26269561436361577,10.564002524087108,10.639377930381652,1.9969915838273788,16.952975874291162,17.01549699981894,5.745461714954683,1.0572536836578155,1.070085125968874,0.2337764461920104,4,4,8.75,9.5,1.8929694486000912,58.43250108462003,56.896058631560216,26.602478027892797,89.6256764435856,85.32883912858341,33.002133669079164,16.93511085761693,15.917297276821184,7.732027368984766
front,log-0113,5.0,self-supervised,training_window,3.6215553512774132,3.16619219870803,1.536437669053412,0.06878454509828744,0.06827101112695803,0.0036086141012868656,0.21272103952346907,0.21771289790183265,0.022586049785061905,4.469228064325241,4.099604992518463,1.635028873840713,18.32145779700267,18.656537662935005,6.896712718449925,0.9945874523718344,1.1222321626531753,0.419325311528638,18.980993039385226,18.972666187559646,6.4434758004220605,5.028748204661684,4.648458907722437,1.6620057511701165,4.035649393174131,3.5130543193807005,1.617453794283854,4,1.0,0.9811467230605614,0.9804857185192875,0.004254644588489384,0,0.0,0.2835188637286697,0.2601426832892325,0.07833819625131921,5.906694991128296,6.587380860932692,2.0465579578560185,19.590002298764297,18.216433067143292,6.577761248112232,0.9376527726625421,0.9034621155751308,0.08961992095449005,4,4,10.5,9.5,8.34665601703261,65.95644608178249,60.05146852057761,27.32863806009409,89.98015283014965,76.97454528758466,37.297225135903375,21.26977115644501,20.4740575730736,8.004632290883603
front,log-0115,5.0,self-supervised,training_window,4.201039948516087,2.9264513964192456,4.122795551111212,0.058354158368943164,0.043754425320056904,0.03822791719728071,0.19253074092878925,0.14626253105271717,0.11560275683703293,5.186668592824935,3.6342585439673156,5.049892469626623,15.634917560656694,10.937353573254347,15.728107917651934,0.599442683941322,0.457892584497213,0.3908992656926957,16.47316141171238,11.511937136488516,16.517849373465435,5.89310490741263,4.527993570046766,4.820169613585322,3.9619875357330123,3.074671475092159,3.318047273199122,4,1.0,0.9871652594624885,0.9919523709190005,0.013203142939303804,0,0.0,0.29003141864662957,0.2989505885130409,0.06630237551731824,6.509207753613699,5.196471159982858,4.001040977195168,19.0575217446209,17.49939833584808,9.595006528119882,0.8626084573924562,0.9132841004377577,0.10353914427589783,4,4,14.75,13.0,7.932002689527196,75.19066653004246,74.66803335170894,37.13608027856722,121.07345410289206,112.99965068485658,53.48349335281307,22.760650278434124,22.84241042580269,12.306944817356909
front,log-0116,5.0,self-supervised,training_window,4.676991188558173,4.336465834051771,1.764074879417901,0.06652698103136521,0.0636514673372167,0.019024732150050457,0.23544151742576291,0.22488852448114652,0.07267335893478576,5.889316217720435,5.324535050798443,2.3980411897389153,10.617436736483151,10.108932823207951,2.6133718681534437,0.4907472177098133,0.4396464928694712,0.16687466886097913,11.708967904845572,11.066134265897752,2.3783935437157266,6.4983595068721245,6.403040791046118,2.220316314788804,5.034248624537204,5.162005441196076,1.13844605933214,4,1.0,0.977338557662194,0.976285329545769,0.007857133444192362,0,0.0,0.26913263183575126,0.25416135795503847,0.10386925910267189,6.750983963560014,5.994408337727132,3.2453594487848574,24.766125487444427,23.6040518549802,6.080320230153002,0.9978644763365154,0.9429489667051808,0.13316725758887907,4,4,24.0,24.5,8.04155872120988,86.80819719051175,87.24831773205543,13.166793059945068,118.91432587937952,118.38471844555342,14.665107271833415,24.628572115514306,25.17883431325441,3.462420658632393
front,log-0122,5.0,self-supervised,training_window,6.770796653455024,7.261870331141822,1.8146375937652124,0.07141942907556224,0.06895743360052678,0.017656238839162647,0.22624510295254174,0.22658577574945105,0.0653483982236205,8.50384305446666,8.443020804390088,1.7884415354228544,13.521503355362542,13.986920194794926,3.6412252361897686,0.40104705796521967,0.4351648578986589,0.1117964685812715,15.104094897456278,15.784153994130763,3.445861437632706,9.17433517321081,9.230213454556152,2.1556081563457914,6.8370443009565705,7.094903513671114,0.7555615844969127,4,1.0,0.9827972099810377,0.9851152402941623,0.012128968311614603,0,0.0,0.2487525505389435,0.2583318867831907,0.05565564019768021,9.399270206737453,9.686011798557615,1.4610740867461525,35.68020073593155,35.071897878556285,7.283038196947776,0.929241648598962,0.9356780694750103,0.15186327236964536,4,4,19.75,16.0,8.220908303425682,119.9855469253594,116.6778954737161,9.115648243508566,154.29286247426109,155.07060364870554,16.393081415646183,38.42759779915243,38.83357605443046,4.879578954353751
front,log-0129,5.0,self-supervised,training_window,5.110947778928318,6.66087491407231,3.356581801846416,0.07549042272661959,0.07992154237758659,0.04790709100819309,0.2381952453746515,0.24456323275375652,0.14876010639027853,6.414779643449285,8.18595692861363,4.019888511395935,8.604316399286391,8.585751316090448,4.421783480009707,0.3851790847601842,0.2822825463454941,0.24348067233206463,9.946764956079265,9.448487984333378,5.801067289438214,8.54433801995451,10.435077080787135,3.7195185525386787,4.9451997781547865,5.931263844988049,3.165772909871674,4,1.0,0.9877200276435832,0.9840613214067375,0.007606850579582636,1,0.25,0.2910481847817606,0.2799114108088699,0.1087619476149405,7.693617862044924,9.369121952259968,3.2444133724131787,26.656162727500426,27.557999810124883,5.751980832389483,1.041278488813932,0.9764841248990165,0.25656576721613517,4,3,13.333333333333334,12.0,4.163331998932265,83.28897593281432,76.38668029578476,16.785226831880156,106.93519518323272,110.84719141049024,17.401328948784013,26.18940448824794,24.09609756823208,6.49385713200478
front,log-0145-filtered-c01,5.0,self-supervised,training_window,2.4725444099474703,2.5401272059695144,0.5938347941543705,0.059199244193525916,0.05480222799724979,0.013319759303068803,0.19530715504454657,0.178403463334243,0.040786833778006994,3.2987407845689223,3.401051287719692,0.8836012107435232,6.416354387718811,7.02207104022464,1.6575061549919228,0.4654573335458174,0.476476342882899,0.2055404891666844,7.204386876191563,7.604612057787673,1.2611713501024127,4.9811834352472495,4.16075040127936,2.5211934432462377,2.7426172996146163,2.743638465789891,0.43427181657433467,4,1.0,0.9858196282861641,0.9893932990868586,0.009409687620453787,0,0.0,0.24866163839399,0.23067302802451947,0.07713350985933884,4.108626494462074,4.089154711472613,1.0715497245804104,17.63844476334504,16.62944960621577,7.412702571219317,0.996118646819253,0.9963167447673906,0.11898253272198181,4,4,20.5,22.5,5.066228051190222,58.97341776400838,56.59743099025455,24.643995592198415,89.04569530134386,85.21181298424352,23.181677235737663,17.538540224522073,17.151588004860507,6.4206858516456755
front,log-0147-filtered-c02,5.0,self-supervised,training_window,4.312362402426728,4.3225647101876765,2.3105458840746804,0.1431845954878708,0.1121216466116442,0.11961080460868374,0.45873222106676514,0.37503536738154414,0.3672525052624984,5.528272409739532,5.110365873603661,3.111081195629342,7.452145419492058,7.09843334495949,4.198955201905368,0.6993470541104249,0.7178553768210285,0.42996134500608024,8.850016392685,9.350767966765872,4.328010630773426,9.249937577294187,5.17762725736178,9.845420430381845,5.4297747657211595,5.263159282279777,2.61546363439369,4,1.0,0.9735470007248737,0.9786231577797587,0.020846058697666977,0,0.0,0.551107564349227,0.39022769890733355,0.5141007227893335,6.460786360579255,5.337658241305019,4.345598843181479,17.1732781374955,18.337198119049763,3.0071299780532703,1.280404323458629,1.2220810204067558,0.4491588447741285,4,4,19.0,20.0,10.677078252031311,46.85668074125654,46.48524748031416,14.448404548469924,71.12221024673497,69.17815063806763,16.6323009831218,14.318072816350126,14.085214416613704,4.109044430052624
front,log-0151-filtered-c01,5.0,self-supervised,training_window,7.512852096845334,4.701980841851578,7.251070839614648,0.1775264515742468,0.1606802723621318,0.1068764657829208,0.6103691340342655,0.5431714145379205,0.35594530231176225,9.91556721710918,6.324367051596539,8.691638083731654,17.26270860124837,10.23094265092745,16.853545850782734,1.125787545477104,0.8935842319725716,0.7410409349570581,19.551707471988028,11.652172686337298,19.186569487561002,13.94952358022279,7.797155955385143,14.954877870643395,9.744857713482387,6.398662663465718,8.944682546422648,4,1.0,0.48772791906196866,0.960531029446192,0.9619192881755545,0,0.0,0.6667276485577938,0.6328891312373939,0.4002480317912856,10.541957082424744,7.0978114440012465,8.930249691947333,11.406307384887983,13.818151056538975,6.984357975041048,0.9156452475182882,0.9871177296531881,0.6821459411733914,4,4,8.0,7.5,4.96655480858378,54.455620299029455,57.440319671626696,19.883219362823976,78.08723466652904,83.53651912361133,18.199089309723696,15.622897452758135,16.120324798043505,5.814989382599197
front,log-0152-filtered-c01,5.0,self-supervised,training_window,5.964792409813869,5.83209823304146,0.8807136831076292,0.2150414181396631,0.21066695963373577,0.08920549953981086,0.6614090230526957,0.6672377952222488,0.25976737039018694,7.602012229594972,7.682815128131875,1.8076199601271643,10.175590362834445,7.218881284528157,6.29249944563175,1.0217724158347505,1.0491144529205285,0.3615930193322061,12.38681220620207,10.182500542458373,5.622361897263401,8.650189819367142,8.681957292540865,2.5698731579944027,7.974602707838212,8.182022347502276,1.8739119192656732,4,1.0,0.9550085995882103,0.9582918467927688,0.016196368916985858,0,0.0,0.9383126453150881,0.9431398626176476,0.5439165036864915,10.115542948863906,9.008434225535115,3.5542214863401957,16.37688230546307,15.043079039275092,6.066683847604158,1.392584686700972,1.5068977244496684,0.5305804556680584,4,4,3.5,3.5,2.3804761428476167,40.94506936876422,44.09962733925902,18.740249607144165,66.13225377550535,66.67060739422635,34.63082340131729,13.133665216075075,13.814436406761374,5.922364932230662
front,log-0155-filtered-c01,5.0,self-supervised,training_window,4.34198792404269,4.5380377444017235,0.660213055222958,0.06337227956442898,0.06448700748127884,0.004828309328571786,0.21126792221813742,0.2065899002766844,0.019669674997171732,5.410983353204229,5.756474678946709,0.8333956651744286,14.020587494609154,13.44165039735359,2.394535335573973,0.5977772875052882,0.5866814476365412,0.1337340030021956,15.045280366663398,14.33733352680528,2.292388694333556,6.6761820667923475,6.4130501073335395,1.4263166124500073,5.349386910995358,5.475079569718573,0.7003758373782898,4,1.0,0.9844713033047853,0.9863138032030859,0.008885098864579007,0,0.0,0.21276129291339352,0.20709597295398327,0.02016442283636414,5.446743261320807,5.7891293307865705,0.8243978900460486,22.362855722028343,22.431013487039124,1.6881648606969104,0.8785565144059865,0.875101383004274,0.05534844356587845,4,4,22.75,22.5,1.707825127659933,85.03494998040819,87.66662213919818,8.17954377069233,111.59968640439429,112.0835134722207,8.298400219530647,25.60950700929626,25.912210631822425,3.3986813088092873
front,log-0078-valid,60.0,self-supervised,full_log,5.2956072640949525,5.326503805480752,0.1057236282755161,0.07581836126681941,0.07605545874502317,0.0009455576404359795,0.2398382622433996,0.24058827907579408,0.0029911079261532468,6.878401427720761,6.899911410333632,0.08578298073574214,5.311277523059816,5.368348082796698,0.17342352719723844,0.2408224947155232,0.2409195878775453,0.001857916819946994,6.906628558697025,6.909413125838348,0.05328381546535972,6.181991519323074,6.285295479711949,0.34357747725884397,6.181991519323074,6.285295479711949,0.34357747725884397,4,1.0,0.9709266504694438,0.970739945375126,0.0007182301314395742,0,0.0,0.2398382622433996,0.24058827907579408,0.0029911079261532468,6.878401427720761,6.899911410333632,0.08578298073574214,27.618502934714982,27.435490688391244,0.44560571769611457,0.9630106383339136,0.9566293098248432,0.01553752017834362,4,4,159.25,162.5,16.00781059358212,90.7221062654512,90.7221062654512,0.0,193.85894322332638,193.85894322332638,0.0,28.679333161362813,28.679333161362813,0.0
front,log-0080-valid,60.0,self-supervised,full_log,6.328842345625269,6.3128915992948365,0.27942104143386687,0.07911417237229247,0.0777173624257033,0.005334795366156317,0.26502388046934017,0.26034471893326017,0.017870984768637518,8.217198324518728,8.0721185744738,0.5540988451240207,7.255286588547515,7.065691324865174,0.8967148891041662,0.30911495760555674,0.3009252816891336,0.047049746283692975,9.584264282983776,9.330339274038897,1.4588009791673087,7.831256603721968,7.7581913311828625,0.6415248016874948,7.831256603721968,7.7581913311828625,0.6415248016874948,4,1.0,0.9661876495140556,0.9679993356394543,0.00494114788067052,0,0.0,0.26502388046934017,0.26034471893326017,0.017870984768637518,8.217198324518728,8.0721185744738,0.5540988451240207,29.663795039475094,29.844237374267664,2.1170353815532756,0.9567268259001525,0.96254651356973,0.0682793465305585,4,4,135.75,130.0,42.57835913544188,103.86506081174115,103.86506081174115,0.0,205.33557480115962,205.33557480115962,0.0,31.00550150411578,31.00550150411578,0.0
front,log-0081,60.0,self-supervised,full_log,8.100964109725574,8.028206768036583,0.5388969821678952,0.14192729907155416,0.13809693283231034,0.00941036460090571,0.48360694454196873,0.47055525029036804,0.03206513265200318,9.921252351474319,9.653495335687339,0.657819901708245,10.718124771710468,11.4921874281294,2.091510029018819,0.6051693158104903,0.635302925686758,0.0966808696679722,12.415118445438047,13.033312934200993,1.9834192133953317,9.245427071897517,8.50779088480302,1.8344930057544526,9.245427071897517,8.50779088480302,1.8344930057544526,4,1.0,0.8951702282487767,0.8955950376716337,0.006037914930093379,0,0.0,0.48360694454196873,0.47055525029036804,0.03206513265200318,9.921252351474319,9.653495335687339,0.657819901708245,22.1222814477303,21.8909570943418,1.091512096246167,1.0783405721601782,1.0670647715074781,0.05320526190605021,4,4,97.0,96.5,54.27706698044764,69.90376352101518,69.90376352101518,0.0,197.4047490481513,197.4047490481513,0.0,20.515115557058188,20.515115557058188,0.0
front,log-0098,60.0,self-supervised,full_log,6.747217989103408,6.766982629882305,0.07088823847475957,0.09843978749186033,0.0977594616114785,0.0025136689995113397,0.32756072210430054,0.3252969216398538,0.008364293072851383,8.92014000533989,8.85849214671602,0.22777659292059974,8.733275734820038,9.378147775996007,1.4388254857626412,0.3990911290996274,0.417101101212277,0.03996771170155704,10.868057450808493,11.358505364419905,1.0884015085222252,9.199542534075562,9.458118705554778,0.5925595928212146,9.199542534075562,9.458118705554778,0.5925595928212146,4,1.0,0.9484694480465938,0.9500021457293912,0.003964406181318577,0,0.0,0.32756072210430054,0.3252969216398538,0.008364293072851383,8.92014000533989,8.85849214671602,0.22777659292059974,24.404998261822062,23.486938571791715,1.9397397649350112,0.8961875989402734,0.862475090524355,0.07123011048214234,4,4,135.25,130.5,16.560495161679196,90.61518957542924,90.61518957542924,0.0,199.7034809556106,199.7034809556106,0.0,27.23201960245886,27.23201960245886,0.0
front,log-0099,60.0,self-supervised,full_log,10.410943461979851,10.457083495690894,0.45514650032693044,0.18863894073503643,0.18972255224861428,0.00842678649425196,0.627632362948818,0.6312377142730745,0.02803728593282021,12.43581900365377,12.507254925635845,0.5555268239771652,10.366609203137951,10.413798528907645,0.1911777811678906,0.635498262656286,0.6342779695784745,0.026170961707301887,12.591672829615483,12.567494114904571,0.5185477393397259,10.30100035169849,10.531316151332158,0.8281253703699574,10.30100035169849,10.531316151332158,0.8281253703699574,4,1.0,0.8627261984038188,0.8623833839105353,0.0011199813848715185,0,0.0,0.627632362948818,0.6312377142730745,0.02803728593282021,12.43581900365377,12.507254925635845,0.5555268239771652,24.429561909393318,24.621798838832667,0.9516810500471963,1.23295326688914,1.242655411816997,0.04803108070640457,4,4,102.25,104.5,12.065791865158845,65.92392299912883,65.92392299912883,0.0,187.74146730164688,187.74146730164688,0.0,19.813858777495643,19.813858777495643,0.0
front,log-0113,60.0,self-supervised,full_log,4.408091968455709,4.357746097067594,0.27137590969429454,0.06535456638109877,0.06349871627892056,0.004763916275073235,0.22875112864177607,0.2222553651630974,0.016674446561596282,5.957260241073347,5.788094065864883,0.4342449286834191,10.764692713962756,10.372410902421407,1.1393075961998975,0.46096499540701846,0.44058425683118807,0.04995446531939596,12.004698975562913,11.473932791708856,1.3009411226877188,6.593156312413228,6.599585603655284,0.5103369749743092,6.593156312413228,6.599585603655284,0.5103369749743092,4,1.0,0.9743992768292831,0.9750381885934523,0.0021626477823370764,0,0.0,0.22875112864177607,0.2222553651630974,0.016674446561596282,5.957260241073347,5.788094065864883,0.4342449286834191,25.933605023541215,25.532912420297308,1.1319979679149377,0.9958170667085424,0.9804309862753768,0.043467265538509325,4,4,99.75,103.0,10.90489186863706,91.152930406348,91.152930406348,0.0,196.08948725647684,196.08948725647684,0.0,26.042539227871565,26.042539227871565,0.0
front,log-0115,60.0,self-supervised,full_log,5.284154983306473,5.387864391538809,0.4470579475347216,0.09110099959058321,0.0941417225224494,0.008624547323696148,0.314051777181843,0.3245340380237851,0.029731335842287022,7.639027525028563,7.893999109060582,0.7231880516428096,5.995433467874139,5.223303997537883,1.6204251324651102,0.3830292997979027,0.3656359561202096,0.03718115307863202,9.316843834812607,8.893766365554264,0.9043981674891521,7.712269527896407,8.040152039297705,0.8741761469406494,7.712269527896407,8.040152039297705,0.8741761469406494,4,1.0,0.9705103813458497,0.9700130284080473,0.0010505025864646828,0,0.0,0.314051777181843,0.3245340380237851,0.029731335842287022,7.639027525028563,7.893999109060582,0.7231880516428096,28.456123979681863,28.819131770892064,1.0400881526159413,1.169873557628336,1.1847973475462146,0.04275957007414962,4,4,75.25,79.5,17.839562774911272,83.85229096671934,83.85229096671934,0.0,194.67735718346603,194.67735718346603,0.0,24.324102202438407,24.324102202438407,0.0
front,log-0116,60.0,self-supervised,full_log,5.632934447544161,5.828859770282092,0.5771865650030309,0.07307931780491239,0.07488453170982326,0.006228273854605492,0.23534427019137216,0.24115777203774552,0.020057502025088745,7.614214495173302,7.802301717311228,0.648930702804922,9.432954741189473,9.130082348603924,0.6298308608908905,0.3274409495716768,0.31808306044437995,0.019327175018626304,10.593865839667991,10.291105228673093,0.6253020566759934,7.059503135920286,7.176505985694441,0.5597669866004411,7.059503135920286,7.176505985694441,0.5597669866004411,4,1.0,0.979227832629131,0.979378662602155,0.0003314640748405994,0,0.0,0.23534427019137216,0.24115777203774552,0.020057502025088745,7.614214495173302,7.802301717311228,0.648930702804922,35.34560916693097,35.95540758711701,1.5583247769773658,1.0924812532052939,1.1113292334209168,0.04816554716068899,4,4,132.25,127.5,13.573871960498227,104.19109980609964,104.19109980609964,0.0,215.69220856612964,215.69220856612964,0.0,32.353515507225815,32.353515507225815,0.0
front,log-0122,60.0,self-supervised,full_log,5.951915574209625,5.988912764535739,0.41172299397370987,0.0708434717070342,0.07137343588235379,0.004515672885205393,0.2298516623445668,0.23157113124897083,0.014651101848325793,7.634286928495406,7.691397322420546,0.48662130257320046,12.034810526222806,11.983661604678744,5.601249922914643,0.42211243761826917,0.4198532401846641,0.1506450610458987,14.020031145276853,13.944994222505303,5.0035210041728995,6.977911611520426,7.03610867868529,0.3621886135853305,6.977911611520426,7.03610867868529,0.3621886135853305,4,1.0,0.9780712155249549,0.9778361188651672,0.0010933615702991009,0,0.0,0.2298516623445668,0.23157113124897083,0.014651101848325793,7.634286928495406,7.691397322420546,0.48662130257320046,35.6665203373776,35.73507240433127,0.7735367480626892,1.0738408270971593,1.0759047797222099,0.023289497642952777,4,4,67.75,67.5,13.81725973797506,107.76274432266965,107.76274432266965,0.0,208.61012873759907,208.61012873759907,0.0,33.213973093007155,33.213973093007155,0.0
front,log-0129,60.0,self-supervised,full_log,5.61681913347446,5.576154547177363,0.4819782577879008,0.0774917484479384,0.07668773596062298,0.008194476024269941,0.26066968590557293,0.25796511817119705,0.027564889606823944,8.391668198033683,8.304600785621902,0.887388983081398,7.836489573051454,7.677050470722277,0.7473630310867223,0.34548575843975116,0.3388767525268688,0.0416563098290863,11.122128919212482,10.909366991997663,1.3410302361234714,8.784517627698204,8.696838809132078,0.9468424736734817,8.784517627698204,8.696838809132078,0.9468424736734817,4,1.0,0.9715644751205975,0.9711394459528729,0.0029188380118024574,0,0.0,0.26066968590557293,0.25796511817119705,0.027564889606823944,8.391668198033683,8.304600785621902,0.887388983081398,34.66766422215537,34.57366820301223,1.2981663572743047,1.0768787481357514,1.0739589576711857,0.04032483275294008,4,4,190.75,170.0,43.55360681581569,108.29111958509354,108.29111958509354,0.0,210.7056267839625,210.7056267839625,0.0,32.19272762339365,32.19272762339365,0.0
front,log-0145-filtered-c01,60.0,self-supervised,full_log,4.645812368031965,4.526344043567155,0.4621204364505654,0.10138509038432814,0.09977303092369902,0.008430932588746838,0.3445902595700328,0.33911115030579353,0.0286552710873038,6.067062682009711,5.970594199733983,0.5045218807797429,5.449527419116242,5.439938964591923,0.18776421047516823,0.36966727342191297,0.3674556858218387,0.011635407710308607,6.508583620839561,6.469645083769046,0.20485996324232864,5.824082314165194,5.425870927146001,1.4986897609592171,5.15787769380448,5.159349486224495,0.5221000297747322,4,1.0,0.9607026425470515,0.9604835113670855,0.001608462569783631,0,0.0,0.3445902595700328,0.33911115030579353,0.0286552710873038,6.067062682009711,5.970594199733983,0.5045218807797429,20.46606298134407,20.419466854205233,0.8144219710865723,1.1624086192532772,1.159762104393073,0.04625663078254155,4,4,61.25,60.5,11.176612486199325,59.841764297006954,59.841764297006954,0.0,126.23251970541182,126.23251970541182,0.0,17.606599471441736,17.606599471441736,0.0
front,log-0147-filtered-c02,60.0,self-supervised,full_log,5.432971557921491,3.6556356272864594,3.73924893074988,0.13866022099160302,0.09195096546148786,0.10454964923326665,0.48279782303352375,0.3201619443064747,0.3640290105393414,8.479667399029106,5.6231960295249195,6.393659593525002,14.415056483286818,10.110240587039417,12.936194437400145,0.9117704219886213,0.6283313165928242,0.7946266893228865,16.013970142112825,11.035759332185815,13.956504587183765,22.888885944536852,10.187395112906913,28.428577150004795,13.276485356463443,6.071635898985449,14.590452621780596,4,1.0,0.9580098499607235,0.9579753818992818,0.005330036030934671,0,0.0,0.48279782303352375,0.3201619443064747,0.3640290105393414,8.479667399029106,5.6231960295249195,6.393659593525002,22.335710479897376,19.23620955959439,7.821506872059687,1.2717046421934197,1.0952316478653614,0.44532483563028974,4,4,68.0,66.0,20.54263858417414,61.15429023831297,61.15429023831297,0.0,143.8427936441168,143.8427936441168,0.0,17.563599077041214,17.563599077041214,0.0
front,log-0151-filtered-c01,60.0,self-supervised,full_log,3.639284507662646,3.637708708345669,0.19920143376214955,0.09337177034058311,0.09148271030417227,0.01323613393729373,0.3084894231097363,0.3022481893971658,0.04373064050970683,5.943361009911525,5.8231173246431265,0.8425150565093913,4.591890045711368,4.692588368740283,0.6261915811130847,0.35918598446495603,0.36458551445268383,0.02131442811064136,6.920081582882412,7.024108993862702,0.41064403344644185,10.477128307244616,10.114634955532583,5.043242309847654,6.116401547602349,6.049775945825799,0.450815547067248,4,1.0,0.9619439497440654,0.9637372714797945,0.003750585814427427,0,0.0,0.3084894231097363,0.3022481893971658,0.04373064050970683,5.943361009911525,5.8231173246431265,0.8425150565093913,21.01508030951779,21.069577226949512,1.57859273317405,1.0907851618766853,1.0936138176813275,0.08193666189382864,4,4,63.5,60.5,14.479871085982314,63.65265420407588,63.65265420407588,0.0,164.33409863644093,164.33409863644093,0.0,19.26601226712834,19.26601226712834,0.0
front,log-0152-filtered-c01,60.0,self-supervised,full_log,4.557444497668184,4.396601075422999,1.1794735969713235,0.10398835434431539,0.10451655786125305,0.026259167321490463,0.3628613905362294,0.3647045263743782,0.09162985633035381,6.5303073879248625,6.563477749651762,1.6490349851339714,11.47765288118709,7.372407450158464,10.313033003534677,0.7411992314336766,0.4999803442396297,0.543557888857665,13.339139801571969,8.997995986787902,9.78224796009992,8.592513846325641,8.485731302526354,3.6380294776962336,8.592513846325641,8.485731302526354,3.6380294776962336,4,1.0,0.9557350675903935,0.9667443528806565,0.022556270041931302,0,0.0,0.3628613905362294,0.3647045263743782,0.09162985633035381,6.5303073879248625,6.563477749651762,1.6490349851339714,18.456568920442557,19.32651184805106,4.860985641355277,1.0255529893406294,1.0738920156141676,0.270104285207212,4,4,70.25,72.5,12.284814474246922,62.798449202325,62.798449202325,0.0,120.36651931469572,120.36651931469572,0.0,17.996699451199543,17.996699451199543,0.0
front,log-0155-filtered-c01,60.0,self-supervised,full_log,4.150429202086836,4.1563202486010065,0.07123801411818496,0.05972328103097436,0.05971056462565873,0.0028302306565290833,0.1976041922964739,0.1975621180005221,0.009364278606965624,5.240047925185618,5.238932203273832,0.24832099013197823,13.034093629944536,13.318545025341628,1.9913246191513236,0.5278955827251105,0.5378073607987494,0.07311606178682312,13.998681509869607,14.261521035317259,1.9388843091393384,5.510724213504409,5.5750276823547384,1.0170259898924787,5.510724213504409,5.5750276823547384,1.0170259898924787,4,1.0,0.9807420607387349,0.98055286206111,0.0019190101230219506,0,0.0,0.1976041922964739,0.1975621180005221,0.009364278606965624,5.240047925185618,5.238932203273832,0.24832099013197823,26.749184058035183,26.80904304302488,0.42138999958581075,1.0087218639685482,1.0109791689683219,0.015890776515563258,4,4,53.0,53.5,2.160246899469287,87.73878184066888,87.73878184066888,0.0,168.93012807396792,168.93012807396792,0.0,26.51789855411444,26.51789855411444,0.0
front,log-0078-valid,60.0,self-supervised,full_log_excluding_training,4.9665221617409285,4.938941987259135,0.13283239806268612,0.07482481768573379,0.07433145315128592,0.004804011206352062,0.2348018810260659,0.2351095519878888,0.016207644690182717,6.478475957551583,6.43711832053053,0.26171523963565485,5.01803699119545,5.03383590399708,0.11818328799874073,0.23737862669247553,0.2395937079618457,0.01615988312865255,6.549155110726294,6.525322142315376,0.24019707076254082,5.897068985199941,6.020197874363248,0.37746910176105675,6.020030098854278,6.082162449350602,0.20466930361023766,4,1.0,0.9721838245207638,0.9722131622459572,0.004107562034859175,0,0.0,0.2353319606902609,0.23610051301985885,0.01586014943582273,6.493183858683329,6.441188189402,0.24737003953986764,26.565955997651542,26.3173323399067,0.6012544966521771,0.9616564454267172,0.9575040954754661,0.018893939149426987,4,4,159.25,162.5,16.00781059358212,86.68575199182887,86.51360879762457,2.300694798055305,188.78270765806005,193.49661725449874,9.675402136749904,27.636582929859358,27.455351016917408,0.969642054311876
front,log-0080-valid,60.0,self-supervised,full_log_excluding_training,6.113130918098642,6.2430153119252365,0.45911529992121997,0.07791244636036919,0.07953720925752301,0.010119061204312944,0.25995230473894754,0.26542097961235384,0.03358442965587894,7.92294619750535,8.172848138422992,0.7394580355941062,7.123269108075187,7.177980074187656,1.2397368678466887,0.3062792877664656,0.30560797037921755,0.07525342409893929,9.288590192425728,9.367144971149948,1.8415180339317712,7.838464560829523,7.919486654449134,0.804027014594182,7.838464560829523,7.919486654449134,0.804027014594182,4,1.0,0.9675917479264732,0.9668328157518693,0.00971625651190775,0,0.0,0.2609730682641836,0.2658117816037848,0.032277476885402584,7.955189903798078,8.185144168228383,0.6957196650135024,28.919539794425756,29.08820669707309,0.685355172540266,0.9475220349207824,0.9514895042257777,0.06741612882676003,4,4,135.75,130.0,42.57835913544188,102.10895128948493,102.6802949364506,5.086307433415549,205.1944184428011,205.33557480115962,0.28231271671705827,30.601887172897513,30.715925818977368,1.5310758959675084
front,log-0081,60.0,self-supervised,full_log_excluding_training,7.990997260403809,8.259090816664724,0.7324968426674824,0.14107958875068868,0.14006621663802715,0.01201484245454003,0.48091319478494116,0.47832083733173314,0.039721061993623775,9.841055138893,9.788925595570568,0.6523885574573143,10.626977368498872,11.53095480712484,2.2201532011049587,0.6028085604153347,0.6441449610459239,0.10880434894348082,12.328096856698808,13.056547452787914,2.119618702920339,9.107760770020318,8.430115287561247,1.5756223005089314,9.107760770020318,8.430115287561247,1.5756223005089314,4,1.0,0.8959206755368802,0.8917730011205676,0.011428619433842893,0,0.0,0.4818411028624198,0.4785080075829844,0.039147544359897195,9.860241710472257,9.792755408922906,0.6405172616386997,22.052957585447697,21.94860345646515,0.8500467306018188,1.0770250825903873,1.061533112686421,0.05184098382188897,4,4,97.0,96.5,54.27706698044764,69.83847511686461,69.8900216021517,1.3043518146215964,197.4047490481513,197.4047490481513,0.0,20.483931766673205,20.465558657231743,0.33753419020716124
front,log-0098,60.0,self-supervised,full_log_excluding_training,6.783757106144718,6.827095889076007,0.11408891484930278,0.10023081061581865,0.09906632062094489,0.0025647337698903355,0.33358839524411765,0.33147798534341366,0.005287948956147356,9.032564163234444,8.941867444437959,0.3458121785626235,8.723873605963092,9.25404271306504,1.352030996870863,0.400826624494008,0.41808948336309815,0.03957653013160487,10.835536267723036,11.148086337174181,0.90498278711961,9.216914717229459,9.433985706870399,0.5308502869467365,9.216914717229459,9.433985706870399,0.5308502869467365,4,1.0,0.9455156938900904,0.9467117369333247,0.0025249162831553567,0,0.0,0.33372519393200795,0.33168098236551535,0.005205344355767843,9.03621054551099,8.945456750197259,0.34295008403004135,24.459448091491065,23.596352468352194,2.337041273346289,0.9024979445691264,0.8723248742066951,0.06536319186076968,4,4,135.25,130.5,16.560495161679196,90.10003484643956,90.42718408881201,1.4908383844869462,193.44759563531204,198.68489515822415,11.163987054381584,27.070918430666275,27.049986834866672,0.6610099168800468
front,log-0099,60.0,self-supervised,full_log_excluding_training,10.541559374706715,10.606945130554555,0.3827708700825945,0.18792530751310302,0.1890017926360145,0.009260359501732585,0.6258443083511639,0.6296776888338114,0.02892365773814491,12.536687835983102,12.62346516165101,0.4959346387580787,10.424585936021993,10.42503079809006,0.12970877163901598,0.6346403140983845,0.6358638692409694,0.031097360115184425,12.712659061900087,12.747524084148445,0.5360432595682563,10.422154933979908,10.676997390955561,0.8416848774985256,10.422154933979908,10.676997390955561,0.8416848774985256,4,1.0,0.8651604260611624,0.8652239021932817,0.0014331310299391805,0,0.0,0.6264170806106857,0.6302771093535596,0.028734755708516163,12.548182629914558,12.635477088014081,0.4920620796260479,24.799244425372162,25.053405488828055,0.8356888816959932,1.2379527010754883,1.2496922877930676,0.04943282122226687,4,4,102.25,104.5,12.065791865158845,66.73566831865344,66.79439879734852,0.7134291997570167,187.74146730164688,187.74146730164688,0.0,20.036362627658157,20.0480436289304,0.14443977661794222
front,log-0113,60.0,self-supervised,full_log_excluding_training,4.5714608838925574,4.550550204244471,0.1044824524354013,0.06691475661220152,0.06329053765499554,0.008926499451864068,0.22994517339162854,0.21810947622257199,0.02913418879393299,6.121091739781612,6.045503822414214,0.1936174944188665,10.431865265777073,9.967788126363965,1.2402377449363318,0.4431743674873855,0.40002070803099365,0.0938551362817071,11.736446162673781,11.1915104301995,1.3341361484235377,6.692706591946899,6.680970457305042,0.5067958196167417,6.692706591946899,6.680970457305042,0.5067958196167417,4,1.0,0.9745136855604155,0.9760336123742785,0.004253582800674716,0,0.0,0.23053513942011739,0.2188475837638364,0.028785776968816932,6.137528602131267,6.0660129132761815,0.18361181260637432,26.610234079105386,26.62995758658804,1.232279015913107,0.9947688901845493,0.974205818081672,0.057276787604147825,4,4,99.75,103.0,10.90489186863706,92.32372337145571,95.60130016757375,8.481714877827203,194.46691457816982,196.08948725647684,3.245145356614074,26.839532013682174,27.733640548645468,2.314487056991882
front,log-0115,60.0,self-supervised,full_log_excluding_training,5.627978349761371,5.794027011890515,0.5579470276940772,0.09256625675763588,0.0930039260239777,0.004635533263493595,0.32144884954784514,0.32499916871103984,0.018827584112798834,8.136766594280648,8.454376272310364,0.8377572169127835,6.337318930653552,5.900333316968584,1.118029884543834,0.39320561957675737,0.37501822242255123,0.04014181954317109,9.895274007905861,9.756570785945836,0.4559899563043093,8.207701495077831,8.54252527419931,0.9117126296836607,8.207701495077831,8.54252527419931,0.9117126296836607,4,1.0,0.9703770691878009,0.9705280209290126,0.0012473333185141137,0,0.0,0.32248976100056975,0.3263869229695352,0.018726735737656847,8.163406887497374,8.490581432416697,0.8413010816600963,29.874726092349736,31.001672927495868,2.3616926375540928,1.1811188568937996,1.1919142392171773,0.03377910154610695,4,4,75.25,79.5,17.839562774911272,87.76516858386454,90.1456039679172,5.8251235541947315,189.7154480974209,189.35707391563477,3.781480990570812,25.26784132856682,25.83289748357603,1.3745131363370016
front,log-0116,60.0,self-supervised,full_log_excluding_training,5.859942033050125,6.188632202975256,0.9444768756781906,0.07290596123446584,0.07564324618334994,0.009847112968128735,0.23279619983605865,0.24129290985758878,0.029284114895167607,7.729533485385874,8.11799529620195,1.1132237039104025,9.476512110119636,9.046153697812468,0.9181023794030811,0.32252227086927504,0.30690303332950186,0.033084589198791474,10.668571475684594,10.280476785962136,0.8252487657636368,6.913274990622059,7.239338640655626,0.9357291942943063,6.913274990622059,7.239338640655626,0.9357291942943063,4,1.0,0.9802750159307554,0.980094670509241,0.0014370862094179751,0,0.0,0.23358528657731306,0.24160304855263987,0.02874439991220473,7.755287193131755,8.128421488831815,1.095413812280944,36.33798150775326,37.58769082381354,2.6326637716016217,1.0956518542757687,1.1172386436856336,0.05600874704205634,4,4,132.25,127.5,13.573871960498227,105.90706567153093,106.24422748915433,1.748990758686004,211.9088010624829,211.00382937808234,2.5720731281274416,33.13762634280483,33.42787871664933,0.7880351290820347
front,log-0122,60.0,self-supervised,full_log_excluding_training,5.891898837749324,5.950869625055295,0.5195579248951872,0.07041433847520909,0.07074394615685103,0.007031497994514296,0.230059415590744,0.23061359526090805,0.025447329623017767,7.585329894469583,7.661103611194953,0.6629430756608022,11.87366257379222,11.58644859300551,5.5890747977194986,0.41797076495368124,0.41074810514277615,0.1398256608343603,13.877506488943183,13.590919205030024,4.899894246258719,6.989483473253037,7.024992901429068,0.5028352648652158,6.989483473253037,7.024992901429068,0.5028352648652158,4,1.0,0.9777475404163579,0.9777459658938208,0.0033289665260461754,0,0.0,0.23063904299734606,0.23091958776409083,0.024793696695173617,7.604832027284839,7.671320506885634,0.6403050103728551,35.388544106627734,35.32530118182311,0.46080300619892833,1.071616294718968,1.072426528686351,0.02510160176464223,4,4,67.75,67.5,13.81725973797506,107.82645156342764,108.21246550448575,1.5235548869745346,208.3172371965101,208.61012873759907,0.5857830821779828,33.03644806267136,33.23566039593988,0.8466604760034283
front,log-0129,60.0,self-supervised,full_log_excluding_training,5.6953025907547,5.517826526472138,0.6273793332860447,0.07885073407692897,0.07717853916252712,0.00914002972655271,0.266017167534007,0.2619617445965932,0.02838859561194548,8.48872471175211,8.252815676134901,0.995672564933146,7.91386835585631,7.590211910726449,1.018009669857937,0.3525067401559399,0.34563214362237404,0.04660011417773639,11.250299005273646,10.827739656440963,1.6082703331655175,8.848298882346391,8.720366819532511,0.899481554691429,8.848298882346391,8.720366819532511,0.899481554691429,4,1.0,0.9701651873719421,0.9702543517760458,0.00283333543229419,0,0.0,0.26617394555004753,0.26198568837186575,0.02861200139667054,8.493845458218862,8.253563814694903,1.0038904255575192,34.291937278781106,33.47871837370993,1.9470050249366186,1.074882482597081,1.063134039980969,0.044376145038093055,4,4,190.75,170.0,43.55360681581569,107.65132086241144,107.89689880709122,0.9319221292414346,208.2981424162138,210.7056267839625,4.814968735497331,31.892320033516768,31.876950600655412,0.7429451148866165
front,log-0145-filtered-c01,60.0,self-supervised,full_log_excluding_training,4.464841785287884,4.369961759220251,0.31447293144973765,0.09708125951810086,0.09583957003692119,0.0059397861213463165,0.3332366462034981,0.3283297975600714,0.019504878358430917,5.852658856614497,5.809250349054951,0.37068856343495143,5.3607512249874,5.27085782862952,0.2360830217760697,0.3614599554982376,0.35878206287947406,0.011239360951673482,6.346592814197861,6.33596422985547,0.18440637519960415,5.5594960921661105,4.98665458371547,1.609884624697274,4.9908717760538766,4.918938123556844,0.46124346047571607,4,1.0,0.963107662985332,0.9637986102489622,0.0019105036305239527,0,0.0,0.3335192019715457,0.328342314911383,0.01984337798957954,5.857598600756159,5.809473548814142,0.3756971950939225,20.32725747777274,20.351092213747577,0.8451524440754589,1.1574357935193,1.1543499428520514,0.040556340571468404,4,4,61.25,60.5,11.176612486199325,60.28090016333776,60.217549942063,0.45247736283788903,126.00934567721022,126.00934567721022,0.25769917051665114,17.560073158215374,17.49485297117257,0.22637197676698223
front,log-0147-filtered-c02,60.0,self-supervised,full_log_excluding_training,5.429472641750687,3.674814067396949,3.679936421616452,0.14147036066357377,0.09443801029737625,0.1037348657276976,0.48748869222271607,0.3251420407841068,0.3587957293356855,8.426883501876413,5.649165847170843,6.23728592469464,14.490085005680172,10.11398427117267,13.012158768817034,0.9299809696884874,0.6389625230349774,0.8061782863309662,16.073969114886467,11.049877732165896,13.98850866182019,23.67016479152307,10.498538732583091,29.329809023834066,13.27170220149953,6.080757840137213,14.49628938883071,4,1.0,0.9570662144770091,0.9569620184900465,0.004058717052582599,0,0.0,0.48759866567924687,0.32526163272592457,0.3588149154112119,8.428768246818116,5.651209089272388,6.237617103938085,21.990449174270484,18.975240337291645,7.837053202164343,1.2730675480114413,1.0916877717351876,0.44587987909807003,4,4,68.0,66.0,20.54263858417414,59.361499638920165,58.92754104231108,1.8840562467300208,143.8427936441168,143.8427936441168,0.0,17.24573913229801,17.147336989107544,0.38986454301877677
front,log-0151-filtered-c01,60.0,self-supervised,full_log_excluding_training,3.2637477242215382,3.1857229490085093,1.2168697155190284,0.07268238021478073,0.07277136741163032,0.014355722644689282,0.24867908592740617,0.2481766963303103,0.041727695252459805,4.751125916687799,4.790896511842617,1.77245638015048,4.817575700142135,4.955969589110556,1.8727794744802764,0.33427028319332514,0.3444183945443966,0.08132933962788257,6.416675843132213,6.369150980496416,2.7515832997021756,5.585680377696755,6.10979945657537,1.4506795336798022,4.456218651808329,4.53472470173589,1.7521161138667574,4,1.0,0.9714724624835034,0.9720826793184894,0.010741139441146404,0,0.0,0.2597396690330373,0.2524158969849042,0.040849579295833806,4.947633776774937,4.864532954925753,1.7932539537737138,19.545727165833785,19.951905081506695,4.078741786322134,1.0529233416798487,1.053494782951713,0.025319737193968836,4,4,63.5,60.5,14.479871085982314,63.61718358297041,64.88690007942841,12.191134746575068,126.40477793968506,128.09663909209456,22.488612072127644,18.606580180316694,19.04769755974531,4.128679221827492
front,log-0152-filtered-c01,60.0,self-supervised,full_log_excluding_training,4.643326717624478,4.551486461787636,1.1614776071744837,0.1061350665119764,0.10637092347549502,0.02814944097167132,0.37237477924012397,0.3719474512997513,0.1001819273628837,6.639215694093799,6.631989719731525,1.821790610430779,11.566575869939072,7.2923042402875975,10.246111767414893,0.7684001866495713,0.4951728539060085,0.5918369959168971,13.453109230116443,9.501676247591423,9.693318470977449,8.478278097731682,8.693433515203852,3.6973830974840194,6.78043946525691,6.791718762858666,2.0504537224590216,4,1.0,0.9527160905417177,0.9651359496631624,0.02749877121926791,0,0.0,0.37241168177462436,0.37198081854584,0.10016044967397408,6.6399045993234385,6.6321971179728045,1.8215563287702923,18.494324626905026,18.76666786870391,5.825570514173766,1.027766285285419,1.0746294940294956,0.27907827828629883,4,4,70.25,72.5,12.284814474246922,62.70805436398831,63.145743017093295,6.420743298117269,114.49909619997123,115.10977297533503,5.33614282879182,17.866847421367893,17.91367223134945,1.593919994306986
front,log-0155-filtered-c01,60.0,self-supervised,full_log_excluding_training,4.252616188692597,4.256646330619535,0.12887557807662187,0.06292424570255198,0.06262556869967709,0.005938231453718536,0.20830290232155738,0.20872019651774973,0.02246769905520472,5.3109450641021905,5.312450514184731,0.33926189187964123,13.421512162522578,13.723670497179992,2.2306822364027905,0.5659553491954683,0.5769044234517322,0.11069628691778602,14.386323835801697,14.668202344539896,2.1985404066737044,5.806463828407248,5.824757491486884,1.4714892975495066,4.7176654610305055,4.783108758641591,0.1825922908310737,4,1.0,0.9785096747808174,0.9782417787855928,0.004785792164108634,0,0.0,0.2090199560959778,0.20936835367523027,0.02310574504352183,5.328732898950389,5.328780203187339,0.3544039833373131,25.89547188067782,25.593765976796675,1.3363430830563878,1.0118474344532165,1.0114194807664303,0.014745009775301752,4,4,53.0,53.5,2.160246899469287,84.58589436413287,84.94850849215001,2.624771740766637,157.06618010319335,157.06510798242215,12.192026978656996,25.588617141833748,25.507104709761443,1.1533450519539654
front,log-0078-valid,60.0,self-supervised,training_window,5.789576472129262,5.784028129896024,0.3516283059777216,0.07715345833028464,0.07715399398024839,0.008015232574849205,0.25212404839431224,0.25060086592721925,0.021080569604754358,7.395429267494182,7.385911406269447,0.4172560197055887,5.7676631459101975,5.7929661796860765,0.34980836862885545,0.25281014307209176,0.25157381745088325,0.021140289457057787,7.415677477785052,7.389683078310462,0.42195157697018376,6.695364651007316,6.768418712164264,0.277906377633669,6.703232975460951,6.768418712164264,0.2875337058549584,4,1.0,0.9677935163120173,0.968078842408423,0.005694870060952804,0,0.0,0.253115780856787,0.2522845927731157,0.021822447359969528,7.4244402624989005,7.38998780364957,0.446465533253363,28.164370229255503,27.879795837352333,0.8094952255055942,0.9587127266195173,0.9627212958230976,0.022531666984399276,4,4,159.25,162.5,16.00781059358212,96.2126596977096,95.975611624105,4.636831631967034,186.13937866591203,188.57228523903035,8.215206307878535,29.384507521492512,29.60740673351735,0.8846123020140033
front,log-0080-valid,60.0,self-supervised,training_window,6.692543026242076,6.592565369298905,1.3619460046309013,0.08864466597334776,0.09174684953940075,0.01766496529513404,0.2863130662472163,0.3008856217657079,0.0615320073968494,8.578692815697886,8.061536150267298,1.9531879898640228,7.953390024888972,7.509072388342744,2.0320387351770086,0.35887754216919543,0.3461408305744194,0.10739591954206239,10.635947928787553,10.413589699083792,2.538108544231401,7.023595621595009,7.434941058669899,1.2637608678779302,6.918342740190404,6.996617947549757,1.305149171044697,4,1.0,0.9598546590567374,0.9586618387418813,0.01698065705121748,0,0.0,0.31241073961198046,0.31466108602195975,0.0850852944488708,9.277270633230046,9.29918947137041,2.126994262969133,30.94445037656118,31.325360024292642,7.750450888102131,1.0092248543983884,1.0123801829853696,0.0761394410505041,4,4,135.75,130.0,42.57835913544188,97.09720694962041,98.80682324833539,11.923304596171784,172.40081437389742,175.83986804313625,9.189639813422046,30.365703498600773,30.757519566920582,5.501810268176314
front,log-0081,60.0,self-supervised,training_window,5.439509585529885,4.514523027971041,1.927919732359025,0.10149751499378794,0.1006223819774544,0.025894297106668723,0.33673877475595904,0.3350249173207923,0.08487994026186457,6.858200168005279,5.682104135939322,2.466127673546755,11.915293651546946,12.78139780835088,2.4087213475245526,0.6858041552510911,0.6913922617519607,0.21049235663893162,13.31800822154058,13.929788505238324,1.822909124405532,8.04086570054,7.656604816587486,1.7757245577207237,6.656257680816868,5.856145663302971,1.685310958453325,4,1.0,0.9459093824218259,0.9463484873768224,0.02192908926167753,0,0.0,0.5336997561739039,0.41919256306205044,0.317656421268221,10.124316591981493,10.02868151856234,4.05378989714247,20.8765826363686,20.02181652635545,5.451373679897867,1.019217059792437,1.010539247044502,0.085312017466886,4,4,97.0,96.5,54.27706698044764,68.30392852666503,70.3314202873448,17.25205747061366,151.29053671708652,157.30598858985306,19.338908330174384,20.469847255945407,21.140298056413165,4.653489762287707
front,log-0098,60.0,self-supervised,training_window,6.651445557432977,6.5723747294677235,0.49447774665581384,0.09284041460440641,0.0920511070129693,0.00373912684269789,0.3095432333258491,0.3063216466617794,0.02003241469458057,8.50899803777352,8.205202730894525,0.6810888947959459,8.76102141707689,9.422798001763336,1.7949216850857805,0.39511399623482485,0.4151088433180996,0.04109720607739554,10.929726714468664,11.501587802141561,1.8023397879033405,9.207003820465246,9.530806653274567,0.75410987693284,9.393536933538446,9.530806653274567,0.38464195228134473,4,1.0,0.9574237201743246,0.9597690413696311,0.009412510859075011,0,0.0,0.3106583020928734,0.30789236237578277,0.019678356425089864,8.54092522321801,8.22137330396836,0.6970787382916164,24.122851005516505,24.09669278024861,1.1465445543877433,0.880536381259212,0.8376704896906237,0.08784601738602241,4,4,135.25,130.5,16.560495161679196,91.56896399971997,90.30811653289662,4.233681159679286,166.76795012159397,157.56232157283785,22.09970522312246,27.525074406757284,27.68914348745453,2.0179406854037976
front,log-0099,60.0,self-supervised,training_window,7.401401123047146,7.220198054802865,1.7153610666479187,0.16905140610945799,0.16797241343409652,0.012707773766438075,0.5646971937497538,0.5645147221605206,0.057180095787200895,9.900932832056782,9.788123965807456,1.8892290562232967,9.800273150748996,10.089784544421281,0.9989192059851673,0.6517795889126374,0.6319430344647086,0.06221739829690595,11.31254043423699,11.460125425885568,0.9917208456930597,8.035359201760958,8.066696864951123,1.4846971257346973,8.744021558843299,8.815138056418599,1.6674019140104286,4,1.0,0.8647567847956696,0.8614131864874737,0.012700905097293044,0,0.0,0.644936638626677,0.6437955842624591,0.01654759397313952,11.25271351012341,11.16464213595546,1.3276555469883609,19.546740443771846,19.203246789625346,3.050688160279626,1.1175434538535995,1.1078156740505625,0.07302764415516007,4,4,102.25,104.5,12.065791865158845,58.2181533662999,58.299953440018136,7.094264396368619,129.97067153478375,129.87806115926423,13.976082108559464,17.41691294929544,17.332212880018112,1.6071567604901786
front,log-0113,60.0,self-supervised,training_window,3.683623903705315,3.323770337928419,1.0807391103823338,0.07241590973013169,0.07219463008612065,0.01025180239373305,0.23438013606087402,0.2327171612390283,0.01904325091944848,4.964348933902514,4.404512586549815,1.525011491635737,11.889150247658076,11.739428951331472,0.8179829783926457,0.6422966955379751,0.660818388719963,0.17476537558911753,12.86834153898227,12.380536256734612,1.2014938479531405,6.1138878126977545,5.962247415205642,0.7326648933451023,6.415593074352849,6.280118575416023,0.47173895757550643,4,1.0,0.9736848290268609,0.9737642637863979,0.0039027733636180623,0,0.0,0.24951117063813366,0.25089858670694276,0.02967476943459922,5.222988781930326,4.719802432570402,1.354980250395829,22.21224175527413,19.43649728236852,8.269687940956388,1.029788444331595,1.029402997969287,0.010071696710332239,4,4,99.75,103.0,10.90489186863706,71.20805861088576,62.92929258527739,29.687638252527663,155.38033690094954,146.7778851052941,30.56040945943686,21.59249335583125,18.93575507722442,8.096470454787438
front,log-0115,60.0,self-supervised,training_window,4.377341333355128,4.418914875027733,0.4225180936051037,0.08690646686876129,0.09406074265020363,0.017446173248555776,0.289820956881636,0.3088001838468276,0.04805228048908784,6.298350217929109,6.318262719043837,0.4976719938113713,5.302032768447028,4.151061530308969,2.721482881841867,0.3546820653172851,0.33782049957120625,0.040619705460773446,7.916024495391567,7.06783709431358,2.047026380330375,6.238236372768994,6.340652082721621,0.6840812671667227,6.759223220456947,7.024632551075312,0.9911977615499596,4,1.0,0.9719126736920384,0.9695734366456126,0.005143441861692356,0,0.0,0.296636845190767,0.3185672364703591,0.049804852061136974,6.4414922064302615,6.517431523438885,0.4715135063396929,25.046061951014146,24.646704488261193,2.3285566048846147,1.1392525733421315,1.1544139536687235,0.05152356382515424,4,4,75.25,79.5,17.839562774911272,74.4211285019241,68.60505817921423,13.605624650904181,189.59205108170534,190.7905706427793,5.314092160626803,22.067397928174742,20.921872294532257,2.9268535137052636
front,log-0116,60.0,self-supervised,training_window,4.947325322526714,4.933159483701301,0.16862525674300996,0.07221234262107208,0.07250172411382175,0.0009220300126931359,0.24278707696949386,0.2420109047341064,0.0027519715863640946,7.066377133910208,6.932864086832442,0.30722999309910265,9.332736494842653,9.342284803718709,0.1640895035107744,0.35793302848715003,0.3634473353675248,0.012234903849797536,10.408187971778192,10.448160231465272,0.2241486011745269,7.8037530984104295,7.896199294386479,0.573183151930974,7.8037530984104295,7.896199294386479,0.573183151930974,4,1.0,0.9760548800133935,0.9762847120397777,0.0008787672177400572,0,0.0,0.24732564749501137,0.2480189358470734,0.0016579232682185675,7.200900279171957,7.064904024851597,0.37678082818202585,31.524293325943077,31.063664497888453,1.2240698226584412,1.0832829354268712,1.0843890716104143,0.014369749506799437,4,4,132.25,127.5,13.573871960498227,97.90804598263877,95.58357478590273,5.547088801219229,194.27104049817268,195.19175791630386,2.6584646831522427,29.115030387345854,28.647114675791876,1.5066114106072812
front,log-0122,60.0,self-supervised,training_window,5.7769784133152,5.996703215855604,0.885693077181236,0.06863908822529918,0.06774792840411895,0.009687282737539866,0.2205679143417849,0.21020808346020914,0.04253796381603135,7.263301812977902,7.464821532617046,1.1821731601466898,12.799323270545573,11.14292434652728,6.365620848469688,0.4512222986624412,0.3946697429678003,0.22644045120797418,14.480540489692778,12.72768786662144,6.128231245969478,6.534310335206644,6.637893906887889,0.9459300014855269,6.534310335206644,6.637893906887889,0.9459300014855269,4,1.0,0.9812220835654837,0.9833126047183781,0.00612183437210206,0,0.0,0.23319505042644934,0.21215308047534281,0.05350378375479405,7.653114825272266,7.5330696824478895,1.367741109873013,36.04283568321253,35.7059915859498,3.6920197318171164,1.08812513793897,1.0949537250892023,0.038951009766816605,4,4,67.75,67.5,13.81725973797506,105.60011431658866,106.67615331558125,6.022269327522985,178.8817771560475,177.99554064836386,5.399798820620186,33.11413637914045,32.661298650801726,3.0421075670879887
front,log-0129,60.0,self-supervised,training_window,5.008705290679596,5.108773999485133,1.2432106967692642,0.06585424980340121,0.06486579017454094,0.011966819719616552,0.2142742498881117,0.21154322270582487,0.030296569178712745,7.197772127566622,7.181892531373959,1.9737759964565578,7.3384668304556,7.600231328794815,1.6148551954016122,0.2945456603963037,0.2930680850085449,0.03509526974574561,9.890454263486246,9.961357616985275,2.574045447169375,7.610631747706174,7.3325915043768,1.1948974308732407,7.610631747706174,7.3325915043768,1.1948974308732407,4,1.0,0.9819002223155259,0.9826853666326902,0.005749199994454664,0,0.0,0.22793995829841357,0.2332871265411296,0.023945182230722027,7.560393847078668,7.196291071100671,1.4980534033211068,35.382423987151554,36.094567463204335,8.085635339510183,1.0571547410286128,1.0591099727597337,0.08451721650293836,4,4,190.75,170.0,43.55360681581569,107.87807620193651,110.6441925922734,11.262610449360238,192.81785824117037,193.19346049897013,10.329751166182804,33.1765722657744,34.03454100924851,5.193506437894284
front,log-0145-filtered-c01,60.0,self-supervised,training_window,5.442990156555767,5.2818693895715185,1.1015462221176893,0.11992953088232028,0.12024612475904595,0.02093433428605929,0.3893784645217796,0.394405008372719,0.06520072066950988,6.911129200361799,6.839191104422233,1.1576366984550173,5.910157498386086,5.750352009539693,0.5475898318249306,0.4083697336384041,0.4027547690105364,0.049374358781014434,7.253049818427158,6.983870524346261,0.9109510113658152,6.487963220407818,6.57577563941704,1.608922235874566,6.047582414287868,5.756863504708765,1.0866608555979134,4,1.0,0.9515636265359488,0.9506712462823959,0.008364650190335254,0,0.0,0.3948458561580704,0.39674828287481667,0.07146266633342843,7.010690373928625,6.882419335841156,1.2919441841649677,21.088739437694407,20.845827799876915,1.439417925356805,1.1872866154869868,1.1915656269337092,0.07346304397275324,4,4,61.25,60.5,11.176612486199325,57.767981139893855,58.53562767765453,3.268421192229526,124.64896809749825,125.39859880998709,2.0955296369565226,17.789873430573913,18.174368687954722,1.222227191959598
front,log-0147-filtered-c02,60.0,self-supervised,training_window,5.388555343439714,3.482322980588387,4.036378524708515,0.1427571811531188,0.09219808181417247,0.11916054033546629,0.4715225413083923,0.30155651400688505,0.39843851758399335,8.663999792928916,5.433631912475633,7.116455704646467,14.0542488502633,10.093133133519903,12.577974183007225,0.8551320370011279,0.5970042485237832,0.7688840498709483,15.712962014376403,10.959054921052676,13.814725525393024,20.600543711606207,8.593246192187715,26.781826412288247,9.144275766751637,5.121729379243014,8.412981069310886,4,1.0,0.9605437007853559,0.9633572557627297,0.01796995979990028,0,0.0,0.4738217460623587,0.30412693065397306,0.39868152717141464,8.708202144881776,5.483837293651266,7.120217091390334,23.693865508587635,20.297758945451452,7.856707181314537,1.2722241677906783,1.1058930583085436,0.4563231187873416,4,4,68.0,66.0,20.54263858417414,61.72546579293197,62.623740111571635,5.375049107288101,130.45467247944373,129.40876479506696,2.402367517687543,18.805055459584402,19.155383824961916,1.792692132399146
front,log-0151-filtered-c01,60.0,self-supervised,training_window,3.710323667857577,3.866169727366632,1.0411606840601202,0.0922711378595426,0.09319754641526566,0.02366488148943331,0.3090401290924108,0.31235240902901396,0.07333602560969414,6.100323088104572,6.066171601358851,2.0756425627484245,4.482026591381347,4.643915180472765,0.69762568472211,0.3536786640875727,0.3676032952049151,0.044977408075225545,6.890194117232289,7.037333108403312,1.4180909542942732,10.932752859358768,10.562360669766278,5.099816906277806,5.844681025865238,5.6917095838247125,1.538978914998736,4,1.0,0.9629373652886657,0.9619765641602199,0.008617941170684382,0,0.0,0.312264755724881,0.31317644850653714,0.07023630049864593,6.158958681185988,6.081893953272538,2.028732877701959,21.35027526161224,21.087419802329368,4.426465148683877,1.0934266120168705,1.0911963093434647,0.10709090494432807,4,4,63.5,60.5,14.479871085982314,65.01074141236286,64.4062452421741,5.864455757048699,164.33409863644093,164.33409863644093,0.0,19.368605933528904,19.20877648482461,2.150379534853954
front,log-0152-filtered-c01,60.0,self-supervised,training_window,4.415291730999194,4.139704915569116,1.5845642458018134,0.09887147382865305,0.09850195761805146,0.023048946828425034,0.34169213680018706,0.3398888188473793,0.08167085387813787,6.1962662923845215,6.049201101172841,2.03703231041222,11.32772360663433,7.611707568827827,10.452042961376595,0.7059905830905986,0.5225899065681886,0.48817011651016706,13.037925118343457,9.361850995327806,10.11862824183249,8.660272633358566,8.392652342298447,3.5033226212707618,6.316656079758474,6.107791690207674,1.876681774842308,4,1.0,0.9612269912253466,0.9674759041549401,0.017989073463021428,0,0.0,0.34185177454482873,0.3400392782675328,0.08155712716725212,6.198830484333053,6.0515798053593715,2.034706224290156,18.049981815734114,17.497373169697642,4.580491522299324,1.0182721146739726,1.075766151097074,0.2550545547170351,4,4,70.25,72.5,12.284814474246922,61.97157532784419,62.04629723658621,9.816837810566378,119.05233272985555,120.36651931469572,2.6283731696803447,17.93448612280459,17.953557051389986,2.6998197888370936
front,log-0155-filtered-c01,60.0,self-supervised,training_window,3.959862219476423,3.961620650767613,0.05825727201642405,0.05584161874057411,0.05605448928821136,0.0009648599007663443,0.18570583318485792,0.18470009436509546,0.005908376271305488,5.091670008525449,5.092194563231004,0.08110993755281495,12.540729176029885,12.8026775482149,1.6880991905043252,0.49006292415677216,0.4957178462471932,0.03571341542684009,13.484977298993947,13.725287098089156,1.5915302551054002,5.26997720654165,5.335311678013579,0.561381903870671,4.587589612725706,4.483526869540693,0.2204500582850718,4,1.0,0.9828946570063881,0.9829562063286392,0.0009673735189973823,0,0.0,0.1867989170993976,0.18570392128546476,0.004962446075611622,5.122593657621675,5.120215020611543,0.1081210285849593,27.495265760963747,27.518019039901965,1.352098824601903,1.00174887718668,1.0056257920257616,0.017891180469744812,4,4,53.0,53.5,2.160246899469287,91.218556709474,90.84056039433315,2.979913504366344,157.0672522239645,157.0672522239645,12.193264831384358,27.447903032833032,27.580589384363766,1.2724386157513807
