trial_id,pipeline,log,repeat,duration_s,trainer,available_s,cache_fingerprint,center_s,experiment,random_fraction,start_s,stop_s,time_basis
46cce45737c82e62,front,log-0078-valid,0,5.0,self-supervised,153.39499999999998,76d1927de833397cbc23cf9e8cd9180324fc2df42786405dd6ae058e7e70d5d0,54.303426937791215,random-window-front-multisetup-postmerge-v1,0.26022192770267377,51.803426937791215,56.803426937791215,active
530a1ff379cd0e55,front,log-0078-valid,0,5.0,oracle-power,153.39499999999998,76d1927de833397cbc23cf9e8cd9180324fc2df42786405dd6ae058e7e70d5d0,54.303426937791215,random-window-front-multisetup-postmerge-v1,0.26022192770267377,51.803426937791215,56.803426937791215,active
acb8366e42911f90,front,log-0078-valid,0,10.0,self-supervised,153.39499999999998,76d1927de833397cbc23cf9e8cd9180324fc2df42786405dd6ae058e7e70d5d0,54.303426937791215,random-window-front-multisetup-postmerge-v1,0.26022192770267377,49.303426937791215,59.303426937791215,active
596994e3db119f5d,front,log-0078-valid,0,10.0,oracle-power,153.39499999999998,76d1927de833397cbc23cf9e8cd9180324fc2df42786405dd6ae058e7e70d5d0,54.303426937791215,random-window-front-multisetup-postmerge-v1,0.26022192770267377,49.303426937791215,59.303426937791215,active
3e0ad77076823756,front,log-0078-valid,0,20.0,self-supervised,153.39499999999998,76d1927de833397cbc23cf9e8cd9180324fc2df42786405dd6ae058e7e70d5d0,54.303426937791215,random-window-front-multisetup-postmerge-v1,0.26022192770267377,44.303426937791215,64.30342693779122,active
97ac4a8e7e8c215e,front,log-0078-valid,0,20.0,oracle-power,153.39499999999998,76d1927de833397cbc23cf9e8cd9180324fc2df42786405dd6ae058e7e70d5d0,54.303426937791215,random-window-front-multisetup-postmerge-v1,0.26022192770267377,44.303426937791215,64.30342693779122,active
7b27a595fe9b3f42,front,log-0078-valid,0,40.0,self-supervised,153.39499999999998,76d1927de833397cbc23cf9e8cd9180324fc2df42786405dd6ae058e7e70d5d0,54.303426937791215,random-window-front-multisetup-postmerge-v1,0.26022192770267377,34.303426937791215,74.30342693779122,active
3e318d84c24650a6,front,log-0078-valid,0,40.0,oracle-power,153.39499999999998,76d1927de833397cbc23cf9e8cd9180324fc2df42786405dd6ae058e7e70d5d0,54.303426937791215,random-window-front-multisetup-postmerge-v1,0.26022192770267377,34.303426937791215,74.30342693779122,active
9a389c4a7a8fe455,front,log-0078-valid,0,60.0,self-supervised,153.39499999999998,76d1927de833397cbc23cf9e8cd9180324fc2df42786405dd6ae058e7e70d5d0,54.303426937791215,random-window-front-multisetup-postmerge-v1,0.26022192770267377,24.303426937791215,84.30342693779122,active
ff8dce91b6036192,front,log-0078-valid,0,60.0,oracle-power,153.39499999999998,76d1927de833397cbc23cf9e8cd9180324fc2df42786405dd6ae058e7e70d5d0,54.303426937791215,random-window-front-multisetup-postmerge-v1,0.26022192770267377,24.303426937791215,84.30342693779122,active
fd2e3d9654e72062,front,log-0078-valid,1,5.0,self-supervised,153.39499999999998,76d1927de833397cbc23cf9e8cd9180324fc2df42786405dd6ae058e7e70d5d0,82.60408680420272,random-window-front-multisetup-postmerge-v1,0.5632430730146447,80.10408680420272,85.10408680420272,active
5b2f42a87fd58ee0,front,log-0078-valid,1,5.0,oracle-power,153.39499999999998,76d1927de833397cbc23cf9e8cd9180324fc2df42786405dd6ae058e7e70d5d0,82.60408680420272,random-window-front-multisetup-postmerge-v1,0.5632430730146447,80.10408680420272,85.10408680420272,active
959c3a469c167391,front,log-0078-valid,1,10.0,self-supervised,153.39499999999998,76d1927de833397cbc23cf9e8cd9180324fc2df42786405dd6ae058e7e70d5d0,82.60408680420272,random-window-front-multisetup-postmerge-v1,0.5632430730146447,77.60408680420272,87.60408680420272,active
6d064fdfc273a170,front,log-0078-valid,1,10.0,oracle-power,153.39499999999998,76d1927de833397cbc23cf9e8cd9180324fc2df42786405dd6ae058e7e70d5d0,82.60408680420272,random-window-front-multisetup-postmerge-v1,0.5632430730146447,77.60408680420272,87.60408680420272,active
862b02a082366460,front,log-0078-valid,1,20.0,self-supervised,153.39499999999998,76d1927de833397cbc23cf9e8cd9180324fc2df42786405dd6ae058e7e70d5d0,82.60408680420272,random-window-front-multisetup-postmerge-v1,0.5632430730146447,72.60408680420272,92.60408680420272,active
e8c62565f2e950ed,front,log-0078-valid,1,20.0,oracle-power,153.39499999999998,76d1927de833397cbc23cf9e8cd9180324fc2df42786405dd6ae058e7e70d5d0,82.60408680420272,random-window-front-multisetup-postmerge-v1,0.5632430730146447,72.60408680420272,92.60408680420272,active
a2a28e89c847c341,front,log-0078-valid,1,40.0,self-supervised,153.39499999999998,76d1927de833397cbc23cf9e8cd9180324fc2df42786405dd6ae058e7e70d5d0,82.60408680420272,random-window-front-multisetup-postmerge-v1,0.5632430730146447,62.60408680420272,102.60408680420272,active
37b72a72198e79f1,front,log-0078-valid,1,40.0,oracle-power,153.39499999999998,76d1927de833397cbc23cf9e8cd9180324fc2df42786405dd6ae058e7e70d5d0,82.60408680420272,random-window-front-multisetup-postmerge-v1,0.5632430730146447,62.60408680420272,102.60408680420272,active
15bbb91215755620,front,log-0078-valid,1,60.0,self-supervised,153.39499999999998,76d1927de833397cbc23cf9e8cd9180324fc2df42786405dd6ae058e7e70d5d0,82.60408680420272,random-window-front-multisetup-postmerge-v1,0.5632430730146447,52.60408680420272,112.60408680420272,active
36515b236452083d,front,log-0078-valid,1,60.0,oracle-power,153.39499999999998,76d1927de833397cbc23cf9e8cd9180324fc2df42786405dd6ae058e7e70d5d0,82.60408680420272,random-window-front-multisetup-postmerge-v1,0.5632430730146447,52.60408680420272,112.60408680420272,active
9672125f97ed5f42,front,log-0078-valid,2,5.0,self-supervised,153.39499999999998,76d1927de833397cbc23cf9e8cd9180324fc2df42786405dd6ae058e7e70d5d0,69.66744796843395,random-window-front-multisetup-postmerge-v1,0.4247277474001173,67.16744796843395,72.16744796843395,active
8b1462b5992d115a,front,log-0078-valid,2,5.0,oracle-power,153.39499999999998,76d1927de833397cbc23cf9e8cd9180324fc2df42786405dd6ae058e7e70d5d0,69.66744796843395,random-window-front-multisetup-postmerge-v1,0.4247277474001173,67.16744796843395,72.16744796843395,active
04bfb64a3b45edb3,front,log-0078-valid,2,10.0,self-supervised,153.39499999999998,76d1927de833397cbc23cf9e8cd9180324fc2df42786405dd6ae058e7e70d5d0,69.66744796843395,random-window-front-multisetup-postmerge-v1,0.4247277474001173,64.66744796843395,74.66744796843395,active
5059730647a1c652,front,log-0078-valid,2,10.0,oracle-power,153.39499999999998,76d1927de833397cbc23cf9e8cd9180324fc2df42786405dd6ae058e7e70d5d0,69.66744796843395,random-window-front-multisetup-postmerge-v1,0.4247277474001173,64.66744796843395,74.66744796843395,active
af003744d25b4199,front,log-0078-valid,2,20.0,self-supervised,153.39499999999998,76d1927de833397cbc23cf9e8cd9180324fc2df42786405dd6ae058e7e70d5d0,69.66744796843395,random-window-front-multisetup-postmerge-v1,0.4247277474001173,59.66744796843395,79.66744796843395,active
eaecef2f52603772,front,log-0078-valid,2,20.0,oracle-power,153.39499999999998,76d1927de833397cbc23cf9e8cd9180324fc2df42786405dd6ae058e7e70d5d0,69.66744796843395,random-window-front-multisetup-postmerge-v1,0.4247277474001173,59.66744796843395,79.66744796843395,active
ab06297d3318d771,front,log-0078-valid,2,40.0,self-supervised,153.39499999999998,76d1927de833397cbc23cf9e8cd9180324fc2df42786405dd6ae058e7e70d5d0,69.66744796843395,random-window-front-multisetup-postmerge-v1,0.4247277474001173,49.66744796843395,89.66744796843395,active
82955cc683ff8e5b,front,log-0078-valid,2,40.0,oracle-power,153.39499999999998,76d1927de833397cbc23cf9e8cd9180324fc2df42786405dd6ae058e7e70d5d0,69.66744796843395,random-window-front-multisetup-postmerge-v1,0.4247277474001173,49.66744796843395,89.66744796843395,active
1abdb6a4c8a76068,front,log-0078-valid,2,60.0,self-supervised,153.39499999999998,76d1927de833397cbc23cf9e8cd9180324fc2df42786405dd6ae058e7e70d5d0,69.66744796843395,random-window-front-multisetup-postmerge-v1,0.4247277474001173,39.66744796843395,99.66744796843395,active
d2320af06a264ef0,front,log-0078-valid,2,60.0,oracle-power,153.39499999999998,76d1927de833397cbc23cf9e8cd9180324fc2df42786405dd6ae058e7e70d5d0,69.66744796843395,random-window-front-multisetup-postmerge-v1,0.4247277474001173,39.66744796843395,99.66744796843395,active
fbe08b0382348c6c,front,log-0078-valid,3,5.0,self-supervised,153.39499999999998,76d1927de833397cbc23cf9e8cd9180324fc2df42786405dd6ae058e7e70d5d0,102.03169787007603,random-window-front-multisetup-postmerge-v1,0.7712586098835703,99.53169787007603,104.53169787007603,active
aa4a78bc6c7aae03,front,log-0078-valid,3,5.0,oracle-power,153.39499999999998,76d1927de833397cbc23cf9e8cd9180324fc2df42786405dd6ae058e7e70d5d0,102.03169787007603,random-window-front-multisetup-postmerge-v1,0.7712586098835703,99.53169787007603,104.53169787007603,active
bc0a93b0aa6c6315,front,log-0078-valid,3,10.0,self-supervised,153.39499999999998,76d1927de833397cbc23cf9e8cd9180324fc2df42786405dd6ae058e7e70d5d0,102.03169787007603,random-window-front-multisetup-postmerge-v1,0.7712586098835703,97.03169787007603,107.03169787007603,active
e19644f7e4cf53a4,front,log-0078-valid,3,10.0,oracle-power,153.39499999999998,76d1927de833397cbc23cf9e8cd9180324fc2df42786405dd6ae058e7e70d5d0,102.03169787007603,random-window-front-multisetup-postmerge-v1,0.7712586098835703,97.03169787007603,107.03169787007603,active
0a0c5cec5ac7f7d4,front,log-0078-valid,3,20.0,self-supervised,153.39499999999998,76d1927de833397cbc23cf9e8cd9180324fc2df42786405dd6ae058e7e70d5d0,102.03169787007603,random-window-front-multisetup-postmerge-v1,0.7712586098835703,92.03169787007603,112.03169787007603,active
ce98d050d3caeeab,front,log-0078-valid,3,20.0,oracle-power,153.39499999999998,76d1927de833397cbc23cf9e8cd9180324fc2df42786405dd6ae058e7e70d5d0,102.03169787007603,random-window-front-multisetup-postmerge-v1,0.7712586098835703,92.03169787007603,112.03169787007603,active
add9233b5862354c,front,log-0078-valid,3,40.0,self-supervised,153.39499999999998,76d1927de833397cbc23cf9e8cd9180324fc2df42786405dd6ae058e7e70d5d0,102.03169787007603,random-window-front-multisetup-postmerge-v1,0.7712586098835703,82.03169787007603,122.03169787007603,active
c90f581d660bfbfb,front,log-0078-valid,3,40.0,oracle-power,153.39499999999998,76d1927de833397cbc23cf9e8cd9180324fc2df42786405dd6ae058e7e70d5d0,102.03169787007603,random-window-front-multisetup-postmerge-v1,0.7712586098835703,82.03169787007603,122.03169787007603,active
39627d34bbd409bd,front,log-0078-valid,3,60.0,self-supervised,153.39499999999998,76d1927de833397cbc23cf9e8cd9180324fc2df42786405dd6ae058e7e70d5d0,102.03169787007603,random-window-front-multisetup-postmerge-v1,0.7712586098835703,72.03169787007603,132.03169787007602,active
e1c79dda3e06ea6b,front,log-0078-valid,3,60.0,oracle-power,153.39499999999998,76d1927de833397cbc23cf9e8cd9180324fc2df42786405dd6ae058e7e70d5d0,102.03169787007603,random-window-front-multisetup-postmerge-v1,0.7712586098835703,72.03169787007603,132.03169787007602,active
bd45aaf7fd33e566,front,log-0080-valid,0,5.0,self-supervised,377.38499999999993,79f567eab03dfa931b7a3f8ad1bedbad8c251a704ef205ecc4e4679339138c4f,138.18818674616725,random-window-front-multisetup-postmerge-v1,0.3408736605263868,135.68818674616725,140.68818674616725,active
32ebc3579e7f5492,front,log-0080-valid,0,5.0,oracle-power,377.38499999999993,79f567eab03dfa931b7a3f8ad1bedbad8c251a704ef205ecc4e4679339138c4f,138.18818674616725,random-window-front-multisetup-postmerge-v1,0.3408736605263868,135.68818674616725,140.68818674616725,active
ef23c7533b13e0a7,front,log-0080-valid,0,10.0,self-supervised,377.38499999999993,79f567eab03dfa931b7a3f8ad1bedbad8c251a704ef205ecc4e4679339138c4f,138.18818674616725,random-window-front-multisetup-postmerge-v1,0.3408736605263868,133.18818674616725,143.18818674616725,active
7a22f0c10563465d,front,log-0080-valid,0,10.0,oracle-power,377.38499999999993,79f567eab03dfa931b7a3f8ad1bedbad8c251a704ef205ecc4e4679339138c4f,138.18818674616725,random-window-front-multisetup-postmerge-v1,0.3408736605263868,133.18818674616725,143.18818674616725,active
fc0ae8b3f2c17aa1,front,log-0080-valid,0,20.0,self-supervised,377.38499999999993,79f567eab03dfa931b7a3f8ad1bedbad8c251a704ef205ecc4e4679339138c4f,138.18818674616725,random-window-front-multisetup-postmerge-v1,0.3408736605263868,128.18818674616725,148.18818674616725,active
8001356dde5ecf58,front,log-0080-valid,0,20.0,oracle-power,377.38499999999993,79f567eab03dfa931b7a3f8ad1bedbad8c251a704ef205ecc4e4679339138c4f,138.18818674616725,random-window-front-multisetup-postmerge-v1,0.3408736605263868,128.18818674616725,148.18818674616725,active
bf928c1deb63aa23,front,log-0080-valid,0,40.0,self-supervised,377.38499999999993,79f567eab03dfa931b7a3f8ad1bedbad8c251a704ef205ecc4e4679339138c4f,138.18818674616725,random-window-front-multisetup-postmerge-v1,0.3408736605263868,118.18818674616725,158.18818674616725,active
0306010f50cab996,front,log-0080-valid,0,40.0,oracle-power,377.38499999999993,79f567eab03dfa931b7a3f8ad1bedbad8c251a704ef205ecc4e4679339138c4f,138.18818674616725,random-window-front-multisetup-postmerge-v1,0.3408736605263868,118.18818674616725,158.18818674616725,active
4f97091430782bdb,front,log-0080-valid,0,60.0,self-supervised,377.38499999999993,79f567eab03dfa931b7a3f8ad1bedbad8c251a704ef205ecc4e4679339138c4f,138.18818674616725,random-window-front-multisetup-postmerge-v1,0.3408736605263868,108.18818674616725,168.18818674616725,active
e629f820feec7694,front,log-0080-valid,0,60.0,oracle-power,377.38499999999993,79f567eab03dfa931b7a3f8ad1bedbad8c251a704ef205ecc4e4679339138c4f,138.18818674616725,random-window-front-multisetup-postmerge-v1,0.3408736605263868,108.18818674616725,168.18818674616725,active
90b4b1156ef344fd,front,log-0080-valid,1,5.0,self-supervised,377.38499999999993,79f567eab03dfa931b7a3f8ad1bedbad8c251a704ef205ecc4e4679339138c4f,120.4031431939026,random-window-front-multisetup-postmerge-v1,0.28483747875262727,117.9031431939026,122.9031431939026,active
ff1860f40702e46e,front,log-0080-valid,1,5.0,oracle-power,377.38499999999993,79f567eab03dfa931b7a3f8ad1bedbad8c251a704ef205ecc4e4679339138c4f,120.4031431939026,random-window-front-multisetup-postmerge-v1,0.28483747875262727,117.9031431939026,122.9031431939026,active
6c8e378b6e39b47f,front,log-0080-valid,1,10.0,self-supervised,377.38499999999993,79f567eab03dfa931b7a3f8ad1bedbad8c251a704ef205ecc4e4679339138c4f,120.4031431939026,random-window-front-multisetup-postmerge-v1,0.28483747875262727,115.4031431939026,125.4031431939026,active
0a45b30a93a50fc4,front,log-0080-valid,1,10.0,oracle-power,377.38499999999993,79f567eab03dfa931b7a3f8ad1bedbad8c251a704ef205ecc4e4679339138c4f,120.4031431939026,random-window-front-multisetup-postmerge-v1,0.28483747875262727,115.4031431939026,125.4031431939026,active
c9e6a50f1e15cef5,front,log-0080-valid,1,20.0,self-supervised,377.38499999999993,79f567eab03dfa931b7a3f8ad1bedbad8c251a704ef205ecc4e4679339138c4f,120.4031431939026,random-window-front-multisetup-postmerge-v1,0.28483747875262727,110.4031431939026,130.4031431939026,active
658adebcfcf817cf,front,log-0080-valid,1,20.0,oracle-power,377.38499999999993,79f567eab03dfa931b7a3f8ad1bedbad8c251a704ef205ecc4e4679339138c4f,120.4031431939026,random-window-front-multisetup-postmerge-v1,0.28483747875262727,110.4031431939026,130.4031431939026,active
9ad71186bf261f80,front,log-0080-valid,1,40.0,self-supervised,377.38499999999993,79f567eab03dfa931b7a3f8ad1bedbad8c251a704ef205ecc4e4679339138c4f,120.4031431939026,random-window-front-multisetup-postmerge-v1,0.28483747875262727,100.4031431939026,140.4031431939026,active
e29fe52fb0469d3a,front,log-0080-valid,1,40.0,oracle-power,377.38499999999993,79f567eab03dfa931b7a3f8ad1bedbad8c251a704ef205ecc4e4679339138c4f,120.4031431939026,random-window-front-multisetup-postmerge-v1,0.28483747875262727,100.4031431939026,140.4031431939026,active
19d5b486d0a0df26,front,log-0080-valid,1,60.0,self-supervised,377.38499999999993,79f567eab03dfa931b7a3f8ad1bedbad8c251a704ef205ecc4e4679339138c4f,120.4031431939026,random-window-front-multisetup-postmerge-v1,0.28483747875262727,90.4031431939026,150.4031431939026,active
098e2165af711d51,front,log-0080-valid,1,60.0,oracle-power,377.38499999999993,79f567eab03dfa931b7a3f8ad1bedbad8c251a704ef205ecc4e4679339138c4f,120.4031431939026,random-window-front-multisetup-postmerge-v1,0.28483747875262727,90.4031431939026,150.4031431939026,active
815c14da0d91a6f5,front,log-0080-valid,2,5.0,self-supervised,377.38499999999993,79f567eab03dfa931b7a3f8ad1bedbad8c251a704ef205ecc4e4679339138c4f,319.0948248694063,random-window-front-multisetup-postmerge-v1,0.9108648010126702,316.5948248694063,321.5948248694063,active
d11c8196e08b09ad,front,log-0080-valid,2,5.0,oracle-power,377.38499999999993,79f567eab03dfa931b7a3f8ad1bedbad8c251a704ef205ecc4e4679339138c4f,319.0948248694063,random-window-front-multisetup-postmerge-v1,0.9108648010126702,316.5948248694063,321.5948248694063,active
d3242df8e52d2257,front,log-0080-valid,2,10.0,self-supervised,377.38499999999993,79f567eab03dfa931b7a3f8ad1bedbad8c251a704ef205ecc4e4679339138c4f,319.0948248694063,random-window-front-multisetup-postmerge-v1,0.9108648010126702,314.0948248694063,324.0948248694063,active
3449fb87d9dee174,front,log-0080-valid,2,10.0,oracle-power,377.38499999999993,79f567eab03dfa931b7a3f8ad1bedbad8c251a704ef205ecc4e4679339138c4f,319.0948248694063,random-window-front-multisetup-postmerge-v1,0.9108648010126702,314.0948248694063,324.0948248694063,active
49a05e3bb97aa6fc,front,log-0080-valid,2,20.0,self-supervised,377.38499999999993,79f567eab03dfa931b7a3f8ad1bedbad8c251a704ef205ecc4e4679339138c4f,319.0948248694063,random-window-front-multisetup-postmerge-v1,0.9108648010126702,309.0948248694063,329.0948248694063,active
0d6aa97d26f1343d,front,log-0080-valid,2,20.0,oracle-power,377.38499999999993,79f567eab03dfa931b7a3f8ad1bedbad8c251a704ef205ecc4e4679339138c4f,319.0948248694063,random-window-front-multisetup-postmerge-v1,0.9108648010126702,309.0948248694063,329.0948248694063,active
08c9a69c22b5f48f,front,log-0080-valid,2,40.0,self-supervised,377.38499999999993,79f567eab03dfa931b7a3f8ad1bedbad8c251a704ef205ecc4e4679339138c4f,319.0948248694063,random-window-front-multisetup-postmerge-v1,0.9108648010126702,299.0948248694063,339.0948248694063,active
369e6eaa88868a4a,front,log-0080-valid,2,40.0,oracle-power,377.38499999999993,79f567eab03dfa931b7a3f8ad1bedbad8c251a704ef205ecc4e4679339138c4f,319.0948248694063,random-window-front-multisetup-postmerge-v1,0.9108648010126702,299.0948248694063,339.0948248694063,active
b1dbeb263856dfc3,front,log-0080-valid,2,60.0,self-supervised,377.38499999999993,79f567eab03dfa931b7a3f8ad1bedbad8c251a704ef205ecc4e4679339138c4f,319.0948248694063,random-window-front-multisetup-postmerge-v1,0.9108648010126702,289.0948248694063,349.0948248694063,active
fa9cc27968cae837,front,log-0080-valid,2,60.0,oracle-power,377.38499999999993,79f567eab03dfa931b7a3f8ad1bedbad8c251a704ef205ecc4e4679339138c4f,319.0948248694063,random-window-front-multisetup-postmerge-v1,0.9108648010126702,289.0948248694063,349.0948248694063,active
f4d8b95ff9d4e557,front,log-0080-valid,3,5.0,self-supervised,377.38499999999993,79f567eab03dfa931b7a3f8ad1bedbad8c251a704ef205ecc4e4679339138c4f,265.92760261674056,random-window-front-multisetup-postmerge-v1,0.7433483076287178,263.42760261674056,268.42760261674056,active
02760d67b297c0ee,front,log-0080-valid,3,5.0,oracle-power,377.38499999999993,79f567eab03dfa931b7a3f8ad1bedbad8c251a704ef205ecc4e4679339138c4f,265.92760261674056,random-window-front-multisetup-postmerge-v1,0.7433483076287178,263.42760261674056,268.42760261674056,active
e22b01f40e9cf515,front,log-0080-valid,3,10.0,self-supervised,377.38499999999993,79f567eab03dfa931b7a3f8ad1bedbad8c251a704ef205ecc4e4679339138c4f,265.92760261674056,random-window-front-multisetup-postmerge-v1,0.7433483076287178,260.92760261674056,270.92760261674056,active
2b15541eb800692a,front,log-0080-valid,3,10.0,oracle-power,377.38499999999993,79f567eab03dfa931b7a3f8ad1bedbad8c251a704ef205ecc4e4679339138c4f,265.92760261674056,random-window-front-multisetup-postmerge-v1,0.7433483076287178,260.92760261674056,270.92760261674056,active
8fc3618cb29c1190,front,log-0080-valid,3,20.0,self-supervised,377.38499999999993,79f567eab03dfa931b7a3f8ad1bedbad8c251a704ef205ecc4e4679339138c4f,265.92760261674056,random-window-front-multisetup-postmerge-v1,0.7433483076287178,255.92760261674056,275.92760261674056,active
74728f901257a1fa,front,log-0080-valid,3,20.0,oracle-power,377.38499999999993,79f567eab03dfa931b7a3f8ad1bedbad8c251a704ef205ecc4e4679339138c4f,265.92760261674056,random-window-front-multisetup-postmerge-v1,0.7433483076287178,255.92760261674056,275.92760261674056,active
378021a75cb1878c,front,log-0080-valid,3,40.0,self-supervised,377.38499999999993,79f567eab03dfa931b7a3f8ad1bedbad8c251a704ef205ecc4e4679339138c4f,265.92760261674056,random-window-front-multisetup-postmerge-v1,0.7433483076287178,245.92760261674056,285.92760261674056,active
fb9441b91403ebe8,front,log-0080-valid,3,40.0,oracle-power,377.38499999999993,79f567eab03dfa931b7a3f8ad1bedbad8c251a704ef205ecc4e4679339138c4f,265.92760261674056,random-window-front-multisetup-postmerge-v1,0.7433483076287178,245.92760261674056,285.92760261674056,active
87e48bfaf8a82dde,front,log-0080-valid,3,60.0,self-supervised,377.38499999999993,79f567eab03dfa931b7a3f8ad1bedbad8c251a704ef205ecc4e4679339138c4f,265.92760261674056,random-window-front-multisetup-postmerge-v1,0.7433483076287178,235.92760261674056,295.92760261674056,active
a87a2177bb04ef98,front,log-0080-valid,3,60.0,oracle-power,377.38499999999993,79f567eab03dfa931b7a3f8ad1bedbad8c251a704ef205ecc4e4679339138c4f,265.92760261674056,random-window-front-multisetup-postmerge-v1,0.7433483076287178,235.92760261674056,295.92760261674056,active
a9beb9e5eaa5a8a5,front,log-0081,0,5.0,self-supervised,848.0849999999997,81f22b500f3c4265f9ef235a50a0adfd29a0c495db4035699007de5b30b2e3bd,47.017669351389316,random-window-front-multisetup-postmerge-v1,0.021593697826236158,44.517669351389316,49.517669351389316,active
66bcba6621bc65d8,front,log-0081,0,5.0,oracle-power,848.0849999999997,81f22b500f3c4265f9ef235a50a0adfd29a0c495db4035699007de5b30b2e3bd,47.017669351389316,random-window-front-multisetup-postmerge-v1,0.021593697826236158,44.517669351389316,49.517669351389316,active
a1c98fefee606a54,front,log-0081,0,10.0,self-supervised,848.0849999999997,81f22b500f3c4265f9ef235a50a0adfd29a0c495db4035699007de5b30b2e3bd,47.017669351389316,random-window-front-multisetup-postmerge-v1,0.021593697826236158,42.017669351389316,52.017669351389316,active
dc68d3984de5fbe5,front,log-0081,0,10.0,oracle-power,848.0849999999997,81f22b500f3c4265f9ef235a50a0adfd29a0c495db4035699007de5b30b2e3bd,47.017669351389316,random-window-front-multisetup-postmerge-v1,0.021593697826236158,42.017669351389316,52.017669351389316,active
0fc1ca52d2043847,front,log-0081,0,20.0,self-supervised,848.0849999999997,81f22b500f3c4265f9ef235a50a0adfd29a0c495db4035699007de5b30b2e3bd,47.017669351389316,random-window-front-multisetup-postmerge-v1,0.021593697826236158,37.017669351389316,57.017669351389316,active
d95853565b89ab13,front,log-0081,0,20.0,oracle-power,848.0849999999997,81f22b500f3c4265f9ef235a50a0adfd29a0c495db4035699007de5b30b2e3bd,47.017669351389316,random-window-front-multisetup-postmerge-v1,0.021593697826236158,37.017669351389316,57.017669351389316,active
eb2cfba1db621132,front,log-0081,0,40.0,self-supervised,848.0849999999997,81f22b500f3c4265f9ef235a50a0adfd29a0c495db4035699007de5b30b2e3bd,47.017669351389316,random-window-front-multisetup-postmerge-v1,0.021593697826236158,27.017669351389316,67.01766935138932,active
fb157c86cdd376e3,front,log-0081,0,40.0,oracle-power,848.0849999999997,81f22b500f3c4265f9ef235a50a0adfd29a0c495db4035699007de5b30b2e3bd,47.017669351389316,random-window-front-multisetup-postmerge-v1,0.021593697826236158,27.017669351389316,67.01766935138932,active
66dc6a9bf0bd10f1,front,log-0081,0,60.0,self-supervised,848.0849999999997,81f22b500f3c4265f9ef235a50a0adfd29a0c495db4035699007de5b30b2e3bd,47.017669351389316,random-window-front-multisetup-postmerge-v1,0.021593697826236158,17.017669351389316,77.01766935138932,active
e46fa45fee208e12,front,log-0081,0,60.0,oracle-power,848.0849999999997,81f22b500f3c4265f9ef235a50a0adfd29a0c495db4035699007de5b30b2e3bd,47.017669351389316,random-window-front-multisetup-postmerge-v1,0.021593697826236158,17.017669351389316,77.01766935138932,active
1132071fc187acfe,front,log-0081,1,5.0,self-supervised,848.0849999999997,81f22b500f3c4265f9ef235a50a0adfd29a0c495db4035699007de5b30b2e3bd,129.1112558498608,random-window-front-multisetup-postmerge-v1,0.12576213968018787,126.61125584986081,131.6112558498608,active
f9f0bf4b0385adb4,front,log-0081,1,5.0,oracle-power,848.0849999999997,81f22b500f3c4265f9ef235a50a0adfd29a0c495db4035699007de5b30b2e3bd,129.1112558498608,random-window-front-multisetup-postmerge-v1,0.12576213968018787,126.61125584986081,131.6112558498608,active
2b59aad3e3820425,front,log-0081,1,10.0,self-supervised,848.0849999999997,81f22b500f3c4265f9ef235a50a0adfd29a0c495db4035699007de5b30b2e3bd,129.1112558498608,random-window-front-multisetup-postmerge-v1,0.12576213968018787,124.11125584986081,134.1112558498608,active
9161d54d9ef4a426,front,log-0081,1,10.0,oracle-power,848.0849999999997,81f22b500f3c4265f9ef235a50a0adfd29a0c495db4035699007de5b30b2e3bd,129.1112558498608,random-window-front-multisetup-postmerge-v1,0.12576213968018787,124.11125584986081,134.1112558498608,active
d2c2366a29876e43,front,log-0081,1,20.0,self-supervised,848.0849999999997,81f22b500f3c4265f9ef235a50a0adfd29a0c495db4035699007de5b30b2e3bd,129.1112558498608,random-window-front-multisetup-postmerge-v1,0.12576213968018787,119.11125584986081,139.1112558498608,active
18210ba2be1885ed,front,log-0081,1,20.0,oracle-power,848.0849999999997,81f22b500f3c4265f9ef235a50a0adfd29a0c495db4035699007de5b30b2e3bd,129.1112558498608,random-window-front-multisetup-postmerge-v1,0.12576213968018787,119.11125584986081,139.1112558498608,active
1ea8a5f7448efe00,front,log-0081,1,40.0,self-supervised,848.0849999999997,81f22b500f3c4265f9ef235a50a0adfd29a0c495db4035699007de5b30b2e3bd,129.1112558498608,random-window-front-multisetup-postmerge-v1,0.12576213968018787,109.11125584986081,149.1112558498608,active
b98d3b12164cd4a3,front,log-0081,1,40.0,oracle-power,848.0849999999997,81f22b500f3c4265f9ef235a50a0adfd29a0c495db4035699007de5b30b2e3bd,129.1112558498608,random-window-front-multisetup-postmerge-v1,0.12576213968018787,109.11125584986081,149.1112558498608,active
478be55b20e7953c,front,log-0081,1,60.0,self-supervised,848.0849999999997,81f22b500f3c4265f9ef235a50a0adfd29a0c495db4035699007de5b30b2e3bd,129.1112558498608,random-window-front-multisetup-postmerge-v1,0.12576213968018787,99.11125584986081,159.1112558498608,active
1b50eb74a0b7123b,front,log-0081,1,60.0,oracle-power,848.0849999999997,81f22b500f3c4265f9ef235a50a0adfd29a0c495db4035699007de5b30b2e3bd,129.1112558498608,random-window-front-multisetup-postmerge-v1,0.12576213968018787,99.11125584986081,159.1112558498608,active
f86f477056f03fbf,front,log-0081,2,5.0,self-supervised,848.0849999999997,81f22b500f3c4265f9ef235a50a0adfd29a0c495db4035699007de5b30b2e3bd,452.4811652186392,random-window-front-multisetup-postmerge-v1,0.5360857841713005,449.9811652186392,454.9811652186392,active
98ec1fe30310e5af,front,log-0081,2,5.0,oracle-power,848.0849999999997,81f22b500f3c4265f9ef235a50a0adfd29a0c495db4035699007de5b30b2e3bd,452.4811652186392,random-window-front-multisetup-postmerge-v1,0.5360857841713005,449.9811652186392,454.9811652186392,active
557d57805d32012b,front,log-0081,2,10.0,self-supervised,848.0849999999997,81f22b500f3c4265f9ef235a50a0adfd29a0c495db4035699007de5b30b2e3bd,452.4811652186392,random-window-front-multisetup-postmerge-v1,0.5360857841713005,447.4811652186392,457.4811652186392,active
eb0ad7b4d3506b28,front,log-0081,2,10.0,oracle-power,848.0849999999997,81f22b500f3c4265f9ef235a50a0adfd29a0c495db4035699007de5b30b2e3bd,452.4811652186392,random-window-front-multisetup-postmerge-v1,0.5360857841713005,447.4811652186392,457.4811652186392,active
ea01515d76c2c7a4,front,log-0081,2,20.0,self-supervised,848.0849999999997,81f22b500f3c4265f9ef235a50a0adfd29a0c495db4035699007de5b30b2e3bd,452.4811652186392,random-window-front-multisetup-postmerge-v1,0.5360857841713005,442.4811652186392,462.4811652186392,active
b985e38bc1fc5f15,front,log-0081,2,20.0,oracle-power,848.0849999999997,81f22b500f3c4265f9ef235a50a0adfd29a0c495db4035699007de5b30b2e3bd,452.4811652186392,random-window-front-multisetup-postmerge-v1,0.5360857841713005,442.4811652186392,462.4811652186392,active
96055c0fc74f45f8,front,log-0081,2,40.0,self-supervised,848.0849999999997,81f22b500f3c4265f9ef235a50a0adfd29a0c495db4035699007de5b30b2e3bd,452.4811652186392,random-window-front-multisetup-postmerge-v1,0.5360857841713005,432.4811652186392,472.4811652186392,active
c63c5f253ddc716e,front,log-0081,2,40.0,oracle-power,848.0849999999997,81f22b500f3c4265f9ef235a50a0adfd29a0c495db4035699007de5b30b2e3bd,452.4811652186392,random-window-front-multisetup-postmerge-v1,0.5360857841713005,432.4811652186392,472.4811652186392,active
2af74ecc3054c0ba,front,log-0081,2,60.0,self-supervised,848.0849999999997,81f22b500f3c4265f9ef235a50a0adfd29a0c495db4035699007de5b30b2e3bd,452.4811652186392,random-window-front-multisetup-postmerge-v1,0.5360857841713005,422.4811652186392,482.4811652186392,active
ccd594f5661e8134,front,log-0081,2,60.0,oracle-power,848.0849999999997,81f22b500f3c4265f9ef235a50a0adfd29a0c495db4035699007de5b30b2e3bd,452.4811652186392,random-window-front-multisetup-postmerge-v1,0.5360857841713005,422.4811652186392,482.4811652186392,active
7c467feb9189dd0f,front,log-0081,3,5.0,self-supervised,848.0849999999997,81f22b500f3c4265f9ef235a50a0adfd29a0c495db4035699007de5b30b2e3bd,447.53523409334184,random-window-front-multisetup-postmerge-v1,0.5298098987968836,445.03523409334184,450.03523409334184,active
f22b16c4775da956,front,log-0081,3,5.0,oracle-power,848.0849999999997,81f22b500f3c4265f9ef235a50a0adfd29a0c495db4035699007de5b30b2e3bd,447.53523409334184,random-window-front-multisetup-postmerge-v1,0.5298098987968836,445.03523409334184,450.03523409334184,active
0c8e8e84e2b99a46,front,log-0081,3,10.0,self-supervised,848.0849999999997,81f22b500f3c4265f9ef235a50a0adfd29a0c495db4035699007de5b30b2e3bd,447.53523409334184,random-window-front-multisetup-postmerge-v1,0.5298098987968836,442.53523409334184,452.53523409334184,active
e62a74977013dd11,front,log-0081,3,10.0,oracle-power,848.0849999999997,81f22b500f3c4265f9ef235a50a0adfd29a0c495db4035699007de5b30b2e3bd,447.53523409334184,random-window-front-multisetup-postmerge-v1,0.5298098987968836,442.53523409334184,452.53523409334184,active
cfbb773c6693a5ce,front,log-0081,3,20.0,self-supervised,848.0849999999997,81f22b500f3c4265f9ef235a50a0adfd29a0c495db4035699007de5b30b2e3bd,447.53523409334184,random-window-front-multisetup-postmerge-v1,0.5298098987968836,437.53523409334184,457.53523409334184,active
7a3d9b620fc7f78e,front,log-0081,3,20.0,oracle-power,848.0849999999997,81f22b500f3c4265f9ef235a50a0adfd29a0c495db4035699007de5b30b2e3bd,447.53523409334184,random-window-front-multisetup-postmerge-v1,0.5298098987968836,437.53523409334184,457.53523409334184,active
9e4c4af1e7b89637,front,log-0081,3,40.0,self-supervised,848.0849999999997,81f22b500f3c4265f9ef235a50a0adfd29a0c495db4035699007de5b30b2e3bd,447.53523409334184,random-window-front-multisetup-postmerge-v1,0.5298098987968836,427.53523409334184,467.53523409334184,active
fa8a3b9f93d10b59,front,log-0081,3,40.0,oracle-power,848.0849999999997,81f22b500f3c4265f9ef235a50a0adfd29a0c495db4035699007de5b30b2e3bd,447.53523409334184,random-window-front-multisetup-postmerge-v1,0.5298098987968836,427.53523409334184,467.53523409334184,active
1db39625a3baf4b9,front,log-0081,3,60.0,self-supervised,848.0849999999997,81f22b500f3c4265f9ef235a50a0adfd29a0c495db4035699007de5b30b2e3bd,447.53523409334184,random-window-front-multisetup-postmerge-v1,0.5298098987968836,417.53523409334184,477.53523409334184,active
6a2771560128d34b,front,log-0081,3,60.0,oracle-power,848.0849999999997,81f22b500f3c4265f9ef235a50a0adfd29a0c495db4035699007de5b30b2e3bd,447.53523409334184,random-window-front-multisetup-postmerge-v1,0.5298098987968836,417.53523409334184,477.53523409334184,active
51e48758d301e00d,front,log-0098,0,5.0,self-supervised,237.06000000000003,49f2ad80e028ec18cd83515101f83de688f8cb64fd43a11d582a4c17b59aa4bc,121.1843466267316,random-window-front-multisetup-postmerge-v1,0.5149912268537873,118.6843466267316,123.6843466267316,active
d5b5e3a761a32569,front,log-0098,0,5.0,oracle-power,237.06000000000003,49f2ad80e028ec18cd83515101f83de688f8cb64fd43a11d582a4c17b59aa4bc,121.1843466267316,random-window-front-multisetup-postmerge-v1,0.5149912268537873,118.6843466267316,123.6843466267316,active
25e71caab3844979,front,log-0098,0,10.0,self-supervised,237.06000000000003,49f2ad80e028ec18cd83515101f83de688f8cb64fd43a11d582a4c17b59aa4bc,121.1843466267316,random-window-front-multisetup-postmerge-v1,0.5149912268537873,116.1843466267316,126.1843466267316,active
03179b8fd87adb20,front,log-0098,0,10.0,oracle-power,237.06000000000003,49f2ad80e028ec18cd83515101f83de688f8cb64fd43a11d582a4c17b59aa4bc,121.1843466267316,random-window-front-multisetup-postmerge-v1,0.5149912268537873,116.1843466267316,126.1843466267316,active
620991ef0bfa8e28,front,log-0098,0,20.0,self-supervised,237.06000000000003,49f2ad80e028ec18cd83515101f83de688f8cb64fd43a11d582a4c17b59aa4bc,121.1843466267316,random-window-front-multisetup-postmerge-v1,0.5149912268537873,111.1843466267316,131.1843466267316,active
81aadb257fc5b808,front,log-0098,0,20.0,oracle-power,237.06000000000003,49f2ad80e028ec18cd83515101f83de688f8cb64fd43a11d582a4c17b59aa4bc,121.1843466267316,random-window-front-multisetup-postmerge-v1,0.5149912268537873,111.1843466267316,131.1843466267316,active
86221417388e52a4,front,log-0098,0,40.0,self-supervised,237.06000000000003,49f2ad80e028ec18cd83515101f83de688f8cb64fd43a11d582a4c17b59aa4bc,121.1843466267316,random-window-front-multisetup-postmerge-v1,0.5149912268537873,101.1843466267316,141.1843466267316,active
cffe8f74da49ffc3,front,log-0098,0,40.0,oracle-power,237.06000000000003,49f2ad80e028ec18cd83515101f83de688f8cb64fd43a11d582a4c17b59aa4bc,121.1843466267316,random-window-front-multisetup-postmerge-v1,0.5149912268537873,101.1843466267316,141.1843466267316,active
505a8348b1473246,front,log-0098,0,60.0,self-supervised,237.06000000000003,49f2ad80e028ec18cd83515101f83de688f8cb64fd43a11d582a4c17b59aa4bc,121.1843466267316,random-window-front-multisetup-postmerge-v1,0.5149912268537873,91.1843466267316,151.1843466267316,active
e156dadbb683ebb0,front,log-0098,0,60.0,oracle-power,237.06000000000003,49f2ad80e028ec18cd83515101f83de688f8cb64fd43a11d582a4c17b59aa4bc,121.1843466267316,random-window-front-multisetup-postmerge-v1,0.5149912268537873,91.1843466267316,151.1843466267316,active
05fced20ef891766,front,log-0098,1,5.0,self-supervised,237.06000000000003,49f2ad80e028ec18cd83515101f83de688f8cb64fd43a11d582a4c17b59aa4bc,122.23422416540751,random-window-front-multisetup-postmerge-v1,0.520920728371216,119.73422416540751,124.73422416540751,active
c8c789d20b1f7dc1,front,log-0098,1,5.0,oracle-power,237.06000000000003,49f2ad80e028ec18cd83515101f83de688f8cb64fd43a11d582a4c17b59aa4bc,122.23422416540751,random-window-front-multisetup-postmerge-v1,0.520920728371216,119.73422416540751,124.73422416540751,active
4e002bca427eb04f,front,log-0098,1,10.0,self-supervised,237.06000000000003,49f2ad80e028ec18cd83515101f83de688f8cb64fd43a11d582a4c17b59aa4bc,122.23422416540751,random-window-front-multisetup-postmerge-v1,0.520920728371216,117.23422416540751,127.23422416540751,active
b7c456754a1383a1,front,log-0098,1,10.0,oracle-power,237.06000000000003,49f2ad80e028ec18cd83515101f83de688f8cb64fd43a11d582a4c17b59aa4bc,122.23422416540751,random-window-front-multisetup-postmerge-v1,0.520920728371216,117.23422416540751,127.23422416540751,active
ac6bbfe10fe2307c,front,log-0098,1,20.0,self-supervised,237.06000000000003,49f2ad80e028ec18cd83515101f83de688f8cb64fd43a11d582a4c17b59aa4bc,122.23422416540751,random-window-front-multisetup-postmerge-v1,0.520920728371216,112.23422416540751,132.2342241654075,active
93fea613f7623c16,front,log-0098,1,20.0,oracle-power,237.06000000000003,49f2ad80e028ec18cd83515101f83de688f8cb64fd43a11d582a4c17b59aa4bc,122.23422416540751,random-window-front-multisetup-postmerge-v1,0.520920728371216,112.23422416540751,132.2342241654075,active
517c3e46ea6af687,front,log-0098,1,40.0,self-supervised,237.06000000000003,49f2ad80e028ec18cd83515101f83de688f8cb64fd43a11d582a4c17b59aa4bc,122.23422416540751,random-window-front-multisetup-postmerge-v1,0.520920728371216,102.23422416540751,142.2342241654075,active
adcce883301dd707,front,log-0098,1,40.0,oracle-power,237.06000000000003,49f2ad80e028ec18cd83515101f83de688f8cb64fd43a11d582a4c17b59aa4bc,122.23422416540751,random-window-front-multisetup-postmerge-v1,0.520920728371216,102.23422416540751,142.2342241654075,active
fddc17cc1bc3f116,front,log-0098,1,60.0,self-supervised,237.06000000000003,49f2ad80e028ec18cd83515101f83de688f8cb64fd43a11d582a4c17b59aa4bc,122.23422416540751,random-window-front-multisetup-postmerge-v1,0.520920728371216,92.23422416540751,152.2342241654075,active
5bcced222b013d2d,front,log-0098,1,60.0,oracle-power,237.06000000000003,49f2ad80e028ec18cd83515101f83de688f8cb64fd43a11d582a4c17b59aa4bc,122.23422416540751,random-window-front-multisetup-postmerge-v1,0.520920728371216,92.23422416540751,152.2342241654075,active
3e3d980405c0bcc7,front,log-0098,2,5.0,self-supervised,237.06000000000003,49f2ad80e028ec18cd83515101f83de688f8cb64fd43a11d582a4c17b59aa4bc,147.01952217660516,random-window-front-multisetup-postmerge-v1,0.6609032089495378,144.51952217660516,149.51952217660516,active
705c7bc0f6f324a3,front,log-0098,2,5.0,oracle-power,237.06000000000003,49f2ad80e028ec18cd83515101f83de688f8cb64fd43a11d582a4c17b59aa4bc,147.01952217660516,random-window-front-multisetup-postmerge-v1,0.6609032089495378,144.51952217660516,149.51952217660516,active
25af2f3007d1bde1,front,log-0098,2,10.0,self-supervised,237.06000000000003,49f2ad80e028ec18cd83515101f83de688f8cb64fd43a11d582a4c17b59aa4bc,147.01952217660516,random-window-front-multisetup-postmerge-v1,0.6609032089495378,142.01952217660516,152.01952217660516,active
250a0d2d0efe00db,front,log-0098,2,10.0,oracle-power,237.06000000000003,49f2ad80e028ec18cd83515101f83de688f8cb64fd43a11d582a4c17b59aa4bc,147.01952217660516,random-window-front-multisetup-postmerge-v1,0.6609032089495378,142.01952217660516,152.01952217660516,active
006ecabdbfabe1d5,front,log-0098,2,20.0,self-supervised,237.06000000000003,49f2ad80e028ec18cd83515101f83de688f8cb64fd43a11d582a4c17b59aa4bc,147.01952217660516,random-window-front-multisetup-postmerge-v1,0.6609032089495378,137.01952217660516,157.01952217660516,active
69bc6e2212be9d64,front,log-0098,2,20.0,oracle-power,237.06000000000003,49f2ad80e028ec18cd83515101f83de688f8cb64fd43a11d582a4c17b59aa4bc,147.01952217660516,random-window-front-multisetup-postmerge-v1,0.6609032089495378,137.01952217660516,157.01952217660516,active
c6bfa048060995e3,front,log-0098,2,40.0,self-supervised,237.06000000000003,49f2ad80e028ec18cd83515101f83de688f8cb64fd43a11d582a4c17b59aa4bc,147.01952217660516,random-window-front-multisetup-postmerge-v1,0.6609032089495378,127.01952217660516,167.01952217660516,active
c4bb1c59ab993b21,front,log-0098,2,40.0,oracle-power,237.06000000000003,49f2ad80e028ec18cd83515101f83de688f8cb64fd43a11d582a4c17b59aa4bc,147.01952217660516,random-window-front-multisetup-postmerge-v1,0.6609032089495378,127.01952217660516,167.01952217660516,active
c01e8f90fd10463f,front,log-0098,2,60.0,self-supervised,237.06000000000003,49f2ad80e028ec18cd83515101f83de688f8cb64fd43a11d582a4c17b59aa4bc,147.01952217660516,random-window-front-multisetup-postmerge-v1,0.6609032089495378,117.01952217660516,177.01952217660516,active
996ca2c64ed72c33,front,log-0098,2,60.0,oracle-power,237.06000000000003,49f2ad80e028ec18cd83515101f83de688f8cb64fd43a11d582a4c17b59aa4bc,147.01952217660516,random-window-front-multisetup-postmerge-v1,0.6609032089495378,117.01952217660516,177.01952217660516,active
bbd02938196f1a72,front,log-0098,3,5.0,self-supervised,237.06000000000003,49f2ad80e028ec18cd83515101f83de688f8cb64fd43a11d582a4c17b59aa4bc,85.69163536186296,random-window-front-multisetup-postmerge-v1,0.3145353855295547,83.19163536186296,88.19163536186296,active
9dd8ee58c13ad5ca,front,log-0098,3,5.0,oracle-power,237.06000000000003,49f2ad80e028ec18cd83515101f83de688f8cb64fd43a11d582a4c17b59aa4bc,85.69163536186296,random-window-front-multisetup-postmerge-v1,0.3145353855295547,83.19163536186296,88.19163536186296,active
6a4fe8e9bf72a718,front,log-0098,3,10.0,self-supervised,237.06000000000003,49f2ad80e028ec18cd83515101f83de688f8cb64fd43a11d582a4c17b59aa4bc,85.69163536186296,random-window-front-multisetup-postmerge-v1,0.3145353855295547,80.69163536186296,90.69163536186296,active
4066378047437ada,front,log-0098,3,10.0,oracle-power,237.06000000000003,49f2ad80e028ec18cd83515101f83de688f8cb64fd43a11d582a4c17b59aa4bc,85.69163536186296,random-window-front-multisetup-postmerge-v1,0.3145353855295547,80.69163536186296,90.69163536186296,active
ef925adc1df0c845,front,log-0098,3,20.0,self-supervised,237.06000000000003,49f2ad80e028ec18cd83515101f83de688f8cb64fd43a11d582a4c17b59aa4bc,85.69163536186296,random-window-front-multisetup-postmerge-v1,0.3145353855295547,75.69163536186296,95.69163536186296,active
251e73530e41e196,front,log-0098,3,20.0,oracle-power,237.06000000000003,49f2ad80e028ec18cd83515101f83de688f8cb64fd43a11d582a4c17b59aa4bc,85.69163536186296,random-window-front-multisetup-postmerge-v1,0.3145353855295547,75.69163536186296,95.69163536186296,active
7623e60d9744e6da,front,log-0098,3,40.0,self-supervised,237.06000000000003,49f2ad80e028ec18cd83515101f83de688f8cb64fd43a11d582a4c17b59aa4bc,85.69163536186296,random-window-front-multisetup-postmerge-v1,0.3145353855295547,65.69163536186296,105.69163536186296,active
8c9255245fa5e1ed,front,log-0098,3,40.0,oracle-power,237.06000000000003,49f2ad80e028ec18cd83515101f83de688f8cb64fd43a11d582a4c17b59aa4bc,85.69163536186296,random-window-front-multisetup-postmerge-v1,0.3145353855295547,65.69163536186296,105.69163536186296,active
d466acaf307f7be5,front,log-0098,3,60.0,self-supervised,237.06000000000003,49f2ad80e028ec18cd83515101f83de688f8cb64fd43a11d582a4c17b59aa4bc,85.69163536186296,random-window-front-multisetup-postmerge-v1,0.3145353855295547,55.691635361862964,115.69163536186296,active
e223d38581891368,front,log-0098,3,60.0,oracle-power,237.06000000000003,49f2ad80e028ec18cd83515101f83de688f8cb64fd43a11d582a4c17b59aa4bc,85.69163536186296,random-window-front-multisetup-postmerge-v1,0.3145353855295547,55.691635361862964,115.69163536186296,active
b1d7a7b497d1670f,front,log-0099,0,5.0,self-supervised,646.0999999999999,fe4a647fb8a1ac94faadd774f705961db202abe30db08dfaabc3ffa8e3258454,409.30085272542834,random-window-front-multisetup-postmerge-v1,0.6471606427664706,406.80085272542834,411.80085272542834,active
4314f89b508e5abf,front,log-0099,0,5.0,oracle-power,646.0999999999999,fe4a647fb8a1ac94faadd774f705961db202abe30db08dfaabc3ffa8e3258454,409.30085272542834,random-window-front-multisetup-postmerge-v1,0.6471606427664706,406.80085272542834,411.80085272542834,active
eff37fb704fb8eec,front,log-0099,0,10.0,self-supervised,646.0999999999999,fe4a647fb8a1ac94faadd774f705961db202abe30db08dfaabc3ffa8e3258454,409.30085272542834,random-window-front-multisetup-postmerge-v1,0.6471606427664706,404.30085272542834,414.30085272542834,active
bb1f0aada1575de3,front,log-0099,0,10.0,oracle-power,646.0999999999999,fe4a647fb8a1ac94faadd774f705961db202abe30db08dfaabc3ffa8e3258454,409.30085272542834,random-window-front-multisetup-postmerge-v1,0.6471606427664706,404.30085272542834,414.30085272542834,active
8449cdd21870696c,front,log-0099,0,20.0,self-supervised,646.0999999999999,fe4a647fb8a1ac94faadd774f705961db202abe30db08dfaabc3ffa8e3258454,409.30085272542834,random-window-front-multisetup-postmerge-v1,0.6471606427664706,399.30085272542834,419.30085272542834,active
d3d317219ef6c9ae,front,log-0099,0,20.0,oracle-power,646.0999999999999,fe4a647fb8a1ac94faadd774f705961db202abe30db08dfaabc3ffa8e3258454,409.30085272542834,random-window-front-multisetup-postmerge-v1,0.6471606427664706,399.30085272542834,419.30085272542834,active
a9a31bed0aa847c9,front,log-0099,0,40.0,self-supervised,646.0999999999999,fe4a647fb8a1ac94faadd774f705961db202abe30db08dfaabc3ffa8e3258454,409.30085272542834,random-window-front-multisetup-postmerge-v1,0.6471606427664706,389.30085272542834,429.30085272542834,active
78de2ded2738cc4a,front,log-0099,0,40.0,oracle-power,646.0999999999999,fe4a647fb8a1ac94faadd774f705961db202abe30db08dfaabc3ffa8e3258454,409.30085272542834,random-window-front-multisetup-postmerge-v1,0.6471606427664706,389.30085272542834,429.30085272542834,active
3a728d9627ed85b3,front,log-0099,0,60.0,self-supervised,646.0999999999999,fe4a647fb8a1ac94faadd774f705961db202abe30db08dfaabc3ffa8e3258454,409.30085272542834,random-window-front-multisetup-postmerge-v1,0.6471606427664706,379.30085272542834,439.30085272542834,active
53f1dcd9e8685c48,front,log-0099,0,60.0,oracle-power,646.0999999999999,fe4a647fb8a1ac94faadd774f705961db202abe30db08dfaabc3ffa8e3258454,409.30085272542834,random-window-front-multisetup-postmerge-v1,0.6471606427664706,379.30085272542834,439.30085272542834,active
887827187b4e545a,front,log-0099,1,5.0,self-supervised,646.0999999999999,fe4a647fb8a1ac94faadd774f705961db202abe30db08dfaabc3ffa8e3258454,609.3971941689812,random-window-front-multisetup-postmerge-v1,0.9885637163777193,606.8971941689812,611.8971941689812,active
0c2aa1f5a96590e0,front,log-0099,1,5.0,oracle-power,646.0999999999999,fe4a647fb8a1ac94faadd774f705961db202abe30db08dfaabc3ffa8e3258454,609.3971941689812,random-window-front-multisetup-postmerge-v1,0.9885637163777193,606.8971941689812,611.8971941689812,active
541c36991f147e90,front,log-0099,1,10.0,self-supervised,646.0999999999999,fe4a647fb8a1ac94faadd774f705961db202abe30db08dfaabc3ffa8e3258454,609.3971941689812,random-window-front-multisetup-postmerge-v1,0.9885637163777193,604.3971941689812,614.3971941689812,active
b104e10465bf98c6,front,log-0099,1,10.0,oracle-power,646.0999999999999,fe4a647fb8a1ac94faadd774f705961db202abe30db08dfaabc3ffa8e3258454,609.3971941689812,random-window-front-multisetup-postmerge-v1,0.9885637163777193,604.3971941689812,614.3971941689812,active
0a6c9fa5ae307011,front,log-0099,1,20.0,self-supervised,646.0999999999999,fe4a647fb8a1ac94faadd774f705961db202abe30db08dfaabc3ffa8e3258454,609.3971941689812,random-window-front-multisetup-postmerge-v1,0.9885637163777193,599.3971941689812,619.3971941689812,active
7317d4badf7077ad,front,log-0099,1,20.0,oracle-power,646.0999999999999,fe4a647fb8a1ac94faadd774f705961db202abe30db08dfaabc3ffa8e3258454,609.3971941689812,random-window-front-multisetup-postmerge-v1,0.9885637163777193,599.3971941689812,619.3971941689812,active
b86a91e29ed84314,front,log-0099,1,40.0,self-supervised,646.0999999999999,fe4a647fb8a1ac94faadd774f705961db202abe30db08dfaabc3ffa8e3258454,609.3971941689812,random-window-front-multisetup-postmerge-v1,0.9885637163777193,589.3971941689812,629.3971941689812,active
a11f32bb59ab9682,front,log-0099,1,40.0,oracle-power,646.0999999999999,fe4a647fb8a1ac94faadd774f705961db202abe30db08dfaabc3ffa8e3258454,609.3971941689812,random-window-front-multisetup-postmerge-v1,0.9885637163777193,589.3971941689812,629.3971941689812,active
44a13bc2f3d2fc13,front,log-0099,1,60.0,self-supervised,646.0999999999999,fe4a647fb8a1ac94faadd774f705961db202abe30db08dfaabc3ffa8e3258454,609.3971941689812,random-window-front-multisetup-postmerge-v1,0.9885637163777193,579.3971941689812,639.3971941689812,active
329e5766317bfd7a,front,log-0099,1,60.0,oracle-power,646.0999999999999,fe4a647fb8a1ac94faadd774f705961db202abe30db08dfaabc3ffa8e3258454,609.3971941689812,random-window-front-multisetup-postmerge-v1,0.9885637163777193,579.3971941689812,639.3971941689812,active
6e8525e05cb749d0,front,log-0099,2,5.0,self-supervised,646.0999999999999,fe4a647fb8a1ac94faadd774f705961db202abe30db08dfaabc3ffa8e3258454,277.1009142681495,random-window-front-multisetup-postmerge-v1,0.42160196940479355,274.6009142681495,279.6009142681495,active
6efb4701a7d1fe7e,front,log-0099,2,5.0,oracle-power,646.0999999999999,fe4a647fb8a1ac94faadd774f705961db202abe30db08dfaabc3ffa8e3258454,277.1009142681495,random-window-front-multisetup-postmerge-v1,0.42160196940479355,274.6009142681495,279.6009142681495,active
2555ca8e5a5d31bd,front,log-0099,2,10.0,self-supervised,646.0999999999999,fe4a647fb8a1ac94faadd774f705961db202abe30db08dfaabc3ffa8e3258454,277.1009142681495,random-window-front-multisetup-postmerge-v1,0.42160196940479355,272.1009142681495,282.1009142681495,active
54d306f7c1b17fd8,front,log-0099,2,10.0,oracle-power,646.0999999999999,fe4a647fb8a1ac94faadd774f705961db202abe30db08dfaabc3ffa8e3258454,277.1009142681495,random-window-front-multisetup-postmerge-v1,0.42160196940479355,272.1009142681495,282.1009142681495,active
2ce9b7d4bc2d5a47,front,log-0099,2,20.0,self-supervised,646.0999999999999,fe4a647fb8a1ac94faadd774f705961db202abe30db08dfaabc3ffa8e3258454,277.1009142681495,random-window-front-multisetup-postmerge-v1,0.42160196940479355,267.1009142681495,287.1009142681495,active
2a3d5af9ab0d31c7,front,log-0099,2,20.0,oracle-power,646.0999999999999,fe4a647fb8a1ac94faadd774f705961db202abe30db08dfaabc3ffa8e3258454,277.1009142681495,random-window-front-multisetup-postmerge-v1,0.42160196940479355,267.1009142681495,287.1009142681495,active
b7ed494fbbfcda18,front,log-0099,2,40.0,self-supervised,646.0999999999999,fe4a647fb8a1ac94faadd774f705961db202abe30db08dfaabc3ffa8e3258454,277.1009142681495,random-window-front-multisetup-postmerge-v1,0.42160196940479355,257.1009142681495,297.1009142681495,active
97a89a65712c81a7,front,log-0099,2,40.0,oracle-power,646.0999999999999,fe4a647fb8a1ac94faadd774f705961db202abe30db08dfaabc3ffa8e3258454,277.1009142681495,random-window-front-multisetup-postmerge-v1,0.42160196940479355,257.1009142681495,297.1009142681495,active
9f40810d94101f3b,front,log-0099,2,60.0,self-supervised,646.0999999999999,fe4a647fb8a1ac94faadd774f705961db202abe30db08dfaabc3ffa8e3258454,277.1009142681495,random-window-front-multisetup-postmerge-v1,0.42160196940479355,247.1009142681495,307.1009142681495,active
72846287ebed8193,front,log-0099,2,60.0,oracle-power,646.0999999999999,fe4a647fb8a1ac94faadd774f705961db202abe30db08dfaabc3ffa8e3258454,277.1009142681495,random-window-front-multisetup-postmerge-v1,0.42160196940479355,247.1009142681495,307.1009142681495,active
fb0999cbccaf0982,front,log-0099,3,5.0,self-supervised,646.0999999999999,fe4a647fb8a1ac94faadd774f705961db202abe30db08dfaabc3ffa8e3258454,249.56418300017404,random-window-front-multisetup-postmerge-v1,0.37461897799040106,247.06418300017404,252.06418300017404,active
34f583133427fbb4,front,log-0099,3,5.0,oracle-power,646.0999999999999,fe4a647fb8a1ac94faadd774f705961db202abe30db08dfaabc3ffa8e3258454,249.56418300017404,random-window-front-multisetup-postmerge-v1,0.37461897799040106,247.06418300017404,252.06418300017404,active
0a5c101cdb5541ac,front,log-0099,3,10.0,self-supervised,646.0999999999999,fe4a647fb8a1ac94faadd774f705961db202abe30db08dfaabc3ffa8e3258454,249.56418300017404,random-window-front-multisetup-postmerge-v1,0.37461897799040106,244.56418300017404,254.56418300017404,active
b90083a25de7f4d9,front,log-0099,3,10.0,oracle-power,646.0999999999999,fe4a647fb8a1ac94faadd774f705961db202abe30db08dfaabc3ffa8e3258454,249.56418300017404,random-window-front-multisetup-postmerge-v1,0.37461897799040106,244.56418300017404,254.56418300017404,active
e5009df226f373bf,front,log-0099,3,20.0,self-supervised,646.0999999999999,fe4a647fb8a1ac94faadd774f705961db202abe30db08dfaabc3ffa8e3258454,249.56418300017404,random-window-front-multisetup-postmerge-v1,0.37461897799040106,239.56418300017404,259.564183000174,active
9d4f7fc1a1067fbb,front,log-0099,3,20.0,oracle-power,646.0999999999999,fe4a647fb8a1ac94faadd774f705961db202abe30db08dfaabc3ffa8e3258454,249.56418300017404,random-window-front-multisetup-postmerge-v1,0.37461897799040106,239.56418300017404,259.564183000174,active
fb16f781fa54b818,front,log-0099,3,40.0,self-supervised,646.0999999999999,fe4a647fb8a1ac94faadd774f705961db202abe30db08dfaabc3ffa8e3258454,249.56418300017404,random-window-front-multisetup-postmerge-v1,0.37461897799040106,229.56418300017404,269.564183000174,active
b396eb9f0ee9ccb0,front,log-0099,3,40.0,oracle-power,646.0999999999999,fe4a647fb8a1ac94faadd774f705961db202abe30db08dfaabc3ffa8e3258454,249.56418300017404,random-window-front-multisetup-postmerge-v1,0.37461897799040106,229.56418300017404,269.564183000174,active
c9f6077e79761239,front,log-0099,3,60.0,self-supervised,646.0999999999999,fe4a647fb8a1ac94faadd774f705961db202abe30db08dfaabc3ffa8e3258454,249.56418300017404,random-window-front-multisetup-postmerge-v1,0.37461897799040106,219.56418300017404,279.564183000174,active
da3a3a966a24a8c0,front,log-0099,3,60.0,oracle-power,646.0999999999999,fe4a647fb8a1ac94faadd774f705961db202abe30db08dfaabc3ffa8e3258454,249.56418300017404,random-window-front-multisetup-postmerge-v1,0.37461897799040106,219.56418300017404,279.564183000174,active
0b29862b11052294,front,log-0113,0,5.0,self-supervised,262.71,1a23439432265b4c9d9c05f3d4bd2a2f1f091072c3c6b776c7695daef08fd8ec,61.16659114525818,random-window-front-multisetup-postmerge-v1,0.15374964799594584,58.66659114525818,63.66659114525818,active
0366f2dd4444e46d,front,log-0113,0,5.0,oracle-power,262.71,1a23439432265b4c9d9c05f3d4bd2a2f1f091072c3c6b776c7695daef08fd8ec,61.16659114525818,random-window-front-multisetup-postmerge-v1,0.15374964799594584,58.66659114525818,63.66659114525818,active
d6344710edb14735,front,log-0113,0,10.0,self-supervised,262.71,1a23439432265b4c9d9c05f3d4bd2a2f1f091072c3c6b776c7695daef08fd8ec,61.16659114525818,random-window-front-multisetup-postmerge-v1,0.15374964799594584,56.16659114525818,66.16659114525818,active
d1153ee1ca05afaa,front,log-0113,0,10.0,oracle-power,262.71,1a23439432265b4c9d9c05f3d4bd2a2f1f091072c3c6b776c7695daef08fd8ec,61.16659114525818,random-window-front-multisetup-postmerge-v1,0.15374964799594584,56.16659114525818,66.16659114525818,active
9d1404dc80040347,front,log-0113,0,20.0,self-supervised,262.71,1a23439432265b4c9d9c05f3d4bd2a2f1f091072c3c6b776c7695daef08fd8ec,61.16659114525818,random-window-front-multisetup-postmerge-v1,0.15374964799594584,51.16659114525818,71.16659114525818,active
db485cb8169e64df,front,log-0113,0,20.0,oracle-power,262.71,1a23439432265b4c9d9c05f3d4bd2a2f1f091072c3c6b776c7695daef08fd8ec,61.16659114525818,random-window-front-multisetup-postmerge-v1,0.15374964799594584,51.16659114525818,71.16659114525818,active
87f35aef69ece843,front,log-0113,0,40.0,self-supervised,262.71,1a23439432265b4c9d9c05f3d4bd2a2f1f091072c3c6b776c7695daef08fd8ec,61.16659114525818,random-window-front-multisetup-postmerge-v1,0.15374964799594584,41.16659114525818,81.16659114525818,active
bb8ff46cf5377972,front,log-0113,0,40.0,oracle-power,262.71,1a23439432265b4c9d9c05f3d4bd2a2f1f091072c3c6b776c7695daef08fd8ec,61.16659114525818,random-window-front-multisetup-postmerge-v1,0.15374964799594584,41.16659114525818,81.16659114525818,active
3cbeb388a8a923bc,front,log-0113,0,60.0,self-supervised,262.71,1a23439432265b4c9d9c05f3d4bd2a2f1f091072c3c6b776c7695daef08fd8ec,61.16659114525818,random-window-front-multisetup-postmerge-v1,0.15374964799594584,31.16659114525818,91.16659114525818,active
2a3a8418ec39ec84,front,log-0113,0,60.0,oracle-power,262.71,1a23439432265b4c9d9c05f3d4bd2a2f1f091072c3c6b776c7695daef08fd8ec,61.16659114525818,random-window-front-multisetup-postmerge-v1,0.15374964799594584,31.16659114525818,91.16659114525818,active
e074e097982f1b19,front,log-0113,1,5.0,self-supervised,262.71,1a23439432265b4c9d9c05f3d4bd2a2f1f091072c3c6b776c7695daef08fd8ec,43.8351811776468,random-window-front-multisetup-postmerge-v1,0.06825110343666718,41.3351811776468,46.3351811776468,active
e1ee2e3737af318c,front,log-0113,1,5.0,oracle-power,262.71,1a23439432265b4c9d9c05f3d4bd2a2f1f091072c3c6b776c7695daef08fd8ec,43.8351811776468,random-window-front-multisetup-postmerge-v1,0.06825110343666718,41.3351811776468,46.3351811776468,active
bb46c19aa084a891,front,log-0113,1,10.0,self-supervised,262.71,1a23439432265b4c9d9c05f3d4bd2a2f1f091072c3c6b776c7695daef08fd8ec,43.8351811776468,random-window-front-multisetup-postmerge-v1,0.06825110343666718,38.8351811776468,48.8351811776468,active
887e6abd3fbbbda8,front,log-0113,1,10.0,oracle-power,262.71,1a23439432265b4c9d9c05f3d4bd2a2f1f091072c3c6b776c7695daef08fd8ec,43.8351811776468,random-window-front-multisetup-postmerge-v1,0.06825110343666718,38.8351811776468,48.8351811776468,active
c88c3ad675038277,front,log-0113,1,20.0,self-supervised,262.71,1a23439432265b4c9d9c05f3d4bd2a2f1f091072c3c6b776c7695daef08fd8ec,43.8351811776468,random-window-front-multisetup-postmerge-v1,0.06825110343666718,33.8351811776468,53.8351811776468,active
a7ff1a838037fb30,front,log-0113,1,20.0,oracle-power,262.71,1a23439432265b4c9d9c05f3d4bd2a2f1f091072c3c6b776c7695daef08fd8ec,43.8351811776468,random-window-front-multisetup-postmerge-v1,0.06825110343666718,33.8351811776468,53.8351811776468,active
1478596940dd7779,front,log-0113,1,40.0,self-supervised,262.71,1a23439432265b4c9d9c05f3d4bd2a2f1f091072c3c6b776c7695daef08fd8ec,43.8351811776468,random-window-front-multisetup-postmerge-v1,0.06825110343666718,23.835181177646803,63.8351811776468,active
44b9b3ce5af1fb35,front,log-0113,1,40.0,oracle-power,262.71,1a23439432265b4c9d9c05f3d4bd2a2f1f091072c3c6b776c7695daef08fd8ec,43.8351811776468,random-window-front-multisetup-postmerge-v1,0.06825110343666718,23.835181177646803,63.8351811776468,active
f399dd6b0c588fe8,front,log-0113,1,60.0,self-supervised,262.71,1a23439432265b4c9d9c05f3d4bd2a2f1f091072c3c6b776c7695daef08fd8ec,43.8351811776468,random-window-front-multisetup-postmerge-v1,0.06825110343666718,13.835181177646803,73.8351811776468,active
fa7ccc78808a062f,front,log-0113,1,60.0,oracle-power,262.71,1a23439432265b4c9d9c05f3d4bd2a2f1f091072c3c6b776c7695daef08fd8ec,43.8351811776468,random-window-front-multisetup-postmerge-v1,0.06825110343666718,13.835181177646803,73.8351811776468,active
c78ef22893295348,front,log-0113,2,5.0,self-supervised,262.71,1a23439432265b4c9d9c05f3d4bd2a2f1f091072c3c6b776c7695daef08fd8ec,61.827317916571104,random-window-front-multisetup-postmerge-v1,0.15700911606023932,59.327317916571104,64.3273179165711,active
56510ae7ea6626f3,front,log-0113,2,5.0,oracle-power,262.71,1a23439432265b4c9d9c05f3d4bd2a2f1f091072c3c6b776c7695daef08fd8ec,61.827317916571104,random-window-front-multisetup-postmerge-v1,0.15700911606023932,59.327317916571104,64.3273179165711,active
3131592ffb23ac00,front,log-0113,2,10.0,self-supervised,262.71,1a23439432265b4c9d9c05f3d4bd2a2f1f091072c3c6b776c7695daef08fd8ec,61.827317916571104,random-window-front-multisetup-postmerge-v1,0.15700911606023932,56.827317916571104,66.8273179165711,active
9fcef79e8682c9a8,front,log-0113,2,10.0,oracle-power,262.71,1a23439432265b4c9d9c05f3d4bd2a2f1f091072c3c6b776c7695daef08fd8ec,61.827317916571104,random-window-front-multisetup-postmerge-v1,0.15700911606023932,56.827317916571104,66.8273179165711,active
484a566d0f0ffa70,front,log-0113,2,20.0,self-supervised,262.71,1a23439432265b4c9d9c05f3d4bd2a2f1f091072c3c6b776c7695daef08fd8ec,61.827317916571104,random-window-front-multisetup-postmerge-v1,0.15700911606023932,51.827317916571104,71.8273179165711,active
1f3034fe9181dd1a,front,log-0113,2,20.0,oracle-power,262.71,1a23439432265b4c9d9c05f3d4bd2a2f1f091072c3c6b776c7695daef08fd8ec,61.827317916571104,random-window-front-multisetup-postmerge-v1,0.15700911606023932,51.827317916571104,71.8273179165711,active
4b669bcb9cc2b445,front,log-0113,2,40.0,self-supervised,262.71,1a23439432265b4c9d9c05f3d4bd2a2f1f091072c3c6b776c7695daef08fd8ec,61.827317916571104,random-window-front-multisetup-postmerge-v1,0.15700911606023932,41.827317916571104,81.8273179165711,active
7cec1f2aca6b1907,front,log-0113,2,40.0,oracle-power,262.71,1a23439432265b4c9d9c05f3d4bd2a2f1f091072c3c6b776c7695daef08fd8ec,61.827317916571104,random-window-front-multisetup-postmerge-v1,0.15700911606023932,41.827317916571104,81.8273179165711,active
3f39033d360f00a9,front,log-0113,2,60.0,self-supervised,262.71,1a23439432265b4c9d9c05f3d4bd2a2f1f091072c3c6b776c7695daef08fd8ec,61.827317916571104,random-window-front-multisetup-postmerge-v1,0.15700911606023932,31.827317916571104,91.8273179165711,active
7399d5614b0fc307,front,log-0113,2,60.0,oracle-power,262.71,1a23439432265b4c9d9c05f3d4bd2a2f1f091072c3c6b776c7695daef08fd8ec,61.827317916571104,random-window-front-multisetup-postmerge-v1,0.15700911606023932,31.827317916571104,91.8273179165711,active
2cbc64706a587396,front,log-0113,3,5.0,self-supervised,262.71,1a23439432265b4c9d9c05f3d4bd2a2f1f091072c3c6b776c7695daef08fd8ec,127.4450325855677,random-window-front-multisetup-postmerge-v1,0.480711521807349,124.9450325855677,129.9450325855677,active
b6ba2ce98a47a83b,front,log-0113,3,5.0,oracle-power,262.71,1a23439432265b4c9d9c05f3d4bd2a2f1f091072c3c6b776c7695daef08fd8ec,127.4450325855677,random-window-front-multisetup-postmerge-v1,0.480711521807349,124.9450325855677,129.9450325855677,active
0c97470b30e9520a,front,log-0113,3,10.0,self-supervised,262.71,1a23439432265b4c9d9c05f3d4bd2a2f1f091072c3c6b776c7695daef08fd8ec,127.4450325855677,random-window-front-multisetup-postmerge-v1,0.480711521807349,122.4450325855677,132.4450325855677,active
3b4077515df90957,front,log-0113,3,10.0,oracle-power,262.71,1a23439432265b4c9d9c05f3d4bd2a2f1f091072c3c6b776c7695daef08fd8ec,127.4450325855677,random-window-front-multisetup-postmerge-v1,0.480711521807349,122.4450325855677,132.4450325855677,active
34a251af25ba1471,front,log-0113,3,20.0,self-supervised,262.71,1a23439432265b4c9d9c05f3d4bd2a2f1f091072c3c6b776c7695daef08fd8ec,127.4450325855677,random-window-front-multisetup-postmerge-v1,0.480711521807349,117.4450325855677,137.4450325855677,active
989c6ab00a4962f0,front,log-0113,3,20.0,oracle-power,262.71,1a23439432265b4c9d9c05f3d4bd2a2f1f091072c3c6b776c7695daef08fd8ec,127.4450325855677,random-window-front-multisetup-postmerge-v1,0.480711521807349,117.4450325855677,137.4450325855677,active
f4870825fd5fdf53,front,log-0113,3,40.0,self-supervised,262.71,1a23439432265b4c9d9c05f3d4bd2a2f1f091072c3c6b776c7695daef08fd8ec,127.4450325855677,random-window-front-multisetup-postmerge-v1,0.480711521807349,107.4450325855677,147.4450325855677,active
50dacd709f38f720,front,log-0113,3,40.0,oracle-power,262.71,1a23439432265b4c9d9c05f3d4bd2a2f1f091072c3c6b776c7695daef08fd8ec,127.4450325855677,random-window-front-multisetup-postmerge-v1,0.480711521807349,107.4450325855677,147.4450325855677,active
0a433a554f5c6973,front,log-0113,3,60.0,self-supervised,262.71,1a23439432265b4c9d9c05f3d4bd2a2f1f091072c3c6b776c7695daef08fd8ec,127.4450325855677,random-window-front-multisetup-postmerge-v1,0.480711521807349,97.4450325855677,157.4450325855677,active
cb1977c3bdcd0e16,front,log-0113,3,60.0,oracle-power,262.71,1a23439432265b4c9d9c05f3d4bd2a2f1f091072c3c6b776c7695daef08fd8ec,127.4450325855677,random-window-front-multisetup-postmerge-v1,0.480711521807349,97.4450325855677,157.4450325855677,active
cc3291a7a05bd904,front,log-0115,0,5.0,self-supervised,181.69,2066f8eafcea4ae8067f7bc0b2ddbcdcaecc5a846811dfe1d000c9fa6a54c6db,119.31525200966728,random-window-front-multisetup-postmerge-v1,0.7339572028076857,116.81525200966728,121.81525200966728,active
c8eb05293dc0a1ae,front,log-0115,0,5.0,oracle-power,181.69,2066f8eafcea4ae8067f7bc0b2ddbcdcaecc5a846811dfe1d000c9fa6a54c6db,119.31525200966728,random-window-front-multisetup-postmerge-v1,0.7339572028076857,116.81525200966728,121.81525200966728,active
4ad7e212f0ec1b94,front,log-0115,0,10.0,self-supervised,181.69,2066f8eafcea4ae8067f7bc0b2ddbcdcaecc5a846811dfe1d000c9fa6a54c6db,119.31525200966728,random-window-front-multisetup-postmerge-v1,0.7339572028076857,114.31525200966728,124.31525200966728,active
2537e6894fcdf4f6,front,log-0115,0,10.0,oracle-power,181.69,2066f8eafcea4ae8067f7bc0b2ddbcdcaecc5a846811dfe1d000c9fa6a54c6db,119.31525200966728,random-window-front-multisetup-postmerge-v1,0.7339572028076857,114.31525200966728,124.31525200966728,active
90443e188312c3aa,front,log-0115,0,20.0,self-supervised,181.69,2066f8eafcea4ae8067f7bc0b2ddbcdcaecc5a846811dfe1d000c9fa6a54c6db,119.31525200966728,random-window-front-multisetup-postmerge-v1,0.7339572028076857,109.31525200966728,129.3152520096673,active
79764c5745179e49,front,log-0115,0,20.0,oracle-power,181.69,2066f8eafcea4ae8067f7bc0b2ddbcdcaecc5a846811dfe1d000c9fa6a54c6db,119.31525200966728,random-window-front-multisetup-postmerge-v1,0.7339572028076857,109.31525200966728,129.3152520096673,active
bb8c0a961005f0e8,front,log-0115,0,40.0,self-supervised,181.69,2066f8eafcea4ae8067f7bc0b2ddbcdcaecc5a846811dfe1d000c9fa6a54c6db,119.31525200966728,random-window-front-multisetup-postmerge-v1,0.7339572028076857,99.31525200966728,139.3152520096673,active
fa096573afd5e8ad,front,log-0115,0,40.0,oracle-power,181.69,2066f8eafcea4ae8067f7bc0b2ddbcdcaecc5a846811dfe1d000c9fa6a54c6db,119.31525200966728,random-window-front-multisetup-postmerge-v1,0.7339572028076857,99.31525200966728,139.3152520096673,active
2fb1408d279be910,front,log-0115,0,60.0,self-supervised,181.69,2066f8eafcea4ae8067f7bc0b2ddbcdcaecc5a846811dfe1d000c9fa6a54c6db,119.31525200966728,random-window-front-multisetup-postmerge-v1,0.7339572028076857,89.31525200966728,149.3152520096673,active
854b24d0ce718da0,front,log-0115,0,60.0,oracle-power,181.69,2066f8eafcea4ae8067f7bc0b2ddbcdcaecc5a846811dfe1d000c9fa6a54c6db,119.31525200966728,random-window-front-multisetup-postmerge-v1,0.7339572028076857,89.31525200966728,149.3152520096673,active
947397313b3aaab1,front,log-0115,1,5.0,self-supervised,181.69,2066f8eafcea4ae8067f7bc0b2ddbcdcaecc5a846811dfe1d000c9fa6a54c6db,78.36595326674535,random-window-front-multisetup-postmerge-v1,0.39745215931255945,75.86595326674535,80.86595326674535,active
6aa1a9edc5a24aaf,front,log-0115,1,5.0,oracle-power,181.69,2066f8eafcea4ae8067f7bc0b2ddbcdcaecc5a846811dfe1d000c9fa6a54c6db,78.36595326674535,random-window-front-multisetup-postmerge-v1,0.39745215931255945,75.86595326674535,80.86595326674535,active
ff4c58ed2ab58906,front,log-0115,1,10.0,self-supervised,181.69,2066f8eafcea4ae8067f7bc0b2ddbcdcaecc5a846811dfe1d000c9fa6a54c6db,78.36595326674535,random-window-front-multisetup-postmerge-v1,0.39745215931255945,73.36595326674535,83.36595326674535,active
bd2d8cfb8e4930ef,front,log-0115,1,10.0,oracle-power,181.69,2066f8eafcea4ae8067f7bc0b2ddbcdcaecc5a846811dfe1d000c9fa6a54c6db,78.36595326674535,random-window-front-multisetup-postmerge-v1,0.39745215931255945,73.36595326674535,83.36595326674535,active
3f966121af089491,front,log-0115,1,20.0,self-supervised,181.69,2066f8eafcea4ae8067f7bc0b2ddbcdcaecc5a846811dfe1d000c9fa6a54c6db,78.36595326674535,random-window-front-multisetup-postmerge-v1,0.39745215931255945,68.36595326674535,88.36595326674535,active
9f5d40fb7710b44e,front,log-0115,1,20.0,oracle-power,181.69,2066f8eafcea4ae8067f7bc0b2ddbcdcaecc5a846811dfe1d000c9fa6a54c6db,78.36595326674535,random-window-front-multisetup-postmerge-v1,0.39745215931255945,68.36595326674535,88.36595326674535,active
db99763487918cb8,front,log-0115,1,40.0,self-supervised,181.69,2066f8eafcea4ae8067f7bc0b2ddbcdcaecc5a846811dfe1d000c9fa6a54c6db,78.36595326674535,random-window-front-multisetup-postmerge-v1,0.39745215931255945,58.36595326674535,98.36595326674535,active
c0ba407bc0feb219,front,log-0115,1,40.0,oracle-power,181.69,2066f8eafcea4ae8067f7bc0b2ddbcdcaecc5a846811dfe1d000c9fa6a54c6db,78.36595326674535,random-window-front-multisetup-postmerge-v1,0.39745215931255945,58.36595326674535,98.36595326674535,active
b4c561530676b558,front,log-0115,1,60.0,self-supervised,181.69,2066f8eafcea4ae8067f7bc0b2ddbcdcaecc5a846811dfe1d000c9fa6a54c6db,78.36595326674535,random-window-front-multisetup-postmerge-v1,0.39745215931255945,48.36595326674535,108.36595326674535,active
1e8285bc67e05b8f,front,log-0115,1,60.0,oracle-power,181.69,2066f8eafcea4ae8067f7bc0b2ddbcdcaecc5a846811dfe1d000c9fa6a54c6db,78.36595326674535,random-window-front-multisetup-postmerge-v1,0.39745215931255945,48.36595326674535,108.36595326674535,active
65f9ce9aa88d27b6,front,log-0115,2,5.0,self-supervised,181.69,2066f8eafcea4ae8067f7bc0b2ddbcdcaecc5a846811dfe1d000c9fa6a54c6db,77.8592611393854,random-window-front-multisetup-postmerge-v1,0.39328836502083486,75.3592611393854,80.3592611393854,active
f44d50e15d692f9a,front,log-0115,2,5.0,oracle-power,181.69,2066f8eafcea4ae8067f7bc0b2ddbcdcaecc5a846811dfe1d000c9fa6a54c6db,77.8592611393854,random-window-front-multisetup-postmerge-v1,0.39328836502083486,75.3592611393854,80.3592611393854,active
7b7d77a5a5f086b7,front,log-0115,2,10.0,self-supervised,181.69,2066f8eafcea4ae8067f7bc0b2ddbcdcaecc5a846811dfe1d000c9fa6a54c6db,77.8592611393854,random-window-front-multisetup-postmerge-v1,0.39328836502083486,72.8592611393854,82.8592611393854,active
3d06133851faffb6,front,log-0115,2,10.0,oracle-power,181.69,2066f8eafcea4ae8067f7bc0b2ddbcdcaecc5a846811dfe1d000c9fa6a54c6db,77.8592611393854,random-window-front-multisetup-postmerge-v1,0.39328836502083486,72.8592611393854,82.8592611393854,active
a4968cc2763f6763,front,log-0115,2,20.0,self-supervised,181.69,2066f8eafcea4ae8067f7bc0b2ddbcdcaecc5a846811dfe1d000c9fa6a54c6db,77.8592611393854,random-window-front-multisetup-postmerge-v1,0.39328836502083486,67.8592611393854,87.8592611393854,active
1cb2f5cd20e098a7,front,log-0115,2,20.0,oracle-power,181.69,2066f8eafcea4ae8067f7bc0b2ddbcdcaecc5a846811dfe1d000c9fa6a54c6db,77.8592611393854,random-window-front-multisetup-postmerge-v1,0.39328836502083486,67.8592611393854,87.8592611393854,active
347ab62159b9860e,front,log-0115,2,40.0,self-supervised,181.69,2066f8eafcea4ae8067f7bc0b2ddbcdcaecc5a846811dfe1d000c9fa6a54c6db,77.8592611393854,random-window-front-multisetup-postmerge-v1,0.39328836502083486,57.859261139385396,97.8592611393854,active
99a9ceecdf1e5782,front,log-0115,2,40.0,oracle-power,181.69,2066f8eafcea4ae8067f7bc0b2ddbcdcaecc5a846811dfe1d000c9fa6a54c6db,77.8592611393854,random-window-front-multisetup-postmerge-v1,0.39328836502083486,57.859261139385396,97.8592611393854,active
91fc0996cf2a01a1,front,log-0115,2,60.0,self-supervised,181.69,2066f8eafcea4ae8067f7bc0b2ddbcdcaecc5a846811dfe1d000c9fa6a54c6db,77.8592611393854,random-window-front-multisetup-postmerge-v1,0.39328836502083486,47.859261139385396,107.8592611393854,active
6eab9058dea99f2e,front,log-0115,2,60.0,oracle-power,181.69,2066f8eafcea4ae8067f7bc0b2ddbcdcaecc5a846811dfe1d000c9fa6a54c6db,77.8592611393854,random-window-front-multisetup-postmerge-v1,0.39328836502083486,47.859261139385396,107.8592611393854,active
3a942a2167429fc7,front,log-0115,3,5.0,self-supervised,181.69,2066f8eafcea4ae8067f7bc0b2ddbcdcaecc5a846811dfe1d000c9fa6a54c6db,61.476157665729176,random-window-front-multisetup-postmerge-v1,0.25865853945048217,58.976157665729176,63.976157665729176,active
4d53b606fee87552,front,log-0115,3,5.0,oracle-power,181.69,2066f8eafcea4ae8067f7bc0b2ddbcdcaecc5a846811dfe1d000c9fa6a54c6db,61.476157665729176,random-window-front-multisetup-postmerge-v1,0.25865853945048217,58.976157665729176,63.976157665729176,active
2feab2a5dbaad56e,front,log-0115,3,10.0,self-supervised,181.69,2066f8eafcea4ae8067f7bc0b2ddbcdcaecc5a846811dfe1d000c9fa6a54c6db,61.476157665729176,random-window-front-multisetup-postmerge-v1,0.25865853945048217,56.476157665729176,66.47615766572918,active
cc4bad4a1118246d,front,log-0115,3,10.0,oracle-power,181.69,2066f8eafcea4ae8067f7bc0b2ddbcdcaecc5a846811dfe1d000c9fa6a54c6db,61.476157665729176,random-window-front-multisetup-postmerge-v1,0.25865853945048217,56.476157665729176,66.47615766572918,active
ca3419eee976af4a,front,log-0115,3,20.0,self-supervised,181.69,2066f8eafcea4ae8067f7bc0b2ddbcdcaecc5a846811dfe1d000c9fa6a54c6db,61.476157665729176,random-window-front-multisetup-postmerge-v1,0.25865853945048217,51.476157665729176,71.47615766572918,active
3a1bd4ac9dd5d00b,front,log-0115,3,20.0,oracle-power,181.69,2066f8eafcea4ae8067f7bc0b2ddbcdcaecc5a846811dfe1d000c9fa6a54c6db,61.476157665729176,random-window-front-multisetup-postmerge-v1,0.25865853945048217,51.476157665729176,71.47615766572918,active
c948f6aee71af612,front,log-0115,3,40.0,self-supervised,181.69,2066f8eafcea4ae8067f7bc0b2ddbcdcaecc5a846811dfe1d000c9fa6a54c6db,61.476157665729176,random-window-front-multisetup-postmerge-v1,0.25865853945048217,41.476157665729176,81.47615766572918,active
75fef7c566d2645c,front,log-0115,3,40.0,oracle-power,181.69,2066f8eafcea4ae8067f7bc0b2ddbcdcaecc5a846811dfe1d000c9fa6a54c6db,61.476157665729176,random-window-front-multisetup-postmerge-v1,0.25865853945048217,41.476157665729176,81.47615766572918,active
f5aeb71d33ae5a7a,front,log-0115,3,60.0,self-supervised,181.69,2066f8eafcea4ae8067f7bc0b2ddbcdcaecc5a846811dfe1d000c9fa6a54c6db,61.476157665729176,random-window-front-multisetup-postmerge-v1,0.25865853945048217,31.476157665729176,91.47615766572918,active
184224f735228e5f,front,log-0115,3,60.0,oracle-power,181.69,2066f8eafcea4ae8067f7bc0b2ddbcdcaecc5a846811dfe1d000c9fa6a54c6db,61.476157665729176,random-window-front-multisetup-postmerge-v1,0.25865853945048217,31.476157665729176,91.47615766572918,active
0cc5a2323ae2b2ff,front,log-0116,0,5.0,self-supervised,198.04999999999998,dce590620499e54c31e2a6201c482884e2b9ae848ef5aa0731679eff56aaa216,161.63607862044427,random-window-front-multisetup-postmerge-v1,0.9535391424878252,159.13607862044427,164.13607862044427,active
6fdfe0b7f0c5fe78,front,log-0116,0,5.0,oracle-power,198.04999999999998,dce590620499e54c31e2a6201c482884e2b9ae848ef5aa0731679eff56aaa216,161.63607862044427,random-window-front-multisetup-postmerge-v1,0.9535391424878252,159.13607862044427,164.13607862044427,active
2bcf527480fc201c,front,log-0116,0,10.0,self-supervised,198.04999999999998,dce590620499e54c31e2a6201c482884e2b9ae848ef5aa0731679eff56aaa216,161.63607862044427,random-window-front-multisetup-postmerge-v1,0.9535391424878252,156.63607862044427,166.63607862044427,active
e3027dab2bc4761d,front,log-0116,0,10.0,oracle-power,198.04999999999998,dce590620499e54c31e2a6201c482884e2b9ae848ef5aa0731679eff56aaa216,161.63607862044427,random-window-front-multisetup-postmerge-v1,0.9535391424878252,156.63607862044427,166.63607862044427,active
3183ea94bbfcca19,front,log-0116,0,20.0,self-supervised,198.04999999999998,dce590620499e54c31e2a6201c482884e2b9ae848ef5aa0731679eff56aaa216,161.63607862044427,random-window-front-multisetup-postmerge-v1,0.9535391424878252,151.63607862044427,171.63607862044427,active
2f946423ee7f33bc,front,log-0116,0,20.0,oracle-power,198.04999999999998,dce590620499e54c31e2a6201c482884e2b9ae848ef5aa0731679eff56aaa216,161.63607862044427,random-window-front-multisetup-postmerge-v1,0.9535391424878252,151.63607862044427,171.63607862044427,active
995b3b2690ad496b,front,log-0116,0,40.0,self-supervised,198.04999999999998,dce590620499e54c31e2a6201c482884e2b9ae848ef5aa0731679eff56aaa216,161.63607862044427,random-window-front-multisetup-postmerge-v1,0.9535391424878252,141.63607862044427,181.63607862044427,active
bf1b579750693ff1,front,log-0116,0,40.0,oracle-power,198.04999999999998,dce590620499e54c31e2a6201c482884e2b9ae848ef5aa0731679eff56aaa216,161.63607862044427,random-window-front-multisetup-postmerge-v1,0.9535391424878252,141.63607862044427,181.63607862044427,active
08ee6c03b6d2208f,front,log-0116,0,60.0,self-supervised,198.04999999999998,dce590620499e54c31e2a6201c482884e2b9ae848ef5aa0731679eff56aaa216,161.63607862044427,random-window-front-multisetup-postmerge-v1,0.9535391424878252,131.63607862044427,191.63607862044427,active
2ee4188786523f6d,front,log-0116,0,60.0,oracle-power,198.04999999999998,dce590620499e54c31e2a6201c482884e2b9ae848ef5aa0731679eff56aaa216,161.63607862044427,random-window-front-multisetup-postmerge-v1,0.9535391424878252,131.63607862044427,191.63607862044427,active
d977257d3dd98b2c,front,log-0116,1,5.0,self-supervised,198.04999999999998,dce590620499e54c31e2a6201c482884e2b9ae848ef5aa0731679eff56aaa216,81.01261406216341,random-window-front-multisetup-postmerge-v1,0.369522738588652,78.51261406216341,83.51261406216341,active
30a75e8844a8469f,front,log-0116,1,5.0,oracle-power,198.04999999999998,dce590620499e54c31e2a6201c482884e2b9ae848ef5aa0731679eff56aaa216,81.01261406216341,random-window-front-multisetup-postmerge-v1,0.369522738588652,78.51261406216341,83.51261406216341,active
4d4d52939d5faae3,front,log-0116,1,10.0,self-supervised,198.04999999999998,dce590620499e54c31e2a6201c482884e2b9ae848ef5aa0731679eff56aaa216,81.01261406216341,random-window-front-multisetup-postmerge-v1,0.369522738588652,76.01261406216341,86.01261406216341,active
8477f6e71388cd5c,front,log-0116,1,10.0,oracle-power,198.04999999999998,dce590620499e54c31e2a6201c482884e2b9ae848ef5aa0731679eff56aaa216,81.01261406216341,random-window-front-multisetup-postmerge-v1,0.369522738588652,76.01261406216341,86.01261406216341,active
880d02d1ba9c574e,front,log-0116,1,20.0,self-supervised,198.04999999999998,dce590620499e54c31e2a6201c482884e2b9ae848ef5aa0731679eff56aaa216,81.01261406216341,random-window-front-multisetup-postmerge-v1,0.369522738588652,71.01261406216341,91.01261406216341,active
ed275899c320cf08,front,log-0116,1,20.0,oracle-power,198.04999999999998,dce590620499e54c31e2a6201c482884e2b9ae848ef5aa0731679eff56aaa216,81.01261406216341,random-window-front-multisetup-postmerge-v1,0.369522738588652,71.01261406216341,91.01261406216341,active
2625f1ece4c04007,front,log-0116,1,40.0,self-supervised,198.04999999999998,dce590620499e54c31e2a6201c482884e2b9ae848ef5aa0731679eff56aaa216,81.01261406216341,random-window-front-multisetup-postmerge-v1,0.369522738588652,61.01261406216341,101.01261406216341,active
0d24c1257c6b4761,front,log-0116,1,40.0,oracle-power,198.04999999999998,dce590620499e54c31e2a6201c482884e2b9ae848ef5aa0731679eff56aaa216,81.01261406216341,random-window-front-multisetup-postmerge-v1,0.369522738588652,61.01261406216341,101.01261406216341,active
6e40c2bb087073d4,front,log-0116,1,60.0,self-supervised,198.04999999999998,dce590620499e54c31e2a6201c482884e2b9ae848ef5aa0731679eff56aaa216,81.01261406216341,random-window-front-multisetup-postmerge-v1,0.369522738588652,51.01261406216341,111.01261406216341,active
5b3e872441beb14d,front,log-0116,1,60.0,oracle-power,198.04999999999998,dce590620499e54c31e2a6201c482884e2b9ae848ef5aa0731679eff56aaa216,81.01261406216341,random-window-front-multisetup-postmerge-v1,0.369522738588652,51.01261406216341,111.01261406216341,active
c3e7d9b3e52f02ca,front,log-0116,2,5.0,self-supervised,198.04999999999998,dce590620499e54c31e2a6201c482884e2b9ae848ef5aa0731679eff56aaa216,127.75699007963665,random-window-front-multisetup-postmerge-v1,0.7081274181791862,125.25699007963665,130.25699007963664,active
92fe6fdb9381653f,front,log-0116,2,5.0,oracle-power,198.04999999999998,dce590620499e54c31e2a6201c482884e2b9ae848ef5aa0731679eff56aaa216,127.75699007963665,random-window-front-multisetup-postmerge-v1,0.7081274181791862,125.25699007963665,130.25699007963664,active
b900b1adcabeb992,front,log-0116,2,10.0,self-supervised,198.04999999999998,dce590620499e54c31e2a6201c482884e2b9ae848ef5aa0731679eff56aaa216,127.75699007963665,random-window-front-multisetup-postmerge-v1,0.7081274181791862,122.75699007963665,132.75699007963664,active
2ca4b761d87b2d2f,front,log-0116,2,10.0,oracle-power,198.04999999999998,dce590620499e54c31e2a6201c482884e2b9ae848ef5aa0731679eff56aaa216,127.75699007963665,random-window-front-multisetup-postmerge-v1,0.7081274181791862,122.75699007963665,132.75699007963664,active
8a7018df9ea4a6be,front,log-0116,2,20.0,self-supervised,198.04999999999998,dce590620499e54c31e2a6201c482884e2b9ae848ef5aa0731679eff56aaa216,127.75699007963665,random-window-front-multisetup-postmerge-v1,0.7081274181791862,117.75699007963665,137.75699007963664,active
00924ba4070a54a5,front,log-0116,2,20.0,oracle-power,198.04999999999998,dce590620499e54c31e2a6201c482884e2b9ae848ef5aa0731679eff56aaa216,127.75699007963665,random-window-front-multisetup-postmerge-v1,0.7081274181791862,117.75699007963665,137.75699007963664,active
76a7f2bd8df165e2,front,log-0116,2,40.0,self-supervised,198.04999999999998,dce590620499e54c31e2a6201c482884e2b9ae848ef5aa0731679eff56aaa216,127.75699007963665,random-window-front-multisetup-postmerge-v1,0.7081274181791862,107.75699007963665,147.75699007963664,active
b24fc58c0e6712de,front,log-0116,2,40.0,oracle-power,198.04999999999998,dce590620499e54c31e2a6201c482884e2b9ae848ef5aa0731679eff56aaa216,127.75699007963665,random-window-front-multisetup-postmerge-v1,0.7081274181791862,107.75699007963665,147.75699007963664,active
c495625fe623a54c,front,log-0116,2,60.0,self-supervised,198.04999999999998,dce590620499e54c31e2a6201c482884e2b9ae848ef5aa0731679eff56aaa216,127.75699007963665,random-window-front-multisetup-postmerge-v1,0.7081274181791862,97.75699007963665,157.75699007963664,active
a0113802894e6171,front,log-0116,2,60.0,oracle-power,198.04999999999998,dce590620499e54c31e2a6201c482884e2b9ae848ef5aa0731679eff56aaa216,127.75699007963665,random-window-front-multisetup-postmerge-v1,0.7081274181791862,97.75699007963665,157.75699007963664,active
16e965a75bb5939e,front,log-0116,3,5.0,self-supervised,198.04999999999998,dce590620499e54c31e2a6201c482884e2b9ae848ef5aa0731679eff56aaa216,157.84357336471714,random-window-front-multisetup-postmerge-v1,0.9260671739566617,155.34357336471714,160.34357336471714,active
cc7eb4605c0fcc22,front,log-0116,3,5.0,oracle-power,198.04999999999998,dce590620499e54c31e2a6201c482884e2b9ae848ef5aa0731679eff56aaa216,157.84357336471714,random-window-front-multisetup-postmerge-v1,0.9260671739566617,155.34357336471714,160.34357336471714,active
f484b8a911c9dcf4,front,log-0116,3,10.0,self-supervised,198.04999999999998,dce590620499e54c31e2a6201c482884e2b9ae848ef5aa0731679eff56aaa216,157.84357336471714,random-window-front-multisetup-postmerge-v1,0.9260671739566617,152.84357336471714,162.84357336471714,active
b440d576783940ae,front,log-0116,3,10.0,oracle-power,198.04999999999998,dce590620499e54c31e2a6201c482884e2b9ae848ef5aa0731679eff56aaa216,157.84357336471714,random-window-front-multisetup-postmerge-v1,0.9260671739566617,152.84357336471714,162.84357336471714,active
2f737c2bb39990e9,front,log-0116,3,20.0,self-supervised,198.04999999999998,dce590620499e54c31e2a6201c482884e2b9ae848ef5aa0731679eff56aaa216,157.84357336471714,random-window-front-multisetup-postmerge-v1,0.9260671739566617,147.84357336471714,167.84357336471714,active
ba0704f514ef9a55,front,log-0116,3,20.0,oracle-power,198.04999999999998,dce590620499e54c31e2a6201c482884e2b9ae848ef5aa0731679eff56aaa216,157.84357336471714,random-window-front-multisetup-postmerge-v1,0.9260671739566617,147.84357336471714,167.84357336471714,active
877057ebea09abcc,front,log-0116,3,40.0,self-supervised,198.04999999999998,dce590620499e54c31e2a6201c482884e2b9ae848ef5aa0731679eff56aaa216,157.84357336471714,random-window-front-multisetup-postmerge-v1,0.9260671739566617,137.84357336471714,177.84357336471714,active
33587162581456ad,front,log-0116,3,40.0,oracle-power,198.04999999999998,dce590620499e54c31e2a6201c482884e2b9ae848ef5aa0731679eff56aaa216,157.84357336471714,random-window-front-multisetup-postmerge-v1,0.9260671739566617,137.84357336471714,177.84357336471714,active
db144618df1ab7c8,front,log-0116,3,60.0,self-supervised,198.04999999999998,dce590620499e54c31e2a6201c482884e2b9ae848ef5aa0731679eff56aaa216,157.84357336471714,random-window-front-multisetup-postmerge-v1,0.9260671739566617,127.84357336471714,187.84357336471714,active
8b35309cb64298d9,front,log-0116,3,60.0,oracle-power,198.04999999999998,dce590620499e54c31e2a6201c482884e2b9ae848ef5aa0731679eff56aaa216,157.84357336471714,random-window-front-multisetup-postmerge-v1,0.9260671739566617,127.84357336471714,187.84357336471714,active
7cbd89d3b6d07b21,front,log-0122,0,5.0,self-supervised,344.6500000000001,9153506e64432bd700e43ecc637ed60863d9597f0f7c7f51965e33460a87e5a4,226.11485281262367,random-window-front-multisetup-postmerge-v1,0.6889683921047729,223.61485281262367,228.61485281262367,active
d96a10280898f3bf,front,log-0122,0,5.0,oracle-power,344.6500000000001,9153506e64432bd700e43ecc637ed60863d9597f0f7c7f51965e33460a87e5a4,226.11485281262367,random-window-front-multisetup-postmerge-v1,0.6889683921047729,223.61485281262367,228.61485281262367,active
be563040b46fa0b5,front,log-0122,0,10.0,self-supervised,344.6500000000001,9153506e64432bd700e43ecc637ed60863d9597f0f7c7f51965e33460a87e5a4,226.11485281262367,random-window-front-multisetup-postmerge-v1,0.6889683921047729,221.11485281262367,231.11485281262367,active
ec9a28824c6c0647,front,log-0122,0,10.0,oracle-power,344.6500000000001,9153506e64432bd700e43ecc637ed60863d9597f0f7c7f51965e33460a87e5a4,226.11485281262367,random-window-front-multisetup-postmerge-v1,0.6889683921047729,221.11485281262367,231.11485281262367,active
2457d847a82f0611,front,log-0122,0,20.0,self-supervised,344.6500000000001,9153506e64432bd700e43ecc637ed60863d9597f0f7c7f51965e33460a87e5a4,226.11485281262367,random-window-front-multisetup-postmerge-v1,0.6889683921047729,216.11485281262367,236.11485281262367,active
604213b492cbc8ab,front,log-0122,0,20.0,oracle-power,344.6500000000001,9153506e64432bd700e43ecc637ed60863d9597f0f7c7f51965e33460a87e5a4,226.11485281262367,random-window-front-multisetup-postmerge-v1,0.6889683921047729,216.11485281262367,236.11485281262367,active
383e8e079b11b768,front,log-0122,0,40.0,self-supervised,344.6500000000001,9153506e64432bd700e43ecc637ed60863d9597f0f7c7f51965e33460a87e5a4,226.11485281262367,random-window-front-multisetup-postmerge-v1,0.6889683921047729,206.11485281262367,246.11485281262367,active
fdcd8b885895a743,front,log-0122,0,40.0,oracle-power,344.6500000000001,9153506e64432bd700e43ecc637ed60863d9597f0f7c7f51965e33460a87e5a4,226.11485281262367,random-window-front-multisetup-postmerge-v1,0.6889683921047729,206.11485281262367,246.11485281262367,active
89d6281ce970d7e7,front,log-0122,0,60.0,self-supervised,344.6500000000001,9153506e64432bd700e43ecc637ed60863d9597f0f7c7f51965e33460a87e5a4,226.11485281262367,random-window-front-multisetup-postmerge-v1,0.6889683921047729,196.11485281262367,256.11485281262367,active
e1fc2b3e8cd1a160,front,log-0122,0,60.0,oracle-power,344.6500000000001,9153506e64432bd700e43ecc637ed60863d9597f0f7c7f51965e33460a87e5a4,226.11485281262367,random-window-front-multisetup-postmerge-v1,0.6889683921047729,196.11485281262367,256.11485281262367,active
919a2f499547517d,front,log-0122,1,5.0,self-supervised,344.6500000000001,9153506e64432bd700e43ecc637ed60863d9597f0f7c7f51965e33460a87e5a4,283.0406433677438,random-window-front-multisetup-postmerge-v1,0.8889536039618611,280.5406433677438,285.5406433677438,active
bf5619f74e75739e,front,log-0122,1,5.0,oracle-power,344.6500000000001,9153506e64432bd700e43ecc637ed60863d9597f0f7c7f51965e33460a87e5a4,283.0406433677438,random-window-front-multisetup-postmerge-v1,0.8889536039618611,280.5406433677438,285.5406433677438,active
49fdacbcd7973915,front,log-0122,1,10.0,self-supervised,344.6500000000001,9153506e64432bd700e43ecc637ed60863d9597f0f7c7f51965e33460a87e5a4,283.0406433677438,random-window-front-multisetup-postmerge-v1,0.8889536039618611,278.0406433677438,288.0406433677438,active
18912c62d037c7a9,front,log-0122,1,10.0,oracle-power,344.6500000000001,9153506e64432bd700e43ecc637ed60863d9597f0f7c7f51965e33460a87e5a4,283.0406433677438,random-window-front-multisetup-postmerge-v1,0.8889536039618611,278.0406433677438,288.0406433677438,active
6c983c70bc5d1272,front,log-0122,1,20.0,self-supervised,344.6500000000001,9153506e64432bd700e43ecc637ed60863d9597f0f7c7f51965e33460a87e5a4,283.0406433677438,random-window-front-multisetup-postmerge-v1,0.8889536039618611,273.0406433677438,293.0406433677438,active
7b5a3f8a7465219a,front,log-0122,1,20.0,oracle-power,344.6500000000001,9153506e64432bd700e43ecc637ed60863d9597f0f7c7f51965e33460a87e5a4,283.0406433677438,random-window-front-multisetup-postmerge-v1,0.8889536039618611,273.0406433677438,293.0406433677438,active
01954c0117ec15a3,front,log-0122,1,40.0,self-supervised,344.6500000000001,9153506e64432bd700e43ecc637ed60863d9597f0f7c7f51965e33460a87e5a4,283.0406433677438,random-window-front-multisetup-postmerge-v1,0.8889536039618611,263.0406433677438,303.0406433677438,active
86b15705c3fc12c6,front,log-0122,1,40.0,oracle-power,344.6500000000001,9153506e64432bd700e43ecc637ed60863d9597f0f7c7f51965e33460a87e5a4,283.0406433677438,random-window-front-multisetup-postmerge-v1,0.8889536039618611,263.0406433677438,303.0406433677438,active
4446412b4d219e1e,front,log-0122,1,60.0,self-supervised,344.6500000000001,9153506e64432bd700e43ecc637ed60863d9597f0f7c7f51965e33460a87e5a4,283.0406433677438,random-window-front-multisetup-postmerge-v1,0.8889536039618611,253.04064336774383,313.0406433677438,active
299583491fac65da,front,log-0122,1,60.0,oracle-power,344.6500000000001,9153506e64432bd700e43ecc637ed60863d9597f0f7c7f51965e33460a87e5a4,283.0406433677438,random-window-front-multisetup-postmerge-v1,0.8889536039618611,253.04064336774383,313.0406433677438,active
d78f3be44ccaad79,front,log-0122,2,5.0,self-supervised,344.6500000000001,9153506e64432bd700e43ecc637ed60863d9597f0f7c7f51965e33460a87e5a4,84.32269668832484,random-window-front-multisetup-postmerge-v1,0.19084031859590667,81.82269668832484,86.82269668832484,active
9f025ad7417cd798,front,log-0122,2,5.0,oracle-power,344.6500000000001,9153506e64432bd700e43ecc637ed60863d9597f0f7c7f51965e33460a87e5a4,84.32269668832484,random-window-front-multisetup-postmerge-v1,0.19084031859590667,81.82269668832484,86.82269668832484,active
66e447d11c761536,front,log-0122,2,10.0,self-supervised,344.6500000000001,9153506e64432bd700e43ecc637ed60863d9597f0f7c7f51965e33460a87e5a4,84.32269668832484,random-window-front-multisetup-postmerge-v1,0.19084031859590667,79.32269668832484,89.32269668832484,active
8503bab2b0ec567b,front,log-0122,2,10.0,oracle-power,344.6500000000001,9153506e64432bd700e43ecc637ed60863d9597f0f7c7f51965e33460a87e5a4,84.32269668832484,random-window-front-multisetup-postmerge-v1,0.19084031859590667,79.32269668832484,89.32269668832484,active
e9ad4233ebbf69b7,front,log-0122,2,20.0,self-supervised,344.6500000000001,9153506e64432bd700e43ecc637ed60863d9597f0f7c7f51965e33460a87e5a4,84.32269668832484,random-window-front-multisetup-postmerge-v1,0.19084031859590667,74.32269668832484,94.32269668832484,active
13e890a4d7600b2c,front,log-0122,2,20.0,oracle-power,344.6500000000001,9153506e64432bd700e43ecc637ed60863d9597f0f7c7f51965e33460a87e5a4,84.32269668832484,random-window-front-multisetup-postmerge-v1,0.19084031859590667,74.32269668832484,94.32269668832484,active
12005d522149e967,front,log-0122,2,40.0,self-supervised,344.6500000000001,9153506e64432bd700e43ecc637ed60863d9597f0f7c7f51965e33460a87e5a4,84.32269668832484,random-window-front-multisetup-postmerge-v1,0.19084031859590667,64.32269668832484,104.32269668832484,active
e67a3d63b9c4504c,front,log-0122,2,40.0,oracle-power,344.6500000000001,9153506e64432bd700e43ecc637ed60863d9597f0f7c7f51965e33460a87e5a4,84.32269668832484,random-window-front-multisetup-postmerge-v1,0.19084031859590667,64.32269668832484,104.32269668832484,active
b88ffe2c9379bf55,front,log-0122,2,60.0,self-supervised,344.6500000000001,9153506e64432bd700e43ecc637ed60863d9597f0f7c7f51965e33460a87e5a4,84.32269668832484,random-window-front-multisetup-postmerge-v1,0.19084031859590667,54.32269668832484,114.32269668832484,active
34d8e94fc5a3ae17,front,log-0122,2,60.0,oracle-power,344.6500000000001,9153506e64432bd700e43ecc637ed60863d9597f0f7c7f51965e33460a87e5a4,84.32269668832484,random-window-front-multisetup-postmerge-v1,0.19084031859590667,54.32269668832484,114.32269668832484,active
121835914bfab3f6,front,log-0122,3,5.0,self-supervised,344.6500000000001,9153506e64432bd700e43ecc637ed60863d9597f0f7c7f51965e33460a87e5a4,175.57895520703954,random-window-front-multisetup-postmerge-v1,0.5114314252838205,173.07895520703954,178.07895520703954,active
4e1c9ad50a4854e5,front,log-0122,3,5.0,oracle-power,344.6500000000001,9153506e64432bd700e43ecc637ed60863d9597f0f7c7f51965e33460a87e5a4,175.57895520703954,random-window-front-multisetup-postmerge-v1,0.5114314252838205,173.07895520703954,178.07895520703954,active
e9722cffdb669d23,front,log-0122,3,10.0,self-supervised,344.6500000000001,9153506e64432bd700e43ecc637ed60863d9597f0f7c7f51965e33460a87e5a4,175.57895520703954,random-window-front-multisetup-postmerge-v1,0.5114314252838205,170.57895520703954,180.57895520703954,active
cd100172b401e8ff,front,log-0122,3,10.0,oracle-power,344.6500000000001,9153506e64432bd700e43ecc637ed60863d9597f0f7c7f51965e33460a87e5a4,175.57895520703954,random-window-front-multisetup-postmerge-v1,0.5114314252838205,170.57895520703954,180.57895520703954,active
b7f2104c1f355750,front,log-0122,3,20.0,self-supervised,344.6500000000001,9153506e64432bd700e43ecc637ed60863d9597f0f7c7f51965e33460a87e5a4,175.57895520703954,random-window-front-multisetup-postmerge-v1,0.5114314252838205,165.57895520703954,185.57895520703954,active
f9d09ad608af93b6,front,log-0122,3,20.0,oracle-power,344.6500000000001,9153506e64432bd700e43ecc637ed60863d9597f0f7c7f51965e33460a87e5a4,175.57895520703954,random-window-front-multisetup-postmerge-v1,0.5114314252838205,165.57895520703954,185.57895520703954,active
4587ece9a20ebfa7,front,log-0122,3,40.0,self-supervised,344.6500000000001,9153506e64432bd700e43ecc637ed60863d9597f0f7c7f51965e33460a87e5a4,175.57895520703954,random-window-front-multisetup-postmerge-v1,0.5114314252838205,155.57895520703954,195.57895520703954,active
e6910361a153870b,front,log-0122,3,40.0,oracle-power,344.6500000000001,9153506e64432bd700e43ecc637ed60863d9597f0f7c7f51965e33460a87e5a4,175.57895520703954,random-window-front-multisetup-postmerge-v1,0.5114314252838205,155.57895520703954,195.57895520703954,active
02c2be003690349f,front,log-0122,3,60.0,self-supervised,344.6500000000001,9153506e64432bd700e43ecc637ed60863d9597f0f7c7f51965e33460a87e5a4,175.57895520703954,random-window-front-multisetup-postmerge-v1,0.5114314252838205,145.57895520703954,205.57895520703954,active
505dbef7f962419d,front,log-0122,3,60.0,oracle-power,344.6500000000001,9153506e64432bd700e43ecc637ed60863d9597f0f7c7f51965e33460a87e5a4,175.57895520703954,random-window-front-multisetup-postmerge-v1,0.5114314252838205,145.57895520703954,205.57895520703954,active
dee1d4429e382910,front,log-0129,0,5.0,self-supervised,446.17000000000013,5c37ae54159d7f2983db865fa277f632fbdb7644a6deea31e3d885291f24eb86,177.21193711985117,random-window-front-multisetup-postmerge-v1,0.381210184944069,174.71193711985117,179.71193711985117,active
eb56fa0888889e88,front,log-0129,0,5.0,oracle-power,446.17000000000013,5c37ae54159d7f2983db865fa277f632fbdb7644a6deea31e3d885291f24eb86,177.21193711985117,random-window-front-multisetup-postmerge-v1,0.381210184944069,174.71193711985117,179.71193711985117,active
c9f10b47f2604c89,front,log-0129,0,10.0,self-supervised,446.17000000000013,5c37ae54159d7f2983db865fa277f632fbdb7644a6deea31e3d885291f24eb86,177.21193711985117,random-window-front-multisetup-postmerge-v1,0.381210184944069,172.21193711985117,182.21193711985117,active
e950fadd95fa97c6,front,log-0129,0,10.0,oracle-power,446.17000000000013,5c37ae54159d7f2983db865fa277f632fbdb7644a6deea31e3d885291f24eb86,177.21193711985117,random-window-front-multisetup-postmerge-v1,0.381210184944069,172.21193711985117,182.21193711985117,active
fc063cb82dcc6d69,front,log-0129,0,20.0,self-supervised,446.17000000000013,5c37ae54159d7f2983db865fa277f632fbdb7644a6deea31e3d885291f24eb86,177.21193711985117,random-window-front-multisetup-postmerge-v1,0.381210184944069,167.21193711985117,187.21193711985117,active
5a759fea194f7870,front,log-0129,0,20.0,oracle-power,446.17000000000013,5c37ae54159d7f2983db865fa277f632fbdb7644a6deea31e3d885291f24eb86,177.21193711985117,random-window-front-multisetup-postmerge-v1,0.381210184944069,167.21193711985117,187.21193711985117,active
5dee2909639a7c9b,front,log-0129,0,40.0,self-supervised,446.17000000000013,5c37ae54159d7f2983db865fa277f632fbdb7644a6deea31e3d885291f24eb86,177.21193711985117,random-window-front-multisetup-postmerge-v1,0.381210184944069,157.21193711985117,197.21193711985117,active
99829538a533aab2,front,log-0129,0,40.0,oracle-power,446.17000000000013,5c37ae54159d7f2983db865fa277f632fbdb7644a6deea31e3d885291f24eb86,177.21193711985117,random-window-front-multisetup-postmerge-v1,0.381210184944069,157.21193711985117,197.21193711985117,active
104730fcab04ac7c,front,log-0129,0,60.0,self-supervised,446.17000000000013,5c37ae54159d7f2983db865fa277f632fbdb7644a6deea31e3d885291f24eb86,177.21193711985117,random-window-front-multisetup-postmerge-v1,0.381210184944069,147.21193711985117,207.21193711985117,active
f04cdd6a412fc065,front,log-0129,0,60.0,oracle-power,446.17000000000013,5c37ae54159d7f2983db865fa277f632fbdb7644a6deea31e3d885291f24eb86,177.21193711985117,random-window-front-multisetup-postmerge-v1,0.381210184944069,147.21193711985117,207.21193711985117,active
6753ce0ba7dcbfc9,front,log-0129,1,5.0,self-supervised,446.17000000000013,5c37ae54159d7f2983db865fa277f632fbdb7644a6deea31e3d885291f24eb86,183.73855227322122,random-window-front-multisetup-postmerge-v1,0.39811107096154846,181.23855227322122,186.23855227322122,active
3edbb2cd08243bec,front,log-0129,1,5.0,oracle-power,446.17000000000013,5c37ae54159d7f2983db865fa277f632fbdb7644a6deea31e3d885291f24eb86,183.73855227322122,random-window-front-multisetup-postmerge-v1,0.39811107096154846,181.23855227322122,186.23855227322122,active
39d05018c635fb0b,front,log-0129,1,10.0,self-supervised,446.17000000000013,5c37ae54159d7f2983db865fa277f632fbdb7644a6deea31e3d885291f24eb86,183.73855227322122,random-window-front-multisetup-postmerge-v1,0.39811107096154846,178.73855227322122,188.73855227322122,active
bf654298f52a70e1,front,log-0129,1,10.0,oracle-power,446.17000000000013,5c37ae54159d7f2983db865fa277f632fbdb7644a6deea31e3d885291f24eb86,183.73855227322122,random-window-front-multisetup-postmerge-v1,0.39811107096154846,178.73855227322122,188.73855227322122,active
c530b6fe8874346c,front,log-0129,1,20.0,self-supervised,446.17000000000013,5c37ae54159d7f2983db865fa277f632fbdb7644a6deea31e3d885291f24eb86,183.73855227322122,random-window-front-multisetup-postmerge-v1,0.39811107096154846,173.73855227322122,193.73855227322122,active
ca2042e389701cd9,front,log-0129,1,20.0,oracle-power,446.17000000000013,5c37ae54159d7f2983db865fa277f632fbdb7644a6deea31e3d885291f24eb86,183.73855227322122,random-window-front-multisetup-postmerge-v1,0.39811107096154846,173.73855227322122,193.73855227322122,active
9cf2e5f1ec884f79,front,log-0129,1,40.0,self-supervised,446.17000000000013,5c37ae54159d7f2983db865fa277f632fbdb7644a6deea31e3d885291f24eb86,183.73855227322122,random-window-front-multisetup-postmerge-v1,0.39811107096154846,163.73855227322122,203.73855227322122,active
944b5468f781d2b3,front,log-0129,1,40.0,oracle-power,446.17000000000013,5c37ae54159d7f2983db865fa277f632fbdb7644a6deea31e3d885291f24eb86,183.73855227322122,random-window-front-multisetup-postmerge-v1,0.39811107096154846,163.73855227322122,203.73855227322122,active
15c246a7553139a6,front,log-0129,1,60.0,self-supervised,446.17000000000013,5c37ae54159d7f2983db865fa277f632fbdb7644a6deea31e3d885291f24eb86,183.73855227322122,random-window-front-multisetup-postmerge-v1,0.39811107096154846,153.73855227322122,213.73855227322122,active
5403eef4f6050280,front,log-0129,1,60.0,oracle-power,446.17000000000013,5c37ae54159d7f2983db865fa277f632fbdb7644a6deea31e3d885291f24eb86,183.73855227322122,random-window-front-multisetup-postmerge-v1,0.39811107096154846,153.73855227322122,213.73855227322122,active
bddde1d42bbf0fdf,front,log-0129,2,5.0,self-supervised,446.17000000000013,5c37ae54159d7f2983db865fa277f632fbdb7644a6deea31e3d885291f24eb86,53.75587177444308,random-window-front-multisetup-postmerge-v1,0.06151661644986164,51.25587177444308,56.25587177444308,active
43659a7fa5d864f5,front,log-0129,2,5.0,oracle-power,446.17000000000013,5c37ae54159d7f2983db865fa277f632fbdb7644a6deea31e3d885291f24eb86,53.75587177444308,random-window-front-multisetup-postmerge-v1,0.06151661644986164,51.25587177444308,56.25587177444308,active
9f215c973a239734,front,log-0129,2,10.0,self-supervised,446.17000000000013,5c37ae54159d7f2983db865fa277f632fbdb7644a6deea31e3d885291f24eb86,53.75587177444308,random-window-front-multisetup-postmerge-v1,0.06151661644986164,48.75587177444308,58.75587177444308,active
c8ca2953fb86bcc5,front,log-0129,2,10.0,oracle-power,446.17000000000013,5c37ae54159d7f2983db865fa277f632fbdb7644a6deea31e3d885291f24eb86,53.75587177444308,random-window-front-multisetup-postmerge-v1,0.06151661644986164,48.75587177444308,58.75587177444308,active
2db7a124b13645b5,front,log-0129,2,20.0,self-supervised,446.17000000000013,5c37ae54159d7f2983db865fa277f632fbdb7644a6deea31e3d885291f24eb86,53.75587177444308,random-window-front-multisetup-postmerge-v1,0.06151661644986164,43.75587177444308,63.75587177444308,active
de59305cd64220f6,front,log-0129,2,20.0,oracle-power,446.17000000000013,5c37ae54159d7f2983db865fa277f632fbdb7644a6deea31e3d885291f24eb86,53.75587177444308,random-window-front-multisetup-postmerge-v1,0.06151661644986164,43.75587177444308,63.75587177444308,active
da6d0d9f5f5499ab,front,log-0129,2,40.0,self-supervised,446.17000000000013,5c37ae54159d7f2983db865fa277f632fbdb7644a6deea31e3d885291f24eb86,53.75587177444308,random-window-front-multisetup-postmerge-v1,0.06151661644986164,33.75587177444308,73.75587177444308,active
45561e8e55da7153,front,log-0129,2,40.0,oracle-power,446.17000000000013,5c37ae54159d7f2983db865fa277f632fbdb7644a6deea31e3d885291f24eb86,53.75587177444308,random-window-front-multisetup-postmerge-v1,0.06151661644986164,33.75587177444308,73.75587177444308,active
8eff9a717f559446,front,log-0129,2,60.0,self-supervised,446.17000000000013,5c37ae54159d7f2983db865fa277f632fbdb7644a6deea31e3d885291f24eb86,53.75587177444308,random-window-front-multisetup-postmerge-v1,0.06151661644986164,23.75587177444308,83.75587177444308,active
1b54d351cca40534,front,log-0129,2,60.0,oracle-power,446.17000000000013,5c37ae54159d7f2983db865fa277f632fbdb7644a6deea31e3d885291f24eb86,53.75587177444308,random-window-front-multisetup-postmerge-v1,0.06151661644986164,23.75587177444308,83.75587177444308,active
c6ae3639f9db5bca,front,log-0129,3,5.0,self-supervised,446.17000000000013,5c37ae54159d7f2983db865fa277f632fbdb7644a6deea31e3d885291f24eb86,383.23160588526525,random-window-front-multisetup-postmerge-v1,0.9147049379425257,380.73160588526525,385.73160588526525,active
954515c584c4a08c,front,log-0129,3,5.0,oracle-power,446.17000000000013,5c37ae54159d7f2983db865fa277f632fbdb7644a6deea31e3d885291f24eb86,383.23160588526525,random-window-front-multisetup-postmerge-v1,0.9147049379425257,380.73160588526525,385.73160588526525,active
b73d019ae045bc0c,front,log-0129,3,10.0,self-supervised,446.17000000000013,5c37ae54159d7f2983db865fa277f632fbdb7644a6deea31e3d885291f24eb86,383.23160588526525,random-window-front-multisetup-postmerge-v1,0.9147049379425257,378.23160588526525,388.23160588526525,active
56d78b154539280e,front,log-0129,3,10.0,oracle-power,446.17000000000013,5c37ae54159d7f2983db865fa277f632fbdb7644a6deea31e3d885291f24eb86,383.23160588526525,random-window-front-multisetup-postmerge-v1,0.9147049379425257,378.23160588526525,388.23160588526525,active
b48f9bc2a3177a4c,front,log-0129,3,20.0,self-supervised,446.17000000000013,5c37ae54159d7f2983db865fa277f632fbdb7644a6deea31e3d885291f24eb86,383.23160588526525,random-window-front-multisetup-postmerge-v1,0.9147049379425257,373.23160588526525,393.23160588526525,active
2306bdd9733d5ccb,front,log-0129,3,20.0,oracle-power,446.17000000000013,5c37ae54159d7f2983db865fa277f632fbdb7644a6deea31e3d885291f24eb86,383.23160588526525,random-window-front-multisetup-postmerge-v1,0.9147049379425257,373.23160588526525,393.23160588526525,active
8ae58dcd161f006d,front,log-0129,3,40.0,self-supervised,446.17000000000013,5c37ae54159d7f2983db865fa277f632fbdb7644a6deea31e3d885291f24eb86,383.23160588526525,random-window-front-multisetup-postmerge-v1,0.9147049379425257,363.23160588526525,403.23160588526525,active
024e5345676a8934,front,log-0129,3,40.0,oracle-power,446.17000000000013,5c37ae54159d7f2983db865fa277f632fbdb7644a6deea31e3d885291f24eb86,383.23160588526525,random-window-front-multisetup-postmerge-v1,0.9147049379425257,363.23160588526525,403.23160588526525,active
468399f9b005adfe,front,log-0129,3,60.0,self-supervised,446.17000000000013,5c37ae54159d7f2983db865fa277f632fbdb7644a6deea31e3d885291f24eb86,383.23160588526525,random-window-front-multisetup-postmerge-v1,0.9147049379425257,353.23160588526525,413.23160588526525,active
fb8c330e075bdeec,front,log-0129,3,60.0,oracle-power,446.17000000000013,5c37ae54159d7f2983db865fa277f632fbdb7644a6deea31e3d885291f24eb86,383.23160588526525,random-window-front-multisetup-postmerge-v1,0.9147049379425257,353.23160588526525,413.23160588526525,active
e1285b5fedab5e4b,front,log-0145-filtered-c01,0,5.0,self-supervised,371.32000000000005,b4567ddc89cca7ed1bb415d4da87ae50c5a47ff64bb696265444027945e01e38,306.05536260256457,random-window-front-multisetup-postmerge-v1,0.8867254355729298,303.55536260256457,308.55536260256457,active
32b768c2e3c82a92,front,log-0145-filtered-c01,0,5.0,oracle-power,371.32000000000005,b4567ddc89cca7ed1bb415d4da87ae50c5a47ff64bb696265444027945e01e38,306.05536260256457,random-window-front-multisetup-postmerge-v1,0.8867254355729298,303.55536260256457,308.55536260256457,active
ea13ed5e7b1a0de4,front,log-0145-filtered-c01,0,10.0,self-supervised,371.32000000000005,b4567ddc89cca7ed1bb415d4da87ae50c5a47ff64bb696265444027945e01e38,306.05536260256457,random-window-front-multisetup-postmerge-v1,0.8867254355729298,301.05536260256457,311.05536260256457,active
09a0238be9d9f95b,front,log-0145-filtered-c01,0,10.0,oracle-power,371.32000000000005,b4567ddc89cca7ed1bb415d4da87ae50c5a47ff64bb696265444027945e01e38,306.05536260256457,random-window-front-multisetup-postmerge-v1,0.8867254355729298,301.05536260256457,311.05536260256457,active
037bbfdd87fa8e8e,front,log-0145-filtered-c01,0,20.0,self-supervised,371.32000000000005,b4567ddc89cca7ed1bb415d4da87ae50c5a47ff64bb696265444027945e01e38,306.05536260256457,random-window-front-multisetup-postmerge-v1,0.8867254355729298,296.05536260256457,316.05536260256457,active
9d6bb240ebd926cc,front,log-0145-filtered-c01,0,20.0,oracle-power,371.32000000000005,b4567ddc89cca7ed1bb415d4da87ae50c5a47ff64bb696265444027945e01e38,306.05536260256457,random-window-front-multisetup-postmerge-v1,0.8867254355729298,296.05536260256457,316.05536260256457,active
5e84eb4db5a9cdc1,front,log-0145-filtered-c01,0,40.0,self-supervised,371.32000000000005,b4567ddc89cca7ed1bb415d4da87ae50c5a47ff64bb696265444027945e01e38,306.05536260256457,random-window-front-multisetup-postmerge-v1,0.8867254355729298,286.05536260256457,326.05536260256457,active
21a456391829efb3,front,log-0145-filtered-c01,0,40.0,oracle-power,371.32000000000005,b4567ddc89cca7ed1bb415d4da87ae50c5a47ff64bb696265444027945e01e38,306.05536260256457,random-window-front-multisetup-postmerge-v1,0.8867254355729298,286.05536260256457,326.05536260256457,active
a05562694c997b44,front,log-0145-filtered-c01,0,60.0,self-supervised,371.32000000000005,b4567ddc89cca7ed1bb415d4da87ae50c5a47ff64bb696265444027945e01e38,306.05536260256457,random-window-front-multisetup-postmerge-v1,0.8867254355729298,276.05536260256457,336.05536260256457,active
216be9b675558cfe,front,log-0145-filtered-c01,0,60.0,oracle-power,371.32000000000005,b4567ddc89cca7ed1bb415d4da87ae50c5a47ff64bb696265444027945e01e38,306.05536260256457,random-window-front-multisetup-postmerge-v1,0.8867254355729298,276.05536260256457,336.05536260256457,active
0454c226799b7ee7,front,log-0145-filtered-c01,1,5.0,self-supervised,371.32000000000005,b4567ddc89cca7ed1bb415d4da87ae50c5a47ff64bb696265444027945e01e38,208.08167338620962,random-window-front-multisetup-postmerge-v1,0.572021307292206,205.58167338620962,210.58167338620962,active
829d754f8d39778a,front,log-0145-filtered-c01,1,5.0,oracle-power,371.32000000000005,b4567ddc89cca7ed1bb415d4da87ae50c5a47ff64bb696265444027945e01e38,208.08167338620962,random-window-front-multisetup-postmerge-v1,0.572021307292206,205.58167338620962,210.58167338620962,active
99710650a30e19bf,front,log-0145-filtered-c01,1,10.0,self-supervised,371.32000000000005,b4567ddc89cca7ed1bb415d4da87ae50c5a47ff64bb696265444027945e01e38,208.08167338620962,random-window-front-multisetup-postmerge-v1,0.572021307292206,203.08167338620962,213.08167338620962,active
4d5fe28504c3aeeb,front,log-0145-filtered-c01,1,10.0,oracle-power,371.32000000000005,b4567ddc89cca7ed1bb415d4da87ae50c5a47ff64bb696265444027945e01e38,208.08167338620962,random-window-front-multisetup-postmerge-v1,0.572021307292206,203.08167338620962,213.08167338620962,active
3d57675423e5846b,front,log-0145-filtered-c01,1,20.0,self-supervised,371.32000000000005,b4567ddc89cca7ed1bb415d4da87ae50c5a47ff64bb696265444027945e01e38,208.08167338620962,random-window-front-multisetup-postmerge-v1,0.572021307292206,198.08167338620962,218.08167338620962,active
27b68d191b668b8f,front,log-0145-filtered-c01,1,20.0,oracle-power,371.32000000000005,b4567ddc89cca7ed1bb415d4da87ae50c5a47ff64bb696265444027945e01e38,208.08167338620962,random-window-front-multisetup-postmerge-v1,0.572021307292206,198.08167338620962,218.08167338620962,active
596cbe9e6ebd0116,front,log-0145-filtered-c01,1,40.0,self-supervised,371.32000000000005,b4567ddc89cca7ed1bb415d4da87ae50c5a47ff64bb696265444027945e01e38,208.08167338620962,random-window-front-multisetup-postmerge-v1,0.572021307292206,188.08167338620962,228.08167338620962,active
c3a606d4136d998a,front,log-0145-filtered-c01,1,40.0,oracle-power,371.32000000000005,b4567ddc89cca7ed1bb415d4da87ae50c5a47ff64bb696265444027945e01e38,208.08167338620962,random-window-front-multisetup-postmerge-v1,0.572021307292206,188.08167338620962,228.08167338620962,active
4da593cefdcb74da,front,log-0145-filtered-c01,1,60.0,self-supervised,371.32000000000005,b4567ddc89cca7ed1bb415d4da87ae50c5a47ff64bb696265444027945e01e38,208.08167338620962,random-window-front-multisetup-postmerge-v1,0.572021307292206,178.08167338620962,238.08167338620962,active
da85d7e59d3332aa,front,log-0145-filtered-c01,1,60.0,oracle-power,371.32000000000005,b4567ddc89cca7ed1bb415d4da87ae50c5a47ff64bb696265444027945e01e38,208.08167338620962,random-window-front-multisetup-postmerge-v1,0.572021307292206,178.08167338620962,238.08167338620962,active
119de46261f463de,front,log-0145-filtered-c01,2,5.0,self-supervised,371.32000000000005,b4567ddc89cca7ed1bb415d4da87ae50c5a47ff64bb696265444027945e01e38,250.02095751685937,random-window-front-multisetup-postmerge-v1,0.7067356980497859,247.52095751685937,252.52095751685937,active
101f56168a902ca3,front,log-0145-filtered-c01,2,5.0,oracle-power,371.32000000000005,b4567ddc89cca7ed1bb415d4da87ae50c5a47ff64bb696265444027945e01e38,250.02095751685937,random-window-front-multisetup-postmerge-v1,0.7067356980497859,247.52095751685937,252.52095751685937,active
3eb35ef6ac853ea4,front,log-0145-filtered-c01,2,10.0,self-supervised,371.32000000000005,b4567ddc89cca7ed1bb415d4da87ae50c5a47ff64bb696265444027945e01e38,250.02095751685937,random-window-front-multisetup-postmerge-v1,0.7067356980497859,245.02095751685937,255.02095751685937,active
61e3d83a3150845e,front,log-0145-filtered-c01,2,10.0,oracle-power,371.32000000000005,b4567ddc89cca7ed1bb415d4da87ae50c5a47ff64bb696265444027945e01e38,250.02095751685937,random-window-front-multisetup-postmerge-v1,0.7067356980497859,245.02095751685937,255.02095751685937,active
87cd7fbbd0c98605,front,log-0145-filtered-c01,2,20.0,self-supervised,371.32000000000005,b4567ddc89cca7ed1bb415d4da87ae50c5a47ff64bb696265444027945e01e38,250.02095751685937,random-window-front-multisetup-postmerge-v1,0.7067356980497859,240.02095751685937,260.02095751685937,active
feb85ee75544a105,front,log-0145-filtered-c01,2,20.0,oracle-power,371.32000000000005,b4567ddc89cca7ed1bb415d4da87ae50c5a47ff64bb696265444027945e01e38,250.02095751685937,random-window-front-multisetup-postmerge-v1,0.7067356980497859,240.02095751685937,260.02095751685937,active
911692b77fa5298a,front,log-0145-filtered-c01,2,40.0,self-supervised,371.32000000000005,b4567ddc89cca7ed1bb415d4da87ae50c5a47ff64bb696265444027945e01e38,250.02095751685937,random-window-front-multisetup-postmerge-v1,0.7067356980497859,230.02095751685937,270.02095751685937,active
f9c36289fdd580f6,front,log-0145-filtered-c01,2,40.0,oracle-power,371.32000000000005,b4567ddc89cca7ed1bb415d4da87ae50c5a47ff64bb696265444027945e01e38,250.02095751685937,random-window-front-multisetup-postmerge-v1,0.7067356980497859,230.02095751685937,270.02095751685937,active
e0f6b5d10eec9ca4,front,log-0145-filtered-c01,2,60.0,self-supervised,371.32000000000005,b4567ddc89cca7ed1bb415d4da87ae50c5a47ff64bb696265444027945e01e38,250.02095751685937,random-window-front-multisetup-postmerge-v1,0.7067356980497859,220.02095751685937,280.02095751685937,active
64756326612c2298,front,log-0145-filtered-c01,2,60.0,oracle-power,371.32000000000005,b4567ddc89cca7ed1bb415d4da87ae50c5a47ff64bb696265444027945e01e38,250.02095751685937,random-window-front-multisetup-postmerge-v1,0.7067356980497859,220.02095751685937,280.02095751685937,active
2f5f7d6025ac6643,front,log-0145-filtered-c01,3,5.0,self-supervised,371.32000000000005,b4567ddc89cca7ed1bb415d4da87ae50c5a47ff64bb696265444027945e01e38,190.30409801269542,random-window-front-multisetup-postmerge-v1,0.5149174419012443,187.80409801269542,192.80409801269542,active
3f61b2d54a6e079a,front,log-0145-filtered-c01,3,5.0,oracle-power,371.32000000000005,b4567ddc89cca7ed1bb415d4da87ae50c5a47ff64bb696265444027945e01e38,190.30409801269542,random-window-front-multisetup-postmerge-v1,0.5149174419012443,187.80409801269542,192.80409801269542,active
5c9aab46dc81dcf0,front,log-0145-filtered-c01,3,10.0,self-supervised,371.32000000000005,b4567ddc89cca7ed1bb415d4da87ae50c5a47ff64bb696265444027945e01e38,190.30409801269542,random-window-front-multisetup-postmerge-v1,0.5149174419012443,185.30409801269542,195.30409801269542,active
82da3ece320832e9,front,log-0145-filtered-c01,3,10.0,oracle-power,371.32000000000005,b4567ddc89cca7ed1bb415d4da87ae50c5a47ff64bb696265444027945e01e38,190.30409801269542,random-window-front-multisetup-postmerge-v1,0.5149174419012443,185.30409801269542,195.30409801269542,active
cf22261ffa0bcb8e,front,log-0145-filtered-c01,3,20.0,self-supervised,371.32000000000005,b4567ddc89cca7ed1bb415d4da87ae50c5a47ff64bb696265444027945e01e38,190.30409801269542,random-window-front-multisetup-postmerge-v1,0.5149174419012443,180.30409801269542,200.30409801269542,active
c2e22d78615dfd76,front,log-0145-filtered-c01,3,20.0,oracle-power,371.32000000000005,b4567ddc89cca7ed1bb415d4da87ae50c5a47ff64bb696265444027945e01e38,190.30409801269542,random-window-front-multisetup-postmerge-v1,0.5149174419012443,180.30409801269542,200.30409801269542,active
6ea2e7e5320cea5e,front,log-0145-filtered-c01,3,40.0,self-supervised,371.32000000000005,b4567ddc89cca7ed1bb415d4da87ae50c5a47ff64bb696265444027945e01e38,190.30409801269542,random-window-front-multisetup-postmerge-v1,0.5149174419012443,170.30409801269542,210.30409801269542,active
316e2ae090e2e50f,front,log-0145-filtered-c01,3,40.0,oracle-power,371.32000000000005,b4567ddc89cca7ed1bb415d4da87ae50c5a47ff64bb696265444027945e01e38,190.30409801269542,random-window-front-multisetup-postmerge-v1,0.5149174419012443,170.30409801269542,210.30409801269542,active
d3905414d78d5315,front,log-0145-filtered-c01,3,60.0,self-supervised,371.32000000000005,b4567ddc89cca7ed1bb415d4da87ae50c5a47ff64bb696265444027945e01e38,190.30409801269542,random-window-front-multisetup-postmerge-v1,0.5149174419012443,160.30409801269542,220.30409801269542,active
a71e695b6e3d2b4b,front,log-0145-filtered-c01,3,60.0,oracle-power,371.32000000000005,b4567ddc89cca7ed1bb415d4da87ae50c5a47ff64bb696265444027945e01e38,190.30409801269542,random-window-front-multisetup-postmerge-v1,0.5149174419012443,160.30409801269542,220.30409801269542,active
deedcbee52beb3dd,front,log-0147-filtered-c02,0,5.0,self-supervised,348.615,bbdb09466a7f628ba2daedc3b8f07662679b8058ea82622232113c6049ce7107,114.85538913358894,random-window-front-multisetup-postmerge-v1,0.29400893624236074,112.35538913358894,117.35538913358894,active
91c5b23a735af0a7,front,log-0147-filtered-c02,0,5.0,oracle-power,348.615,bbdb09466a7f628ba2daedc3b8f07662679b8058ea82622232113c6049ce7107,114.85538913358894,random-window-front-multisetup-postmerge-v1,0.29400893624236074,112.35538913358894,117.35538913358894,active
0941113118fafd01,front,log-0147-filtered-c02,0,10.0,self-supervised,348.615,bbdb09466a7f628ba2daedc3b8f07662679b8058ea82622232113c6049ce7107,114.85538913358894,random-window-front-multisetup-postmerge-v1,0.29400893624236074,109.85538913358894,119.85538913358894,active
ed6409cebf9f8561,front,log-0147-filtered-c02,0,10.0,oracle-power,348.615,bbdb09466a7f628ba2daedc3b8f07662679b8058ea82622232113c6049ce7107,114.85538913358894,random-window-front-multisetup-postmerge-v1,0.29400893624236074,109.85538913358894,119.85538913358894,active
38d43d2fc5ad8def,front,log-0147-filtered-c02,0,20.0,self-supervised,348.615,bbdb09466a7f628ba2daedc3b8f07662679b8058ea82622232113c6049ce7107,114.85538913358894,random-window-front-multisetup-postmerge-v1,0.29400893624236074,104.85538913358894,124.85538913358894,active
cfc2aa5ccc9771b4,front,log-0147-filtered-c02,0,20.0,oracle-power,348.615,bbdb09466a7f628ba2daedc3b8f07662679b8058ea82622232113c6049ce7107,114.85538913358894,random-window-front-multisetup-postmerge-v1,0.29400893624236074,104.85538913358894,124.85538913358894,active
f961d677acfc3d64,front,log-0147-filtered-c02,0,40.0,self-supervised,348.615,bbdb09466a7f628ba2daedc3b8f07662679b8058ea82622232113c6049ce7107,114.85538913358894,random-window-front-multisetup-postmerge-v1,0.29400893624236074,94.85538913358894,134.85538913358894,active
60863746ed947ec5,front,log-0147-filtered-c02,0,40.0,oracle-power,348.615,bbdb09466a7f628ba2daedc3b8f07662679b8058ea82622232113c6049ce7107,114.85538913358894,random-window-front-multisetup-postmerge-v1,0.29400893624236074,94.85538913358894,134.85538913358894,active
3993b1902db9e33d,front,log-0147-filtered-c02,0,60.0,self-supervised,348.615,bbdb09466a7f628ba2daedc3b8f07662679b8058ea82622232113c6049ce7107,114.85538913358894,random-window-front-multisetup-postmerge-v1,0.29400893624236074,84.85538913358894,144.85538913358894,active
c50a8a55ffeb4ded,front,log-0147-filtered-c02,0,60.0,oracle-power,348.615,bbdb09466a7f628ba2daedc3b8f07662679b8058ea82622232113c6049ce7107,114.85538913358894,random-window-front-multisetup-postmerge-v1,0.29400893624236074,84.85538913358894,144.85538913358894,active
dee49436509b4252,front,log-0147-filtered-c02,1,5.0,self-supervised,348.615,bbdb09466a7f628ba2daedc3b8f07662679b8058ea82622232113c6049ce7107,261.85491273501896,random-window-front-multisetup-postmerge-v1,0.8033363225577982,259.35491273501896,264.35491273501896,active
51e0a882d9e52182,front,log-0147-filtered-c02,1,5.0,oracle-power,348.615,bbdb09466a7f628ba2daedc3b8f07662679b8058ea82622232113c6049ce7107,261.85491273501896,random-window-front-multisetup-postmerge-v1,0.8033363225577982,259.35491273501896,264.35491273501896,active
54e40399b62ca41a,front,log-0147-filtered-c02,1,10.0,self-supervised,348.615,bbdb09466a7f628ba2daedc3b8f07662679b8058ea82622232113c6049ce7107,261.85491273501896,random-window-front-multisetup-postmerge-v1,0.8033363225577982,256.85491273501896,266.85491273501896,active
0d59b90d1ad9742d,front,log-0147-filtered-c02,1,10.0,oracle-power,348.615,bbdb09466a7f628ba2daedc3b8f07662679b8058ea82622232113c6049ce7107,261.85491273501896,random-window-front-multisetup-postmerge-v1,0.8033363225577982,256.85491273501896,266.85491273501896,active
ed25787c08802b2a,front,log-0147-filtered-c02,1,20.0,self-supervised,348.615,bbdb09466a7f628ba2daedc3b8f07662679b8058ea82622232113c6049ce7107,261.85491273501896,random-window-front-multisetup-postmerge-v1,0.8033363225577982,251.85491273501896,271.85491273501896,active
ed61e0e9dbae6464,front,log-0147-filtered-c02,1,20.0,oracle-power,348.615,bbdb09466a7f628ba2daedc3b8f07662679b8058ea82622232113c6049ce7107,261.85491273501896,random-window-front-multisetup-postmerge-v1,0.8033363225577982,251.85491273501896,271.85491273501896,active
9ca7a50e265277eb,front,log-0147-filtered-c02,1,40.0,self-supervised,348.615,bbdb09466a7f628ba2daedc3b8f07662679b8058ea82622232113c6049ce7107,261.85491273501896,random-window-front-multisetup-postmerge-v1,0.8033363225577982,241.85491273501896,281.85491273501896,active
8002795fd1a071ae,front,log-0147-filtered-c02,1,40.0,oracle-power,348.615,bbdb09466a7f628ba2daedc3b8f07662679b8058ea82622232113c6049ce7107,261.85491273501896,random-window-front-multisetup-postmerge-v1,0.8033363225577982,241.85491273501896,281.85491273501896,active
6e58f74ab1ac3805,front,log-0147-filtered-c02,1,60.0,self-supervised,348.615,bbdb09466a7f628ba2daedc3b8f07662679b8058ea82622232113c6049ce7107,261.85491273501896,random-window-front-multisetup-postmerge-v1,0.8033363225577982,231.85491273501896,291.85491273501896,active
943c862597c0916d,front,log-0147-filtered-c02,1,60.0,oracle-power,348.615,bbdb09466a7f628ba2daedc3b8f07662679b8058ea82622232113c6049ce7107,261.85491273501896,random-window-front-multisetup-postmerge-v1,0.8033363225577982,231.85491273501896,291.85491273501896,active
f997c9a571c84b71,front,log-0147-filtered-c02,2,5.0,self-supervised,348.615,bbdb09466a7f628ba2daedc3b8f07662679b8058ea82622232113c6049ce7107,123.4065582456653,random-window-front-multisetup-postmerge-v1,0.3236372269135883,120.9065582456653,125.9065582456653,active
ffaf7c72ee42e66c,front,log-0147-filtered-c02,2,5.0,oracle-power,348.615,bbdb09466a7f628ba2daedc3b8f07662679b8058ea82622232113c6049ce7107,123.4065582456653,random-window-front-multisetup-postmerge-v1,0.3236372269135883,120.9065582456653,125.9065582456653,active
e3f2caa5c7db672f,front,log-0147-filtered-c02,2,10.0,self-supervised,348.615,bbdb09466a7f628ba2daedc3b8f07662679b8058ea82622232113c6049ce7107,123.4065582456653,random-window-front-multisetup-postmerge-v1,0.3236372269135883,118.4065582456653,128.40655824566528,active
216cb588f633bb44,front,log-0147-filtered-c02,2,10.0,oracle-power,348.615,bbdb09466a7f628ba2daedc3b8f07662679b8058ea82622232113c6049ce7107,123.4065582456653,random-window-front-multisetup-postmerge-v1,0.3236372269135883,118.4065582456653,128.40655824566528,active
8c1c819ae0a19cc4,front,log-0147-filtered-c02,2,20.0,self-supervised,348.615,bbdb09466a7f628ba2daedc3b8f07662679b8058ea82622232113c6049ce7107,123.4065582456653,random-window-front-multisetup-postmerge-v1,0.3236372269135883,113.4065582456653,133.40655824566528,active
5b3fa76520a7cd0a,front,log-0147-filtered-c02,2,20.0,oracle-power,348.615,bbdb09466a7f628ba2daedc3b8f07662679b8058ea82622232113c6049ce7107,123.4065582456653,random-window-front-multisetup-postmerge-v1,0.3236372269135883,113.4065582456653,133.40655824566528,active
5fbb5010f8f8549c,front,log-0147-filtered-c02,2,40.0,self-supervised,348.615,bbdb09466a7f628ba2daedc3b8f07662679b8058ea82622232113c6049ce7107,123.4065582456653,random-window-front-multisetup-postmerge-v1,0.3236372269135883,103.4065582456653,143.40655824566528,active
fcc45ee9aedd083d,front,log-0147-filtered-c02,2,40.0,oracle-power,348.615,bbdb09466a7f628ba2daedc3b8f07662679b8058ea82622232113c6049ce7107,123.4065582456653,random-window-front-multisetup-postmerge-v1,0.3236372269135883,103.4065582456653,143.40655824566528,active
acc797d3ab53d826,front,log-0147-filtered-c02,2,60.0,self-supervised,348.615,bbdb09466a7f628ba2daedc3b8f07662679b8058ea82622232113c6049ce7107,123.4065582456653,random-window-front-multisetup-postmerge-v1,0.3236372269135883,93.4065582456653,153.40655824566528,active
7755f57d351449cb,front,log-0147-filtered-c02,2,60.0,oracle-power,348.615,bbdb09466a7f628ba2daedc3b8f07662679b8058ea82622232113c6049ce7107,123.4065582456653,random-window-front-multisetup-postmerge-v1,0.3236372269135883,93.4065582456653,153.40655824566528,active
5799c77c492708f5,front,log-0147-filtered-c02,3,5.0,self-supervised,348.615,bbdb09466a7f628ba2daedc3b8f07662679b8058ea82622232113c6049ce7107,164.9663306732186,random-window-front-multisetup-postmerge-v1,0.4676344981141611,162.4663306732186,167.4663306732186,active
f490d40f4b308a54,front,log-0147-filtered-c02,3,5.0,oracle-power,348.615,bbdb09466a7f628ba2daedc3b8f07662679b8058ea82622232113c6049ce7107,164.9663306732186,random-window-front-multisetup-postmerge-v1,0.4676344981141611,162.4663306732186,167.4663306732186,active
c379fae947fd7a11,front,log-0147-filtered-c02,3,10.0,self-supervised,348.615,bbdb09466a7f628ba2daedc3b8f07662679b8058ea82622232113c6049ce7107,164.9663306732186,random-window-front-multisetup-postmerge-v1,0.4676344981141611,159.9663306732186,169.9663306732186,active
0a40e7dfa56e5fb3,front,log-0147-filtered-c02,3,10.0,oracle-power,348.615,bbdb09466a7f628ba2daedc3b8f07662679b8058ea82622232113c6049ce7107,164.9663306732186,random-window-front-multisetup-postmerge-v1,0.4676344981141611,159.9663306732186,169.9663306732186,active
534bca28cef8946b,front,log-0147-filtered-c02,3,20.0,self-supervised,348.615,bbdb09466a7f628ba2daedc3b8f07662679b8058ea82622232113c6049ce7107,164.9663306732186,random-window-front-multisetup-postmerge-v1,0.4676344981141611,154.9663306732186,174.9663306732186,active
9b70cac5f75c7594,front,log-0147-filtered-c02,3,20.0,oracle-power,348.615,bbdb09466a7f628ba2daedc3b8f07662679b8058ea82622232113c6049ce7107,164.9663306732186,random-window-front-multisetup-postmerge-v1,0.4676344981141611,154.9663306732186,174.9663306732186,active
13a095175462952d,front,log-0147-filtered-c02,3,40.0,self-supervised,348.615,bbdb09466a7f628ba2daedc3b8f07662679b8058ea82622232113c6049ce7107,164.9663306732186,random-window-front-multisetup-postmerge-v1,0.4676344981141611,144.9663306732186,184.9663306732186,active
b04b80855637c8b0,front,log-0147-filtered-c02,3,40.0,oracle-power,348.615,bbdb09466a7f628ba2daedc3b8f07662679b8058ea82622232113c6049ce7107,164.9663306732186,random-window-front-multisetup-postmerge-v1,0.4676344981141611,144.9663306732186,184.9663306732186,active
ce00598a06705405,front,log-0147-filtered-c02,3,60.0,self-supervised,348.615,bbdb09466a7f628ba2daedc3b8f07662679b8058ea82622232113c6049ce7107,164.9663306732186,random-window-front-multisetup-postmerge-v1,0.4676344981141611,134.9663306732186,194.9663306732186,active
8ce9046e88ce9a05,front,log-0147-filtered-c02,3,60.0,oracle-power,348.615,bbdb09466a7f628ba2daedc3b8f07662679b8058ea82622232113c6049ce7107,164.9663306732186,random-window-front-multisetup-postmerge-v1,0.4676344981141611,134.9663306732186,194.9663306732186,active
277625f230736c8f,front,log-0151-filtered-c01,0,5.0,self-supervised,92.82999999999998,c7028a2ca555fa1c8682812a7c0c365eef5252db00dbfe8b82c0a85636b6e18a,54.78891936365443,random-window-front-multisetup-postmerge-v1,0.7550691246924898,52.28891936365443,57.28891936365443,active
5550e1e3626ab44b,front,log-0151-filtered-c01,0,5.0,oracle-power,92.82999999999998,c7028a2ca555fa1c8682812a7c0c365eef5252db00dbfe8b82c0a85636b6e18a,54.78891936365443,random-window-front-multisetup-postmerge-v1,0.7550691246924898,52.28891936365443,57.28891936365443,active
10fb367b0ec5395e,front,log-0151-filtered-c01,0,10.0,self-supervised,92.82999999999998,c7028a2ca555fa1c8682812a7c0c365eef5252db00dbfe8b82c0a85636b6e18a,54.78891936365443,random-window-front-multisetup-postmerge-v1,0.7550691246924898,49.78891936365443,59.78891936365443,active
9aea4db39368afb1,front,log-0151-filtered-c01,0,10.0,oracle-power,92.82999999999998,c7028a2ca555fa1c8682812a7c0c365eef5252db00dbfe8b82c0a85636b6e18a,54.78891936365443,random-window-front-multisetup-postmerge-v1,0.7550691246924898,49.78891936365443,59.78891936365443,active
18a90fc7c0b62c40,front,log-0151-filtered-c01,0,20.0,self-supervised,92.82999999999998,c7028a2ca555fa1c8682812a7c0c365eef5252db00dbfe8b82c0a85636b6e18a,54.78891936365443,random-window-front-multisetup-postmerge-v1,0.7550691246924898,44.78891936365443,64.78891936365443,active
285768ba29d184be,front,log-0151-filtered-c01,0,20.0,oracle-power,92.82999999999998,c7028a2ca555fa1c8682812a7c0c365eef5252db00dbfe8b82c0a85636b6e18a,54.78891936365443,random-window-front-multisetup-postmerge-v1,0.7550691246924898,44.78891936365443,64.78891936365443,active
e5afef12b20a8834,front,log-0151-filtered-c01,0,40.0,self-supervised,92.82999999999998,c7028a2ca555fa1c8682812a7c0c365eef5252db00dbfe8b82c0a85636b6e18a,54.78891936365443,random-window-front-multisetup-postmerge-v1,0.7550691246924898,34.78891936365443,74.78891936365443,active
8d89ab6cd047ef34,front,log-0151-filtered-c01,0,40.0,oracle-power,92.82999999999998,c7028a2ca555fa1c8682812a7c0c365eef5252db00dbfe8b82c0a85636b6e18a,54.78891936365443,random-window-front-multisetup-postmerge-v1,0.7550691246924898,34.78891936365443,74.78891936365443,active
091a3c3460afef15,front,log-0151-filtered-c01,0,60.0,self-supervised,92.82999999999998,c7028a2ca555fa1c8682812a7c0c365eef5252db00dbfe8b82c0a85636b6e18a,54.78891936365443,random-window-front-multisetup-postmerge-v1,0.7550691246924898,24.78891936365443,84.78891936365443,active
49c12b9309b3e806,front,log-0151-filtered-c01,0,60.0,oracle-power,92.82999999999998,c7028a2ca555fa1c8682812a7c0c365eef5252db00dbfe8b82c0a85636b6e18a,54.78891936365443,random-window-front-multisetup-postmerge-v1,0.7550691246924898,24.78891936365443,84.78891936365443,active
573567287dbef642,front,log-0151-filtered-c01,1,5.0,self-supervised,92.82999999999998,c7028a2ca555fa1c8682812a7c0c365eef5252db00dbfe8b82c0a85636b6e18a,60.00534720943379,random-window-front-multisetup-postmerge-v1,0.9139612308691384,57.50534720943379,62.50534720943379,active
4df28accc973970c,front,log-0151-filtered-c01,1,5.0,oracle-power,92.82999999999998,c7028a2ca555fa1c8682812a7c0c365eef5252db00dbfe8b82c0a85636b6e18a,60.00534720943379,random-window-front-multisetup-postmerge-v1,0.9139612308691384,57.50534720943379,62.50534720943379,active
bcbeefa857e4e024,front,log-0151-filtered-c01,1,10.0,self-supervised,92.82999999999998,c7028a2ca555fa1c8682812a7c0c365eef5252db00dbfe8b82c0a85636b6e18a,60.00534720943379,random-window-front-multisetup-postmerge-v1,0.9139612308691384,55.00534720943379,65.0053472094338,active
e6ca7191dfa8ed66,front,log-0151-filtered-c01,1,10.0,oracle-power,92.82999999999998,c7028a2ca555fa1c8682812a7c0c365eef5252db00dbfe8b82c0a85636b6e18a,60.00534720943379,random-window-front-multisetup-postmerge-v1,0.9139612308691384,55.00534720943379,65.0053472094338,active
5cd11adad95b9e7d,front,log-0151-filtered-c01,1,20.0,self-supervised,92.82999999999998,c7028a2ca555fa1c8682812a7c0c365eef5252db00dbfe8b82c0a85636b6e18a,60.00534720943379,random-window-front-multisetup-postmerge-v1,0.9139612308691384,50.00534720943379,70.0053472094338,active
1a51a2205b8e98ca,front,log-0151-filtered-c01,1,20.0,oracle-power,92.82999999999998,c7028a2ca555fa1c8682812a7c0c365eef5252db00dbfe8b82c0a85636b6e18a,60.00534720943379,random-window-front-multisetup-postmerge-v1,0.9139612308691384,50.00534720943379,70.0053472094338,active
6ffc650d2421f2d8,front,log-0151-filtered-c01,1,40.0,self-supervised,92.82999999999998,c7028a2ca555fa1c8682812a7c0c365eef5252db00dbfe8b82c0a85636b6e18a,60.00534720943379,random-window-front-multisetup-postmerge-v1,0.9139612308691384,40.00534720943379,80.0053472094338,active
7f301157a9561f36,front,log-0151-filtered-c01,1,40.0,oracle-power,92.82999999999998,c7028a2ca555fa1c8682812a7c0c365eef5252db00dbfe8b82c0a85636b6e18a,60.00534720943379,random-window-front-multisetup-postmerge-v1,0.9139612308691384,40.00534720943379,80.0053472094338,active
a6ae92c4e9d5bd11,front,log-0151-filtered-c01,1,60.0,self-supervised,92.82999999999998,c7028a2ca555fa1c8682812a7c0c365eef5252db00dbfe8b82c0a85636b6e18a,60.00534720943379,random-window-front-multisetup-postmerge-v1,0.9139612308691384,30.005347209433793,90.0053472094338,active
9df4825a904b1607,front,log-0151-filtered-c01,1,60.0,oracle-power,92.82999999999998,c7028a2ca555fa1c8682812a7c0c365eef5252db00dbfe8b82c0a85636b6e18a,60.00534720943379,random-window-front-multisetup-postmerge-v1,0.9139612308691384,30.005347209433793,90.0053472094338,active
b7a17db18e600456,front,log-0151-filtered-c01,2,5.0,self-supervised,92.82999999999998,c7028a2ca555fa1c8682812a7c0c365eef5252db00dbfe8b82c0a85636b6e18a,35.720635246006225,random-window-front-multisetup-postmerge-v1,0.1742502359429249,33.220635246006225,38.220635246006225,active
b1e36be6ee19eeb2,front,log-0151-filtered-c01,2,5.0,oracle-power,92.82999999999998,c7028a2ca555fa1c8682812a7c0c365eef5252db00dbfe8b82c0a85636b6e18a,35.720635246006225,random-window-front-multisetup-postmerge-v1,0.1742502359429249,33.220635246006225,38.220635246006225,active
cb684c2e4e1d98bd,front,log-0151-filtered-c01,2,10.0,self-supervised,92.82999999999998,c7028a2ca555fa1c8682812a7c0c365eef5252db00dbfe8b82c0a85636b6e18a,35.720635246006225,random-window-front-multisetup-postmerge-v1,0.1742502359429249,30.720635246006225,40.720635246006225,active
142a92e1cdd36dc1,front,log-0151-filtered-c01,2,10.0,oracle-power,92.82999999999998,c7028a2ca555fa1c8682812a7c0c365eef5252db00dbfe8b82c0a85636b6e18a,35.720635246006225,random-window-front-multisetup-postmerge-v1,0.1742502359429249,30.720635246006225,40.720635246006225,active
ca2190a9f6bcf1ec,front,log-0151-filtered-c01,2,20.0,self-supervised,92.82999999999998,c7028a2ca555fa1c8682812a7c0c365eef5252db00dbfe8b82c0a85636b6e18a,35.720635246006225,random-window-front-multisetup-postmerge-v1,0.1742502359429249,25.720635246006225,45.720635246006225,active
fb509b3b12f6a1d7,front,log-0151-filtered-c01,2,20.0,oracle-power,92.82999999999998,c7028a2ca555fa1c8682812a7c0c365eef5252db00dbfe8b82c0a85636b6e18a,35.720635246006225,random-window-front-multisetup-postmerge-v1,0.1742502359429249,25.720635246006225,45.720635246006225,active
eb381695389ec6d7,front,log-0151-filtered-c01,2,40.0,self-supervised,92.82999999999998,c7028a2ca555fa1c8682812a7c0c365eef5252db00dbfe8b82c0a85636b6e18a,35.720635246006225,random-window-front-multisetup-postmerge-v1,0.1742502359429249,15.720635246006225,55.720635246006225,active
4266d9987f44ae1f,front,log-0151-filtered-c01,2,40.0,oracle-power,92.82999999999998,c7028a2ca555fa1c8682812a7c0c365eef5252db00dbfe8b82c0a85636b6e18a,35.720635246006225,random-window-front-multisetup-postmerge-v1,0.1742502359429249,15.720635246006225,55.720635246006225,active
c5adc74ae3b327e2,front,log-0151-filtered-c01,2,60.0,self-supervised,92.82999999999998,c7028a2ca555fa1c8682812a7c0c365eef5252db00dbfe8b82c0a85636b6e18a,35.720635246006225,random-window-front-multisetup-postmerge-v1,0.1742502359429249,5.720635246006225,65.72063524600622,active
32aa5cc536ba7030,front,log-0151-filtered-c01,2,60.0,oracle-power,92.82999999999998,c7028a2ca555fa1c8682812a7c0c365eef5252db00dbfe8b82c0a85636b6e18a,35.720635246006225,random-window-front-multisetup-postmerge-v1,0.1742502359429249,5.720635246006225,65.72063524600622,active
3e7a2319a9a977ef,front,log-0151-filtered-c01,3,5.0,self-supervised,92.82999999999998,c7028a2ca555fa1c8682812a7c0c365eef5252db00dbfe8b82c0a85636b6e18a,32.24790495957564,random-window-front-multisetup-postmerge-v1,0.06847106182076283,29.747904959575642,34.74790495957564,active
2c8338362683650a,front,log-0151-filtered-c01,3,5.0,oracle-power,92.82999999999998,c7028a2ca555fa1c8682812a7c0c365eef5252db00dbfe8b82c0a85636b6e18a,32.24790495957564,random-window-front-multisetup-postmerge-v1,0.06847106182076283,29.747904959575642,34.74790495957564,active
b959aa654f12936d,front,log-0151-filtered-c01,3,10.0,self-supervised,92.82999999999998,c7028a2ca555fa1c8682812a7c0c365eef5252db00dbfe8b82c0a85636b6e18a,32.24790495957564,random-window-front-multisetup-postmerge-v1,0.06847106182076283,27.247904959575642,37.24790495957564,active
a2a683dab8848615,front,log-0151-filtered-c01,3,10.0,oracle-power,92.82999999999998,c7028a2ca555fa1c8682812a7c0c365eef5252db00dbfe8b82c0a85636b6e18a,32.24790495957564,random-window-front-multisetup-postmerge-v1,0.06847106182076283,27.247904959575642,37.24790495957564,active
bc71fb7ee91946ad,front,log-0151-filtered-c01,3,20.0,self-supervised,92.82999999999998,c7028a2ca555fa1c8682812a7c0c365eef5252db00dbfe8b82c0a85636b6e18a,32.24790495957564,random-window-front-multisetup-postmerge-v1,0.06847106182076283,22.247904959575642,42.24790495957564,active
8a8a84b0c395b55e,front,log-0151-filtered-c01,3,20.0,oracle-power,92.82999999999998,c7028a2ca555fa1c8682812a7c0c365eef5252db00dbfe8b82c0a85636b6e18a,32.24790495957564,random-window-front-multisetup-postmerge-v1,0.06847106182076283,22.247904959575642,42.24790495957564,active
8790344ffae37775,front,log-0151-filtered-c01,3,40.0,self-supervised,92.82999999999998,c7028a2ca555fa1c8682812a7c0c365eef5252db00dbfe8b82c0a85636b6e18a,32.24790495957564,random-window-front-multisetup-postmerge-v1,0.06847106182076283,12.247904959575642,52.24790495957564,active
72dd566ed9ee4e38,front,log-0151-filtered-c01,3,40.0,oracle-power,92.82999999999998,c7028a2ca555fa1c8682812a7c0c365eef5252db00dbfe8b82c0a85636b6e18a,32.24790495957564,random-window-front-multisetup-postmerge-v1,0.06847106182076283,12.247904959575642,52.24790495957564,active
25c8aa096eb63e57,front,log-0151-filtered-c01,3,60.0,self-supervised,92.82999999999998,c7028a2ca555fa1c8682812a7c0c365eef5252db00dbfe8b82c0a85636b6e18a,32.24790495957564,random-window-front-multisetup-postmerge-v1,0.06847106182076283,2.247904959575642,62.24790495957564,active
c98d46450f970623,front,log-0151-filtered-c01,3,60.0,oracle-power,92.82999999999998,c7028a2ca555fa1c8682812a7c0c365eef5252db00dbfe8b82c0a85636b6e18a,32.24790495957564,random-window-front-multisetup-postmerge-v1,0.06847106182076283,2.247904959575642,62.24790495957564,active
27cd8f5b3cf20b15,front,log-0152-filtered-c01,0,5.0,self-supervised,162.54,6c886c57da3e76a9e09b70d929665c09a68fb44a1952809e91c6c4d6878563bb,127.60836806501676,random-window-front-multisetup-postmerge-v1,0.951905286376212,125.10836806501676,130.10836806501675,active
cd68c15b70e8cd81,front,log-0152-filtered-c01,0,5.0,oracle-power,162.54,6c886c57da3e76a9e09b70d929665c09a68fb44a1952809e91c6c4d6878563bb,127.60836806501676,random-window-front-multisetup-postmerge-v1,0.951905286376212,125.10836806501676,130.10836806501675,active
5d106c1382755494,front,log-0152-filtered-c01,0,10.0,self-supervised,162.54,6c886c57da3e76a9e09b70d929665c09a68fb44a1952809e91c6c4d6878563bb,127.60836806501676,random-window-front-multisetup-postmerge-v1,0.951905286376212,122.60836806501676,132.60836806501675,active
e108f53433113a1d,front,log-0152-filtered-c01,0,10.0,oracle-power,162.54,6c886c57da3e76a9e09b70d929665c09a68fb44a1952809e91c6c4d6878563bb,127.60836806501676,random-window-front-multisetup-postmerge-v1,0.951905286376212,122.60836806501676,132.60836806501675,active
3cecd183a1d2b7d0,front,log-0152-filtered-c01,0,20.0,self-supervised,162.54,6c886c57da3e76a9e09b70d929665c09a68fb44a1952809e91c6c4d6878563bb,127.60836806501676,random-window-front-multisetup-postmerge-v1,0.951905286376212,117.60836806501676,137.60836806501675,active
64eecd1d6eb652a6,front,log-0152-filtered-c01,0,20.0,oracle-power,162.54,6c886c57da3e76a9e09b70d929665c09a68fb44a1952809e91c6c4d6878563bb,127.60836806501676,random-window-front-multisetup-postmerge-v1,0.951905286376212,117.60836806501676,137.60836806501675,active
5271bdceb3052e72,front,log-0152-filtered-c01,0,40.0,self-supervised,162.54,6c886c57da3e76a9e09b70d929665c09a68fb44a1952809e91c6c4d6878563bb,127.60836806501676,random-window-front-multisetup-postmerge-v1,0.951905286376212,107.60836806501676,147.60836806501675,active
dad0b5b9fdb4ff6f,front,log-0152-filtered-c01,0,40.0,oracle-power,162.54,6c886c57da3e76a9e09b70d929665c09a68fb44a1952809e91c6c4d6878563bb,127.60836806501676,random-window-front-multisetup-postmerge-v1,0.951905286376212,107.60836806501676,147.60836806501675,active
8ac6fe52e41e2a54,front,log-0152-filtered-c01,0,60.0,self-supervised,162.54,6c886c57da3e76a9e09b70d929665c09a68fb44a1952809e91c6c4d6878563bb,127.60836806501676,random-window-front-multisetup-postmerge-v1,0.951905286376212,97.60836806501676,157.60836806501675,active
0ad85e59024299e7,front,log-0152-filtered-c01,0,60.0,oracle-power,162.54,6c886c57da3e76a9e09b70d929665c09a68fb44a1952809e91c6c4d6878563bb,127.60836806501676,random-window-front-multisetup-postmerge-v1,0.951905286376212,97.60836806501676,157.60836806501675,active
aa07d92d6107db4d,front,log-0152-filtered-c01,1,5.0,self-supervised,162.54,6c886c57da3e76a9e09b70d929665c09a68fb44a1952809e91c6c4d6878563bb,50.18595642377737,random-window-front-multisetup-postmerge-v1,0.19685933707604225,47.68595642377737,52.68595642377737,active
2b6a4cb5d90d4d44,front,log-0152-filtered-c01,1,5.0,oracle-power,162.54,6c886c57da3e76a9e09b70d929665c09a68fb44a1952809e91c6c4d6878563bb,50.18595642377737,random-window-front-multisetup-postmerge-v1,0.19685933707604225,47.68595642377737,52.68595642377737,active
65850c08a0e3e239,front,log-0152-filtered-c01,1,10.0,self-supervised,162.54,6c886c57da3e76a9e09b70d929665c09a68fb44a1952809e91c6c4d6878563bb,50.18595642377737,random-window-front-multisetup-postmerge-v1,0.19685933707604225,45.18595642377737,55.18595642377737,active
4c39701d4c0ad798,front,log-0152-filtered-c01,1,10.0,oracle-power,162.54,6c886c57da3e76a9e09b70d929665c09a68fb44a1952809e91c6c4d6878563bb,50.18595642377737,random-window-front-multisetup-postmerge-v1,0.19685933707604225,45.18595642377737,55.18595642377737,active
ef775d9c0c638ec9,front,log-0152-filtered-c01,1,20.0,self-supervised,162.54,6c886c57da3e76a9e09b70d929665c09a68fb44a1952809e91c6c4d6878563bb,50.18595642377737,random-window-front-multisetup-postmerge-v1,0.19685933707604225,40.18595642377737,60.18595642377737,active
041e64733fa098dc,front,log-0152-filtered-c01,1,20.0,oracle-power,162.54,6c886c57da3e76a9e09b70d929665c09a68fb44a1952809e91c6c4d6878563bb,50.18595642377737,random-window-front-multisetup-postmerge-v1,0.19685933707604225,40.18595642377737,60.18595642377737,active
5dd87f512dfe7105,front,log-0152-filtered-c01,1,40.0,self-supervised,162.54,6c886c57da3e76a9e09b70d929665c09a68fb44a1952809e91c6c4d6878563bb,50.18595642377737,random-window-front-multisetup-postmerge-v1,0.19685933707604225,30.18595642377737,70.18595642377737,active
fede547193d6857d,front,log-0152-filtered-c01,1,40.0,oracle-power,162.54,6c886c57da3e76a9e09b70d929665c09a68fb44a1952809e91c6c4d6878563bb,50.18595642377737,random-window-front-multisetup-postmerge-v1,0.19685933707604225,30.18595642377737,70.18595642377737,active
d7fec4d4749fcd0f,front,log-0152-filtered-c01,1,60.0,self-supervised,162.54,6c886c57da3e76a9e09b70d929665c09a68fb44a1952809e91c6c4d6878563bb,50.18595642377737,random-window-front-multisetup-postmerge-v1,0.19685933707604225,20.18595642377737,80.18595642377737,active
90a400118ec87d9a,front,log-0152-filtered-c01,1,60.0,oracle-power,162.54,6c886c57da3e76a9e09b70d929665c09a68fb44a1952809e91c6c4d6878563bb,50.18595642377737,random-window-front-multisetup-postmerge-v1,0.19685933707604225,20.18595642377737,80.18595642377737,active
b49c2db80f51e1b8,front,log-0152-filtered-c01,2,5.0,self-supervised,162.54,6c886c57da3e76a9e09b70d929665c09a68fb44a1952809e91c6c4d6878563bb,41.88186895166842,random-window-front-multisetup-postmerge-v1,0.11587545301022453,39.38186895166842,44.38186895166842,active
08e050b0b0100b34,front,log-0152-filtered-c01,2,5.0,oracle-power,162.54,6c886c57da3e76a9e09b70d929665c09a68fb44a1952809e91c6c4d6878563bb,41.88186895166842,random-window-front-multisetup-postmerge-v1,0.11587545301022453,39.38186895166842,44.38186895166842,active
e57f2c4f3bd09f67,front,log-0152-filtered-c01,2,10.0,self-supervised,162.54,6c886c57da3e76a9e09b70d929665c09a68fb44a1952809e91c6c4d6878563bb,41.88186895166842,random-window-front-multisetup-postmerge-v1,0.11587545301022453,36.88186895166842,46.88186895166842,active
4e3c4fef5b909392,front,log-0152-filtered-c01,2,10.0,oracle-power,162.54,6c886c57da3e76a9e09b70d929665c09a68fb44a1952809e91c6c4d6878563bb,41.88186895166842,random-window-front-multisetup-postmerge-v1,0.11587545301022453,36.88186895166842,46.88186895166842,active
ebc599faae831858,front,log-0152-filtered-c01,2,20.0,self-supervised,162.54,6c886c57da3e76a9e09b70d929665c09a68fb44a1952809e91c6c4d6878563bb,41.88186895166842,random-window-front-multisetup-postmerge-v1,0.11587545301022453,31.881868951668423,51.88186895166842,active
121ce71b9c260ea4,front,log-0152-filtered-c01,2,20.0,oracle-power,162.54,6c886c57da3e76a9e09b70d929665c09a68fb44a1952809e91c6c4d6878563bb,41.88186895166842,random-window-front-multisetup-postmerge-v1,0.11587545301022453,31.881868951668423,51.88186895166842,active
83e7c78902c9d7ba,front,log-0152-filtered-c01,2,40.0,self-supervised,162.54,6c886c57da3e76a9e09b70d929665c09a68fb44a1952809e91c6c4d6878563bb,41.88186895166842,random-window-front-multisetup-postmerge-v1,0.11587545301022453,21.881868951668423,61.88186895166842,active
901150cd54327846,front,log-0152-filtered-c01,2,40.0,oracle-power,162.54,6c886c57da3e76a9e09b70d929665c09a68fb44a1952809e91c6c4d6878563bb,41.88186895166842,random-window-front-multisetup-postmerge-v1,0.11587545301022453,21.881868951668423,61.88186895166842,active
791ddc34715a4623,front,log-0152-filtered-c01,2,60.0,self-supervised,162.54,6c886c57da3e76a9e09b70d929665c09a68fb44a1952809e91c6c4d6878563bb,41.88186895166842,random-window-front-multisetup-postmerge-v1,0.11587545301022453,11.881868951668423,71.88186895166842,active
caf99513dd0fa3a7,front,log-0152-filtered-c01,2,60.0,oracle-power,162.54,6c886c57da3e76a9e09b70d929665c09a68fb44a1952809e91c6c4d6878563bb,41.88186895166842,random-window-front-multisetup-postmerge-v1,0.11587545301022453,11.881868951668423,71.88186895166842,active
caeefc5ff3a5fd01,front,log-0152-filtered-c01,3,5.0,self-supervised,162.54,6c886c57da3e76a9e09b70d929665c09a68fb44a1952809e91c6c4d6878563bb,86.2407259733647,random-window-front-multisetup-postmerge-v1,0.5484759700932778,83.7407259733647,88.7407259733647,active
cf6a51f8cc5ec47d,front,log-0152-filtered-c01,3,5.0,oracle-power,162.54,6c886c57da3e76a9e09b70d929665c09a68fb44a1952809e91c6c4d6878563bb,86.2407259733647,random-window-front-multisetup-postmerge-v1,0.5484759700932778,83.7407259733647,88.7407259733647,active
98b9535d7bc99601,front,log-0152-filtered-c01,3,10.0,self-supervised,162.54,6c886c57da3e76a9e09b70d929665c09a68fb44a1952809e91c6c4d6878563bb,86.2407259733647,random-window-front-multisetup-postmerge-v1,0.5484759700932778,81.2407259733647,91.2407259733647,active
b6a1acf5d69aa16c,front,log-0152-filtered-c01,3,10.0,oracle-power,162.54,6c886c57da3e76a9e09b70d929665c09a68fb44a1952809e91c6c4d6878563bb,86.2407259733647,random-window-front-multisetup-postmerge-v1,0.5484759700932778,81.2407259733647,91.2407259733647,active
9b9488f8b65c28d5,front,log-0152-filtered-c01,3,20.0,self-supervised,162.54,6c886c57da3e76a9e09b70d929665c09a68fb44a1952809e91c6c4d6878563bb,86.2407259733647,random-window-front-multisetup-postmerge-v1,0.5484759700932778,76.2407259733647,96.2407259733647,active
b9c73396259f5f55,front,log-0152-filtered-c01,3,20.0,oracle-power,162.54,6c886c57da3e76a9e09b70d929665c09a68fb44a1952809e91c6c4d6878563bb,86.2407259733647,random-window-front-multisetup-postmerge-v1,0.5484759700932778,76.2407259733647,96.2407259733647,active
101769436c1219a4,front,log-0152-filtered-c01,3,40.0,self-supervised,162.54,6c886c57da3e76a9e09b70d929665c09a68fb44a1952809e91c6c4d6878563bb,86.2407259733647,random-window-front-multisetup-postmerge-v1,0.5484759700932778,66.2407259733647,106.2407259733647,active
f093eefaa7d5553d,front,log-0152-filtered-c01,3,40.0,oracle-power,162.54,6c886c57da3e76a9e09b70d929665c09a68fb44a1952809e91c6c4d6878563bb,86.2407259733647,random-window-front-multisetup-postmerge-v1,0.5484759700932778,66.2407259733647,106.2407259733647,active
d98335ebda6beb30,front,log-0152-filtered-c01,3,60.0,self-supervised,162.54,6c886c57da3e76a9e09b70d929665c09a68fb44a1952809e91c6c4d6878563bb,86.2407259733647,random-window-front-multisetup-postmerge-v1,0.5484759700932778,56.240725973364704,116.2407259733647,active
1f51fad9898c17ca,front,log-0152-filtered-c01,3,60.0,oracle-power,162.54,6c886c57da3e76a9e09b70d929665c09a68fb44a1952809e91c6c4d6878563bb,86.2407259733647,random-window-front-multisetup-postmerge-v1,0.5484759700932778,56.240725973364704,116.2407259733647,active
9ed3854231fba38e,front,log-0155-filtered-c01,0,5.0,self-supervised,136.475,5c12247f21d20579163480f92b437b0765e499b642ed380a1d4726c8fd3b35e9,83.47916977798724,random-window-front-multisetup-postmerge-v1,0.699302645021082,80.97916977798724,85.97916977798724,active
4b65fe863c3d01e1,front,log-0155-filtered-c01,0,5.0,oracle-power,136.475,5c12247f21d20579163480f92b437b0765e499b642ed380a1d4726c8fd3b35e9,83.47916977798724,random-window-front-multisetup-postmerge-v1,0.699302645021082,80.97916977798724,85.97916977798724,active
c3146ab7d2cfe376,front,log-0155-filtered-c01,0,10.0,self-supervised,136.475,5c12247f21d20579163480f92b437b0765e499b642ed380a1d4726c8fd3b35e9,83.47916977798724,random-window-front-multisetup-postmerge-v1,0.699302645021082,78.47916977798724,88.47916977798724,active
d5658a7de268234b,front,log-0155-filtered-c01,0,10.0,oracle-power,136.475,5c12247f21d20579163480f92b437b0765e499b642ed380a1d4726c8fd3b35e9,83.47916977798724,random-window-front-multisetup-postmerge-v1,0.699302645021082,78.47916977798724,88.47916977798724,active
19cbc44e87cd1096,front,log-0155-filtered-c01,0,20.0,self-supervised,136.475,5c12247f21d20579163480f92b437b0765e499b642ed380a1d4726c8fd3b35e9,83.47916977798724,random-window-front-multisetup-postmerge-v1,0.699302645021082,73.47916977798724,93.47916977798724,active
54a34f94acac5bef,front,log-0155-filtered-c01,0,20.0,oracle-power,136.475,5c12247f21d20579163480f92b437b0765e499b642ed380a1d4726c8fd3b35e9,83.47916977798724,random-window-front-multisetup-postmerge-v1,0.699302645021082,73.47916977798724,93.47916977798724,active
3faeea0dd41a2d31,front,log-0155-filtered-c01,0,40.0,self-supervised,136.475,5c12247f21d20579163480f92b437b0765e499b642ed380a1d4726c8fd3b35e9,83.47916977798724,random-window-front-multisetup-postmerge-v1,0.699302645021082,63.47916977798724,103.47916977798724,active
fbdd860517d82325,front,log-0155-filtered-c01,0,40.0,oracle-power,136.475,5c12247f21d20579163480f92b437b0765e499b642ed380a1d4726c8fd3b35e9,83.47916977798724,random-window-front-multisetup-postmerge-v1,0.699302645021082,63.47916977798724,103.47916977798724,active
3ee20c92f00c6438,front,log-0155-filtered-c01,0,60.0,self-supervised,136.475,5c12247f21d20579163480f92b437b0765e499b642ed380a1d4726c8fd3b35e9,83.47916977798724,random-window-front-multisetup-postmerge-v1,0.699302645021082,53.47916977798724,113.47916977798724,active
333cc08e79644682,front,log-0155-filtered-c01,0,60.0,oracle-power,136.475,5c12247f21d20579163480f92b437b0765e499b642ed380a1d4726c8fd3b35e9,83.47916977798724,random-window-front-multisetup-postmerge-v1,0.699302645021082,53.47916977798724,113.47916977798724,active
a0832d52d7fef9fe,front,log-0155-filtered-c01,1,5.0,self-supervised,136.475,5c12247f21d20579163480f92b437b0765e499b642ed380a1d4726c8fd3b35e9,45.61459317378637,random-window-front-multisetup-postmerge-v1,0.2041790542502304,43.11459317378637,48.11459317378637,active
c51c2cd59c37b231,front,log-0155-filtered-c01,1,5.0,oracle-power,136.475,5c12247f21d20579163480f92b437b0765e499b642ed380a1d4726c8fd3b35e9,45.61459317378637,random-window-front-multisetup-postmerge-v1,0.2041790542502304,43.11459317378637,48.11459317378637,active
44fd46f6be3df45b,front,log-0155-filtered-c01,1,10.0,self-supervised,136.475,5c12247f21d20579163480f92b437b0765e499b642ed380a1d4726c8fd3b35e9,45.61459317378637,random-window-front-multisetup-postmerge-v1,0.2041790542502304,40.61459317378637,50.61459317378637,active
37260ea403b08fcf,front,log-0155-filtered-c01,1,10.0,oracle-power,136.475,5c12247f21d20579163480f92b437b0765e499b642ed380a1d4726c8fd3b35e9,45.61459317378637,random-window-front-multisetup-postmerge-v1,0.2041790542502304,40.61459317378637,50.61459317378637,active
3d286d2816debcb6,front,log-0155-filtered-c01,1,20.0,self-supervised,136.475,5c12247f21d20579163480f92b437b0765e499b642ed380a1d4726c8fd3b35e9,45.61459317378637,random-window-front-multisetup-postmerge-v1,0.2041790542502304,35.61459317378637,55.61459317378637,active
4c6461f342d84c1d,front,log-0155-filtered-c01,1,20.0,oracle-power,136.475,5c12247f21d20579163480f92b437b0765e499b642ed380a1d4726c8fd3b35e9,45.61459317378637,random-window-front-multisetup-postmerge-v1,0.2041790542502304,35.61459317378637,55.61459317378637,active
3f430165cf7da05b,front,log-0155-filtered-c01,1,40.0,self-supervised,136.475,5c12247f21d20579163480f92b437b0765e499b642ed380a1d4726c8fd3b35e9,45.61459317378637,random-window-front-multisetup-postmerge-v1,0.2041790542502304,25.614593173786368,65.61459317378637,active
a897112c292280cb,front,log-0155-filtered-c01,1,40.0,oracle-power,136.475,5c12247f21d20579163480f92b437b0765e499b642ed380a1d4726c8fd3b35e9,45.61459317378637,random-window-front-multisetup-postmerge-v1,0.2041790542502304,25.614593173786368,65.61459317378637,active
e48b5684b384f85a,front,log-0155-filtered-c01,1,60.0,self-supervised,136.475,5c12247f21d20579163480f92b437b0765e499b642ed380a1d4726c8fd3b35e9,45.61459317378637,random-window-front-multisetup-postmerge-v1,0.2041790542502304,15.614593173786368,75.61459317378637,active
47a724abbf73aeef,front,log-0155-filtered-c01,1,60.0,oracle-power,136.475,5c12247f21d20579163480f92b437b0765e499b642ed380a1d4726c8fd3b35e9,45.61459317378637,random-window-front-multisetup-postmerge-v1,0.2041790542502304,15.614593173786368,75.61459317378637,active
159ab7b512993a8a,front,log-0155-filtered-c01,2,5.0,self-supervised,136.475,5c12247f21d20579163480f92b437b0765e499b642ed380a1d4726c8fd3b35e9,85.23249356762267,random-window-front-multisetup-postmerge-v1,0.7222294026495283,82.73249356762267,87.73249356762267,active
53d5e9b4b72e7cf8,front,log-0155-filtered-c01,2,5.0,oracle-power,136.475,5c12247f21d20579163480f92b437b0765e499b642ed380a1d4726c8fd3b35e9,85.23249356762267,random-window-front-multisetup-postmerge-v1,0.7222294026495283,82.73249356762267,87.73249356762267,active
98316e9504ca0ad5,front,log-0155-filtered-c01,2,10.0,self-supervised,136.475,5c12247f21d20579163480f92b437b0765e499b642ed380a1d4726c8fd3b35e9,85.23249356762267,random-window-front-multisetup-postmerge-v1,0.7222294026495283,80.23249356762267,90.23249356762267,active
15442c0c591b6eb4,front,log-0155-filtered-c01,2,10.0,oracle-power,136.475,5c12247f21d20579163480f92b437b0765e499b642ed380a1d4726c8fd3b35e9,85.23249356762267,random-window-front-multisetup-postmerge-v1,0.7222294026495283,80.23249356762267,90.23249356762267,active
f8db86b396554ff9,front,log-0155-filtered-c01,2,20.0,self-supervised,136.475,5c12247f21d20579163480f92b437b0765e499b642ed380a1d4726c8fd3b35e9,85.23249356762267,random-window-front-multisetup-postmerge-v1,0.7222294026495283,75.23249356762267,95.23249356762267,active
89a56b20225b7ff0,front,log-0155-filtered-c01,2,20.0,oracle-power,136.475,5c12247f21d20579163480f92b437b0765e499b642ed380a1d4726c8fd3b35e9,85.23249356762267,random-window-front-multisetup-postmerge-v1,0.7222294026495283,75.23249356762267,95.23249356762267,active
32927b97a2704c93,front,log-0155-filtered-c01,2,40.0,self-supervised,136.475,5c12247f21d20579163480f92b437b0765e499b642ed380a1d4726c8fd3b35e9,85.23249356762267,random-window-front-multisetup-postmerge-v1,0.7222294026495283,65.23249356762267,105.23249356762267,active
b663d5177111d05d,front,log-0155-filtered-c01,2,40.0,oracle-power,136.475,5c12247f21d20579163480f92b437b0765e499b642ed380a1d4726c8fd3b35e9,85.23249356762267,random-window-front-multisetup-postmerge-v1,0.7222294026495283,65.23249356762267,105.23249356762267,active
07f0986f654b8b03,front,log-0155-filtered-c01,2,60.0,self-supervised,136.475,5c12247f21d20579163480f92b437b0765e499b642ed380a1d4726c8fd3b35e9,85.23249356762267,random-window-front-multisetup-postmerge-v1,0.7222294026495283,55.23249356762267,115.23249356762267,active
3e802afd1a6ff86c,front,log-0155-filtered-c01,2,60.0,oracle-power,136.475,5c12247f21d20579163480f92b437b0765e499b642ed380a1d4726c8fd3b35e9,85.23249356762267,random-window-front-multisetup-postmerge-v1,0.7222294026495283,55.23249356762267,115.23249356762267,active
e09c7a08107cc91f,front,log-0155-filtered-c01,3,5.0,self-supervised,136.475,5c12247f21d20579163480f92b437b0765e499b642ed380a1d4726c8fd3b35e9,38.75813870831815,random-window-front-multisetup-postmerge-v1,0.11452289909536649,36.25813870831815,41.25813870831815,active
4a5545aa4a04d01e,front,log-0155-filtered-c01,3,5.0,oracle-power,136.475,5c12247f21d20579163480f92b437b0765e499b642ed380a1d4726c8fd3b35e9,38.75813870831815,random-window-front-multisetup-postmerge-v1,0.11452289909536649,36.25813870831815,41.25813870831815,active
d09a42493ec93a6a,front,log-0155-filtered-c01,3,10.0,self-supervised,136.475,5c12247f21d20579163480f92b437b0765e499b642ed380a1d4726c8fd3b35e9,38.75813870831815,random-window-front-multisetup-postmerge-v1,0.11452289909536649,33.75813870831815,43.75813870831815,active
358b85ad8b453eeb,front,log-0155-filtered-c01,3,10.0,oracle-power,136.475,5c12247f21d20579163480f92b437b0765e499b642ed380a1d4726c8fd3b35e9,38.75813870831815,random-window-front-multisetup-postmerge-v1,0.11452289909536649,33.75813870831815,43.75813870831815,active
a9f82be789132e50,front,log-0155-filtered-c01,3,20.0,self-supervised,136.475,5c12247f21d20579163480f92b437b0765e499b642ed380a1d4726c8fd3b35e9,38.75813870831815,random-window-front-multisetup-postmerge-v1,0.11452289909536649,28.75813870831815,48.75813870831815,active
058f10cb3c270cc6,front,log-0155-filtered-c01,3,20.0,oracle-power,136.475,5c12247f21d20579163480f92b437b0765e499b642ed380a1d4726c8fd3b35e9,38.75813870831815,random-window-front-multisetup-postmerge-v1,0.11452289909536649,28.75813870831815,48.75813870831815,active
37fa6ed06bca90df,front,log-0155-filtered-c01,3,40.0,self-supervised,136.475,5c12247f21d20579163480f92b437b0765e499b642ed380a1d4726c8fd3b35e9,38.75813870831815,random-window-front-multisetup-postmerge-v1,0.11452289909536649,18.75813870831815,58.75813870831815,active
6bfeeb8f764f6741,front,log-0155-filtered-c01,3,40.0,oracle-power,136.475,5c12247f21d20579163480f92b437b0765e499b642ed380a1d4726c8fd3b35e9,38.75813870831815,random-window-front-multisetup-postmerge-v1,0.11452289909536649,18.75813870831815,58.75813870831815,active
5a884e194f9fa7ba,front,log-0155-filtered-c01,3,60.0,self-supervised,136.475,5c12247f21d20579163480f92b437b0765e499b642ed380a1d4726c8fd3b35e9,38.75813870831815,random-window-front-multisetup-postmerge-v1,0.11452289909536649,8.75813870831815,68.75813870831814,active
9b4856ee0bd935a9,front,log-0155-filtered-c01,3,60.0,oracle-power,136.475,5c12247f21d20579163480f92b437b0765e499b642ed380a1d4726c8fd3b35e9,38.75813870831815,random-window-front-multisetup-postmerge-v1,0.11452289909536649,8.75813870831815,68.75813870831814,active
