split,scope,config,config_id,family,n_logs,n_chunks,n_ref_points,calibration_found,used_fallback,near_zero_start_fraction,median_start_truth_mm,reference_error_mm,offset_error_mm,abs_offset_error_mm,mean_error_mm,uncentered_rmse_mm,low_uncentered_rmse_mm,centered_rmse_mm
tuning,harry,interaction_0606f20c36ef,bb51bc906091,interaction,14,1.5714285714285714,3.5,0.7142857142857143,0.42857142857142855,0.0,10.266655709471939,-11.965777597346284,-11.063014886947101,13.631535908701744,-11.0630148869471,15.858123996481822,19.096030960288026,6.908763473265389
tuning,jamaal,interaction_0606f20c36ef,bb51bc906091,interaction,6,2.0,11.833333333333334,0.8333333333333334,0.16666666666666666,0.1111111111111111,6.035377624171659,-12.132081445559573,-9.405990501274937,9.405990501274937,-9.405990501274937,11.88402814422331,14.020471458394729,6.536721539123828
tuning,stumpjumper-front-pod-v1,interaction_0606f20c36ef,bb51bc906091,interaction,7,9.714285714285714,20.0,1.0,0.0,0.15454545454545454,6.155325938040602,-3.034853588860632,-3.9994531902251085,4.422174371596915,-3.999453190225107,6.347794770425127,8.643347731742448,4.073629133563836
tuning,stumpjumper-front-pod-v2,interaction_0606f20c36ef,bb51bc906091,interaction,11,8.909090909090908,17.363636363636363,0.7272727272727273,0.2727272727272727,0.5550901948928265,3.7776003933524933,0.9943364018260512,-2.0076107349873196,2.7510587239278603,-2.00761073498732,4.7824208099480385,8.0647856318551,3.6119125620101453
tuning,cohort-balanced,interaction_0606f20c36ef,bb51bc906091,interaction,38,5.548701298701298,13.174242424242426,0.8187229437229437,0.21699134199134198,0.20518669013734803,6.5587399162591735,-6.534594057485109,-6.619017328358616,7.552689876375364,-6.619017328358616,9.718091930269573,12.456158945570078,5.2827566769908
tuning,harry,interaction_074a9a59137f,c1954594870f,interaction,14,0.9285714285714286,2.9285714285714284,0.7142857142857143,0.35714285714285715,0.0,8.09852673027601,-3.762817266105982,-9.211313241732443,13.658740351292781,-9.21131324173244,16.05999536992859,19.3149718262027,6.908763473265389
tuning,jamaal,interaction_074a9a59137f,c1954594870f,interaction,6,2.3333333333333335,5.5,1.0,0.0,0.08333333333333333,6.254563766871172,0.764427585766453,2.1887484489525355,5.977559452480858,2.1887484489525346,9.317441226366904,10.577820268027166,6.536721539123828
tuning,stumpjumper-front-pod-v1,interaction_074a9a59137f,c1954594870f,interaction,7,6.714285714285714,34.0,1.0,0.0,0.14444444444444443,5.666994710351425,-4.756202898139235,-5.745324094028106,5.982809353667619,-5.7453240940281045,7.502314381699768,9.704034763641001,4.073629133563836
tuning,stumpjumper-front-pod-v2,interaction_074a9a59137f,c1954594870f,interaction,11,5.090909090909091,23.545454545454547,0.7272727272727273,0.2727272727272727,0.7435515873015872,1.2984141570177528,-0.026131774642280448,-2.726534371552518,3.6136371612887603,-2.726534371552519,5.235610671667062,8.586192480115688,3.6119125620101453
tuning,cohort-balanced,interaction_074a9a59137f,c1954594870f,interaction,38,3.766774891774892,16.493506493506494,0.8603896103896105,0.15746753246753248,0.24283234126984124,5.32962484112909,-1.9451810882802612,-3.8736058145901326,7.308186579682505,-3.8736058145901326,9.528840412415581,12.045754834496638,5.2827566769908
tuning,harry,interaction_0763456e0adc,adcda12f477b,interaction,14,0.21428571428571427,1.2142857142857142,0.21428571428571427,0.8571428571428571,0.0,8.435100429503498,-20.173582388207176,-11.804725126436894,14.09262911258854,-11.804725126436896,16.036149626053344,18.766130402898217,6.908763473265389
tuning,jamaal,interaction_0763456e0adc,adcda12f477b,interaction,6,0.16666666666666666,1.3333333333333333,0.16666666666666666,0.8333333333333334,0.0,7.832152954659534,9.882811226411192,-0.10714908075211049,12.643338118184454,-0.10714908075211049,14.34701262297073,13.945924775140115,6.536721539123828
tuning,stumpjumper-front-pod-v1,interaction_0763456e0adc,adcda12f477b,interaction,7,4.285714285714286,29.428571428571427,0.7142857142857143,0.2857142857142857,0.12857142857142856,6.648897185375175,-2.9427318786677716,-7.224623065878611,7.224623065878611,-7.2246230658786095,8.860954969462949,10.836123688637263,4.073629133563836
tuning,stumpjumper-front-pod-v2,interaction_0763456e0adc,adcda12f477b,interaction,11,2.272727272727273,11.727272727272727,0.6363636363636364,0.36363636363636365,0.6377551020408163,2.381400125950232,-0.08871955827466138,-3.5727749116489353,3.6163945304169576,-3.572774911648935,5.481502876796724,8.937370498411866,3.6119125620101453
tuning,cohort-balanced,interaction_0763456e0adc,adcda12f477b,interaction,38,1.7348484848484849,10.9258658008658,0.4329004329004329,0.58495670995671,0.19158163265306122,6.324387673872111,-3.3305556496846043,-5.6773180461791375,9.39424620676714,-5.6773180461791375,11.181405023820936,13.121387341271866,5.2827566769908
tuning,harry,interaction_09e6c332d09b,2da9c40f8e8b,interaction,14,0.42857142857142855,0.42857142857142855,0.14285714285714285,0.9285714285714286,0.0,13.719523607235036,-20.083863129138123,-12.201579002385484,14.48948298853713,-12.201579002385484,16.38541759973601,19.087563299349153,6.908763473265389
tuning,jamaal,interaction_09e6c332d09b,2da9c40f8e8b,interaction,6,0.16666666666666666,1.0,0.16666666666666666,0.8333333333333334,0.0,7.832152954659534,7.210508867030953,-0.3880218716947296,12.362465327241836,-0.3880218716947296,14.116151773748312,13.74462208484129,6.536721539123828
tuning,stumpjumper-front-pod-v1,interaction_09e6c332d09b,2da9c40f8e8b,interaction,7,5.857142857142857,0.0,0.0,1.0,0.08730158730158731,6.404653748902584,nan,-12.719530353398499,12.719530353398499,-12.719530353398499,13.391447922135082,13.842722284713115,4.073629133563836
tuning,stumpjumper-front-pod-v2,interaction_09e6c332d09b,2da9c40f8e8b,interaction,11,4.636363636363637,0.8181818181818182,0.18181818181818182,0.8181818181818182,0.4825091575091575,3.714348425736575,14.691126161342389,0.40712060822600776,5.938766481095867,0.4071206082260071,7.262805407576488,8.727799748555277,3.6119125620101453
tuning,cohort-balanced,interaction_09e6c332d09b,2da9c40f8e8b,interaction,38,2.7721861471861473,0.5616883116883117,0.12283549783549784,0.895021645021645,0.1424526862026862,7.917669684133433,0.6059239664117394,-6.225502654813176,11.377561287568334,-6.225502654813177,12.788955675798972,13.850676854364709,5.2827566769908
tuning,harry,interaction_0acd89432518,243ae418dd42,interaction,14,0.35714285714285715,0.7857142857142857,0.21428571428571427,0.8571428571428571,0.0,13.746462245816947,-18.350151706223695,-11.171421914761437,13.459325900913083,-11.171421914761437,15.64086435080139,18.304782288668836,6.908763473265389
tuning,jamaal,interaction_0acd89432518,243ae418dd42,interaction,6,0.16666666666666666,0.3333333333333333,0.16666666666666666,0.8333333333333334,0.0,7.832152954659534,14.112508997731027,0.17115492642527683,12.921642125361842,0.17115492642527683,14.589308460957964,14.171266210335139,6.536721539123828
tuning,stumpjumper-front-pod-v1,interaction_0acd89432518,243ae418dd42,interaction,7,5.857142857142857,27.571428571428573,0.7142857142857143,0.2857142857142857,0.08730158730158731,6.403533278901777,-2.3524333915744675,-6.897439943799886,6.897439943799886,-6.897439943799883,8.653518043135621,10.620769490200118,4.073629133563836
tuning,stumpjumper-front-pod-v2,interaction_0acd89432518,243ae418dd42,interaction,11,4.545454545454546,10.272727272727273,0.6363636363636364,0.36363636363636365,0.4825091575091575,3.775320298624564,0.13266102595013102,-3.6265127105176465,3.6888012095830804,-3.626512710517646,5.559011353541336,9.025232189488163,3.6119125620101453
tuning,cohort-balanced,interaction_0acd89432518,243ae418dd42,interaction,38,2.7316017316017316,9.740800865800868,0.4329004329004329,0.58495670995671,0.1424526862026862,7.939367194500705,-1.6143537685292513,-5.381054910663423,9.241802294914473,-5.381054910663422,11.110675552109077,13.030512544673064,5.2827566769908
tuning,harry,interaction_0af0527c0123,51a6510c4c82,interaction,14,1.5714285714285714,7.428571428571429,0.7142857142857143,0.42857142857142855,0.0,10.266655709471939,-12.723133550656566,-12.179473876983565,14.889576632604628,-12.179473876983563,16.913454598861208,20.444970256457164,6.908763473265389
tuning,jamaal,interaction_0af0527c0123,51a6510c4c82,interaction,6,2.0,24.333333333333332,1.0,0.16666666666666666,0.1111111111111111,6.035377624171659,-13.426974627603977,-9.323901412477618,9.323901412477618,-9.323901412477618,11.49201439456778,13.681006432879043,6.536721539123828
tuning,stumpjumper-front-pod-v1,interaction_0af0527c0123,51a6510c4c82,interaction,7,9.714285714285714,35.42857142857143,1.0,0.0,0.15454545454545454,6.155325938040602,-4.144052170776462,-3.5937267690317047,5.410265180872559,-3.5937267690317034,7.201661240866165,10.243116168007349,4.073629133563836
tuning,stumpjumper-front-pod-v2,interaction_0af0527c0123,51a6510c4c82,interaction,11,8.909090909090908,35.45454545454545,0.7272727272727273,0.2727272727272727,0.5550901948928265,3.7776003933524933,2.3841107312130134,-0.2112415169812415,4.582759491497242,-0.2112415169812418,6.000375226807838,7.914545569891334,3.6119125620101453
tuning,cohort-balanced,interaction_0af0527c0123,51a6510c4c82,interaction,38,5.548701298701298,25.66125541125541,0.8603896103896105,0.21699134199134198,0.20518669013734803,6.5587399162591735,-6.977512404455998,-6.327085893868532,8.551625679363012,-6.327085893868532,10.401876365275749,13.070909606808721,5.2827566769908
tuning,harry,interaction_0d9855730148,e7af8f312ad4,interaction,14,1.5714285714285714,7.428571428571429,0.7142857142857143,0.42857142857142855,0.0,10.266655709471939,-12.723133550656566,-12.179473876983565,14.889576632604628,-12.179473876983563,16.913454598861208,20.444970256457164,6.908763473265389
tuning,jamaal,interaction_0d9855730148,e7af8f312ad4,interaction,6,2.0,24.333333333333332,1.0,0.16666666666666666,0.1111111111111111,6.035377624171659,-13.426974627603977,-9.323901412477618,9.323901412477618,-9.323901412477618,11.49201439456778,13.681006432879043,6.536721539123828
tuning,stumpjumper-front-pod-v1,interaction_0d9855730148,e7af8f312ad4,interaction,7,9.714285714285714,35.42857142857143,1.0,0.0,0.15454545454545454,6.155325938040602,-4.144052170776462,-3.5937267690317047,5.410265180872559,-3.5937267690317034,7.201661240866165,10.243116168007349,4.073629133563836
tuning,stumpjumper-front-pod-v2,interaction_0d9855730148,e7af8f312ad4,interaction,11,8.909090909090908,35.45454545454545,0.7272727272727273,0.2727272727272727,0.5550901948928265,3.7776003933524933,2.3841107312130134,-0.2112415169812415,4.582759491497242,-0.2112415169812418,6.000375226807838,7.914545569891334,3.6119125620101453
tuning,cohort-balanced,interaction_0d9855730148,e7af8f312ad4,interaction,38,5.548701298701298,25.66125541125541,0.8603896103896105,0.21699134199134198,0.20518669013734803,6.5587399162591735,-6.977512404455998,-6.327085893868532,8.551625679363012,-6.327085893868532,10.401876365275749,13.070909606808721,5.2827566769908
tuning,harry,interaction_13243d5d6751,be18de8e8d39,interaction,14,0.35714285714285715,0.7857142857142857,0.21428571428571427,0.8571428571428571,0.0,13.746462245816947,-17.644848919078996,-12.08852580650034,14.376429792651988,-12.088525806500343,16.271224089318906,19.006560403294454,6.908763473265389
tuning,jamaal,interaction_13243d5d6751,be18de8e8d39,interaction,6,0.16666666666666666,0.6666666666666666,0.16666666666666666,0.8333333333333334,0.0,7.832152954659534,4.849532914526407,-0.7087853042605676,12.041701894675997,-0.7087853042605671,13.879793349214232,13.570176242588724,6.536721539123828
tuning,stumpjumper-front-pod-v1,interaction_13243d5d6751,be18de8e8d39,interaction,7,5.857142857142857,16.714285714285715,0.7142857142857143,0.2857142857142857,0.08730158730158731,6.403533278901777,-0.718247495027228,-6.029405997340542,6.39065512201911,-6.0294059973405405,8.305983421600349,10.148572740949666,4.073629133563836
tuning,stumpjumper-front-pod-v2,interaction_13243d5d6751,be18de8e8d39,interaction,11,4.545454545454546,9.909090909090908,0.6363636363636364,0.36363636363636365,0.4825091575091575,3.775320298624564,0.4904163511671728,-3.544546644966469,3.5881662637344913,-3.544546644966469,5.510112818846575,8.968587113909864,3.6119125620101453
tuning,cohort-balanced,interaction_13243d5d6751,be18de8e8d39,interaction,38,2.7316017316017316,7.0189393939393945,0.4329004329004329,0.58495670995671,0.1424526862026862,7.939367194500705,-3.255786787103161,-5.5928159382669795,9.099238268270398,-5.59281593826698,10.991778419745016,12.923474125185678,5.2827566769908
tuning,harry,interaction_1328b29f5be9,17c9bd082047,interaction,14,0.21428571428571427,1.2142857142857142,0.21428571428571427,0.8571428571428571,0.0,8.435100429503498,-20.173582388207176,-11.804725126436894,14.09262911258854,-11.804725126436896,16.036149626053344,18.766130402898217,6.908763473265389
tuning,jamaal,interaction_1328b29f5be9,17c9bd082047,interaction,6,0.16666666666666666,1.3333333333333333,0.16666666666666666,0.8333333333333334,0.0,7.832152954659534,9.882811226411192,-0.10714908075211049,12.643338118184454,-0.10714908075211049,14.34701262297073,13.945924775140115,6.536721539123828
tuning,stumpjumper-front-pod-v1,interaction_1328b29f5be9,17c9bd082047,interaction,7,4.285714285714286,29.428571428571427,0.7142857142857143,0.2857142857142857,0.12857142857142856,6.648897185375175,-2.9427318786677716,-7.224623065878611,7.224623065878611,-7.2246230658786095,8.860954969462949,10.836123688637263,4.073629133563836
tuning,stumpjumper-front-pod-v2,interaction_1328b29f5be9,17c9bd082047,interaction,11,2.272727272727273,11.727272727272727,0.6363636363636364,0.36363636363636365,0.6377551020408163,2.381400125950232,-0.08871955827466138,-3.5727749116489353,3.6163945304169576,-3.572774911648935,5.481502876796724,8.937370498411866,3.6119125620101453
tuning,cohort-balanced,interaction_1328b29f5be9,17c9bd082047,interaction,38,1.7348484848484849,10.9258658008658,0.4329004329004329,0.58495670995671,0.19158163265306122,6.324387673872111,-3.3305556496846043,-5.6773180461791375,9.39424620676714,-5.6773180461791375,11.181405023820936,13.121387341271866,5.2827566769908
tuning,harry,interaction_137024469b67,44d31d702493,interaction,14,0.07142857142857142,0.21428571428571427,0.07142857142857142,1.0,0.0,4.85559523786722,-25.288855100332498,-12.242303736487711,14.530207722639357,-12.242303736487713,16.419991467530846,19.12231586406346,6.908763473265389
tuning,jamaal,interaction_137024469b67,44d31d702493,interaction,6,0.0,0.0,0.0,1.0,nan,nan,nan,-2.669670058015841,12.438647922235974,-2.669670058015841,14.177035463192867,14.48153551234829,6.536721539123828
tuning,stumpjumper-front-pod-v1,interaction_137024469b67,44d31d702493,interaction,7,3.0,10.142857142857142,0.7142857142857143,0.2857142857142857,0.1,6.623575811365013,-1.0083431932517528,-5.506530508962059,6.420321141469882,-5.506530508962058,8.208274058892144,10.135724269408723,4.073629133563836
tuning,stumpjumper-front-pod-v2,interaction_137024469b67,44d31d702493,interaction,11,1.1818181818181819,3.1818181818181817,0.5454545454545454,0.45454545454545453,0.5416666666666666,2.61731999638438,0.31363839512853886,-3.4496337793100023,3.79879879710075,-3.4496337793100023,5.573537908080323,8.987483068747363,3.6119125620101453
tuning,cohort-balanced,interaction_137024469b67,44d31d702493,interaction,38,1.0633116883116884,3.3847402597402594,0.33279220779220775,0.685064935064935,0.21388888888888888,4.698830348538871,-8.661186632818572,-5.967034520693903,9.296993895861492,-5.967034520693903,11.094709724424046,13.181764678641958,5.2827566769908
tuning,harry,interaction_19daed1b8e0d,92693e1a3114,interaction,14,0.35714285714285715,0.42857142857142855,0.14285714285714285,0.9285714285714286,0.0,13.746462245816947,-20.083863129138123,-12.201579002385484,14.48948298853713,-12.201579002385484,16.38541759973601,19.087563299349153,6.908763473265389
tuning,jamaal,interaction_19daed1b8e0d,92693e1a3114,interaction,6,0.16666666666666666,1.0,0.16666666666666666,0.8333333333333334,0.0,7.832152954659534,7.210508867030953,-0.3880218716947296,12.362465327241836,-0.3880218716947296,14.116151773748312,13.74462208484129,6.536721539123828
tuning,stumpjumper-front-pod-v1,interaction_19daed1b8e0d,92693e1a3114,interaction,7,5.857142857142857,0.0,0.0,1.0,0.08730158730158731,6.403533278901777,nan,-12.719530353398499,12.719530353398499,-12.719530353398499,13.391447922135082,13.842722284713115,4.073629133563836
tuning,stumpjumper-front-pod-v2,interaction_19daed1b8e0d,92693e1a3114,interaction,11,4.545454545454546,0.8181818181818182,0.18181818181818182,0.8181818181818182,0.4825091575091575,3.775320298624564,14.691126161342389,0.40712060822600776,5.938766481095867,0.4071206082260071,7.262805407576488,8.727799748555277,3.6119125620101453
tuning,cohort-balanced,interaction_19daed1b8e0d,92693e1a3114,interaction,38,2.7316017316017316,0.5616883116883117,0.12283549783549784,0.895021645021645,0.1424526862026862,7.939367194500705,0.6059239664117394,-6.225502654813176,11.377561287568334,-6.225502654813177,12.788955675798972,13.850676854364709,5.2827566769908
tuning,harry,interaction_1a3590b96a71,5628b2f7565d,interaction,14,0.07142857142857142,0.07142857142857142,0.07142857142857142,0.9285714285714286,0.0,4.85559523786722,-7.3903766693936035,-11.816593837289176,14.104497823440825,-11.816593837289178,16.021874775422727,18.739232543756447,6.908763473265389
tuning,jamaal,interaction_1a3590b96a71,5628b2f7565d,interaction,6,0.0,0.0,0.0,1.0,nan,nan,nan,-2.669670058015841,12.438647922235974,-2.669670058015841,14.177035463192867,14.48153551234829,6.536721539123828
tuning,stumpjumper-front-pod-v1,interaction_1a3590b96a71,5628b2f7565d,interaction,7,3.0,10.142857142857142,0.7142857142857143,0.2857142857142857,0.1,6.623575811365013,-1.0083431932517528,-5.506530508962059,6.420321141469882,-5.506530508962058,8.208274058892144,10.135724269408723,4.073629133563836
tuning,stumpjumper-front-pod-v2,interaction_1a3590b96a71,5628b2f7565d,interaction,11,1.1818181818181819,2.8181818181818183,0.5454545454545454,0.45454545454545453,0.5416666666666666,2.61731999638438,0.6983628784225099,-3.417684196720167,3.7668492145109154,-3.417684196720167,5.5517769389178895,8.959927934783222,3.6119125620101453
tuning,cohort-balanced,interaction_1a3590b96a71,5628b2f7565d,interaction,38,1.0633116883116884,3.258116883116883,0.33279220779220775,0.6672077922077922,0.21388888888888888,4.698830348538871,-2.566785661407615,-5.852619650246811,9.182579025414398,-5.852619650246811,10.989740309106407,13.07910506507417,5.2827566769908
tuning,harry,interaction_1f56e048d426,883db8eb8371,interaction,14,0.8571428571428571,3.5,0.7142857142857143,0.42857142857142855,0.0,8.248934190980036,-11.965777597346284,-11.063014886947101,13.631535908701744,-11.0630148869471,15.858123996481822,19.096030960288026,6.908763473265389
tuning,jamaal,interaction_1f56e048d426,883db8eb8371,interaction,6,2.0,11.666666666666666,0.8333333333333334,0.16666666666666666,0.1111111111111111,6.035377624171659,-12.037928973418039,-9.42305396368594,9.42305396368594,-9.42305396368594,11.89903151042462,14.032226808890812,6.536721539123828
tuning,stumpjumper-front-pod-v1,interaction_1f56e048d426,883db8eb8371,interaction,7,6.714285714285714,21.571428571428573,1.0,0.0,0.14444444444444443,5.666994710351425,-3.1969598100334187,-4.031439752663903,4.972551058302092,-4.031439752663902,6.711067789085439,8.91605432732415,4.073629133563836
tuning,stumpjumper-front-pod-v2,interaction_1f56e048d426,883db8eb8371,interaction,11,5.090909090909091,17.818181818181817,0.7272727272727273,0.2727272727272727,0.7435515873015872,1.2984141570177528,0.6399835326932202,-2.2005575622709936,2.963700607130001,-2.2005575622709936,4.883354433618941,8.213247664387133,3.6119125620101453
tuning,cohort-balanced,interaction_1f56e048d426,883db8eb8371,interaction,38,3.6655844155844157,13.639069264069263,0.8187229437229437,0.21699134199134198,0.2497767857142857,5.312430170630218,-6.64017071202613,-6.679516541391984,7.747710384454944,-6.679516541391983,9.837894432402706,12.564389940222531,5.2827566769908
tuning,harry,interaction_22645769fc19,6da9ded1707c,interaction,14,0.42857142857142855,0.7857142857142857,0.21428571428571427,0.8571428571428571,0.0,13.719523607235036,-17.644848919078996,-12.08852580650034,14.376429792651988,-12.088525806500343,16.271224089318906,19.006560403294454,6.908763473265389
tuning,jamaal,interaction_22645769fc19,6da9ded1707c,interaction,6,0.16666666666666666,0.6666666666666666,0.16666666666666666,0.8333333333333334,0.0,7.832152954659534,4.849532914526407,-0.7087853042605676,12.041701894675997,-0.7087853042605671,13.879793349214232,13.570176242588724,6.536721539123828
tuning,stumpjumper-front-pod-v1,interaction_22645769fc19,6da9ded1707c,interaction,7,5.857142857142857,15.857142857142858,0.7142857142857143,0.2857142857142857,0.08730158730158731,6.404653748902584,-0.8088050151578756,-6.08691627743611,6.480598644352499,-6.086916277436108,8.363833198662007,10.202399934190742,4.073629133563836
tuning,stumpjumper-front-pod-v2,interaction_22645769fc19,6da9ded1707c,interaction,11,4.636363636363637,9.909090909090908,0.6363636363636364,0.36363636363636365,0.4825091575091575,3.714348425736575,0.4904163511671728,-3.544546644966469,3.5881662637344913,-3.544546644966469,5.510112818846575,8.968587113909864,3.6119125620101453
tuning,cohort-balanced,interaction_22645769fc19,6da9ded1707c,interaction,38,2.7721861471861473,6.804653679653679,0.4329004329004329,0.58495670995671,0.1424526862026862,7.917669684133433,-3.278426167135823,-5.607193508290872,9.121724148853744,-5.607193508290872,11.00624086401043,12.936930923495947,5.2827566769908
tuning,harry,interaction_279567aab820,f7ba250e3fdd,interaction,14,0.14285714285714285,0.14285714285714285,0.07142857142857142,1.0,0.0,6.279030597811797,-33.297555199505425,-12.242303736487711,14.530207722639357,-12.242303736487713,16.419991467530846,19.12231586406346,6.908763473265389
tuning,jamaal,interaction_279567aab820,f7ba250e3fdd,interaction,6,0.0,0.0,0.0,1.0,nan,nan,nan,-2.669670058015841,12.438647922235974,-2.669670058015841,14.177035463192867,14.48153551234829,6.536721539123828
tuning,stumpjumper-front-pod-v1,interaction_279567aab820,f7ba250e3fdd,interaction,7,3.0,7.428571428571429,0.7142857142857143,0.2857142857142857,0.1,6.623575811365013,-0.29968339457114157,-5.338239087049264,6.375538765892467,-5.338239087049262,8.243515674656827,10.086301815283218,4.073629133563836
tuning,stumpjumper-front-pod-v2,interaction_279567aab820,f7ba250e3fdd,interaction,11,1.1818181818181819,2.909090909090909,0.5454545454545454,0.45454545454545453,0.5416666666666666,2.61731999638438,0.2728504796916423,-3.5279766661882017,3.8771416839789494,-3.5279766661882017,5.629885636361246,9.055966491061264,3.6119125620101453
tuning,cohort-balanced,interaction_279567aab820,f7ba250e3fdd,interaction,38,1.0811688311688312,2.6201298701298703,0.33279220779220775,0.685064935064935,0.21388888888888888,5.17330880185373,-11.108129371461642,-5.9445473869352545,9.305384023686686,-5.9445473869352545,11.117607060435446,13.186529920689056,5.2827566769908
tuning,harry,interaction_280a60cb8de8,ccc2643066f2,interaction,14,1.5714285714285714,2.642857142857143,0.7142857142857143,0.35714285714285715,0.0,10.266655709471939,-5.115096954906699,-9.76287000798067,14.67717096790238,-9.762870007980668,16.617786401671157,19.837611067098788,6.908763473265389
tuning,jamaal,interaction_280a60cb8de8,ccc2643066f2,interaction,6,2.0,5.166666666666667,1.0,0.0,0.1111111111111111,6.035377624171659,1.827441909041087,2.807293596075065,6.496910541877746,2.8072935960750645,9.592734111349655,10.791705817464178,6.536721539123828
tuning,stumpjumper-front-pod-v1,interaction_280a60cb8de8,ccc2643066f2,interaction,7,9.714285714285714,30.714285714285715,1.0,0.0,0.15454545454545454,6.155325938040602,-3.942450667228821,-5.171908555342014,5.171908555342014,-5.171908555342013,7.0870518488094785,9.597459188182174,4.073629133563836
tuning,stumpjumper-front-pod-v2,interaction_280a60cb8de8,ccc2643066f2,interaction,11,8.909090909090908,23.181818181818183,0.7272727272727273,0.2727272727272727,0.5550901948928265,3.7776003933524933,0.353823550785048,-2.5611819457108638,3.448284735447106,-2.561181945710864,5.164147617565576,8.465242238622347,3.6119125620101453
tuning,cohort-balanced,interaction_280a60cb8de8,ccc2643066f2,interaction,38,5.548701298701298,15.426406926406926,0.8603896103896105,0.15746753246753248,0.20518669013734803,6.5587399162591735,-1.7190705405773463,-3.672166728239621,7.448568700142312,-3.6721667282396204,9.615429994848967,12.173004577841871,5.2827566769908
tuning,harry,interaction_2a484cd8b115,e6cb50cc0266,interaction,14,0.14285714285714285,0.14285714285714285,0.07142857142857142,1.0,0.0,6.279030597811797,-33.297555199505425,-12.242303736487711,14.530207722639357,-12.242303736487713,16.419991467530846,19.12231586406346,6.908763473265389
tuning,jamaal,interaction_2a484cd8b115,e6cb50cc0266,interaction,6,0.0,0.0,0.0,1.0,nan,nan,nan,-2.669670058015841,12.438647922235974,-2.669670058015841,14.177035463192867,14.48153551234829,6.536721539123828
tuning,stumpjumper-front-pod-v1,interaction_2a484cd8b115,e6cb50cc0266,interaction,7,3.0,0.0,0.0,1.0,0.1,6.623575811365013,nan,-12.719530353398499,12.719530353398499,-12.719530353398499,13.391447922135082,13.842722284713115,4.073629133563836
tuning,stumpjumper-front-pod-v2,interaction_2a484cd8b115,e6cb50cc0266,interaction,11,1.1818181818181819,0.36363636363636365,0.09090909090909091,0.9090909090909091,0.5416666666666666,2.61731999638438,21.278549233485947,-0.756512535115203,5.696327227919252,-0.756512535115204,7.030749525105927,8.815992412576758,3.6119125620101453
tuning,cohort-balanced,interaction_2a484cd8b115,e6cb50cc0266,interaction,38,1.0811688311688312,0.12662337662337664,0.040584415584415584,0.9772727272727273,0.21388888888888888,5.17330880185373,-6.009502983009739,-7.097004170754313,11.346178306548271,-7.097004170754314,12.754806094491181,14.065641518425405,5.2827566769908
tuning,harry,interaction_2a7fed05469e,82560a09c2d1,interaction,14,0.42857142857142855,0.6428571428571429,0.42857142857142855,0.5714285714285714,0.0,7.079774565532925,3.5543992249580825,-10.872989504354123,13.092781705361679,-10.872989504354123,15.329298189577301,18.66827231460897,6.908763473265389
tuning,jamaal,interaction_2a7fed05469e,82560a09c2d1,interaction,6,1.3333333333333333,1.6666666666666667,0.6666666666666666,0.3333333333333333,0.25,5.4511339580948714,2.4246483290383445,-1.2672764004457793,6.1425362914144435,-1.2672764004457786,9.436841011593904,11.609429908471492,6.536721539123828
tuning,stumpjumper-front-pod-v1,interaction_2a7fed05469e,82560a09c2d1,interaction,7,5.0,14.571428571428571,1.0,0.0,0.16071428571428573,5.453346522166037,2.239311221318116,-0.3321535473049444,6.4449841722790415,-0.3321535473049421,8.183557151804655,11.144222508238093,4.073629133563836
tuning,stumpjumper-front-pod-v2,interaction_2a7fed05469e,82560a09c2d1,interaction,11,3.4545454545454546,9.545454545454545,0.7272727272727273,0.2727272727272727,0.8040178571428571,1.4401360994289343,2.055959210527793,-1.461817437696603,2.7781095418947035,-1.4618174376966033,4.814957614697291,7.909604831556016,3.6119125620101453
tuning,cohort-balanced,interaction_2a7fed05469e,82560a09c2d1,interaction,38,2.554112554112554,6.606601731601732,0.7056277056277056,0.29437229437229434,0.3036830357142857,4.856097786305692,2.5685794964605844,-3.483559222450362,7.114602927737467,-3.4835592224503618,9.441163491918289,12.332882390718643,5.2827566769908
tuning,harry,interaction_2b034b89cbdc,f57a19d9b3f5,interaction,14,0.07142857142857142,0.14285714285714285,0.07142857142857142,1.0,0.0,4.85559523786722,-33.297555199505425,-12.242303736487711,14.530207722639357,-12.242303736487713,16.419991467530846,19.12231586406346,6.908763473265389
tuning,jamaal,interaction_2b034b89cbdc,f57a19d9b3f5,interaction,6,0.0,0.0,0.0,1.0,nan,nan,nan,-2.669670058015841,12.438647922235974,-2.669670058015841,14.177035463192867,14.48153551234829,6.536721539123828
tuning,stumpjumper-front-pod-v1,interaction_2b034b89cbdc,f57a19d9b3f5,interaction,7,3.0,0.0,0.0,1.0,0.1,6.623575811365013,nan,-12.719530353398499,12.719530353398499,-12.719530353398499,13.391447922135082,13.842722284713115,4.073629133563836
tuning,stumpjumper-front-pod-v2,interaction_2b034b89cbdc,f57a19d9b3f5,interaction,11,1.1818181818181819,0.36363636363636365,0.09090909090909091,0.9090909090909091,0.5416666666666666,2.61731999638438,21.278549233485947,-0.756512535115203,5.696327227919252,-0.756512535115204,7.030749525105927,8.815992412576758,3.6119125620101453
tuning,cohort-balanced,interaction_2b034b89cbdc,f57a19d9b3f5,interaction,38,1.0633116883116884,0.12662337662337664,0.040584415584415584,0.9772727272727273,0.21388888888888888,4.698830348538871,-6.009502983009739,-7.097004170754313,11.346178306548271,-7.097004170754314,12.754806094491181,14.065641518425405,5.2827566769908
tuning,harry,interaction_2e19ce383a4f,2d9b009ae187,interaction,14,0.9285714285714286,3.5,0.5,0.6428571428571429,0.0,8.09852673027601,-9.792814646640613,-9.759703364464746,12.791060795992871,-9.759703364464746,15.199389273672036,18.447831357089363,6.908763473265389
tuning,jamaal,interaction_2e19ce383a4f,2d9b009ae187,interaction,6,2.3333333333333335,12.666666666666666,1.0,0.16666666666666666,0.08333333333333333,6.254563766871172,-0.4400863748499546,4.698043447775604,17.031436432200472,4.698043447775606,19.194893294130516,22.093953466992815,6.536721539123828
tuning,stumpjumper-front-pod-v1,interaction_2e19ce383a4f,2d9b009ae187,interaction,7,6.714285714285714,2.857142857142857,0.2857142857142857,0.7142857142857143,0.14444444444444443,5.666994710351425,2.4897185929743983,-6.287721783379004,11.668310300540503,-6.287721783379003,12.43942611552115,14.214307020270665,4.073629133563836
tuning,stumpjumper-front-pod-v2,interaction_2e19ce383a4f,2d9b009ae187,interaction,11,5.090909090909091,9.181818181818182,0.6363636363636364,0.36363636363636365,0.7435515873015872,1.2984141570177528,4.16954893196655,0.9208173856550489,4.602454284783915,0.9208173856550488,6.0526424931875935,7.41585846519119,3.6119125620101453
tuning,cohort-balanced,interaction_2e19ce383a4f,2d9b009ae187,interaction,38,3.766774891774892,7.051406926406926,0.6055194805194805,0.47186147186147187,0.24283234126984124,5.32962484112909,-0.8934083741374048,-2.6071410786032745,11.52331545337944,-2.6071410786032736,13.221587794127823,15.54298757738601,5.2827566769908
tuning,harry,interaction_300991295184,a45e67576424,interaction,14,0.07142857142857142,0.07142857142857142,0.07142857142857142,0.9285714285714286,0.0,4.85559523786722,-7.3903766693936035,-11.816593837289176,14.104497823440825,-11.816593837289178,16.021874775422727,18.739232543756447,6.908763473265389
tuning,jamaal,interaction_300991295184,a45e67576424,interaction,6,0.0,0.0,0.0,1.0,nan,nan,nan,-2.669670058015841,12.438647922235974,-2.669670058015841,14.177035463192867,14.48153551234829,6.536721539123828
tuning,stumpjumper-front-pod-v1,interaction_300991295184,a45e67576424,interaction,7,5.142857142857143,7.285714285714286,0.7142857142857143,0.2857142857142857,0.07142857142857142,6.3897178566188435,-0.19108861172021818,-4.985581710531014,6.86900704295932,-4.9855817105310125,8.57784279760588,10.485933846400597,4.073629133563836
tuning,stumpjumper-front-pod-v2,interaction_300991295184,a45e67576424,interaction,11,3.272727272727273,2.4545454545454546,0.5454545454545454,0.45454545454545453,0.444047619047619,4.093680646459391,0.8435594580531619,-3.3636975564371094,3.7128625742278576,-3.3636975564371094,5.533523593041237,8.93684432241477,3.6119125620101453
tuning,cohort-balanced,interaction_300991295184,a45e67576424,interaction,38,2.1217532467532467,2.4529220779220777,0.33279220779220775,0.6672077922077922,0.1718253968253968,5.112997913648485,-2.2459686076868866,-5.708885790568285,9.281253840715994,-5.708885790568285,11.07756915731568,13.160886556230027,5.2827566769908
tuning,harry,interaction_33b3c6109b65,bf6e594daf93,interaction,14,0.21428571428571427,0.7857142857142857,0.21428571428571427,0.8571428571428571,0.0,8.435100429503498,-18.350151706223695,-11.171421914761437,13.459325900913083,-11.171421914761437,15.64086435080139,18.304782288668836,6.908763473265389
tuning,jamaal,interaction_33b3c6109b65,bf6e594daf93,interaction,6,0.16666666666666666,0.3333333333333333,0.16666666666666666,0.8333333333333334,0.0,7.832152954659534,14.112508997731027,0.17115492642527683,12.921642125361842,0.17115492642527683,14.589308460957964,14.171266210335139,6.536721539123828
tuning,stumpjumper-front-pod-v1,interaction_33b3c6109b65,bf6e594daf93,interaction,7,4.285714285714286,29.428571428571427,0.7142857142857143,0.2857142857142857,0.12857142857142856,6.648897185375175,-2.9427318786677716,-7.224623065878611,7.224623065878611,-7.2246230658786095,8.860954969462949,10.836123688637263,4.073629133563836
tuning,stumpjumper-front-pod-v2,interaction_33b3c6109b65,bf6e594daf93,interaction,11,2.272727272727273,10.181818181818182,0.6363636363636364,0.36363636363636365,0.6377551020408163,2.381400125950232,-0.014615946130403148,-3.721070385682016,3.7646900044500384,-3.7210703856820158,5.570669597442261,9.055143198676815,3.6119125620101453
tuning,cohort-balanced,interaction_33b3c6109b65,bf6e594daf93,interaction,38,1.7348484848484849,10.182359307359308,0.4329004329004329,0.58495670995671,0.19158163265306122,6.324387673872111,-1.7987476333227108,-5.486490109974197,9.342570274150894,-5.486490109974196,11.16544934466614,13.091828846579514,5.2827566769908
tuning,harry,interaction_33f851289e8e,bf16ff82949b,interaction,14,1.7857142857142858,3.5,0.5,0.6428571428571429,0.0,10.136715828526699,-9.792814646640613,-9.759703364464746,12.791060795992871,-9.759703364464746,15.199389273672036,18.447831357089363,6.908763473265389
tuning,jamaal,interaction_33f851289e8e,bf16ff82949b,interaction,6,2.8333333333333335,12.666666666666666,1.0,0.16666666666666666,0.08333333333333333,7.346828378701879,-0.4400863748499546,4.698043447775604,17.031436432200472,4.698043447775606,19.194893294130516,22.093953466992815,6.536721539123828
tuning,stumpjumper-front-pod-v1,interaction_33f851289e8e,bf16ff82949b,interaction,7,10.142857142857142,2.857142857142857,0.2857142857142857,0.7142857142857143,0.16289682539682543,6.102860331004111,2.4897185929743983,-6.287721783379004,11.668310300540503,-6.287721783379003,12.43942611552115,14.214307020270665,4.073629133563836
tuning,stumpjumper-front-pod-v2,interaction_33f851289e8e,bf16ff82949b,interaction,11,9.0,9.181818181818182,0.6363636363636364,0.36363636363636365,0.5572879970906287,3.645320532361783,4.16954893196655,0.9208173856550489,4.602454284783915,0.9208173856550488,6.0526424931875935,7.41585846519119,3.6119125620101453
tuning,cohort-balanced,interaction_33f851289e8e,bf16ff82949b,interaction,38,5.940476190476191,7.051406926406926,0.6055194805194805,0.47186147186147187,0.20087953895519686,6.807931267648617,-0.8934083741374048,-2.6071410786032745,11.52331545337944,-2.6071410786032736,13.221587794127823,15.54298757738601,5.2827566769908
tuning,harry,interaction_34e958b4450f,0f7ba5a2cab6,interaction,14,0.5,1.1428571428571428,0.35714285714285715,0.7857142857142857,0.0,7.160195894654841,-16.053901892824012,-13.51762090374134,13.525809304896113,-13.51762090374134,15.771594704746466,19.351335723428623,6.908763473265389
tuning,jamaal,interaction_34e958b4450f,0f7ba5a2cab6,interaction,6,1.5,4.0,0.8333333333333334,0.16666666666666666,0.2,5.927310032267485,-2.887284321395802,-2.116115275588195,9.494223337465344,-2.1161152755881947,11.779189126989477,13.613600604620915,6.536721539123828
tuning,stumpjumper-front-pod-v1,interaction_34e958b4450f,0f7ba5a2cab6,interaction,7,5.0,1.2857142857142858,0.2857142857142857,0.7142857142857143,0.16071428571428573,5.453346522166037,4.482229560429403,-5.429295558201375,12.526736525718134,-5.429295558201373,13.229945328489618,14.983218772886847,4.073629133563836
tuning,stumpjumper-front-pod-v2,interaction_34e958b4450f,0f7ba5a2cab6,interaction,11,3.5454545454545454,3.0,0.45454545454545453,0.5454545454545454,0.8040178571428571,1.4466528723104002,9.168281697823613,2.2899600352233582,7.5027904321486885,2.289960035223358,8.691187169712384,9.88272270302301,3.6119125620101453
tuning,cohort-balanced,interaction_34e958b4450f,0f7ba5a2cab6,interaction,38,2.6363636363636362,2.3571428571428568,0.4826839826839827,0.553030303030303,0.2911830357142857,4.996876330349691,-1.3226687389917,-4.693267925576888,10.76238990005707,-4.693267925576887,12.367979082484487,14.457719450989849,5.2827566769908
tuning,harry,interaction_35a8ffef2b52,034f047b5a3f,interaction,14,0.14285714285714285,0.2857142857142857,0.14285714285714285,0.9285714285714286,0.0,6.279030597811797,-7.7727790659254765,-11.145480118125466,13.433384104277112,-11.145480118125468,15.781655044272652,18.341480691747623,6.908763473265389
tuning,jamaal,interaction_35a8ffef2b52,034f047b5a3f,interaction,6,0.0,0.0,0.0,1.0,nan,nan,nan,-2.669670058015841,12.438647922235974,-2.669670058015841,14.177035463192867,14.48153551234829,6.536721539123828
tuning,stumpjumper-front-pod-v1,interaction_35a8ffef2b52,034f047b5a3f,interaction,7,3.0,10.142857142857142,0.7142857142857143,0.2857142857142857,0.1,6.623575811365013,-1.0083431932517528,-5.506530508962059,6.420321141469882,-5.506530508962058,8.208274058892144,10.135724269408723,4.073629133563836
tuning,stumpjumper-front-pod-v2,interaction_35a8ffef2b52,034f047b5a3f,interaction,11,1.1818181818181819,3.1818181818181817,0.5454545454545454,0.45454545454545453,0.5416666666666666,2.61731999638438,0.31363839512853886,-3.4496337793100023,3.79879879710075,-3.4496337793100023,5.573537908080323,8.987483068747363,3.6119125620101453
tuning,cohort-balanced,interaction_35a8ffef2b52,034f047b5a3f,interaction,38,1.0811688311688312,3.4025974025974026,0.35064935064935066,0.6672077922077922,0.21388888888888888,5.17330880185373,-2.822494621349563,-5.692828616103342,9.02278799127093,-5.692828616103342,10.935125618609497,12.986555885563,5.2827566769908
tuning,harry,interaction_371c6ced32ba,5606acd51c4b,interaction,14,0.2857142857142857,0.2857142857142857,0.14285714285714285,0.9285714285714286,0.0,10.489779394801161,-7.7727790659254765,-11.145480118125466,13.433384104277112,-11.145480118125468,15.781655044272652,18.341480691747623,6.908763473265389
tuning,jamaal,interaction_371c6ced32ba,5606acd51c4b,interaction,6,0.0,0.0,0.0,1.0,nan,nan,nan,-2.669670058015841,12.438647922235974,-2.669670058015841,14.177035463192867,14.48153551234829,6.536721539123828
tuning,stumpjumper-front-pod-v1,interaction_371c6ced32ba,5606acd51c4b,interaction,7,5.142857142857143,6.857142857142857,0.7142857142857143,0.2857142857142857,0.07142857142857142,6.3897178566188435,-0.2768024472988671,-5.193862681657753,7.077288014086059,-5.19386268165775,8.766348770247054,10.658520947137617,4.073629133563836
tuning,stumpjumper-front-pod-v2,interaction_371c6ced32ba,5606acd51c4b,interaction,11,3.272727272727273,2.8181818181818183,0.5454545454545454,0.45454545454545453,0.444047619047619,4.093680646459391,0.45883497475919083,-3.3956471390269445,3.7448121568176926,-3.395647139026944,5.555284562203671,8.96439945637891,3.6119125620101453
tuning,cohort-balanced,interaction_371c6ced32ba,5606acd51c4b,interaction,38,2.1753246753246755,2.49025974025974,0.35064935064935066,0.6672077922077922,0.1718253968253968,6.9910592992931315,-2.5302488461550507,-5.601164999206501,9.17353304935421,-5.6011649992065005,11.070080959979062,13.11148415190311,5.2827566769908
tuning,harry,interaction_37ef2155aaa4,8b3de834c331,interaction,14,0.42857142857142855,2.142857142857143,0.42857142857142855,0.7142857142857143,0.0,7.079774565532925,-11.444813081598205,-12.967110860581752,13.03010938720974,-12.967110860581753,15.492385876451944,18.978601622798866,6.908763473265389
tuning,jamaal,interaction_37ef2155aaa4,8b3de834c331,interaction,6,1.3333333333333333,7.166666666666667,0.6666666666666666,0.3333333333333333,0.25,5.4511339580948714,-5.305588541965879,-4.434593885204006,7.622671497840243,-4.434593885204005,10.322274074715365,12.821630652833933,6.536721539123828
tuning,stumpjumper-front-pod-v1,interaction_37ef2155aaa4,8b3de834c331,interaction,7,8.571428571428571,11.428571428571429,1.0,0.0,0.1349824778396207,6.179647454420807,-0.7536570455848783,-0.46857143770249315,6.592887607877194,-0.4685714377024911,8.235508956126973,11.155851225341378,4.073629133563836
tuning,stumpjumper-front-pod-v2,interaction_37ef2155aaa4,8b3de834c331,interaction,11,6.181818181818182,11.818181818181818,0.7272727272727273,0.2727272727272727,0.5935185185185186,3.497680054280854,2.652349036896279,-0.8169874552763035,3.4858420370170076,-0.8169874552763038,5.247417939174813,7.69100909058929,3.6119125620101453
tuning,cohort-balanced,interaction_37ef2155aaa4,8b3de834c331,interaction,38,4.128787878787879,8.139069264069265,0.7056277056277056,0.3300865800865801,0.2446252490895348,5.552059008082364,-3.7129274080631705,-4.671815909691139,7.682877632486046,-4.671815909691138,9.824396711617272,12.661773147890868,5.2827566769908
tuning,harry,interaction_3a6b8ac58e0d,74fe4d11bca8,interaction,14,0.2857142857142857,0.2857142857142857,0.14285714285714285,0.9285714285714286,0.0,10.489779394801161,-7.7727790659254765,-11.145480118125466,13.433384104277112,-11.145480118125468,15.781655044272652,18.341480691747623,6.908763473265389
tuning,jamaal,interaction_3a6b8ac58e0d,74fe4d11bca8,interaction,6,0.0,0.0,0.0,1.0,nan,nan,nan,-2.669670058015841,12.438647922235974,-2.669670058015841,14.177035463192867,14.48153551234829,6.536721539123828
tuning,stumpjumper-front-pod-v1,interaction_3a6b8ac58e0d,74fe4d11bca8,interaction,7,5.142857142857143,6.857142857142857,0.7142857142857143,0.2857142857142857,0.07142857142857142,6.3897178566188435,-0.2768024472988671,-5.193862681657753,7.077288014086059,-5.19386268165775,8.766348770247054,10.658520947137617,4.073629133563836
tuning,stumpjumper-front-pod-v2,interaction_3a6b8ac58e0d,74fe4d11bca8,interaction,11,3.272727272727273,2.8181818181818183,0.5454545454545454,0.45454545454545453,0.444047619047619,4.093680646459391,0.45883497475919083,-3.3956471390269445,3.7448121568176926,-3.395647139026944,5.555284562203671,8.96439945637891,3.6119125620101453
tuning,cohort-balanced,interaction_3a6b8ac58e0d,74fe4d11bca8,interaction,38,2.1753246753246755,2.49025974025974,0.35064935064935066,0.6672077922077922,0.1718253968253968,6.9910592992931315,-2.5302488461550507,-5.601164999206501,9.17353304935421,-5.6011649992065005,11.070080959979062,13.11148415190311,5.2827566769908
tuning,harry,interaction_3e4e9020698c,0922e616741b,interaction,14,0.9285714285714286,3.2857142857142856,0.7142857142857143,0.42857142857142855,0.0,8.09852673027601,-12.453178155983181,-11.319937330751005,13.37461346489784,-11.319937330751003,15.73012977823268,19.111097423368744,6.908763473265389
tuning,jamaal,interaction_3e4e9020698c,0922e616741b,interaction,6,2.3333333333333335,11.666666666666666,0.8333333333333334,0.16666666666666666,0.08333333333333333,6.254563766871172,-12.037928973418039,-9.42305396368594,9.42305396368594,-9.42305396368594,11.89903151042462,14.032226808890812,6.536721539123828
tuning,stumpjumper-front-pod-v1,interaction_3e4e9020698c,0922e616741b,interaction,7,6.714285714285714,21.571428571428573,1.0,0.0,0.14444444444444443,5.666994710351425,-3.1969598100334187,-4.031439752663903,4.972551058302092,-4.031439752663902,6.711067789085439,8.91605432732415,4.073629133563836
tuning,stumpjumper-front-pod-v2,interaction_3e4e9020698c,0922e616741b,interaction,11,5.090909090909091,17.636363636363637,0.7272727272727273,0.2727272727272727,0.7435515873015872,1.2984141570177528,0.5734085923489136,-2.2842032812659023,2.8800548881350925,-2.2842032812659023,4.834269124059428,8.200518298849797,3.6119125620101453
tuning,cohort-balanced,interaction_3e4e9020698c,0922e616741b,interaction,38,3.766774891774892,13.54004329004329,0.8187229437229437,0.21699134199134198,0.24283234126984124,5.32962484112909,-6.778664586771432,-6.764658582091688,7.6625683437552405,-6.764658582091686,9.793624550450541,12.564974214608377,5.2827566769908
tuning,harry,interaction_3f06d9df5bc3,a0c8eed04980,interaction,14,0.8571428571428571,7.428571428571429,0.7142857142857143,0.42857142857142855,0.0,8.248934190980036,-12.723133550656566,-12.179473876983565,14.889576632604628,-12.179473876983563,16.913454598861208,20.444970256457164,6.908763473265389
tuning,jamaal,interaction_3f06d9df5bc3,a0c8eed04980,interaction,6,2.0,24.333333333333332,1.0,0.16666666666666666,0.1111111111111111,6.035377624171659,-13.426974627603977,-9.323901412477618,9.323901412477618,-9.323901412477618,11.49201439456778,13.681006432879043,6.536721539123828
tuning,stumpjumper-front-pod-v1,interaction_3f06d9df5bc3,a0c8eed04980,interaction,7,6.714285714285714,38.714285714285715,1.0,0.0,0.14444444444444443,5.666994710351425,-4.513809250569996,-5.0491592084656896,5.37143583149581,-5.049159208465688,7.140663798873198,9.727861376962071,4.073629133563836
tuning,stumpjumper-front-pod-v2,interaction_3f06d9df5bc3,a0c8eed04980,interaction,11,5.090909090909091,35.81818181818182,0.7272727272727273,0.2727272727272727,0.7435515873015872,1.2984141570177528,2.315771167154013,-0.31343529385773916,4.397304604772828,-0.31343529385773966,5.837308861031281,7.782065366596152,3.6119125620101453
tuning,cohort-balanced,interaction_3f06d9df5bc3,a0c8eed04980,interaction,38,3.6655844155844157,26.573593073593074,0.8603896103896105,0.21699134199134198,0.2497767857142857,5.312430170630218,-7.087036565419131,-6.716492447946153,8.495554620337721,-6.716492447946153,10.345860413333368,12.908975858223608,5.2827566769908
tuning,harry,interaction_40f6473a86c3,832c2b26e460,interaction,14,0.07142857142857142,0.14285714285714285,0.07142857142857142,1.0,0.0,4.85559523786722,-33.297555199505425,-12.242303736487711,14.530207722639357,-12.242303736487713,16.419991467530846,19.12231586406346,6.908763473265389
tuning,jamaal,interaction_40f6473a86c3,832c2b26e460,interaction,6,0.0,0.0,0.0,1.0,nan,nan,nan,-2.669670058015841,12.438647922235974,-2.669670058015841,14.177035463192867,14.48153551234829,6.536721539123828
tuning,stumpjumper-front-pod-v1,interaction_40f6473a86c3,832c2b26e460,interaction,7,5.142857142857143,0.0,0.0,1.0,0.07142857142857142,6.3897178566188435,nan,-12.719530353398499,12.719530353398499,-12.719530353398499,13.391447922135082,13.842722284713115,4.073629133563836
tuning,stumpjumper-front-pod-v2,interaction_40f6473a86c3,832c2b26e460,interaction,11,3.272727272727273,0.36363636363636365,0.09090909090909091,0.9090909090909091,0.444047619047619,4.093680646459391,21.278549233485947,-0.756512535115203,5.696327227919252,-0.756512535115204,7.030749525105927,8.815992412576758,3.6119125620101453
tuning,cohort-balanced,interaction_40f6473a86c3,832c2b26e460,interaction,38,2.1217532467532467,0.12662337662337664,0.040584415584415584,0.9772727272727273,0.1718253968253968,5.112997913648485,-6.009502983009739,-7.097004170754313,11.346178306548271,-7.097004170754314,12.754806094491181,14.065641518425405,5.2827566769908
tuning,harry,interaction_415afec99f83,59c07ed6d2b9,interaction,14,0.7142857142857143,1.0,0.35714285714285715,0.7142857142857143,0.0,8.856967633189957,-9.43849354573582,-12.80132398519586,13.498109843476312,-12.80132398519586,15.705179912777938,19.422669812088934,6.908763473265389
tuning,jamaal,interaction_415afec99f83,59c07ed6d2b9,interaction,6,1.8333333333333333,3.0,0.6666666666666666,0.3333333333333333,0.08333333333333333,6.247712686683985,-8.83419376677525,-5.643535407701612,8.495043794267213,-5.643535407701612,11.255525751143127,13.799198928307092,6.536721539123828
tuning,stumpjumper-front-pod-v1,interaction_415afec99f83,59c07ed6d2b9,interaction,7,8.571428571428571,6.142857142857143,1.0,0.0,0.1349824778396207,6.179645562111028,0.514271830396258,0.5593534936477295,6.348430868422004,0.5593534936477312,7.88382934955758,10.472204281843915,4.073629133563836
tuning,stumpjumper-front-pod-v2,interaction_415afec99f83,59c07ed6d2b9,interaction,11,6.363636363636363,7.636363636363637,0.7272727272727273,0.2727272727272727,0.5935185185185186,3.497680054280854,2.3560024329344564,-1.4265977289026444,2.709315428136774,-1.4265977289026446,4.830625712365236,7.77149526417523,3.6119125620101453
tuning,cohort-balanced,interaction_415afec99f83,59c07ed6d2b9,interaction,38,4.370670995670995,4.444805194805195,0.6877705627705628,0.3300865800865801,0.20295858242286813,6.1955014840664555,-3.850603262295089,-4.828025907038096,7.762724983575575,-4.828025907038096,9.91879018146097,12.866392071603793,5.2827566769908
tuning,harry,interaction_455fc1bf2c33,e1b7fcc4ad7b,interaction,14,0.2857142857142857,0.14285714285714285,0.07142857142857142,1.0,0.0,10.489779394801161,-33.297555199505425,-12.242303736487711,14.530207722639357,-12.242303736487713,16.419991467530846,19.12231586406346,6.908763473265389
tuning,jamaal,interaction_455fc1bf2c33,e1b7fcc4ad7b,interaction,6,0.0,0.0,0.0,1.0,nan,nan,nan,-2.669670058015841,12.438647922235974,-2.669670058015841,14.177035463192867,14.48153551234829,6.536721539123828
tuning,stumpjumper-front-pod-v1,interaction_455fc1bf2c33,e1b7fcc4ad7b,interaction,7,5.142857142857143,0.0,0.0,1.0,0.07142857142857142,6.3897178566188435,nan,-12.719530353398499,12.719530353398499,-12.719530353398499,13.391447922135082,13.842722284713115,4.073629133563836
tuning,stumpjumper-front-pod-v2,interaction_455fc1bf2c33,e1b7fcc4ad7b,interaction,11,3.272727272727273,0.36363636363636365,0.09090909090909091,0.9090909090909091,0.444047619047619,4.093680646459391,21.278549233485947,-0.756512535115203,5.696327227919252,-0.756512535115204,7.030749525105927,8.815992412576758,3.6119125620101453
tuning,cohort-balanced,interaction_455fc1bf2c33,e1b7fcc4ad7b,interaction,38,2.1753246753246755,0.12662337662337664,0.040584415584415584,0.9772727272727273,0.1718253968253968,6.9910592992931315,-6.009502983009739,-7.097004170754313,11.346178306548271,-7.097004170754314,12.754806094491181,14.065641518425405,5.2827566769908
tuning,harry,interaction_45d7c273cd2d,be6bfc9479ea,interaction,14,1.7857142857142858,7.428571428571429,0.7142857142857143,0.42857142857142855,0.0,10.136715828526699,-10.84023174567228,-10.580401904627786,14.824034867733866,-10.580401904627783,16.77206917948771,19.802912194063815,6.908763473265389
tuning,jamaal,interaction_45d7c273cd2d,be6bfc9479ea,interaction,6,2.8333333333333335,24.666666666666668,1.0,0.16666666666666666,0.08333333333333333,7.346828378701879,-13.210482426533401,-9.091010820138054,9.091010820138054,-9.091010820138054,11.31122924153655,13.498603708016525,6.536721539123828
tuning,stumpjumper-front-pod-v1,interaction_45d7c273cd2d,be6bfc9479ea,interaction,7,10.142857142857142,35.42857142857143,1.0,0.0,0.16289682539682543,6.102860331004111,-3.9365254033541675,-3.419283210452785,5.23582162229364,-3.4192832104527833,7.107186512611382,10.198283142201413,4.073629133563836
tuning,stumpjumper-front-pod-v2,interaction_45d7c273cd2d,be6bfc9479ea,interaction,11,9.0,35.0,0.7272727272727273,0.2727272727272727,0.5572879970906287,3.645320532361783,2.585754406469949,-0.20329508902913657,4.590705919449348,-0.20329508902913657,6.006874655531783,7.918577889647099,3.6119125620101453
tuning,cohort-balanced,interaction_45d7c273cd2d,be6bfc9479ea,interaction,38,5.940476190476191,25.63095238095238,0.8603896103896105,0.21699134199134198,0.20087953895519686,6.807931267648617,-6.350371292272475,-5.823497756061941,8.435393307403727,-5.823497756061939,10.299339897291857,12.854594233482212,5.2827566769908
tuning,harry,interaction_470b73fcf9c0,ba4d136a9da4,interaction,14,0.5,1.8571428571428572,0.42857142857142855,0.7142857142857143,0.0,7.160195894654841,-8.000013202749619,-11.556169846575193,12.665996975415737,-11.556169846575196,15.235600919130858,18.2865439966954,6.908763473265389
tuning,jamaal,interaction_470b73fcf9c0,ba4d136a9da4,interaction,6,1.5,7.666666666666667,0.8333333333333334,0.16666666666666666,0.2,5.927310032267485,-1.4736044350316746,-1.6134081434120906,8.086026458316907,-1.6134081434120906,10.717117070096686,12.494859974079574,6.536721539123828
tuning,stumpjumper-front-pod-v1,interaction_470b73fcf9c0,ba4d136a9da4,interaction,7,5.0,16.0,1.0,0.0,0.16071428571428573,5.453346522166037,-1.9538750717823246,-0.6698587795622954,6.107278940021691,-0.6698587795622937,7.846023116487991,10.816075590364273,4.073629133563836
tuning,stumpjumper-front-pod-v2,interaction_470b73fcf9c0,ba4d136a9da4,interaction,11,3.5454545454545454,12.818181818181818,0.7272727272727273,0.2727272727272727,0.8040178571428571,1.4466528723104002,2.3325076713769075,-1.0778796466030565,3.2584976023464236,-1.077879646603057,5.136148568608619,7.755133802774079,3.6119125620101453
tuning,cohort-balanced,interaction_470b73fcf9c0,ba4d136a9da4,interaction,38,2.6363636363636362,9.585497835497836,0.7472943722943723,0.2884199134199134,0.2911830357142857,4.996876330349691,-2.2737462595466775,-3.729329104038159,7.52944999402519,-3.7293291040381593,9.733722418581038,12.33815334097833,5.2827566769908
tuning,harry,interaction_4774689e69b6,79dc1057cc89,interaction,14,0.7142857142857143,1.8571428571428572,0.42857142857142855,0.7142857142857143,0.0,8.856967633189957,-8.000013202749619,-11.556169846575193,12.665996975415737,-11.556169846575196,15.235600919130858,18.2865439966954,6.908763473265389
tuning,jamaal,interaction_4774689e69b6,79dc1057cc89,interaction,6,1.8333333333333333,7.666666666666667,0.8333333333333334,0.16666666666666666,0.08333333333333333,6.247712686683985,-1.4736044350316746,-1.6134081434120906,8.086026458316907,-1.6134081434120906,10.717117070096686,12.494859974079574,6.536721539123828
tuning,stumpjumper-front-pod-v1,interaction_4774689e69b6,79dc1057cc89,interaction,7,8.571428571428571,9.857142857142858,1.0,0.0,0.1349824778396207,6.179645562111028,-0.39699074066485146,-0.729531086746958,6.853847256921658,-0.729531086746956,8.245154421831916,10.900522205396188,4.073629133563836
tuning,stumpjumper-front-pod-v2,interaction_4774689e69b6,79dc1057cc89,interaction,11,6.363636363636363,11.909090909090908,0.7272727272727273,0.2727272727272727,0.5935185185185186,3.497680054280854,2.592578193874676,-0.8659012518671464,3.4369282404261643,-0.8659012518671467,5.212491212950088,7.675364484556059,3.6119125620101453
tuning,cohort-balanced,interaction_4774689e69b6,79dc1057cc89,interaction,38,4.370670995670995,7.8225108225108215,0.7472943722943723,0.2884199134199134,0.20295858242286813,6.1955014840664555,-1.8195075461428671,-3.691252582150347,7.760699732770117,-3.6912525821503475,9.852590906002387,12.339322665181804,5.2827566769908
tuning,harry,interaction_4c7137eaa2bd,52ad48747ced,interaction,14,0.14285714285714285,0.14285714285714285,0.07142857142857142,1.0,0.0,6.279030597811797,-33.297555199505425,-12.242303736487711,14.530207722639357,-12.242303736487713,16.419991467530846,19.12231586406346,6.908763473265389
tuning,jamaal,interaction_4c7137eaa2bd,52ad48747ced,interaction,6,0.0,0.0,0.0,1.0,nan,nan,nan,-2.669670058015841,12.438647922235974,-2.669670058015841,14.177035463192867,14.48153551234829,6.536721539123828
tuning,stumpjumper-front-pod-v1,interaction_4c7137eaa2bd,52ad48747ced,interaction,7,3.0,7.714285714285714,0.7142857142857143,0.2857142857142857,0.1,6.623575811365013,-0.28427091256898507,-5.3535315249431035,6.390831203786307,-5.353531524943102,8.254109840667967,10.097892805183648,4.073629133563836
tuning,stumpjumper-front-pod-v2,interaction_4c7137eaa2bd,52ad48747ced,interaction,11,1.1818181818181819,2.909090909090909,0.5454545454545454,0.45454545454545453,0.5416666666666666,2.61731999638438,0.2728504796916423,-3.5279766661882017,3.8771416839789494,-3.5279766661882017,5.629885636361246,9.055966491061264,3.6119125620101453
tuning,cohort-balanced,interaction_4c7137eaa2bd,52ad48747ced,interaction,38,1.0811688311688312,2.691558441558442,0.33279220779220775,0.685064935064935,0.21388888888888888,5.17330880185373,-11.102991877460923,-5.948370496408715,9.309207133160147,-5.948370496408715,11.120255601938231,13.189427668164164,5.2827566769908
tuning,harry,interaction_4d09448db045,848adef5586f,interaction,14,0.8571428571428571,3.5,0.7142857142857143,0.42857142857142855,0.0,8.248934190980036,-11.965777597346284,-11.063014886947101,13.631535908701744,-11.0630148869471,15.858123996481822,19.096030960288026,6.908763473265389
tuning,jamaal,interaction_4d09448db045,848adef5586f,interaction,6,2.0,11.833333333333334,0.8333333333333334,0.16666666666666666,0.1111111111111111,6.035377624171659,-12.132081445559573,-9.405990501274937,9.405990501274937,-9.405990501274937,11.88402814422331,14.020471458394729,6.536721539123828
tuning,stumpjumper-front-pod-v1,interaction_4d09448db045,848adef5586f,interaction,7,6.714285714285714,22.714285714285715,1.0,0.0,0.14444444444444443,5.666994710351425,-3.3648135052327026,-4.180288471270705,4.890562777339691,-4.180288471270704,6.620678845862015,8.824305043602658,4.073629133563836
tuning,stumpjumper-front-pod-v2,interaction_4d09448db045,848adef5586f,interaction,11,5.090909090909091,17.727272727272727,0.7272727272727273,0.2727272727272727,0.7435515873015872,1.2984141570177528,0.6429139625240285,-2.19569861685756,2.958841661716568,-2.1956986168575603,4.880072837613179,8.20906542260246,3.6119125620101453
tuning,cohort-balanced,interaction_4d09448db045,848adef5586f,interaction,38,3.6655844155844157,13.943722943722944,0.8187229437229437,0.21699134199134198,0.2497767857142857,5.312430170630218,-6.704939646403632,-6.711248119087576,7.721732712258236,-6.711248119087575,9.810725956045081,12.537468221221967,5.2827566769908
tuning,harry,interaction_4dfa37198196,190ca6ea647c,interaction,14,0.42857142857142855,2.142857142857143,0.42857142857142855,0.7142857142857143,0.0,7.079774565532925,-11.444813081598205,-12.967110860581752,13.03010938720974,-12.967110860581753,15.492385876451944,18.978601622798866,6.908763473265389
tuning,jamaal,interaction_4dfa37198196,190ca6ea647c,interaction,6,1.3333333333333333,7.166666666666667,0.6666666666666666,0.3333333333333333,0.25,5.4511339580948714,-5.305588541965879,-4.434593885204006,7.622671497840243,-4.434593885204005,10.322274074715365,12.821630652833933,6.536721539123828
tuning,stumpjumper-front-pod-v1,interaction_4dfa37198196,190ca6ea647c,interaction,7,5.0,16.0,1.0,0.0,0.16071428571428573,5.453346522166037,-1.9538750717823246,-0.6698587795622954,6.107278940021691,-0.6698587795622937,7.846023116487991,10.816075590364273,4.073629133563836
tuning,stumpjumper-front-pod-v2,interaction_4dfa37198196,190ca6ea647c,interaction,11,3.4545454545454546,12.727272727272727,0.7272727272727273,0.2727272727272727,0.8040178571428571,1.4401360994289343,2.3922785143985106,-1.0289658500122136,3.3074113989372664,-1.0289658500122139,5.1710752948333445,7.770778408807311,3.6119125620101453
tuning,cohort-balanced,interaction_4dfa37198196,190ca6ea647c,interaction,38,2.554112554112554,9.509199134199134,0.7056277056277056,0.3300865800865801,0.3036830357142857,4.856097786305692,-4.077999545236974,-4.775132343840067,7.516867806002234,-4.775132343840066,9.70793959062216,12.596771568701095,5.2827566769908
tuning,harry,interaction_4e5d6be47d71,7ecbbed798e8,interaction,14,0.8571428571428571,3.7857142857142856,0.5,0.6428571428571429,0.0,8.248934190980036,-8.405317386800418,-9.28106085739248,13.269703303065137,-9.28106085739248,15.51629024503525,18.529793922307352,6.908763473265389
tuning,jamaal,interaction_4e5d6be47d71,7ecbbed798e8,interaction,6,2.0,12.5,0.8333333333333334,0.3333333333333333,0.1111111111111111,6.035377624171659,-12.841973347212297,-8.048856465064613,8.637750863906357,-8.048856465064615,11.120955469991246,13.826503794082504,6.536721539123828
tuning,stumpjumper-front-pod-v1,interaction_4e5d6be47d71,7ecbbed798e8,interaction,7,6.714285714285714,2.857142857142857,0.2857142857142857,0.7142857142857143,0.14444444444444443,5.666994710351425,2.4897185929743983,-6.287721783379004,11.668310300540503,-6.287721783379003,12.43942611552115,14.214307020270665,4.073629133563836
tuning,stumpjumper-front-pod-v2,interaction_4e5d6be47d71,7ecbbed798e8,interaction,11,5.090909090909091,9.636363636363637,0.6363636363636364,0.36363636363636365,0.7435515873015872,1.2984141570177528,4.491017493802791,1.1208774883729964,4.802514387501862,1.120877488372996,6.24091332843779,7.580300675869623,3.6119125620101453
tuning,cohort-balanced,interaction_4e5d6be47d71,7ecbbed798e8,interaction,38,3.6655844155844157,7.194805194805195,0.5638528138528138,0.5135281385281386,0.2497767857142857,5.312430170630218,-3.5666386618088817,-5.624190404365775,9.594569713753465,-5.624190404365775,11.32939628974636,13.537726353132536,5.2827566769908
tuning,harry,interaction_4e8c6380892e,689acd7dbab8,interaction,14,0.21428571428571427,0.42857142857142855,0.14285714285714285,0.9285714285714286,0.0,8.435100429503498,-20.083863129138123,-12.201579002385484,14.48948298853713,-12.201579002385484,16.38541759973601,19.087563299349153,6.908763473265389
tuning,jamaal,interaction_4e8c6380892e,689acd7dbab8,interaction,6,0.16666666666666666,1.0,0.16666666666666666,0.8333333333333334,0.0,7.832152954659534,7.210508867030953,-0.3880218716947296,12.362465327241836,-0.3880218716947296,14.116151773748312,13.74462208484129,6.536721539123828
tuning,stumpjumper-front-pod-v1,interaction_4e8c6380892e,689acd7dbab8,interaction,7,4.285714285714286,0.0,0.0,1.0,0.12857142857142856,6.648897185375175,nan,-12.719530353398499,12.719530353398499,-12.719530353398499,13.391447922135082,13.842722284713115,4.073629133563836
tuning,stumpjumper-front-pod-v2,interaction_4e8c6380892e,689acd7dbab8,interaction,11,2.272727272727273,0.8181818181818182,0.18181818181818182,0.8181818181818182,0.6377551020408163,2.381400125950232,14.691126161342389,0.40712060822600776,5.938766481095867,0.4071206082260071,7.262805407576488,8.727799748555277,3.6119125620101453
tuning,cohort-balanced,interaction_4e8c6380892e,689acd7dbab8,interaction,38,1.7348484848484849,0.5616883116883117,0.12283549783549784,0.895021645021645,0.19158163265306122,6.324387673872111,0.6059239664117394,-6.225502654813176,11.377561287568334,-6.225502654813177,12.788955675798972,13.850676854364709,5.2827566769908
tuning,harry,interaction_53b23c8fd712,633baf9a69cf,interaction,14,0.5,1.1428571428571428,0.35714285714285715,0.7857142857142857,0.0,7.160195894654841,-16.053901892824012,-13.51762090374134,13.525809304896113,-13.51762090374134,15.771594704746466,19.351335723428623,6.908763473265389
tuning,jamaal,interaction_53b23c8fd712,633baf9a69cf,interaction,6,1.5,4.0,0.8333333333333334,0.16666666666666666,0.2,5.927310032267485,-2.887284321395802,-2.116115275588195,9.494223337465344,-2.1161152755881947,11.779189126989477,13.613600604620915,6.536721539123828
tuning,stumpjumper-front-pod-v1,interaction_53b23c8fd712,633baf9a69cf,interaction,7,5.0,1.2857142857142858,0.2857142857142857,0.7142857142857143,0.16071428571428573,5.453346522166037,4.482229560429403,-5.429295558201375,12.526736525718134,-5.429295558201373,13.229945328489618,14.983218772886847,4.073629133563836
tuning,stumpjumper-front-pod-v2,interaction_53b23c8fd712,633baf9a69cf,interaction,11,3.5454545454545454,3.0,0.45454545454545453,0.5454545454545454,0.8040178571428571,1.4466528723104002,9.168281697823613,2.2899600352233582,7.5027904321486885,2.289960035223358,8.691187169712384,9.88272270302301,3.6119125620101453
tuning,cohort-balanced,interaction_53b23c8fd712,633baf9a69cf,interaction,38,2.6363636363636362,2.3571428571428568,0.4826839826839827,0.553030303030303,0.2911830357142857,4.996876330349691,-1.3226687389917,-4.693267925576888,10.76238990005707,-4.693267925576887,12.367979082484487,14.457719450989849,5.2827566769908
tuning,harry,interaction_547195ac12b5,bbc1041fd5e2,interaction,14,0.42857142857142855,0.7857142857142857,0.21428571428571427,0.8571428571428571,0.0,13.719523607235036,-18.350151706223695,-11.171421914761437,13.459325900913083,-11.171421914761437,15.64086435080139,18.304782288668836,6.908763473265389
tuning,jamaal,interaction_547195ac12b5,bbc1041fd5e2,interaction,6,0.16666666666666666,0.3333333333333333,0.16666666666666666,0.8333333333333334,0.0,7.832152954659534,14.112508997731027,0.17115492642527683,12.921642125361842,0.17115492642527683,14.589308460957964,14.171266210335139,6.536721539123828
tuning,stumpjumper-front-pod-v1,interaction_547195ac12b5,bbc1041fd5e2,interaction,7,5.857142857142857,27.285714285714285,0.7142857142857143,0.2857142857142857,0.08730158730158731,6.404653748902584,-2.3207276688225136,-6.874792998977061,6.874792998977061,-6.874792998977059,8.632806849950745,10.601699789585535,4.073629133563836
tuning,stumpjumper-front-pod-v2,interaction_547195ac12b5,bbc1041fd5e2,interaction,11,4.636363636363637,10.272727272727273,0.6363636363636364,0.36363636363636365,0.4825091575091575,3.714348425736575,0.13266102595013102,-3.6265127105176465,3.6888012095830804,-3.626512710517646,5.559011353541336,9.025232189488163,3.6119125620101453
tuning,cohort-balanced,interaction_547195ac12b5,bbc1041fd5e2,interaction,38,2.7721861471861473,9.669372294372295,0.4329004329004329,0.58495670995671,0.1424526862026862,7.917669684133433,-1.6064273378412628,-5.375393174457717,9.236140558708767,-5.375393174457716,11.105497753812859,13.025745119519417,5.2827566769908
tuning,harry,interaction_547cfb998aef,dbbb197784de,interaction,14,0.42857142857142855,1.2142857142857142,0.42857142857142855,0.6428571428571429,0.0,7.079774565532925,-9.201593088367375,-12.845492956888226,13.54227881516868,-12.845492956888226,15.74305865252195,19.460628189451207,6.908763473265389
tuning,jamaal,interaction_547cfb998aef,dbbb197784de,interaction,6,1.3333333333333333,3.0,0.6666666666666666,0.3333333333333333,0.25,5.4511339580948714,-8.83419376677525,-5.643535407701612,8.495043794267213,-5.643535407701612,11.255525751143127,13.799198928307092,6.536721539123828
tuning,stumpjumper-front-pod-v1,interaction_547cfb998aef,dbbb197784de,interaction,7,5.0,11.714285714285714,1.0,0.0,0.16071428571428573,5.453346522166037,-0.3406127453250442,0.4762166095642719,5.88909678024433,0.4762166095642742,7.712622826872549,10.769373786979807,4.073629133563836
tuning,stumpjumper-front-pod-v2,interaction_547cfb998aef,dbbb197784de,interaction,11,3.4545454545454546,8.454545454545455,0.7272727272727273,0.2727272727272727,0.8040178571428571,1.4401360994289343,1.7504378609143583,-1.7030684100322995,2.504348012831824,-1.7030684100323001,4.737335786930328,7.874568368856433,3.6119125620101453
tuning,cohort-balanced,interaction_547cfb998aef,dbbb197784de,interaction,38,2.554112554112554,6.095779220779221,0.7056277056277056,0.31222943722943725,0.3036830357142857,4.856097786305692,-4.156490434888328,-4.928970041264466,7.607691850628012,-4.928970041264466,9.862135754366989,12.975942318398634,5.2827566769908
tuning,harry,interaction_5ee06d0f92b2,4d28e942fc00,interaction,14,0.35714285714285715,1.2142857142857142,0.21428571428571427,0.8571428571428571,0.0,13.746462245816947,-20.173582388207176,-11.804725126436894,14.09262911258854,-11.804725126436896,16.036149626053344,18.766130402898217,6.908763473265389
tuning,jamaal,interaction_5ee06d0f92b2,4d28e942fc00,interaction,6,0.16666666666666666,1.3333333333333333,0.16666666666666666,0.8333333333333334,0.0,7.832152954659534,9.882811226411192,-0.10714908075211049,12.643338118184454,-0.10714908075211049,14.34701262297073,13.945924775140115,6.536721539123828
tuning,stumpjumper-front-pod-v1,interaction_5ee06d0f92b2,4d28e942fc00,interaction,7,5.857142857142857,27.571428571428573,0.7142857142857143,0.2857142857142857,0.08730158730158731,6.403533278901777,-2.3524333915744675,-6.897439943799886,6.897439943799886,-6.897439943799883,8.653518043135621,10.620769490200118,4.073629133563836
tuning,stumpjumper-front-pod-v2,interaction_5ee06d0f92b2,4d28e942fc00,interaction,11,4.545454545454546,11.818181818181818,0.6363636363636364,0.36363636363636365,0.4825091575091575,3.775320298624564,0.058557413805872774,-3.4782172364845647,3.5405057355499996,-3.478217236484564,5.469844632895798,8.907459489223214,3.6119125620101453
tuning,cohort-balanced,interaction_5ee06d0f92b2,4d28e942fc00,interaction,38,2.7316017316017316,10.48430735930736,0.4329004329004329,0.58495670995671,0.1424526862026862,7.939367194500705,-3.1461617848911447,-5.571882846868363,9.29347822753072,-5.571882846868363,11.126631231263874,13.060071039365416,5.2827566769908
tuning,harry,interaction_5ee117282746,689579f5bdbf,interaction,14,0.2857142857142857,0.14285714285714285,0.14285714285714285,0.8571428571428571,0.0,10.489779394801161,1.1764601495439706,-10.71977021892693,13.007674205078581,-10.719770218926934,15.383538352164532,17.95839737144061,6.908763473265389
tuning,jamaal,interaction_5ee117282746,689579f5bdbf,interaction,6,0.0,0.0,0.0,1.0,nan,nan,nan,-2.669670058015841,12.438647922235974,-2.669670058015841,14.177035463192867,14.48153551234829,6.536721539123828
tuning,stumpjumper-front-pod-v1,interaction_5ee117282746,689579f5bdbf,interaction,7,5.142857142857143,6.857142857142857,0.7142857142857143,0.2857142857142857,0.07142857142857142,6.3897178566188435,-0.2768024472988671,-5.193862681657753,7.077288014086059,-5.19386268165775,8.766348770247054,10.658520947137617,4.073629133563836
tuning,stumpjumper-front-pod-v2,interaction_5ee117282746,689579f5bdbf,interaction,11,3.272727272727273,2.4545454545454546,0.5454545454545454,0.45454545454545453,0.444047619047619,4.093680646459391,0.8435594580531619,-3.3636975564371094,3.7128625742278576,-3.3636975564371094,5.533523593041237,8.93684432241477,3.6119125620101453
tuning,cohort-balanced,interaction_5ee117282746,689579f5bdbf,interaction,38,2.1753246753246755,2.3636363636363638,0.35064935064935066,0.6493506493506493,0.1718253968253968,6.9910592992931315,0.5810723867660884,-5.486750128759408,9.059118178907118,-5.486750128759409,10.965111544661424,13.008824538335322,5.2827566769908
tuning,harry,interaction_5ee837fb8941,0140cc9e0b48,interaction,14,0.35714285714285715,0.7857142857142857,0.21428571428571427,0.8571428571428571,0.0,13.746462245816947,-17.644848919078996,-12.08852580650034,14.376429792651988,-12.088525806500343,16.271224089318906,19.006560403294454,6.908763473265389
tuning,jamaal,interaction_5ee837fb8941,0140cc9e0b48,interaction,6,0.16666666666666666,0.6666666666666666,0.16666666666666666,0.8333333333333334,0.0,7.832152954659534,4.849532914526407,-0.7087853042605676,12.041701894675997,-0.7087853042605671,13.879793349214232,13.570176242588724,6.536721539123828
tuning,stumpjumper-front-pod-v1,interaction_5ee837fb8941,0140cc9e0b48,interaction,7,5.857142857142857,16.142857142857142,0.7142857142857143,0.2857142857142857,0.08730158730158731,6.403533278901777,-0.8405107379098297,-6.1095632222589344,6.503245589175323,-6.109563222258933,8.384544391846884,10.221469634805329,4.073629133563836
tuning,stumpjumper-front-pod-v2,interaction_5ee837fb8941,0140cc9e0b48,interaction,11,4.545454545454546,9.909090909090908,0.6363636363636364,0.36363636363636365,0.4825091575091575,3.775320298624564,0.4904163511671728,-3.544546644966469,3.5881662637344913,-3.544546644966469,5.510112818846575,8.968587113909864,3.6119125620101453
tuning,cohort-balanced,interaction_5ee837fb8941,0140cc9e0b48,interaction,38,2.7316017316017316,6.87608225108225,0.4329004329004329,0.58495670995671,0.1424526862026862,7.939367194500705,-3.2863525978238113,-5.612855244496578,9.12738588505945,-5.612855244496578,11.011418662306648,12.941698348649593,5.2827566769908
tuning,harry,interaction_60813cf7a189,59a1885f1ccf,interaction,14,0.21428571428571427,0.7857142857142857,0.21428571428571427,0.8571428571428571,0.0,8.435100429503498,-17.644848919078996,-12.08852580650034,14.376429792651988,-12.088525806500343,16.271224089318906,19.006560403294454,6.908763473265389
tuning,jamaal,interaction_60813cf7a189,59a1885f1ccf,interaction,6,0.16666666666666666,0.6666666666666666,0.16666666666666666,0.8333333333333334,0.0,7.832152954659534,4.849532914526407,-0.7087853042605676,12.041701894675997,-0.7087853042605671,13.879793349214232,13.570176242588724,6.536721539123828
tuning,stumpjumper-front-pod-v1,interaction_60813cf7a189,59a1885f1ccf,interaction,7,4.285714285714286,17.285714285714285,0.7142857142857143,0.2857142857142857,0.12857142857142856,6.648897185375175,-0.9984936723730897,-6.212390702898121,6.375347444246231,-6.212390702898119,8.354471178495029,10.222676152260277,4.073629133563836
tuning,stumpjumper-front-pod-v2,interaction_60813cf7a189,59a1885f1ccf,interaction,11,2.272727272727273,9.818181818181818,0.6363636363636364,0.36363636363636365,0.6377551020408163,2.381400125950232,0.3926163206522223,-3.607618993680014,3.651238612448036,-3.6076189936800134,5.517037258169925,8.98809414247428,3.6119125620101453
tuning,cohort-balanced,interaction_60813cf7a189,59a1885f1ccf,interaction,38,1.7348484848484849,7.1390692640692635,0.4329004329004329,0.58495670995671,0.19158163265306122,6.324387673872111,-3.3502983390683645,-5.65433020183476,9.111179436005562,-5.65433020183476,11.005631468799521,12.946876735154435,5.2827566769908
tuning,harry,interaction_63840567ef49,6014a4f280e0,interaction,14,1.7857142857142858,3.5,0.5,0.6428571428571429,0.0,10.136715828526699,-9.792814646640613,-9.759703364464746,12.791060795992871,-9.759703364464746,15.199389273672036,18.447831357089363,6.908763473265389
tuning,jamaal,interaction_63840567ef49,6014a4f280e0,interaction,6,2.8333333333333335,12.666666666666666,1.0,0.16666666666666666,0.08333333333333333,7.346828378701879,-0.4400863748499546,4.698043447775604,17.031436432200472,4.698043447775606,19.194893294130516,22.093953466992815,6.536721539123828
tuning,stumpjumper-front-pod-v1,interaction_63840567ef49,6014a4f280e0,interaction,7,10.142857142857142,2.857142857142857,0.2857142857142857,0.7142857142857143,0.16289682539682543,6.102860331004111,2.4897185929743983,-6.287721783379004,11.668310300540503,-6.287721783379003,12.43942611552115,14.214307020270665,4.073629133563836
tuning,stumpjumper-front-pod-v2,interaction_63840567ef49,6014a4f280e0,interaction,11,9.0,9.181818181818182,0.6363636363636364,0.36363636363636365,0.5572879970906287,3.645320532361783,4.16954893196655,0.9208173856550489,4.602454284783915,0.9208173856550488,6.0526424931875935,7.41585846519119,3.6119125620101453
tuning,cohort-balanced,interaction_63840567ef49,6014a4f280e0,interaction,38,5.940476190476191,7.051406926406926,0.6055194805194805,0.47186147186147187,0.20087953895519686,6.807931267648617,-0.8934083741374048,-2.6071410786032745,11.52331545337944,-2.6071410786032736,13.221587794127823,15.54298757738601,5.2827566769908
tuning,harry,interaction_6397db0ee434,393c14cb7e3e,interaction,14,0.42857142857142855,0.42857142857142855,0.14285714285714285,0.9285714285714286,0.0,13.719523607235036,-20.083863129138123,-12.201579002385484,14.48948298853713,-12.201579002385484,16.38541759973601,19.087563299349153,6.908763473265389
tuning,jamaal,interaction_6397db0ee434,393c14cb7e3e,interaction,6,0.16666666666666666,1.0,0.16666666666666666,0.8333333333333334,0.0,7.832152954659534,7.210508867030953,-0.3880218716947296,12.362465327241836,-0.3880218716947296,14.116151773748312,13.74462208484129,6.536721539123828
tuning,stumpjumper-front-pod-v1,interaction_6397db0ee434,393c14cb7e3e,interaction,7,5.857142857142857,0.0,0.0,1.0,0.08730158730158731,6.404653748902584,nan,-12.719530353398499,12.719530353398499,-12.719530353398499,13.391447922135082,13.842722284713115,4.073629133563836
tuning,stumpjumper-front-pod-v2,interaction_6397db0ee434,393c14cb7e3e,interaction,11,4.636363636363637,0.8181818181818182,0.18181818181818182,0.8181818181818182,0.4825091575091575,3.714348425736575,14.691126161342389,0.40712060822600776,5.938766481095867,0.4071206082260071,7.262805407576488,8.727799748555277,3.6119125620101453
tuning,cohort-balanced,interaction_6397db0ee434,393c14cb7e3e,interaction,38,2.7721861471861473,0.5616883116883117,0.12283549783549784,0.895021645021645,0.1424526862026862,7.917669684133433,0.6059239664117394,-6.225502654813176,11.377561287568334,-6.225502654813177,12.788955675798972,13.850676854364709,5.2827566769908
tuning,harry,interaction_640e408d855c,8b309c182869,interaction,14,0.42857142857142855,1.4285714285714286,0.42857142857142855,0.7142857142857143,0.0,7.079774565532925,-14.47614365958344,-13.45669484353981,13.464883244694581,-13.45669484353981,15.720004314795613,19.299436144999195,6.908763473265389
tuning,jamaal,interaction_640e408d855c,8b309c182869,interaction,6,1.3333333333333333,3.8333333333333335,0.6666666666666666,0.3333333333333333,0.25,5.4511339580948714,-6.842644886398226,-4.87945300638757,9.08871638798122,-4.879453006387569,11.435422608656728,13.988509348288874,6.536721539123828
tuning,stumpjumper-front-pod-v1,interaction_640e408d855c,8b309c182869,interaction,7,8.571428571428571,1.2857142857142858,0.2857142857142857,0.7142857142857143,0.1349824778396207,6.179647454420807,4.482229560429403,-5.429295558201375,12.526736525718134,-5.429295558201373,13.229945328489618,14.983218772886847,4.073629133563836
tuning,stumpjumper-front-pod-v2,interaction_640e408d855c,8b309c182869,interaction,11,6.181818181818182,3.0,0.45454545454545453,0.5454545454545454,0.5935185185185186,3.497680054280854,9.168281697823613,2.2899600352233582,7.5027904321486885,2.289960035223358,8.691187169712384,9.88272270302301,3.6119125620101453
tuning,cohort-balanced,interaction_640e408d855c,8b309c182869,interaction,38,4.128787878787879,2.386904761904762,0.4588744588744589,0.5768398268398268,0.2446252490895348,5.552059008082364,-1.9170693219321633,-5.3688708432263486,10.645781647635655,-5.3688708432263486,12.269139855413586,14.538471742299482,5.2827566769908
tuning,harry,interaction_67628e5fd9cb,75d167f6eb39,interaction,14,0.21428571428571427,0.7857142857142857,0.21428571428571427,0.8571428571428571,0.0,8.435100429503498,-18.350151706223695,-11.171421914761437,13.459325900913083,-11.171421914761437,15.64086435080139,18.304782288668836,6.908763473265389
tuning,jamaal,interaction_67628e5fd9cb,75d167f6eb39,interaction,6,0.16666666666666666,0.3333333333333333,0.16666666666666666,0.8333333333333334,0.0,7.832152954659534,14.112508997731027,0.17115492642527683,12.921642125361842,0.17115492642527683,14.589308460957964,14.171266210335139,6.536721539123828
tuning,stumpjumper-front-pod-v1,interaction_67628e5fd9cb,75d167f6eb39,interaction,7,4.285714285714286,29.428571428571427,0.7142857142857143,0.2857142857142857,0.12857142857142856,6.648897185375175,-2.9427318786677716,-7.224623065878611,7.224623065878611,-7.2246230658786095,8.860954969462949,10.836123688637263,4.073629133563836
tuning,stumpjumper-front-pod-v2,interaction_67628e5fd9cb,75d167f6eb39,interaction,11,2.272727272727273,10.181818181818182,0.6363636363636364,0.36363636363636365,0.6377551020408163,2.381400125950232,-0.014615946130403148,-3.721070385682016,3.7646900044500384,-3.7210703856820158,5.570669597442261,9.055143198676815,3.6119125620101453
tuning,cohort-balanced,interaction_67628e5fd9cb,75d167f6eb39,interaction,38,1.7348484848484849,10.182359307359308,0.4329004329004329,0.58495670995671,0.19158163265306122,6.324387673872111,-1.7987476333227108,-5.486490109974197,9.342570274150894,-5.486490109974196,11.16544934466614,13.091828846579514,5.2827566769908
tuning,harry,interaction_67a2bd44365a,f5b16dca8bb3,interaction,14,0.5,1.0,0.35714285714285715,0.7142857142857143,0.0,7.160195894654841,-9.43849354573582,-12.80132398519586,13.498109843476312,-12.80132398519586,15.705179912777938,19.422669812088934,6.908763473265389
tuning,jamaal,interaction_67a2bd44365a,f5b16dca8bb3,interaction,6,1.5,3.0,0.6666666666666666,0.3333333333333333,0.2,5.927310032267485,-8.83419376677525,-5.643535407701612,8.495043794267213,-5.643535407701612,11.255525751143127,13.799198928307092,6.536721539123828
tuning,stumpjumper-front-pod-v1,interaction_67a2bd44365a,f5b16dca8bb3,interaction,7,5.0,11.0,1.0,0.0,0.16071428571428573,5.453346522166037,-0.2544695128361322,0.9414977638559101,6.02086123612168,0.9414977638559124,7.750572881168758,10.504128545744013,4.073629133563836
tuning,stumpjumper-front-pod-v2,interaction_67a2bd44365a,f5b16dca8bb3,interaction,11,3.5454545454545454,8.545454545454545,0.7272727272727273,0.2727272727272727,0.8040178571428571,1.4466528723104002,1.8092403695227866,-1.7209384797056955,2.5222180825052196,-1.7209384797056961,4.750330670264427,7.890233279907656,3.6119125620101453
tuning,cohort-balanced,interaction_67a2bd44365a,f5b16dca8bb3,interaction,38,2.6363636363636362,5.886363636363637,0.6877705627705628,0.3300865800865801,0.2911830357142857,4.996876330349691,-4.179479113956104,-4.806075027186814,7.634058239092606,-4.806075027186814,9.865402303838563,12.904057641511924,5.2827566769908
tuning,harry,interaction_6c519138bdf0,8a1232f06707,interaction,14,0.5,0.6428571428571429,0.42857142857142855,0.5714285714285714,0.0,7.160195894654841,5.254967473187186,-10.095195912106817,13.361816715326928,-10.095195912106817,15.458927005547533,18.433133777565512,6.908763473265389
tuning,jamaal,interaction_6c519138bdf0,8a1232f06707,interaction,6,1.5,2.0,0.8333333333333334,0.16666666666666666,0.2,5.927310032267485,4.605895107329564,1.4432774544559084,6.49525936500088,1.4432774544559088,9.73436903516913,11.19125409974582,6.536721539123828
tuning,stumpjumper-front-pod-v1,interaction_6c519138bdf0,8a1232f06707,interaction,7,5.0,14.571428571428571,1.0,0.0,0.16071428571428573,5.453346522166037,2.239311221318116,-0.3321535473049444,6.4449841722790415,-0.3321535473049421,8.183557151804655,11.144222508238093,4.073629133563836
tuning,stumpjumper-front-pod-v2,interaction_6c519138bdf0,8a1232f06707,interaction,11,3.5454545454545454,9.636363636363637,0.7272727272727273,0.2727272727272727,0.8040178571428571,1.4466528723104002,1.99618836750619,-1.510731234287446,2.7291957453038607,-1.5107312342874464,4.780030888472566,7.893960225522786,3.6119125620101453
tuning,cohort-balanced,interaction_6c519138bdf0,8a1232f06707,interaction,38,2.6363636363636362,6.712662337662338,0.7472943722943723,0.25270562770562766,0.2911830357142857,4.996876330349691,3.524090542335264,-2.623700809810825,7.257813999477678,-2.623700809810824,9.53922102024847,12.165642652768053,5.2827566769908
tuning,harry,interaction_7137007f1c67,9aee2bc30bba,interaction,14,0.8571428571428571,3.7857142857142856,0.5,0.6428571428571429,0.0,8.248934190980036,-8.405317386800418,-9.28106085739248,13.269703303065137,-9.28106085739248,15.51629024503525,18.529793922307352,6.908763473265389
tuning,jamaal,interaction_7137007f1c67,9aee2bc30bba,interaction,6,2.0,12.5,0.8333333333333334,0.3333333333333333,0.1111111111111111,6.035377624171659,-12.841973347212297,-8.048856465064613,8.637750863906357,-8.048856465064615,11.120955469991246,13.826503794082504,6.536721539123828
tuning,stumpjumper-front-pod-v1,interaction_7137007f1c67,9aee2bc30bba,interaction,7,6.714285714285714,2.857142857142857,0.2857142857142857,0.7142857142857143,0.14444444444444443,5.666994710351425,2.4897185929743983,-6.287721783379004,11.668310300540503,-6.287721783379003,12.43942611552115,14.214307020270665,4.073629133563836
tuning,stumpjumper-front-pod-v2,interaction_7137007f1c67,9aee2bc30bba,interaction,11,5.090909090909091,9.636363636363637,0.6363636363636364,0.36363636363636365,0.7435515873015872,1.2984141570177528,4.491017493802791,1.1208774883729964,4.802514387501862,1.120877488372996,6.24091332843779,7.580300675869623,3.6119125620101453
tuning,cohort-balanced,interaction_7137007f1c67,9aee2bc30bba,interaction,38,3.6655844155844157,7.194805194805195,0.5638528138528138,0.5135281385281386,0.2497767857142857,5.312430170630218,-3.5666386618088817,-5.624190404365775,9.594569713753465,-5.624190404365775,11.32939628974636,13.537726353132536,5.2827566769908
tuning,harry,interaction_71a8852b1c9c,53d0fd135b72,interaction,14,0.42857142857142855,1.2142857142857142,0.42857142857142855,0.6428571428571429,0.0,7.079774565532925,-9.201593088367375,-12.845492956888226,13.54227881516868,-12.845492956888226,15.74305865252195,19.460628189451207,6.908763473265389
tuning,jamaal,interaction_71a8852b1c9c,53d0fd135b72,interaction,6,1.3333333333333333,3.0,0.6666666666666666,0.3333333333333333,0.25,5.4511339580948714,-8.83419376677525,-5.643535407701612,8.495043794267213,-5.643535407701612,11.255525751143127,13.799198928307092,6.536721539123828
tuning,stumpjumper-front-pod-v1,interaction_71a8852b1c9c,53d0fd135b72,interaction,7,5.0,11.0,1.0,0.0,0.16071428571428573,5.453346522166037,-0.2544695128361322,0.9414977638559101,6.02086123612168,0.9414977638559124,7.750572881168758,10.504128545744013,4.073629133563836
tuning,stumpjumper-front-pod-v2,interaction_71a8852b1c9c,53d0fd135b72,interaction,11,3.4545454545454546,8.545454545454545,0.7272727272727273,0.2727272727272727,0.8040178571428571,1.4401360994289343,1.8092403695227866,-1.7209384797056955,2.5222180825052196,-1.7209384797056961,4.750330670264427,7.890233279907656,3.6119125620101453
tuning,cohort-balanced,interaction_71a8852b1c9c,53d0fd135b72,interaction,38,2.554112554112554,5.9399350649350655,0.7056277056277056,0.31222943722943725,0.3036830357142857,4.856097786305692,-4.120253999613992,-4.817117270109906,7.645100482015698,-4.817117270109906,9.874871988774565,12.913547235852493,5.2827566769908
tuning,harry,interaction_720e7cad3873,082ae7daa3a1,interaction,14,0.42857142857142855,1.4285714285714286,0.42857142857142855,0.7142857142857143,0.0,7.079774565532925,-14.47614365958344,-13.45669484353981,13.464883244694581,-13.45669484353981,15.720004314795613,19.299436144999195,6.908763473265389
tuning,jamaal,interaction_720e7cad3873,082ae7daa3a1,interaction,6,1.3333333333333333,3.8333333333333335,0.6666666666666666,0.3333333333333333,0.25,5.4511339580948714,-6.842644886398226,-4.87945300638757,9.08871638798122,-4.879453006387569,11.435422608656728,13.988509348288874,6.536721539123828
tuning,stumpjumper-front-pod-v1,interaction_720e7cad3873,082ae7daa3a1,interaction,7,8.571428571428571,1.2857142857142858,0.2857142857142857,0.7142857142857143,0.1349824778396207,6.179647454420807,4.482229560429403,-5.429295558201375,12.526736525718134,-5.429295558201373,13.229945328489618,14.983218772886847,4.073629133563836
tuning,stumpjumper-front-pod-v2,interaction_720e7cad3873,082ae7daa3a1,interaction,11,6.181818181818182,3.0,0.45454545454545453,0.5454545454545454,0.5935185185185186,3.497680054280854,9.168281697823613,2.2899600352233582,7.5027904321486885,2.289960035223358,8.691187169712384,9.88272270302301,3.6119125620101453
tuning,cohort-balanced,interaction_720e7cad3873,082ae7daa3a1,interaction,38,4.128787878787879,2.386904761904762,0.4588744588744589,0.5768398268398268,0.2446252490895348,5.552059008082364,-1.9170693219321633,-5.3688708432263486,10.645781647635655,-5.3688708432263486,12.269139855413586,14.538471742299482,5.2827566769908
tuning,harry,interaction_738bb2aa9372,a0b26c2168b0,interaction,14,0.9285714285714286,3.5,0.5,0.6428571428571429,0.0,8.09852673027601,-9.792814646640613,-9.759703364464746,12.791060795992871,-9.759703364464746,15.199389273672036,18.447831357089363,6.908763473265389
tuning,jamaal,interaction_738bb2aa9372,a0b26c2168b0,interaction,6,2.3333333333333335,12.666666666666666,1.0,0.16666666666666666,0.08333333333333333,6.254563766871172,-0.4400863748499546,4.698043447775604,17.031436432200472,4.698043447775606,19.194893294130516,22.093953466992815,6.536721539123828
tuning,stumpjumper-front-pod-v1,interaction_738bb2aa9372,a0b26c2168b0,interaction,7,6.714285714285714,2.857142857142857,0.2857142857142857,0.7142857142857143,0.14444444444444443,5.666994710351425,2.4897185929743983,-6.287721783379004,11.668310300540503,-6.287721783379003,12.43942611552115,14.214307020270665,4.073629133563836
tuning,stumpjumper-front-pod-v2,interaction_738bb2aa9372,a0b26c2168b0,interaction,11,5.090909090909091,9.181818181818182,0.6363636363636364,0.36363636363636365,0.7435515873015872,1.2984141570177528,4.16954893196655,0.9208173856550489,4.602454284783915,0.9208173856550488,6.0526424931875935,7.41585846519119,3.6119125620101453
tuning,cohort-balanced,interaction_738bb2aa9372,a0b26c2168b0,interaction,38,3.766774891774892,7.051406926406926,0.6055194805194805,0.47186147186147187,0.24283234126984124,5.32962484112909,-0.8934083741374048,-2.6071410786032745,11.52331545337944,-2.6071410786032736,13.221587794127823,15.54298757738601,5.2827566769908
tuning,harry,interaction_79619b728056,220c8914b110,interaction,14,0.42857142857142855,2.142857142857143,0.42857142857142855,0.7142857142857143,0.0,7.079774565532925,-11.444813081598205,-12.967110860581752,13.03010938720974,-12.967110860581753,15.492385876451944,18.978601622798866,6.908763473265389
tuning,jamaal,interaction_79619b728056,220c8914b110,interaction,6,1.3333333333333333,7.166666666666667,0.6666666666666666,0.3333333333333333,0.25,5.4511339580948714,-5.305588541965879,-4.434593885204006,7.622671497840243,-4.434593885204005,10.322274074715365,12.821630652833933,6.536721539123828
tuning,stumpjumper-front-pod-v1,interaction_79619b728056,220c8914b110,interaction,7,8.571428571428571,11.428571428571429,1.0,0.0,0.1349824778396207,6.179647454420807,-0.7536570455848783,-0.46857143770249315,6.592887607877194,-0.4685714377024911,8.235508956126973,11.155851225341378,4.073629133563836
tuning,stumpjumper-front-pod-v2,interaction_79619b728056,220c8914b110,interaction,11,6.181818181818182,11.818181818181818,0.7272727272727273,0.2727272727272727,0.5935185185185186,3.497680054280854,2.652349036896279,-0.8169874552763035,3.4858420370170076,-0.8169874552763038,5.247417939174813,7.69100909058929,3.6119125620101453
tuning,cohort-balanced,interaction_79619b728056,220c8914b110,interaction,38,4.128787878787879,8.139069264069265,0.7056277056277056,0.3300865800865801,0.2446252490895348,5.552059008082364,-3.7129274080631705,-4.671815909691139,7.682877632486046,-4.671815909691138,9.824396711617272,12.661773147890868,5.2827566769908
tuning,harry,interaction_7a915d391bc1,8d3a52283870,interaction,14,0.8571428571428571,2.642857142857143,0.7142857142857143,0.35714285714285715,0.0,8.248934190980036,-5.115096954906699,-9.76287000798067,14.67717096790238,-9.762870007980668,16.617786401671157,19.837611067098788,6.908763473265389
tuning,jamaal,interaction_7a915d391bc1,8d3a52283870,interaction,6,2.0,5.166666666666667,1.0,0.0,0.1111111111111111,6.035377624171659,1.827441909041087,2.807293596075065,6.496910541877746,2.8072935960750645,9.592734111349655,10.791705817464178,6.536721539123828
tuning,stumpjumper-front-pod-v1,interaction_7a915d391bc1,8d3a52283870,interaction,7,6.714285714285714,34.0,1.0,0.0,0.14444444444444443,5.666994710351425,-4.756202898139235,-5.745324094028106,5.982809353667619,-5.7453240940281045,7.502314381699768,9.704034763641001,4.073629133563836
tuning,stumpjumper-front-pod-v2,interaction_7a915d391bc1,8d3a52283870,interaction,11,5.090909090909091,23.545454545454547,0.7272727272727273,0.2727272727272727,0.7435515873015872,1.2984141570177528,-0.026131774642280448,-2.726534371552518,3.6136371612887603,-2.726534371552519,5.235610671667062,8.586192480115688,3.6119125620101453
tuning,cohort-balanced,interaction_7a915d391bc1,8d3a52283870,interaction,38,3.6655844155844157,16.33874458874459,0.8603896103896105,0.15746753246753248,0.2497767857142857,5.312430170630218,-2.017497429661782,-3.8568587193715573,7.692632006184127,-3.856858719371557,9.73711139159691,12.229886032079914,5.2827566769908
tuning,harry,interaction_7d89e0db92f4,e1fa6891dffb,interaction,14,0.07142857142857142,0.14285714285714285,0.07142857142857142,1.0,0.0,4.85559523786722,-33.297555199505425,-12.242303736487711,14.530207722639357,-12.242303736487713,16.419991467530846,19.12231586406346,6.908763473265389
tuning,jamaal,interaction_7d89e0db92f4,e1fa6891dffb,interaction,6,0.0,0.0,0.0,1.0,nan,nan,nan,-2.669670058015841,12.438647922235974,-2.669670058015841,14.177035463192867,14.48153551234829,6.536721539123828
tuning,stumpjumper-front-pod-v1,interaction_7d89e0db92f4,e1fa6891dffb,interaction,7,5.142857142857143,5.285714285714286,0.7142857142857143,0.2857142857142857,0.07142857142857142,6.3897178566188435,0.06337363636868645,-4.859936821758653,6.812163010029151,-4.859936821758652,8.60396139443826,10.429174238869567,4.073629133563836
tuning,stumpjumper-front-pod-v2,interaction_7d89e0db92f4,e1fa6891dffb,interaction,11,3.272727272727273,2.5454545454545454,0.5454545454545454,0.45454545454545453,0.444047619047619,4.093680646459391,0.41804705932229425,-3.4739900259051435,3.8231550436958917,-3.4739900259051435,5.611632290484594,9.032882878692812,3.6119125620101453
tuning,cohort-balanced,interaction_7d89e0db92f4,e1fa6891dffb,interaction,38,2.1217532467532467,1.9935064935064934,0.33279220779220775,0.685064935064935,0.1718253968253968,5.112997913648485,-10.938711501271479,-5.811475160541837,9.401043424650094,-5.811475160541837,11.203155153911641,13.266477123493532,5.2827566769908
tuning,harry,interaction_84329315b50b,92f0dd68f544,interaction,14,1.7857142857142858,2.9285714285714284,0.7142857142857143,0.35714285714285715,0.0,10.136715828526699,-3.762817266105982,-9.211313241732443,13.658740351292781,-9.21131324173244,16.05999536992859,19.3149718262027,6.908763473265389
tuning,jamaal,interaction_84329315b50b,92f0dd68f544,interaction,6,2.8333333333333335,5.333333333333333,1.0,0.0,0.08333333333333333,7.346828378701879,1.9400479063059208,2.9508445165489596,6.353359621403851,2.9508445165489587,9.480144574111161,10.678082221075812,6.536721539123828
tuning,stumpjumper-front-pod-v1,interaction_84329315b50b,92f0dd68f544,interaction,7,10.142857142857142,30.714285714285715,1.0,0.0,0.16289682539682543,6.102860331004111,-3.734923899806527,-4.997464996763095,4.997464996763095,-4.997464996763093,6.992577120554698,9.552626162376233,4.073629133563836
tuning,stumpjumper-front-pod-v2,interaction_84329315b50b,92f0dd68f544,interaction,11,9.0,23.181818181818183,0.7272727272727273,0.2727272727272727,0.5572879970906287,3.645320532361783,0.353823550785048,-2.5611819457108638,3.448284735447106,-2.561181945710864,5.164147617565576,8.465242238622347,3.6119125620101453
tuning,cohort-balanced,interaction_84329315b50b,92f0dd68f544,interaction,38,5.940476190476191,15.539502164502164,0.8603896103896105,0.15746753246753248,0.20087953895519686,6.807931267648617,-1.300967427205385,-3.4547789169143606,7.114462426226709,-3.4547789169143597,9.424216170540006,12.002730612069273,5.2827566769908
tuning,harry,interaction_8461c44c3013,a11d2ecea9c2,interaction,14,0.9285714285714286,7.428571428571429,0.7142857142857143,0.42857142857142855,0.0,8.09852673027601,-10.84023174567228,-10.580401904627786,14.824034867733866,-10.580401904627783,16.77206917948771,19.802912194063815,6.908763473265389
tuning,jamaal,interaction_8461c44c3013,a11d2ecea9c2,interaction,6,2.3333333333333335,24.833333333333332,1.0,0.16666666666666666,0.08333333333333333,6.254563766871172,-13.272144094667668,-9.116339707697676,9.116339707697676,-9.116339707697676,11.334482324786736,13.521105334631946,6.536721539123828
tuning,stumpjumper-front-pod-v1,interaction_8461c44c3013,a11d2ecea9c2,interaction,7,6.714285714285714,38.714285714285715,1.0,0.0,0.14444444444444443,5.666994710351425,-4.513809250569996,-5.0491592084656896,5.37143583149581,-5.049159208465688,7.140663798873198,9.727861376962071,4.073629133563836
tuning,stumpjumper-front-pod-v2,interaction_8461c44c3013,a11d2ecea9c2,interaction,11,5.090909090909091,35.36363636363637,0.7272727272727273,0.2727272727272727,0.7435515873015872,1.2984141570177528,2.5174148424109486,-0.30548886590563423,4.405251032724934,-0.3054888659056344,5.843808289755227,7.786097686351917,3.6119125620101453
tuning,cohort-balanced,interaction_8461c44c3013,a11d2ecea9c2,interaction,38,3.766774891774892,26.584956709956714,0.8603896103896105,0.21699134199134198,0.24283234126984124,5.32962484112909,-6.52719256212475,-6.262847421674196,8.429265359913071,-6.262847421674196,10.272755898225718,12.709494148002436,5.2827566769908
tuning,harry,interaction_894a8a1a9692,85eca63af301,interaction,14,0.42857142857142855,1.2142857142857142,0.42857142857142855,0.6428571428571429,0.0,7.079774565532925,-9.201593088367375,-12.845492956888226,13.54227881516868,-12.845492956888226,15.74305865252195,19.460628189451207,6.908763473265389
tuning,jamaal,interaction_894a8a1a9692,85eca63af301,interaction,6,1.3333333333333333,3.0,0.6666666666666666,0.3333333333333333,0.25,5.4511339580948714,-8.83419376677525,-5.643535407701612,8.495043794267213,-5.643535407701612,11.255525751143127,13.799198928307092,6.536721539123828
tuning,stumpjumper-front-pod-v1,interaction_894a8a1a9692,85eca63af301,interaction,7,8.571428571428571,7.285714285714286,1.0,0.0,0.1349824778396207,6.179647454420807,0.35419966331155245,0.952727555152506,5.955056806917227,0.9527275551525083,7.796824718343898,10.631084182938409,4.073629133563836
tuning,stumpjumper-front-pod-v2,interaction_894a8a1a9692,85eca63af301,interaction,11,6.181818181818182,7.636363636363637,0.7272727272727273,0.2727272727272727,0.5935185185185186,3.497680054280854,2.3560024329344564,-1.4265977289026444,2.709315428136774,-1.4265977289026446,4.830625712365236,7.77149526417523,3.6119125620101453
tuning,cohort-balanced,interaction_894a8a1a9692,85eca63af301,interaction,38,4.128787878787879,4.784090909090909,0.7056277056277056,0.31222943722943725,0.2446252490895348,5.552059008082364,-3.8313961897241544,-4.7407246345849945,7.675423711122473,-4.740724634584994,9.906508708593552,12.915601641217984,5.2827566769908
tuning,harry,interaction_89a99d5fc8eb,4adf00d963b4,interaction,14,0.7142857142857143,0.6428571428571429,0.42857142857142855,0.5714285714285714,0.0,8.856967633189957,5.254967473187186,-10.095195912106817,13.361816715326928,-10.095195912106817,15.458927005547533,18.433133777565512,6.908763473265389
tuning,jamaal,interaction_89a99d5fc8eb,4adf00d963b4,interaction,6,1.8333333333333333,2.0,0.8333333333333334,0.16666666666666666,0.08333333333333333,6.247712686683985,4.605895107329564,1.4432774544559084,6.49525936500088,1.4432774544559088,9.73436903516913,11.19125409974582,6.536721539123828
tuning,stumpjumper-front-pod-v1,interaction_89a99d5fc8eb,4adf00d963b4,interaction,7,8.571428571428571,8.428571428571429,1.0,0.0,0.1349824778396207,6.179645562111028,3.63414408425079,-0.41148971214046576,7.17188863152815,-0.41148971214046376,8.558244012072691,11.206686942126547,4.073629133563836
tuning,stumpjumper-front-pod-v2,interaction_89a99d5fc8eb,4adf00d963b4,interaction,11,6.363636363636363,8.727272727272727,0.7272727272727273,0.2727272727272727,0.5935185185185186,3.497680054280854,2.695050450283966,-1.1849551370655194,2.9196458926356215,-1.1849551370655198,4.840920836316288,7.756935802493431,3.6119125620101453
tuning,cohort-balanced,interaction_89a99d5fc8eb,4adf00d963b4,interaction,38,4.370670995670995,4.949675324675324,0.7472943722943723,0.25270562770562766,0.20295858242286813,6.1955014840664555,4.047514278762876,-2.5620908267142237,7.487152651122894,-2.562090826714223,9.64811522227641,12.147002655482828,5.2827566769908
tuning,harry,interaction_8c564841dcba,d9ca57d345a4,interaction,14,0.9285714285714286,2.9285714285714284,0.7142857142857143,0.35714285714285715,0.0,8.09852673027601,-3.762817266105982,-9.211313241732443,13.658740351292781,-9.21131324173244,16.05999536992859,19.3149718262027,6.908763473265389
tuning,jamaal,interaction_8c564841dcba,d9ca57d345a4,interaction,6,2.3333333333333335,5.5,1.0,0.0,0.08333333333333333,6.254563766871172,0.764427585766453,2.1887484489525355,5.977559452480858,2.1887484489525346,9.317441226366904,10.577820268027166,6.536721539123828
tuning,stumpjumper-front-pod-v1,interaction_8c564841dcba,d9ca57d345a4,interaction,7,6.714285714285714,34.0,1.0,0.0,0.14444444444444443,5.666994710351425,-4.756202898139235,-5.745324094028106,5.982809353667619,-5.7453240940281045,7.502314381699768,9.704034763641001,4.073629133563836
tuning,stumpjumper-front-pod-v2,interaction_8c564841dcba,d9ca57d345a4,interaction,11,5.090909090909091,23.545454545454547,0.7272727272727273,0.2727272727272727,0.7435515873015872,1.2984141570177528,-0.026131774642280448,-2.726534371552518,3.6136371612887603,-2.726534371552519,5.235610671667062,8.586192480115688,3.6119125620101453
tuning,cohort-balanced,interaction_8c564841dcba,d9ca57d345a4,interaction,38,3.766774891774892,16.493506493506494,0.8603896103896105,0.15746753246753248,0.24283234126984124,5.32962484112909,-1.9451810882802612,-3.8736058145901326,7.308186579682505,-3.8736058145901326,9.528840412415581,12.045754834496638,5.2827566769908
tuning,harry,interaction_8c637beab75b,9fe98c660f8f,interaction,14,0.21428571428571427,0.7857142857142857,0.21428571428571427,0.8571428571428571,0.0,8.435100429503498,-17.644848919078996,-12.08852580650034,14.376429792651988,-12.088525806500343,16.271224089318906,19.006560403294454,6.908763473265389
tuning,jamaal,interaction_8c637beab75b,9fe98c660f8f,interaction,6,0.16666666666666666,0.6666666666666666,0.16666666666666666,0.8333333333333334,0.0,7.832152954659534,4.849532914526407,-0.7087853042605676,12.041701894675997,-0.7087853042605671,13.879793349214232,13.570176242588724,6.536721539123828
tuning,stumpjumper-front-pod-v1,interaction_8c637beab75b,9fe98c660f8f,interaction,7,4.285714285714286,17.285714285714285,0.7142857142857143,0.2857142857142857,0.12857142857142856,6.648897185375175,-0.9984936723730897,-6.212390702898121,6.375347444246231,-6.212390702898119,8.354471178495029,10.222676152260277,4.073629133563836
tuning,stumpjumper-front-pod-v2,interaction_8c637beab75b,9fe98c660f8f,interaction,11,2.272727272727273,9.818181818181818,0.6363636363636364,0.36363636363636365,0.6377551020408163,2.381400125950232,0.3926163206522223,-3.607618993680014,3.651238612448036,-3.6076189936800134,5.517037258169925,8.98809414247428,3.6119125620101453
tuning,cohort-balanced,interaction_8c637beab75b,9fe98c660f8f,interaction,38,1.7348484848484849,7.1390692640692635,0.4329004329004329,0.58495670995671,0.19158163265306122,6.324387673872111,-3.3502983390683645,-5.65433020183476,9.111179436005562,-5.65433020183476,11.005631468799521,12.946876735154435,5.2827566769908
tuning,harry,interaction_9127ffbae540,16bd7db9b131,interaction,14,0.07142857142857142,0.14285714285714285,0.07142857142857142,1.0,0.0,4.85559523786722,-33.297555199505425,-12.242303736487711,14.530207722639357,-12.242303736487713,16.419991467530846,19.12231586406346,6.908763473265389
tuning,jamaal,interaction_9127ffbae540,16bd7db9b131,interaction,6,0.0,0.0,0.0,1.0,nan,nan,nan,-2.669670058015841,12.438647922235974,-2.669670058015841,14.177035463192867,14.48153551234829,6.536721539123828
tuning,stumpjumper-front-pod-v1,interaction_9127ffbae540,16bd7db9b131,interaction,7,3.0,7.428571428571429,0.7142857142857143,0.2857142857142857,0.1,6.623575811365013,-0.29968339457114157,-5.338239087049264,6.375538765892467,-5.338239087049262,8.243515674656827,10.086301815283218,4.073629133563836
tuning,stumpjumper-front-pod-v2,interaction_9127ffbae540,16bd7db9b131,interaction,11,1.1818181818181819,2.909090909090909,0.5454545454545454,0.45454545454545453,0.5416666666666666,2.61731999638438,0.2728504796916423,-3.5279766661882017,3.8771416839789494,-3.5279766661882017,5.629885636361246,9.055966491061264,3.6119125620101453
tuning,cohort-balanced,interaction_9127ffbae540,16bd7db9b131,interaction,38,1.0633116883116884,2.6201298701298703,0.33279220779220775,0.685064935064935,0.21388888888888888,4.698830348538871,-11.108129371461642,-5.9445473869352545,9.305384023686686,-5.9445473869352545,11.117607060435446,13.186529920689056,5.2827566769908
tuning,harry,interaction_917eb241f214,a9d33457a74f,interaction,14,0.7142857142857143,1.0,0.35714285714285715,0.7142857142857143,0.0,8.856967633189957,-9.43849354573582,-12.80132398519586,13.498109843476312,-12.80132398519586,15.705179912777938,19.422669812088934,6.908763473265389
tuning,jamaal,interaction_917eb241f214,a9d33457a74f,interaction,6,1.8333333333333333,3.0,0.6666666666666666,0.3333333333333333,0.08333333333333333,6.247712686683985,-8.83419376677525,-5.643535407701612,8.495043794267213,-5.643535407701612,11.255525751143127,13.799198928307092,6.536721539123828
tuning,stumpjumper-front-pod-v1,interaction_917eb241f214,a9d33457a74f,interaction,7,8.571428571428571,6.714285714285714,1.0,0.0,0.1349824778396207,6.179645562111028,0.5147963280588479,0.1408542195419647,6.463061405260711,0.14085421954196647,7.941114923337302,10.711016257648629,4.073629133563836
tuning,stumpjumper-front-pod-v2,interaction_917eb241f214,a9d33457a74f,interaction,11,6.363636363636363,7.545454545454546,0.7272727272727273,0.2727272727272727,0.5935185185185186,3.497680054280854,2.297199924326028,-1.4087276592292484,2.691445358463378,-1.4087276592292488,4.8176308290311365,7.755830353124008,3.6119125620101453
tuning,cohort-balanced,interaction_917eb241f214,a9d33457a74f,interaction,38,4.370670995670995,4.5649350649350655,0.6877705627705628,0.3300865800865801,0.20295858242286813,6.1955014840664555,-3.865172765031549,-4.928183208146189,7.786915100366903,-4.928183208146188,9.929862854072377,12.922178837792167,5.2827566769908
tuning,harry,interaction_92ab75357c24,116ecb981cc4,interaction,14,0.7142857142857143,0.6428571428571429,0.42857142857142855,0.5714285714285714,0.0,8.856967633189957,5.254967473187186,-10.095195912106817,13.361816715326928,-10.095195912106817,15.458927005547533,18.433133777565512,6.908763473265389
tuning,jamaal,interaction_92ab75357c24,116ecb981cc4,interaction,6,1.8333333333333333,2.0,0.8333333333333334,0.16666666666666666,0.08333333333333333,6.247712686683985,4.605895107329564,1.4432774544559084,6.49525936500088,1.4432774544559088,9.73436903516913,11.19125409974582,6.536721539123828
tuning,stumpjumper-front-pod-v1,interaction_92ab75357c24,116ecb981cc4,interaction,7,8.571428571428571,8.428571428571429,1.0,0.0,0.1349824778396207,6.179645562111028,3.63414408425079,-0.41148971214046576,7.17188863152815,-0.41148971214046376,8.558244012072691,11.206686942126547,4.073629133563836
tuning,stumpjumper-front-pod-v2,interaction_92ab75357c24,116ecb981cc4,interaction,11,6.363636363636363,8.727272727272727,0.7272727272727273,0.2727272727272727,0.5935185185185186,3.497680054280854,2.695050450283966,-1.1849551370655194,2.9196458926356215,-1.1849551370655198,4.840920836316288,7.756935802493431,3.6119125620101453
tuning,cohort-balanced,interaction_92ab75357c24,116ecb981cc4,interaction,38,4.370670995670995,4.949675324675324,0.7472943722943723,0.25270562770562766,0.20295858242286813,6.1955014840664555,4.047514278762876,-2.5620908267142237,7.487152651122894,-2.562090826714223,9.64811522227641,12.147002655482828,5.2827566769908
tuning,harry,interaction_92d441611c0b,0c126dc1979b,interaction,14,0.07142857142857142,0.14285714285714285,0.07142857142857142,1.0,0.0,4.85559523786722,-33.297555199505425,-12.242303736487711,14.530207722639357,-12.242303736487713,16.419991467530846,19.12231586406346,6.908763473265389
tuning,jamaal,interaction_92d441611c0b,0c126dc1979b,interaction,6,0.0,0.0,0.0,1.0,nan,nan,nan,-2.669670058015841,12.438647922235974,-2.669670058015841,14.177035463192867,14.48153551234829,6.536721539123828
tuning,stumpjumper-front-pod-v1,interaction_92d441611c0b,0c126dc1979b,interaction,7,5.142857142857143,5.0,0.7142857142857143,0.2857142857142857,0.07142857142857142,6.3897178566188435,0.047961154366529965,-4.844644383864813,6.796870572135311,-4.844644383864812,8.593367228427118,10.41758324896914,4.073629133563836
tuning,stumpjumper-front-pod-v2,interaction_92d441611c0b,0c126dc1979b,interaction,11,3.272727272727273,2.5454545454545454,0.5454545454545454,0.45454545454545453,0.444047619047619,4.093680646459391,0.41804705932229425,-3.4739900259051435,3.8231550436958917,-3.4739900259051435,5.611632290484594,9.032882878692812,3.6119125620101453
tuning,cohort-balanced,interaction_92d441611c0b,0c126dc1979b,interaction,38,2.1217532467532467,1.9220779220779223,0.33279220779220775,0.685064935064935,0.1718253968253968,5.112997913648485,-10.9438489952722,-5.807652051068377,9.397220315176634,-5.807652051068377,11.200506612408857,13.263579376018424,5.2827566769908
tuning,harry,interaction_932ecbc114b0,abe4bcd80c47,interaction,14,0.42857142857142855,1.2142857142857142,0.42857142857142855,0.6428571428571429,0.0,7.079774565532925,-9.201593088367375,-12.845492956888226,13.54227881516868,-12.845492956888226,15.74305865252195,19.460628189451207,6.908763473265389
tuning,jamaal,interaction_932ecbc114b0,abe4bcd80c47,interaction,6,1.3333333333333333,3.0,0.6666666666666666,0.3333333333333333,0.25,5.4511339580948714,-8.83419376677525,-5.643535407701612,8.495043794267213,-5.643535407701612,11.255525751143127,13.799198928307092,6.536721539123828
tuning,stumpjumper-front-pod-v1,interaction_932ecbc114b0,abe4bcd80c47,interaction,7,8.571428571428571,7.857142857142857,1.0,0.0,0.1349824778396207,6.179647454420807,0.2647902466419317,0.44429436671453054,6.159621258088145,0.4442943667145326,7.906085634477075,10.935242426481114,4.073629133563836
tuning,stumpjumper-front-pod-v2,interaction_932ecbc114b0,abe4bcd80c47,interaction,11,6.181818181818182,7.545454545454546,0.7272727272727273,0.2727272727272727,0.5935185185185186,3.497680054280854,2.297199924326028,-1.4087276592292484,2.691445358463378,-1.4087276592292488,4.8176308290311365,7.755830353124008,3.6119125620101453
tuning,cohort-balanced,interaction_932ecbc114b0,abe4bcd80c47,interaction,38,4.128787878787879,4.904220779220779,0.7056277056277056,0.31222943722943725,0.2446252490895348,5.552059008082364,-3.868449171043666,-4.8633654142761396,7.722097306496854,-4.863365414276139,9.930575216793322,12.987724974340857,5.2827566769908
tuning,harry,interaction_9434c4351f10,22c2253a5e80,interaction,14,0.5,0.6428571428571429,0.42857142857142855,0.5714285714285714,0.0,7.160195894654841,5.254967473187186,-10.095195912106817,13.361816715326928,-10.095195912106817,15.458927005547533,18.433133777565512,6.908763473265389
tuning,jamaal,interaction_9434c4351f10,22c2253a5e80,interaction,6,1.5,2.0,0.8333333333333334,0.16666666666666666,0.2,5.927310032267485,4.605895107329564,1.4432774544559084,6.49525936500088,1.4432774544559088,9.73436903516913,11.19125409974582,6.536721539123828
tuning,stumpjumper-front-pod-v1,interaction_9434c4351f10,22c2253a5e80,interaction,7,5.0,14.571428571428571,1.0,0.0,0.16071428571428573,5.453346522166037,2.239311221318116,-0.3321535473049444,6.4449841722790415,-0.3321535473049421,8.183557151804655,11.144222508238093,4.073629133563836
tuning,stumpjumper-front-pod-v2,interaction_9434c4351f10,22c2253a5e80,interaction,11,3.5454545454545454,9.636363636363637,0.7272727272727273,0.2727272727272727,0.8040178571428571,1.4466528723104002,1.99618836750619,-1.510731234287446,2.7291957453038607,-1.5107312342874464,4.780030888472566,7.893960225522786,3.6119125620101453
tuning,cohort-balanced,interaction_9434c4351f10,22c2253a5e80,interaction,38,2.6363636363636362,6.712662337662338,0.7472943722943723,0.25270562770562766,0.2911830357142857,4.996876330349691,3.524090542335264,-2.623700809810825,7.257813999477678,-2.623700809810824,9.53922102024847,12.165642652768053,5.2827566769908
tuning,harry,interaction_9a22155fdd88,efc0a5515603,interaction,14,1.7857142857142858,3.2857142857142856,0.7142857142857143,0.42857142857142855,0.0,10.136715828526699,-12.453178155983181,-11.319937330751005,13.37461346489784,-11.319937330751003,15.73012977823268,19.111097423368744,6.908763473265389
tuning,jamaal,interaction_9a22155fdd88,efc0a5515603,interaction,6,2.8333333333333335,11.666666666666666,0.8333333333333334,0.16666666666666666,0.08333333333333333,7.346828378701879,-12.037928973418039,-9.42305396368594,9.42305396368594,-9.42305396368594,11.89903151042462,14.032226808890812,6.536721539123828
tuning,stumpjumper-front-pod-v1,interaction_9a22155fdd88,efc0a5515603,interaction,7,10.142857142857142,19.142857142857142,1.0,0.0,0.16289682539682543,6.102860331004111,-2.803879924244967,-3.6811360936140183,4.150132557216932,-3.681136093614017,6.241802826367565,8.66246828912386,4.073629133563836
tuning,stumpjumper-front-pod-v2,interaction_9a22155fdd88,efc0a5515603,interaction,11,9.0,17.272727272727273,0.7272727272727273,0.2727272727272727,0.5572879970906287,3.645320532361783,0.9248310316509363,-2.0961153993956616,2.672271950346385,-2.096115399395662,4.736617096394287,8.056238508102439,3.6119125620101453
tuning,cohort-balanced,interaction_9a22155fdd88,efc0a5515603,interaction,38,5.940476190476191,12.841991341991342,0.8187229437229437,0.21699134199134198,0.20087953895519686,6.807931267648617,-6.592539005498813,-6.630060696861656,7.405017984036774,-6.630060696861655,9.65189530285479,12.465507757371464,5.2827566769908
tuning,harry,interaction_9b1b34d38f6a,b5efe4f76ee4,interaction,14,0.2857142857142857,0.14285714285714285,0.14285714285714285,0.8571428571428571,0.0,10.489779394801161,1.1764601495439706,-10.71977021892693,13.007674205078581,-10.719770218926934,15.383538352164532,17.95839737144061,6.908763473265389
tuning,jamaal,interaction_9b1b34d38f6a,b5efe4f76ee4,interaction,6,0.0,0.0,0.0,1.0,nan,nan,nan,-2.669670058015841,12.438647922235974,-2.669670058015841,14.177035463192867,14.48153551234829,6.536721539123828
tuning,stumpjumper-front-pod-v1,interaction_9b1b34d38f6a,b5efe4f76ee4,interaction,7,5.142857142857143,6.857142857142857,0.7142857142857143,0.2857142857142857,0.07142857142857142,6.3897178566188435,-0.2768024472988671,-5.193862681657753,7.077288014086059,-5.19386268165775,8.766348770247054,10.658520947137617,4.073629133563836
tuning,stumpjumper-front-pod-v2,interaction_9b1b34d38f6a,b5efe4f76ee4,interaction,11,3.272727272727273,2.4545454545454546,0.5454545454545454,0.45454545454545453,0.444047619047619,4.093680646459391,0.8435594580531619,-3.3636975564371094,3.7128625742278576,-3.3636975564371094,5.533523593041237,8.93684432241477,3.6119125620101453
tuning,cohort-balanced,interaction_9b1b34d38f6a,b5efe4f76ee4,interaction,38,2.1753246753246755,2.3636363636363638,0.35064935064935066,0.6493506493506493,0.1718253968253968,6.9910592992931315,0.5810723867660884,-5.486750128759408,9.059118178907118,-5.486750128759409,10.965111544661424,13.008824538335322,5.2827566769908
tuning,harry,interaction_9c5634b35d4b,aac9b8613208,interaction,14,0.07142857142857142,0.21428571428571427,0.07142857142857142,1.0,0.0,4.85559523786722,-25.288855100332498,-12.242303736487711,14.530207722639357,-12.242303736487713,16.419991467530846,19.12231586406346,6.908763473265389
tuning,jamaal,interaction_9c5634b35d4b,aac9b8613208,interaction,6,0.0,0.0,0.0,1.0,nan,nan,nan,-2.669670058015841,12.438647922235974,-2.669670058015841,14.177035463192867,14.48153551234829,6.536721539123828
tuning,stumpjumper-front-pod-v1,interaction_9c5634b35d4b,aac9b8613208,interaction,7,5.142857142857143,7.285714285714286,0.7142857142857143,0.2857142857142857,0.07142857142857142,6.3897178566188435,-0.19108861172021818,-4.985581710531014,6.86900704295932,-4.9855817105310125,8.57784279760588,10.485933846400597,4.073629133563836
tuning,stumpjumper-front-pod-v2,interaction_9c5634b35d4b,aac9b8613208,interaction,11,3.272727272727273,2.8181818181818183,0.5454545454545454,0.45454545454545453,0.444047619047619,4.093680646459391,0.45883497475919083,-3.3956471390269445,3.7448121568176926,-3.395647139026944,5.555284562203671,8.96439945637891,3.6119125620101453
tuning,cohort-balanced,interaction_9c5634b35d4b,aac9b8613208,interaction,38,2.1217532467532467,2.5795454545454546,0.33279220779220775,0.685064935064935,0.1718253968253968,5.112997913648485,-8.34036957909784,-5.823300661015378,9.395668711163086,-5.823300661015378,11.182538572633316,13.263546169797813,5.2827566769908
tuning,harry,interaction_9cb7ee4cb976,b34f34ec1847,interaction,14,0.42857142857142855,0.6428571428571429,0.42857142857142855,0.5714285714285714,0.0,7.079774565532925,3.5543992249580825,-10.872989504354123,13.092781705361679,-10.872989504354123,15.329298189577301,18.66827231460897,6.908763473265389
tuning,jamaal,interaction_9cb7ee4cb976,b34f34ec1847,interaction,6,1.3333333333333333,1.6666666666666667,0.6666666666666666,0.3333333333333333,0.25,5.4511339580948714,2.4246483290383445,-1.2672764004457793,6.1425362914144435,-1.2672764004457786,9.436841011593904,11.609429908471492,6.536721539123828
tuning,stumpjumper-front-pod-v1,interaction_9cb7ee4cb976,b34f34ec1847,interaction,7,8.571428571428571,10.0,1.0,0.0,0.1349824778396207,6.179647454420807,3.2774777793307632,-0.1505300630960009,6.910928982483687,-0.15053006309599887,8.548598546367746,11.462015962071737,4.073629133563836
tuning,stumpjumper-front-pod-v2,interaction_9cb7ee4cb976,b34f34ec1847,interaction,11,6.181818181818182,8.636363636363637,0.7272727272727273,0.2727272727272727,0.5935185185185186,3.497680054280854,2.754821293305569,-1.1360413404746765,2.9685596892264643,-1.1360413404746768,4.875847562541013,7.772580408526664,3.6119125620101453
tuning,cohort-balanced,interaction_9cb7ee4cb976,b34f34ec1847,interaction,38,4.128787878787879,5.236471861471862,0.7056277056277056,0.29437229437229434,0.2446252490895348,5.552059008082364,3.0028366566581894,-3.356709327092645,7.278701667121568,-3.3567093270926445,9.547646327519992,12.378074648419716,5.2827566769908
tuning,harry,interaction_9d5530ad4e70,69bc7d73a7f1,interaction,14,0.5,1.8571428571428572,0.42857142857142855,0.7142857142857143,0.0,7.160195894654841,-8.000013202749619,-11.556169846575193,12.665996975415737,-11.556169846575196,15.235600919130858,18.2865439966954,6.908763473265389
tuning,jamaal,interaction_9d5530ad4e70,69bc7d73a7f1,interaction,6,1.5,7.666666666666667,0.8333333333333334,0.16666666666666666,0.2,5.927310032267485,-1.4736044350316746,-1.6134081434120906,8.086026458316907,-1.6134081434120906,10.717117070096686,12.494859974079574,6.536721539123828
tuning,stumpjumper-front-pod-v1,interaction_9d5530ad4e70,69bc7d73a7f1,interaction,7,5.0,16.0,1.0,0.0,0.16071428571428573,5.453346522166037,-1.9538750717823246,-0.6698587795622954,6.107278940021691,-0.6698587795622937,7.846023116487991,10.816075590364273,4.073629133563836
tuning,stumpjumper-front-pod-v2,interaction_9d5530ad4e70,69bc7d73a7f1,interaction,11,3.5454545454545454,12.818181818181818,0.7272727272727273,0.2727272727272727,0.8040178571428571,1.4466528723104002,2.3325076713769075,-1.0778796466030565,3.2584976023464236,-1.077879646603057,5.136148568608619,7.755133802774079,3.6119125620101453
tuning,cohort-balanced,interaction_9d5530ad4e70,69bc7d73a7f1,interaction,38,2.6363636363636362,9.585497835497836,0.7472943722943723,0.2884199134199134,0.2911830357142857,4.996876330349691,-2.2737462595466775,-3.729329104038159,7.52944999402519,-3.7293291040381593,9.733722418581038,12.33815334097833,5.2827566769908
tuning,harry,interaction_a0a6616dc7a9,1f3c094db7ab,interaction,14,0.42857142857142855,0.7857142857142857,0.21428571428571427,0.8571428571428571,0.0,13.719523607235036,-18.350151706223695,-11.171421914761437,13.459325900913083,-11.171421914761437,15.64086435080139,18.304782288668836,6.908763473265389
tuning,jamaal,interaction_a0a6616dc7a9,1f3c094db7ab,interaction,6,0.16666666666666666,0.3333333333333333,0.16666666666666666,0.8333333333333334,0.0,7.832152954659534,14.112508997731027,0.17115492642527683,12.921642125361842,0.17115492642527683,14.589308460957964,14.171266210335139,6.536721539123828
tuning,stumpjumper-front-pod-v1,interaction_a0a6616dc7a9,1f3c094db7ab,interaction,7,5.857142857142857,27.285714285714285,0.7142857142857143,0.2857142857142857,0.08730158730158731,6.404653748902584,-2.3207276688225136,-6.874792998977061,6.874792998977061,-6.874792998977059,8.632806849950745,10.601699789585535,4.073629133563836
tuning,stumpjumper-front-pod-v2,interaction_a0a6616dc7a9,1f3c094db7ab,interaction,11,4.636363636363637,10.272727272727273,0.6363636363636364,0.36363636363636365,0.4825091575091575,3.714348425736575,0.13266102595013102,-3.6265127105176465,3.6888012095830804,-3.626512710517646,5.559011353541336,9.025232189488163,3.6119125620101453
tuning,cohort-balanced,interaction_a0a6616dc7a9,1f3c094db7ab,interaction,38,2.7721861471861473,9.669372294372295,0.4329004329004329,0.58495670995671,0.1424526862026862,7.917669684133433,-1.6064273378412628,-5.375393174457717,9.236140558708767,-5.375393174457716,11.105497753812859,13.025745119519417,5.2827566769908
tuning,harry,interaction_a32c7c2f0674,ff3f7aff89d1,interaction,14,1.7857142857142858,7.428571428571429,0.7142857142857143,0.42857142857142855,0.0,10.136715828526699,-10.84023174567228,-10.580401904627786,14.824034867733866,-10.580401904627783,16.77206917948771,19.802912194063815,6.908763473265389
tuning,jamaal,interaction_a32c7c2f0674,ff3f7aff89d1,interaction,6,2.8333333333333335,24.666666666666668,1.0,0.16666666666666666,0.08333333333333333,7.346828378701879,-13.210482426533401,-9.091010820138054,9.091010820138054,-9.091010820138054,11.31122924153655,13.498603708016525,6.536721539123828
tuning,stumpjumper-front-pod-v1,interaction_a32c7c2f0674,ff3f7aff89d1,interaction,7,10.142857142857142,35.42857142857143,1.0,0.0,0.16289682539682543,6.102860331004111,-3.9365254033541675,-3.419283210452785,5.23582162229364,-3.4192832104527833,7.107186512611382,10.198283142201413,4.073629133563836
tuning,stumpjumper-front-pod-v2,interaction_a32c7c2f0674,ff3f7aff89d1,interaction,11,9.0,35.0,0.7272727272727273,0.2727272727272727,0.5572879970906287,3.645320532361783,2.585754406469949,-0.20329508902913657,4.590705919449348,-0.20329508902913657,6.006874655531783,7.918577889647099,3.6119125620101453
tuning,cohort-balanced,interaction_a32c7c2f0674,ff3f7aff89d1,interaction,38,5.940476190476191,25.63095238095238,0.8603896103896105,0.21699134199134198,0.20087953895519686,6.807931267648617,-6.350371292272475,-5.823497756061941,8.435393307403727,-5.823497756061939,10.299339897291857,12.854594233482212,5.2827566769908
tuning,harry,interaction_a378a79537d6,edd2c1522fcd,interaction,14,1.7857142857142858,2.9285714285714284,0.7142857142857143,0.35714285714285715,0.0,10.136715828526699,-3.762817266105982,-9.211313241732443,13.658740351292781,-9.21131324173244,16.05999536992859,19.3149718262027,6.908763473265389
tuning,jamaal,interaction_a378a79537d6,edd2c1522fcd,interaction,6,2.8333333333333335,5.333333333333333,1.0,0.0,0.08333333333333333,7.346828378701879,1.9400479063059208,2.9508445165489596,6.353359621403851,2.9508445165489587,9.480144574111161,10.678082221075812,6.536721539123828
tuning,stumpjumper-front-pod-v1,interaction_a378a79537d6,edd2c1522fcd,interaction,7,10.142857142857142,30.714285714285715,1.0,0.0,0.16289682539682543,6.102860331004111,-3.734923899806527,-4.997464996763095,4.997464996763095,-4.997464996763093,6.992577120554698,9.552626162376233,4.073629133563836
tuning,stumpjumper-front-pod-v2,interaction_a378a79537d6,edd2c1522fcd,interaction,11,9.0,23.181818181818183,0.7272727272727273,0.2727272727272727,0.5572879970906287,3.645320532361783,0.353823550785048,-2.5611819457108638,3.448284735447106,-2.561181945710864,5.164147617565576,8.465242238622347,3.6119125620101453
tuning,cohort-balanced,interaction_a378a79537d6,edd2c1522fcd,interaction,38,5.940476190476191,15.539502164502164,0.8603896103896105,0.15746753246753248,0.20087953895519686,6.807931267648617,-1.300967427205385,-3.4547789169143606,7.114462426226709,-3.4547789169143597,9.424216170540006,12.002730612069273,5.2827566769908
tuning,harry,interaction_a47c50813853,94ff26d92067,interaction,14,0.21428571428571427,0.7857142857142857,0.21428571428571427,0.8571428571428571,0.0,8.435100429503498,-17.644848919078996,-12.08852580650034,14.376429792651988,-12.088525806500343,16.271224089318906,19.006560403294454,6.908763473265389
tuning,jamaal,interaction_a47c50813853,94ff26d92067,interaction,6,0.16666666666666666,0.6666666666666666,0.16666666666666666,0.8333333333333334,0.0,7.832152954659534,4.849532914526407,-0.7087853042605676,12.041701894675997,-0.7087853042605671,13.879793349214232,13.570176242588724,6.536721539123828
tuning,stumpjumper-front-pod-v1,interaction_a47c50813853,94ff26d92067,interaction,7,4.285714285714286,18.0,0.7142857142857143,0.2857142857142857,0.12857142857142856,6.648897185375175,-0.8539860004971302,-6.116605559753252,6.2783848953164965,-6.116605559753249,8.279933258338673,10.144479414168355,4.073629133563836
tuning,stumpjumper-front-pod-v2,interaction_a47c50813853,94ff26d92067,interaction,11,2.272727272727273,9.818181818181818,0.6363636363636364,0.36363636363636365,0.6377551020408163,2.381400125950232,0.3926163206522223,-3.607618993680014,3.651238612448036,-3.6076189936800134,5.517037258169925,8.98809414247428,3.6119125620101453
tuning,cohort-balanced,interaction_a47c50813853,94ff26d92067,interaction,38,1.7348484848484849,7.317640692640692,0.4329004329004329,0.58495670995671,0.19158163265306122,6.324387673872111,-3.3141714210993745,-5.630383916048543,9.08693879877313,-5.630383916048543,10.986996988760435,12.927327550631453,5.2827566769908
tuning,harry,interaction_a5536d2c4841,909430c7c78e,interaction,14,0.21428571428571427,0.7857142857142857,0.21428571428571427,0.8571428571428571,0.0,8.435100429503498,-17.644848919078996,-12.08852580650034,14.376429792651988,-12.088525806500343,16.271224089318906,19.006560403294454,6.908763473265389
tuning,jamaal,interaction_a5536d2c4841,909430c7c78e,interaction,6,0.16666666666666666,0.6666666666666666,0.16666666666666666,0.8333333333333334,0.0,7.832152954659534,4.849532914526407,-0.7087853042605676,12.041701894675997,-0.7087853042605671,13.879793349214232,13.570176242588724,6.536721539123828
tuning,stumpjumper-front-pod-v1,interaction_a5536d2c4841,909430c7c78e,interaction,7,4.285714285714286,18.0,0.7142857142857143,0.2857142857142857,0.12857142857142856,6.648897185375175,-0.8539860004971302,-6.116605559753252,6.2783848953164965,-6.116605559753249,8.279933258338673,10.144479414168355,4.073629133563836
tuning,stumpjumper-front-pod-v2,interaction_a5536d2c4841,909430c7c78e,interaction,11,2.272727272727273,9.818181818181818,0.6363636363636364,0.36363636363636365,0.6377551020408163,2.381400125950232,0.3926163206522223,-3.607618993680014,3.651238612448036,-3.6076189936800134,5.517037258169925,8.98809414247428,3.6119125620101453
tuning,cohort-balanced,interaction_a5536d2c4841,909430c7c78e,interaction,38,1.7348484848484849,7.317640692640692,0.4329004329004329,0.58495670995671,0.19158163265306122,6.324387673872111,-3.3141714210993745,-5.630383916048543,9.08693879877313,-5.630383916048543,10.986996988760435,12.927327550631453,5.2827566769908
tuning,harry,interaction_a72aeac2faa1,a4ef0275bf72,interaction,14,0.8571428571428571,7.428571428571429,0.7142857142857143,0.42857142857142855,0.0,8.248934190980036,-12.723133550656566,-12.179473876983565,14.889576632604628,-12.179473876983563,16.913454598861208,20.444970256457164,6.908763473265389
tuning,jamaal,interaction_a72aeac2faa1,a4ef0275bf72,interaction,6,2.0,24.333333333333332,1.0,0.16666666666666666,0.1111111111111111,6.035377624171659,-13.426974627603977,-9.323901412477618,9.323901412477618,-9.323901412477618,11.49201439456778,13.681006432879043,6.536721539123828
tuning,stumpjumper-front-pod-v1,interaction_a72aeac2faa1,a4ef0275bf72,interaction,7,6.714285714285714,38.714285714285715,1.0,0.0,0.14444444444444443,5.666994710351425,-4.513809250569996,-5.0491592084656896,5.37143583149581,-5.049159208465688,7.140663798873198,9.727861376962071,4.073629133563836
tuning,stumpjumper-front-pod-v2,interaction_a72aeac2faa1,a4ef0275bf72,interaction,11,5.090909090909091,35.81818181818182,0.7272727272727273,0.2727272727272727,0.7435515873015872,1.2984141570177528,2.315771167154013,-0.31343529385773916,4.397304604772828,-0.31343529385773966,5.837308861031281,7.782065366596152,3.6119125620101453
tuning,cohort-balanced,interaction_a72aeac2faa1,a4ef0275bf72,interaction,38,3.6655844155844157,26.573593073593074,0.8603896103896105,0.21699134199134198,0.2497767857142857,5.312430170630218,-7.087036565419131,-6.716492447946153,8.495554620337721,-6.716492447946153,10.345860413333368,12.908975858223608,5.2827566769908
tuning,harry,interaction_a9d7bf98fefc,f018c47660b3,interaction,14,0.35714285714285715,0.7857142857142857,0.21428571428571427,0.8571428571428571,0.0,13.746462245816947,-18.350151706223695,-11.171421914761437,13.459325900913083,-11.171421914761437,15.64086435080139,18.304782288668836,6.908763473265389
tuning,jamaal,interaction_a9d7bf98fefc,f018c47660b3,interaction,6,0.16666666666666666,0.3333333333333333,0.16666666666666666,0.8333333333333334,0.0,7.832152954659534,14.112508997731027,0.17115492642527683,12.921642125361842,0.17115492642527683,14.589308460957964,14.171266210335139,6.536721539123828
tuning,stumpjumper-front-pod-v1,interaction_a9d7bf98fefc,f018c47660b3,interaction,7,5.857142857142857,27.571428571428573,0.7142857142857143,0.2857142857142857,0.08730158730158731,6.403533278901777,-2.3524333915744675,-6.897439943799886,6.897439943799886,-6.897439943799883,8.653518043135621,10.620769490200118,4.073629133563836
tuning,stumpjumper-front-pod-v2,interaction_a9d7bf98fefc,f018c47660b3,interaction,11,4.545454545454546,10.272727272727273,0.6363636363636364,0.36363636363636365,0.4825091575091575,3.775320298624564,0.13266102595013102,-3.6265127105176465,3.6888012095830804,-3.626512710517646,5.559011353541336,9.025232189488163,3.6119125620101453
tuning,cohort-balanced,interaction_a9d7bf98fefc,f018c47660b3,interaction,38,2.7316017316017316,9.740800865800868,0.4329004329004329,0.58495670995671,0.1424526862026862,7.939367194500705,-1.6143537685292513,-5.381054910663423,9.241802294914473,-5.381054910663422,11.110675552109077,13.030512544673064,5.2827566769908
tuning,harry,interaction_aa50472683e1,b8d0c8727598,interaction,14,0.07142857142857142,0.21428571428571427,0.07142857142857142,1.0,0.0,4.85559523786722,-25.288855100332498,-12.242303736487711,14.530207722639357,-12.242303736487713,16.419991467530846,19.12231586406346,6.908763473265389
tuning,jamaal,interaction_aa50472683e1,b8d0c8727598,interaction,6,0.0,0.0,0.0,1.0,nan,nan,nan,-2.669670058015841,12.438647922235974,-2.669670058015841,14.177035463192867,14.48153551234829,6.536721539123828
tuning,stumpjumper-front-pod-v1,interaction_aa50472683e1,b8d0c8727598,interaction,7,5.142857142857143,7.285714285714286,0.7142857142857143,0.2857142857142857,0.07142857142857142,6.3897178566188435,-0.19108861172021818,-4.985581710531014,6.86900704295932,-4.9855817105310125,8.57784279760588,10.485933846400597,4.073629133563836
tuning,stumpjumper-front-pod-v2,interaction_aa50472683e1,b8d0c8727598,interaction,11,3.272727272727273,2.8181818181818183,0.5454545454545454,0.45454545454545453,0.444047619047619,4.093680646459391,0.45883497475919083,-3.3956471390269445,3.7448121568176926,-3.395647139026944,5.555284562203671,8.96439945637891,3.6119125620101453
tuning,cohort-balanced,interaction_aa50472683e1,b8d0c8727598,interaction,38,2.1217532467532467,2.5795454545454546,0.33279220779220775,0.685064935064935,0.1718253968253968,5.112997913648485,-8.34036957909784,-5.823300661015378,9.395668711163086,-5.823300661015378,11.182538572633316,13.263546169797813,5.2827566769908
tuning,harry,interaction_aecc304dde7e,023d5f8d9f9c,interaction,14,0.07142857142857142,0.14285714285714285,0.07142857142857142,1.0,0.0,4.85559523786722,-33.297555199505425,-12.242303736487711,14.530207722639357,-12.242303736487713,16.419991467530846,19.12231586406346,6.908763473265389
tuning,jamaal,interaction_aecc304dde7e,023d5f8d9f9c,interaction,6,0.0,0.0,0.0,1.0,nan,nan,nan,-2.669670058015841,12.438647922235974,-2.669670058015841,14.177035463192867,14.48153551234829,6.536721539123828
tuning,stumpjumper-front-pod-v1,interaction_aecc304dde7e,023d5f8d9f9c,interaction,7,3.0,0.0,0.0,1.0,0.1,6.623575811365013,nan,-12.719530353398499,12.719530353398499,-12.719530353398499,13.391447922135082,13.842722284713115,4.073629133563836
tuning,stumpjumper-front-pod-v2,interaction_aecc304dde7e,023d5f8d9f9c,interaction,11,1.1818181818181819,0.36363636363636365,0.09090909090909091,0.9090909090909091,0.5416666666666666,2.61731999638438,21.278549233485947,-0.756512535115203,5.696327227919252,-0.756512535115204,7.030749525105927,8.815992412576758,3.6119125620101453
tuning,cohort-balanced,interaction_aecc304dde7e,023d5f8d9f9c,interaction,38,1.0633116883116884,0.12662337662337664,0.040584415584415584,0.9772727272727273,0.21388888888888888,4.698830348538871,-6.009502983009739,-7.097004170754313,11.346178306548271,-7.097004170754314,12.754806094491181,14.065641518425405,5.2827566769908
tuning,harry,interaction_af51d4b8a6e8,f699f3a870e3,interaction,14,0.14285714285714285,0.14285714285714285,0.14285714285714285,0.8571428571428571,0.0,6.279030597811797,1.1764601495439706,-10.71977021892693,13.007674205078581,-10.719770218926934,15.383538352164532,17.95839737144061,6.908763473265389
tuning,jamaal,interaction_af51d4b8a6e8,f699f3a870e3,interaction,6,0.0,0.0,0.0,1.0,nan,nan,nan,-2.669670058015841,12.438647922235974,-2.669670058015841,14.177035463192867,14.48153551234829,6.536721539123828
tuning,stumpjumper-front-pod-v1,interaction_af51d4b8a6e8,f699f3a870e3,interaction,7,3.0,10.142857142857142,0.7142857142857143,0.2857142857142857,0.1,6.623575811365013,-1.0083431932517528,-5.506530508962059,6.420321141469882,-5.506530508962058,8.208274058892144,10.135724269408723,4.073629133563836
tuning,stumpjumper-front-pod-v2,interaction_af51d4b8a6e8,f699f3a870e3,interaction,11,1.1818181818181819,2.8181818181818183,0.5454545454545454,0.45454545454545453,0.5416666666666666,2.61731999638438,0.6983628784225099,-3.417684196720167,3.7668492145109154,-3.417684196720167,5.5517769389178895,8.959927934783222,3.6119125620101453
tuning,cohort-balanced,interaction_af51d4b8a6e8,f699f3a870e3,interaction,38,1.0811688311688312,3.2759740259740258,0.35064935064935066,0.6493506493506493,0.21388888888888888,5.17330880185373,0.2888266115715759,-5.578413745656249,8.908373120823837,-5.57841374565625,10.830156203291859,12.883896271995212,5.2827566769908
tuning,harry,interaction_b4386ef8aec7,89950184ab9c,interaction,14,0.42857142857142855,0.7857142857142857,0.21428571428571427,0.8571428571428571,0.0,13.719523607235036,-17.644848919078996,-12.08852580650034,14.376429792651988,-12.088525806500343,16.271224089318906,19.006560403294454,6.908763473265389
tuning,jamaal,interaction_b4386ef8aec7,89950184ab9c,interaction,6,0.16666666666666666,0.6666666666666666,0.16666666666666666,0.8333333333333334,0.0,7.832152954659534,4.849532914526407,-0.7087853042605676,12.041701894675997,-0.7087853042605671,13.879793349214232,13.570176242588724,6.536721539123828
tuning,stumpjumper-front-pod-v1,interaction_b4386ef8aec7,89950184ab9c,interaction,7,5.857142857142857,16.428571428571427,0.7142857142857143,0.2857142857142857,0.08730158730158731,6.404653748902584,-0.6865417722752738,-6.006759052517718,6.368008177196286,-6.006759052517716,8.285272228415472,10.129503040335083,4.073629133563836
tuning,stumpjumper-front-pod-v2,interaction_b4386ef8aec7,89950184ab9c,interaction,11,4.636363636363637,9.909090909090908,0.6363636363636364,0.36363636363636365,0.4825091575091575,3.714348425736575,0.4904163511671728,-3.544546644966469,3.5881662637344913,-3.544546644966469,5.510112818846575,8.968587113909864,3.6119125620101453
tuning,cohort-balanced,interaction_b4386ef8aec7,89950184ab9c,interaction,38,2.7721861471861473,6.9475108225108215,0.4329004329004329,0.58495670995671,0.1424526862026862,7.917669684133433,-3.2478603564151722,-5.5871542020612734,9.093576532064692,-5.587154202061274,10.986600621448796,12.91870670003203,5.2827566769908
tuning,harry,interaction_b54e61b1b879,4cd9715f639f,interaction,14,0.35714285714285715,0.42857142857142855,0.14285714285714285,0.9285714285714286,0.0,13.746462245816947,-20.083863129138123,-12.201579002385484,14.48948298853713,-12.201579002385484,16.38541759973601,19.087563299349153,6.908763473265389
tuning,jamaal,interaction_b54e61b1b879,4cd9715f639f,interaction,6,0.16666666666666666,1.0,0.16666666666666666,0.8333333333333334,0.0,7.832152954659534,7.210508867030953,-0.3880218716947296,12.362465327241836,-0.3880218716947296,14.116151773748312,13.74462208484129,6.536721539123828
tuning,stumpjumper-front-pod-v1,interaction_b54e61b1b879,4cd9715f639f,interaction,7,5.857142857142857,0.0,0.0,1.0,0.08730158730158731,6.403533278901777,nan,-12.719530353398499,12.719530353398499,-12.719530353398499,13.391447922135082,13.842722284713115,4.073629133563836
tuning,stumpjumper-front-pod-v2,interaction_b54e61b1b879,4cd9715f639f,interaction,11,4.545454545454546,0.8181818181818182,0.18181818181818182,0.8181818181818182,0.4825091575091575,3.775320298624564,14.691126161342389,0.40712060822600776,5.938766481095867,0.4071206082260071,7.262805407576488,8.727799748555277,3.6119125620101453
tuning,cohort-balanced,interaction_b54e61b1b879,4cd9715f639f,interaction,38,2.7316017316017316,0.5616883116883117,0.12283549783549784,0.895021645021645,0.1424526862026862,7.939367194500705,0.6059239664117394,-6.225502654813176,11.377561287568334,-6.225502654813177,12.788955675798972,13.850676854364709,5.2827566769908
tuning,harry,interaction_b984a4182796,15ee5397eab0,interaction,14,0.07142857142857142,0.14285714285714285,0.07142857142857142,1.0,0.0,4.85559523786722,-33.297555199505425,-12.242303736487711,14.530207722639357,-12.242303736487713,16.419991467530846,19.12231586406346,6.908763473265389
tuning,jamaal,interaction_b984a4182796,15ee5397eab0,interaction,6,0.0,0.0,0.0,1.0,nan,nan,nan,-2.669670058015841,12.438647922235974,-2.669670058015841,14.177035463192867,14.48153551234829,6.536721539123828
tuning,stumpjumper-front-pod-v1,interaction_b984a4182796,15ee5397eab0,interaction,7,5.142857142857143,0.0,0.0,1.0,0.07142857142857142,6.3897178566188435,nan,-12.719530353398499,12.719530353398499,-12.719530353398499,13.391447922135082,13.842722284713115,4.073629133563836
tuning,stumpjumper-front-pod-v2,interaction_b984a4182796,15ee5397eab0,interaction,11,3.272727272727273,0.36363636363636365,0.09090909090909091,0.9090909090909091,0.444047619047619,4.093680646459391,21.278549233485947,-0.756512535115203,5.696327227919252,-0.756512535115204,7.030749525105927,8.815992412576758,3.6119125620101453
tuning,cohort-balanced,interaction_b984a4182796,15ee5397eab0,interaction,38,2.1217532467532467,0.12662337662337664,0.040584415584415584,0.9772727272727273,0.1718253968253968,5.112997913648485,-6.009502983009739,-7.097004170754313,11.346178306548271,-7.097004170754314,12.754806094491181,14.065641518425405,5.2827566769908
tuning,harry,interaction_beebbdd67580,74c63ed425df,interaction,14,0.42857142857142855,0.6428571428571429,0.42857142857142855,0.5714285714285714,0.0,7.079774565532925,3.5543992249580825,-10.872989504354123,13.092781705361679,-10.872989504354123,15.329298189577301,18.66827231460897,6.908763473265389
tuning,jamaal,interaction_beebbdd67580,74c63ed425df,interaction,6,1.3333333333333333,1.6666666666666667,0.6666666666666666,0.3333333333333333,0.25,5.4511339580948714,2.4246483290383445,-1.2672764004457793,6.1425362914144435,-1.2672764004457786,9.436841011593904,11.609429908471492,6.536721539123828
tuning,stumpjumper-front-pod-v1,interaction_beebbdd67580,74c63ed425df,interaction,7,8.571428571428571,10.0,1.0,0.0,0.1349824778396207,6.179647454420807,3.2774777793307632,-0.1505300630960009,6.910928982483687,-0.15053006309599887,8.548598546367746,11.462015962071737,4.073629133563836
tuning,stumpjumper-front-pod-v2,interaction_beebbdd67580,74c63ed425df,interaction,11,6.181818181818182,8.636363636363637,0.7272727272727273,0.2727272727272727,0.5935185185185186,3.497680054280854,2.754821293305569,-1.1360413404746765,2.9685596892264643,-1.1360413404746768,4.875847562541013,7.772580408526664,3.6119125620101453
tuning,cohort-balanced,interaction_beebbdd67580,74c63ed425df,interaction,38,4.128787878787879,5.236471861471862,0.7056277056277056,0.29437229437229434,0.2446252490895348,5.552059008082364,3.0028366566581894,-3.356709327092645,7.278701667121568,-3.3567093270926445,9.547646327519992,12.378074648419716,5.2827566769908
tuning,harry,interaction_c32c8cf6d40b,cb699e648534,interaction,14,1.5714285714285714,3.7857142857142856,0.5,0.6428571428571429,0.0,10.266655709471939,-8.405317386800418,-9.28106085739248,13.269703303065137,-9.28106085739248,15.51629024503525,18.529793922307352,6.908763473265389
tuning,jamaal,interaction_c32c8cf6d40b,cb699e648534,interaction,6,2.0,12.5,0.8333333333333334,0.3333333333333333,0.1111111111111111,6.035377624171659,-12.841973347212297,-8.048856465064613,8.637750863906357,-8.048856465064615,11.120955469991246,13.826503794082504,6.536721539123828
tuning,stumpjumper-front-pod-v1,interaction_c32c8cf6d40b,cb699e648534,interaction,7,9.714285714285714,2.857142857142857,0.2857142857142857,0.7142857142857143,0.15454545454545454,6.155325938040602,2.4897185929743983,-6.287721783379004,11.668310300540503,-6.287721783379003,12.43942611552115,14.214307020270665,4.073629133563836
tuning,stumpjumper-front-pod-v2,interaction_c32c8cf6d40b,cb699e648534,interaction,11,8.909090909090908,9.636363636363637,0.6363636363636364,0.36363636363636365,0.5550901948928265,3.7776003933524933,4.491017493802791,1.1208774883729964,4.802514387501862,1.120877488372996,6.24091332843779,7.580300675869623,3.6119125620101453
tuning,cohort-balanced,interaction_c32c8cf6d40b,cb699e648534,interaction,38,5.548701298701298,7.194805194805195,0.5638528138528138,0.5135281385281386,0.20518669013734803,6.5587399162591735,-3.5666386618088817,-5.624190404365775,9.594569713753465,-5.624190404365775,11.32939628974636,13.537726353132536,5.2827566769908
tuning,harry,interaction_cbf9db5eb9fb,9d47fe8721b8,interaction,14,1.7857142857142858,3.2857142857142856,0.7142857142857143,0.42857142857142855,0.0,10.136715828526699,-12.453178155983181,-11.319937330751005,13.37461346489784,-11.319937330751003,15.73012977823268,19.111097423368744,6.908763473265389
tuning,jamaal,interaction_cbf9db5eb9fb,9d47fe8721b8,interaction,6,2.8333333333333335,11.833333333333334,0.8333333333333334,0.16666666666666666,0.08333333333333333,7.346828378701879,-12.132081445559573,-9.405990501274937,9.405990501274937,-9.405990501274937,11.88402814422331,14.020471458394729,6.536721539123828
tuning,stumpjumper-front-pod-v1,interaction_cbf9db5eb9fb,9d47fe8721b8,interaction,7,10.142857142857142,20.0,1.0,0.0,0.16289682539682543,6.102860331004111,-2.763672732991767,-3.6654531458992237,4.08817432727103,-3.665453145899222,6.197478205317393,8.651665897197013,4.073629133563836
tuning,stumpjumper-front-pod-v2,interaction_cbf9db5eb9fb,9d47fe8721b8,interaction,11,9.0,17.181818181818183,0.7272727272727273,0.2727272727272727,0.5572879970906287,3.645320532361783,0.9277614614817447,-2.0912564539822283,2.6674130049329516,-2.0912564539822287,4.733335500388526,8.052056266317765,3.6119125620101453
tuning,cohort-balanced,interaction_cbf9db5eb9fb,9d47fe8721b8,interaction,38,5.940476190476191,13.075216450216452,0.8187229437229437,0.21699134199134198,0.20087953895519686,6.807931267648617,-6.605292718263194,-6.620659357976849,7.384047824594189,-6.620659357976847,9.636242907040478,12.458822761319562,5.2827566769908
tuning,harry,interaction_ce4d8f072b99,939b8e5c19c7,interaction,14,0.21428571428571427,0.7857142857142857,0.21428571428571427,0.8571428571428571,0.0,8.435100429503498,-18.350151706223695,-11.171421914761437,13.459325900913083,-11.171421914761437,15.64086435080139,18.304782288668836,6.908763473265389
tuning,jamaal,interaction_ce4d8f072b99,939b8e5c19c7,interaction,6,0.16666666666666666,0.3333333333333333,0.16666666666666666,0.8333333333333334,0.0,7.832152954659534,14.112508997731027,0.17115492642527683,12.921642125361842,0.17115492642527683,14.589308460957964,14.171266210335139,6.536721539123828
tuning,stumpjumper-front-pod-v1,interaction_ce4d8f072b99,939b8e5c19c7,interaction,7,4.285714285714286,29.428571428571427,0.7142857142857143,0.2857142857142857,0.12857142857142856,6.648897185375175,-2.9427318786677716,-7.224623065878611,7.224623065878611,-7.2246230658786095,8.860954969462949,10.836123688637263,4.073629133563836
tuning,stumpjumper-front-pod-v2,interaction_ce4d8f072b99,939b8e5c19c7,interaction,11,2.272727272727273,10.181818181818182,0.6363636363636364,0.36363636363636365,0.6377551020408163,2.381400125950232,-0.014615946130403148,-3.721070385682016,3.7646900044500384,-3.7210703856820158,5.570669597442261,9.055143198676815,3.6119125620101453
tuning,cohort-balanced,interaction_ce4d8f072b99,939b8e5c19c7,interaction,38,1.7348484848484849,10.182359307359308,0.4329004329004329,0.58495670995671,0.19158163265306122,6.324387673872111,-1.7987476333227108,-5.486490109974197,9.342570274150894,-5.486490109974196,11.16544934466614,13.091828846579514,5.2827566769908
tuning,harry,interaction_cfe3946bb1b3,ba5e0db97cf3,interaction,14,0.07142857142857142,0.07142857142857142,0.07142857142857142,0.9285714285714286,0.0,4.85559523786722,-7.3903766693936035,-11.816593837289176,14.104497823440825,-11.816593837289178,16.021874775422727,18.739232543756447,6.908763473265389
tuning,jamaal,interaction_cfe3946bb1b3,ba5e0db97cf3,interaction,6,0.0,0.0,0.0,1.0,nan,nan,nan,-2.669670058015841,12.438647922235974,-2.669670058015841,14.177035463192867,14.48153551234829,6.536721539123828
tuning,stumpjumper-front-pod-v1,interaction_cfe3946bb1b3,ba5e0db97cf3,interaction,7,5.142857142857143,7.285714285714286,0.7142857142857143,0.2857142857142857,0.07142857142857142,6.3897178566188435,-0.19108861172021818,-4.985581710531014,6.86900704295932,-4.9855817105310125,8.57784279760588,10.485933846400597,4.073629133563836
tuning,stumpjumper-front-pod-v2,interaction_cfe3946bb1b3,ba5e0db97cf3,interaction,11,3.272727272727273,2.4545454545454546,0.5454545454545454,0.45454545454545453,0.444047619047619,4.093680646459391,0.8435594580531619,-3.3636975564371094,3.7128625742278576,-3.3636975564371094,5.533523593041237,8.93684432241477,3.6119125620101453
tuning,cohort-balanced,interaction_cfe3946bb1b3,ba5e0db97cf3,interaction,38,2.1217532467532467,2.4529220779220777,0.33279220779220775,0.6672077922077922,0.1718253968253968,5.112997913648485,-2.2459686076868866,-5.708885790568285,9.281253840715994,-5.708885790568285,11.07756915731568,13.160886556230027,5.2827566769908
tuning,harry,interaction_d11d2b134124,45945da767b3,interaction,14,0.21428571428571427,1.2142857142857142,0.21428571428571427,0.8571428571428571,0.0,8.435100429503498,-20.173582388207176,-11.804725126436894,14.09262911258854,-11.804725126436896,16.036149626053344,18.766130402898217,6.908763473265389
tuning,jamaal,interaction_d11d2b134124,45945da767b3,interaction,6,0.16666666666666666,1.3333333333333333,0.16666666666666666,0.8333333333333334,0.0,7.832152954659534,9.882811226411192,-0.10714908075211049,12.643338118184454,-0.10714908075211049,14.34701262297073,13.945924775140115,6.536721539123828
tuning,stumpjumper-front-pod-v1,interaction_d11d2b134124,45945da767b3,interaction,7,4.285714285714286,29.428571428571427,0.7142857142857143,0.2857142857142857,0.12857142857142856,6.648897185375175,-2.9427318786677716,-7.224623065878611,7.224623065878611,-7.2246230658786095,8.860954969462949,10.836123688637263,4.073629133563836
tuning,stumpjumper-front-pod-v2,interaction_d11d2b134124,45945da767b3,interaction,11,2.272727272727273,11.727272727272727,0.6363636363636364,0.36363636363636365,0.6377551020408163,2.381400125950232,-0.08871955827466138,-3.5727749116489353,3.6163945304169576,-3.572774911648935,5.481502876796724,8.937370498411866,3.6119125620101453
tuning,cohort-balanced,interaction_d11d2b134124,45945da767b3,interaction,38,1.7348484848484849,10.9258658008658,0.4329004329004329,0.58495670995671,0.19158163265306122,6.324387673872111,-3.3305556496846043,-5.6773180461791375,9.39424620676714,-5.6773180461791375,11.181405023820936,13.121387341271866,5.2827566769908
tuning,harry,interaction_d4496e650d7e,3da85f5c0e55,interaction,14,0.9285714285714286,3.2857142857142856,0.7142857142857143,0.42857142857142855,0.0,8.09852673027601,-12.453178155983181,-11.319937330751005,13.37461346489784,-11.319937330751003,15.73012977823268,19.111097423368744,6.908763473265389
tuning,jamaal,interaction_d4496e650d7e,3da85f5c0e55,interaction,6,2.3333333333333335,11.833333333333334,0.8333333333333334,0.16666666666666666,0.08333333333333333,6.254563766871172,-12.132081445559573,-9.405990501274937,9.405990501274937,-9.405990501274937,11.88402814422331,14.020471458394729,6.536721539123828
tuning,stumpjumper-front-pod-v1,interaction_d4496e650d7e,3da85f5c0e55,interaction,7,6.714285714285714,22.714285714285715,1.0,0.0,0.14444444444444443,5.666994710351425,-3.3648135052327026,-4.180288471270705,4.890562777339691,-4.180288471270704,6.620678845862015,8.824305043602658,4.073629133563836
tuning,stumpjumper-front-pod-v2,interaction_d4496e650d7e,3da85f5c0e55,interaction,11,5.090909090909091,17.545454545454547,0.7272727272727273,0.2727272727272727,0.7435515873015872,1.2984141570177528,0.576339022179722,-2.2793443358524685,2.875195942721659,-2.279344335852469,4.830987528053666,8.196336057065123,3.6119125620101453
tuning,cohort-balanced,interaction_d4496e650d7e,3da85f5c0e55,interaction,38,3.766774891774892,13.84469696969697,0.8187229437229437,0.21699134199134198,0.24283234126984124,5.32962484112909,-6.843433521148933,-6.796390159787278,7.636590671558532,-6.796390159787277,9.766456074092918,12.538052495607813,5.2827566769908
tuning,harry,interaction_d53f651c2ae5,f3648aa55ec2,interaction,14,0.07142857142857142,0.14285714285714285,0.07142857142857142,1.0,0.0,4.85559523786722,-33.297555199505425,-12.242303736487711,14.530207722639357,-12.242303736487713,16.419991467530846,19.12231586406346,6.908763473265389
tuning,jamaal,interaction_d53f651c2ae5,f3648aa55ec2,interaction,6,0.0,0.0,0.0,1.0,nan,nan,nan,-2.669670058015841,12.438647922235974,-2.669670058015841,14.177035463192867,14.48153551234829,6.536721539123828
tuning,stumpjumper-front-pod-v1,interaction_d53f651c2ae5,f3648aa55ec2,interaction,7,3.0,7.714285714285714,0.7142857142857143,0.2857142857142857,0.1,6.623575811365013,-0.28427091256898507,-5.3535315249431035,6.390831203786307,-5.353531524943102,8.254109840667967,10.097892805183648,4.073629133563836
tuning,stumpjumper-front-pod-v2,interaction_d53f651c2ae5,f3648aa55ec2,interaction,11,1.1818181818181819,2.909090909090909,0.5454545454545454,0.45454545454545453,0.5416666666666666,2.61731999638438,0.2728504796916423,-3.5279766661882017,3.8771416839789494,-3.5279766661882017,5.629885636361246,9.055966491061264,3.6119125620101453
tuning,cohort-balanced,interaction_d53f651c2ae5,f3648aa55ec2,interaction,38,1.0633116883116884,2.691558441558442,0.33279220779220775,0.685064935064935,0.21388888888888888,4.698830348538871,-11.102991877460923,-5.948370496408715,9.309207133160147,-5.948370496408715,11.120255601938231,13.189427668164164,5.2827566769908
tuning,harry,interaction_da5f99a00158,9fcf1d4db19f,interaction,14,0.42857142857142855,1.2142857142857142,0.21428571428571427,0.8571428571428571,0.0,13.719523607235036,-20.173582388207176,-11.804725126436894,14.09262911258854,-11.804725126436896,16.036149626053344,18.766130402898217,6.908763473265389
tuning,jamaal,interaction_da5f99a00158,9fcf1d4db19f,interaction,6,0.16666666666666666,1.3333333333333333,0.16666666666666666,0.8333333333333334,0.0,7.832152954659534,9.882811226411192,-0.10714908075211049,12.643338118184454,-0.10714908075211049,14.34701262297073,13.945924775140115,6.536721539123828
tuning,stumpjumper-front-pod-v1,interaction_da5f99a00158,9fcf1d4db19f,interaction,7,5.857142857142857,27.285714285714285,0.7142857142857143,0.2857142857142857,0.08730158730158731,6.404653748902584,-2.3207276688225136,-6.874792998977061,6.874792998977061,-6.874792998977059,8.632806849950745,10.601699789585535,4.073629133563836
tuning,stumpjumper-front-pod-v2,interaction_da5f99a00158,9fcf1d4db19f,interaction,11,4.636363636363637,11.818181818181818,0.6363636363636364,0.36363636363636365,0.4825091575091575,3.714348425736575,0.058557413805872774,-3.4782172364845647,3.5405057355499996,-3.478217236484564,5.469844632895798,8.907459489223214,3.6119125620101453
tuning,cohort-balanced,interaction_da5f99a00158,9fcf1d4db19f,interaction,38,2.7721861471861473,10.412878787878787,0.4329004329004329,0.58495670995671,0.1424526862026862,7.917669684133433,-3.138235354203156,-5.566221110662657,9.287816491325014,-5.566221110662657,11.121453432967655,13.05530361421177,5.2827566769908
tuning,harry,interaction_dbed90e001e4,804714c18866,interaction,14,0.35714285714285715,1.2142857142857142,0.21428571428571427,0.8571428571428571,0.0,13.746462245816947,-20.173582388207176,-11.804725126436894,14.09262911258854,-11.804725126436896,16.036149626053344,18.766130402898217,6.908763473265389
tuning,jamaal,interaction_dbed90e001e4,804714c18866,interaction,6,0.16666666666666666,1.3333333333333333,0.16666666666666666,0.8333333333333334,0.0,7.832152954659534,9.882811226411192,-0.10714908075211049,12.643338118184454,-0.10714908075211049,14.34701262297073,13.945924775140115,6.536721539123828
tuning,stumpjumper-front-pod-v1,interaction_dbed90e001e4,804714c18866,interaction,7,5.857142857142857,27.571428571428573,0.7142857142857143,0.2857142857142857,0.08730158730158731,6.403533278901777,-2.3524333915744675,-6.897439943799886,6.897439943799886,-6.897439943799883,8.653518043135621,10.620769490200118,4.073629133563836
tuning,stumpjumper-front-pod-v2,interaction_dbed90e001e4,804714c18866,interaction,11,4.545454545454546,11.818181818181818,0.6363636363636364,0.36363636363636365,0.4825091575091575,3.775320298624564,0.058557413805872774,-3.4782172364845647,3.5405057355499996,-3.478217236484564,5.469844632895798,8.907459489223214,3.6119125620101453
tuning,cohort-balanced,interaction_dbed90e001e4,804714c18866,interaction,38,2.7316017316017316,10.48430735930736,0.4329004329004329,0.58495670995671,0.1424526862026862,7.939367194500705,-3.1461617848911447,-5.571882846868363,9.29347822753072,-5.571882846868363,11.126631231263874,13.060071039365416,5.2827566769908
tuning,harry,interaction_dc6d96e53814,7deb480722cd,interaction,14,0.2857142857142857,0.14285714285714285,0.07142857142857142,1.0,0.0,10.489779394801161,-33.297555199505425,-12.242303736487711,14.530207722639357,-12.242303736487713,16.419991467530846,19.12231586406346,6.908763473265389
tuning,jamaal,interaction_dc6d96e53814,7deb480722cd,interaction,6,0.0,0.0,0.0,1.0,nan,nan,nan,-2.669670058015841,12.438647922235974,-2.669670058015841,14.177035463192867,14.48153551234829,6.536721539123828
tuning,stumpjumper-front-pod-v1,interaction_dc6d96e53814,7deb480722cd,interaction,7,5.142857142857143,4.571428571428571,0.7142857142857143,0.2857142857142857,0.07142857142857142,6.3897178566188435,-0.037752681212118944,-5.052925354991552,7.005151543262049,-5.05292535499155,8.781873201068292,10.590170349706158,4.073629133563836
tuning,stumpjumper-front-pod-v2,interaction_dc6d96e53814,7deb480722cd,interaction,11,3.272727272727273,2.5454545454545454,0.5454545454545454,0.45454545454545453,0.444047619047619,4.093680646459391,0.41804705932229425,-3.4739900259051435,3.8231550436958917,-3.4739900259051435,5.611632290484594,9.032882878692812,3.6119125620101453
tuning,cohort-balanced,interaction_dc6d96e53814,7deb480722cd,interaction,38,2.1753246753246755,1.814935064935065,0.33279220779220775,0.685064935064935,0.1718253968253968,6.9910592992931315,-10.972420273798415,-5.859722293850062,9.449290557958319,-5.859722293850062,11.24763310556915,13.306726151202678,5.2827566769908
tuning,harry,interaction_dfd8d1d1212d,f2574deed6e4,interaction,14,0.42857142857142855,1.2142857142857142,0.21428571428571427,0.8571428571428571,0.0,13.719523607235036,-20.173582388207176,-11.804725126436894,14.09262911258854,-11.804725126436896,16.036149626053344,18.766130402898217,6.908763473265389
tuning,jamaal,interaction_dfd8d1d1212d,f2574deed6e4,interaction,6,0.16666666666666666,1.3333333333333333,0.16666666666666666,0.8333333333333334,0.0,7.832152954659534,9.882811226411192,-0.10714908075211049,12.643338118184454,-0.10714908075211049,14.34701262297073,13.945924775140115,6.536721539123828
tuning,stumpjumper-front-pod-v1,interaction_dfd8d1d1212d,f2574deed6e4,interaction,7,5.857142857142857,27.285714285714285,0.7142857142857143,0.2857142857142857,0.08730158730158731,6.404653748902584,-2.3207276688225136,-6.874792998977061,6.874792998977061,-6.874792998977059,8.632806849950745,10.601699789585535,4.073629133563836
tuning,stumpjumper-front-pod-v2,interaction_dfd8d1d1212d,f2574deed6e4,interaction,11,4.636363636363637,11.818181818181818,0.6363636363636364,0.36363636363636365,0.4825091575091575,3.714348425736575,0.058557413805872774,-3.4782172364845647,3.5405057355499996,-3.478217236484564,5.469844632895798,8.907459489223214,3.6119125620101453
tuning,cohort-balanced,interaction_dfd8d1d1212d,f2574deed6e4,interaction,38,2.7721861471861473,10.412878787878787,0.4329004329004329,0.58495670995671,0.1424526862026862,7.917669684133433,-3.138235354203156,-5.566221110662657,9.287816491325014,-5.566221110662657,11.121453432967655,13.05530361421177,5.2827566769908
tuning,harry,interaction_e191057bb516,1b76fa6c9f1e,interaction,14,0.14285714285714285,0.14285714285714285,0.14285714285714285,0.8571428571428571,0.0,6.279030597811797,1.1764601495439706,-10.71977021892693,13.007674205078581,-10.719770218926934,15.383538352164532,17.95839737144061,6.908763473265389
tuning,jamaal,interaction_e191057bb516,1b76fa6c9f1e,interaction,6,0.0,0.0,0.0,1.0,nan,nan,nan,-2.669670058015841,12.438647922235974,-2.669670058015841,14.177035463192867,14.48153551234829,6.536721539123828
tuning,stumpjumper-front-pod-v1,interaction_e191057bb516,1b76fa6c9f1e,interaction,7,3.0,10.142857142857142,0.7142857142857143,0.2857142857142857,0.1,6.623575811365013,-1.0083431932517528,-5.506530508962059,6.420321141469882,-5.506530508962058,8.208274058892144,10.135724269408723,4.073629133563836
tuning,stumpjumper-front-pod-v2,interaction_e191057bb516,1b76fa6c9f1e,interaction,11,1.1818181818181819,2.8181818181818183,0.5454545454545454,0.45454545454545453,0.5416666666666666,2.61731999638438,0.6983628784225099,-3.417684196720167,3.7668492145109154,-3.417684196720167,5.5517769389178895,8.959927934783222,3.6119125620101453
tuning,cohort-balanced,interaction_e191057bb516,1b76fa6c9f1e,interaction,38,1.0811688311688312,3.2759740259740258,0.35064935064935066,0.6493506493506493,0.21388888888888888,5.17330880185373,0.2888266115715759,-5.578413745656249,8.908373120823837,-5.57841374565625,10.830156203291859,12.883896271995212,5.2827566769908
tuning,harry,interaction_e3448e77d7ee,2c4c1a0b4f90,interaction,14,0.42857142857142855,2.142857142857143,0.42857142857142855,0.7142857142857143,0.0,7.079774565532925,-11.444813081598205,-12.967110860581752,13.03010938720974,-12.967110860581753,15.492385876451944,18.978601622798866,6.908763473265389
tuning,jamaal,interaction_e3448e77d7ee,2c4c1a0b4f90,interaction,6,1.3333333333333333,7.166666666666667,0.6666666666666666,0.3333333333333333,0.25,5.4511339580948714,-5.305588541965879,-4.434593885204006,7.622671497840243,-4.434593885204005,10.322274074715365,12.821630652833933,6.536721539123828
tuning,stumpjumper-front-pod-v1,interaction_e3448e77d7ee,2c4c1a0b4f90,interaction,7,5.0,16.0,1.0,0.0,0.16071428571428573,5.453346522166037,-1.9538750717823246,-0.6698587795622954,6.107278940021691,-0.6698587795622937,7.846023116487991,10.816075590364273,4.073629133563836
tuning,stumpjumper-front-pod-v2,interaction_e3448e77d7ee,2c4c1a0b4f90,interaction,11,3.4545454545454546,12.727272727272727,0.7272727272727273,0.2727272727272727,0.8040178571428571,1.4401360994289343,2.3922785143985106,-1.0289658500122136,3.3074113989372664,-1.0289658500122139,5.1710752948333445,7.770778408807311,3.6119125620101453
tuning,cohort-balanced,interaction_e3448e77d7ee,2c4c1a0b4f90,interaction,38,2.554112554112554,9.509199134199134,0.7056277056277056,0.3300865800865801,0.3036830357142857,4.856097786305692,-4.077999545236974,-4.775132343840067,7.516867806002234,-4.775132343840066,9.70793959062216,12.596771568701095,5.2827566769908
tuning,harry,interaction_e39458b79df1,2cb034574aa7,interaction,14,0.21428571428571427,0.42857142857142855,0.14285714285714285,0.9285714285714286,0.0,8.435100429503498,-20.083863129138123,-12.201579002385484,14.48948298853713,-12.201579002385484,16.38541759973601,19.087563299349153,6.908763473265389
tuning,jamaal,interaction_e39458b79df1,2cb034574aa7,interaction,6,0.16666666666666666,1.0,0.16666666666666666,0.8333333333333334,0.0,7.832152954659534,7.210508867030953,-0.3880218716947296,12.362465327241836,-0.3880218716947296,14.116151773748312,13.74462208484129,6.536721539123828
tuning,stumpjumper-front-pod-v1,interaction_e39458b79df1,2cb034574aa7,interaction,7,4.285714285714286,0.0,0.0,1.0,0.12857142857142856,6.648897185375175,nan,-12.719530353398499,12.719530353398499,-12.719530353398499,13.391447922135082,13.842722284713115,4.073629133563836
tuning,stumpjumper-front-pod-v2,interaction_e39458b79df1,2cb034574aa7,interaction,11,2.272727272727273,0.8181818181818182,0.18181818181818182,0.8181818181818182,0.6377551020408163,2.381400125950232,14.691126161342389,0.40712060822600776,5.938766481095867,0.4071206082260071,7.262805407576488,8.727799748555277,3.6119125620101453
tuning,cohort-balanced,interaction_e39458b79df1,2cb034574aa7,interaction,38,1.7348484848484849,0.5616883116883117,0.12283549783549784,0.895021645021645,0.19158163265306122,6.324387673872111,0.6059239664117394,-6.225502654813176,11.377561287568334,-6.225502654813177,12.788955675798972,13.850676854364709,5.2827566769908
tuning,harry,interaction_e433c568880c,c8c5e2a5d9c3,interaction,14,0.14285714285714285,0.2857142857142857,0.14285714285714285,0.9285714285714286,0.0,6.279030597811797,-7.7727790659254765,-11.145480118125466,13.433384104277112,-11.145480118125468,15.781655044272652,18.341480691747623,6.908763473265389
tuning,jamaal,interaction_e433c568880c,c8c5e2a5d9c3,interaction,6,0.0,0.0,0.0,1.0,nan,nan,nan,-2.669670058015841,12.438647922235974,-2.669670058015841,14.177035463192867,14.48153551234829,6.536721539123828
tuning,stumpjumper-front-pod-v1,interaction_e433c568880c,c8c5e2a5d9c3,interaction,7,3.0,10.142857142857142,0.7142857142857143,0.2857142857142857,0.1,6.623575811365013,-1.0083431932517528,-5.506530508962059,6.420321141469882,-5.506530508962058,8.208274058892144,10.135724269408723,4.073629133563836
tuning,stumpjumper-front-pod-v2,interaction_e433c568880c,c8c5e2a5d9c3,interaction,11,1.1818181818181819,3.1818181818181817,0.5454545454545454,0.45454545454545453,0.5416666666666666,2.61731999638438,0.31363839512853886,-3.4496337793100023,3.79879879710075,-3.4496337793100023,5.573537908080323,8.987483068747363,3.6119125620101453
tuning,cohort-balanced,interaction_e433c568880c,c8c5e2a5d9c3,interaction,38,1.0811688311688312,3.4025974025974026,0.35064935064935066,0.6672077922077922,0.21388888888888888,5.17330880185373,-2.822494621349563,-5.692828616103342,9.02278799127093,-5.692828616103342,10.935125618609497,12.986555885563,5.2827566769908
tuning,harry,interaction_e63ec709c585,49214862b036,interaction,14,0.07142857142857142,0.07142857142857142,0.07142857142857142,0.9285714285714286,0.0,4.85559523786722,-7.3903766693936035,-11.816593837289176,14.104497823440825,-11.816593837289178,16.021874775422727,18.739232543756447,6.908763473265389
tuning,jamaal,interaction_e63ec709c585,49214862b036,interaction,6,0.0,0.0,0.0,1.0,nan,nan,nan,-2.669670058015841,12.438647922235974,-2.669670058015841,14.177035463192867,14.48153551234829,6.536721539123828
tuning,stumpjumper-front-pod-v1,interaction_e63ec709c585,49214862b036,interaction,7,3.0,10.142857142857142,0.7142857142857143,0.2857142857142857,0.1,6.623575811365013,-1.0083431932517528,-5.506530508962059,6.420321141469882,-5.506530508962058,8.208274058892144,10.135724269408723,4.073629133563836
tuning,stumpjumper-front-pod-v2,interaction_e63ec709c585,49214862b036,interaction,11,1.1818181818181819,2.8181818181818183,0.5454545454545454,0.45454545454545453,0.5416666666666666,2.61731999638438,0.6983628784225099,-3.417684196720167,3.7668492145109154,-3.417684196720167,5.5517769389178895,8.959927934783222,3.6119125620101453
tuning,cohort-balanced,interaction_e63ec709c585,49214862b036,interaction,38,1.0633116883116884,3.258116883116883,0.33279220779220775,0.6672077922077922,0.21388888888888888,4.698830348538871,-2.566785661407615,-5.852619650246811,9.182579025414398,-5.852619650246811,10.989740309106407,13.07910506507417,5.2827566769908
tuning,harry,interaction_e68d15bdc63f,8d25332968e4,interaction,14,0.14285714285714285,0.14285714285714285,0.07142857142857142,1.0,0.0,6.279030597811797,-33.297555199505425,-12.242303736487711,14.530207722639357,-12.242303736487713,16.419991467530846,19.12231586406346,6.908763473265389
tuning,jamaal,interaction_e68d15bdc63f,8d25332968e4,interaction,6,0.0,0.0,0.0,1.0,nan,nan,nan,-2.669670058015841,12.438647922235974,-2.669670058015841,14.177035463192867,14.48153551234829,6.536721539123828
tuning,stumpjumper-front-pod-v1,interaction_e68d15bdc63f,8d25332968e4,interaction,7,3.0,0.0,0.0,1.0,0.1,6.623575811365013,nan,-12.719530353398499,12.719530353398499,-12.719530353398499,13.391447922135082,13.842722284713115,4.073629133563836
tuning,stumpjumper-front-pod-v2,interaction_e68d15bdc63f,8d25332968e4,interaction,11,1.1818181818181819,0.36363636363636365,0.09090909090909091,0.9090909090909091,0.5416666666666666,2.61731999638438,21.278549233485947,-0.756512535115203,5.696327227919252,-0.756512535115204,7.030749525105927,8.815992412576758,3.6119125620101453
tuning,cohort-balanced,interaction_e68d15bdc63f,8d25332968e4,interaction,38,1.0811688311688312,0.12662337662337664,0.040584415584415584,0.9772727272727273,0.21388888888888888,5.17330880185373,-6.009502983009739,-7.097004170754313,11.346178306548271,-7.097004170754314,12.754806094491181,14.065641518425405,5.2827566769908
tuning,harry,interaction_e75371008739,fc6b7ef41cf2,interaction,14,0.2857142857142857,0.14285714285714285,0.07142857142857142,1.0,0.0,10.489779394801161,-33.297555199505425,-12.242303736487711,14.530207722639357,-12.242303736487713,16.419991467530846,19.12231586406346,6.908763473265389
tuning,jamaal,interaction_e75371008739,fc6b7ef41cf2,interaction,6,0.0,0.0,0.0,1.0,nan,nan,nan,-2.669670058015841,12.438647922235974,-2.669670058015841,14.177035463192867,14.48153551234829,6.536721539123828
tuning,stumpjumper-front-pod-v1,interaction_e75371008739,fc6b7ef41cf2,interaction,7,5.142857142857143,0.0,0.0,1.0,0.07142857142857142,6.3897178566188435,nan,-12.719530353398499,12.719530353398499,-12.719530353398499,13.391447922135082,13.842722284713115,4.073629133563836
tuning,stumpjumper-front-pod-v2,interaction_e75371008739,fc6b7ef41cf2,interaction,11,3.272727272727273,0.36363636363636365,0.09090909090909091,0.9090909090909091,0.444047619047619,4.093680646459391,21.278549233485947,-0.756512535115203,5.696327227919252,-0.756512535115204,7.030749525105927,8.815992412576758,3.6119125620101453
tuning,cohort-balanced,interaction_e75371008739,fc6b7ef41cf2,interaction,38,2.1753246753246755,0.12662337662337664,0.040584415584415584,0.9772727272727273,0.1718253968253968,6.9910592992931315,-6.009502983009739,-7.097004170754313,11.346178306548271,-7.097004170754314,12.754806094491181,14.065641518425405,5.2827566769908
tuning,harry,interaction_e7d1e470ae28,d30a244d43fb,interaction,14,0.42857142857142855,1.4285714285714286,0.42857142857142855,0.7142857142857143,0.0,7.079774565532925,-14.47614365958344,-13.45669484353981,13.464883244694581,-13.45669484353981,15.720004314795613,19.299436144999195,6.908763473265389
tuning,jamaal,interaction_e7d1e470ae28,d30a244d43fb,interaction,6,1.3333333333333333,3.8333333333333335,0.6666666666666666,0.3333333333333333,0.25,5.4511339580948714,-6.842644886398226,-4.87945300638757,9.08871638798122,-4.879453006387569,11.435422608656728,13.988509348288874,6.536721539123828
tuning,stumpjumper-front-pod-v1,interaction_e7d1e470ae28,d30a244d43fb,interaction,7,5.0,1.2857142857142858,0.2857142857142857,0.7142857142857143,0.16071428571428573,5.453346522166037,4.482229560429403,-5.429295558201375,12.526736525718134,-5.429295558201373,13.229945328489618,14.983218772886847,4.073629133563836
tuning,stumpjumper-front-pod-v2,interaction_e7d1e470ae28,d30a244d43fb,interaction,11,3.4545454545454546,3.0,0.45454545454545453,0.5454545454545454,0.8040178571428571,1.4401360994289343,9.168281697823613,2.2899600352233582,7.5027904321486885,2.289960035223358,8.691187169712384,9.88272270302301,3.6119125620101453
tuning,cohort-balanced,interaction_e7d1e470ae28,d30a244d43fb,interaction,38,2.554112554112554,2.386904761904762,0.4588744588744589,0.5768398268398268,0.3036830357142857,4.856097786305692,-1.9170693219321633,-5.3688708432263486,10.645781647635655,-5.3688708432263486,12.269139855413586,14.538471742299482,5.2827566769908
tuning,harry,interaction_e8fc68d541f4,36e40e217266,interaction,14,0.21428571428571427,0.42857142857142855,0.14285714285714285,0.9285714285714286,0.0,8.435100429503498,-20.083863129138123,-12.201579002385484,14.48948298853713,-12.201579002385484,16.38541759973601,19.087563299349153,6.908763473265389
tuning,jamaal,interaction_e8fc68d541f4,36e40e217266,interaction,6,0.16666666666666666,1.0,0.16666666666666666,0.8333333333333334,0.0,7.832152954659534,7.210508867030953,-0.3880218716947296,12.362465327241836,-0.3880218716947296,14.116151773748312,13.74462208484129,6.536721539123828
tuning,stumpjumper-front-pod-v1,interaction_e8fc68d541f4,36e40e217266,interaction,7,4.285714285714286,0.0,0.0,1.0,0.12857142857142856,6.648897185375175,nan,-12.719530353398499,12.719530353398499,-12.719530353398499,13.391447922135082,13.842722284713115,4.073629133563836
tuning,stumpjumper-front-pod-v2,interaction_e8fc68d541f4,36e40e217266,interaction,11,2.272727272727273,0.8181818181818182,0.18181818181818182,0.8181818181818182,0.6377551020408163,2.381400125950232,14.691126161342389,0.40712060822600776,5.938766481095867,0.4071206082260071,7.262805407576488,8.727799748555277,3.6119125620101453
tuning,cohort-balanced,interaction_e8fc68d541f4,36e40e217266,interaction,38,1.7348484848484849,0.5616883116883117,0.12283549783549784,0.895021645021645,0.19158163265306122,6.324387673872111,0.6059239664117394,-6.225502654813176,11.377561287568334,-6.225502654813177,12.788955675798972,13.850676854364709,5.2827566769908
tuning,harry,interaction_ebd1d585d4e6,5a37afca0998,interaction,14,0.8571428571428571,2.642857142857143,0.7142857142857143,0.35714285714285715,0.0,8.248934190980036,-5.115096954906699,-9.76287000798067,14.67717096790238,-9.762870007980668,16.617786401671157,19.837611067098788,6.908763473265389
tuning,jamaal,interaction_ebd1d585d4e6,5a37afca0998,interaction,6,2.0,5.166666666666667,1.0,0.0,0.1111111111111111,6.035377624171659,1.827441909041087,2.807293596075065,6.496910541877746,2.8072935960750645,9.592734111349655,10.791705817464178,6.536721539123828
tuning,stumpjumper-front-pod-v1,interaction_ebd1d585d4e6,5a37afca0998,interaction,7,6.714285714285714,34.0,1.0,0.0,0.14444444444444443,5.666994710351425,-4.756202898139235,-5.745324094028106,5.982809353667619,-5.7453240940281045,7.502314381699768,9.704034763641001,4.073629133563836
tuning,stumpjumper-front-pod-v2,interaction_ebd1d585d4e6,5a37afca0998,interaction,11,5.090909090909091,23.545454545454547,0.7272727272727273,0.2727272727272727,0.7435515873015872,1.2984141570177528,-0.026131774642280448,-2.726534371552518,3.6136371612887603,-2.726534371552519,5.235610671667062,8.586192480115688,3.6119125620101453
tuning,cohort-balanced,interaction_ebd1d585d4e6,5a37afca0998,interaction,38,3.6655844155844157,16.33874458874459,0.8603896103896105,0.15746753246753248,0.2497767857142857,5.312430170630218,-2.017497429661782,-3.8568587193715573,7.692632006184127,-3.856858719371557,9.73711139159691,12.229886032079914,5.2827566769908
tuning,harry,interaction_ed2f62369a1a,3b6196765107,interaction,14,1.5714285714285714,3.5,0.7142857142857143,0.42857142857142855,0.0,10.266655709471939,-11.965777597346284,-11.063014886947101,13.631535908701744,-11.0630148869471,15.858123996481822,19.096030960288026,6.908763473265389
tuning,jamaal,interaction_ed2f62369a1a,3b6196765107,interaction,6,2.0,11.666666666666666,0.8333333333333334,0.16666666666666666,0.1111111111111111,6.035377624171659,-12.037928973418039,-9.42305396368594,9.42305396368594,-9.42305396368594,11.89903151042462,14.032226808890812,6.536721539123828
tuning,stumpjumper-front-pod-v1,interaction_ed2f62369a1a,3b6196765107,interaction,7,9.714285714285714,19.142857142857142,1.0,0.0,0.15454545454545454,6.155325938040602,-3.0426261230072122,-4.039477861995158,4.508474325598072,-4.039477861995157,6.395531007730921,8.643719434096953,4.073629133563836
tuning,stumpjumper-front-pod-v2,interaction_ed2f62369a1a,3b6196765107,interaction,11,8.909090909090908,17.454545454545453,0.7272727272727273,0.2727272727272727,0.5550901948928265,3.7776003933524933,0.9914059719952428,-2.012469680400753,2.7559176693412937,-2.0124696804007534,4.7857024059538,8.068967873639775,3.6119125620101453
tuning,cohort-balanced,interaction_ed2f62369a1a,3b6196765107,interaction,38,5.548701298701298,12.941017316017316,0.8187229437229437,0.21699134199134198,0.20518669013734803,6.5587399162591735,-6.5137316804440735,-6.634504098257238,7.5797454668317625,-6.634504098257237,9.734597230147791,12.46023626922889,5.2827566769908
tuning,harry,interaction_ed81104ea2b3,cf7a99a40359,interaction,14,0.21428571428571427,0.7857142857142857,0.21428571428571427,0.8571428571428571,0.0,8.435100429503498,-18.350151706223695,-11.171421914761437,13.459325900913083,-11.171421914761437,15.64086435080139,18.304782288668836,6.908763473265389
tuning,jamaal,interaction_ed81104ea2b3,cf7a99a40359,interaction,6,0.16666666666666666,0.3333333333333333,0.16666666666666666,0.8333333333333334,0.0,7.832152954659534,14.112508997731027,0.17115492642527683,12.921642125361842,0.17115492642527683,14.589308460957964,14.171266210335139,6.536721539123828
tuning,stumpjumper-front-pod-v1,interaction_ed81104ea2b3,cf7a99a40359,interaction,7,4.285714285714286,29.428571428571427,0.7142857142857143,0.2857142857142857,0.12857142857142856,6.648897185375175,-2.9427318786677716,-7.224623065878611,7.224623065878611,-7.2246230658786095,8.860954969462949,10.836123688637263,4.073629133563836
tuning,stumpjumper-front-pod-v2,interaction_ed81104ea2b3,cf7a99a40359,interaction,11,2.272727272727273,10.181818181818182,0.6363636363636364,0.36363636363636365,0.6377551020408163,2.381400125950232,-0.014615946130403148,-3.721070385682016,3.7646900044500384,-3.7210703856820158,5.570669597442261,9.055143198676815,3.6119125620101453
tuning,cohort-balanced,interaction_ed81104ea2b3,cf7a99a40359,interaction,38,1.7348484848484849,10.182359307359308,0.4329004329004329,0.58495670995671,0.19158163265306122,6.324387673872111,-1.7987476333227108,-5.486490109974197,9.342570274150894,-5.486490109974196,11.16544934466614,13.091828846579514,5.2827566769908
tuning,harry,interaction_eefaafb1f048,0c80d89804d3,interaction,14,0.5,1.0,0.35714285714285715,0.7142857142857143,0.0,7.160195894654841,-9.43849354573582,-12.80132398519586,13.498109843476312,-12.80132398519586,15.705179912777938,19.422669812088934,6.908763473265389
tuning,jamaal,interaction_eefaafb1f048,0c80d89804d3,interaction,6,1.5,3.0,0.6666666666666666,0.3333333333333333,0.2,5.927310032267485,-8.83419376677525,-5.643535407701612,8.495043794267213,-5.643535407701612,11.255525751143127,13.799198928307092,6.536721539123828
tuning,stumpjumper-front-pod-v1,interaction_eefaafb1f048,0c80d89804d3,interaction,7,5.0,11.714285714285714,1.0,0.0,0.16071428571428573,5.453346522166037,-0.3406127453250442,0.4762166095642719,5.88909678024433,0.4762166095642742,7.712622826872549,10.769373786979807,4.073629133563836
tuning,stumpjumper-front-pod-v2,interaction_eefaafb1f048,0c80d89804d3,interaction,11,3.5454545454545454,8.454545454545455,0.7272727272727273,0.2727272727272727,0.8040178571428571,1.4466528723104002,1.7504378609143583,-1.7030684100322995,2.504348012831824,-1.7030684100323001,4.737335786930328,7.874568368856433,3.6119125620101453
tuning,cohort-balanced,interaction_eefaafb1f048,0c80d89804d3,interaction,38,2.6363636363636362,6.042207792207792,0.6877705627705628,0.3300865800865801,0.2911830357142857,4.996876330349691,-4.215715549230438,-4.917927798341374,7.5966496077049195,-4.917927798341374,9.852666069430986,12.966452724058065,5.2827566769908
tuning,harry,interaction_f02c771cdb2b,d112cdb7d8d9,interaction,14,0.7142857142857143,1.1428571428571428,0.35714285714285715,0.7857142857142857,0.0,8.856967633189957,-16.053901892824012,-13.51762090374134,13.525809304896113,-13.51762090374134,15.771594704746466,19.351335723428623,6.908763473265389
tuning,jamaal,interaction_f02c771cdb2b,d112cdb7d8d9,interaction,6,1.8333333333333333,4.0,0.8333333333333334,0.16666666666666666,0.08333333333333333,6.247712686683985,-2.887284321395802,-2.116115275588195,9.494223337465344,-2.1161152755881947,11.779189126989477,13.613600604620915,6.536721539123828
tuning,stumpjumper-front-pod-v1,interaction_f02c771cdb2b,d112cdb7d8d9,interaction,7,8.571428571428571,1.2857142857142858,0.2857142857142857,0.7142857142857143,0.1349824778396207,6.179645562111028,4.482229560429403,-5.429295558201375,12.526736525718134,-5.429295558201373,13.229945328489618,14.983218772886847,4.073629133563836
tuning,stumpjumper-front-pod-v2,interaction_f02c771cdb2b,d112cdb7d8d9,interaction,11,6.363636363636363,3.0,0.45454545454545453,0.5454545454545454,0.5935185185185186,3.497680054280854,9.168281697823613,2.2899600352233582,7.5027904321486885,2.289960035223358,8.691187169712384,9.88272270302301,3.6119125620101453
tuning,cohort-balanced,interaction_f02c771cdb2b,d112cdb7d8d9,interaction,38,4.370670995670995,2.3571428571428568,0.4826839826839827,0.553030303030303,0.20295858242286813,6.1955014840664555,-1.3226687389917,-4.693267925576888,10.76238990005707,-4.693267925576887,12.367979082484487,14.457719450989849,5.2827566769908
tuning,harry,interaction_f0977d21da0b,b977956c9721,interaction,14,0.42857142857142855,1.4285714285714286,0.42857142857142855,0.7142857142857143,0.0,7.079774565532925,-14.47614365958344,-13.45669484353981,13.464883244694581,-13.45669484353981,15.720004314795613,19.299436144999195,6.908763473265389
tuning,jamaal,interaction_f0977d21da0b,b977956c9721,interaction,6,1.3333333333333333,3.8333333333333335,0.6666666666666666,0.3333333333333333,0.25,5.4511339580948714,-6.842644886398226,-4.87945300638757,9.08871638798122,-4.879453006387569,11.435422608656728,13.988509348288874,6.536721539123828
tuning,stumpjumper-front-pod-v1,interaction_f0977d21da0b,b977956c9721,interaction,7,5.0,1.2857142857142858,0.2857142857142857,0.7142857142857143,0.16071428571428573,5.453346522166037,4.482229560429403,-5.429295558201375,12.526736525718134,-5.429295558201373,13.229945328489618,14.983218772886847,4.073629133563836
tuning,stumpjumper-front-pod-v2,interaction_f0977d21da0b,b977956c9721,interaction,11,3.4545454545454546,3.0,0.45454545454545453,0.5454545454545454,0.8040178571428571,1.4401360994289343,9.168281697823613,2.2899600352233582,7.5027904321486885,2.289960035223358,8.691187169712384,9.88272270302301,3.6119125620101453
tuning,cohort-balanced,interaction_f0977d21da0b,b977956c9721,interaction,38,2.554112554112554,2.386904761904762,0.4588744588744589,0.5768398268398268,0.3036830357142857,4.856097786305692,-1.9170693219321633,-5.3688708432263486,10.645781647635655,-5.3688708432263486,12.269139855413586,14.538471742299482,5.2827566769908
tuning,harry,interaction_f2b4d013bff3,689446ba5cf9,interaction,14,0.42857142857142855,0.6428571428571429,0.42857142857142855,0.5714285714285714,0.0,7.079774565532925,3.5543992249580825,-10.872989504354123,13.092781705361679,-10.872989504354123,15.329298189577301,18.66827231460897,6.908763473265389
tuning,jamaal,interaction_f2b4d013bff3,689446ba5cf9,interaction,6,1.3333333333333333,1.6666666666666667,0.6666666666666666,0.3333333333333333,0.25,5.4511339580948714,2.4246483290383445,-1.2672764004457793,6.1425362914144435,-1.2672764004457786,9.436841011593904,11.609429908471492,6.536721539123828
tuning,stumpjumper-front-pod-v1,interaction_f2b4d013bff3,689446ba5cf9,interaction,7,5.0,14.571428571428571,1.0,0.0,0.16071428571428573,5.453346522166037,2.239311221318116,-0.3321535473049444,6.4449841722790415,-0.3321535473049421,8.183557151804655,11.144222508238093,4.073629133563836
tuning,stumpjumper-front-pod-v2,interaction_f2b4d013bff3,689446ba5cf9,interaction,11,3.4545454545454546,9.545454545454545,0.7272727272727273,0.2727272727272727,0.8040178571428571,1.4401360994289343,2.055959210527793,-1.461817437696603,2.7781095418947035,-1.4618174376966033,4.814957614697291,7.909604831556016,3.6119125620101453
tuning,cohort-balanced,interaction_f2b4d013bff3,689446ba5cf9,interaction,38,2.554112554112554,6.606601731601732,0.7056277056277056,0.29437229437229434,0.3036830357142857,4.856097786305692,2.5685794964605844,-3.483559222450362,7.114602927737467,-3.4835592224503618,9.441163491918289,12.332882390718643,5.2827566769908
tuning,harry,interaction_f3cf6b0da3dd,1efddbbb39dd,interaction,14,0.21428571428571427,0.42857142857142855,0.14285714285714285,0.9285714285714286,0.0,8.435100429503498,-20.083863129138123,-12.201579002385484,14.48948298853713,-12.201579002385484,16.38541759973601,19.087563299349153,6.908763473265389
tuning,jamaal,interaction_f3cf6b0da3dd,1efddbbb39dd,interaction,6,0.16666666666666666,1.0,0.16666666666666666,0.8333333333333334,0.0,7.832152954659534,7.210508867030953,-0.3880218716947296,12.362465327241836,-0.3880218716947296,14.116151773748312,13.74462208484129,6.536721539123828
tuning,stumpjumper-front-pod-v1,interaction_f3cf6b0da3dd,1efddbbb39dd,interaction,7,4.285714285714286,0.0,0.0,1.0,0.12857142857142856,6.648897185375175,nan,-12.719530353398499,12.719530353398499,-12.719530353398499,13.391447922135082,13.842722284713115,4.073629133563836
tuning,stumpjumper-front-pod-v2,interaction_f3cf6b0da3dd,1efddbbb39dd,interaction,11,2.272727272727273,0.8181818181818182,0.18181818181818182,0.8181818181818182,0.6377551020408163,2.381400125950232,14.691126161342389,0.40712060822600776,5.938766481095867,0.4071206082260071,7.262805407576488,8.727799748555277,3.6119125620101453
tuning,cohort-balanced,interaction_f3cf6b0da3dd,1efddbbb39dd,interaction,38,1.7348484848484849,0.5616883116883117,0.12283549783549784,0.895021645021645,0.19158163265306122,6.324387673872111,0.6059239664117394,-6.225502654813176,11.377561287568334,-6.225502654813177,12.788955675798972,13.850676854364709,5.2827566769908
tuning,harry,interaction_f660cb2740cd,0fb2598689d3,interaction,14,0.7142857142857143,1.8571428571428572,0.42857142857142855,0.7142857142857143,0.0,8.856967633189957,-8.000013202749619,-11.556169846575193,12.665996975415737,-11.556169846575196,15.235600919130858,18.2865439966954,6.908763473265389
tuning,jamaal,interaction_f660cb2740cd,0fb2598689d3,interaction,6,1.8333333333333333,7.666666666666667,0.8333333333333334,0.16666666666666666,0.08333333333333333,6.247712686683985,-1.4736044350316746,-1.6134081434120906,8.086026458316907,-1.6134081434120906,10.717117070096686,12.494859974079574,6.536721539123828
tuning,stumpjumper-front-pod-v1,interaction_f660cb2740cd,0fb2598689d3,interaction,7,8.571428571428571,9.857142857142858,1.0,0.0,0.1349824778396207,6.179645562111028,-0.39699074066485146,-0.729531086746958,6.853847256921658,-0.729531086746956,8.245154421831916,10.900522205396188,4.073629133563836
tuning,stumpjumper-front-pod-v2,interaction_f660cb2740cd,0fb2598689d3,interaction,11,6.363636363636363,11.909090909090908,0.7272727272727273,0.2727272727272727,0.5935185185185186,3.497680054280854,2.592578193874676,-0.8659012518671464,3.4369282404261643,-0.8659012518671467,5.212491212950088,7.675364484556059,3.6119125620101453
tuning,cohort-balanced,interaction_f660cb2740cd,0fb2598689d3,interaction,38,4.370670995670995,7.8225108225108215,0.7472943722943723,0.2884199134199134,0.20295858242286813,6.1955014840664555,-1.8195075461428671,-3.691252582150347,7.760699732770117,-3.6912525821503475,9.852590906002387,12.339322665181804,5.2827566769908
tuning,harry,interaction_f836e7599d4e,28cbd257ce90,interaction,14,0.07142857142857142,0.21428571428571427,0.07142857142857142,1.0,0.0,4.85559523786722,-25.288855100332498,-12.242303736487711,14.530207722639357,-12.242303736487713,16.419991467530846,19.12231586406346,6.908763473265389
tuning,jamaal,interaction_f836e7599d4e,28cbd257ce90,interaction,6,0.0,0.0,0.0,1.0,nan,nan,nan,-2.669670058015841,12.438647922235974,-2.669670058015841,14.177035463192867,14.48153551234829,6.536721539123828
tuning,stumpjumper-front-pod-v1,interaction_f836e7599d4e,28cbd257ce90,interaction,7,3.0,10.142857142857142,0.7142857142857143,0.2857142857142857,0.1,6.623575811365013,-1.0083431932517528,-5.506530508962059,6.420321141469882,-5.506530508962058,8.208274058892144,10.135724269408723,4.073629133563836
tuning,stumpjumper-front-pod-v2,interaction_f836e7599d4e,28cbd257ce90,interaction,11,1.1818181818181819,3.1818181818181817,0.5454545454545454,0.45454545454545453,0.5416666666666666,2.61731999638438,0.31363839512853886,-3.4496337793100023,3.79879879710075,-3.4496337793100023,5.573537908080323,8.987483068747363,3.6119125620101453
tuning,cohort-balanced,interaction_f836e7599d4e,28cbd257ce90,interaction,38,1.0633116883116884,3.3847402597402594,0.33279220779220775,0.685064935064935,0.21388888888888888,4.698830348538871,-8.661186632818572,-5.967034520693903,9.296993895861492,-5.967034520693903,11.094709724424046,13.181764678641958,5.2827566769908
tuning,harry,interaction_f9e2ad3ae810,e071844bf169,interaction,14,0.7142857142857143,1.1428571428571428,0.35714285714285715,0.7857142857142857,0.0,8.856967633189957,-16.053901892824012,-13.51762090374134,13.525809304896113,-13.51762090374134,15.771594704746466,19.351335723428623,6.908763473265389
tuning,jamaal,interaction_f9e2ad3ae810,e071844bf169,interaction,6,1.8333333333333333,4.0,0.8333333333333334,0.16666666666666666,0.08333333333333333,6.247712686683985,-2.887284321395802,-2.116115275588195,9.494223337465344,-2.1161152755881947,11.779189126989477,13.613600604620915,6.536721539123828
tuning,stumpjumper-front-pod-v1,interaction_f9e2ad3ae810,e071844bf169,interaction,7,8.571428571428571,1.2857142857142858,0.2857142857142857,0.7142857142857143,0.1349824778396207,6.179645562111028,4.482229560429403,-5.429295558201375,12.526736525718134,-5.429295558201373,13.229945328489618,14.983218772886847,4.073629133563836
tuning,stumpjumper-front-pod-v2,interaction_f9e2ad3ae810,e071844bf169,interaction,11,6.363636363636363,3.0,0.45454545454545453,0.5454545454545454,0.5935185185185186,3.497680054280854,9.168281697823613,2.2899600352233582,7.5027904321486885,2.289960035223358,8.691187169712384,9.88272270302301,3.6119125620101453
tuning,cohort-balanced,interaction_f9e2ad3ae810,e071844bf169,interaction,38,4.370670995670995,2.3571428571428568,0.4826839826839827,0.553030303030303,0.20295858242286813,6.1955014840664555,-1.3226687389917,-4.693267925576888,10.76238990005707,-4.693267925576887,12.367979082484487,14.457719450989849,5.2827566769908
tuning,harry,interaction_fa639564a78c,95c6aeb3fb86,interaction,14,1.5714285714285714,2.642857142857143,0.7142857142857143,0.35714285714285715,0.0,10.266655709471939,-5.115096954906699,-9.76287000798067,14.67717096790238,-9.762870007980668,16.617786401671157,19.837611067098788,6.908763473265389
tuning,jamaal,interaction_fa639564a78c,95c6aeb3fb86,interaction,6,2.0,5.166666666666667,1.0,0.0,0.1111111111111111,6.035377624171659,1.827441909041087,2.807293596075065,6.496910541877746,2.8072935960750645,9.592734111349655,10.791705817464178,6.536721539123828
tuning,stumpjumper-front-pod-v1,interaction_fa639564a78c,95c6aeb3fb86,interaction,7,9.714285714285714,30.714285714285715,1.0,0.0,0.15454545454545454,6.155325938040602,-3.942450667228821,-5.171908555342014,5.171908555342014,-5.171908555342013,7.0870518488094785,9.597459188182174,4.073629133563836
tuning,stumpjumper-front-pod-v2,interaction_fa639564a78c,95c6aeb3fb86,interaction,11,8.909090909090908,23.181818181818183,0.7272727272727273,0.2727272727272727,0.5550901948928265,3.7776003933524933,0.353823550785048,-2.5611819457108638,3.448284735447106,-2.561181945710864,5.164147617565576,8.465242238622347,3.6119125620101453
tuning,cohort-balanced,interaction_fa639564a78c,95c6aeb3fb86,interaction,38,5.548701298701298,15.426406926406926,0.8603896103896105,0.15746753246753248,0.20518669013734803,6.5587399162591735,-1.7190705405773463,-3.672166728239621,7.448568700142312,-3.6721667282396204,9.615429994848967,12.173004577841871,5.2827566769908
tuning,harry,interaction_fc553a4b45c2,8aeb9baeb1f4,interaction,14,0.21428571428571427,1.2142857142857142,0.21428571428571427,0.8571428571428571,0.0,8.435100429503498,-20.173582388207176,-11.804725126436894,14.09262911258854,-11.804725126436896,16.036149626053344,18.766130402898217,6.908763473265389
tuning,jamaal,interaction_fc553a4b45c2,8aeb9baeb1f4,interaction,6,0.16666666666666666,1.3333333333333333,0.16666666666666666,0.8333333333333334,0.0,7.832152954659534,9.882811226411192,-0.10714908075211049,12.643338118184454,-0.10714908075211049,14.34701262297073,13.945924775140115,6.536721539123828
tuning,stumpjumper-front-pod-v1,interaction_fc553a4b45c2,8aeb9baeb1f4,interaction,7,4.285714285714286,29.428571428571427,0.7142857142857143,0.2857142857142857,0.12857142857142856,6.648897185375175,-2.9427318786677716,-7.224623065878611,7.224623065878611,-7.2246230658786095,8.860954969462949,10.836123688637263,4.073629133563836
tuning,stumpjumper-front-pod-v2,interaction_fc553a4b45c2,8aeb9baeb1f4,interaction,11,2.272727272727273,11.727272727272727,0.6363636363636364,0.36363636363636365,0.6377551020408163,2.381400125950232,-0.08871955827466138,-3.5727749116489353,3.6163945304169576,-3.572774911648935,5.481502876796724,8.937370498411866,3.6119125620101453
tuning,cohort-balanced,interaction_fc553a4b45c2,8aeb9baeb1f4,interaction,38,1.7348484848484849,10.9258658008658,0.4329004329004329,0.58495670995671,0.19158163265306122,6.324387673872111,-3.3305556496846043,-5.6773180461791375,9.39424620676714,-5.6773180461791375,11.181405023820936,13.121387341271866,5.2827566769908
tuning,harry,interaction_fcb33b86442b,baee69219e80,interaction,14,1.5714285714285714,3.7857142857142856,0.5,0.6428571428571429,0.0,10.266655709471939,-8.405317386800418,-9.28106085739248,13.269703303065137,-9.28106085739248,15.51629024503525,18.529793922307352,6.908763473265389
tuning,jamaal,interaction_fcb33b86442b,baee69219e80,interaction,6,2.0,12.5,0.8333333333333334,0.3333333333333333,0.1111111111111111,6.035377624171659,-12.841973347212297,-8.048856465064613,8.637750863906357,-8.048856465064615,11.120955469991246,13.826503794082504,6.536721539123828
tuning,stumpjumper-front-pod-v1,interaction_fcb33b86442b,baee69219e80,interaction,7,9.714285714285714,2.857142857142857,0.2857142857142857,0.7142857142857143,0.15454545454545454,6.155325938040602,2.4897185929743983,-6.287721783379004,11.668310300540503,-6.287721783379003,12.43942611552115,14.214307020270665,4.073629133563836
tuning,stumpjumper-front-pod-v2,interaction_fcb33b86442b,baee69219e80,interaction,11,8.909090909090908,9.636363636363637,0.6363636363636364,0.36363636363636365,0.5550901948928265,3.7776003933524933,4.491017493802791,1.1208774883729964,4.802514387501862,1.120877488372996,6.24091332843779,7.580300675869623,3.6119125620101453
tuning,cohort-balanced,interaction_fcb33b86442b,baee69219e80,interaction,38,5.548701298701298,7.194805194805195,0.5638528138528138,0.5135281385281386,0.20518669013734803,6.5587399162591735,-3.5666386618088817,-5.624190404365775,9.594569713753465,-5.624190404365775,11.32939628974636,13.537726353132536,5.2827566769908
tuning,harry,interaction_fda32d0752c3,c043392b5bff,interaction,14,0.2857142857142857,0.14285714285714285,0.07142857142857142,1.0,0.0,10.489779394801161,-33.297555199505425,-12.242303736487711,14.530207722639357,-12.242303736487713,16.419991467530846,19.12231586406346,6.908763473265389
tuning,jamaal,interaction_fda32d0752c3,c043392b5bff,interaction,6,0.0,0.0,0.0,1.0,nan,nan,nan,-2.669670058015841,12.438647922235974,-2.669670058015841,14.177035463192867,14.48153551234829,6.536721539123828
tuning,stumpjumper-front-pod-v1,interaction_fda32d0752c3,c043392b5bff,interaction,7,5.142857142857143,4.857142857142857,0.7142857142857143,0.2857142857142857,0.07142857142857142,6.3897178566188435,-0.022340199209962462,-5.068217792885392,7.020443981155888,-5.06821779288539,8.792467367079434,10.601761339606586,4.073629133563836
tuning,stumpjumper-front-pod-v2,interaction_fda32d0752c3,c043392b5bff,interaction,11,3.272727272727273,2.5454545454545454,0.5454545454545454,0.45454545454545453,0.444047619047619,4.093680646459391,0.41804705932229425,-3.4739900259051435,3.8231550436958917,-3.4739900259051435,5.611632290484594,9.032882878692812,3.6119125620101453
tuning,cohort-balanced,interaction_fda32d0752c3,c043392b5bff,interaction,38,2.1753246753246755,1.8863636363636362,0.33279220779220775,0.685064935064935,0.1718253968253968,6.9910592992931315,-10.9672827797977,-5.863545403323522,9.453113667431778,-5.863545403323522,11.250281647071935,13.309623898677787,5.2827566769908
tuning,harry,interaction_ffd68f81e66d,adf853c09170,interaction,14,0.9285714285714286,7.428571428571429,0.7142857142857143,0.42857142857142855,0.0,8.09852673027601,-10.84023174567228,-10.580401904627786,14.824034867733866,-10.580401904627783,16.77206917948771,19.802912194063815,6.908763473265389
tuning,jamaal,interaction_ffd68f81e66d,adf853c09170,interaction,6,2.3333333333333335,24.833333333333332,1.0,0.16666666666666666,0.08333333333333333,6.254563766871172,-13.272144094667668,-9.116339707697676,9.116339707697676,-9.116339707697676,11.334482324786736,13.521105334631946,6.536721539123828
tuning,stumpjumper-front-pod-v1,interaction_ffd68f81e66d,adf853c09170,interaction,7,6.714285714285714,38.714285714285715,1.0,0.0,0.14444444444444443,5.666994710351425,-4.513809250569996,-5.0491592084656896,5.37143583149581,-5.049159208465688,7.140663798873198,9.727861376962071,4.073629133563836
tuning,stumpjumper-front-pod-v2,interaction_ffd68f81e66d,adf853c09170,interaction,11,5.090909090909091,35.36363636363637,0.7272727272727273,0.2727272727272727,0.7435515873015872,1.2984141570177528,2.5174148424109486,-0.30548886590563423,4.405251032724934,-0.3054888659056344,5.843808289755227,7.786097686351917,3.6119125620101453
tuning,cohort-balanced,interaction_ffd68f81e66d,adf853c09170,interaction,38,3.766774891774892,26.584956709956714,0.8603896103896105,0.21699134199134198,0.24283234126984124,5.32962484112909,-6.52719256212475,-6.262847421674196,8.429265359913071,-6.262847421674196,10.272755898225718,12.709494148002436,5.2827566769908
