split,scope,config,config_id,family,n_logs,n_chunks,n_ref_points,calibration_found,used_fallback,near_zero_start_fraction,median_start_truth_mm,reference_error_mm,offset_error_mm,abs_offset_error_mm,mean_error_mm,uncentered_rmse_mm,low_uncentered_rmse_mm,centered_rmse_mm
tuning,harry,baseline_percentile_0p5,f3150294d3b0,baseline_percentile,14,6.071428571428571,28.285714285714285,1.0,0.42857142857142855,0.005494505494505495,9.799329246832283,-23.723056455067567,-16.833133694927813,17.580557142977764,-16.833133694927813,19.177858449472513,22.433992362287846,6.908763473265389
tuning,jamaal,baseline_percentile_0p5,f3150294d3b0,baseline_percentile,6,6.833333333333333,39.0,1.0,0.0,0.05555555555555555,6.919610030801451,-7.544735080751404,-5.893097861411935,9.965040850636111,-5.893097861411935,12.434003560564959,14.220280265161447,6.536721539123828
tuning,stumpjumper-front-pod-v1,baseline_percentile_0p5,f3150294d3b0,baseline_percentile,7,19.857142857142858,100.14285714285714,1.0,0.42857142857142855,0.24226963512677796,4.942192193650443,-12.680562130803807,-11.482093856214293,11.482093856214293,-11.482093856214291,12.252192341421198,12.764123130552333,4.073629133563836
tuning,stumpjumper-front-pod-v2,baseline_percentile_0p5,f3150294d3b0,baseline_percentile,11,17.818181818181817,90.36363636363636,1.0,0.2727272727272727,0.5786288286288287,3.0845986960640492,-11.39081350200778,-7.426070942760046,8.578021941259475,-7.426070942760049,9.444777217772316,12.145615928920819,3.6119125620101453
tuning,cohort-balanced,baseline_percentile_0p5,f3150294d3b0,baseline_percentile,38,12.645021645021643,64.44805194805194,1.0,0.2824675324675324,0.22048713120141694,6.186432541837056,-13.83479179215764,-10.408599088828522,11.90142844777191,-10.408599088828522,13.327207892307747,15.391002921730612,5.2827566769908
tuning,harry,baseline_percentile_10p0,18cc95a80ee7,baseline_percentile,14,6.5,28.357142857142858,1.0,0.42857142857142855,0.00510204081632653,9.998502067519329,-25.953478350106145,-15.720394331762284,15.720394331762284,-15.720394331762284,17.401058619435997,20.918966051484002,6.908763473265389
tuning,jamaal,baseline_percentile_10p0,18cc95a80ee7,baseline_percentile,6,7.5,43.666666666666664,1.0,0.16666666666666666,0.05555555555555555,6.919610030801451,-12.8658342920354,-9.172383364929269,9.814444577315367,-9.172383364929269,12.30650130224951,14.049058298355076,6.536721539123828
tuning,stumpjumper-front-pod-v1,baseline_percentile_10p0,18cc95a80ee7,baseline_percentile,7,21.571428571428573,102.42857142857143,1.0,0.2857142857142857,0.2193963443963444,5.5944323661883875,-12.571550917399335,-11.597094731785443,11.597094731785443,-11.597094731785441,12.350110318862141,12.87840971943184,4.073629133563836
tuning,stumpjumper-front-pod-v2,baseline_percentile_10p0,18cc95a80ee7,baseline_percentile,11,18.90909090909091,87.9090909090909,1.0,0.2727272727272727,0.5293716500613053,4.226327895409948,-11.098081351219687,-6.570231834448733,7.722182832948161,-6.570231834448734,8.751599158795061,11.527171477653708,3.6119125620101453
tuning,cohort-balanced,baseline_percentile_10p0,18cc95a80ee7,baseline_percentile,38,13.620129870129869,65.59036796536796,1.0,0.2884199134199134,0.20235639770738295,6.684718089979779,-15.622236227690141,-10.765026065731433,11.213529118452815,-10.765026065731432,12.702317349835678,14.843401386731156,5.2827566769908
tuning,harry,baseline_percentile_1p0,c8cb568deade,baseline_percentile,14,6.142857142857143,28.142857142857142,1.0,0.42857142857142855,0.005494505494505495,9.800225923195901,-23.833888478862725,-16.884664776052112,17.632088224102063,-16.884664776052112,19.215986884608988,22.47584944360053,6.908763473265389
tuning,jamaal,baseline_percentile_1p0,c8cb568deade,baseline_percentile,6,7.5,44.0,1.0,0.16666666666666666,0.05555555555555555,6.919610030801451,-12.771903628180333,-9.825275656682015,10.678255546114125,-9.825275656682017,13.005617943613194,14.650090065454359,6.536721539123828
tuning,stumpjumper-front-pod-v1,baseline_percentile_1p0,c8cb568deade,baseline_percentile,7,20.0,99.28571428571429,1.0,0.2857142857142857,0.23916404506466618,4.9654425452590045,-11.33725103376174,-11.462567562627862,11.462567562627862,-11.462567562627857,12.230267427383918,12.747161373536171,4.073629133563836
tuning,stumpjumper-front-pod-v2,baseline_percentile_1p0,c8cb568deade,baseline_percentile,11,18.272727272727273,90.36363636363636,1.0,0.2727272727272727,0.5628834128834129,3.170008008203338,-10.880573835167505,-6.832383215703498,7.984334214202926,-6.832383215703498,8.887325768889612,11.636677238139134,3.6119125620101453
tuning,cohort-balanced,baseline_percentile_1p0,c8cb568deade,baseline_percentile,38,12.978896103896103,65.44805194805195,1.0,0.2884199134199134,0.21577437974953503,6.213821626864925,-14.705904243993075,-11.251222802766371,11.939311386761743,-11.251222802766371,13.334799506123929,15.377444530182549,5.2827566769908
tuning,harry,baseline_percentile_2p0,c2615981cce2,baseline_percentile,14,6.357142857142857,28.785714285714285,1.0,0.5,0.005494505494505495,9.945341427203102,-26.15963302542383,-16.59936240307639,16.59936240307639,-16.59936240307639,18.249928153700658,21.748062529627777,6.908763473265389
tuning,jamaal,baseline_percentile_2p0,c2615981cce2,baseline_percentile,6,7.5,43.5,1.0,0.16666666666666666,0.05555555555555555,6.919610030801451,-12.242035178194385,-9.288892535257416,10.141872424689526,-9.288892535257418,12.516033999503733,14.171696867276609,6.536721539123828
tuning,stumpjumper-front-pod-v1,baseline_percentile_2p0,c2615981cce2,baseline_percentile,7,20.285714285714285,98.14285714285714,1.0,0.2857142857142857,0.23704764294826405,5.035148857266814,-12.098854315059656,-12.107670574138735,12.107670574138735,-12.107670574138734,12.852113338324997,13.32598471586449,4.073629133563836
tuning,stumpjumper-front-pod-v2,baseline_percentile_2p0,c2615981cce2,baseline_percentile,11,18.636363636363637,92.0,1.0,0.2727272727272727,0.5492470492470493,4.047531471065326,-10.812257953001414,-6.569685048354938,7.721636046854365,-6.569685048354938,8.698135927348519,11.479881565167316,3.6119125620101453
tuning,cohort-balanced,baseline_percentile_2p0,c2615981cce2,baseline_percentile,38,13.194805194805195,65.60714285714286,1.0,0.30627705627705626,0.2118361883113436,6.486907946584174,-15.32819511791982,-11.14140264020687,11.642635362189754,-11.14140264020687,13.079052854719476,15.181406419484048,5.2827566769908
tuning,harry,baseline_percentile_5p0,2293bc134cec,baseline_percentile,14,6.428571428571429,28.142857142857142,1.0,0.42857142857142855,0.00510204081632653,9.991673687749328,-25.762517749244246,-15.4918631629443,15.4918631629443,-15.491863162944302,17.19407714979174,20.720521807309307,6.908763473265389
tuning,jamaal,baseline_percentile_5p0,2293bc134cec,baseline_percentile,6,7.5,44.0,1.0,0.16666666666666666,0.05555555555555555,6.919610030801451,-12.478782224599078,-9.064003608561368,9.916983497993476,-9.064003608561368,12.334052954995963,13.996100274102957,6.536721539123828
tuning,stumpjumper-front-pod-v1,baseline_percentile_5p0,2293bc134cec,baseline_percentile,7,20.285714285714285,96.85714285714286,1.0,0.2857142857142857,0.23704764294826405,5.035148857266814,-11.64864245239052,-11.70734627172759,11.70734627172759,-11.707346271727586,12.458350282058499,12.9632797907856,4.073629133563836
tuning,stumpjumper-front-pod-v2,baseline_percentile_5p0,2293bc134cec,baseline_percentile,11,18.727272727272727,90.81818181818181,1.0,0.2727272727272727,0.5463361670258222,4.0475437935361995,-10.891576439659902,-6.625411352468031,7.777362350967459,-6.625411352468031,8.752551938390575,11.52535706191518,3.6119125620101453
tuning,cohort-balanced,baseline_percentile_5p0,2293bc134cec,baseline_percentile,38,13.23538961038961,64.95454545454545,1.0,0.2884199134199134,0.2110103515864921,6.498494092338448,-15.195379716473436,-10.722156098925321,11.223388820908205,-10.722156098925321,12.684758081309194,14.801314733528262,5.2827566769908
tuning,harry,baseline_percentile_8p0,f85513989fe3,baseline_percentile,14,6.428571428571429,27.714285714285715,1.0,0.42857142857142855,0.00510204081632653,9.991673687749328,-26.2019962051281,-15.720394331762284,15.720394331762284,-15.720394331762284,17.401058619435997,20.918966051484002,6.908763473265389
tuning,jamaal,baseline_percentile_8p0,f85513989fe3,baseline_percentile,6,7.5,43.833333333333336,1.0,0.16666666666666666,0.05555555555555555,6.919610030801451,-12.698834044090155,-9.066924026406264,9.919903915838372,-9.066924026406264,12.336243966018783,13.997397378649792,6.536721539123828
tuning,stumpjumper-front-pod-v1,baseline_percentile_8p0,f85513989fe3,baseline_percentile,7,21.428571428571427,103.14285714285714,1.0,0.2857142857142857,0.2224884903456332,5.403587436498042,-12.405009639728979,-11.458492251493443,11.458492251493443,-11.45849225149344,12.228963622573472,12.760481006687899,4.073629133563836
tuning,stumpjumper-front-pod-v2,baseline_percentile_8p0,f85513989fe3,baseline_percentile,11,18.90909090909091,89.72727272727273,1.0,0.2727272727272727,0.5293716500613053,4.226327895409948,-11.110009030187577,-6.58878086554155,7.740731864040979,-6.58878086554155,8.768489453006744,11.545229983089747,3.6119125620101453
tuning,cohort-balanced,baseline_percentile_8p0,f85513989fe3,baseline_percentile,38,13.566558441558442,66.10443722943724,1.0,0.2884199134199134,0.20312943419470514,6.635299762614692,-15.603962229783704,-10.708647868800885,11.209880590783769,-10.708647868800885,12.683688915258749,14.805518604977859,5.2827566769908
tuning,harry,baseline_still_a_max_mm_s2_1000p0,c7aeb0991da5,baseline_still_a_max_mm_s2,14,6.428571428571429,28.142857142857142,1.0,0.42857142857142855,0.00510204081632653,9.991673687749328,-25.762517749244246,-15.4918631629443,15.4918631629443,-15.491863162944302,17.19407714979174,20.720521807309307,6.908763473265389
tuning,jamaal,baseline_still_a_max_mm_s2_1000p0,c7aeb0991da5,baseline_still_a_max_mm_s2,6,7.5,44.0,1.0,0.16666666666666666,0.05555555555555555,6.919610030801451,-12.478782224599078,-9.064003608561368,9.916983497993476,-9.064003608561368,12.334052954995963,13.996100274102957,6.536721539123828
tuning,stumpjumper-front-pod-v1,baseline_still_a_max_mm_s2_1000p0,c7aeb0991da5,baseline_still_a_max_mm_s2,7,20.285714285714285,96.85714285714286,1.0,0.2857142857142857,0.23704764294826405,5.035148857266814,-11.64864245239052,-11.70734627172759,11.70734627172759,-11.707346271727586,12.458350282058499,12.9632797907856,4.073629133563836
tuning,stumpjumper-front-pod-v2,baseline_still_a_max_mm_s2_1000p0,c7aeb0991da5,baseline_still_a_max_mm_s2,11,18.727272727272727,90.81818181818181,1.0,0.2727272727272727,0.5463361670258222,4.0475437935361995,-10.891576439659902,-6.625411352468031,7.777362350967459,-6.625411352468031,8.752551938390575,11.52535706191518,3.6119125620101453
tuning,cohort-balanced,baseline_still_a_max_mm_s2_1000p0,c7aeb0991da5,baseline_still_a_max_mm_s2,38,13.23538961038961,64.95454545454545,1.0,0.2884199134199134,0.2110103515864921,6.498494092338448,-15.195379716473436,-10.722156098925321,11.223388820908205,-10.722156098925321,12.684758081309194,14.801314733528262,5.2827566769908
tuning,harry,baseline_still_a_max_mm_s2_2000p0,716d9eeac21a,baseline_still_a_max_mm_s2,14,6.5,26.642857142857142,1.0,0.42857142857142855,0.00510204081632653,9.998502067519329,-25.70029828308469,-14.60568455465335,15.651930822682004,-14.605684554653351,17.349280724336985,20.560928172569344,6.908763473265389
tuning,jamaal,baseline_still_a_max_mm_s2_2000p0,716d9eeac21a,baseline_still_a_max_mm_s2,6,7.5,43.0,1.0,0.16666666666666666,0.05555555555555555,6.919610030801451,-12.888533676250752,-9.314686195448507,9.956747407834607,-9.314686195448507,12.416239041260768,14.11716551328376,6.536721539123828
tuning,stumpjumper-front-pod-v1,baseline_still_a_max_mm_s2_2000p0,716d9eeac21a,baseline_still_a_max_mm_s2,7,22.428571428571427,101.0,1.0,0.2857142857142857,0.21204972702668554,6.504760212394689,-12.73058845509003,-11.355804563541202,11.355804563541202,-11.355804563541199,12.132419751753249,12.673894410196919,4.073629133563836
tuning,stumpjumper-front-pod-v2,baseline_still_a_max_mm_s2_2000p0,716d9eeac21a,baseline_still_a_max_mm_s2,11,19.727272727272727,87.81818181818181,1.0,0.36363636363636365,0.5015283596678946,6.608149075964974,-12.439745806976202,-6.314826219821975,7.466777218321402,-6.314826219821975,8.448369978980226,11.23539243208241,3.6119125620101453
tuning,cohort-balanced,baseline_still_a_max_mm_s2_2000p0,716d9eeac21a,baseline_still_a_max_mm_s2,38,14.03896103896104,64.61525974025975,1.0,0.31114718614718617,0.19355892076661554,7.507755346670111,-15.939791555350418,-10.397750383366258,11.107815003094805,-10.397750383366258,12.586577374082806,14.646845132033107,5.2827566769908
tuning,harry,baseline_still_a_max_mm_s2_5000p0,1b0194a30829,baseline_still_a_max_mm_s2,14,6.642857142857143,25.428571428571427,0.9285714285714286,0.42857142857142855,0.00510204081632653,10.00597928764256,-24.219917962484537,-15.429378576775857,16.47562484480451,-15.429378576775857,18.04783827374856,21.158961018849276,6.908763473265389
tuning,jamaal,baseline_still_a_max_mm_s2_5000p0,1b0194a30829,baseline_still_a_max_mm_s2,6,7.5,42.333333333333336,1.0,0.16666666666666666,0.05555555555555555,6.919610030801451,-13.445463491664952,-9.262613734743109,9.904674947129207,-9.262613734743109,12.375415500060411,14.09069115267757,6.536721539123828
tuning,stumpjumper-front-pod-v1,baseline_still_a_max_mm_s2_5000p0,1b0194a30829,baseline_still_a_max_mm_s2,7,24.0,96.71428571428571,1.0,0.2857142857142857,0.20239461333430478,7.054473573132939,-15.625722387344378,-12.637959374400134,12.637959374400134,-12.63795937440013,13.33689271303599,13.824336305907055,4.073629133563836
tuning,stumpjumper-front-pod-v2,baseline_still_a_max_mm_s2_5000p0,1b0194a30829,baseline_still_a_max_mm_s2,11,21.363636363636363,85.27272727272727,1.0,0.36363636363636365,0.46534581975758454,9.464412615591142,-12.870182346366697,-6.182819874902353,7.354166767273284,-6.182819874902353,8.479830608183137,11.259175692654189,3.6119125620101453
tuning,cohort-balanced,baseline_still_a_max_mm_s2_5000p0,1b0194a30829,baseline_still_a_max_mm_s2,38,14.876623376623375,62.43722943722943,0.9821428571428572,0.31114718614718617,0.18209950736594285,8.361118876792023,-16.54032154696514,-10.878192890205362,11.593106483401783,-10.878192890205362,13.059994273757024,15.083291042522022,5.2827566769908
tuning,harry,baseline_still_a_max_mm_s2_500p0,a4e9427ae838,baseline_still_a_max_mm_s2,14,6.214285714285714,29.428571428571427,0.9285714285714286,0.5714285714285714,0.005494505494505494,9.763606852737517,-28.20244448589077,-17.826062296179014,17.826062296179014,-17.826062296179014,19.39601359385432,22.80732535268547,6.908763473265389
tuning,jamaal,baseline_still_a_max_mm_s2_500p0,a4e9427ae838,baseline_still_a_max_mm_s2,6,7.5,43.5,1.0,0.16666666666666666,0.05555555555555555,6.919610030801451,-12.242035178194385,-9.288892535257416,10.141872424689526,-9.288892535257418,12.516033999503733,14.171696867276609,6.536721539123828
tuning,stumpjumper-front-pod-v1,baseline_still_a_max_mm_s2_500p0,a4e9427ae838,baseline_still_a_max_mm_s2,7,19.857142857142858,99.14285714285714,1.0,0.42857142857142855,0.24226963512677796,4.942192193650443,-12.838156893175732,-11.660686083550955,11.660686083550955,-11.660686083550953,12.413856455515457,12.915214896711694,4.073629133563836
tuning,stumpjumper-front-pod-v2,baseline_still_a_max_mm_s2_500p0,a4e9427ae838,baseline_still_a_max_mm_s2,11,18.181818181818183,89.72727272727273,1.0,0.2727272727272727,0.5650849150849151,3.1366603823944827,-10.274151489485488,-6.887813447897468,8.039764446396896,-6.887813447897469,8.936837207932246,11.689206877865548,3.6119125620101453
tuning,cohort-balanced,baseline_still_a_max_mm_s2_500p0,a4e9427ae838,baseline_still_a_max_mm_s2,38,12.938311688311689,65.44967532467533,0.9821428571428572,0.3598484848484848,0.21710115281543851,6.190517364895973,-15.889197011686594,-11.415863590721212,11.917096312704098,-11.415863590721214,13.315685314201438,15.39586099863483,5.2827566769908
tuning,harry,baseline_still_len_s_0p05,ba86336d33d9,baseline_still_len_s,14,6.5,27.714285714285715,1.0,0.42857142857142855,0.00510204081632653,9.998502067519329,-26.38775892229389,-16.025268612252187,16.025268612252187,-16.025268612252187,17.690254136395613,21.203946912427938,6.908763473265389
tuning,jamaal,baseline_still_len_s_0p05,ba86336d33d9,baseline_still_len_s,6,7.5,44.0,1.0,0.16666666666666666,0.05555555555555555,6.919610030801451,-13.167375786542342,-9.06522742360978,9.918207313041888,-9.06522742360978,12.334902298686233,13.996102570990471,6.536721539123828
tuning,stumpjumper-front-pod-v1,baseline_still_len_s_0p05,ba86336d33d9,baseline_still_len_s,7,22.0,102.28571428571429,1.0,0.2857142857142857,0.21649049727867462,5.609864770345626,-12.661715476411656,-11.393706927611584,11.393706927611584,-11.393706927611584,12.171461484560941,12.706931148570904,4.073629133563836
tuning,stumpjumper-front-pod-v2,baseline_still_len_s_0p05,ba86336d33d9,baseline_still_len_s,11,19.636363636363637,89.36363636363636,1.0,0.36363636363636365,0.5038416245312797,6.614466264941016,-12.60063228481294,-6.2944662576573585,7.446417256156787,-6.2944662576573585,8.478065870160078,11.268568903632508,3.6119125620101453
tuning,cohort-balanced,baseline_still_len_s_0p05,ba86336d33d9,baseline_still_len_s,38,13.90909090909091,65.8409090909091,1.0,0.31114718614718617,0.1952474295454591,7.2856107834018555,-16.20437061751521,-10.694667305282728,11.19590002726561,-10.694667305282728,12.668670947450718,14.793887383905455,5.2827566769908
tuning,harry,baseline_still_len_s_0p1,c7b2904075c5,baseline_still_len_s,14,6.428571428571429,28.142857142857142,1.0,0.42857142857142855,0.00510204081632653,9.991673687749328,-25.762517749244246,-15.4918631629443,15.4918631629443,-15.491863162944302,17.19407714979174,20.720521807309307,6.908763473265389
tuning,jamaal,baseline_still_len_s_0p1,c7b2904075c5,baseline_still_len_s,6,7.5,44.0,1.0,0.16666666666666666,0.05555555555555555,6.919610030801451,-12.478782224599078,-9.064003608561368,9.916983497993476,-9.064003608561368,12.334052954995963,13.996100274102957,6.536721539123828
tuning,stumpjumper-front-pod-v1,baseline_still_len_s_0p1,c7b2904075c5,baseline_still_len_s,7,20.285714285714285,96.85714285714286,1.0,0.2857142857142857,0.23704764294826405,5.035148857266814,-11.64864245239052,-11.70734627172759,11.70734627172759,-11.707346271727586,12.458350282058499,12.9632797907856,4.073629133563836
tuning,stumpjumper-front-pod-v2,baseline_still_len_s_0p1,c7b2904075c5,baseline_still_len_s,11,18.727272727272727,90.81818181818181,1.0,0.2727272727272727,0.5463361670258222,4.0475437935361995,-10.891576439659902,-6.625411352468031,7.777362350967459,-6.625411352468031,8.752551938390575,11.52535706191518,3.6119125620101453
tuning,cohort-balanced,baseline_still_len_s_0p1,c7b2904075c5,baseline_still_len_s,38,13.23538961038961,64.95454545454545,1.0,0.2884199134199134,0.2110103515864921,6.498494092338448,-15.195379716473436,-10.722156098925321,11.223388820908205,-10.722156098925321,12.684758081309194,14.801314733528262,5.2827566769908
tuning,harry,baseline_still_len_s_0p2,936aee1906b4,baseline_still_len_s,14,6.357142857142857,29.142857142857142,0.9285714285714286,0.5714285714285714,0.005494505494505494,9.77988107741118,-27.451331989204753,-16.739123971450102,16.739123971450102,-16.739123971450102,18.38835818520102,21.84989254422515,6.908763473265389
tuning,jamaal,baseline_still_len_s_0p2,936aee1906b4,baseline_still_len_s,6,7.5,43.833333333333336,1.0,0.16666666666666666,0.05555555555555555,6.919610030801451,-12.464772931804617,-9.064003608561368,9.916983497993476,-9.064003608561368,12.334052954995963,13.996100274102957,6.536721539123828
tuning,stumpjumper-front-pod-v1,baseline_still_len_s_0p2,936aee1906b4,baseline_still_len_s,7,19.857142857142858,97.85714285714286,1.0,0.2857142857142857,0.24226963512677796,4.942192193650443,-11.75641556013973,-11.849968287125972,11.849968287125972,-11.84996828712597,12.598991886922851,13.091238413956182,4.073629133563836
tuning,stumpjumper-front-pod-v2,baseline_still_len_s_0p2,936aee1906b4,baseline_still_len_s,11,18.272727272727273,90.18181818181819,1.0,0.2727272727272727,0.5601262373989647,3.1481743138052565,-10.986761485163017,-6.874285409797022,8.02623640829645,-6.874285409797022,8.917089225963489,11.664645307990945,3.6119125620101453
tuning,cohort-balanced,baseline_still_len_s_0p2,936aee1906b4,baseline_still_len_s,38,12.996753246753247,65.25378787878788,0.9821428571428572,0.3241341991341991,0.21586148339395095,6.197464403917082,-15.664820491578029,-11.131845319233616,11.633078041216498,-11.131845319233616,13.05962306327083,15.150469135068809,5.2827566769908
tuning,harry,baseline_still_len_s_0p3,c6af777aa5e6,baseline_still_len_s,14,6.285714285714286,29.214285714285715,0.9285714285714286,0.5714285714285714,0.005494505494505494,9.778915425942666,-27.746287638002535,-17.710433568862392,17.710433568862392,-17.710433568862392,19.290937833783232,22.7071450984683,6.908763473265389
tuning,jamaal,baseline_still_len_s_0p3,c6af777aa5e6,baseline_still_len_s,6,7.5,43.666666666666664,1.0,0.16666666666666666,0.05555555555555555,6.919610030801451,-11.996231189352434,-9.064172381570817,9.917152271002925,-9.064172381570819,12.334186447818238,13.996229103926716,6.536721539123828
tuning,stumpjumper-front-pod-v1,baseline_still_len_s_0p3,c6af777aa5e6,baseline_still_len_s,7,19.428571428571427,96.28571428571429,1.0,0.2857142857142857,0.2512921915177554,4.901827141941864,-11.75648689092232,-11.52132621383639,11.52132621383639,-11.52132621383639,12.281992506668745,12.793540796697611,4.073629133563836
tuning,stumpjumper-front-pod-v2,baseline_still_len_s_0p3,c6af777aa5e6,baseline_still_len_s,11,17.90909090909091,87.72727272727273,1.0,0.2727272727272727,0.5767558757032442,2.869876237154381,-9.73936168472594,-6.790166416411859,7.942117414911288,-6.790166416411861,8.84933529257809,11.603212347342819,3.6119125620101453
tuning,cohort-balanced,baseline_still_len_s_0p3,c6af777aa5e6,baseline_still_len_s,38,12.780844155844154,64.22348484848486,0.9821428571428572,0.3241341991341991,0.22227453206776515,6.11755720896009,-15.309591850750808,-11.271524645170365,11.772757367153249,-11.271524645170366,13.189113020212076,15.27503183660886,5.2827566769908
tuning,harry,bump_dx_min_mm_10p0,a0b0fc287e0a,bump_dx_min_mm,14,6.5,28.142857142857142,1.0,0.42857142857142855,0.00510204081632653,9.998502067519329,-25.773049163252015,-15.479872956691526,15.479872956691526,-15.479872956691528,17.183423324300716,20.710395170705052,6.908763473265389
tuning,jamaal,bump_dx_min_mm_10p0,a0b0fc287e0a,bump_dx_min_mm,6,7.5,44.0,1.0,0.16666666666666666,0.05555555555555555,6.919610030801451,-12.478782224599078,-9.064003608561368,9.916983497993476,-9.064003608561368,12.334052954995963,13.996100274102957,6.536721539123828
tuning,stumpjumper-front-pod-v1,bump_dx_min_mm_10p0,a0b0fc287e0a,bump_dx_min_mm,7,20.857142857142858,101.0,1.0,0.42857142857142855,0.22934090808040386,5.249960866025448,-12.695413480297885,-11.72197804526763,11.72197804526763,-11.72197804526763,12.471641687277963,12.976556255624065,4.073629133563836
tuning,stumpjumper-front-pod-v2,bump_dx_min_mm_10p0,a0b0fc287e0a,bump_dx_min_mm,11,19.181818181818183,95.27272727272727,1.0,0.2727272727272727,0.5251474518238033,4.926285339244495,-11.762367228490866,-7.257187291686775,8.409138290186204,-7.257187291686775,9.33591391208916,12.08658390492053,3.6119125620101453
tuning,cohort-balanced,bump_dx_min_mm_10p0,a0b0fc287e0a,bump_dx_min_mm,38,13.509740259740262,67.1038961038961,1.0,0.3241341991341991,0.2037864890690223,6.773589575897681,-15.677403024159961,-10.880760475551824,11.381993197534708,-10.880760475551824,12.83125796966595,14.942408901338151,5.2827566769908
tuning,harry,bump_dx_min_mm_15p0,f4652676fff3,bump_dx_min_mm,14,6.5,28.142857142857142,1.0,0.42857142857142855,0.00510204081632653,9.998502067519329,-25.773049163252015,-15.479872956691526,15.479872956691526,-15.479872956691528,17.183423324300716,20.710395170705052,6.908763473265389
tuning,jamaal,bump_dx_min_mm_15p0,f4652676fff3,bump_dx_min_mm,6,7.5,44.0,1.0,0.16666666666666666,0.05555555555555555,6.919610030801451,-12.478782224599078,-9.064003608561368,9.916983497993476,-9.064003608561368,12.334052954995963,13.996100274102957,6.536721539123828
tuning,stumpjumper-front-pod-v1,bump_dx_min_mm_15p0,f4652676fff3,bump_dx_min_mm,7,20.714285714285715,99.71428571428571,1.0,0.42857142857142855,0.23039132824847108,5.172922381635724,-12.382711446816673,-11.72197804526763,11.72197804526763,-11.72197804526763,12.471641687277963,12.976556255624065,4.073629133563836
tuning,stumpjumper-front-pod-v2,bump_dx_min_mm_15p0,f4652676fff3,bump_dx_min_mm,11,19.0,92.81818181818181,1.0,0.2727272727272727,0.5419065057779792,4.753122808951098,-11.19686184302774,-6.842512481421522,7.9944634799209515,-6.842512481421523,8.947787547860788,11.708997023864447,3.6119125620101453
tuning,cohort-balanced,bump_dx_min_mm_15p0,f4652676fff3,bump_dx_min_mm,38,13.428571428571429,66.16883116883116,1.0,0.3241341991341991,0.20823885759958308,6.711039322226901,-15.457851169423876,-10.77709177298551,11.278324494968395,-10.77709177298551,12.734226378608856,14.84801218107413,5.2827566769908
tuning,harry,bump_dx_min_mm_20p0,513110993ab7,bump_dx_min_mm,14,6.428571428571429,28.142857142857142,1.0,0.42857142857142855,0.00510204081632653,9.991673687749328,-25.762517749244246,-15.4918631629443,15.4918631629443,-15.491863162944302,17.19407714979174,20.720521807309307,6.908763473265389
tuning,jamaal,bump_dx_min_mm_20p0,513110993ab7,bump_dx_min_mm,6,7.5,44.0,1.0,0.16666666666666666,0.05555555555555555,6.919610030801451,-12.478782224599078,-9.064003608561368,9.916983497993476,-9.064003608561368,12.334052954995963,13.996100274102957,6.536721539123828
tuning,stumpjumper-front-pod-v1,bump_dx_min_mm_20p0,513110993ab7,bump_dx_min_mm,7,20.285714285714285,96.85714285714286,1.0,0.2857142857142857,0.23704764294826405,5.035148857266814,-11.64864245239052,-11.70734627172759,11.70734627172759,-11.707346271727586,12.458350282058499,12.9632797907856,4.073629133563836
tuning,stumpjumper-front-pod-v2,bump_dx_min_mm_20p0,513110993ab7,bump_dx_min_mm,11,18.727272727272727,90.81818181818181,1.0,0.2727272727272727,0.5463361670258222,4.0475437935361995,-10.891576439659902,-6.625411352468031,7.777362350967459,-6.625411352468031,8.752551938390575,11.52535706191518,3.6119125620101453
tuning,cohort-balanced,bump_dx_min_mm_20p0,513110993ab7,bump_dx_min_mm,38,13.23538961038961,64.95454545454545,1.0,0.2884199134199134,0.2110103515864921,6.498494092338448,-15.195379716473436,-10.722156098925321,11.223388820908205,-10.722156098925321,12.684758081309194,14.801314733528262,5.2827566769908
tuning,harry,bump_dx_min_mm_30p0,9e43adc1fb3a,bump_dx_min_mm,14,6.142857142857143,27.0,1.0,0.35714285714285715,0.005494505494505495,9.867286989192527,-15.327225201077512,-8.292614563065865,18.514684500244368,-8.292614563065868,20.160344640112665,24.709525564609443,6.908763473265389
tuning,jamaal,bump_dx_min_mm_30p0,9e43adc1fb3a,bump_dx_min_mm,6,7.5,44.0,1.0,0.16666666666666666,0.05555555555555555,6.919610030801451,-12.478782224599078,-9.064003608561368,9.916983497993476,-9.064003608561368,12.334052954995963,13.996100274102957,6.536721539123828
tuning,stumpjumper-front-pod-v1,bump_dx_min_mm_30p0,9e43adc1fb3a,bump_dx_min_mm,7,18.428571428571427,87.71428571428571,1.0,0.14285714285714285,0.26392496392496395,4.6841043470474375,-10.154367494582273,-11.079145842423717,11.079145842423717,-11.079145842423713,11.861413891548283,12.440676897073986,4.073629133563836
tuning,stumpjumper-front-pod-v2,bump_dx_min_mm_30p0,9e43adc1fb3a,bump_dx_min_mm,11,17.363636363636363,83.81818181818181,1.0,0.2727272727272727,0.5952446525652267,2.725357399063738,-10.517245211551803,-6.48296717772501,7.634918176224439,-6.48296717772501,8.581950933637735,11.346940804907904,3.6119125620101453
tuning,cohort-balanced,bump_dx_min_mm_30p0,9e43adc1fb3a,bump_dx_min_mm,38,12.358766233766232,60.633116883116884,1.0,0.23484848484848486,0.23005491938506295,6.049089691526289,-12.119405032952667,-8.72968279794399,11.786433004221498,-8.72968279794399,13.234440605073662,15.623310885173572,5.2827566769908
tuning,harry,bump_dx_min_mm_40p0,5508611310bd,bump_dx_min_mm,14,6.0,27.0,1.0,0.35714285714285715,0.005494505494505495,9.846243505732032,-15.327225201077512,-8.292614563065865,18.514684500244368,-8.292614563065868,20.160344640112665,24.709525564609443,6.908763473265389
tuning,jamaal,bump_dx_min_mm_40p0,5508611310bd,bump_dx_min_mm,6,7.5,44.0,1.0,0.16666666666666666,0.05555555555555555,6.919610030801451,-12.478782224599078,-9.064003608561368,9.916983497993476,-9.064003608561368,12.334052954995963,13.996100274102957,6.536721539123828
tuning,stumpjumper-front-pod-v1,bump_dx_min_mm_40p0,5508611310bd,bump_dx_min_mm,7,16.285714285714285,76.85714285714286,1.0,0.0,0.3044417767106843,4.44384931960444,-6.669124925732115,-8.720287797820921,8.720287797820921,-8.720287797820921,9.663150461236752,10.836898113817812,4.073629133563836
tuning,stumpjumper-front-pod-v2,bump_dx_min_mm_40p0,5508611310bd,bump_dx_min_mm,11,15.181818181818182,73.54545454545455,1.0,0.18181818181818182,0.6588218043815768,2.6748718538964713,-6.973847507004058,-6.4143755514715455,6.430025020745652,-6.4143755514715455,7.700881488246342,11.253778090331469,3.6119125620101453
tuning,cohort-balanced,bump_dx_min_mm_40p0,5508611310bd,bump_dx_min_mm,38,11.241883116883116,55.35064935064935,1.0,0.1764069264069264,0.25607841053558056,5.971143677508598,-10.36224496460319,-8.122820380229925,10.895495204201104,-8.122820380229925,12.464607386147932,15.19907551071542,5.2827566769908
tuning,harry,bump_dx_min_mm_5p0,994250e15341,bump_dx_min_mm,14,6.5,28.142857142857142,1.0,0.42857142857142855,0.00510204081632653,9.998502067519329,-25.773049163252015,-15.479872956691526,15.479872956691526,-15.479872956691528,17.183423324300716,20.710395170705052,6.908763473265389
tuning,jamaal,bump_dx_min_mm_5p0,994250e15341,bump_dx_min_mm,6,7.5,44.0,1.0,0.16666666666666666,0.05555555555555555,6.919610030801451,-12.478782224599078,-9.064003608561368,9.916983497993476,-9.064003608561368,12.334052954995963,13.996100274102957,6.536721539123828
tuning,stumpjumper-front-pod-v1,bump_dx_min_mm_5p0,994250e15341,bump_dx_min_mm,7,21.0,101.0,1.0,0.42857142857142855,0.22692332566282145,5.250022963492682,-12.695413480297885,-11.72197804526763,11.72197804526763,-11.72197804526763,12.471641687277963,12.976556255624065,4.073629133563836
tuning,stumpjumper-front-pod-v2,bump_dx_min_mm_5p0,994250e15341,bump_dx_min_mm,11,19.181818181818183,95.27272727272727,1.0,0.2727272727272727,0.5251474518238033,4.926285339244495,-11.762367228490866,-7.257187291686775,8.409138290186204,-7.257187291686775,9.33591391208916,12.08658390492053,3.6119125620101453
tuning,cohort-balanced,bump_dx_min_mm_5p0,994250e15341,bump_dx_min_mm,38,13.545454545454547,67.1038961038961,1.0,0.3241341991341991,0.2031820934646267,6.773605100264489,-15.677403024159961,-10.880760475551824,11.381993197534708,-10.880760475551824,12.83125796966595,14.942408901338151,5.2827566769908
tuning,harry,bump_dx_min_mm_60p0,db952da648c2,bump_dx_min_mm,14,5.214285714285714,25.714285714285715,1.0,0.2857142857142857,0.0,9.26763660377002,-12.438821762499467,-7.422344977661312,18.391838362889764,-7.422344977661312,19.998694790747788,24.341111637646573,6.908763473265389
tuning,jamaal,bump_dx_min_mm_60p0,db952da648c2,bump_dx_min_mm,6,7.333333333333333,44.0,1.0,0.16666666666666666,0.08333333333333333,6.70043307355103,-12.478782224599078,-9.064003608561368,9.916983497993476,-9.064003608561368,12.334052954995963,13.996100274102957,6.536721539123828
tuning,stumpjumper-front-pod-v1,bump_dx_min_mm_60p0,db952da648c2,bump_dx_min_mm,7,11.857142857142858,54.142857142857146,1.0,0.0,0.31354723707664883,4.431786721525218,-3.7287834248411897,-4.7546375671324705,4.7546375671324705,-4.754637567132469,6.617123452248781,9.039007107047283,4.073629133563836
tuning,stumpjumper-front-pod-v2,bump_dx_min_mm_60p0,db952da648c2,bump_dx_min_mm,11,10.363636363636363,46.18181818181818,0.7272727272727273,0.2727272727272727,0.852363279994859,0.8440988168188941,-0.07011915520223955,-2.645276500797561,3.043988782613008,-2.6452765007975616,4.947037628023348,8.25585930388995,3.6119125620101453
tuning,cohort-balanced,bump_dx_min_mm_60p0,db952da648c2,bump_dx_min_mm,38,8.692099567099568,42.50974025974026,0.9318181818181819,0.18127705627705626,0.3123109626012103,5.31098880391629,-7.179126641785493,-5.971565663538177,9.02686205265718,-5.971565663538177,10.97422720650397,13.908019580671692,5.2827566769908
tuning,harry,bump_len_s_0p2,540afb3eb94c,bump_len_s,14,3.9285714285714284,8.5,0.7857142857142857,0.35714285714285715,0.0,10.096269950534552,-11.482089006218187,-13.645107151784506,15.732732508585572,-13.645107151784506,17.42927542398028,20.422511627670264,6.908763473265389
tuning,jamaal,bump_len_s_0p2,540afb3eb94c,bump_len_s,6,3.3333333333333335,7.666666666666667,1.0,0.0,0.08333333333333333,6.718911936457782,-1.7893613122200402,-0.10971589758096793,2.487988289346202,-0.10971589758096807,7.066805728727921,9.446374235485546,6.536721539123828
tuning,stumpjumper-front-pod-v1,bump_len_s_0p2,540afb3eb94c,bump_len_s,7,14.857142857142858,32.57142857142857,1.0,0.0,0.26593970921702015,4.877564731809635,-1.6108999184587742,-4.159574811535402,4.178531681160454,-4.1595748115354,6.371997632768447,8.704225259011466,4.073629133563836
tuning,stumpjumper-front-pod-v2,bump_len_s_0p2,540afb3eb94c,bump_len_s,11,13.545454545454545,35.27272727272727,0.9090909090909091,0.18181818181818182,0.5684230834002002,3.7605420898430366,-4.421216841638161,-3.4511322528288533,3.7651254215661627,-3.4511322528288533,5.547305009145652,8.977454426076262,3.6119125620101453
tuning,cohort-balanced,bump_len_s_0p2,540afb3eb94c,bump_len_s,38,8.916125541125542,21.00270562770563,0.9237012987012987,0.13474025974025974,0.2294240314876384,6.363322177161251,-4.82589176963379,-5.341382528432432,6.5410944751645985,-5.341382528432431,9.103845948655575,11.887641387060885,5.2827566769908
tuning,harry,bump_len_s_0p3,87000dfa027c,bump_len_s,14,6.428571428571429,28.142857142857142,1.0,0.42857142857142855,0.00510204081632653,9.991673687749328,-25.762517749244246,-15.4918631629443,15.4918631629443,-15.491863162944302,17.19407714979174,20.720521807309307,6.908763473265389
tuning,jamaal,bump_len_s_0p3,87000dfa027c,bump_len_s,6,7.5,44.0,1.0,0.16666666666666666,0.05555555555555555,6.919610030801451,-12.478782224599078,-9.064003608561368,9.916983497993476,-9.064003608561368,12.334052954995963,13.996100274102957,6.536721539123828
tuning,stumpjumper-front-pod-v1,bump_len_s_0p3,87000dfa027c,bump_len_s,7,20.285714285714285,96.85714285714286,1.0,0.2857142857142857,0.23704764294826405,5.035148857266814,-11.64864245239052,-11.70734627172759,11.70734627172759,-11.707346271727586,12.458350282058499,12.9632797907856,4.073629133563836
tuning,stumpjumper-front-pod-v2,bump_len_s_0p3,87000dfa027c,bump_len_s,11,18.727272727272727,90.81818181818181,1.0,0.2727272727272727,0.5463361670258222,4.0475437935361995,-10.891576439659902,-6.625411352468031,7.777362350967459,-6.625411352468031,8.752551938390575,11.52535706191518,3.6119125620101453
tuning,cohort-balanced,bump_len_s_0p3,87000dfa027c,bump_len_s,38,13.23538961038961,64.95454545454545,1.0,0.2884199134199134,0.2110103515864921,6.498494092338448,-15.195379716473436,-10.722156098925321,11.223388820908205,-10.722156098925321,12.684758081309194,14.801314733528262,5.2827566769908
tuning,harry,bump_len_s_0p4,d5df91155677,bump_len_s,14,9.857142857142858,64.92857142857143,1.0,0.5714285714285714,0.002551020408163265,9.9389984239278,-30.969423990448565,-17.261012839404977,17.261012839404977,-17.261012839404977,18.803740685774358,22.316608894424565,6.908763473265389
tuning,jamaal,bump_len_s_0p4,d5df91155677,bump_len_s,6,10.5,84.83333333333333,1.0,0.3333333333333333,0.06666666666666667,6.965322688406244,-16.356897170182943,-10.171032005116846,10.171032005116846,-10.171032005116844,12.14385495920802,14.546277552419483,6.536721539123828
tuning,stumpjumper-front-pod-v1,bump_len_s_0p4,d5df91155677,bump_len_s,7,27.142857142857142,184.42857142857142,1.0,0.42857142857142855,0.22869182987286596,5.649637648893793,-14.35622067116688,-13.067723887459488,13.067723887459488,-13.067723887459485,13.725298217412107,14.198659291588061,4.073629133563836
tuning,stumpjumper-front-pod-v2,bump_len_s_0p4,d5df91155677,bump_len_s,11,24.181818181818183,160.72727272727272,1.0,0.36363636363636365,0.5118594764985139,4.883005871572394,-13.68363792543589,-9.073949764231358,10.225900762730786,-9.073949764231358,10.988361915545916,13.630796443163689,3.6119125620101453
tuning,cohort-balanced,bump_len_s_0p4,d5df91155677,bump_len_s,38,17.920454545454547,123.72943722943722,1.0,0.4242424242424242,0.20244224836155245,6.859241158200057,-18.84154493930857,-12.393429624053168,12.681417373678025,-12.393429624053166,13.915313944485101,16.173085545398948,5.2827566769908
tuning,harry,bump_len_s_0p5,93209f5206c8,bump_len_s,14,11.785714285714286,106.64285714285714,1.0,0.6428571428571429,0.0021008403361344537,10.446203984155769,-34.254543210080634,-16.21801667462231,16.21801667462231,-16.218016674622305,17.95730629150443,21.57747240452923,6.908763473265389
tuning,jamaal,bump_len_s_0p5,93209f5206c8,bump_len_s,6,11.166666666666666,112.0,1.0,0.5,0.06666666666666667,6.965332649542266,-20.26640756722529,-6.1053475254855485,13.624225534452053,-6.1053475254855485,15.208343628239803,14.960989164543273,6.536721539123828
tuning,stumpjumper-front-pod-v1,bump_len_s_0p5,93209f5206c8,bump_len_s,7,31.0,263.42857142857144,1.0,0.42857142857142855,0.2088091732828575,6.092356712326648,-19.371727781072202,-15.869310532316778,15.869310532316778,-15.869310532316776,16.40787664296008,16.761258314528238,4.073629133563836
tuning,stumpjumper-front-pod-v2,bump_len_s_0p5,93209f5206c8,bump_len_s,11,28.0,241.8181818181818,1.0,0.45454545454545453,0.4563360812721427,5.500482694348793,-18.025435803660503,-11.794504715790321,12.94645571428975,-11.794504715790323,13.649155649700704,16.20155565130167,3.6119125620101453
tuning,cohort-balanced,bump_len_s_0p5,93209f5206c8,bump_len_s,38,20.488095238095237,180.9724025974026,1.0,0.5064935064935064,0.18347819038945035,7.251094010093369,-22.979528590509656,-12.49679486205374,14.664502113920223,-12.496794862053738,15.805670553101255,17.375318883725605,5.2827566769908
tuning,harry,bump_len_s_0p75,83a8b30c2a3c,bump_len_s,14,14.857142857142858,221.71428571428572,1.0,0.7857142857142857,0.0373015873015873,11.198253924439603,-42.01836328278713,-17.00037028805698,17.00037028805698,-17.000370288056985,18.71510699079769,22.194396984987232,6.908763473265389
tuning,jamaal,bump_len_s_0p75,83a8b30c2a3c,bump_len_s,6,12.5,151.0,1.0,0.6666666666666666,0.06666666666666667,6.958305846520361,-24.88583189685244,-7.0760915165821245,14.59496952554863,-7.076091516582124,16.337294881786622,15.909324386126928,6.536721539123828
tuning,stumpjumper-front-pod-v1,bump_len_s_0p75,83a8b30c2a3c,bump_len_s,7,35.42857142857143,439.42857142857144,1.0,0.8571428571428571,0.22368295513841646,6.828448586539203,-24.387371973210318,-13.65089337419395,13.65089337419395,-13.650893374193947,14.284924088362045,14.668894568167504,4.073629133563836
tuning,stumpjumper-front-pod-v2,bump_len_s_0p75,83a8b30c2a3c,bump_len_s,11,33.18181818181818,444.8181818181818,1.0,0.8181818181818182,0.4277493539075486,6.170618147373893,-22.95878799732585,-6.728956837570466,8.712537349463465,-6.728956837570466,9.80554605167319,12.397349114331405,3.6119125620101453
tuning,cohort-balanced,bump_len_s_0p75,83a8b30c2a3c,bump_len_s,38,23.991883116883116,314.2402597402597,1.0,0.7819264069264069,0.18885014075355477,7.788906626218266,-28.562588787543937,-11.11407800410088,13.489692634315757,-11.11407800410088,14.785718003154887,16.292491263403267,5.2827566769908
tuning,harry,bump_len_s_1p0,0a6cd434454b,bump_len_s,14,15.785714285714286,341.57142857142856,1.0,0.9285714285714286,0.037234042553191495,11.474434940028553,-45.15919169283565,-13.976972286868373,16.26487627302002,-13.976972286868374,18.02675453835961,20.623795993128308,6.908763473265389
tuning,jamaal,bump_len_s_1p0,0a6cd434454b,bump_len_s,6,12.833333333333334,166.5,1.0,0.6666666666666666,0.06666666666666667,7.022827539752892,-26.085253993894497,-7.570396552638535,15.08927456160504,-7.570396552638532,16.74176635034284,16.293561242270147,6.536721539123828
tuning,stumpjumper-front-pod-v1,bump_len_s_1p0,0a6cd434454b,bump_len_s,7,41.857142857142854,645.4285714285714,1.0,0.8571428571428571,0.22355410190309738,8.252812064260288,-26.47542935872227,-13.765478562317757,13.765478562317757,-13.765478562317755,14.396993258015689,14.776622747459056,4.073629133563836
tuning,stumpjumper-front-pod-v2,bump_len_s_1p0,0a6cd434454b,bump_len_s,11,36.09090909090909,669.0,1.0,0.8181818181818182,0.40188431014378223,7.447669526633738,-26.799755355129992,-6.293965904273227,8.277546416166228,-6.293965904273228,9.431212858140789,11.96580661710077,3.6119125620101453
tuning,cohort-balanced,bump_len_s_1p0,0a6cd434454b,bump_len_s,38,26.641774891774894,455.625,1.0,0.8176406926406927,0.18233478031668443,8.549436017668867,-31.1299076001456,-10.401703326524474,13.349293953277261,-10.401703326524473,14.649181751214734,15.91494664998957,5.2827566769908
tuning,harry,bump_mag_min_mg_1000p0,2ab5655c8ded,bump_mag_min_mg,14,6.428571428571429,28.142857142857142,1.0,0.42857142857142855,0.00510204081632653,9.991673687749328,-25.762517749244246,-15.4918631629443,15.4918631629443,-15.491863162944302,17.19407714979174,20.720521807309307,6.908763473265389
tuning,jamaal,bump_mag_min_mg_1000p0,2ab5655c8ded,bump_mag_min_mg,6,7.5,44.0,1.0,0.16666666666666666,0.05555555555555555,6.919610030801451,-12.478782224599078,-9.064003608561368,9.916983497993476,-9.064003608561368,12.334052954995963,13.996100274102957,6.536721539123828
tuning,stumpjumper-front-pod-v1,bump_mag_min_mg_1000p0,2ab5655c8ded,bump_mag_min_mg,7,20.285714285714285,96.85714285714286,1.0,0.2857142857142857,0.23704764294826405,5.035148857266814,-11.64864245239052,-11.70734627172759,11.70734627172759,-11.707346271727586,12.458350282058499,12.9632797907856,4.073629133563836
tuning,stumpjumper-front-pod-v2,bump_mag_min_mg_1000p0,2ab5655c8ded,bump_mag_min_mg,11,18.727272727272727,90.81818181818181,1.0,0.2727272727272727,0.5463361670258222,4.0475437935361995,-10.891576439659902,-6.625411352468031,7.777362350967459,-6.625411352468031,8.752551938390575,11.52535706191518,3.6119125620101453
tuning,cohort-balanced,bump_mag_min_mg_1000p0,2ab5655c8ded,bump_mag_min_mg,38,13.23538961038961,64.95454545454545,1.0,0.2884199134199134,0.2110103515864921,6.498494092338448,-15.195379716473436,-10.722156098925321,11.223388820908205,-10.722156098925321,12.684758081309194,14.801314733528262,5.2827566769908
tuning,harry,bump_mag_min_mg_100p0,be217fb95271,bump_mag_min_mg,14,12.5,26.428571428571427,1.0,0.42857142857142855,0.03551013685757238,11.29556462349143,-24.298580418467175,-14.067617147137147,15.173815025359989,-14.067617147137147,16.90727939735272,20.138716535419096,6.908763473265389
tuning,jamaal,bump_mag_min_mg_100p0,be217fb95271,bump_mag_min_mg,6,15.166666666666666,41.166666666666664,1.0,0.16666666666666666,0.1000570316693505,7.789306654469904,-12.73583016366837,-8.9797366501272,10.296783097425934,-8.9797366501272,12.538843679283344,13.96841863975279,6.536721539123828
tuning,stumpjumper-front-pod-v1,bump_mag_min_mg_100p0,be217fb95271,bump_mag_min_mg,7,27.142857142857142,102.71428571428571,1.0,0.42857142857142855,0.214006382952455,6.353797402375746,-11.917901280687703,-11.33741571897397,11.33741571897397,-11.337415718973968,12.121050779141331,12.648542998862927,4.073629133563836
tuning,stumpjumper-front-pod-v2,bump_mag_min_mg_100p0,be217fb95271,bump_mag_min_mg,11,24.181818181818183,99.18181818181819,1.0,0.2727272727272727,0.4697042472705652,5.31689839137963,-10.915583209297766,-6.769537169579408,7.921488168078835,-6.769537169579408,8.895855402409564,11.674950234188962,3.6119125620101453
tuning,cohort-balanced,bump_mag_min_mg_100p0,be217fb95271,bump_mag_min_mg,38,19.7478354978355,67.3728354978355,1.0,0.3241341991341991,0.20481944968748578,7.688891767929178,-14.966973768030252,-10.28857667145443,11.182375502459683,-10.28857667145443,12.615757314546741,14.607657102055944,5.2827566769908
tuning,harry,bump_mag_min_mg_1500p0,7be4a6bc8ab4,bump_mag_min_mg,14,4.928571428571429,27.642857142857142,0.9285714285714286,0.5,0.0,9.800285553270122,-26.46607776585004,-15.028341753222177,16.074588021250833,-15.028341753222179,17.742341778871786,20.904863819517328,6.908763473265389
tuning,jamaal,bump_mag_min_mg_1500p0,7be4a6bc8ab4,bump_mag_min_mg,6,5.666666666666667,40.0,1.0,0.16666666666666666,0.08333333333333333,6.771497661937524,-13.05500901857957,-9.658827887928501,10.975874335227237,-9.658827887928501,13.164710258873221,14.596912110204558,6.536721539123828
tuning,stumpjumper-front-pod-v1,bump_mag_min_mg_1500p0,7be4a6bc8ab4,bump_mag_min_mg,7,18.428571428571427,95.71428571428571,1.0,0.0,0.251924004947869,4.833772295804749,-9.740217462632831,-11.859539143613532,11.859539143613532,-11.859539143613532,12.609440692763863,13.101756697064701,4.073629133563836
tuning,stumpjumper-front-pod-v2,bump_mag_min_mg_1500p0,7be4a6bc8ab4,bump_mag_min_mg,11,16.363636363636363,85.9090909090909,1.0,0.2727272727272727,0.6231896890987799,3.348672177537307,-10.36850170827404,-6.27159469508149,7.439195162855028,-6.2715946950814905,8.570158302684897,11.330939224163792,3.6119125620101453
tuning,cohort-balanced,bump_mag_min_mg_1500p0,7be4a6bc8ab4,bump_mag_min_mg,38,11.346861471861471,62.316558441558435,0.9821428571428572,0.23484848484848483,0.23961175684499555,6.188556922137425,-14.90745148883412,-10.704575869961424,11.587299165736658,-10.704575869961426,13.021662758298442,14.983617962737595,5.2827566769908
tuning,harry,bump_mag_min_mg_200p0,f879eb9a5899,bump_mag_min_mg,14,12.071428571428571,26.428571428571427,1.0,0.42857142857142855,0.01925740395567982,11.401099356368329,-24.298580418467175,-14.067617147137147,15.173815025359989,-14.067617147137147,16.90727939735272,20.138716535419096,6.908763473265389
tuning,jamaal,bump_mag_min_mg_200p0,f879eb9a5899,bump_mag_min_mg,6,12.666666666666666,41.166666666666664,1.0,0.16666666666666666,0.06225655245263088,8.279416011814623,-12.73583016366837,-8.9797366501272,10.296783097425934,-8.9797366501272,12.538843679283344,13.96841863975279,6.536721539123828
tuning,stumpjumper-front-pod-v1,bump_mag_min_mg_200p0,f879eb9a5899,bump_mag_min_mg,7,26.857142857142858,103.57142857142857,1.0,0.42857142857142855,0.21583788478395685,6.336687109356094,-11.828056315894312,-11.259925000554862,11.259925000554862,-11.25992500055486,12.062503985974127,12.57364108217159,4.073629133563836
tuning,stumpjumper-front-pod-v2,bump_mag_min_mg_200p0,f879eb9a5899,bump_mag_min_mg,11,24.0,98.45454545454545,1.0,0.2727272727272727,0.4714815511006549,5.3141493585096,-10.791613514900279,-6.708616322948435,7.860567321447863,-6.708616322948436,8.84105120827778,11.621978509266519,3.6119125620101453
tuning,cohort-balanced,bump_mag_min_mg_200p0,f879eb9a5899,bump_mag_min_mg,38,18.898809523809526,67.40530303030303,1.0,0.3241341991341991,0.19220834807323062,7.832837959012162,-14.913520103232532,-10.253973780191911,11.147772611197162,-10.253973780191911,12.58741956772199,14.575688691652498,5.2827566769908
tuning,harry,bump_mag_min_mg_300p0,deddeb584365,bump_mag_min_mg,14,11.285714285714286,26.428571428571427,1.0,0.42857142857142855,0.010052910052910051,11.209417846413402,-24.298580418467175,-14.067617147137147,15.173815025359989,-14.067617147137147,16.90727939735272,20.138716535419096,6.908763473265389
tuning,jamaal,bump_mag_min_mg_300p0,deddeb584365,bump_mag_min_mg,6,9.833333333333334,42.166666666666664,1.0,0.16666666666666666,0.08333333333333333,6.588948082267829,-12.53759506305749,-8.95088529685437,10.267931744153104,-8.95088529685437,12.516132975677836,13.953826689499522,6.536721539123828
tuning,stumpjumper-front-pod-v1,bump_mag_min_mg_300p0,deddeb584365,bump_mag_min_mg,7,25.428571428571427,99.57142857142857,1.0,0.42857142857142855,0.21569606250057374,6.0790474670625585,-11.995258307207653,-11.451841286778235,11.451841286778235,-11.451841286778233,12.232610672391752,12.738298361152875,4.073629133563836
tuning,stumpjumper-front-pod-v2,bump_mag_min_mg_300p0,deddeb584365,bump_mag_min_mg,11,23.545454545454547,98.18181818181819,1.0,0.2727272727272727,0.46403594309128926,5.423132793361427,-10.921948374848574,-6.81730271096225,7.969253709461677,-6.81730271096225,8.9414350484612,11.717167810991997,3.6119125620101453
tuning,cohort-balanced,bump_mag_min_mg_300p0,deddeb584365,bump_mag_min_mg,38,17.5232683982684,66.58712121212122,1.0,0.3241341991341991,0.19327956224452658,7.325136547276305,-14.938345540895222,-10.321911610433,11.215710441438251,-10.321911610433,12.649364523470878,14.63700234926587,5.2827566769908
tuning,harry,bump_mag_min_mg_500p0,e8592553de10,bump_mag_min_mg,14,9.285714285714286,26.642857142857142,1.0,0.42857142857142855,0.003246753246753247,11.137673900210169,-24.27265516179538,-14.055297734962476,15.161495613185318,-14.055297734962478,16.896285662225402,20.128272720652742,6.908763473265389
tuning,jamaal,bump_mag_min_mg_500p0,e8592553de10,bump_mag_min_mg,6,9.0,42.833333333333336,1.0,0.16666666666666666,0.08333333333333333,6.666346226081629,-12.690598253611311,-9.182918575787683,10.035898465219791,-9.182918575787683,12.425281189460323,14.052213530993177,6.536721539123828
tuning,stumpjumper-front-pod-v1,bump_mag_min_mg_500p0,e8592553de10,bump_mag_min_mg,7,24.285714285714285,98.85714285714286,1.0,0.42857142857142855,0.21344195257238735,5.9825601632356245,-12.133953031756997,-11.603231133456863,11.603231133456863,-11.60323113345686,12.37039757810604,12.87322001766708,4.073629133563836
tuning,stumpjumper-front-pod-v2,bump_mag_min_mg_500p0,e8592553de10,bump_mag_min_mg,11,22.545454545454547,93.36363636363636,1.0,0.2727272727272727,0.47523772795825764,5.050111454376213,-10.956765808589957,-6.7930784628612715,7.945029461360698,-6.7930784628612715,8.917609517900331,11.691687781624774,3.6119125620101453
tuning,cohort-balanced,bump_mag_min_mg_500p0,e8592553de10,bump_mag_min_mg,38,16.27922077922078,65.42424242424242,1.0,0.3241341991341991,0.19381494177768288,7.209172935975909,-15.01349306393841,-10.408631476767074,11.186413668305667,-10.408631476767074,12.652393486923025,14.686348512734442,5.2827566769908
tuning,harry,bump_mag_min_mg_50p0,2fc4f301fd3b,bump_mag_min_mg,14,12.642857142857142,26.428571428571427,1.0,0.42857142857142855,0.08142850420451116,10.668157691309172,-24.298580418467175,-14.067617147137147,15.173815025359989,-14.067617147137147,16.90727939735272,20.138716535419096,6.908763473265389
tuning,jamaal,bump_mag_min_mg_50p0,2fc4f301fd3b,bump_mag_min_mg,6,16.666666666666668,41.166666666666664,1.0,0.16666666666666666,0.12004289877853097,7.116779154135206,-12.73583016366837,-8.9797366501272,10.296783097425934,-8.9797366501272,12.538843679283344,13.96841863975279,6.536721539123828
tuning,stumpjumper-front-pod-v1,bump_mag_min_mg_50p0,2fc4f301fd3b,bump_mag_min_mg,7,27.428571428571427,102.71428571428571,1.0,0.42857142857142855,0.22111926642001828,6.279904703933509,-11.917901280687703,-11.33741571897397,11.33741571897397,-11.337415718973968,12.121050779141331,12.648542998862927,4.073629133563836
tuning,stumpjumper-front-pod-v2,bump_mag_min_mg_50p0,2fc4f301fd3b,bump_mag_min_mg,11,24.272727272727273,99.0,1.0,0.2727272727272727,0.4688940058186125,5.317838232060928,-10.925270670869857,-6.779224631151498,7.931175629650927,-6.779224631151499,8.904607733298842,11.684064609269022,3.6119125620101453
tuning,cohort-balanced,bump_mag_min_mg_50p0,2fc4f301fd3b,bump_mag_min_mg,38,20.25270562770563,67.32738095238095,1.0,0.3241341991341991,0.22287116880541824,7.345669945359704,-14.969395633423275,-10.290998536847454,11.184797367852706,-10.290998536847454,12.617945397269061,14.609935695825959,5.2827566769908
tuning,harry,bump_mag_min_mg_750p0,a6a3e22b1ee1,bump_mag_min_mg,14,8.214285714285714,26.857142857142858,1.0,0.42857142857142855,0.003246753246753247,10.702397882425718,-24.290222947116167,-14.055297734962476,15.161495613185318,-14.055297734962478,16.896285662225402,20.128272720652742,6.908763473265389
tuning,jamaal,bump_mag_min_mg_750p0,a6a3e22b1ee1,bump_mag_min_mg,6,8.333333333333334,44.0,1.0,0.16666666666666666,0.08333333333333333,6.881629802279043,-12.478782224599078,-9.064003608561368,9.916983497993476,-9.064003608561368,12.334052954995963,13.996100274102957,6.536721539123828
tuning,stumpjumper-front-pod-v1,bump_mag_min_mg_750p0,a6a3e22b1ee1,bump_mag_min_mg,7,21.714285714285715,97.14285714285714,1.0,0.2857142857142857,0.22300200888436184,5.383251578995143,-11.323029403506498,-11.525976144368354,11.525976144368354,-11.525976144368348,12.30850684525488,12.81490572702647,4.073629133563836
tuning,stumpjumper-front-pod-v2,bump_mag_min_mg_750p0,a6a3e22b1ee1,bump_mag_min_mg,11,20.545454545454547,91.0909090909091,1.0,0.2727272727272727,0.5009646650425051,4.859853009523992,-10.806941352539845,-6.634339866643413,7.786290865142842,-6.634339866643413,8.779354769699411,11.555409326123955,3.6119125620101453
tuning,cohort-balanced,bump_mag_min_mg_750p0,a6a3e22b1ee1,bump_mag_min_mg,38,14.701839826839826,64.77272727272728,1.0,0.2884199134199134,0.2026366901267384,6.956783068305974,-14.724743981940396,-10.319904338633904,11.0976865301725,-10.319904338633902,12.579550058043914,14.623672011976533,5.2827566769908
tuning,harry,current_generic,5868f745400a,current,14,6.428571428571429,28.142857142857142,1.0,0.42857142857142855,0.00510204081632653,9.991673687749328,-25.762517749244246,-15.4918631629443,15.4918631629443,-15.491863162944302,17.19407714979174,20.720521807309307,6.908763473265389
tuning,jamaal,current_generic,5868f745400a,current,6,7.5,44.0,1.0,0.16666666666666666,0.05555555555555555,6.919610030801451,-12.478782224599078,-9.064003608561368,9.916983497993476,-9.064003608561368,12.334052954995963,13.996100274102957,6.536721539123828
tuning,stumpjumper-front-pod-v1,current_generic,5868f745400a,current,7,20.285714285714285,96.85714285714286,1.0,0.2857142857142857,0.23704764294826405,5.035148857266814,-11.64864245239052,-11.70734627172759,11.70734627172759,-11.707346271727586,12.458350282058499,12.9632797907856,4.073629133563836
tuning,stumpjumper-front-pod-v2,current_generic,5868f745400a,current,11,18.727272727272727,90.81818181818181,1.0,0.2727272727272727,0.5463361670258222,4.0475437935361995,-10.891576439659902,-6.625411352468031,7.777362350967459,-6.625411352468031,8.752551938390575,11.52535706191518,3.6119125620101453
tuning,cohort-balanced,current_generic,5868f745400a,current,38,13.23538961038961,64.95454545454545,1.0,0.2884199134199134,0.2110103515864921,6.498494092338448,-15.195379716473436,-10.722156098925321,11.223388820908205,-10.722156098925321,12.684758081309194,14.801314733528262,5.2827566769908
tuning,harry,fallback_accel_quantile_40p0,072fd3dbcaa3,fallback_accel_quantile,14,6.428571428571429,28.142857142857142,1.0,0.6428571428571429,0.00510204081632653,9.991673687749328,-25.762517749244246,-12.669461115628541,14.957365101780193,-12.669461115628545,16.657687572743146,19.346216612159417,6.908763473265389
tuning,jamaal,fallback_accel_quantile_40p0,072fd3dbcaa3,fallback_accel_quantile,6,7.5,44.0,1.0,0.3333333333333333,0.05555555555555555,6.919610030801451,-12.478782224599078,-5.7310545487941695,13.249932557760674,-5.7310545487941695,14.962231632566649,14.923453077707457,6.536721539123828
tuning,stumpjumper-front-pod-v1,fallback_accel_quantile_40p0,072fd3dbcaa3,fallback_accel_quantile,7,20.285714285714285,96.85714285714286,1.0,0.42857142857142855,0.23704764294826405,5.035148857266814,-11.64864245239052,-11.681403801538483,11.681403801538483,-11.681403801538481,12.43325074982748,12.9403701329386,4.073629133563836
tuning,stumpjumper-front-pod-v2,fallback_accel_quantile_40p0,072fd3dbcaa3,fallback_accel_quantile,11,18.727272727272727,90.81818181818181,1.0,0.45454545454545453,0.5463361670258222,4.0475437935361995,-10.891576439659902,-5.852653604382497,7.004604602881926,-5.852653604382497,8.201716865444729,10.977022842704544,3.6119125620101453
tuning,cohort-balanced,fallback_accel_quantile_40p0,072fd3dbcaa3,fallback_accel_quantile,38,13.23538961038961,64.95454545454545,1.0,0.46482683982683987,0.2110103515864921,6.498494092338448,-15.195379716473436,-8.983643267585924,11.723326515990319,-8.983643267585922,13.063721705145502,14.546765666377503,5.2827566769908
tuning,harry,fallback_accel_quantile_55p0,57320fb05e8b,fallback_accel_quantile,14,6.428571428571429,28.142857142857142,1.0,0.5,0.00510204081632653,9.991673687749328,-25.762517749244246,-16.00412116178,16.00412116178,-16.004121161780002,17.60956498339525,21.079731714091626,6.908763473265389
tuning,jamaal,fallback_accel_quantile_55p0,57320fb05e8b,fallback_accel_quantile,6,7.5,44.0,1.0,0.16666666666666666,0.05555555555555555,6.919610030801451,-12.478782224599078,-9.064003608561368,9.916983497993476,-9.064003608561368,12.334052954995963,13.996100274102957,6.536721539123828
tuning,stumpjumper-front-pod-v1,fallback_accel_quantile_55p0,57320fb05e8b,fallback_accel_quantile,7,20.285714285714285,96.85714285714286,1.0,0.2857142857142857,0.23704764294826405,5.035148857266814,-11.64864245239052,-11.70734627172759,11.70734627172759,-11.707346271727586,12.458350282058499,12.9632797907856,4.073629133563836
tuning,stumpjumper-front-pod-v2,fallback_accel_quantile_55p0,57320fb05e8b,fallback_accel_quantile,11,18.727272727272727,90.81818181818181,1.0,0.36363636363636365,0.5463361670258222,4.0475437935361995,-10.891576439659902,-6.51006098652874,7.662011985028169,-6.51006098652874,8.653129632143232,11.42865141064639,3.6119125620101453
tuning,cohort-balanced,fallback_accel_quantile_55p0,57320fb05e8b,fallback_accel_quantile,38,13.23538961038961,64.95454545454545,1.0,0.32900432900432897,0.2110103515864921,6.498494092338448,-15.195379716473436,-10.821383007149425,11.322615729132309,-10.821383007149425,12.763774463148236,14.866940797406642,5.2827566769908
tuning,harry,fallback_accel_quantile_70p0,8f37a5325611,fallback_accel_quantile,14,6.428571428571429,28.142857142857142,1.0,0.42857142857142855,0.00510204081632653,9.991673687749328,-25.762517749244246,-15.4918631629443,15.4918631629443,-15.491863162944302,17.19407714979174,20.720521807309307,6.908763473265389
tuning,jamaal,fallback_accel_quantile_70p0,8f37a5325611,fallback_accel_quantile,6,7.5,44.0,1.0,0.16666666666666666,0.05555555555555555,6.919610030801451,-12.478782224599078,-9.064003608561368,9.916983497993476,-9.064003608561368,12.334052954995963,13.996100274102957,6.536721539123828
tuning,stumpjumper-front-pod-v1,fallback_accel_quantile_70p0,8f37a5325611,fallback_accel_quantile,7,20.285714285714285,96.85714285714286,1.0,0.2857142857142857,0.23704764294826405,5.035148857266814,-11.64864245239052,-11.70734627172759,11.70734627172759,-11.707346271727586,12.458350282058499,12.9632797907856,4.073629133563836
tuning,stumpjumper-front-pod-v2,fallback_accel_quantile_70p0,8f37a5325611,fallback_accel_quantile,11,18.727272727272727,90.81818181818181,1.0,0.2727272727272727,0.5463361670258222,4.0475437935361995,-10.891576439659902,-6.625411352468031,7.777362350967459,-6.625411352468031,8.752551938390575,11.52535706191518,3.6119125620101453
tuning,cohort-balanced,fallback_accel_quantile_70p0,8f37a5325611,fallback_accel_quantile,38,13.23538961038961,64.95454545454545,1.0,0.2884199134199134,0.2110103515864921,6.498494092338448,-15.195379716473436,-10.722156098925321,11.223388820908205,-10.722156098925321,12.684758081309194,14.801314733528262,5.2827566769908
tuning,harry,fallback_accel_quantile_85p0,310f7d8c9d6b,fallback_accel_quantile,14,6.428571428571429,28.142857142857142,1.0,0.42857142857142855,0.00510204081632653,9.991673687749328,-25.762517749244246,-15.4918631629443,15.4918631629443,-15.491863162944302,17.19407714979174,20.720521807309307,6.908763473265389
tuning,jamaal,fallback_accel_quantile_85p0,310f7d8c9d6b,fallback_accel_quantile,6,7.5,44.0,1.0,0.16666666666666666,0.05555555555555555,6.919610030801451,-12.478782224599078,-9.064003608561368,9.916983497993476,-9.064003608561368,12.334052954995963,13.996100274102957,6.536721539123828
tuning,stumpjumper-front-pod-v1,fallback_accel_quantile_85p0,310f7d8c9d6b,fallback_accel_quantile,7,20.285714285714285,96.85714285714286,1.0,0.2857142857142857,0.23704764294826405,5.035148857266814,-11.64864245239052,-11.70734627172759,11.70734627172759,-11.707346271727586,12.458350282058499,12.9632797907856,4.073629133563836
tuning,stumpjumper-front-pod-v2,fallback_accel_quantile_85p0,310f7d8c9d6b,fallback_accel_quantile,11,18.727272727272727,90.81818181818181,1.0,0.2727272727272727,0.5463361670258222,4.0475437935361995,-10.891576439659902,-6.625411352468031,7.777362350967459,-6.625411352468031,8.752551938390575,11.52535706191518,3.6119125620101453
tuning,cohort-balanced,fallback_accel_quantile_85p0,310f7d8c9d6b,fallback_accel_quantile,38,13.23538961038961,64.95454545454545,1.0,0.2884199134199134,0.2110103515864921,6.498494092338448,-15.195379716473436,-10.722156098925321,11.223388820908205,-10.722156098925321,12.684758081309194,14.801314733528262,5.2827566769908
tuning,harry,fallback_accel_quantile_95p0,7d70d5a75f18,fallback_accel_quantile,14,6.428571428571429,28.142857142857142,1.0,0.5714285714285714,0.00510204081632653,9.991673687749328,-25.762517749244246,-13.544185853889813,13.544185853889813,-13.544185853889815,15.437050170864284,19.130862584553295,6.908763473265389
tuning,jamaal,fallback_accel_quantile_95p0,7d70d5a75f18,fallback_accel_quantile,6,7.5,44.0,1.0,0.3333333333333333,0.05555555555555555,6.919610030801451,-12.478782224599078,-8.412079901740903,9.26505979117301,-8.412079901740901,11.715365206205192,13.39077193995999,6.536721539123828
tuning,stumpjumper-front-pod-v1,fallback_accel_quantile_95p0,7d70d5a75f18,fallback_accel_quantile,7,20.285714285714285,96.85714285714286,1.0,0.42857142857142855,0.23704764294826405,5.035148857266814,-11.64864245239052,-11.910553506301287,11.910553506301287,-11.910553506301286,12.644384140125522,13.118972772497612,4.073629133563836
tuning,stumpjumper-front-pod-v2,fallback_accel_quantile_95p0,7d70d5a75f18,fallback_accel_quantile,11,18.727272727272727,90.81818181818181,1.0,0.6363636363636364,0.5463361670258222,4.0475437935361995,-10.891576439659902,-4.700271189184398,6.683851701077398,-4.700271189184398,7.665837703469518,10.341504034346695,3.6119125620101453
tuning,cohort-balanced,fallback_accel_quantile_95p0,7d70d5a75f18,fallback_accel_quantile,38,13.23538961038961,64.95454545454545,1.0,0.49242424242424243,0.2110103515864921,6.498494092338448,-15.195379716473436,-9.641772612779102,10.350912713110379,-9.6417726127791,11.86565930516613,13.9955278328394,5.2827566769908
tuning,harry,fallback_percentile_0p5,f7f8b1956c80,fallback_percentile,14,6.428571428571429,28.142857142857142,1.0,0.42857142857142855,0.00510204081632653,9.991673687749328,-25.762517749244246,-9.067521005433443,13.620763045384566,-9.067521005433443,15.834820278726,18.559643612352147,6.908763473265389
tuning,jamaal,fallback_percentile_0p5,f7f8b1956c80,fallback_percentile,6,7.5,44.0,1.0,0.16666666666666666,0.05555555555555555,6.919610030801451,-12.478782224599078,-7.695694526712106,8.548674416144214,-7.695694526712106,11.363207862219221,13.021847649626066,6.536721539123828
tuning,stumpjumper-front-pod-v1,fallback_percentile_0p5,f7f8b1956c80,fallback_percentile,7,20.285714285714285,96.85714285714286,1.0,0.2857142857142857,0.23704764294826405,5.035148857266814,-11.64864245239052,-10.78131519658218,10.78131519658218,-10.781315196582176,11.600890609121999,12.265100405393103,4.073629133563836
tuning,stumpjumper-front-pod-v2,fallback_percentile_0p5,f7f8b1956c80,fallback_percentile,11,18.727272727272727,90.81818181818181,1.0,0.2727272727272727,0.5463361670258222,4.0475437935361995,-10.891576439659902,-6.207335696382608,7.46414756382751,-6.207335696382608,8.527889534724595,11.20474785824762,3.6119125620101453
tuning,cohort-balanced,fallback_percentile_0p5,f7f8b1956c80,fallback_percentile,38,13.23538961038961,64.95454545454545,1.0,0.2884199134199134,0.2110103515864921,6.498494092338448,-15.195379716473436,-8.437966606277584,10.103725055484617,-8.437966606277584,11.831702071197952,13.762834881404734,5.2827566769908
tuning,harry,fallback_percentile_10p0,c600fcbba21a,fallback_percentile,14,6.428571428571429,28.142857142857142,1.0,0.42857142857142855,0.00510204081632653,9.991673687749328,-25.762517749244246,-16.370333758878868,16.370333758878868,-16.370333758878868,17.95305390983638,21.434305372837503,6.908763473265389
tuning,jamaal,fallback_percentile_10p0,c600fcbba21a,fallback_percentile,6,7.5,44.0,1.0,0.16666666666666666,0.05555555555555555,6.919610030801451,-12.478782224599078,-9.193399401031,10.04637929046311,-9.193399401031,12.443752096537082,14.10684047175206,6.536721539123828
tuning,stumpjumper-front-pod-v1,fallback_percentile_10p0,c600fcbba21a,fallback_percentile,7,20.285714285714285,96.85714285714286,1.0,0.2857142857142857,0.23704764294826405,5.035148857266814,-11.64864245239052,-11.885653318665721,11.885653318665721,-11.88565331866572,12.626833351479359,13.108278149159021,4.073629133563836
tuning,stumpjumper-front-pod-v2,fallback_percentile_10p0,c600fcbba21a,fallback_percentile,11,18.727272727272727,90.81818181818181,1.0,0.2727272727272727,0.5463361670258222,4.0475437935361995,-10.891576439659902,-6.661797410347462,7.779146862152332,-6.6617974103474635,8.755896957972817,11.543823235028807,3.6119125620101453
tuning,cohort-balanced,fallback_percentile_10p0,c600fcbba21a,fallback_percentile,38,13.23538961038961,64.95454545454545,1.0,0.2884199134199134,0.2110103515864921,6.498494092338448,-15.195379716473436,-11.027795972230763,11.520378307540007,-11.027795972230761,12.94488407895641,15.048311807194349,5.2827566769908
tuning,harry,fallback_percentile_15p0,49896dfdc1e6,fallback_percentile,14,6.428571428571429,28.142857142857142,1.0,0.42857142857142855,0.00510204081632653,9.991673687749328,-25.762517749244246,-18.9812665012165,18.9812665012165,-18.981266501216503,20.379406089743863,23.704625231712594,6.908763473265389
tuning,jamaal,fallback_percentile_15p0,49896dfdc1e6,fallback_percentile,6,7.5,44.0,1.0,0.16666666666666666,0.05555555555555555,6.919610030801451,-12.478782224599078,-9.454697316613553,10.307677206045662,-9.454697316613553,12.67018767646602,14.335338836281137,6.536721539123828
tuning,stumpjumper-front-pod-v1,fallback_percentile_15p0,49896dfdc1e6,fallback_percentile,7,20.285714285714285,96.85714285714286,1.0,0.2857142857142857,0.23704764294826405,5.035148857266814,-11.64864245239052,-12.061940082416262,12.061940082416262,-12.06194008241626,12.795129041939697,13.25621551408913,4.073629133563836
tuning,stumpjumper-front-pod-v2,fallback_percentile_15p0,49896dfdc1e6,fallback_percentile,11,18.727272727272727,90.81818181818181,1.0,0.2727272727272727,0.5463361670258222,4.0475437935361995,-10.891576439659902,-6.830708498208031,7.6904519133306,-6.830708498208031,8.694636829754304,11.603600880323816,3.6119125620101453
tuning,cohort-balanced,fallback_percentile_15p0,49896dfdc1e6,fallback_percentile,38,13.23538961038961,64.95454545454545,1.0,0.2884199134199134,0.2110103515864921,6.498494092338448,-15.195379716473436,-11.832153099613587,12.260333925752256,-11.832153099613587,13.63483990947597,15.724945115601669,5.2827566769908
tuning,harry,fallback_percentile_1p0,a42fa6f08d47,fallback_percentile,14,6.428571428571429,28.142857142857142,1.0,0.42857142857142855,0.00510204081632653,9.991673687749328,-25.762517749244246,-9.834230165775535,13.775389356221904,-9.834230165775537,15.86398558649927,18.647063697417188,6.908763473265389
tuning,jamaal,fallback_percentile_1p0,a42fa6f08d47,fallback_percentile,6,7.5,44.0,1.0,0.16666666666666666,0.05555555555555555,6.919610030801451,-12.478782224599078,-7.985119087091316,8.838098976523424,-7.9851190870913165,11.525533720759732,13.181957129327698,6.536721539123828
tuning,stumpjumper-front-pod-v1,fallback_percentile_1p0,a42fa6f08d47,fallback_percentile,7,20.285714285714285,96.85714285714286,1.0,0.2857142857142857,0.23704764294826405,5.035148857266814,-11.64864245239052,-11.119675443608767,11.119675443608767,-11.119675443608761,11.907880576119272,12.503209462812526,4.073629133563836
tuning,stumpjumper-front-pod-v2,fallback_percentile_1p0,a42fa6f08d47,fallback_percentile,11,18.727272727272727,90.81818181818181,1.0,0.2727272727272727,0.5463361670258222,4.0475437935361995,-10.891576439659902,-6.303649770027125,7.543275025772206,-6.303649770027125,8.571916833662067,11.277311275119741,3.6119125620101453
tuning,cohort-balanced,fallback_percentile_1p0,a42fa6f08d47,fallback_percentile,38,13.23538961038961,64.95454545454545,1.0,0.2884199134199134,0.2110103515864921,6.498494092338448,-15.195379716473436,-8.810668616625685,10.319109700531573,-8.810668616625684,11.967329179260085,13.90238539116929,5.2827566769908
tuning,harry,fallback_percentile_2p0,35ce2f9b64ce,fallback_percentile,14,6.428571428571429,28.142857142857142,1.0,0.42857142857142855,0.00510204081632653,9.991673687749328,-25.762517749244246,-11.297919072478795,13.531638568623382,-11.297919072478797,15.516734082111691,18.509971202029696,6.908763473265389
tuning,jamaal,fallback_percentile_2p0,35ce2f9b64ce,fallback_percentile,6,7.5,44.0,1.0,0.16666666666666666,0.05555555555555555,6.919610030801451,-12.478782224599078,-8.419492593821845,9.272472483253953,-8.419492593821845,11.82170971993915,13.479058148128631,6.536721539123828
tuning,stumpjumper-front-pod-v1,fallback_percentile_2p0,35ce2f9b64ce,fallback_percentile,7,20.285714285714285,96.85714285714286,1.0,0.2857142857142857,0.23704764294826405,5.035148857266814,-11.64864245239052,-11.279632713340769,11.279632713340769,-11.279632713340765,12.056205130976148,12.624037545452182,4.073629133563836
tuning,stumpjumper-front-pod-v2,fallback_percentile_2p0,35ce2f9b64ce,fallback_percentile,11,18.727272727272727,90.81818181818181,1.0,0.2727272727272727,0.5463361670258222,4.0475437935361995,-10.891576439659902,-6.456374004341891,7.665262977239587,-6.456374004341891,8.658378477019948,11.396919750316139,3.6119125620101453
tuning,cohort-balanced,fallback_percentile_2p0,35ce2f9b64ce,fallback_percentile,38,13.23538961038961,64.95454545454545,1.0,0.2884199134199134,0.2110103515864921,6.498494092338448,-15.195379716473436,-9.363354595995824,10.437251685614422,-9.363354595995824,12.013256852511734,14.002496661481661,5.2827566769908
tuning,harry,fallback_percentile_5p0,b837f0bd5b81,fallback_percentile,14,6.428571428571429,28.142857142857142,1.0,0.42857142857142855,0.00510204081632653,9.991673687749328,-25.762517749244246,-14.032628699290882,14.256841648441624,-14.032628699290884,16.19757648123998,19.680319057857247,6.908763473265389
tuning,jamaal,fallback_percentile_5p0,b837f0bd5b81,fallback_percentile,6,7.5,44.0,1.0,0.16666666666666666,0.05555555555555555,6.919610030801451,-12.478782224599078,-8.830842874607436,9.683822764039544,-8.830842874607436,12.141350530278423,13.801539968662995,6.536721539123828
tuning,stumpjumper-front-pod-v1,fallback_percentile_5p0,b837f0bd5b81,fallback_percentile,7,20.285714285714285,96.85714285714286,1.0,0.2857142857142857,0.23704764294826405,5.035148857266814,-11.64864245239052,-11.52350208828918,11.52350208828918,-11.523502088289177,12.283760409640701,12.812953997305025,4.073629133563836
tuning,stumpjumper-front-pod-v2,fallback_percentile_5p0,b837f0bd5b81,fallback_percentile,11,18.727272727272727,90.81818181818181,1.0,0.2727272727272727,0.5463361670258222,4.0475437935361995,-10.891576439659902,-6.569100947695944,7.741715192466364,-6.569100947695944,8.719593245248445,11.481956203698338,3.6119125620101453
tuning,cohort-balanced,fallback_percentile_5p0,b837f0bd5b81,fallback_percentile,38,13.23538961038961,64.95454545454545,1.0,0.2884199134199134,0.2110103515864921,6.498494092338448,-15.195379716473436,-10.23901865247086,10.801470423309178,-10.239018652470861,12.335570166601888,14.4441923068809,5.2827566769908
tuning,harry,fallback_percentile_8p0,f6e5fb0b1eb6,fallback_percentile,14,6.428571428571429,28.142857142857142,1.0,0.42857142857142855,0.00510204081632653,9.991673687749328,-25.762517749244246,-15.4918631629443,15.4918631629443,-15.491863162944302,17.19407714979174,20.720521807309307,6.908763473265389
tuning,jamaal,fallback_percentile_8p0,f6e5fb0b1eb6,fallback_percentile,6,7.5,44.0,1.0,0.16666666666666666,0.05555555555555555,6.919610030801451,-12.478782224599078,-9.064003608561368,9.916983497993476,-9.064003608561368,12.334052954995963,13.996100274102957,6.536721539123828
tuning,stumpjumper-front-pod-v1,fallback_percentile_8p0,f6e5fb0b1eb6,fallback_percentile,7,20.285714285714285,96.85714285714286,1.0,0.2857142857142857,0.23704764294826405,5.035148857266814,-11.64864245239052,-11.70734627172759,11.70734627172759,-11.707346271727586,12.458350282058499,12.9632797907856,4.073629133563836
tuning,stumpjumper-front-pod-v2,fallback_percentile_8p0,f6e5fb0b1eb6,fallback_percentile,11,18.727272727272727,90.81818181818181,1.0,0.2727272727272727,0.5463361670258222,4.0475437935361995,-10.891576439659902,-6.625411352468031,7.777362350967459,-6.625411352468031,8.752551938390575,11.52535706191518,3.6119125620101453
tuning,cohort-balanced,fallback_percentile_8p0,f6e5fb0b1eb6,fallback_percentile,38,13.23538961038961,64.95454545454545,1.0,0.2884199134199134,0.2110103515864921,6.498494092338448,-15.195379716473436,-10.722156098925321,11.223388820908205,-10.722156098925321,12.684758081309194,14.801314733528262,5.2827566769908
tuning,harry,max_offset_delta_mm_10p0,d456fac03dc0,max_offset_delta_mm,14,6.428571428571429,28.142857142857142,1.0,0.7857142857142857,0.00510204081632653,9.991673687749328,-25.762517749244246,-11.845586164616948,14.133490150768598,-11.84558616461695,16.019769257173845,18.819619119690902,6.908763473265389
tuning,jamaal,max_offset_delta_mm_10p0,d456fac03dc0,max_offset_delta_mm,6,7.5,44.0,1.0,0.5,0.05555555555555555,6.919610030801451,-12.478782224599078,-3.551039912977744,13.320017777197878,-3.551039912977744,15.015517015983633,15.3605859942892,6.536721539123828
tuning,stumpjumper-front-pod-v1,max_offset_delta_mm_10p0,d456fac03dc0,max_offset_delta_mm,7,20.285714285714285,96.85714285714286,1.0,0.2857142857142857,0.23704764294826405,5.035148857266814,-11.64864245239052,-11.70734627172759,11.70734627172759,-11.707346271727586,12.458350282058499,12.9632797907856,4.073629133563836
tuning,stumpjumper-front-pod-v2,max_offset_delta_mm_10p0,d456fac03dc0,max_offset_delta_mm,11,18.727272727272727,90.81818181818181,1.0,0.36363636363636365,0.5463361670258222,4.0475437935361995,-10.891576439659902,-5.662736152347798,6.8146871508472255,-5.662736152347798,7.858339315208877,10.689335188150343,3.6119125620101453
tuning,cohort-balanced,max_offset_delta_mm_10p0,d456fac03dc0,max_offset_delta_mm,38,13.23538961038961,64.95454545454545,1.0,0.48376623376623373,0.2110103515864921,6.498494092338448,-15.195379716473436,-8.19167712541752,11.493885337635323,-8.19167712541752,12.837993967606213,14.458205023229011,5.2827566769908
tuning,harry,max_offset_delta_mm_20p0,4f88216a70b9,max_offset_delta_mm,14,6.428571428571429,28.142857142857142,1.0,0.5,0.00510204081632653,9.991673687749328,-25.762517749244246,-13.232817356978275,15.520721343129924,-13.232817356978282,17.21981589432908,19.85417028751748,6.908763473265389
tuning,jamaal,max_offset_delta_mm_20p0,4f88216a70b9,max_offset_delta_mm,6,7.5,44.0,1.0,0.16666666666666666,0.05555555555555555,6.919610030801451,-12.478782224599078,-9.064003608561368,9.916983497993476,-9.064003608561368,12.334052954995963,13.996100274102957,6.536721539123828
tuning,stumpjumper-front-pod-v1,max_offset_delta_mm_20p0,4f88216a70b9,max_offset_delta_mm,7,20.285714285714285,96.85714285714286,1.0,0.2857142857142857,0.23704764294826405,5.035148857266814,-11.64864245239052,-11.70734627172759,11.70734627172759,-11.707346271727586,12.458350282058499,12.9632797907856,4.073629133563836
tuning,stumpjumper-front-pod-v2,max_offset_delta_mm_20p0,4f88216a70b9,max_offset_delta_mm,11,18.727272727272727,90.81818181818181,1.0,0.2727272727272727,0.5463361670258222,4.0475437935361995,-10.891576439659902,-6.625411352468031,7.777362350967459,-6.625411352468031,8.752551938390575,11.52535706191518,3.6119125620101453
tuning,cohort-balanced,max_offset_delta_mm_20p0,4f88216a70b9,max_offset_delta_mm,38,13.23538961038961,64.95454545454545,1.0,0.30627705627705626,0.2110103515864921,6.498494092338448,-15.195379716473436,-10.157394647433815,11.230603365954611,-10.157394647433819,12.691192767443528,14.584726853580303,5.2827566769908
tuning,harry,max_offset_delta_mm_40p0,bd345bdc8674,max_offset_delta_mm,14,6.428571428571429,28.142857142857142,1.0,0.42857142857142855,0.00510204081632653,9.991673687749328,-25.762517749244246,-15.4918631629443,15.4918631629443,-15.491863162944302,17.19407714979174,20.720521807309307,6.908763473265389
tuning,jamaal,max_offset_delta_mm_40p0,bd345bdc8674,max_offset_delta_mm,6,7.5,44.0,1.0,0.16666666666666666,0.05555555555555555,6.919610030801451,-12.478782224599078,-9.064003608561368,9.916983497993476,-9.064003608561368,12.334052954995963,13.996100274102957,6.536721539123828
tuning,stumpjumper-front-pod-v1,max_offset_delta_mm_40p0,bd345bdc8674,max_offset_delta_mm,7,20.285714285714285,96.85714285714286,1.0,0.2857142857142857,0.23704764294826405,5.035148857266814,-11.64864245239052,-11.70734627172759,11.70734627172759,-11.707346271727586,12.458350282058499,12.9632797907856,4.073629133563836
tuning,stumpjumper-front-pod-v2,max_offset_delta_mm_40p0,bd345bdc8674,max_offset_delta_mm,11,18.727272727272727,90.81818181818181,1.0,0.2727272727272727,0.5463361670258222,4.0475437935361995,-10.891576439659902,-6.625411352468031,7.777362350967459,-6.625411352468031,8.752551938390575,11.52535706191518,3.6119125620101453
tuning,cohort-balanced,max_offset_delta_mm_40p0,bd345bdc8674,max_offset_delta_mm,38,13.23538961038961,64.95454545454545,1.0,0.2884199134199134,0.2110103515864921,6.498494092338448,-15.195379716473436,-10.722156098925321,11.223388820908205,-10.722156098925321,12.684758081309194,14.801314733528262,5.2827566769908
tuning,harry,max_offset_delta_mm_80p0,18644d9ae6a1,max_offset_delta_mm,14,6.428571428571429,28.142857142857142,1.0,0.42857142857142855,0.00510204081632653,9.991673687749328,-25.762517749244246,-15.4918631629443,15.4918631629443,-15.491863162944302,17.19407714979174,20.720521807309307,6.908763473265389
tuning,jamaal,max_offset_delta_mm_80p0,18644d9ae6a1,max_offset_delta_mm,6,7.5,44.0,1.0,0.16666666666666666,0.05555555555555555,6.919610030801451,-12.478782224599078,-9.064003608561368,9.916983497993476,-9.064003608561368,12.334052954995963,13.996100274102957,6.536721539123828
tuning,stumpjumper-front-pod-v1,max_offset_delta_mm_80p0,18644d9ae6a1,max_offset_delta_mm,7,20.285714285714285,96.85714285714286,1.0,0.2857142857142857,0.23704764294826405,5.035148857266814,-11.64864245239052,-11.70734627172759,11.70734627172759,-11.707346271727586,12.458350282058499,12.9632797907856,4.073629133563836
tuning,stumpjumper-front-pod-v2,max_offset_delta_mm_80p0,18644d9ae6a1,max_offset_delta_mm,11,18.727272727272727,90.81818181818181,1.0,0.2727272727272727,0.5463361670258222,4.0475437935361995,-10.891576439659902,-6.625411352468031,7.777362350967459,-6.625411352468031,8.752551938390575,11.52535706191518,3.6119125620101453
tuning,cohort-balanced,max_offset_delta_mm_80p0,18644d9ae6a1,max_offset_delta_mm,38,13.23538961038961,64.95454545454545,1.0,0.2884199134199134,0.2110103515864921,6.498494092338448,-15.195379716473436,-10.722156098925321,11.223388820908205,-10.722156098925321,12.684758081309194,14.801314733528262,5.2827566769908
tuning,harry,max_offset_delta_mm_inf,a490952c1eac,max_offset_delta_mm,14,6.428571428571429,28.142857142857142,1.0,0.42857142857142855,0.00510204081632653,9.991673687749328,-25.762517749244246,-15.4918631629443,15.4918631629443,-15.491863162944302,17.19407714979174,20.720521807309307,6.908763473265389
tuning,jamaal,max_offset_delta_mm_inf,a490952c1eac,max_offset_delta_mm,6,7.5,44.0,1.0,0.16666666666666666,0.05555555555555555,6.919610030801451,-12.478782224599078,-9.064003608561368,9.916983497993476,-9.064003608561368,12.334052954995963,13.996100274102957,6.536721539123828
tuning,stumpjumper-front-pod-v1,max_offset_delta_mm_inf,a490952c1eac,max_offset_delta_mm,7,20.285714285714285,96.85714285714286,1.0,0.2857142857142857,0.23704764294826405,5.035148857266814,-11.64864245239052,-11.70734627172759,11.70734627172759,-11.707346271727586,12.458350282058499,12.9632797907856,4.073629133563836
tuning,stumpjumper-front-pod-v2,max_offset_delta_mm_inf,a490952c1eac,max_offset_delta_mm,11,18.727272727272727,90.81818181818181,1.0,0.2727272727272727,0.5463361670258222,4.0475437935361995,-10.891576439659902,-6.625411352468031,7.777362350967459,-6.625411352468031,8.752551938390575,11.52535706191518,3.6119125620101453
tuning,cohort-balanced,max_offset_delta_mm_inf,a490952c1eac,max_offset_delta_mm,38,13.23538961038961,64.95454545454545,1.0,0.2884199134199134,0.2110103515864921,6.498494092338448,-15.195379716473436,-10.722156098925321,11.223388820908205,-10.722156098925321,12.684758081309194,14.801314733528262,5.2827566769908
tuning,harry,min_ref_mag_mg_0p0,8c33e123f5ac,min_ref_mag_mg,14,6.428571428571429,149.85714285714286,1.0,0.14285714285714285,0.00510204081632653,9.991673687749328,-10.51642491087215,-9.176370964009509,11.70850643283748,-9.176370964009509,14.380424556388714,17.050155164034457,6.908763473265389
tuning,jamaal,min_ref_mag_mg_0p0,8c33e123f5ac,min_ref_mag_mg,6,7.5,176.33333333333334,1.0,0.0,0.05555555555555555,6.919610030801451,-4.276235930099202,2.1440516820953195,9.029899097247013,2.14405168209532,11.504787195430763,11.249164452056794,6.536721539123828
tuning,stumpjumper-front-pod-v1,min_ref_mag_mg_0p0,8c33e123f5ac,min_ref_mag_mg,7,20.285714285714285,457.2857142857143,1.0,0.0,0.23704764294826405,5.035148857266814,-10.716059050943672,-13.832660809448825,13.832660809448825,-13.832660809448825,14.513728791482562,14.862929264318138,4.073629133563836
tuning,stumpjumper-front-pod-v2,min_ref_mag_mg_0p0,8c33e123f5ac,min_ref_mag_mg,11,18.727272727272727,412.27272727272725,1.0,0.09090909090909091,0.5463361670258222,4.0475437935361995,-7.775461832651132,-4.809980324195352,7.5922626288396255,-4.809980324195352,8.758780212729583,11.023504149109742,3.6119125620101453
tuning,cohort-balanced,min_ref_mag_mg_0p0,8c33e123f5ac,min_ref_mag_mg,38,13.23538961038961,298.93722943722946,1.0,0.05844155844155844,0.2110103515864921,6.498494092338448,-8.321045431141538,-6.418740103889592,10.540832242093236,-6.418740103889592,12.289430189007906,13.546438257379783,5.2827566769908
tuning,harry,min_ref_mag_mg_1000p0,780188dc8c93,min_ref_mag_mg,14,6.428571428571429,60.714285714285715,1.0,0.5,0.00510204081632653,9.991673687749328,-19.9954223790519,-16.618095409959217,17.281908366339838,-16.618095409959217,19.005493116992056,23.19946577240899,6.908763473265389
tuning,jamaal,min_ref_mag_mg_1000p0,780188dc8c93,min_ref_mag_mg,6,7.5,82.0,1.0,0.0,0.05555555555555555,6.919610030801451,-8.596743051460122,-7.163071196486967,9.355561869838159,-7.163071196486965,12.178375548752427,13.210381364034104,6.536721539123828
tuning,stumpjumper-front-pod-v1,min_ref_mag_mg_1000p0,780188dc8c93,min_ref_mag_mg,7,20.285714285714285,162.0,1.0,0.2857142857142857,0.23704764294826405,5.035148857266814,-12.965046281750551,-13.72022993191555,13.72022993191555,-13.720229931915549,14.376483648598272,14.793517708286837,4.073629133563836
tuning,stumpjumper-front-pod-v2,min_ref_mag_mg_1000p0,780188dc8c93,min_ref_mag_mg,11,18.727272727272727,168.9090909090909,1.0,0.45454545454545453,0.5463361670258222,4.0475437935361995,-13.404332801745717,-9.139967431993751,10.29191843049318,-9.139967431993751,11.072251179763219,13.689468150886194,3.6119125620101453
tuning,cohort-balanced,min_ref_mag_mg_1000p0,780188dc8c93,min_ref_mag_mg,38,13.23538961038961,118.40584415584416,1.0,0.31006493506493504,0.2110103515864921,6.498494092338448,-13.740386128502072,-11.660340992588871,12.662404649646682,-11.660340992588871,14.158150873526495,16.22320824890403,5.2827566769908
tuning,harry,min_ref_mag_mg_100p0,1ad56bf4f9c4,min_ref_mag_mg,14,6.428571428571429,152.64285714285714,1.0,0.14285714285714285,0.00510204081632653,9.991673687749328,-10.52894715047415,-9.245191418868627,11.768557648879781,-9.245191418868627,14.440030098373677,17.11755598239223,6.908763473265387
tuning,jamaal,min_ref_mag_mg_100p0,1ad56bf4f9c4,min_ref_mag_mg,6,7.5,179.83333333333334,1.0,0.0,0.05555555555555555,6.919610030801451,-4.282624065638481,2.208185685062651,9.042854022436332,2.2081856850626504,11.521001488870418,11.256953342384486,6.536721539123828
tuning,stumpjumper-front-pod-v1,min_ref_mag_mg_100p0,1ad56bf4f9c4,min_ref_mag_mg,7,20.285714285714285,465.0,1.0,0.14285714285714285,0.23704764294826405,5.035148857266814,-10.96295867677671,-13.350629589031714,13.350629589031714,-13.350629589031708,14.04222967798871,14.427073011119294,4.073629133563836
tuning,stumpjumper-front-pod-v2,min_ref_mag_mg_100p0,1ad56bf4f9c4,min_ref_mag_mg,11,18.727272727272727,418.72727272727275,1.0,0.18181818181818182,0.5463361670258222,4.0475437935361995,-7.877491454586351,-3.587568001541412,6.4577186925885375,-3.587568001541413,7.633154990274528,9.899243121052978,3.6119125620101453
tuning,cohort-balanced,min_ref_mag_mg_100p0,1ad56bf4f9c4,min_ref_mag_mg,38,13.23538961038961,304.05086580086584,1.0,0.11688311688311688,0.2110103515864921,6.498494092338448,-8.413005336868922,-5.9938008310947755,10.15493998823409,-5.993800831094775,11.909104063876832,13.175206364237248,5.2827566769908
tuning,harry,min_ref_mag_mg_1500p0,71a43e068e07,min_ref_mag_mg,14,6.428571428571429,45.142857142857146,1.0,0.42857142857142855,0.00510204081632653,9.991673687749328,-19.09300884530958,-14.851531993727928,16.619938590404313,-14.85153199372793,18.228047555226212,22.573770212075605,6.908763473265389
tuning,jamaal,min_ref_mag_mg_1500p0,71a43e068e07,min_ref_mag_mg,6,7.5,59.833333333333336,1.0,0.0,0.05555555555555555,6.919610030801451,-7.754870662601242,-5.861729079322154,6.71030453625907,-5.8617290793221555,9.872876881648532,11.624748971966142,6.536721539123828
tuning,stumpjumper-front-pod-v1,min_ref_mag_mg_1500p0,71a43e068e07,min_ref_mag_mg,7,20.285714285714285,120.57142857142857,1.0,0.42857142857142855,0.23704764294826405,5.035148857266814,-13.34349735957414,-12.3005435841848,12.3005435841848,-12.3005435841848,13.016816950972197,13.534799685014677,4.073629133563836
tuning,stumpjumper-front-pod-v2,min_ref_mag_mg_1500p0,71a43e068e07,min_ref_mag_mg,11,18.727272727272727,123.0909090909091,1.0,0.45454545454545453,0.5463361670258222,4.0475437935361995,-12.852873664003317,-7.679400807916832,8.83135180641626,-7.679400807916832,9.657933805596066,12.349950759048568,3.6119125620101453
tuning,cohort-balanced,min_ref_mag_mg_1500p0,71a43e068e07,min_ref_mag_mg,38,13.23538961038961,87.15963203463204,1.0,0.3279220779220779,0.2110103515864921,6.498494092338448,-13.26106263287207,-10.173301366287928,11.11553462931611,-10.17330136628793,12.693918798360752,15.020817407026247,5.2827566769908
tuning,harry,min_ref_mag_mg_2000p0,a2e78b42cf08,min_ref_mag_mg,14,6.428571428571429,28.142857142857142,1.0,0.42857142857142855,0.00510204081632653,9.991673687749328,-25.762517749244246,-15.4918631629443,15.4918631629443,-15.491863162944302,17.19407714979174,20.720521807309307,6.908763473265389
tuning,jamaal,min_ref_mag_mg_2000p0,a2e78b42cf08,min_ref_mag_mg,6,7.5,44.0,1.0,0.16666666666666666,0.05555555555555555,6.919610030801451,-12.478782224599078,-9.064003608561368,9.916983497993476,-9.064003608561368,12.334052954995963,13.996100274102957,6.536721539123828
tuning,stumpjumper-front-pod-v1,min_ref_mag_mg_2000p0,a2e78b42cf08,min_ref_mag_mg,7,20.285714285714285,96.85714285714286,1.0,0.2857142857142857,0.23704764294826405,5.035148857266814,-11.64864245239052,-11.70734627172759,11.70734627172759,-11.707346271727586,12.458350282058499,12.9632797907856,4.073629133563836
tuning,stumpjumper-front-pod-v2,min_ref_mag_mg_2000p0,a2e78b42cf08,min_ref_mag_mg,11,18.727272727272727,90.81818181818181,1.0,0.2727272727272727,0.5463361670258222,4.0475437935361995,-10.891576439659902,-6.625411352468031,7.777362350967459,-6.625411352468031,8.752551938390575,11.52535706191518,3.6119125620101453
tuning,cohort-balanced,min_ref_mag_mg_2000p0,a2e78b42cf08,min_ref_mag_mg,38,13.23538961038961,64.95454545454545,1.0,0.2884199134199134,0.2110103515864921,6.498494092338448,-15.195379716473436,-10.722156098925321,11.223388820908205,-10.722156098925321,12.684758081309194,14.801314733528262,5.2827566769908
tuning,harry,min_ref_mag_mg_250p0,23fae3e654cb,min_ref_mag_mg,14,6.428571428571429,155.35714285714286,1.0,0.21428571428571427,0.00510204081632653,9.991673687749328,-10.48744045298504,-9.544337819376072,11.997867416539872,-9.54433781937607,14.679370767982729,17.359638891095937,6.908763473265389
tuning,jamaal,min_ref_mag_mg_250p0,23fae3e654cb,min_ref_mag_mg,6,7.5,185.66666666666666,1.0,0.0,0.05555555555555555,6.919610030801451,-3.918618785485561,2.3631723485967995,9.087496932099581,2.363172348596799,11.541055422505368,11.271237321419228,6.536721539123828
tuning,stumpjumper-front-pod-v1,min_ref_mag_mg_250p0,23fae3e654cb,min_ref_mag_mg,7,20.285714285714285,478.14285714285717,1.0,0.14285714285714285,0.23704764294826405,5.035148857266814,-11.308261087160203,-13.338743920238496,13.338743920238496,-13.338743920238494,14.029488719167237,14.417549061724205,4.073629133563836
tuning,stumpjumper-front-pod-v2,min_ref_mag_mg_250p0,23fae3e654cb,min_ref_mag_mg,11,18.727272727272727,421.8181818181818,1.0,0.18181818181818182,0.5463361670258222,4.0475437935361995,-8.11231871300897,-3.426970467943315,6.375832070994801,-3.426970467943315,7.551455221528624,9.778495852720575,3.6119125620101453
tuning,cohort-balanced,min_ref_mag_mg_250p0,23fae3e654cb,min_ref_mag_mg,38,13.23538961038961,310.2462121212121,1.0,0.13474025974025972,0.2110103515864921,6.498494092338448,-8.456659759659942,-5.986719964740271,10.199985084968187,-5.986719964740271,11.95034253279599,13.206730281739986,5.2827566769908
tuning,harry,min_ref_mag_mg_500p0,5c623694d870,min_ref_mag_mg,14,6.428571428571429,156.14285714285714,1.0,0.21428571428571427,0.00510204081632653,9.991673687749328,-10.851718297205688,-9.555662894151995,11.938041191861794,-9.555662894151993,14.640370268651736,17.34287470602411,6.908763473265387
tuning,jamaal,min_ref_mag_mg_500p0,5c623694d870,min_ref_mag_mg,6,7.5,193.0,1.0,0.0,0.05555555555555555,6.919610030801451,-4.156018345218997,1.6858406444867715,9.399663746469992,1.6858406444867704,11.784490653216515,11.538671443688704,6.536721539123828
tuning,stumpjumper-front-pod-v1,min_ref_mag_mg_500p0,5c623694d870,min_ref_mag_mg,7,20.285714285714285,420.42857142857144,1.0,0.14285714285714285,0.23704764294826405,5.035148857266814,-12.786960904874652,-13.861961092287576,13.861961092287576,-13.861961092287572,14.799410341784212,15.04289775701642,4.073629133563836
tuning,stumpjumper-front-pod-v2,min_ref_mag_mg_500p0,5c623694d870,min_ref_mag_mg,11,18.727272727272727,374.54545454545456,1.0,0.18181818181818182,0.5463361670258222,4.0475437935361995,-8.876485946919257,-3.7300837409617076,6.425517304085101,-3.730083740961707,7.681628030280631,9.885712554090945,3.6119125620101453
tuning,cohort-balanced,min_ref_mag_mg_500p0,5c623694d870,min_ref_mag_mg,38,13.23538961038961,286.0292207792208,1.0,0.13474025974025972,0.2110103515864921,6.498494092338448,-9.167795873554649,-6.365466770728626,10.406295833676115,-6.365466770728625,12.226474823483272,13.452539115205044,5.2827566769908
tuning,harry,min_ref_points_1,bbd6ead9f72a,min_ref_points,14,6.428571428571429,28.142857142857142,1.0,0.42857142857142855,0.00510204081632653,9.991673687749328,-25.762517749244246,-15.4918631629443,15.4918631629443,-15.491863162944302,17.19407714979174,20.720521807309307,6.908763473265389
tuning,jamaal,min_ref_points_1,bbd6ead9f72a,min_ref_points,6,7.5,44.0,1.0,0.16666666666666666,0.05555555555555555,6.919610030801451,-12.478782224599078,-9.064003608561368,9.916983497993476,-9.064003608561368,12.334052954995963,13.996100274102957,6.536721539123828
tuning,stumpjumper-front-pod-v1,min_ref_points_1,bbd6ead9f72a,min_ref_points,7,20.285714285714285,96.85714285714286,1.0,0.2857142857142857,0.23704764294826405,5.035148857266814,-11.64864245239052,-11.70734627172759,11.70734627172759,-11.707346271727586,12.458350282058499,12.9632797907856,4.073629133563836
tuning,stumpjumper-front-pod-v2,min_ref_points_1,bbd6ead9f72a,min_ref_points,11,18.727272727272727,90.81818181818181,1.0,0.2727272727272727,0.5463361670258222,4.0475437935361995,-10.891576439659902,-6.625411352468031,7.777362350967459,-6.625411352468031,8.752551938390575,11.52535706191518,3.6119125620101453
tuning,cohort-balanced,min_ref_points_1,bbd6ead9f72a,min_ref_points,38,13.23538961038961,64.95454545454545,1.0,0.2884199134199134,0.2110103515864921,6.498494092338448,-15.195379716473436,-10.722156098925321,11.223388820908205,-10.722156098925321,12.684758081309194,14.801314733528262,5.2827566769908
tuning,harry,min_ref_points_10,2723484eb6f3,min_ref_points,14,6.428571428571429,28.142857142857142,0.8571428571428571,0.5714285714285714,0.00510204081632653,9.991673687749328,-28.613519228554537,-16.419789682382397,16.419789682382397,-16.4197896823824,18.174595653847792,21.663730475114836,6.908763473265389
tuning,jamaal,min_ref_points_10,2723484eb6f3,min_ref_points,6,7.5,44.0,1.0,0.16666666666666666,0.05555555555555555,6.919610030801451,-12.478782224599078,-9.064003608561368,9.916983497993476,-9.064003608561368,12.334052954995963,13.996100274102957,6.536721539123828
tuning,stumpjumper-front-pod-v1,min_ref_points_10,2723484eb6f3,min_ref_points,7,20.285714285714285,96.85714285714286,1.0,0.2857142857142857,0.23704764294826405,5.035148857266814,-11.64864245239052,-11.70734627172759,11.70734627172759,-11.707346271727586,12.458350282058499,12.9632797907856,4.073629133563836
tuning,stumpjumper-front-pod-v2,min_ref_points_10,2723484eb6f3,min_ref_points,11,18.727272727272727,90.81818181818181,1.0,0.2727272727272727,0.5463361670258222,4.0475437935361995,-10.891576439659902,-6.625411352468031,7.777362350967459,-6.625411352468031,8.752551938390575,11.52535706191518,3.6119125620101453
tuning,cohort-balanced,min_ref_points_10,2723484eb6f3,min_ref_points,38,13.23538961038961,64.95454545454545,0.9642857142857143,0.3241341991341991,0.2110103515864921,6.498494092338448,-15.908130086301009,-10.954137728784847,11.45537045076773,-10.954137728784847,12.929887707323207,15.037116900479642,5.2827566769908
tuning,harry,min_ref_points_20,e0c2a3682274,min_ref_points,14,6.428571428571429,28.142857142857142,0.5,0.7142857142857143,0.00510204081632653,9.991673687749328,-19.997381581123076,-15.812546891876435,15.812546891876435,-15.812546891876435,17.64238710755392,21.146871351729228,6.908763473265389
tuning,jamaal,min_ref_points_20,e0c2a3682274,min_ref_points,6,7.5,44.0,0.8333333333333334,0.3333333333333333,0.05555555555555555,6.919610030801451,-12.513879434791482,-8.34525931455013,9.198239203982238,-8.34525931455013,11.709478050178943,13.331604819674242,6.536721539123828
tuning,stumpjumper-front-pod-v1,min_ref_points_20,e0c2a3682274,min_ref_points,7,20.285714285714285,96.85714285714286,1.0,0.2857142857142857,0.23704764294826405,5.035148857266814,-11.64864245239052,-11.70734627172759,11.70734627172759,-11.707346271727586,12.458350282058499,12.9632797907856,4.073629133563836
tuning,stumpjumper-front-pod-v2,min_ref_points_20,e0c2a3682274,min_ref_points,11,18.727272727272727,90.81818181818181,0.9090909090909091,0.2727272727272727,0.5463361670258222,4.0475437935361995,-9.020273451726428,-6.625411352468031,7.777362350967459,-6.625411352468031,8.752551938390575,11.52535706191518,3.6119125620101453
tuning,cohort-balanced,min_ref_points_20,e0c2a3682274,min_ref_points,38,13.23538961038961,64.95454545454545,0.8106060606060607,0.40151515151515155,0.2110103515864921,6.498494092338448,-13.295044230007875,-10.622640957655545,11.12387367963843,-10.622640957655545,12.640691844545483,14.741778256026063,5.2827566769908
tuning,harry,min_ref_points_40,0037bcb9661d,min_ref_points,14,6.428571428571429,28.142857142857142,0.2857142857142857,0.8571428571428571,0.00510204081632653,9.991673687749328,-19.51012756500035,-15.2491906505267,15.2491906505267,-15.249190650526701,17.08025878596798,20.638917676371165,6.908763473265389
tuning,jamaal,min_ref_points_40,0037bcb9661d,min_ref_points,6,7.5,44.0,0.3333333333333333,0.8333333333333334,0.05555555555555555,6.919610030801451,-16.20574414323808,-4.849684693832267,12.368562702798771,-4.849684693832267,14.123750079775883,14.044402595766549,6.536721539123828
tuning,stumpjumper-front-pod-v1,min_ref_points_40,0037bcb9661d,min_ref_points,7,20.285714285714285,96.85714285714286,1.0,0.2857142857142857,0.23704764294826405,5.035148857266814,-11.64864245239052,-11.70734627172759,11.70734627172759,-11.707346271727586,12.458350282058499,12.9632797907856,4.073629133563836
tuning,stumpjumper-front-pod-v2,min_ref_points_40,0037bcb9661d,min_ref_points,11,18.727272727272727,90.81818181818181,0.6363636363636364,0.45454545454545453,0.5463361670258222,4.0475437935361995,-5.983044927842134,-5.672931278397891,7.65651179029089,-5.672931278397891,8.56888993363977,11.186841013125555,3.6119125620101453
tuning,cohort-balanced,min_ref_points_40,0037bcb9661d,min_ref_points,38,13.23538961038961,64.95454545454545,0.5638528138528138,0.6076839826839827,0.2110103515864921,6.498494092338448,-13.33688977211777,-9.36978822362111,11.745402853835987,-9.36978822362111,13.057812270360532,14.708360269012218,5.2827566769908
tuning,harry,min_ref_points_5,27b768dc7bf1,min_ref_points,14,6.428571428571429,28.142857142857142,0.9285714285714286,0.5,0.00510204081632653,9.991673687749328,-26.908316874353048,-15.111502457616272,15.111502457616272,-15.111502457616272,16.931609249101093,20.458372127669524,6.908763473265389
tuning,jamaal,min_ref_points_5,27b768dc7bf1,min_ref_points,6,7.5,44.0,1.0,0.16666666666666666,0.05555555555555555,6.919610030801451,-12.478782224599078,-9.064003608561368,9.916983497993476,-9.064003608561368,12.334052954995963,13.996100274102957,6.536721539123828
tuning,stumpjumper-front-pod-v1,min_ref_points_5,27b768dc7bf1,min_ref_points,7,20.285714285714285,96.85714285714286,1.0,0.2857142857142857,0.23704764294826405,5.035148857266814,-11.64864245239052,-11.70734627172759,11.70734627172759,-11.707346271727586,12.458350282058499,12.9632797907856,4.073629133563836
tuning,stumpjumper-front-pod-v2,min_ref_points_5,27b768dc7bf1,min_ref_points,11,18.727272727272727,90.81818181818181,1.0,0.2727272727272727,0.5463361670258222,4.0475437935361995,-10.891576439659902,-6.625411352468031,7.777362350967459,-6.625411352468031,8.752551938390575,11.52535706191518,3.6119125620101453
tuning,cohort-balanced,min_ref_points_5,27b768dc7bf1,min_ref_points,38,13.23538961038961,64.95454545454545,0.9821428571428572,0.30627705627705626,0.2110103515864921,6.498494092338448,-15.481829497750637,-10.627065922593314,11.128298644576198,-10.627065922593314,12.619141106136532,14.735777313618314,5.2827566769908
tuning,harry,min_ref_points_80,19619166a71f,min_ref_points,14,6.428571428571429,28.142857142857142,0.07142857142857142,0.9285714285714286,0.00510204081632653,9.991673687749328,-15.46894946542723,-14.501349542453735,14.501349542453735,-14.501349542453735,16.394252722993507,19.988667383855283,6.908763473265389
tuning,jamaal,min_ref_points_80,19619166a71f,min_ref_points,6,7.5,44.0,0.16666666666666666,0.8333333333333334,0.05555555555555555,6.919610030801451,-9.93536845930511,-4.849684693832267,12.368562702798771,-4.849684693832267,14.123750079775883,14.044402595766549,6.536721539123828
tuning,stumpjumper-front-pod-v1,min_ref_points_80,19619166a71f,min_ref_points,7,20.285714285714285,96.85714285714286,0.7142857142857143,0.42857142857142855,0.23704764294826405,5.035148857266814,-11.684900723059389,-11.802727807793586,11.802727807793586,-11.802727807793582,12.545641007030834,13.049043360010348,4.073629133563836
tuning,stumpjumper-front-pod-v2,min_ref_points_80,19619166a71f,min_ref_points,11,18.727272727272727,90.81818181818181,0.5454545454545454,0.5454545454545454,0.5463361670258222,4.0475437935361995,-5.055266472828414,-4.710256078277658,6.6938365901706565,-4.7102560782776575,7.674677310458073,10.350819139360718,3.6119125620101453
tuning,cohort-balanced,min_ref_points_80,19619166a71f,min_ref_points,38,13.23538961038961,64.95454545454545,0.37445887445887444,0.6839826839826839,0.2110103515864921,6.498494092338448,-10.536121280155035,-8.966004530589311,11.341619160804187,-8.966004530589311,12.684580280064575,14.358233119748222,5.2827566769908
tuning,harry,neg_fallback_max_fraction_0p02,74307f162209,neg_fallback_max_fraction,14,6.428571428571429,28.142857142857142,1.0,1.0,0.00510204081632653,9.991673687749328,-25.762517749244246,-12.242303736487711,14.530207722639357,-12.242303736487713,16.419991467530846,19.12231586406346,6.908763473265389
tuning,jamaal,neg_fallback_max_fraction_0p02,74307f162209,neg_fallback_max_fraction,6,7.5,44.0,1.0,0.8333333333333334,0.05555555555555555,6.919610030801451,-12.478782224599078,-4.849684693832267,12.368562702798771,-4.849684693832267,14.123750079775883,14.044402595766549,6.536721539123828
tuning,stumpjumper-front-pod-v1,neg_fallback_max_fraction_0p02,74307f162209,neg_fallback_max_fraction,7,20.285714285714285,96.85714285714286,1.0,0.5714285714285714,0.23704764294826405,5.035148857266814,-11.64864245239052,-11.884611036112185,11.884611036112185,-11.884611036112181,12.619284607894505,13.096063114650613,4.073629133563836
tuning,stumpjumper-front-pod-v2,neg_fallback_max_fraction_0p02,74307f162209,neg_fallback_max_fraction,11,18.727272727272727,90.81818181818181,1.0,1.0,0.5463361670258222,4.0475437935361995,-10.891576439659902,-3.2182032325281837,5.201783744421183,-3.218203232528185,6.576304372839644,9.252083126745168,3.6119125620101453
tuning,cohort-balanced,neg_fallback_max_fraction_0p02,74307f162209,neg_fallback_max_fraction,38,13.23538961038961,64.95454545454545,1.0,0.8511904761904763,0.2110103515864921,6.498494092338448,-15.195379716473436,-8.048700674740086,10.996291301492874,-8.048700674740086,12.43483263201022,13.878716175306447,5.2827566769908
tuning,harry,neg_fallback_max_fraction_0p05,11f0567d00a1,neg_fallback_max_fraction,14,6.428571428571429,28.142857142857142,1.0,0.7142857142857143,0.00510204081632653,9.991673687749328,-25.762517749244246,-13.308602744652546,13.308602744652546,-13.308602744652546,15.166531941493316,18.839822198819736,6.908763473265389
tuning,jamaal,neg_fallback_max_fraction_0p05,11f0567d00a1,neg_fallback_max_fraction,6,7.5,44.0,1.0,0.16666666666666666,0.05555555555555555,6.919610030801451,-12.478782224599078,-9.064003608561368,9.916983497993476,-9.064003608561368,12.334052954995963,13.996100274102957,6.536721539123828
tuning,stumpjumper-front-pod-v1,neg_fallback_max_fraction_0p05,11f0567d00a1,neg_fallback_max_fraction,7,20.285714285714285,96.85714285714286,1.0,0.2857142857142857,0.23704764294826405,5.035148857266814,-11.64864245239052,-11.70734627172759,11.70734627172759,-11.707346271727586,12.458350282058499,12.9632797907856,4.073629133563836
tuning,stumpjumper-front-pod-v2,neg_fallback_max_fraction_0p05,11f0567d00a1,neg_fallback_max_fraction,11,18.727272727272727,90.81818181818181,1.0,0.5454545454545454,0.5463361670258222,4.0475437935361995,-10.891576439659902,-5.187721362904814,6.339672361404243,-5.187721362904813,7.4094279960347365,10.256505299175624,3.6119125620101453
tuning,cohort-balanced,neg_fallback_max_fraction_0p05,11f0567d00a1,neg_fallback_max_fraction,38,13.23538961038961,64.95454545454545,1.0,0.428030303030303,0.2110103515864921,6.498494092338448,-15.195379716473436,-9.81691849696158,10.318151218944463,-9.816918496961577,11.842090793645628,14.013926890720978,5.2827566769908
tuning,harry,neg_fallback_max_fraction_0p08,caf060057978,neg_fallback_max_fraction,14,6.428571428571429,28.142857142857142,1.0,0.42857142857142855,0.00510204081632653,9.991673687749328,-25.762517749244246,-15.4918631629443,15.4918631629443,-15.491863162944302,17.19407714979174,20.720521807309307,6.908763473265389
tuning,jamaal,neg_fallback_max_fraction_0p08,caf060057978,neg_fallback_max_fraction,6,7.5,44.0,1.0,0.16666666666666666,0.05555555555555555,6.919610030801451,-12.478782224599078,-9.064003608561368,9.916983497993476,-9.064003608561368,12.334052954995963,13.996100274102957,6.536721539123828
tuning,stumpjumper-front-pod-v1,neg_fallback_max_fraction_0p08,caf060057978,neg_fallback_max_fraction,7,20.285714285714285,96.85714285714286,1.0,0.2857142857142857,0.23704764294826405,5.035148857266814,-11.64864245239052,-11.70734627172759,11.70734627172759,-11.707346271727586,12.458350282058499,12.9632797907856,4.073629133563836
tuning,stumpjumper-front-pod-v2,neg_fallback_max_fraction_0p08,caf060057978,neg_fallback_max_fraction,11,18.727272727272727,90.81818181818181,1.0,0.2727272727272727,0.5463361670258222,4.0475437935361995,-10.891576439659902,-6.625411352468031,7.777362350967459,-6.625411352468031,8.752551938390575,11.52535706191518,3.6119125620101453
tuning,cohort-balanced,neg_fallback_max_fraction_0p08,caf060057978,neg_fallback_max_fraction,38,13.23538961038961,64.95454545454545,1.0,0.2884199134199134,0.2110103515864921,6.498494092338448,-15.195379716473436,-10.722156098925321,11.223388820908205,-10.722156098925321,12.684758081309194,14.801314733528262,5.2827566769908
tuning,harry,neg_fallback_max_fraction_0p15,39ed8dea9425,neg_fallback_max_fraction,14,6.428571428571429,28.142857142857142,1.0,0.07142857142857142,0.00510204081632653,9.991673687749328,-25.762517749244246,-21.34874495509368,21.34874495509368,-21.34874495509368,22.683037656487716,25.917781064499454,6.908763473265389
tuning,jamaal,neg_fallback_max_fraction_0p15,39ed8dea9425,neg_fallback_max_fraction,6,7.5,44.0,1.0,0.0,0.05555555555555555,6.919610030801451,-12.478782224599078,-10.801035302379745,11.654015191811851,-10.801035302379745,13.902243249251422,15.576111880151807,6.536721539123828
tuning,stumpjumper-front-pod-v1,neg_fallback_max_fraction_0p15,39ed8dea9425,neg_fallback_max_fraction,7,20.285714285714285,96.85714285714286,1.0,0.0,0.23704764294826405,5.035148857266814,-11.64864245239052,-13.832477624387538,13.832477624387538,-13.832477624387538,14.513964307527486,14.835840391894331,4.073629133563836
tuning,stumpjumper-front-pod-v2,neg_fallback_max_fraction_0p15,39ed8dea9425,neg_fallback_max_fraction,11,18.727272727272727,90.81818181818181,1.0,0.09090909090909091,0.5463361670258222,4.0475437935361995,-10.891576439659902,-10.142670475989599,10.142670475989599,-10.142670475989599,11.024284397083711,14.597160821434692,3.6119125620101453
tuning,cohort-balanced,neg_fallback_max_fraction_0p15,39ed8dea9425,neg_fallback_max_fraction,38,13.23538961038961,64.95454545454545,1.0,0.040584415584415584,0.2110103515864921,6.498494092338448,-15.195379716473436,-14.03123208946264,14.244477061820666,-14.03123208946264,15.530882402587585,17.73172353949507,5.2827566769908
tuning,harry,neg_fallback_max_fraction_0p3,79a5525a9766,neg_fallback_max_fraction,14,6.428571428571429,28.142857142857142,1.0,0.07142857142857142,0.00510204081632653,9.991673687749328,-25.762517749244246,-21.34874495509368,21.34874495509368,-21.34874495509368,22.683037656487716,25.917781064499454,6.908763473265389
tuning,jamaal,neg_fallback_max_fraction_0p3,79a5525a9766,neg_fallback_max_fraction,6,7.5,44.0,1.0,0.0,0.05555555555555555,6.919610030801451,-12.478782224599078,-10.801035302379745,11.654015191811851,-10.801035302379745,13.902243249251422,15.576111880151807,6.536721539123828
tuning,stumpjumper-front-pod-v1,neg_fallback_max_fraction_0p3,79a5525a9766,neg_fallback_max_fraction,7,20.285714285714285,96.85714285714286,1.0,0.0,0.23704764294826405,5.035148857266814,-11.64864245239052,-13.832477624387538,13.832477624387538,-13.832477624387538,14.513964307527486,14.835840391894331,4.073629133563836
tuning,stumpjumper-front-pod-v2,neg_fallback_max_fraction_0p3,79a5525a9766,neg_fallback_max_fraction,11,18.727272727272727,90.81818181818181,1.0,0.0,0.5463361670258222,4.0475437935361995,-10.891576439659902,-12.949074363048863,12.949074363048863,-12.949074363048863,13.72557652699846,17.328433690071552,3.6119125620101453
tuning,cohort-balanced,neg_fallback_max_fraction_0p3,79a5525a9766,neg_fallback_max_fraction,38,13.23538961038961,64.95454545454545,1.0,0.017857142857142856,0.2110103515864921,6.498494092338448,-15.195379716473436,-14.732833061227456,14.946078033585483,-14.732833061227456,16.206205435066273,18.414541756654287,5.2827566769908
tuning,harry,neg_fallback_max_fraction_1p0,2adfe9fd0ce1,neg_fallback_max_fraction,14,6.428571428571429,28.142857142857142,1.0,0.0,0.00510204081632653,9.991673687749328,-25.762517749244246,-24.889037535150013,24.889037535150013,-24.889037535150013,26.158647615253074,29.362963634010296,6.908763473265389
tuning,jamaal,neg_fallback_max_fraction_1p0,2adfe9fd0ce1,neg_fallback_max_fraction,6,7.5,44.0,1.0,0.0,0.05555555555555555,6.919610030801451,-12.478782224599078,-10.801035302379745,11.654015191811851,-10.801035302379745,13.902243249251422,15.576111880151807,6.536721539123828
tuning,stumpjumper-front-pod-v1,neg_fallback_max_fraction_1p0,2adfe9fd0ce1,neg_fallback_max_fraction,7,20.285714285714285,96.85714285714286,1.0,0.0,0.23704764294826405,5.035148857266814,-11.64864245239052,-13.832477624387538,13.832477624387538,-13.832477624387538,14.513964307527486,14.835840391894331,4.073629133563836
tuning,stumpjumper-front-pod-v2,neg_fallback_max_fraction_1p0,2adfe9fd0ce1,neg_fallback_max_fraction,11,18.727272727272727,90.81818181818181,1.0,0.0,0.5463361670258222,4.0475437935361995,-10.891576439659902,-12.949074363048863,12.949074363048863,-12.949074363048863,13.72557652699846,17.328433690071552,3.6119125620101453
tuning,cohort-balanced,neg_fallback_max_fraction_1p0,2adfe9fd0ce1,neg_fallback_max_fraction,38,13.23538961038961,64.95454545454545,1.0,0.0,0.2110103515864921,6.498494092338448,-15.195379716473436,-15.617906206241539,15.831151178599566,-15.617906206241539,17.07510792475761,19.275837399031996,5.2827566769908
tuning,harry,ref_mag_range_mg_1000p0,feeebd3d24e2,ref_mag_range_mg,14,6.428571428571429,13.928571428571429,0.9285714285714286,0.42857142857142855,0.00510204081632653,9.991673687749328,-21.709577996526477,-12.79624370183076,15.256153518905407,-12.796243701830761,17.052261683638218,19.816801659995786,6.908763473265389
tuning,jamaal,ref_mag_range_mg_1000p0,feeebd3d24e2,ref_mag_range_mg,6,7.5,20.833333333333332,1.0,0.3333333333333333,0.05555555555555555,6.919610030801451,-12.268698349886483,-6.564811243118391,10.166877091779416,-6.564811243118391,12.188827284564914,12.59156851282753,6.536721539123828
tuning,stumpjumper-front-pod-v1,ref_mag_range_mg_1000p0,feeebd3d24e2,ref_mag_range_mg,7,20.285714285714285,44.42857142857143,1.0,0.14285714285714285,0.23704764294826405,5.035148857266814,-8.56822247180249,-8.908556237267122,8.908556237267122,-8.90855623726712,9.877647304217472,10.845561021321732,4.073629133563836
tuning,stumpjumper-front-pod-v2,ref_mag_range_mg_1000p0,feeebd3d24e2,ref_mag_range_mg,11,18.727272727272727,47.0,1.0,0.2727272727272727,0.5463361670258222,4.0475437935361995,-11.510585092939182,-6.30921072454611,7.651193220992388,-6.309210724546111,8.7268086101722,11.474009094986705,3.6119125620101453
tuning,cohort-balanced,ref_mag_range_mg_1000p0,feeebd3d24e2,ref_mag_range_mg,38,13.23538961038961,31.547619047619047,0.9821428571428572,0.29437229437229434,0.2110103515864921,6.498494092338448,-13.514270977788659,-8.644705476690596,10.495695017236084,-8.644705476690596,11.961386220648201,13.68198507228294,5.2827566769908
tuning,harry,ref_mag_range_mg_1500p0,a75befc03d45,ref_mag_range_mg,14,6.428571428571429,20.285714285714285,0.9285714285714286,0.42857142857142855,0.00510204081632653,9.991673687749328,-22.3264237240832,-13.804873771897016,15.957317918148515,-13.804873771897016,17.583098349440096,20.401352075424427,6.908763473265389
tuning,jamaal,ref_mag_range_mg_1500p0,a75befc03d45,ref_mag_range_mg,6,7.5,30.833333333333332,1.0,0.16666666666666666,0.05555555555555555,6.919610030801451,-11.541975682963418,-8.51197035249726,11.806911539766688,-8.51197035249726,13.605606852855686,14.216710496968659,6.536721539123828
tuning,stumpjumper-front-pod-v1,ref_mag_range_mg_1500p0,a75befc03d45,ref_mag_range_mg,7,20.285714285714285,68.42857142857143,1.0,0.2857142857142857,0.23704764294826405,5.035148857266814,-12.046593773259161,-11.639633107624649,11.639633107624649,-11.639633107624647,12.395860458012072,12.890918043167696,4.073629133563836
tuning,stumpjumper-front-pod-v2,ref_mag_range_mg_1500p0,a75befc03d45,ref_mag_range_mg,11,18.727272727272727,67.36363636363636,1.0,0.2727272727272727,0.5463361670258222,4.0475437935361995,-11.10411390284255,-6.360394457928077,7.534764417472616,-6.360394457928077,8.650085833550188,11.414257329347699,3.6119125620101453
tuning,cohort-balanced,ref_mag_range_mg_1500p0,a75befc03d45,ref_mag_range_mg,38,13.23538961038961,46.72781385281385,0.9821428571428572,0.2884199134199134,0.2110103515864921,6.498494092338448,-14.254776770787082,-10.079217922486752,11.734656745753117,-10.079217922486752,13.05866287346451,14.73080948622712,5.2827566769908
tuning,harry,ref_mag_range_mg_2000p0,18ca632da908,ref_mag_range_mg,14,6.428571428571429,28.142857142857142,1.0,0.42857142857142855,0.00510204081632653,9.991673687749328,-25.762517749244246,-15.4918631629443,15.4918631629443,-15.491863162944302,17.19407714979174,20.720521807309307,6.908763473265389
tuning,jamaal,ref_mag_range_mg_2000p0,18ca632da908,ref_mag_range_mg,6,7.5,44.0,1.0,0.16666666666666666,0.05555555555555555,6.919610030801451,-12.478782224599078,-9.064003608561368,9.916983497993476,-9.064003608561368,12.334052954995963,13.996100274102957,6.536721539123828
tuning,stumpjumper-front-pod-v1,ref_mag_range_mg_2000p0,18ca632da908,ref_mag_range_mg,7,20.285714285714285,96.85714285714286,1.0,0.2857142857142857,0.23704764294826405,5.035148857266814,-11.64864245239052,-11.70734627172759,11.70734627172759,-11.707346271727586,12.458350282058499,12.9632797907856,4.073629133563836
tuning,stumpjumper-front-pod-v2,ref_mag_range_mg_2000p0,18ca632da908,ref_mag_range_mg,11,18.727272727272727,90.81818181818181,1.0,0.2727272727272727,0.5463361670258222,4.0475437935361995,-10.891576439659902,-6.625411352468031,7.777362350967459,-6.625411352468031,8.752551938390575,11.52535706191518,3.6119125620101453
tuning,cohort-balanced,ref_mag_range_mg_2000p0,18ca632da908,ref_mag_range_mg,38,13.23538961038961,64.95454545454545,1.0,0.2884199134199134,0.2110103515864921,6.498494092338448,-15.195379716473436,-10.722156098925321,11.223388820908205,-10.722156098925321,12.684758081309194,14.801314733528262,5.2827566769908
tuning,harry,ref_mag_range_mg_250p0,fbe53ceee711,ref_mag_range_mg,14,6.428571428571429,2.7142857142857144,0.7142857142857143,0.6428571428571429,0.00510204081632653,9.991673687749328,-27.519479058334305,-14.46518448326748,14.849367067095429,-14.46518448326748,17.04206956138966,20.275295695495846,6.908763473265389
tuning,jamaal,ref_mag_range_mg_250p0,fbe53ceee711,ref_mag_range_mg,6,7.5,6.833333333333333,1.0,0.16666666666666666,0.05555555555555555,6.919610030801451,-11.284325938155765,-7.280979900996022,11.211422813037622,-7.280979900996023,13.386882559783098,13.761173860050732,6.536721539123828
tuning,stumpjumper-front-pod-v1,ref_mag_range_mg_250p0,fbe53ceee711,ref_mag_range_mg,7,20.285714285714285,10.428571428571429,1.0,0.0,0.23704764294826405,5.035148857266814,-6.42049061866593,-8.023863164249049,8.023863164249049,-8.023863164249047,9.488449284501328,10.906763541237593,4.073629133563836
tuning,stumpjumper-front-pod-v2,ref_mag_range_mg_250p0,fbe53ceee711,ref_mag_range_mg,11,18.727272727272727,13.090909090909092,1.0,0.36363636363636365,0.5463361670258222,4.0475437935361995,-12.641610560562413,-5.347180330397819,6.499131328897248,-5.34718033039782,7.707121832489109,10.54390472322434,3.6119125620101453
tuning,cohort-balanced,ref_mag_range_mg_250p0,fbe53ceee711,ref_mag_range_mg,38,13.23538961038961,8.266774891774892,0.9285714285714286,0.29329004329004327,0.2110103515864921,6.498494092338448,-14.466476543929604,-8.779301969727593,10.145946093319838,-8.779301969727593,11.906130809540798,13.871784455002128,5.2827566769908
tuning,harry,ref_mag_range_mg_3000p0,2ef7a0adce85,ref_mag_range_mg,14,6.428571428571429,51.785714285714285,1.0,0.42857142857142855,0.00510204081632653,9.991673687749328,-19.398709225733153,-14.955226255910656,15.740204132205237,-14.955226255910658,17.548310578831998,21.819978000606596,6.908763473265389
tuning,jamaal,ref_mag_range_mg_3000p0,2ef7a0adce85,ref_mag_range_mg,6,7.5,67.33333333333333,1.0,0.0,0.05555555555555555,6.919610030801451,-9.715505382387455,-7.416900909981542,8.07079985337852,-7.416900909981543,10.895137038608235,12.579391920207023,6.536721539123828
tuning,stumpjumper-front-pod-v1,ref_mag_range_mg_3000p0,2ef7a0adce85,ref_mag_range_mg,7,20.285714285714285,146.0,1.0,0.42857142857142855,0.23704764294826405,5.035148857266814,-12.710439994381769,-11.966527545985006,11.966527545985006,-11.966527545985004,12.711249244989192,13.210604361245672,4.073629133563836
tuning,stumpjumper-front-pod-v2,ref_mag_range_mg_3000p0,2ef7a0adce85,ref_mag_range_mg,11,18.727272727272727,147.63636363636363,1.0,0.2727272727272727,0.5463361670258222,4.0475437935361995,-12.069618032224463,-8.482876571616915,9.634827570116343,-8.482876571616915,10.406055327093819,13.069596488683441,3.6119125620101453
tuning,cohort-balanced,ref_mag_range_mg_3000p0,2ef7a0adce85,ref_mag_range_mg,38,13.23538961038961,103.1888528138528,1.0,0.2824675324675324,0.2110103515864921,6.498494092338448,-13.47356815868171,-10.70538282087353,11.353089775421278,-10.70538282087353,12.89018804738081,15.169892692685682,5.2827566769908
tuning,harry,ref_mag_range_mg_5000p0,9b02adf6a63a,ref_mag_range_mg,14,6.428571428571429,180.57142857142858,1.0,0.2857142857142857,0.00510204081632653,9.991673687749328,-11.417360279150339,-11.215704261470915,11.910430575995344,-11.215704261470913,14.783723156144815,18.03707159891736,6.908763473265389
tuning,jamaal,ref_mag_range_mg_5000p0,9b02adf6a63a,ref_mag_range_mg,6,7.5,224.66666666666666,1.0,0.0,0.05555555555555555,6.919610030801451,-3.3134728930015416,0.108983701746222,8.558855430014686,0.1089837017462223,11.123964469424086,11.022939854358208,6.536721539123829
tuning,stumpjumper-front-pod-v1,ref_mag_range_mg_5000p0,9b02adf6a63a,ref_mag_range_mg,7,20.285714285714285,502.14285714285717,1.0,0.14285714285714285,0.23704764294826405,5.035148857266814,-13.273589443967968,-14.493744464933068,14.493744464933068,-14.493744464933064,15.112991630337225,15.411023001419608,4.073629133563836
tuning,stumpjumper-front-pod-v2,ref_mag_range_mg_5000p0,9b02adf6a63a,ref_mag_range_mg,11,18.727272727272727,461.0,1.0,0.36363636363636365,0.5463361670258222,4.0475437935361995,-9.608305314787755,-5.927568993682526,7.609011469533087,-5.927568993682526,8.675397149841432,11.34322736133118,3.6119125620101453
tuning,cohort-balanced,ref_mag_range_mg_5000p0,9b02adf6a63a,ref_mag_range_mg,38,13.23538961038961,342.0952380952381,1.0,0.19805194805194803,0.2110103515864921,6.498494092338448,-9.4031819827269,-7.882008504585071,10.643010485119046,-7.8820085045850705,12.424019101436889,13.95356545400659,5.2827566769908
tuning,harry,ref_mag_range_mg_500p0,e5a08315ed41,ref_mag_range_mg,14,6.428571428571429,5.714285714285714,0.7857142857142857,0.6428571428571429,0.00510204081632653,9.991673687749328,-26.172746079358127,-13.55114028842645,15.344810004505055,-13.55114028842645,17.069469135773776,20.0885717510897,6.908763473265389
tuning,jamaal,ref_mag_range_mg_500p0,e5a08315ed41,ref_mag_range_mg,6,7.5,12.5,1.0,0.16666666666666666,0.05555555555555555,6.919610030801451,-13.148409431736276,-9.349986185398935,13.043792345983306,-9.349986185398935,14.668832893692844,15.075720765273891,6.536721539123828
tuning,stumpjumper-front-pod-v1,ref_mag_range_mg_500p0,e5a08315ed41,ref_mag_range_mg,7,20.285714285714285,21.428571428571427,1.0,0.14285714285714285,0.23704764294826405,5.035148857266814,-8.764190812295656,-9.07259442061803,9.07259442061803,-9.072594420618028,10.014610836243994,10.988751921155194,4.073629133563836
tuning,stumpjumper-front-pod-v2,ref_mag_range_mg_500p0,e5a08315ed41,ref_mag_range_mg,11,18.727272727272727,25.0,1.0,0.36363636363636365,0.5463361670258222,4.0475437935361995,-12.71889781574555,-6.365999941919546,6.661409147902356,-6.365999941919546,7.76595951739851,11.325260900258654,3.6119125620101453
tuning,cohort-balanced,ref_mag_range_mg_500p0,e5a08315ed41,ref_mag_range_mg,38,13.23538961038961,16.160714285714285,0.9464285714285714,0.32900432900432897,0.2110103515864921,6.498494092338448,-15.201061034783901,-9.584930209090741,11.030651479752187,-9.58493020909074,12.379718095777282,14.369576334444359,5.2827566769908
tuning,harry,selector_all,e2784fd23531,selector,14,6.428571428571429,192.85714285714286,1.0,0.2857142857142857,0.00510204081632653,9.991673687749328,-11.686442462280937,-11.652122981758081,12.856750432155442,-11.652122981758081,15.301983924954717,18.45104672520858,6.908763473265389
tuning,jamaal,selector_all,e2784fd23531,selector,6,7.5,225.0,1.0,0.0,0.05555555555555555,6.919610030801451,-3.3469279121581756,0.14718779057414277,8.520651341186763,0.14718779057414277,11.10283716927141,11.002129958238983,6.536721539123828
tuning,stumpjumper-front-pod-v1,selector_all,e2784fd23531,selector,7,20.285714285714285,608.5714285714286,1.0,0.14285714285714285,0.23704764294826405,5.035148857266814,-13.691466090733437,-13.861252548806188,14.318999427217518,-13.861252548806187,15.141987865697306,15.168471060680696,4.073629133563836
tuning,stumpjumper-front-pod-v2,selector_all,e2784fd23531,selector,11,18.727272727272727,561.8181818181819,1.0,0.2727272727272727,0.5463361670258222,4.0475437935361995,-8.917898409647604,-5.383106941324338,7.545481422588451,-5.383106941324338,8.805286028031047,11.1199259588904,3.6119125620101453
tuning,cohort-balanced,selector_all,e2784fd23531,selector,38,13.23538961038961,397.0616883116884,1.0,0.17532467532467533,0.2110103515864921,6.498494092338448,-9.41068371870504,-7.687323670328617,10.810470655787045,-7.687323670328616,12.588023746988622,13.935393425754665,5.2827566769908
tuning,harry,selector_mag_and_x_gt_0,18682123e181,selector,14,6.428571428571429,28.142857142857142,1.0,0.42857142857142855,0.00510204081632653,9.991673687749328,-25.762517749244246,-15.4918631629443,15.4918631629443,-15.491863162944302,17.19407714979174,20.720521807309307,6.908763473265389
tuning,jamaal,selector_mag_and_x_gt_0,18682123e181,selector,6,7.5,44.0,1.0,0.16666666666666666,0.05555555555555555,6.919610030801451,-12.478782224599078,-9.064003608561368,9.916983497993476,-9.064003608561368,12.334052954995963,13.996100274102957,6.536721539123828
tuning,stumpjumper-front-pod-v1,selector_mag_and_x_gt_0,18682123e181,selector,7,20.285714285714285,96.85714285714286,1.0,0.2857142857142857,0.23704764294826405,5.035148857266814,-11.64864245239052,-11.70734627172759,11.70734627172759,-11.707346271727586,12.458350282058499,12.9632797907856,4.073629133563836
tuning,stumpjumper-front-pod-v2,selector_mag_and_x_gt_0,18682123e181,selector,11,18.727272727272727,90.72727272727273,1.0,0.2727272727272727,0.5463361670258222,4.0475437935361995,-10.845352486217296,-6.576537656026145,7.728488654525574,-6.576537656026145,8.71288710930391,11.489507028109522,3.6119125620101453
tuning,cohort-balanced,selector_mag_and_x_gt_0,18682123e181,selector,38,13.23538961038961,64.93181818181819,1.0,0.2884199134199134,0.2110103515864921,6.498494092338448,-15.183823728112785,-10.709937674814851,11.211170396797733,-10.709937674814851,12.67484187403753,14.792352225076847,5.2827566769908
tuning,harry,selector_mag_and_x_gt_10,471cfd222b05,selector,14,6.428571428571429,28.142857142857142,1.0,0.42857142857142855,0.00510204081632653,9.991673687749328,-25.762517749244246,-15.4918631629443,15.4918631629443,-15.491863162944302,17.19407714979174,20.720521807309307,6.908763473265389
tuning,jamaal,selector_mag_and_x_gt_10,471cfd222b05,selector,6,7.5,44.0,1.0,0.16666666666666666,0.05555555555555555,6.919610030801451,-12.478782224599078,-9.064003608561368,9.916983497993476,-9.064003608561368,12.334052954995963,13.996100274102957,6.536721539123828
tuning,stumpjumper-front-pod-v1,selector_mag_and_x_gt_10,471cfd222b05,selector,7,20.285714285714285,96.85714285714286,1.0,0.2857142857142857,0.23704764294826405,5.035148857266814,-11.64864245239052,-11.70734627172759,11.70734627172759,-11.707346271727586,12.458350282058499,12.9632797907856,4.073629133563836
tuning,stumpjumper-front-pod-v2,selector_mag_and_x_gt_10,471cfd222b05,selector,11,18.727272727272727,90.45454545454545,1.0,0.2727272727272727,0.5463361670258222,4.0475437935361995,-10.579606565185564,-6.531431811306181,7.68338280980561,-6.531431811306181,8.678345955325439,11.45846654620096,3.6119125620101453
tuning,cohort-balanced,selector_mag_and_x_gt_10,471cfd222b05,selector,38,13.23538961038961,64.86363636363636,1.0,0.2884199134199134,0.2110103515864921,6.498494092338448,-15.117387247854852,-10.69866121363486,11.199893935617743,-10.69866121363486,12.666206585542911,14.784592104599707,5.2827566769908
tuning,harry,selector_mag_and_x_gt_20,6f756690558b,selector,14,6.428571428571429,27.285714285714285,1.0,0.35714285714285715,0.00510204081632653,9.991673687749328,-16.37298848075066,-9.13564473532566,17.75137625183512,-9.13564473532566,19.400302811558735,23.946332295842467,6.908763473265389
tuning,jamaal,selector_mag_and_x_gt_20,6f756690558b,selector,6,7.5,44.0,1.0,0.16666666666666666,0.05555555555555555,6.919610030801451,-12.478782224599078,-9.064003608561368,9.916983497993476,-9.064003608561368,12.334052954995963,13.996100274102957,6.536721539123828
tuning,stumpjumper-front-pod-v1,selector_mag_and_x_gt_20,6f756690558b,selector,7,20.285714285714285,95.14285714285714,1.0,0.14285714285714285,0.23704764294826405,5.035148857266814,-11.360338142457506,-12.61350197474623,12.61350197474623,-12.613501974746226,13.325052642256408,13.740631443276248,4.073629133563836
tuning,stumpjumper-front-pod-v2,selector_mag_and_x_gt_20,6f756690558b,selector,11,18.727272727272727,88.18181818181819,1.0,0.2727272727272727,0.5463361670258222,4.0475437935361995,-10.4824976712332,-6.540362466206191,7.69231346470562,-6.540362466206191,8.692877157013651,11.473554881244612,3.6119125620101453
tuning,cohort-balanced,selector_mag_and_x_gt_20,6f756690558b,selector,38,13.23538961038961,63.6525974025974,1.0,0.23484848484848486,0.2110103515864921,6.498494092338448,-12.67365162976011,-9.338378196209861,11.993543797320111,-9.338378196209861,13.438071391456191,15.789154723616571,5.2827566769908
tuning,harry,selector_mag_and_x_gt_30,7a800f2611fd,selector,14,6.428571428571429,26.785714285714285,1.0,0.35714285714285715,0.00510204081632653,9.991673687749328,-15.471709436265831,-8.292614563065865,18.514684500244368,-8.292614563065868,20.160344640112665,24.709525564609443,6.908763473265389
tuning,jamaal,selector_mag_and_x_gt_30,7a800f2611fd,selector,6,7.5,44.0,1.0,0.16666666666666666,0.05555555555555555,6.919610030801451,-12.478782224599078,-9.064003608561368,9.916983497993476,-9.064003608561368,12.334052954995963,13.996100274102957,6.536721539123828
tuning,stumpjumper-front-pod-v1,selector_mag_and_x_gt_30,7a800f2611fd,selector,7,20.285714285714285,83.85714285714286,1.0,0.0,0.23704764294826405,5.035148857266814,-8.949433528806418,-10.999158204248474,10.999158204248474,-10.999158204248472,11.774657552060873,12.367094008573023,4.073629133563836
tuning,stumpjumper-front-pod-v2,selector_mag_and_x_gt_30,7a800f2611fd,selector,11,18.727272727272727,78.0,1.0,0.18181818181818182,0.5463361670258222,4.0475437935361995,-8.375785351025202,-7.080013377572957,7.08045628374643,-7.080013377572957,8.252230464679435,11.817769778954556,3.6119125620101453
tuning,cohort-balanced,selector_mag_and_x_gt_30,7a800f2611fd,selector,38,13.23538961038961,58.160714285714285,1.0,0.1764069264069264,0.2110103515864921,6.498494092338448,-11.318927635174132,-8.858947438362165,11.627820621558186,-8.858947438362165,13.130321402962235,15.722622406559996,5.2827566769908
tuning,harry,selector_mag_and_x_gt_40,6611392f5e90,selector,14,6.428571428571429,26.642857142857142,1.0,0.2857142857142857,0.00510204081632653,9.991673687749328,-13.335497420235344,-8.721173640468098,18.9432435776466,-8.7211736404681,20.51415279923976,25.022050124207777,6.908763473265389
tuning,jamaal,selector_mag_and_x_gt_40,6611392f5e90,selector,6,7.5,44.0,1.0,0.16666666666666666,0.05555555555555555,6.919610030801451,-12.478782224599078,-9.064003608561368,9.916983497993476,-9.064003608561368,12.334052954995963,13.996100274102957,6.536721539123828
tuning,stumpjumper-front-pod-v1,selector_mag_and_x_gt_40,6611392f5e90,selector,7,20.285714285714285,68.71428571428571,1.0,0.0,0.23704764294826405,5.035148857266814,-5.514387196824544,-7.826421144645051,7.826421144645051,-7.826421144645049,8.871930917190399,10.278140296308049,4.073629133563836
tuning,stumpjumper-front-pod-v2,selector_mag_and_x_gt_40,6611392f5e90,selector,11,18.727272727272727,67.45454545454545,1.0,0.18181818181818182,0.5463361670258222,4.0475437935361995,-6.109511479821208,-5.4199710306142945,5.435620499888402,-5.4199710306142945,6.761188819052673,10.353207156937437,3.6119125620101453
tuning,cohort-balanced,selector_mag_and_x_gt_40,6611392f5e90,selector,38,13.23538961038961,51.70292207792207,1.0,0.15854978354978355,0.2110103515864921,6.498494092338448,-9.359544580370043,-7.757892356072204,10.530567180043382,-7.757892356072203,12.120331372619699,14.912374462889057,5.2827566769908
tuning,harry,selector_mag_and_x_gt_5,1e3d7ea4b615,selector,14,6.428571428571429,28.142857142857142,1.0,0.42857142857142855,0.00510204081632653,9.991673687749328,-25.762517749244246,-15.4918631629443,15.4918631629443,-15.491863162944302,17.19407714979174,20.720521807309307,6.908763473265389
tuning,jamaal,selector_mag_and_x_gt_5,1e3d7ea4b615,selector,6,7.5,44.0,1.0,0.16666666666666666,0.05555555555555555,6.919610030801451,-12.478782224599078,-9.064003608561368,9.916983497993476,-9.064003608561368,12.334052954995963,13.996100274102957,6.536721539123828
tuning,stumpjumper-front-pod-v1,selector_mag_and_x_gt_5,1e3d7ea4b615,selector,7,20.285714285714285,96.85714285714286,1.0,0.2857142857142857,0.23704764294826405,5.035148857266814,-11.64864245239052,-11.70734627172759,11.70734627172759,-11.707346271727586,12.458350282058499,12.9632797907856,4.073629133563836
tuning,stumpjumper-front-pod-v2,selector_mag_and_x_gt_5,1e3d7ea4b615,selector,11,18.727272727272727,90.72727272727273,1.0,0.2727272727272727,0.5463361670258222,4.0475437935361995,-10.845352486217296,-6.576537656026145,7.728488654525574,-6.576537656026145,8.71288710930391,11.489507028109522,3.6119125620101453
tuning,cohort-balanced,selector_mag_and_x_gt_5,1e3d7ea4b615,selector,38,13.23538961038961,64.93181818181819,1.0,0.2884199134199134,0.2110103515864921,6.498494092338448,-15.183823728112785,-10.709937674814851,11.211170396797733,-10.709937674814851,12.67484187403753,14.792352225076847,5.2827566769908
tuning,harry,selector_mag_and_x_gt_60,7c4a857cb12b,selector,14,6.428571428571429,22.357142857142858,1.0,0.21428571428571427,0.00510204081632653,9.991673687749328,-10.796703811709563,-8.089006594051636,19.05849997928009,-8.089006594051636,20.801127522914165,25.018250653382616,6.908763473265389
tuning,jamaal,selector_mag_and_x_gt_60,7c4a857cb12b,selector,6,7.5,43.5,1.0,0.16666666666666666,0.05555555555555555,6.919610030801451,-12.583149605349123,-9.05582414999479,9.908804039426899,-9.05582414999479,12.327930572568173,13.992489844832084,6.536721539123828
tuning,stumpjumper-front-pod-v1,selector_mag_and_x_gt_60,7c4a857cb12b,selector,7,20.285714285714285,25.571428571428573,1.0,0.0,0.23704764294826405,5.035148857266814,-2.8282201936033706,-3.2114249493164295,3.924510621218644,-3.211424949316428,6.095921482398169,9.083969286016977,4.073629133563836
tuning,stumpjumper-front-pod-v2,selector_mag_and_x_gt_60,7c4a857cb12b,selector,11,18.727272727272727,29.0,0.7272727272727273,0.2727272727272727,0.5463361670258222,4.0475437935361995,2.916309266577441,-0.46351368576903446,3.2304427981169295,-0.4635136857690348,5.221425930031864,7.627966280491031,3.6119125620101453
tuning,cohort-balanced,selector_mag_and_x_gt_60,7c4a857cb12b,selector,38,13.23538961038961,30.107142857142858,0.9318181818181819,0.1634199134199134,0.2110103515864921,6.498494092338448,-5.822941086021153,-5.204942344782972,9.030564359510642,-5.204942344782971,11.111601376978092,13.930669016180678,5.2827566769908
tuning,harry,selector_x_0_20,888973584725,selector,14,6.428571428571429,46.57142857142857,1.0,0.14285714285714285,0.00510204081632653,9.991673687749328,-10.62195414995085,-8.587870834825546,13.18332913080631,-8.587870834825544,15.617202099392896,17.732672419036827,6.908763473265387
tuning,jamaal,selector_x_0_20,888973584725,selector,6,7.5,57.333333333333336,1.0,0.0,0.05555555555555555,6.919610030801451,-4.944725791937938,3.172230746210665,6.881992265486339,3.1722307462106656,10.0867996755141,10.244906838618803,6.536721539123828
tuning,stumpjumper-front-pod-v1,selector_x_0_20,888973584725,selector,7,20.285714285714285,227.0,1.0,0.14285714285714285,0.23704764294826405,5.035148857266814,-10.672987315219748,-12.486050003559418,12.486050003559418,-12.486050003559418,13.246155838560842,13.641850144410594,4.073629133563836
tuning,stumpjumper-front-pod-v2,selector_x_0_20,888973584725,selector,11,18.727272727272727,214.0909090909091,1.0,0.09090909090909091,0.5463361670258222,4.0475437935361995,-6.522571429932065,-3.4791275962221007,6.886457452378624,-3.4791275962221007,8.095491608519868,10.174044896507166,3.6119125620101453
tuning,cohort-balanced,selector_x_0_20,888973584725,selector,38,13.23538961038961,136.24891774891776,1.0,0.09415584415584416,0.2110103515864921,6.498494092338448,-8.19055967176015,-5.3452044220990995,9.859457213057672,-5.3452044220990995,11.761412305496926,12.948368574643347,5.2827566769908
tuning,harry,selector_x_10_30,3b25e9c22826,selector,14,6.428571428571429,20.214285714285715,1.0,0.35714285714285715,0.00510204081632653,9.991673687749328,-14.199861720346698,-11.817280067779782,14.971573183164079,-11.817280067779782,17.192611603373333,19.72979239127194,6.908763473265387
tuning,jamaal,selector_x_10_30,3b25e9c22826,selector,6,7.5,17.166666666666668,1.0,0.0,0.05555555555555555,6.919610030801451,1.7960653162425462,11.089272997039844,11.612238645229683,11.089272997039847,14.143025141353746,13.595643426549287,6.536721539123828
tuning,stumpjumper-front-pod-v1,selector_x_10_30,3b25e9c22826,selector,7,20.285714285714285,112.57142857142857,1.0,0.2857142857142857,0.23704764294826405,5.035148857266814,-12.408226457359405,-11.891033458389412,12.579378946105493,-11.89103345838941,13.519692211957059,13.478646858351084,4.073629133563836
tuning,stumpjumper-front-pod-v2,selector_x_10_30,3b25e9c22826,selector,11,18.727272727272727,105.72727272727273,1.0,0.2727272727272727,0.5463361670258222,4.0475437935361995,-9.965761355421897,-7.669992614334407,8.720422304388894,-7.669992614334407,9.642371567169121,12.44007258668243,3.6119125620101453
tuning,cohort-balanced,selector_x_10_30,3b25e9c22826,selector,38,13.23538961038961,63.91991341991343,1.0,0.22889610389610388,0.2110103515864921,6.498494092338448,-8.694446054221363,-5.0722582858659395,11.970903269722037,-5.072258285865938,13.624425130963315,14.811038815713687,5.2827566769908
tuning,harry,selector_x_120_180,f4f82427c976,selector,14,6.428571428571429,9.642857142857142,0.7142857142857143,0.35714285714285715,0.00510204081632653,9.991673687749328,-5.676292399348297,-1.2006785088292535,13.24192028337187,-1.2006785088292535,15.70055398571967,19.754229001293037,6.908763473265389
tuning,jamaal,selector_x_120_180,f4f82427c976,selector,6,7.5,17.333333333333332,0.8333333333333334,0.16666666666666666,0.05555555555555555,6.919610030801451,4.3536032974606345,2.081574636565989,12.60997085141324,2.081574636565989,15.05964618304885,15.271355629307548,6.536721539123829
tuning,stumpjumper-front-pod-v1,selector_x_120_180,f4f82427c976,selector,7,20.285714285714285,5.142857142857143,0.5714285714285714,0.42857142857142855,0.23704764294826405,5.035148857266814,1.1694650980593053,2.3825276980419026,13.051253987217374,2.382527698041905,14.143159928886519,16.973415816184556,4.073629133563836
tuning,stumpjumper-front-pod-v2,selector_x_120_180,f4f82427c976,selector,11,18.727272727272727,5.7272727272727275,0.5454545454545454,0.45454545454545453,0.5463361670258222,4.0475437935361995,27.120936405925235,14.297170011243994,17.335593625914324,14.297170011243997,18.239407691873577,18.077351472758348,3.6119125620101453
tuning,cohort-balanced,selector_x_120_180,f4f82427c976,selector,38,13.23538961038961,9.461580086580087,0.6661255411255411,0.35173160173160173,0.2110103515864921,6.498494092338448,6.74192810052422,4.390148459255657,14.059684686979203,4.390148459255659,15.785691947382155,17.51908797988587,5.2827566769908
tuning,harry,selector_x_20_40,4630dfb6a690,selector,14,6.428571428571429,17.357142857142858,1.0,0.35714285714285715,0.00510204081632653,9.991673687749328,-13.199696266461851,-16.473932382455477,16.59860426974499,-16.473932382455477,18.400132138841144,21.717819179314777,6.908763473265387
tuning,jamaal,selector_x_20_40,4630dfb6a690,selector,6,7.5,13.833333333333334,1.0,0.0,0.05555555555555555,6.919610030801451,-0.41212326782014586,6.885753012548559,16.983888443633987,6.885753012548558,18.808772960040496,18.297104139913632,6.536721539123828
tuning,stumpjumper-front-pod-v1,selector_x_20_40,4630dfb6a690,selector,7,20.285714285714285,95.0,1.0,0.42857142857142855,0.23704764294826405,5.035148857266814,-13.930728757156922,-13.059179161730864,13.059179161730864,-13.059179161730862,13.729960144115397,14.158324223120866,4.073629133563836
tuning,stumpjumper-front-pod-v2,selector_x_20_40,4630dfb6a690,selector,11,18.727272727272727,86.81818181818181,1.0,0.36363636363636365,0.5463361670258222,4.0475437935361995,-11.7111832155103,-8.571349011270888,10.493415204799843,-8.571349011270888,11.380897706027044,13.4607458407847,3.6119125620101453
tuning,cohort-balanced,selector_x_20_40,4630dfb6a690,selector,38,13.23538961038961,53.252164502164504,1.0,0.28733766233766234,0.2110103515864921,6.498494092338448,-9.813432876737306,-7.804676885727167,14.28377176997742,-7.804676885727167,15.57994073725602,16.908498345783492,5.2827566769908
tuning,harry,selector_x_40_60,cc68324adec9,selector,14,6.428571428571429,22.428571428571427,0.9285714285714286,0.5,0.00510204081632653,9.991673687749328,-19.98830409686707,-17.4729702246485,17.4729702246485,-17.472970224648503,19.190575055317158,22.603501462017995,6.908763473265389
tuning,jamaal,selector_x_40_60,cc68324adec9,selector,6,7.5,15.166666666666666,1.0,0.0,0.05555555555555555,6.919610030801451,0.6008665871044734,3.2636225914950097,9.542489546665307,3.263622591495009,12.110738124883126,11.858405292801343,6.536721539123828
tuning,stumpjumper-front-pod-v1,selector_x_40_60,cc68324adec9,selector,7,20.285714285714285,74.0,1.0,0.0,0.23704764294826405,5.035148857266814,-5.540999078410073,-9.327083662510445,9.327083662510445,-9.327083662510445,10.18667455525117,11.172290694298782,4.073629133563836
tuning,stumpjumper-front-pod-v2,selector_x_40_60,cc68324adec9,selector,11,18.727272727272727,66.27272727272727,1.0,0.2727272727272727,0.5463361670258222,4.0475437935361995,-9.760650936822701,-9.274358787078866,9.274358787078866,-9.274358787078867,10.066505839151775,13.540021606122735,3.6119125620101453
tuning,cohort-balanced,selector_x_40_60,cc68324adec9,selector,38,13.23538961038961,44.466991341991346,0.9821428571428572,0.19318181818181818,0.2110103515864921,6.498494092338448,-8.672271881248843,-8.2026975206857,11.40422555522578,-8.202697520685701,12.888623393650807,14.793554763810214,5.2827566769908
tuning,harry,selector_x_60_80,3dab9c3c32ca,selector,14,6.428571428571429,15.642857142857142,1.0,0.2857142857142857,0.00510204081632653,9.991673687749328,-12.56169657712623,-13.663948574025424,15.597128683945305,-13.663948574025426,17.467228562311647,21.863017692855944,6.908763473265389
tuning,jamaal,selector_x_60_80,3dab9c3c32ca,selector,6,7.5,18.333333333333332,1.0,0.16666666666666666,0.05555555555555555,6.919610030801451,-12.342884831949663,-9.298606687426261,10.665116137941416,-9.298606687426263,12.762028320354851,14.373685839244791,6.536721539123829
tuning,stumpjumper-front-pod-v1,selector_x_60_80,3dab9c3c32ca,selector,7,20.285714285714285,45.857142857142854,1.0,0.0,0.23704764294826405,5.035148857266814,-4.974676500178534,-5.722644593627655,5.722644593627655,-5.722644593627655,7.291938340573982,9.48226210976942,4.073629133563836
tuning,stumpjumper-front-pod-v2,selector_x_60_80,3dab9c3c32ca,selector,11,18.727272727272727,46.27272727272727,0.7272727272727273,0.2727272727272727,0.5463361670258222,4.0475437935361995,-2.8214957025399485,-4.454606634028383,4.454606634028383,-4.454606634028383,6.011119914139652,9.461414814427021,3.6119125620101453
tuning,cohort-balanced,selector_x_60_80,3dab9c3c32ca,selector,38,13.23538961038961,31.52651515151515,0.9318181818181819,0.18127705627705626,0.2110103515864921,6.498494092338448,-8.175188402948594,-8.28495162227693,9.10987401238569,-8.284951622276932,10.883078784345035,13.795095114074295,5.2827566769908
tuning,harry,selector_x_80_120,237865f4df44,selector,14,6.428571428571429,20.928571428571427,0.9285714285714286,0.21428571428571427,0.00510204081632653,9.991673687749328,-8.24671461433053,-6.7029075659703015,12.561275179261347,-6.702907565970302,14.59379320863917,18.476663173407786,6.908763473265389
tuning,jamaal,selector_x_80_120,237865f4df44,selector,6,7.5,41.666666666666664,1.0,0.0,0.05555555555555555,6.919610030801451,-10.641841592396629,-9.757283260321177,11.491552359222661,-9.757283260321179,13.951359279411214,15.584750859908082,6.536721539123828
tuning,stumpjumper-front-pod-v1,selector_x_80_120,237865f4df44,selector,7,20.285714285714285,25.428571428571427,1.0,0.0,0.23704764294826405,5.035148857266814,-5.805008831652411,-6.250174657254074,8.368372337211463,-6.250174657254072,9.694348907506273,12.792518034313483,4.073629133563836
tuning,stumpjumper-front-pod-v2,selector_x_80_120,237865f4df44,selector,11,18.727272727272727,32.09090909090909,0.6363636363636364,0.36363636363636365,0.5463361670258222,4.0475437935361995,5.600560283762429,2.660019655996049,5.402162433241193,2.660019655996049,6.839857259755581,7.916896926139373,3.6119125620101453
tuning,cohort-balanced,selector_x_80_120,237865f4df44,selector,38,13.23538961038961,30.028679653679653,0.8912337662337663,0.1444805194805195,0.2110103515864921,6.498494092338448,-4.773251188654285,-5.012586456887377,9.455840577234166,-5.012586456887376,11.26983966382806,13.692707248442181,5.2827566769908
tuning,harry,selector_x_gt_0,6e81d1d8a6d6,selector,14,6.428571428571429,133.71428571428572,1.0,0.35714285714285715,0.00510204081632653,9.991673687749328,-15.466908948561962,-18.259257788091354,18.369420334185833,-18.259257788091354,19.98732932355401,23.395091459263107,6.908763473265387
tuning,jamaal,selector_x_gt_0,6e81d1d8a6d6,selector,6,7.5,163.66666666666666,1.0,0.16666666666666666,0.05555555555555555,6.919610030801451,-0.4385023913929527,4.916262188047284,13.097178059583051,4.916262188047283,15.05925325886104,14.634857003212614,6.536721539123828
tuning,stumpjumper-front-pod-v1,selector_x_gt_0,6e81d1d8a6d6,selector,7,20.285714285714285,472.42857142857144,1.0,0.14285714285714285,0.23704764294826405,5.035148857266814,-12.033867539045564,-14.42004923126086,14.42004923126086,-14.420049231260858,15.046873054130002,15.34481997114962,4.073629133563836
tuning,stumpjumper-front-pod-v2,selector_x_gt_0,6e81d1d8a6d6,selector,11,18.727272727272727,451.45454545454544,1.0,0.36363636363636365,0.5463361670258222,4.0475437935361995,-9.736651387660986,-7.171749206336947,9.705178501116002,-7.171749206336949,10.518908460834247,12.448801532129194,3.6119125620101453
tuning,cohort-balanced,selector_x_gt_0,6e81d1d8a6d6,selector,38,13.23538961038961,305.31601731601734,1.0,0.25757575757575757,0.2110103515864921,6.498494092338448,-9.418982566665367,-8.73369850941047,13.897956531536437,-8.73369850941047,15.153091024344825,16.455892491438632,5.2827566769908
tuning,harry,selector_x_gt_10,0f56c72b0e75,selector,14,6.428571428571429,97.85714285714286,1.0,0.5,0.00510204081632653,9.991673687749328,-20.52965903214156,-16.65185730653874,17.008036712227174,-16.651857306538737,18.8368425399446,22.974502531491854,6.908763473265389
tuning,jamaal,selector_x_gt_10,0f56c72b0e75,selector,6,7.5,116.33333333333333,1.0,0.16666666666666666,0.05555555555555555,6.919610030801451,-9.889650977855021,-5.526342863974903,8.55058205534795,-5.526342863974901,11.025085401667996,11.873273333077144,6.536721539123828
tuning,stumpjumper-front-pod-v1,selector_x_gt_10,0f56c72b0e75,selector,7,20.285714285714285,306.42857142857144,1.0,0.2857142857142857,0.23704764294826405,5.035148857266814,-12.562135890129145,-13.315952728289469,13.315952728289469,-13.315952728289465,14.011775662879552,14.431938284456999,4.073629133563836
tuning,stumpjumper-front-pod-v2,selector_x_gt_10,0f56c72b0e75,selector,11,18.727272727272727,291.72727272727275,1.0,0.36363636363636365,0.5463361670258222,4.0475437935361995,-11.16157948950326,-8.39387478366962,9.545825782169048,-8.39387478366962,10.34868392033821,13.007439130477996,3.6119125620101453
tuning,cohort-balanced,selector_x_gt_10,0f56c72b0e75,selector,38,13.23538961038961,203.0865800865801,1.0,0.32900432900432897,0.2110103515864921,6.498494092338448,-13.535756347407245,-10.972006920618185,12.10509931950841,-10.972006920618181,13.555596881207588,15.571788319876,5.2827566769908
tuning,harry,selector_x_gt_20,31024c0c76bb,selector,14,6.428571428571429,87.14285714285714,1.0,0.2857142857142857,0.00510204081632653,9.991673687749328,-16.703254645800033,-15.176868369116523,21.292575889025446,-15.176868369116523,22.560758624840425,26.824568609078614,6.908763473265387
tuning,jamaal,selector_x_gt_20,31024c0c76bb,selector,6,7.5,106.33333333333333,1.0,0.0,0.05555555555555555,6.919610030801451,-8.660510119453425,-7.347273504820978,9.721353537542065,-7.347273504820978,12.230293229147328,12.846216539754685,6.536721539123828
tuning,stumpjumper-front-pod-v1,selector_x_gt_20,31024c0c76bb,selector,7,20.285714285714285,245.42857142857142,1.0,0.0,0.23704764294826405,5.035148857266814,-9.968294887582122,-12.427764370690241,12.427764370690241,-12.42776437069024,13.19092719100341,13.623159480978304,4.073629133563836
tuning,stumpjumper-front-pod-v2,selector_x_gt_20,31024c0c76bb,selector,11,18.727272727272727,237.36363636363637,1.0,0.2727272727272727,0.5463361670258222,4.0475437935361995,-11.0985979783826,-9.10818033976547,9.10818033976547,-9.10818033976547,9.907096714996108,13.401150746516493,3.6119125620101453
tuning,cohort-balanced,selector_x_gt_20,31024c0c76bb,selector,38,13.23538961038961,169.06709956709958,1.0,0.1396103896103896,0.2110103515864921,6.498494092338448,-11.607664407804545,-11.015021646098303,13.137468534255806,-11.015021646098303,14.472268939996818,16.673773844082024,5.2827566769908
tuning,harry,selector_x_gt_30,c1021853afdc,selector,14,6.428571428571429,77.64285714285714,1.0,0.21428571428571427,0.00510204081632653,9.991673687749328,-14.79343111614642,-13.65065455472658,20.81211022737867,-13.65065455472658,22.162411280894904,26.47042257509721,6.908763473265387
tuning,jamaal,selector_x_gt_30,c1021853afdc,selector,6,7.5,99.16666666666667,1.0,0.0,0.05555555555555555,6.919610030801451,-8.5032494297692,-7.2651892352832865,9.916669985335117,-7.265189235283285,12.346619232371411,12.899769474366499,6.536721539123828
tuning,stumpjumper-front-pod-v1,selector_x_gt_30,c1021853afdc,selector,7,20.285714285714285,193.85714285714286,1.0,0.0,0.23704764294826405,5.035148857266814,-7.199491651474808,-9.437426031812809,9.437426031812809,-9.437426031812805,10.33368640475872,11.303751890814144,4.073629133563836
tuning,stumpjumper-front-pod-v2,selector_x_gt_30,c1021853afdc,selector,11,18.727272727272727,186.0,1.0,0.18181818181818182,0.5463361670258222,4.0475437935361995,-8.12098195439652,-6.3766905605526265,6.3766905605526265,-6.3766905605526265,7.472478807291031,10.99379232658898,3.6119125620101453
tuning,cohort-balanced,selector_x_gt_30,c1021853afdc,selector,38,13.23538961038961,139.16666666666666,1.0,0.09902597402597402,0.2110103515864921,6.498494092338448,-9.654288537946737,-9.182490095593826,11.635724201269804,-9.182490095593824,13.078798931329016,15.416934066716708,5.2827566769908
tuning,harry,selector_x_gt_40,954a92b10a23,selector,14,6.428571428571429,69.78571428571429,1.0,0.2857142857142857,0.00510204081632653,9.991673687749328,-12.299397505066667,-9.926819353476509,18.07163668510547,-9.926819353476509,19.70677549260403,23.981406040128892,6.908763473265389
tuning,jamaal,selector_x_gt_40,954a92b10a23,selector,6,7.5,92.5,1.0,0.0,0.05555555555555555,6.919610030801451,-7.206780966387602,-6.147636360075855,8.834186761875706,-6.147636360075855,11.364375197386329,11.97848520897992,6.536721539123828
tuning,stumpjumper-front-pod-v1,selector_x_gt_40,954a92b10a23,selector,7,20.285714285714285,150.42857142857142,1.0,0.0,0.23704764294826405,5.035148857266814,-7.076596484605886,-8.30044997409959,8.30044997409959,-8.300449974099589,9.536880571292986,11.141086144084678,4.073629133563836
tuning,stumpjumper-front-pod-v2,selector_x_gt_40,954a92b10a23,selector,11,18.727272727272727,150.54545454545453,1.0,0.18181818181818182,0.5463361670258222,4.0475437935361995,-7.13933849065125,-5.568309731793773,5.568309731793773,-5.568309731793774,6.89877124064522,10.340842081696254,3.6119125620101453
tuning,cohort-balanced,selector_x_gt_40,954a92b10a23,selector,38,13.23538961038961,115.81493506493504,1.0,0.11688311688311688,0.2110103515864921,6.498494092338448,-8.430528361677851,-7.485803854861432,10.193645788218635,-7.485803854861432,11.87670062548214,14.360454868722435,5.2827566769908
tuning,harry,selector_x_gt_5,0367b0f76740,selector,14,6.428571428571429,105.71428571428571,1.0,0.5,0.00510204081632653,9.991673687749328,-20.169970575218088,-16.119902639435,16.97357425847966,-16.119902639435,18.665817139296546,22.90036608304525,6.908763473265389
tuning,jamaal,selector_x_gt_5,0367b0f76740,selector,6,7.5,125.66666666666667,1.0,0.16666666666666666,0.05555555555555555,6.919610030801451,-8.831742535411651,-4.924173145517453,8.795709833222363,-4.924173145517452,11.185464556794045,11.911446438684193,6.536721539123829
tuning,stumpjumper-front-pod-v1,selector_x_gt_5,0367b0f76740,selector,7,20.285714285714285,348.14285714285717,1.0,0.2857142857142857,0.23704764294826405,5.035148857266814,-12.873236658152672,-14.246240802728078,14.246240802728078,-14.246240802728078,14.860547881548426,15.198613893372585,4.073629133563836
tuning,stumpjumper-front-pod-v2,selector_x_gt_5,0367b0f76740,selector,11,18.727272727272727,328.8181818181818,1.0,0.36363636363636365,0.5463361670258222,4.0475437935361995,-11.699978798583203,-9.28922003983992,10.441171038339348,-9.289220039839918,11.238431547357898,13.860421800632741,3.6119125620101453
tuning,cohort-balanced,selector_x_gt_5,0367b0f76740,selector,38,13.23538961038961,227.08549783549785,1.0,0.32900432900432897,0.2110103515864921,6.498494092338448,-13.393732141841403,-11.144884156880114,12.614173983192362,-11.144884156880114,13.987565281249228,15.967712053933694,5.2827566769908
tuning,harry,selector_x_gt_60,9d58d9367c84,selector,14,6.428571428571429,47.357142857142854,1.0,0.21428571428571427,0.00510204081632653,9.991673687749328,-11.811467920502967,-6.1098781882356406,14.596966321836959,-6.109878188235641,16.740374996914607,21.117355845056284,6.908763473265387
tuning,jamaal,selector_x_gt_60,9d58d9367c84,selector,6,7.5,77.33333333333333,1.0,0.0,0.05555555555555555,6.919610030801451,-8.848104439917146,-7.163779958709228,8.280718115693265,-7.16377995870923,11.203701812023175,12.581425381391334,6.536721539123828
tuning,stumpjumper-front-pod-v1,selector_x_gt_60,9d58d9367c84,selector,7,20.285714285714285,76.42857142857143,1.0,0.0,0.23704764294826405,5.035148857266814,-3.547408028145871,-3.052766518575279,5.024880569359646,-3.0527665185752766,6.885756545544149,10.132624521039164,4.073629133563836
tuning,stumpjumper-front-pod-v2,selector_x_gt_60,9d58d9367c84,selector,11,18.727272727272727,84.27272727272727,0.7272727272727273,0.2727272727272727,0.5463361670258222,4.0475437935361995,-2.378277030206533,-3.3314467310330986,5.146687548111229,-3.3314467310330986,6.699241894495507,9.148572809348336,3.6119125620101453
tuning,cohort-balanced,selector_x_gt_60,9d58d9367c84,selector,38,13.23538961038961,71.34794372294371,0.9318181818181819,0.12175324675324675,0.2110103515864921,6.498494092338448,-6.646314354693129,-4.914467849138312,8.262313138750274,-4.914467849138312,10.382268812244359,13.24499463920878,5.2827566769908
tuning,harry,skips_0,35ad97f16f1e,skips,14,12.142857142857142,52.785714285714285,1.0,0.21428571428571427,0.0026455026455026454,9.841811337094665,-22.43451855788341,-17.827786038556713,17.827786038556713,-17.827786038556713,19.32644780749168,22.699951688049598,6.908763473265389
tuning,jamaal,skips_0,35ad97f16f1e,skips,6,12.333333333333334,68.66666666666667,1.0,0.0,0.05555555555555555,6.7541946247871465,-11.31183596266144,-9.112660547779466,9.112660547779466,-9.112660547779468,11.466447851051393,13.727114771841395,6.536721539123828
tuning,stumpjumper-front-pod-v1,skips_0,35ad97f16f1e,skips,7,52.142857142857146,254.28571428571428,1.0,0.0,0.21779118422271823,5.929769220652945,-6.288995348165396,-8.58599393435046,8.58599393435046,-8.585993934350459,9.58058958261606,10.60486519466439,4.073629133563836
tuning,stumpjumper-front-pod-v2,skips_0,35ad97f16f1e,skips,11,47.72727272727273,233.45454545454547,1.0,0.2727272727272727,0.5356429355114318,3.674746362992327,-10.151088151241886,-6.266452520261376,7.418403518760804,-6.266452520261378,8.399035142894766,11.188429813290133,3.6119125620101453
tuning,cohort-balanced,skips_0,35ad97f16f1e,skips,38,31.086580086580085,152.29816017316017,1.0,0.12175324675324675,0.20290879448380206,6.550130386381771,-12.546609504988034,-10.448223260237004,10.736211009861861,-10.448223260237004,12.193130096013475,14.55509036696138,5.2827566769908
tuning,harry,skips_1,eadf469e3933,skips,14,8.428571428571429,37.285714285714285,1.0,0.2857142857142857,0.0037593984962406013,9.822975291276512,-22.87768009147306,-17.2272368420801,17.2272368420801,-17.227236842080096,18.757821088406615,22.14963514545275,6.908763473265387
tuning,jamaal,skips_1,eadf469e3933,skips,6,8.833333333333334,49.333333333333336,1.0,0.16666666666666666,0.041666666666666664,6.837974721569512,-12.56266557431511,-8.516769617569022,8.516769617569022,-8.516769617569022,10.856616974216527,13.128845659937907,6.536721539123828
tuning,stumpjumper-front-pod-v1,skips_1,eadf469e3933,skips,7,31.571428571428573,152.42857142857142,1.0,0.0,0.2401897076163387,5.618611796730159,-7.349475697173162,-9.592906606637282,9.592906606637282,-9.59290660663728,10.470310919500873,11.278212401158282,4.073629133563836
tuning,stumpjumper-front-pod-v2,skips_1,eadf469e3933,skips,11,28.363636363636363,135.1818181818182,1.0,0.2727272727272727,0.5377519208888164,3.7593922613151944,-10.424668539261138,-6.608162674255695,7.760113672755124,-6.608162674255695,8.696041499576582,11.460889700576502,3.6119125620101453
tuning,cohort-balanced,skips_1,eadf469e3933,skips,38,19.299242424242426,93.5573593073593,1.0,0.18127705627705626,0.2058419234170156,6.509738517722844,-13.303622475555617,-10.486268935135524,10.774256684760381,-10.486268935135524,12.19519762042515,14.504395726781361,5.2827566769908
tuning,harry,skips_10,1b1f7583719b,skips,14,5.357142857142857,24.857142857142858,1.0,0.42857142857142855,0.00510204081632653,10.384085274810738,-24.909084453633795,-14.036609597563169,15.142807475786011,-14.03660959756317,16.87889109429369,20.112444679354134,6.908763473265389
tuning,jamaal,skips_10,1b1f7583719b,skips,6,6.666666666666667,40.0,1.0,0.16666666666666666,0.08333333333333333,6.743354032638905,-13.150208856563296,-9.105809006713406,9.958788896145515,-9.105809006713406,12.365663988256793,14.015065172994689,6.536721539123828
tuning,stumpjumper-front-pod-v1,skips_10,1b1f7583719b,skips,7,12.857142857142858,60.42857142857143,1.0,0.42857142857142855,0.2208049886621315,5.756215824289294,-13.39783787976951,-11.431301349670747,11.431301349670747,-11.431301349670745,12.210043017898201,12.70525320065027,4.073629133563836
tuning,stumpjumper-front-pod-v2,skips_10,1b1f7583719b,skips,11,11.909090909090908,56.09090909090909,1.0,0.45454545454545453,0.5038836163836163,5.258066209945835,-13.353137739256203,-6.496292964936728,7.937235756808514,-6.496292964936728,8.89815280073363,11.592464787569556,3.6119125620101453
tuning,cohort-balanced,skips_10,1b1f7583719b,skips,38,9.197510822510822,45.34415584415585,1.0,0.3695887445887446,0.20328099479885192,7.035430335421192,-16.2025672323057,-10.267503229721012,11.117533369602697,-10.267503229721013,12.58818772529558,14.606306960142161,5.2827566769908
tuning,harry,skips_3,fedc7f7a1b9d,skips,14,6.428571428571429,28.142857142857142,1.0,0.42857142857142855,0.00510204081632653,9.991673687749328,-25.762517749244246,-15.4918631629443,15.4918631629443,-15.491863162944302,17.19407714979174,20.720521807309307,6.908763473265389
tuning,jamaal,skips_3,fedc7f7a1b9d,skips,6,7.5,44.0,1.0,0.16666666666666666,0.05555555555555555,6.919610030801451,-12.478782224599078,-9.064003608561368,9.916983497993476,-9.064003608561368,12.334052954995963,13.996100274102957,6.536721539123828
tuning,stumpjumper-front-pod-v1,skips_3,fedc7f7a1b9d,skips,7,20.285714285714285,96.85714285714286,1.0,0.2857142857142857,0.23704764294826405,5.035148857266814,-11.64864245239052,-11.70734627172759,11.70734627172759,-11.707346271727586,12.458350282058499,12.9632797907856,4.073629133563836
tuning,stumpjumper-front-pod-v2,skips_3,fedc7f7a1b9d,skips,11,18.727272727272727,90.81818181818181,1.0,0.2727272727272727,0.5463361670258222,4.0475437935361995,-10.891576439659902,-6.625411352468031,7.777362350967459,-6.625411352468031,8.752551938390575,11.52535706191518,3.6119125620101453
tuning,cohort-balanced,skips_3,fedc7f7a1b9d,skips,38,13.23538961038961,64.95454545454545,1.0,0.2884199134199134,0.2110103515864921,6.498494092338448,-15.195379716473436,-10.722156098925321,11.223388820908205,-10.722156098925321,12.684758081309194,14.801314733528262,5.2827566769908
tuning,harry,skips_5,89cb9045a84b,skips,14,6.428571428571429,28.142857142857142,1.0,0.42857142857142855,0.00510204081632653,9.991673687749328,-25.762517749244246,-15.4918631629443,15.4918631629443,-15.491863162944302,17.19407714979174,20.720521807309307,6.908763473265389
tuning,jamaal,skips_5,89cb9045a84b,skips,6,7.5,44.0,1.0,0.16666666666666666,0.05555555555555555,6.919610030801451,-12.478782224599078,-9.064003608561368,9.916983497993476,-9.064003608561368,12.334052954995963,13.996100274102957,6.536721539123828
tuning,stumpjumper-front-pod-v1,skips_5,89cb9045a84b,skips,7,20.0,94.28571428571429,1.0,0.2857142857142857,0.23899569489631603,4.968485943335636,-11.597614319235957,-11.70899558238481,11.70899558238481,-11.708995582384807,12.461131705512775,12.969091776026117,4.073629133563836
tuning,stumpjumper-front-pod-v2,skips_5,89cb9045a84b,skips,11,18.272727272727273,84.63636363636364,1.0,0.2727272727272727,0.5484489191385744,4.043528599086689,-10.844174553502167,-6.574308963197462,7.726259961696889,-6.574308963197462,8.718718493251025,11.496027092767621,3.6119125620101453
tuning,cohort-balanced,skips_5,89cb9045a84b,skips,38,13.050324675324676,62.76623376623377,1.0,0.2884199134199134,0.21202555260169315,6.480824565243275,-15.170772211645364,-10.709792829271985,11.211025551254869,-10.709792829271985,12.676995075887877,14.795435237551501,5.2827566769908
tuning,harry,still_a_max_mm_s2_1000p0,61877bd71af3,still_a_max_mm_s2,14,6.428571428571429,28.142857142857142,1.0,0.42857142857142855,0.00510204081632653,9.991673687749328,-25.762517749244246,-15.4918631629443,15.4918631629443,-15.491863162944302,17.19407714979174,20.720521807309307,6.908763473265389
tuning,jamaal,still_a_max_mm_s2_1000p0,61877bd71af3,still_a_max_mm_s2,6,7.5,44.0,1.0,0.16666666666666666,0.05555555555555555,6.919610030801451,-12.478782224599078,-9.064003608561368,9.916983497993476,-9.064003608561368,12.334052954995963,13.996100274102957,6.536721539123828
tuning,stumpjumper-front-pod-v1,still_a_max_mm_s2_1000p0,61877bd71af3,still_a_max_mm_s2,7,20.285714285714285,96.85714285714286,1.0,0.2857142857142857,0.23704764294826405,5.035148857266814,-11.64864245239052,-11.70734627172759,11.70734627172759,-11.707346271727586,12.458350282058499,12.9632797907856,4.073629133563836
tuning,stumpjumper-front-pod-v2,still_a_max_mm_s2_1000p0,61877bd71af3,still_a_max_mm_s2,11,18.727272727272727,90.81818181818181,1.0,0.2727272727272727,0.5463361670258222,4.0475437935361995,-10.891576439659902,-6.625411352468031,7.777362350967459,-6.625411352468031,8.752551938390575,11.52535706191518,3.6119125620101453
tuning,cohort-balanced,still_a_max_mm_s2_1000p0,61877bd71af3,still_a_max_mm_s2,38,13.23538961038961,64.95454545454545,1.0,0.2884199134199134,0.2110103515864921,6.498494092338448,-15.195379716473436,-10.722156098925321,11.223388820908205,-10.722156098925321,12.684758081309194,14.801314733528262,5.2827566769908
tuning,harry,still_a_max_mm_s2_1500p0,df072ace80e8,still_a_max_mm_s2,14,13.357142857142858,61.214285714285715,1.0,0.6428571428571429,0.042328042328042326,9.87278230300825,-26.61064547890299,-13.378158723039093,13.378158723039093,-13.378158723039093,15.289283226524011,18.904368094445925,6.908763473265389
tuning,jamaal,still_a_max_mm_s2_1500p0,df072ace80e8,still_a_max_mm_s2,6,12.833333333333334,65.5,1.0,0.3333333333333333,0.041666666666666664,7.210644136100515,-17.01091423797727,-11.814266311327044,11.814266311327044,-11.814266311327044,13.627971367107035,15.822288333709322,6.536721539123828
tuning,stumpjumper-front-pod-v1,still_a_max_mm_s2_1500p0,df072ace80e8,still_a_max_mm_s2,7,22.428571428571427,113.85714285714286,1.0,0.2857142857142857,0.21797270801728827,5.1312865689752005,-12.934240960405036,-13.444871829495037,13.444871829495037,-13.444871829495034,14.10047580353424,14.468896599420322,4.073629133563836
tuning,stumpjumper-front-pod-v2,still_a_max_mm_s2_1500p0,df072ace80e8,still_a_max_mm_s2,11,22.454545454545453,113.0909090909091,1.0,0.36363636363636365,0.5467776647564128,4.6663326445924085,-11.670629006675837,-7.066412426151843,8.218363424651272,-7.066412426151843,9.1537126123954,11.930328986301992,3.6119125620101453
tuning,cohort-balanced,still_a_max_mm_s2_1500p0,df072ace80e8,still_a_max_mm_s2,38,17.76839826839827,88.41558441558442,1.0,0.4063852813852814,0.2121862704421025,6.720261413169094,-17.056607420990282,-11.425927322503254,11.713915072128112,-11.425927322503254,13.042860752390173,15.281470503469391,5.2827566769908
tuning,harry,still_a_max_mm_s2_2000p0,b4fc28705f80,still_a_max_mm_s2,14,19.214285714285715,95.5,1.0,0.5714285714285714,0.033359497645211934,9.797090431033808,-27.981801286615468,-16.24235568214652,16.24235568214652,-16.24235568214652,17.942397918307805,21.339208187339768,6.908763473265389
tuning,jamaal,still_a_max_mm_s2_2000p0,b4fc28705f80,still_a_max_mm_s2,6,16.833333333333332,93.83333333333333,1.0,0.3333333333333333,0.1373737373737374,6.975725341572374,-17.539457058167294,-11.51948029138238,11.51948029138238,-11.519480291382381,13.344607025433332,15.420313173113582,6.536721539123828
tuning,stumpjumper-front-pod-v1,still_a_max_mm_s2_2000p0,b4fc28705f80,still_a_max_mm_s2,7,28.285714285714285,145.71428571428572,1.0,0.14285714285714285,0.20678616183315432,5.718560196532619,-14.550445020318039,-15.652627564445831,15.652627564445831,-15.652627564445824,16.199508178684248,16.522514320464456,4.073629133563836
tuning,stumpjumper-front-pod-v2,still_a_max_mm_s2_2000p0,b4fc28705f80,still_a_max_mm_s2,11,26.272727272727273,141.63636363636363,1.0,0.45454545454545453,0.5140176486818956,6.552676974496323,-13.995542222027554,-7.6523635210538625,8.804314519553293,-7.652363521053863,9.811640456143708,12.55110545954942,3.6119125620101453
tuning,cohort-balanced,still_a_max_mm_s2_2000p0,b4fc28705f80,still_a_max_mm_s2,38,22.651515151515156,119.17099567099567,1.0,0.3755411255411255,0.22288426138349982,7.261013235908781,-18.51681139678209,-12.76670676475715,13.054694514382007,-12.766706764757147,14.324538394642273,16.458285285116805,5.2827566769908
tuning,harry,still_a_max_mm_s2_250p0,4f5cfca77b26,still_a_max_mm_s2,14,0.21428571428571427,1.0,0.21428571428571427,0.8571428571428571,0.0,8.435100429503498,-24.552075488928313,-12.08852580650034,14.376429792651988,-12.088525806500343,16.271224089318906,19.006560403294454,6.908763473265389
tuning,jamaal,still_a_max_mm_s2_250p0,4f5cfca77b26,still_a_max_mm_s2,6,0.16666666666666666,0.6666666666666666,0.16666666666666666,0.8333333333333334,0.0,7.832152954659534,4.849532914526407,-0.7087853042605676,12.041701894675997,-0.7087853042605671,13.879793349214232,13.570176242588724,6.536721539123828
tuning,stumpjumper-front-pod-v1,still_a_max_mm_s2_250p0,4f5cfca77b26,still_a_max_mm_s2,7,6.571428571428571,39.0,1.0,0.14285714285714285,0.08730158730158731,8.345033108979779,-6.407411192523381,-5.979833424626556,6.434088379105343,-5.979833424626555,8.221320343855727,10.333356934966316,4.073629133563836
tuning,stumpjumper-front-pod-v2,still_a_max_mm_s2_250p0,4f5cfca77b26,still_a_max_mm_s2,11,5.636363636363637,33.45454545454545,0.9090909090909091,0.2727272727272727,0.3293081918081918,5.891942637055527,-9.99208917115594,-6.942015671010412,6.942015671010412,-6.942015671010413,8.062349878253212,11.619817234600005,3.6119125620101453
tuning,cohort-balanced,still_a_max_mm_s2_250p0,4f5cfca77b26,still_a_max_mm_s2,38,3.1471861471861473,18.53030303030303,0.5725108225108225,0.5265151515151515,0.10415244477744479,7.626057282549585,-9.025510734520306,-6.429790051599469,9.948558934360934,-6.429790051599469,11.60867191516052,13.632477703862376,5.2827566769908
tuning,harry,still_a_max_mm_s2_3000p0,df4574bc34a0,still_a_max_mm_s2,14,27.285714285714285,147.57142857142858,1.0,0.5714285714285714,0.028400848456839496,10.114904439655904,-27.4821832199398,-16.996172751540705,16.996172751540705,-16.996172751540705,18.63318187646771,21.988247472906583,6.908763473265389
tuning,jamaal,still_a_max_mm_s2_3000p0,df4574bc34a0,still_a_max_mm_s2,6,21.166666666666668,125.66666666666667,1.0,0.0,0.0923804962598066,7.169460249843129,-12.692004792254409,-10.29675840116562,10.406850940291482,-10.296758401165619,12.810175813216334,15.025898187433347,6.536721539123828
tuning,stumpjumper-front-pod-v1,still_a_max_mm_s2_3000p0,df4574bc34a0,still_a_max_mm_s2,7,38.57142857142857,215.42857142857142,1.0,0.5714285714285714,0.16481786469994017,6.231044748013929,-20.256559775765165,-14.83734048631383,14.83734048631383,-14.83734048631383,15.409187200185334,15.698435280401892,4.073629133563836
tuning,stumpjumper-front-pod-v2,still_a_max_mm_s2_3000p0,df4574bc34a0,still_a_max_mm_s2,11,32.90909090909091,185.0909090909091,1.0,0.45454545454545453,0.4923557046386444,7.300459221319207,-16.981981620623596,-9.49753607521208,10.649487073711507,-9.49753607521208,11.448774364831376,14.076968465753938,3.6119125620101453
tuning,cohort-balanced,still_a_max_mm_s2_3000p0,df4574bc34a0,still_a_max_mm_s2,38,29.983225108225106,168.43939393939394,1.0,0.39935064935064934,0.19448872851380766,7.703967164708042,-19.353182352145744,-12.906951928558058,13.22246281296438,-12.906951928558058,14.57532981367519,16.697387351623938,5.2827566769908
tuning,harry,still_a_max_mm_s2_5000p0,59cf2f3fb576,still_a_max_mm_s2,14,36.285714285714285,212.42857142857142,1.0,0.35714285714285715,0.021123621096375646,10.223704653348197,-23.779097156661347,-17.755751513035673,17.755751513035673,-17.755751513035676,19.175529869336845,22.506844486600436,6.908763473265389
tuning,jamaal,still_a_max_mm_s2_5000p0,59cf2f3fb576,still_a_max_mm_s2,6,27.5,176.0,1.0,0.16666666666666666,0.07088877154666628,8.088125761382466,-14.610590151965182,-4.7616065038442414,13.628912876782783,-4.7616065038442414,15.39990283170618,14.4181953887828,6.536721539123828
tuning,stumpjumper-front-pod-v1,still_a_max_mm_s2_5000p0,59cf2f3fb576,still_a_max_mm_s2,7,55.57142857142857,335.14285714285717,1.0,0.7142857142857143,0.10909266110818397,11.969210963113454,-25.017486938355614,-16.170181974369665,16.170181974369665,-16.17018197436966,16.72910663242414,17.061206049159164,4.073629133563836
tuning,stumpjumper-front-pod-v2,still_a_max_mm_s2_5000p0,59cf2f3fb576,still_a_max_mm_s2,11,43.90909090909091,253.0,1.0,0.6363636363636364,0.4340514027750549,8.714484092278388,-21.489299153400346,-8.399731901683753,10.383312413576753,-8.399731901683753,11.198864900146596,13.729368663055935,3.6119125620101453
tuning,cohort-balanced,still_a_max_mm_s2_5000p0,59cf2f3fb576,still_a_max_mm_s2,38,40.81655844155844,244.14285714285717,1.0,0.4686147186147186,0.1587891141315702,9.748881367530627,-21.224118350095623,-11.771817973233333,14.484539694441219,-11.771817973233333,15.625851058403441,16.928903646899585,5.2827566769908
tuning,harry,still_a_max_mm_s2_500p0,5eae0440ce83,still_a_max_mm_s2,14,1.0714285714285714,4.357142857142857,0.7857142857142857,0.35714285714285715,0.0,8.80537224822477,-14.126041076545478,-10.968668123891357,13.537189145645998,-10.968668123891353,15.638722199605757,18.897923532514508,6.908763473265389
tuning,jamaal,still_a_max_mm_s2_500p0,5eae0440ce83,still_a_max_mm_s2,6,1.6666666666666667,11.666666666666666,0.8333333333333334,0.16666666666666666,0.1,6.198551971485836,-12.037928973418039,-9.42305396368594,9.42305396368594,-9.42305396368594,11.89903151042462,14.032226808890812,6.536721539123828
tuning,stumpjumper-front-pod-v1,still_a_max_mm_s2_500p0,5eae0440ce83,still_a_max_mm_s2,7,11.285714285714286,59.285714285714285,1.0,0.14285714285714285,0.11964285714285713,6.444914410086717,-7.077522590865029,-8.372027070654541,8.372027070654541,-8.372027070654541,9.5192891550599,10.443008313929704,4.073629133563836
tuning,stumpjumper-front-pod-v2,still_a_max_mm_s2_500p0,5eae0440ce83,still_a_max_mm_s2,11,10.727272727272727,55.63636363636363,1.0,0.18181818181818182,0.4356024092866198,3.9166540518453843,-10.36543710365319,-7.629982368198685,7.629982368198685,-7.629982368198686,8.818075549724853,12.364479271604745,3.6119125620101453
tuning,cohort-balanced,still_a_max_mm_s2_500p0,5eae0440ce83,still_a_max_mm_s2,38,6.187770562770563,32.73647186147186,0.9047619047619048,0.21212121212121215,0.16381131660736925,6.341373170410677,-10.901732436120433,-9.09843288160763,9.74056313704629,-9.098432881607629,11.468779603703783,13.934409481734942,5.2827566769908
tuning,harry,still_a_max_mm_s2_750p0,62a109efc5f0,still_a_max_mm_s2,14,3.357142857142857,13.357142857142858,0.7857142857142857,0.42857142857142855,0.0,9.759144722440498,-20.07203220061774,-16.201027804022903,16.201027804022903,-16.201027804022903,17.944976386729955,21.358934276464197,6.908763473265387
tuning,jamaal,still_a_max_mm_s2_750p0,62a109efc5f0,still_a_max_mm_s2,6,4.666666666666667,28.666666666666668,1.0,0.16666666666666666,0.05555555555555555,7.023241796477987,-14.695645454456837,-10.572682437612121,10.572682437612121,-10.572682437612123,12.831694588872132,14.887966392365945,6.536721539123828
tuning,stumpjumper-front-pod-v1,still_a_max_mm_s2_750p0,62a109efc5f0,still_a_max_mm_s2,7,16.714285714285715,82.14285714285714,1.0,0.0,0.19283029001074117,5.795549443730394,-9.37986860046581,-11.52005342326619,11.52005342326619,-11.52005342326619,12.287840211970407,12.78025373438265,4.073629133563836
tuning,stumpjumper-front-pod-v2,still_a_max_mm_s2_750p0,62a109efc5f0,still_a_max_mm_s2,11,15.454545454545455,71.63636363636364,1.0,0.2727272727272727,0.5223944949880779,4.847600101745163,-10.275156439042574,-6.89376835551314,8.045719354012569,-6.893768355513142,9.149990984484917,11.928659619753402,3.6119125620101453
tuning,cohort-balanced,still_a_max_mm_s2_750p0,62a109efc5f0,still_a_max_mm_s2,38,10.048160173160174,48.95075757575758,0.9464285714285714,0.21699134199134198,0.19269508513859365,6.856384016098511,-13.605675673645742,-11.296883005103588,11.584870754728446,-11.296883005103592,13.053625543014352,15.238953505741549,5.2827566769908
tuning,harry,still_len_s_0p05,a516e3d0a62d,still_len_s,14,12.071428571428571,55.214285714285715,1.0,0.42857142857142855,0.030163584637268846,9.810275197076496,-19.89639759673174,-12.451318959379673,14.188461132980864,-12.451318959379673,16.055386223684696,19.057649307464203,6.908763473265389
tuning,jamaal,still_len_s_0p05,a516e3d0a62d,still_len_s,6,12.0,64.66666666666667,1.0,0.3333333333333333,0.1111111111111111,6.786763619187734,-13.620391244413794,-9.059292505005976,9.059292505005976,-9.059292505005976,11.311218633651107,13.533812604279591,6.536721539123828
tuning,stumpjumper-front-pod-v1,still_len_s_0p05,a516e3d0a62d,still_len_s,7,25.857142857142858,124.42857142857143,1.0,0.0,0.2190984064356134,5.557850717619551,-10.83683947881705,-12.70733092536006,12.70733092536006,-12.707330925360056,13.416127164860686,13.85253660261341,4.073629133563836
tuning,stumpjumper-front-pod-v2,still_len_s_0p05,a516e3d0a62d,still_len_s,11,23.90909090909091,113.0909090909091,1.0,0.36363636363636365,0.5184562092439532,6.514192999235413,-11.477306237704367,-6.999042579840255,8.46498674707699,-6.999042579840253,9.461374872293895,12.161443754996087,3.6119125620101453
tuning,cohort-balanced,still_len_s_0p05,a516e3d0a62d,still_len_s,38,18.459415584415584,89.35010822510822,1.0,0.2813852813852814,0.21970732785698663,7.167270633279799,-13.957733639416738,-10.304246242396491,11.105017827605973,-10.304246242396488,12.561026723622595,14.651360567338322,5.2827566769908
tuning,harry,still_len_s_0p1,a25e183af6d9,still_len_s,14,6.428571428571429,28.142857142857142,1.0,0.42857142857142855,0.00510204081632653,9.991673687749328,-25.762517749244246,-15.4918631629443,15.4918631629443,-15.491863162944302,17.19407714979174,20.720521807309307,6.908763473265389
tuning,jamaal,still_len_s_0p1,a25e183af6d9,still_len_s,6,7.5,44.0,1.0,0.16666666666666666,0.05555555555555555,6.919610030801451,-12.478782224599078,-9.064003608561368,9.916983497993476,-9.064003608561368,12.334052954995963,13.996100274102957,6.536721539123828
tuning,stumpjumper-front-pod-v1,still_len_s_0p1,a25e183af6d9,still_len_s,7,20.285714285714285,96.85714285714286,1.0,0.2857142857142857,0.23704764294826405,5.035148857266814,-11.64864245239052,-11.70734627172759,11.70734627172759,-11.707346271727586,12.458350282058499,12.9632797907856,4.073629133563836
tuning,stumpjumper-front-pod-v2,still_len_s_0p1,a25e183af6d9,still_len_s,11,18.727272727272727,90.81818181818181,1.0,0.2727272727272727,0.5463361670258222,4.0475437935361995,-10.891576439659902,-6.625411352468031,7.777362350967459,-6.625411352468031,8.752551938390575,11.52535706191518,3.6119125620101453
tuning,cohort-balanced,still_len_s_0p1,a25e183af6d9,still_len_s,38,13.23538961038961,64.95454545454545,1.0,0.2884199134199134,0.2110103515864921,6.498494092338448,-15.195379716473436,-10.722156098925321,11.223388820908205,-10.722156098925321,12.684758081309194,14.801314733528262,5.2827566769908
tuning,harry,still_len_s_0p2,6be6a447409b,still_len_s,14,3.357142857142857,14.285714285714286,0.7142857142857143,0.5,0.0,9.27545669562153,-21.16037915789273,-14.943847506687401,15.035492816296877,-14.943847506687401,17.130617226851296,20.824968375926282,6.908763473265389
tuning,jamaal,still_len_s_0p2,6be6a447409b,still_len_s,6,3.5,19.0,1.0,0.0,0.0,6.598005112109594,-7.104835333543487,-3.6561757976222666,10.703325801862908,-3.6561757976222675,13.117541058305603,14.525693844763083,6.536721539123828
tuning,stumpjumper-front-pod-v1,still_len_s_0p2,6be6a447409b,still_len_s,7,14.428571428571429,78.28571428571429,1.0,0.2857142857142857,0.17812822098536385,6.53132025736492,-10.808628345782523,-11.716836771245733,11.716836771245733,-11.71683677124573,12.470448641586673,13.021466527878967,4.073629133563836
tuning,stumpjumper-front-pod-v2,still_len_s_0p2,6be6a447409b,still_len_s,11,12.818181818181818,64.72727272727273,1.0,0.18181818181818182,0.4776395701159219,4.332586083396767,-12.299210353047767,-9.836095039375978,9.836095039375978,-9.836095039375977,10.648505694382163,14.101305672406996,3.6119125620101453
tuning,cohort-balanced,still_len_s_0p2,6be6a447409b,still_len_s,38,8.525974025974026,44.074675324675326,0.9285714285714286,0.24188311688311687,0.16394194777532145,6.684342037123202,-12.843263297566628,-10.038238778732845,11.822937607195373,-10.038238778732843,13.341778155281432,15.61835860524383,5.2827566769908
tuning,harry,still_len_s_0p3,304d39b73b82,still_len_s,14,1.9285714285714286,7.928571428571429,0.5,0.5714285714285714,0.0,8.992481977983468,-13.709388944849369,-13.119559768566663,13.866983216616616,-13.119559768566663,15.956291363887411,19.39340331302918,6.908763473265389
tuning,jamaal,still_len_s_0p3,304d39b73b82,still_len_s,6,1.3333333333333333,11.5,0.6666666666666666,0.3333333333333333,0.0,6.356125125353998,-11.136972709140938,-9.547345897869551,9.910990350949936,-9.54734589786955,12.294061816591537,15.076877277992123,6.536721539123828
tuning,stumpjumper-front-pod-v1,still_len_s_0p3,304d39b73b82,still_len_s,7,10.285714285714286,59.57142857142857,1.0,0.2857142857142857,0.13634302205730778,8.114522765725967,-13.530083446987229,-11.752216683789905,11.752216683789905,-11.752216683789902,12.526480459685676,13.055328545616275,4.073629133563836
tuning,stumpjumper-front-pod-v2,still_len_s_0p3,304d39b73b82,still_len_s,11,9.272727272727273,54.18181818181818,1.0,0.2727272727272727,0.35860578815124267,6.10084278823769,-12.574120249815156,-7.6806018903006645,8.512231403694237,-7.6806018903006645,9.458592081606282,12.838433709220368,3.6119125620101453
tuning,cohort-balanced,still_len_s_0p3,304d39b73b82,still_len_s,38,5.70508658008658,33.29545454545455,0.7916666666666666,0.36580086580086574,0.1237372025521376,7.39099316432528,-12.737641337698172,-10.524931060131696,11.010605413762674,-10.524931060131696,12.558856430442727,15.091010711464486,5.2827566769908
tuning,harry,stride_s_0p02,c70b511c8117,stride_s,14,10.785714285714286,50.642857142857146,1.0,0.35714285714285715,0.015143784786641929,9.745841686478204,-13.8754216210569,-8.360125509201255,19.12696648251408,-8.360125509201255,20.746955899295745,25.038979044463144,6.908763473265389
tuning,jamaal,stride_s_0p02,c70b511c8117,stride_s,6,12.166666666666666,68.66666666666667,1.0,0.0,0.06666666666666667,7.076152566128104,-12.491119170832066,-11.148050798972283,11.148050798972283,-11.148050798972285,13.146104499960034,15.330211704394488,6.536721539123828
tuning,stumpjumper-front-pod-v1,stride_s_0p02,c70b511c8117,stride_s,7,41.714285714285715,201.14285714285714,1.0,0.0,0.20364068093659932,6.014763835589013,-7.736607845433906,-10.036305237436094,10.036305237436094,-10.036305237436093,10.906831285966799,11.648153405124924,4.073629133563836
tuning,stumpjumper-front-pod-v2,stride_s_0p02,c70b511c8117,stride_s,11,38.63636363636363,185.0,1.0,0.36363636363636365,0.5053580615298817,3.9682965479453682,-11.392150620550536,-7.453909712482073,8.605860710981501,-7.453909712482073,9.485232294450165,12.202568090165137,3.6119125620101453
tuning,cohort-balanced,stride_s_0p02,c70b511c8117,stride_s,38,25.825757575757578,126.36309523809524,1.0,0.18019480519480519,0.1977022984799474,6.701263659035173,-11.373824814468353,-9.249597814522927,12.22929580747599,-9.249597814522925,13.571280994918185,16.054978061036923,5.2827566769908
tuning,harry,stride_s_0p05,4e517f351af5,stride_s,14,6.428571428571429,28.142857142857142,1.0,0.42857142857142855,0.00510204081632653,9.991673687749328,-25.762517749244246,-15.4918631629443,15.4918631629443,-15.491863162944302,17.19407714979174,20.720521807309307,6.908763473265389
tuning,jamaal,stride_s_0p05,4e517f351af5,stride_s,6,7.5,44.0,1.0,0.16666666666666666,0.05555555555555555,6.919610030801451,-12.478782224599078,-9.064003608561368,9.916983497993476,-9.064003608561368,12.334052954995963,13.996100274102957,6.536721539123828
tuning,stumpjumper-front-pod-v1,stride_s_0p05,4e517f351af5,stride_s,7,20.285714285714285,96.85714285714286,1.0,0.2857142857142857,0.23704764294826405,5.035148857266814,-11.64864245239052,-11.70734627172759,11.70734627172759,-11.707346271727586,12.458350282058499,12.9632797907856,4.073629133563836
tuning,stumpjumper-front-pod-v2,stride_s_0p05,4e517f351af5,stride_s,11,18.727272727272727,90.81818181818181,1.0,0.2727272727272727,0.5463361670258222,4.0475437935361995,-10.891576439659902,-6.625411352468031,7.777362350967459,-6.625411352468031,8.752551938390575,11.52535706191518,3.6119125620101453
tuning,cohort-balanced,stride_s_0p05,4e517f351af5,stride_s,38,13.23538961038961,64.95454545454545,1.0,0.2884199134199134,0.2110103515864921,6.498494092338448,-15.195379716473436,-10.722156098925321,11.223388820908205,-10.722156098925321,12.684758081309194,14.801314733528262,5.2827566769908
tuning,harry,stride_s_0p1,75be897c3f71,stride_s,14,4.857142857142857,22.428571428571427,1.0,0.2857142857142857,0.00510204081632653,9.7796978142633,-14.006686166874427,-9.734409764493408,21.03398461074584,-9.734409764493412,22.4494732625492,26.53860334505558,6.908763473265389
tuning,jamaal,stride_s_0p1,75be897c3f71,stride_s,6,5.333333333333333,28.166666666666668,1.0,0.0,0.08333333333333333,6.3496778004284495,-6.6964200808119,-4.905057348375653,7.167732720995222,-4.905057348375653,10.057385903807877,12.425235270215827,6.536721539123828
tuning,stumpjumper-front-pod-v1,stride_s_0p1,75be897c3f71,stride_s,7,14.857142857142858,66.71428571428571,1.0,0.0,0.23786848072562355,5.729259188833159,-6.02179937443178,-8.81902901276187,8.81902901276187,-8.819029012761868,9.802483807599984,10.663936199616625,4.073629133563836
tuning,stumpjumper-front-pod-v2,stride_s_0p1,75be897c3f71,stride_s,11,14.454545454545455,62.09090909090909,1.0,0.2727272727272727,0.5090194494500714,3.7051777031693387,-9.382976023235925,-5.89529889987491,7.793308269279712,-5.89529889987491,8.786430954658405,11.41335759677588,3.6119125620101453
tuning,cohort-balanced,stride_s_0p1,75be897c3f71,stride_s,38,9.875541125541126,44.85010822510822,1.0,0.1396103896103896,0.20883082608133868,6.390953126673562,-9.026970411338509,-7.33844875637646,11.203513653445661,-7.338448756376461,12.773943482153866,15.260283102915977,5.2827566769908
