trial_id,pipeline,log,repeat,duration_s,trainer,cache_fingerprint,center_s,experiment,fusion1,fusion2,nuisance,nuisance_applied_update_rms_mm,nuisance_correction_vector_rms_mg,nuisance_effective_state_hz,nuisance_final_iteration_change_mm,nuisance_full_rate,nuisance_proposed_update_rms_mm,nuisance_source_stride,nuisance_update_fraction,nuisance_xyz_bin_count,nuisance_xyz_scalar_center_mg,nuisance_xyz_scalar_scale_mg,source_run_fingerprint,source_trial_id,start_s,stop_s,time_basis,total
26b8b94bb96dfdc8,front,log-0046,0,5.0,self-supervised,58e373396f836700192dfa2fecb334bfa93af94ee8e7ff324185bd85f7bfe658,188.53424651313014,solver-window-front-phase2,4.562994374893606,5.271214250009507,1.101917542051524,1.6953561651488804,153.1491243641524,10.000000000009095,0.146837588273031,0.5597312920726836,2.260474886865174,10.0,0.5967400162999185,73.0,3957.366449914676,2192.0791356464033,5bea0f2a1a0f8859fae10f0677c4124e757b551e54e1576787804c52f37e14c2,27560ff01604e420,186.03424651313014,191.03424651313014,active,11.66031241696328
578f74cb2e58ea50,front,log-0046,0,10.0,self-supervised,58e373396f836700192dfa2fecb334bfa93af94ee8e7ff324185bd85f7bfe658,188.53424651313014,solver-window-front-phase2,5.6570521669927984,5.787498916964978,1.093628458911553,1.647485865669062,154.95607993025445,10.000000000009095,0.15543735648245594,0.5576241670642048,2.1966478208920828,10.0,0.5910350448247759,73.0,3957.366449914676,2192.0791356464033,5bea0f2a1a0f8859fae10f0677c4124e757b551e54e1576787804c52f37e14c2,38aeda6dc050b576,183.53424651313014,193.53424651313014,active,13.231534959049895
606674b7210845e0,front,log-0046,0,20.0,self-supervised,58e373396f836700192dfa2fecb334bfa93af94ee8e7ff324185bd85f7bfe658,188.53424651313014,solver-window-front-phase2,7.944004999939352,7.373823124915361,1.1010573338717222,1.8315608623117545,180.90472792938883,10.000000000009095,0.28275760532535227,0.5632817500736564,2.4420811497490056,10.0,0.5806030969845151,73.0,3957.366449914676,2192.0791356464033,5bea0f2a1a0f8859fae10f0677c4124e757b551e54e1576787804c52f37e14c2,05ee9b22d7ee6c63,178.53424651313014,198.53424651313014,active,17.116015166044235
e018c51f074b9de6,front,log-0046,0,40.0,self-supervised,58e373396f836700192dfa2fecb334bfa93af94ee8e7ff324185bd85f7bfe658,188.53424651313014,solver-window-front-phase2,8.160363958915696,7.530292500043288,1.097287958022207,2.8338314150058195,245.55477227082505,10.000000000009095,0.599675054271072,0.5641727079637349,3.7784418866744263,10.0,0.562999185004075,73.0,3957.366449914676,2192.0791356464033,5bea0f2a1a0f8859fae10f0677c4124e757b551e54e1576787804c52f37e14c2,85d72cdbec691071,168.53424651313014,208.53424651313014,active,17.487194125074893
9ee73425d8e60b2c,front,log-0046,0,120.0,self-supervised,58e373396f836700192dfa2fecb334bfa93af94ee8e7ff324185bd85f7bfe658,188.53424651313014,solver-window-front-phase2,7.968310125172138,8.247246500104666,1.110829000128433,3.0079301629531665,256.17336581581515,10.000000000009095,0.6486332464075224,0.5629902498330921,4.010573550604222,10.0,0.5600651996740016,73.0,3957.366449914676,2192.0791356464033,5bea0f2a1a0f8859fae10f0677c4124e757b551e54e1576787804c52f37e14c2,92996a708467cece,128.53424651313014,248.53424651313014,active,18.024654124863446
59df1236a920eb94,front,log-0046,1,5.0,self-supervised,58e373396f836700192dfa2fecb334bfa93af94ee8e7ff324185bd85f7bfe658,63.3127398897505,solver-window-front-phase2,6.718918458092958,6.930039041908458,1.1029889998026192,1.6688322031957938,170.94609050126095,10.000000000009095,0.23478199489943005,0.5620238329283893,2.2251096042610583,10.0,0.5848410757946211,73.0,3957.366449914676,2192.0791356464033,5bea0f2a1a0f8859fae10f0677c4124e757b551e54e1576787804c52f37e14c2,7b5770204ea7ff59,60.8127398897505,65.8127398897505,active,15.392779333982617
dce24c36211bd73e,front,log-0046,1,10.0,self-supervised,58e373396f836700192dfa2fecb334bfa93af94ee8e7ff324185bd85f7bfe658,63.3127398897505,solver-window-front-phase2,4.3698303329292685,3.854669624939561,1.103215582901612,1.4949361929102274,152.9582190258877,10.000000000009095,0.14870246580754706,0.6505209589377046,1.9932482572136367,10.0,0.5993480032599837,73.0,3957.366449914676,2192.0791356464033,5bea0f2a1a0f8859fae10f0677c4124e757b551e54e1576787804c52f37e14c2,96741428e1cab032,58.3127398897505,68.3127398897505,active,10.02693966589868
bfbca3739f45fcad,front,log-0046,1,20.0,self-supervised,58e373396f836700192dfa2fecb334bfa93af94ee8e7ff324185bd85f7bfe658,63.3127398897505,solver-window-front-phase2,4.797382625052705,5.826493249973282,1.2791422919835895,1.7146748754678665,153.0655902063834,10.000000000009095,0.1764107495437727,0.5842682500369847,2.2862331672904888,10.0,0.5986960065199673,73.0,3957.366449914676,2192.0791356464033,5bea0f2a1a0f8859fae10f0677c4124e757b551e54e1576787804c52f37e14c2,cbde1076118673f6,53.3127398897505,73.3127398897505,active,12.544057375052944
b1d8b075c1e0e5b7,front,log-0046,1,40.0,self-supervised,58e373396f836700192dfa2fecb334bfa93af94ee8e7ff324185bd85f7bfe658,63.3127398897505,solver-window-front-phase2,7.863614249974489,8.077037625014782,1.12414904194884,3.0814240948905867,266.5906929413646,10.000000000009095,0.6970190038883198,0.565140999853611,4.108565459854115,10.0,0.5594132029339853,73.0,3957.366449914676,2192.0791356464033,5bea0f2a1a0f8859fae10f0677c4124e757b551e54e1576787804c52f37e14c2,78cbb5006dc9cb38,43.3127398897505,83.3127398897505,active,17.686904875095934
2b01fb7935f3d222,front,log-0046,1,120.0,self-supervised,58e373396f836700192dfa2fecb334bfa93af94ee8e7ff324185bd85f7bfe658,63.3127398897505,solver-window-front-phase2,8.714636666001752,8.496781000168994,1.1899586669169366,2.8063803203967455,251.92731226638685,10.000000000009095,0.6113216563482241,0.6432729579973966,3.741840427195661,10.0,0.5616951915240423,73.0,3957.366449914676,2192.0791356464033,5bea0f2a1a0f8859fae10f0677c4124e757b551e54e1576787804c52f37e14c2,e87a69fa749fab61,3.312739889750503,123.3127398897505,active,19.09992887498811
4128664422642592,front,log-0046,2,5.0,self-supervised,58e373396f836700192dfa2fecb334bfa93af94ee8e7ff324185bd85f7bfe658,101.1132793609276,solver-window-front-phase2,4.657816875027493,4.63715466693975,1.1642725837882608,1.622001605755461,154.95957965958812,10.000000000009095,0.14796429185561588,0.584289250196889,2.162668807673948,10.0,0.591361043194784,73.0,3957.366449914676,2192.0791356464033,5bea0f2a1a0f8859fae10f0677c4124e757b551e54e1576787804c52f37e14c2,89004cf64c2459bd,98.6132793609276,103.6132793609276,active,11.123230250086635
fd59823cfc826099,front,log-0046,2,10.0,self-supervised,58e373396f836700192dfa2fecb334bfa93af94ee8e7ff324185bd85f7bfe658,101.1132793609276,solver-window-front-phase2,5.1475414170417935,5.272443207912147,1.1068325000815094,1.593533752626732,153.37303046133977,10.000000000009095,0.16520809361767122,0.5605775828007609,2.124711670168976,10.0,0.5973920130399348,73.0,3957.366449914676,2192.0791356464033,5bea0f2a1a0f8859fae10f0677c4124e757b551e54e1576787804c52f37e14c2,f0097f1f7d0ab30b,96.1132793609276,106.1132793609276,active,12.140875875018537
86d8801edaf15f4a,front,log-0046,2,20.0,self-supervised,58e373396f836700192dfa2fecb334bfa93af94ee8e7ff324185bd85f7bfe658,101.1132793609276,solver-window-front-phase2,5.271826999960467,6.494969584047794,1.1512697499711066,1.5312127242715903,160.70913264038808,10.000000000009095,0.1830342807345337,0.5894832911435515,2.0416169656954537,10.0,0.5874490627546862,73.0,3957.366449914676,2192.0791356464033,5bea0f2a1a0f8859fae10f0677c4124e757b551e54e1576787804c52f37e14c2,1d6c6952a14b4e15,91.1132793609276,111.1132793609276,active,13.557329667033628
91d2105d25aecd2c,front,log-0046,2,40.0,self-supervised,58e373396f836700192dfa2fecb334bfa93af94ee8e7ff324185bd85f7bfe658,101.1132793609276,solver-window-front-phase2,9.870254874927923,9.470953000010923,1.1847729170694947,2.388521490406262,219.46436767608174,10.000000000009095,0.47572704740064575,0.5947461249306798,3.184695320541683,10.0,0.5680521597392013,73.0,3957.366449914676,2192.0791356464033,5bea0f2a1a0f8859fae10f0677c4124e757b551e54e1576787804c52f37e14c2,02d8c4bb1e271ed9,81.1132793609276,121.1132793609276,active,21.206028667045757
bbe56944cf0f4b6c,front,log-0046,2,120.0,self-supervised,58e373396f836700192dfa2fecb334bfa93af94ee8e7ff324185bd85f7bfe658,101.1132793609276,solver-window-front-phase2,10.494102082913741,9.502274416852742,1.1692797078285366,2.863034206422981,254.36124251429675,10.000000000009095,0.6344482713210166,0.5953999999910593,3.8173789418973074,10.0,0.5610431947840261,73.0,3957.366449914676,2192.0791356464033,5bea0f2a1a0f8859fae10f0677c4124e757b551e54e1576787804c52f37e14c2,9f0c90e6f53a8673,41.113279360927606,161.1132793609276,active,21.840603291988373
c3bc4288e1fc1a78,front,log-0046,3,5.0,self-supervised,58e373396f836700192dfa2fecb334bfa93af94ee8e7ff324185bd85f7bfe658,300.09848089421143,solver-window-front-phase2,5.86268095811829,7.652268500067294,1.303588957991451,1.8930274593114307,153.7532189809959,10.000000000009095,0.23016225722646322,0.6075757080689073,2.524036612415241,10.0,0.5990220048899756,73.0,3957.366449914676,2192.0791356464033,5bea0f2a1a0f8859fae10f0677c4124e757b551e54e1576787804c52f37e14c2,a00541bca48a0938,297.59848089421143,302.59848089421143,active,15.521867166040465
a5272699fd330047,front,log-0046,3,10.0,self-supervised,58e373396f836700192dfa2fecb334bfa93af94ee8e7ff324185bd85f7bfe658,300.09848089421143,solver-window-front-phase2,8.16007904196158,9.23353962507099,1.1688709158916026,1.9322699947354498,153.99619456873612,10.000000000009095,0.24034095679064604,0.5932971248403192,2.5763599929806,10.0,0.5983700081499592,73.0,3957.366449914676,2192.0791356464033,5bea0f2a1a0f8859fae10f0677c4124e757b551e54e1576787804c52f37e14c2,350dfb7a6958f7f7,295.09848089421143,305.09848089421143,active,19.25543999997899
7fd4b130f498973e,front,log-0046,3,20.0,self-supervised,58e373396f836700192dfa2fecb334bfa93af94ee8e7ff324185bd85f7bfe658,300.09848089421143,solver-window-front-phase2,6.073292041895911,5.48251025006175,1.254944832995534,1.5756522991948723,155.88850850801407,10.000000000009095,0.14810705716895614,0.6027265000157058,2.1008697322598295,10.0,0.5903830480847596,73.0,3957.366449914676,2192.0791356464033,5bea0f2a1a0f8859fae10f0677c4124e757b551e54e1576787804c52f37e14c2,6ca0f94f33fc4d39,290.09848089421143,310.09848089421143,active,13.507085707969964
84000777821af5a9,front,log-0046,3,40.0,self-supervised,58e373396f836700192dfa2fecb334bfa93af94ee8e7ff324185bd85f7bfe658,300.09848089421143,solver-window-front-phase2,9.342799125006422,10.291372000006959,1.1788304999936372,2.526065634125853,217.4230303962129,10.000000000009095,0.47800961207995607,0.598524458007887,3.368087512167804,10.0,0.5675631621841891,73.0,3957.366449914676,2192.0791356464033,5bea0f2a1a0f8859fae10f0677c4124e757b551e54e1576787804c52f37e14c2,e17cf55e36b02eb9,280.09848089421143,320.09848089421143,active,21.501344999996945
03e4c9658c03d297,front,log-0046,3,120.0,self-supervised,58e373396f836700192dfa2fecb334bfa93af94ee8e7ff324185bd85f7bfe658,300.09848089421143,solver-window-front-phase2,10.149635541951284,9.638670416083187,1.2096694591455162,3.5288379387632913,278.3240928979856,10.000000000009095,0.8062815237312123,0.6137229579035193,4.705117251684388,10.0,0.5590872045639772,73.0,3957.366449914676,2192.0791356464033,5bea0f2a1a0f8859fae10f0677c4124e757b551e54e1576787804c52f37e14c2,676bc6f1f66f77ce,240.09848089421143,360.09848089421143,active,21.68034204095602
6743c74035260fc5,front,log-0048,0,5.0,self-supervised,159cb65fea2d2c79a359662e94950737e94f2f649a8c56b02f3783cdd3d4d5fd,130.53109835509417,solver-window-front-phase2,5.0746177919209,5.55889541702345,2.0536609580740333,1.2965128988207084,199.1788358692613,10.000000000009095,0.1702188899495127,1.0045000410173088,1.7286838650942782,10.0,0.8211081306077144,64.0,3404.2840610187864,2024.40580274624,5bea0f2a1a0f8859fae10f0677c4124e757b551e54e1576787804c52f37e14c2,e08036cb4bd49812,128.03109835509417,133.03109835509417,active,13.961302333977073
540b7dc54a8147b2,front,log-0048,0,10.0,self-supervised,159cb65fea2d2c79a359662e94950737e94f2f649a8c56b02f3783cdd3d4d5fd,130.53109835509417,solver-window-front-phase2,4.850112874992192,5.3100568749941885,2.0873645830433816,2.0992595430860006,198.8938041406427,10.000000000009095,0.2486281102458635,1.005903874989599,2.7990127241146676,10.0,0.820738137082601,64.0,3404.2840610187864,2024.40580274624,5bea0f2a1a0f8859fae10f0677c4124e757b551e54e1576787804c52f37e14c2,ab86f76649008687,125.53109835509417,135.53109835509417,active,13.477651707828045
3597206dda7cac53,front,log-0048,0,20.0,self-supervised,159cb65fea2d2c79a359662e94950737e94f2f649a8c56b02f3783cdd3d4d5fd,130.53109835509417,solver-window-front-phase2,10.871746167074889,13.94986041705124,2.1042021659668535,1.9437198928621304,199.77690009207487,10.000000000009095,0.24856590053602015,1.0190602911170572,2.591626523816174,10.0,0.8133382665803348,64.0,3404.2840610187864,2024.40580274624,5bea0f2a1a0f8859fae10f0677c4124e757b551e54e1576787804c52f37e14c2,335785eaa77c15c0,120.53109835509417,140.53109835509417,active,28.175330457976088
c214e3fbc735c35c,front,log-0048,0,40.0,self-supervised,159cb65fea2d2c79a359662e94950737e94f2f649a8c56b02f3783cdd3d4d5fd,130.53109835509417,solver-window-front-phase2,11.091262792004272,13.155899125151336,2.2627381661441177,2.5840574795060314,204.56940531820484,10.000000000009095,0.3925740770533047,1.0212639158125967,3.4454099726747085,10.0,0.7976135417630191,64.0,3404.2840610187864,2024.40580274624,5bea0f2a1a0f8859fae10f0677c4124e757b551e54e1576787804c52f37e14c2,9a0794b2b1829c44,110.53109835509417,150.53109835509417,active,27.750312791904435
01c68d6fdd10d86d,front,log-0048,0,120.0,self-supervised,159cb65fea2d2c79a359662e94950737e94f2f649a8c56b02f3783cdd3d4d5fd,130.53109835509417,solver-window-front-phase2,12.880817082943395,13.637284624855965,2.072217582957819,2.3198705622534654,211.6688564468623,10.000000000009095,0.35861538836187506,1.013436249922961,3.0931607496712874,10.0,0.7951160854685043,64.0,3404.2840610187864,2024.40580274624,5bea0f2a1a0f8859fae10f0677c4124e757b551e54e1576787804c52f37e14c2,e1daf44bc78e2e0b,70.53109835509417,190.53109835509417,active,29.820836375001818
777ce9f8ca07fb03,front,log-0048,1,5.0,self-supervised,159cb65fea2d2c79a359662e94950737e94f2f649a8c56b02f3783cdd3d4d5fd,268.57197189204214,solver-window-front-phase2,6.425135959172621,9.686537917004898,2.308390541933477,1.4545173431607181,199.33757861360948,10.000000000009095,0.18643442677768035,1.1213228749111295,1.939356457547624,10.0,0.8208306354638794,64.0,3404.2840610187864,2024.40580274624,5bea0f2a1a0f8859fae10f0677c4124e757b551e54e1576787804c52f37e14c2,2e84b03af0d169e1,266.07197189204214,271.07197189204214,active,19.669449292123318
5c150edc8490202c,front,log-0048,1,10.0,self-supervised,159cb65fea2d2c79a359662e94950737e94f2f649a8c56b02f3783cdd3d4d5fd,268.57197189204214,solver-window-front-phase2,6.119438459165394,7.202024665893987,2.3010284579358995,1.439039799205932,199.2099534431268,10.000000000009095,0.18703876413584053,1.0924190829973668,1.9187197322745764,10.0,0.8211081306077144,64.0,3404.2840610187864,2024.40580274624,5bea0f2a1a0f8859fae10f0677c4124e757b551e54e1576787804c52f37e14c2,c741864ca1390eb9,263.57197189204214,273.57197189204214,active,16.8122888749931
95bde9e240e96f4c,front,log-0048,1,20.0,self-supervised,159cb65fea2d2c79a359662e94950737e94f2f649a8c56b02f3783cdd3d4d5fd,268.57197189204214,solver-window-front-phase2,16.619669165927917,19.415534417144954,2.675952667137608,1.762788211755339,199.98767621761823,10.000000000009095,0.23346904418316408,1.1721248750109226,2.350384282340452,10.0,0.8040884284525021,64.0,3404.2840610187864,2024.40580274624,5bea0f2a1a0f8859fae10f0677c4124e757b551e54e1576787804c52f37e14c2,f77b773f1f5eca30,258.57197189204214,278.57197189204214,active,40.02417891705409
6bb062cb03548bda,front,log-0048,1,40.0,self-supervised,159cb65fea2d2c79a359662e94950737e94f2f649a8c56b02f3783cdd3d4d5fd,268.57197189204214,solver-window-front-phase2,11.295855417149141,9.188512959051877,2.360016667051241,1.510599144026735,199.23771271560344,10.000000000009095,0.19091134223883138,1.1288824579678476,2.0141321920356465,10.0,0.8212006289889927,64.0,3404.2840610187864,2024.40580274624,5bea0f2a1a0f8859fae10f0677c4124e757b551e54e1576787804c52f37e14c2,b26c4683d64e87a1,248.57197189204214,288.57197189204214,active,24.041464666137472
556ee44282a7630e,front,log-0048,1,120.0,self-supervised,159cb65fea2d2c79a359662e94950737e94f2f649a8c56b02f3783cdd3d4d5fd,268.57197189204214,solver-window-front-phase2,20.7530885420274,20.7472292908933,2.4150613751262426,2.2030593451223757,208.4155529067026,10.000000000009095,0.3159591043581102,1.151566999964416,2.9374124601631677,10.0,0.7966885579502359,64.0,3404.2840610187864,2024.40580274624,5bea0f2a1a0f8859fae10f0677c4124e757b551e54e1576787804c52f37e14c2,6c77637baf8537dd,208.57197189204214,328.57197189204214,active,45.1357743749395
00ba55fa8067ef28,front,log-0048,2,5.0,self-supervised,159cb65fea2d2c79a359662e94950737e94f2f649a8c56b02f3783cdd3d4d5fd,137.6546227244058,solver-window-front-phase2,7.1092388750985265,8.387203708058223,2.6280362920369953,1.296182144636141,198.87825691506626,10.000000000009095,0.17498471613414576,1.1646564579568803,1.7282428595148547,10.0,0.821015632226436,64.0,3404.2840610187864,2024.40580274624,5bea0f2a1a0f8859fae10f0677c4124e757b551e54e1576787804c52f37e14c2,c54e0e835170e3a2,135.1546227244058,140.1546227244058,active,19.439398916903883
34067289d45834f4,front,log-0048,2,10.0,self-supervised,159cb65fea2d2c79a359662e94950737e94f2f649a8c56b02f3783cdd3d4d5fd,137.6546227244058,solver-window-front-phase2,8.681745207868516,7.929918000008911,2.5087472919840366,1.29726398429628,199.1644744824961,10.000000000009095,0.17772504180954962,1.1880951249040663,1.7296853123950402,10.0,0.8206456387013227,64.0,3404.2840610187864,2024.40580274624,5bea0f2a1a0f8859fae10f0677c4124e757b551e54e1576787804c52f37e14c2,75ab8490a489104d,132.6546227244058,142.6546227244058,active,20.400709290988743
9227a699ea30e6a0,front,log-0048,2,20.0,self-supervised,159cb65fea2d2c79a359662e94950737e94f2f649a8c56b02f3783cdd3d4d5fd,137.6546227244058,solver-window-front-phase2,15.770864832913503,17.07262762496248,2.4036259579006582,2.587371437460673,200.92958293824827,10.000000000009095,0.3931407227066513,1.262427959125489,3.4498285832808975,10.0,0.8004809915826473,64.0,3404.2840610187864,2024.40580274624,5bea0f2a1a0f8859fae10f0677c4124e757b551e54e1576787804c52f37e14c2,21be5a09065d795b,127.65462272440581,147.6546227244058,active,36.596938041970134
24d193ae92be0197,front,log-0048,2,40.0,self-supervised,159cb65fea2d2c79a359662e94950737e94f2f649a8c56b02f3783cdd3d4d5fd,137.6546227244058,solver-window-front-phase2,18.359528166940436,21.094337082933635,2.5778839169070125,2.3938723761986047,208.75464900336488,10.000000000009095,0.3774709793082951,1.1850030419882387,3.191829834931473,10.0,0.7963185644251226,64.0,3404.2840610187864,2024.40580274624,5bea0f2a1a0f8859fae10f0677c4124e757b551e54e1576787804c52f37e14c2,3495cc072a0d0a90,117.65462272440581,157.6546227244058,active,43.295143249910325
2d5bd2ea8d011a49,front,log-0048,2,120.0,self-supervised,159cb65fea2d2c79a359662e94950737e94f2f649a8c56b02f3783cdd3d4d5fd,137.6546227244058,solver-window-front-phase2,19.474023167043924,20.14873795816675,2.9038858751300722,2.1547773459483137,207.95552621104105,10.000000000009095,0.3103207139663813,1.243494207970798,2.8730364612644186,10.0,0.7965960595689575,64.0,3404.2840610187864,2024.40580274624,5bea0f2a1a0f8859fae10f0677c4124e757b551e54e1576787804c52f37e14c2,a08dd1620fb5ffd9,77.65462272440581,197.6546227244058,active,43.84609950007871
8cff0c68368fbc8d,front,log-0048,3,5.0,self-supervised,159cb65fea2d2c79a359662e94950737e94f2f649a8c56b02f3783cdd3d4d5fd,291.5791625276022,solver-window-front-phase2,7.216788208112121,7.808553291019052,2.5761734161060303,1.1493650419057753,198.918084413434,10.000000000009095,0.16169421323020947,1.2479652089532465,1.5324867225410335,10.0,0.8206456387013227,64.0,3404.2840610187864,2024.40580274624,5bea0f2a1a0f8859fae10f0677c4124e757b551e54e1576787804c52f37e14c2,f01c15a814f28a06,289.0791625276022,294.0791625276022,active,18.94184595812112
2613d9431022cb31,front,log-0048,3,10.0,self-supervised,159cb65fea2d2c79a359662e94950737e94f2f649a8c56b02f3783cdd3d4d5fd,291.5791625276022,solver-window-front-phase2,14.65607887506485,21.997836916008964,2.7165589169599116,1.7933714976038526,199.36100593248537,10.000000000009095,0.22263679465241062,1.4352212909143418,2.3911619968051365,10.0,0.8147257422995098,64.0,3404.2840610187864,2024.40580274624,5bea0f2a1a0f8859fae10f0677c4124e757b551e54e1576787804c52f37e14c2,d704cc90815f152e,286.5791625276022,296.5791625276022,active,40.882822958985344
aaf22b60d4d364af,front,log-0048,3,20.0,self-supervised,159cb65fea2d2c79a359662e94950737e94f2f649a8c56b02f3783cdd3d4d5fd,291.5791625276022,solver-window-front-phase2,6.3126649998594075,7.679637708002701,2.778729374986142,1.998911497940599,198.78671616036067,10.000000000009095,0.23965594240780336,1.2115457500331104,2.6652153305874653,10.0,0.8205531403200444,64.0,3404.2840610187864,2024.40580274624,5bea0f2a1a0f8859fae10f0677c4124e757b551e54e1576787804c52f37e14c2,96649cef0d94d50b,281.5791625276022,301.5791625276022,active,18.09740254096687
248c30709424b315,front,log-0048,3,40.0,self-supervised,159cb65fea2d2c79a359662e94950737e94f2f649a8c56b02f3783cdd3d4d5fd,291.5791625276022,solver-window-front-phase2,6.980416083009914,9.085562833119184,2.87527725007385,1.5866601688661455,199.75410216029323,10.000000000009095,0.19762289476194442,1.4010430830530822,2.115546891821527,10.0,0.821015632226436,64.0,3404.2840610187864,2024.40580274624,5bea0f2a1a0f8859fae10f0677c4124e757b551e54e1576787804c52f37e14c2,28e4a91f12cc608c,271.5791625276022,311.5791625276022,active,20.481387166073546
6dbafcc41b584c61,front,log-0048,3,120.0,self-supervised,159cb65fea2d2c79a359662e94950737e94f2f649a8c56b02f3783cdd3d4d5fd,291.5791625276022,solver-window-front-phase2,21.585882334038615,19.859154958976433,2.5886458340100944,2.2314727934229444,209.8263475050667,10.000000000009095,0.3213213051987243,1.2654687089379877,2.9752970578972593,10.0,0.7956710757561742,64.0,3404.2840610187864,2024.40580274624,5bea0f2a1a0f8859fae10f0677c4124e757b551e54e1576787804c52f37e14c2,145195735a30a5ac,231.5791625276022,351.5791625276022,active,45.39855658309534
4491e953795b77b3,front,log-0049,0,5.0,self-supervised,6e2dd32802d623097b8d4e156e25faefa5d6ad14dbeffc292b43c34516adefc5,140.59088605573208,solver-window-front-phase2,4.62685158289969,4.651527582900599,0.8366726671811193,2.0553292512732093,191.08039073977295,10.000000000009095,0.21585991278434805,0.41250987513922155,2.7404390016976126,10.0,0.7479067662367052,56.0,3109.0944568258565,1806.6727800799003,5bea0f2a1a0f8859fae10f0677c4124e757b551e54e1576787804c52f37e14c2,fea4dc8f5f8cc713,138.09088605573208,143.09088605573208,active,10.647271207999438
2c709eaef991b17f,front,log-0049,0,10.0,self-supervised,6e2dd32802d623097b8d4e156e25faefa5d6ad14dbeffc292b43c34516adefc5,140.59088605573208,solver-window-front-phase2,4.210906375199556,4.385769041953608,0.8420744999311864,2.9431087370799416,191.11279150871889,10.000000000009095,0.3315148140409168,0.412375041982159,3.9241449827732557,10.0,0.7488119484046164,56.0,3109.0944568258565,1806.6727800799003,5bea0f2a1a0f8859fae10f0677c4124e757b551e54e1576787804c52f37e14c2,58ad390b50d97b37,135.59088605573208,145.59088605573208,active,9.952388082863763
5370b7a456da070a,front,log-0049,0,20.0,self-supervised,6e2dd32802d623097b8d4e156e25faefa5d6ad14dbeffc292b43c34516adefc5,140.59088605573208,solver-window-front-phase2,4.44691879209131,4.291344416793436,0.8452820421662182,2.6315900327225195,191.02572377442903,10.000000000009095,0.29120690879817834,0.5777869580779225,3.5087867102966923,10.0,0.7490382439465942,56.0,3109.0944568258565,1806.6727800799003,5bea0f2a1a0f8859fae10f0677c4124e757b551e54e1576787804c52f37e14c2,ea7845f9e1ab4fb3,130.59088605573208,150.59088605573208,active,10.263719542184845
780f2740199a3486,front,log-0049,0,40.0,self-supervised,6e2dd32802d623097b8d4e156e25faefa5d6ad14dbeffc292b43c34516adefc5,140.59088605573208,solver-window-front-phase2,5.088307333178818,4.8948470409959555,0.8291680419351906,1.6185307671546636,264.470367564392,10.000000000009095,0.31733777872002983,0.4133472500834614,2.1580410228728844,10.0,0.7094365241004752,56.0,3109.0944568258565,1806.6727800799003,5bea0f2a1a0f8859fae10f0677c4124e757b551e54e1576787804c52f37e14c2,21741b81bd2aafb4,120.59088605573208,160.59088605573208,active,11.32088274997659
284684ec7300217b,front,log-0049,0,120.0,self-supervised,6e2dd32802d623097b8d4e156e25faefa5d6ad14dbeffc292b43c34516adefc5,140.59088605573208,solver-window-front-phase2,4.178182082949206,4.500279708066955,0.8448713750112802,2.7723624476735718,189.92764364379664,10.000000000009095,0.26961015440058383,0.4130724580027163,3.6964832635647626,10.0,0.7485856528626386,56.0,3109.0944568258565,1806.6727800799003,5bea0f2a1a0f8859fae10f0677c4124e757b551e54e1576787804c52f37e14c2,d4814a7799fd9715,80.59088605573208,200.59088605573208,active,10.028703833930194
fa6eda9dec90dcfb,front,log-0049,1,5.0,self-supervised,6e2dd32802d623097b8d4e156e25faefa5d6ad14dbeffc292b43c34516adefc5,136.15651111561394,solver-window-front-phase2,7.906773458002135,7.149411124875769,1.2239887919276953,2.6247468314405213,190.56212592693893,10.000000000009095,0.2561580570956322,0.5765191249083728,3.499662441920695,10.0,0.7490382439465942,56.0,3109.0944568258565,1806.6727800799003,5bea0f2a1a0f8859fae10f0677c4124e757b551e54e1576787804c52f37e14c2,63a5c0d21a392b80,133.65651111561394,138.65651111561394,active,16.96356804203242
1eb8222d547ce366,front,log-0049,1,10.0,self-supervised,6e2dd32802d623097b8d4e156e25faefa5d6ad14dbeffc292b43c34516adefc5,136.15651111561394,solver-window-front-phase2,6.703251583036035,5.639465540880337,1.0977002079598606,2.0840259546064805,191.00102119006826,10.000000000009095,0.2329264988950561,0.503823040984571,2.7787012728086404,10.0,0.7488119484046164,56.0,3109.0944568258565,1806.6727800799003,5bea0f2a1a0f8859fae10f0677c4124e757b551e54e1576787804c52f37e14c2,65899641827e13df,131.15651111561394,141.15651111561394,active,14.019713041838259
c74a408ae20bdd53,front,log-0049,1,20.0,self-supervised,6e2dd32802d623097b8d4e156e25faefa5d6ad14dbeffc292b43c34516adefc5,136.15651111561394,solver-window-front-phase2,5.541813709074631,6.509297125041485,1.0422719169873744,1.4411457404356336,191.44093763226783,10.000000000009095,0.17301354062135618,0.6135647499468178,1.921527653914178,10.0,0.7470015840687938,56.0,3109.0944568258565,1806.6727800799003,5bea0f2a1a0f8859fae10f0677c4124e757b551e54e1576787804c52f37e14c2,619a5b1f9a7f4316,126.15651111561394,146.15651111561394,active,13.750797415850684
20dff91b663d8b5b,front,log-0049,1,40.0,self-supervised,6e2dd32802d623097b8d4e156e25faefa5d6ad14dbeffc292b43c34516adefc5,136.15651111561394,solver-window-front-phase2,6.920953791122884,6.8745208331383765,0.997751499991864,1.2566278646155902,222.1644830606874,10.000000000009095,0.20102551097495827,0.4927047500386834,1.6755038194874536,10.0,0.7307083050463906,56.0,3109.0944568258565,1806.6727800799003,5bea0f2a1a0f8859fae10f0677c4124e757b551e54e1576787804c52f37e14c2,18c2728602c0b7fd,116.15651111561394,156.15651111561394,active,15.333096666960046
0a83c4eb123d7a95,front,log-0049,1,120.0,self-supervised,6e2dd32802d623097b8d4e156e25faefa5d6ad14dbeffc292b43c34516adefc5,136.15651111561394,solver-window-front-phase2,6.413966457825154,6.711808250052854,1.0129717078525573,2.7741376936345277,190.00978678616013,10.000000000009095,0.27285081426580043,0.4993384580593556,3.6988502581793696,10.0,0.7483593573206608,56.0,3109.0944568258565,1806.6727800799003,5bea0f2a1a0f8859fae10f0677c4124e757b551e54e1576787804c52f37e14c2,21dbf45337375722,76.15651111561394,196.15651111561394,active,14.686546750133857
b77aad582f6be150,front,log-0049,2,5.0,self-supervised,6e2dd32802d623097b8d4e156e25faefa5d6ad14dbeffc292b43c34516adefc5,124.42435079497876,solver-window-front-phase2,6.391126665985212,7.054537875112146,1.100059875054285,2.2078492098980202,190.3141989636718,10.000000000009095,0.23132475191744828,0.520590125117451,2.943798946530694,10.0,0.7488119484046164,56.0,3109.0944568258565,1806.6727800799003,5bea0f2a1a0f8859fae10f0677c4124e757b551e54e1576787804c52f37e14c2,3d7eb12ff966d8e4,121.92435079497876,126.92435079497876,active,15.116461290977895
ce28f5bf66eb94d9,front,log-0049,2,10.0,self-supervised,6e2dd32802d623097b8d4e156e25faefa5d6ad14dbeffc292b43c34516adefc5,124.42435079497876,solver-window-front-phase2,6.380299084121361,7.097051959019154,1.2332606250420213,1.9886432242596632,190.25547498753272,10.000000000009095,0.18512095750603005,0.543496249942109,2.6515242990128844,10.0,0.7488119484046164,56.0,3109.0944568258565,1806.6727800799003,5bea0f2a1a0f8859fae10f0677c4124e757b551e54e1576787804c52f37e14c2,3af11f38cd39af81,119.42435079497876,129.42435079497875,active,15.340671958168969
b2a19e62bcdd123f,front,log-0049,2,20.0,self-supervised,6e2dd32802d623097b8d4e156e25faefa5d6ad14dbeffc292b43c34516adefc5,124.42435079497876,solver-window-front-phase2,7.034383082995191,7.013326207874343,1.0583490000572056,2.444621475130598,190.34822773637381,10.000000000009095,0.2550049150917355,0.5138745829463005,3.2594953001741303,10.0,0.7490382439465942,56.0,3109.0944568258565,1806.6727800799003,5bea0f2a1a0f8859fae10f0677c4124e757b551e54e1576787804c52f37e14c2,65f872f2582748af,114.42435079497876,134.42435079497875,active,15.668691416969523
7cf5bcd692ee787a,front,log-0049,2,40.0,self-supervised,6e2dd32802d623097b8d4e156e25faefa5d6ad14dbeffc292b43c34516adefc5,124.42435079497876,solver-window-front-phase2,6.346023666905239,6.048302709124982,1.068993166089058,3.1669540915797243,190.94597311125688,10.000000000009095,0.3744302082943891,0.5111442499328405,4.222605455439633,10.0,0.7492645394885721,56.0,3109.0944568258565,1806.6727800799003,5bea0f2a1a0f8859fae10f0677c4124e757b551e54e1576787804c52f37e14c2,002d41c52c7cfd9e,104.42435079497876,144.42435079497875,active,14.027735958108678
5b73c35aa04092b1,front,log-0049,2,120.0,self-supervised,6e2dd32802d623097b8d4e156e25faefa5d6ad14dbeffc292b43c34516adefc5,124.42435079497876,solver-window-front-phase2,5.819029416888952,7.006921750027686,1.0756705000530928,2.797703464315727,189.93447423506282,10.000000000009095,0.2821547662779575,0.5398559998720884,3.730271285754303,10.0,0.7488119484046164,56.0,3109.0944568258565,1806.6727800799003,5bea0f2a1a0f8859fae10f0677c4124e757b551e54e1576787804c52f37e14c2,0d1a427effa0a4ea,64.42435079497876,184.42435079497875,active,14.490954915992916
3e1951b5776264b2,front,log-0049,3,5.0,self-supervised,6e2dd32802d623097b8d4e156e25faefa5d6ad14dbeffc292b43c34516adefc5,98.67569108478219,solver-window-front-phase2,6.492067374987528,6.178078249795362,1.1510865830350667,2.390576057383864,191.01539720679307,10.000000000009095,0.26690198651552305,0.5287722919601947,3.1874347431784855,10.0,0.7488119484046164,56.0,3109.0944568258565,1806.6727800799003,5bea0f2a1a0f8859fae10f0677c4124e757b551e54e1576787804c52f37e14c2,084dfd4317300f43,96.17569108478219,101.17569108478219,active,14.40184187493287
63dc168772d2ec1e,front,log-0049,3,10.0,self-supervised,6e2dd32802d623097b8d4e156e25faefa5d6ad14dbeffc292b43c34516adefc5,98.67569108478219,solver-window-front-phase2,6.4961857500020415,5.946989750023931,1.1003767910879105,2.1887145684490035,191.1519454422132,10.000000000009095,0.24503009541443613,0.5213511660695076,2.9182860912653377,10.0,0.7488119484046164,56.0,3109.0944568258565,1806.6727800799003,5bea0f2a1a0f8859fae10f0677c4124e757b551e54e1576787804c52f37e14c2,a18f5a071808ef72,93.67569108478219,103.67569108478219,active,14.121000749990344
2cddaf936a7b01ce,front,log-0049,3,20.0,self-supervised,6e2dd32802d623097b8d4e156e25faefa5d6ad14dbeffc292b43c34516adefc5,98.67569108478219,solver-window-front-phase2,6.139480999903753,6.271841250127181,1.0515996671747416,1.8790854904289236,190.67696044257218,10.000000000009095,0.20697549870017296,0.5183228340465575,2.505447320571898,10.0,0.748133061778683,56.0,3109.0944568258565,1806.6727800799003,5bea0f2a1a0f8859fae10f0677c4124e757b551e54e1576787804c52f37e14c2,36a20607fb8af685,88.67569108478219,108.67569108478219,active,14.028521875152364
09274dae090c647f,front,log-0049,3,40.0,self-supervised,6e2dd32802d623097b8d4e156e25faefa5d6ad14dbeffc292b43c34516adefc5,98.67569108478219,solver-window-front-phase2,6.217968125129119,5.996288666967303,1.0580532080493867,3.0831828417563347,190.51200390680341,10.000000000009095,0.2981963818169668,0.5478630838915706,4.110910455675113,10.0,0.7490382439465942,56.0,3109.0944568258565,1806.6727800799003,5bea0f2a1a0f8859fae10f0677c4124e757b551e54e1576787804c52f37e14c2,e9a7fbc2a4948671,78.67569108478219,118.67569108478219,active,13.871076666982844
327d1932b3b6fc8b,front,log-0049,3,120.0,self-supervised,6e2dd32802d623097b8d4e156e25faefa5d6ad14dbeffc292b43c34516adefc5,98.67569108478219,solver-window-front-phase2,5.9317100420594215,6.714713583001867,1.0310585831757635,3.315814727295312,190.57289795568008,10.000000000009095,0.31695060032042216,0.5007635001093149,4.421086303060417,10.0,0.7492645394885721,56.0,3109.0944568258565,1806.6727800799003,5bea0f2a1a0f8859fae10f0677c4124e757b551e54e1576787804c52f37e14c2,7cdffbac68cac3e9,38.67569108478219,158.6756910847822,active,14.24173124996014
f44d49d0e807e463,front,log-0054,0,5.0,self-supervised,5bdf15b4c737740658d8740b493b105b36abc3a0c5c467a9182c5118471f2ac9,458.2812117149466,solver-window-front-phase2,5.757660791976377,5.286869584117085,2.1083997909445316,1.4736557613495156,162.67178959734534,10.000000000009095,0.1801989043558402,1.0427191671915352,1.9648743484660207,10.0,0.6910212842067609,65.0,3447.2063687534633,1946.451027833211,5bea0f2a1a0f8859fae10f0677c4124e757b551e54e1576787804c52f37e14c2,75cd7dc831af21ae,455.7812117149466,460.7812117149466,active,14.482548458036035
b84b31b5d00fca51,front,log-0054,0,10.0,self-supervised,5bdf15b4c737740658d8740b493b105b36abc3a0c5c467a9182c5118471f2ac9,458.2812117149466,solver-window-front-phase2,6.027054874924943,5.947565333917737,2.0954977918881923,1.556650206459866,162.65286257641196,10.000000000009095,0.1866814395993157,1.0564900829922408,2.075533608613155,10.0,0.6923627258093364,65.0,3447.2063687534633,1946.451027833211,5bea0f2a1a0f8859fae10f0677c4124e757b551e54e1576787804c52f37e14c2,6ced51db555b92b0,453.2812117149466,463.2812117149466,active,15.374075750121847
1fd4e04d72703970,front,log-0054,0,20.0,self-supervised,5bdf15b4c737740658d8740b493b105b36abc3a0c5c467a9182c5118471f2ac9,458.2812117149466,solver-window-front-phase2,16.196434292010963,13.806099041830748,2.2527724588289857,2.0988047416815987,169.6016594022851,10.000000000009095,0.3078255238528588,1.0321170419920236,2.7984063222421316,10.0,0.6844929350742265,65.0,3447.2063687534633,1946.451027833211,5bea0f2a1a0f8859fae10f0677c4124e757b551e54e1576787804c52f37e14c2,f5b37a41489fd97b,448.2812117149466,468.2812117149466,active,33.53319366602227
9e63d2428005fd3b,front,log-0054,0,40.0,self-supervised,5bdf15b4c737740658d8740b493b105b36abc3a0c5c467a9182c5118471f2ac9,458.2812117149466,solver-window-front-phase2,15.34783637500368,14.557719624834135,2.051064708037302,3.4899944652924453,215.40286823963905,10.000000000009095,0.7030060491542659,1.024401041911915,4.65332595372326,10.0,0.6698265068860669,65.0,3447.2063687534633,1946.451027833211,5bea0f2a1a0f8859fae10f0677c4124e757b551e54e1576787804c52f37e14c2,25b86000856d5481,438.2812117149466,478.2812117149466,active,33.219364957883954
0071375252e278cb,front,log-0054,0,120.0,self-supervised,5bdf15b4c737740658d8740b493b105b36abc3a0c5c467a9182c5118471f2ac9,458.2812117149466,solver-window-front-phase2,14.624649542151019,14.931063291849568,2.0551087919157,3.5702109400711484,225.65611657223397,10.000000000009095,0.754442091503745,1.0203644160646945,4.760281253428198,10.0,0.6683956358433196,65.0,3447.2063687534633,1946.451027833211,5bea0f2a1a0f8859fae10f0677c4124e757b551e54e1576787804c52f37e14c2,45273edfb6e2a66e,398.2812117149466,518.2812117149466,active,32.86797041702084
b530813578ed0236,front,log-0054,1,5.0,self-supervised,5bdf15b4c737740658d8740b493b105b36abc3a0c5c467a9182c5118471f2ac9,571.5288032143549,solver-window-front-phase2,22.957527541089803,24.200188749935478,2.5835424999240786,2.376744935185082,182.17741002125965,10.000000000009095,0.43544285241441755,1.486638959031552,3.1689932469134425,10.0,0.6804686102664997,65.0,3447.2063687534633,1946.451027833211,5bea0f2a1a0f8859fae10f0677c4124e757b551e54e1576787804c52f37e14c2,54f192cdf7663d3f,569.0288032143549,574.0288032143549,active,51.39871683297679
880ddcf05a5bed26,front,log-0054,1,10.0,self-supervised,5bdf15b4c737740658d8740b493b105b36abc3a0c5c467a9182c5118471f2ac9,571.5288032143549,solver-window-front-phase2,12.890916540985927,12.087438249960542,2.8316659999545664,1.7898772184480216,162.34704006442158,10.000000000009095,0.23760350212375356,1.3664363329298794,2.3865029579306953,10.0,0.6920944374888213,65.0,3447.2063687534633,1946.451027833211,5bea0f2a1a0f8859fae10f0677c4124e757b551e54e1576787804c52f37e14c2,a6c1fb8f81ec7492,566.5288032143549,576.5288032143549,active,29.340543916914612
d8943b0e74e4c6b6,front,log-0054,1,20.0,self-supervised,5bdf15b4c737740658d8740b493b105b36abc3a0c5c467a9182c5118471f2ac9,571.5288032143549,solver-window-front-phase2,23.600974125089124,22.97464804095216,3.1896364998538047,2.3641384009815867,180.13342537278905,10.000000000009095,0.4176586386941583,1.560923791024834,3.1521845346421156,10.0,0.6814523341083885,65.0,3447.2063687534633,1946.451027833211,5bea0f2a1a0f8859fae10f0677c4124e757b551e54e1576787804c52f37e14c2,73e51aa4845a13ab,561.5288032143549,581.5288032143549,active,51.5170197498519
e6d9df310fe284c9,front,log-0054,1,40.0,self-supervised,5bdf15b4c737740658d8740b493b105b36abc3a0c5c467a9182c5118471f2ac9,571.5288032143549,solver-window-front-phase2,16.316482583992183,13.237914374796674,2.622156667057425,1.6997883418735735,162.96787299593527,10.000000000009095,0.22697399458250098,1.2772805839776993,2.2663844558314317,10.0,0.692183866928993,65.0,3447.2063687534633,1946.451027833211,5bea0f2a1a0f8859fae10f0677c4124e757b551e54e1576787804c52f37e14c2,aa2c94b7f9df3711,551.5288032143549,591.5288032143549,active,33.571306500118226
fec2fcf331ddbff9,front,log-0054,1,120.0,self-supervised,5bdf15b4c737740658d8740b493b105b36abc3a0c5c467a9182c5118471f2ac9,571.5288032143549,solver-window-front-phase2,21.88896308396943,23.633186041144654,2.5704159159213305,2.5293678689002,180.2566634801861,10.000000000009095,0.45403626650108897,1.6911113751120865,3.372490491866933,10.0,0.6810946163477016,65.0,3447.2063687534633,1946.451027833211,5bea0f2a1a0f8859fae10f0677c4124e757b551e54e1576787804c52f37e14c2,8cdc378febb3a6ea,511.52880321435487,631.5288032143549,active,49.89638637495227
f72e0e34b2fc3dcf,front,log-0054,2,5.0,self-supervised,5bdf15b4c737740658d8740b493b105b36abc3a0c5c467a9182c5118471f2ac9,604.9548297243072,solver-window-front-phase2,9.57121374993585,11.473877582931891,2.5885474998503923,1.6591146052128927,167.3116589391966,10.000000000009095,0.17632713394939092,1.2806888339109719,2.212152806950524,10.0,0.6904847075657307,65.0,3447.2063687534633,1946.451027833211,5bea0f2a1a0f8859fae10f0677c4124e757b551e54e1576787804c52f37e14c2,47aab4d1d12c91e3,602.4548297243072,607.4548297243072,active,25.038906708126888
2257846316718e96,front,log-0054,2,10.0,self-supervised,5bdf15b4c737740658d8740b493b105b36abc3a0c5c467a9182c5118471f2ac9,604.9548297243072,solver-window-front-phase2,21.935660167131573,9.274695541942492,2.629762375028804,1.7405650009848066,162.40949035212955,10.000000000009095,0.22514667633360336,1.3035546250175685,2.320753334646409,10.0,0.6922732963691647,65.0,3447.2063687534633,1946.451027833211,5bea0f2a1a0f8859fae10f0677c4124e757b551e54e1576787804c52f37e14c2,9d131965fbb2785e,599.9548297243072,609.9548297243072,active,35.24144766712561
268f05b149f0c770,front,log-0054,2,20.0,self-supervised,5bdf15b4c737740658d8740b493b105b36abc3a0c5c467a9182c5118471f2ac9,604.9548297243072,solver-window-front-phase2,10.42415204201825,23.248223167145625,2.6191019997932017,1.6467322925935277,162.4421032155271,10.000000000009095,0.2184906740895908,1.2873168750666082,2.1956430567913703,10.0,0.6928098730101949,65.0,3447.2063687534633,1946.451027833211,5bea0f2a1a0f8859fae10f0677c4124e757b551e54e1576787804c52f37e14c2,b16bff63f3fa87f8,594.9548297243072,614.9548297243072,active,37.708989000180736
503abb5721ec79d6,front,log-0054,2,40.0,self-supervised,5bdf15b4c737740658d8740b493b105b36abc3a0c5c467a9182c5118471f2ac9,604.9548297243072,solver-window-front-phase2,25.827170874923468,22.435223791049793,2.501994875026867,2.571585622152727,184.59439202108055,10.000000000009095,0.43648165140504536,1.2432394581846893,3.428780829536969,10.0,0.6778751565015203,65.0,3447.2063687534633,1946.451027833211,5bea0f2a1a0f8859fae10f0677c4124e757b551e54e1576787804c52f37e14c2,46ea8facccaf714f,584.9548297243072,624.9548297243072,active,52.20057012489997
03459cfaa005ec0c,front,log-0054,2,120.0,self-supervised,5bdf15b4c737740658d8740b493b105b36abc3a0c5c467a9182c5118471f2ac9,604.9548297243072,solver-window-front-phase2,25.26642533391714,23.451727957930416,2.4990688748657703,3.077416244738443,200.28642172912836,10.000000000009095,0.6828032417388079,1.2331608331296593,4.103221659651257,10.0,0.6729565372920766,65.0,3447.2063687534633,1946.451027833211,5bea0f2a1a0f8859fae10f0677c4124e757b551e54e1576787804c52f37e14c2,623e04a5722d17a2,544.9548297243072,664.9548297243072,active,52.553797791013494
2a8a5cb8120b3806,front,log-0054,3,5.0,self-supervised,5bdf15b4c737740658d8740b493b105b36abc3a0c5c467a9182c5118471f2ac9,347.82897329379733,solver-window-front-phase2,7.742691624909639,9.917407459113747,2.500050207832828,1.6992521792502133,167.12437629345985,10.000000000009095,0.1806330552377526,1.26467404095456,2.2656695723336178,10.0,0.6910212842067609,65.0,3447.2063687534633,1946.451027833211,5bea0f2a1a0f8859fae10f0677c4124e757b551e54e1576787804c52f37e14c2,352313fb454e25ef,345.32897329379733,350.32897329379733,active,21.548268833197653
c774bcb2db0dca4a,front,log-0054,3,10.0,self-supervised,5bdf15b4c737740658d8740b493b105b36abc3a0c5c467a9182c5118471f2ac9,347.82897329379733,solver-window-front-phase2,10.887536792084575,13.714044250082225,2.5739791251253337,1.628583040512544,162.363965135589,10.000000000009095,0.21829324691786436,1.2676881670486182,2.171444054016726,10.0,0.6929887318905383,65.0,3447.2063687534633,1946.451027833211,5bea0f2a1a0f8859fae10f0677c4124e757b551e54e1576787804c52f37e14c2,90a464c3e9afb17f,342.82897329379733,352.82897329379733,active,28.56694733304903
ddf1916eb05caedc,front,log-0054,3,20.0,self-supervised,5bdf15b4c737740658d8740b493b105b36abc3a0c5c467a9182c5118471f2ac9,347.82897329379733,solver-window-front-phase2,24.018462291918695,23.585131250089034,2.59643029095605,2.007398552304567,169.8391224197941,10.000000000009095,0.3131842346143942,1.2909834999591112,2.676531403072756,10.0,0.6845823645143981,65.0,3447.2063687534633,1946.451027833211,5bea0f2a1a0f8859fae10f0677c4124e757b551e54e1576787804c52f37e14c2,f8997fc9eca397db,337.82897329379733,357.82897329379733,active,51.61168104200624
d8156beec45381f2,front,log-0054,3,40.0,self-supervised,5bdf15b4c737740658d8740b493b105b36abc3a0c5c467a9182c5118471f2ac9,347.82897329379733,solver-window-front-phase2,23.85590499988757,26.373335458803922,2.799785332987085,3.47776655053201,212.9768578732536,10.000000000009095,0.6963931561166967,1.447611999930814,4.637022067376013,10.0,0.6699159363262386,65.0,3447.2063687534633,1946.451027833211,5bea0f2a1a0f8859fae10f0677c4124e757b551e54e1576787804c52f37e14c2,1bd7c1e50f034a5a,327.82897329379733,367.82897329379733,active,54.599384790984914
b2ea6f9dafdbb420,front,log-0054,3,120.0,self-supervised,5bdf15b4c737740658d8740b493b105b36abc3a0c5c467a9182c5118471f2ac9,347.82897329379733,solver-window-front-phase2,25.93108220794238,23.46560650016181,2.764248833991587,3.2717851164367073,211.43045103875554,10.000000000009095,0.6274338929123479,1.2892978331074119,4.362380155248943,10.0,0.6710785190484707,65.0,3447.2063687534633,1946.451027833211,5bea0f2a1a0f8859fae10f0677c4124e757b551e54e1576787804c52f37e14c2,a6a2bbdacd4cd487,287.82897329379733,407.82897329379733,active,53.56335608288646
27c2a6bdd6a2fc0a,front,log-0055,0,5.0,self-supervised,a0a6a726f7cb8ca4a2f3ae66e06935e8d2cf15e3cab249980a389eeb93ba35da,74.24001004500975,solver-window-front-phase2,5.622507666936144,4.867316499818116,0.8157084579579532,2.312737205577289,193.5539701659288,10.000000000009095,0.373755925080763,0.403688290854916,3.083649607436385,10.0,0.7155900479342616,56.0,2998.4167037520015,1780.1650686647652,5bea0f2a1a0f8859fae10f0677c4124e757b551e54e1576787804c52f37e14c2,0ca856afceea6b1e,71.74001004500975,76.74001004500975,active,11.837151166051626
1900763cc0dee20d,front,log-0055,0,10.0,self-supervised,a0a6a726f7cb8ca4a2f3ae66e06935e8d2cf15e3cab249980a389eeb93ba35da,74.24001004500975,solver-window-front-phase2,5.446943874936551,5.8226491247769445,0.8376329999882728,2.340732357386158,203.71437549251243,10.000000000009095,0.4316965173231896,0.4031550840009004,3.1209764765148775,10.0,0.7130792056608081,56.0,2998.4167037520015,1780.1650686647652,5bea0f2a1a0f8859fae10f0677c4124e757b551e54e1576787804c52f37e14c2,fdddcd81981384b6,69.24001004500975,79.24001004500975,active,12.605944958049804
5422145c50b5c00b,front,log-0055,0,20.0,self-supervised,a0a6a726f7cb8ca4a2f3ae66e06935e8d2cf15e3cab249980a389eeb93ba35da,74.24001004500975,solver-window-front-phase2,5.167164999991655,5.651023416081443,0.8210319159552455,1.6659238508020016,188.7007964313458,10.000000000009095,0.33581674326122474,0.4100472501013428,2.2212318010693357,10.0,0.7276877425245378,56.0,2998.4167037520015,1780.1650686647652,5bea0f2a1a0f8859fae10f0677c4124e757b551e54e1576787804c52f37e14c2,91ac1867320b1479,64.24001004500975,84.24001004500975,active,12.144453582819551
e96e6258db603a6f,front,log-0055,0,40.0,self-supervised,a0a6a726f7cb8ca4a2f3ae66e06935e8d2cf15e3cab249980a389eeb93ba35da,74.24001004500975,solver-window-front-phase2,5.935042500030249,4.791930791921914,0.8148501249961555,2.6685948217712383,189.42467573251133,10.000000000009095,0.4244403577043538,0.4016694170422852,3.558126429028318,10.0,0.7240356083086054,56.0,2998.4167037520015,1780.1650686647652,5bea0f2a1a0f8859fae10f0677c4124e757b551e54e1576787804c52f37e14c2,de88210903882d89,54.240010045009754,94.24001004500975,active,12.039146207971498
bc524003a75f6f84,front,log-0055,0,120.0,self-supervised,a0a6a726f7cb8ca4a2f3ae66e06935e8d2cf15e3cab249980a389eeb93ba35da,74.24001004500975,solver-window-front-phase2,5.854137083049864,5.7835876669269055,0.8108972499612719,2.745995884553354,189.4899744970757,10.000000000009095,0.42536132506200647,0.41308237495832145,3.661327846071139,10.0,0.7240356083086054,56.0,2998.4167037520015,1780.1650686647652,5bea0f2a1a0f8859fae10f0677c4124e757b551e54e1576787804c52f37e14c2,1d034b95633eb9d1,14.240010045009754,134.24001004500974,active,12.957493167137727
91f9a6d1398ca5af,front,log-0055,1,5.0,self-supervised,a0a6a726f7cb8ca4a2f3ae66e06935e8d2cf15e3cab249980a389eeb93ba35da,130.57268847056997,solver-window-front-phase2,8.173031584126875,8.528426582925022,1.1211734160315245,2.3446829824037367,240.14644188068215,10.000000000009095,0.7058215342018421,0.5205273751635104,3.126243976538316,10.0,0.7046336452864643,56.0,2998.4167037520015,1780.1650686647652,5bea0f2a1a0f8859fae10f0677c4124e757b551e54e1576787804c52f37e14c2,a76174c31bff996c,128.07268847056997,133.07268847056997,active,18.432598124956712
3de17738bca73f4c,front,log-0055,1,10.0,self-supervised,a0a6a726f7cb8ca4a2f3ae66e06935e8d2cf15e3cab249980a389eeb93ba35da,130.57268847056997,solver-window-front-phase2,8.32244470808655,9.05737195792608,1.1978751660790294,2.311095221848691,243.40035360085656,10.000000000009095,0.6683841293390659,0.6155675000045449,3.0814602957982546,10.0,0.70486190367496,56.0,2998.4167037520015,1780.1650686647652,5bea0f2a1a0f8859fae10f0677c4124e757b551e54e1576787804c52f37e14c2,c92370b79167e23b,125.57268847056997,135.57268847056997,active,19.295605916995555
696632b722ce2043,front,log-0055,1,20.0,self-supervised,a0a6a726f7cb8ca4a2f3ae66e06935e8d2cf15e3cab249980a389eeb93ba35da,130.57268847056997,solver-window-front-phase2,7.287779291858897,7.028536542085931,1.0826536249369383,1.571530801277129,186.3004069700237,10.000000000009095,0.31929185840741786,0.5388170001097023,2.0953744017028386,10.0,0.7256334170280758,56.0,2998.4167037520015,1780.1650686647652,5bea0f2a1a0f8859fae10f0677c4124e757b551e54e1576787804c52f37e14c2,bbdad576cdabe66b,120.57268847056997,140.57268847056997,active,15.983956459211186
b7d4250f3e530469,front,log-0055,1,40.0,self-supervised,a0a6a726f7cb8ca4a2f3ae66e06935e8d2cf15e3cab249980a389eeb93ba35da,130.57268847056997,solver-window-front-phase2,8.883991166949272,9.465190041810274,1.0468425410799682,2.7228167565964267,189.50871641216892,10.000000000009095,0.41745177676096556,0.4882263750769198,3.630422342128569,10.0,0.7242638666971011,56.0,2998.4167037520015,1780.1650686647652,5bea0f2a1a0f8859fae10f0677c4124e757b551e54e1576787804c52f37e14c2,91f0193df6f5548a,110.57268847056997,150.57268847056997,active,19.979660583892837
c38d733c54ec7e0e,front,log-0055,1,120.0,self-supervised,a0a6a726f7cb8ca4a2f3ae66e06935e8d2cf15e3cab249980a389eeb93ba35da,130.57268847056997,solver-window-front-phase2,8.801198666915298,9.54660233319737,1.008250500075519,2.8658474044760753,189.4590696132005,10.000000000009095,0.4334621313140234,0.4779335418716073,3.8211298726347676,10.0,0.7244921250855969,56.0,2998.4167037520015,1780.1650686647652,5bea0f2a1a0f8859fae10f0677c4124e757b551e54e1576787804c52f37e14c2,4a61799dc7f1c957,70.57268847056997,190.57268847056997,active,19.897730000084266
404125379494a341,front,log-0055,2,5.0,self-supervised,a0a6a726f7cb8ca4a2f3ae66e06935e8d2cf15e3cab249980a389eeb93ba35da,144.68526271746822,solver-window-front-phase2,9.130603667115793,7.231110333930701,1.0374631669837981,2.192528919828636,209.68426512801682,10.000000000009095,0.4591734423416448,0.5454708749894053,2.923371893104848,10.0,0.7128509472723122,56.0,2998.4167037520015,1780.1650686647652,5bea0f2a1a0f8859fae10f0677c4124e757b551e54e1576787804c52f37e14c2,1c67db3d6c92a068,142.18526271746822,147.18526271746822,active,17.99285962502472
116b44d1fa810293,front,log-0055,2,10.0,self-supervised,a0a6a726f7cb8ca4a2f3ae66e06935e8d2cf15e3cab249980a389eeb93ba35da,144.68526271746822,solver-window-front-phase2,6.921380499843508,8.183189834002405,1.0455635411199182,2.5218687991204214,197.72433163126223,10.000000000009095,0.41107908259439313,0.5002468749880791,3.362491732160562,10.0,0.7135357224377996,56.0,2998.4167037520015,1780.1650686647652,5bea0f2a1a0f8859fae10f0677c4124e757b551e54e1576787804c52f37e14c2,8612da39e1a0dafc,139.68526271746822,149.68526271746822,active,16.706315292045474
9ea0599611cb7baf,front,log-0055,2,20.0,self-supervised,a0a6a726f7cb8ca4a2f3ae66e06935e8d2cf15e3cab249980a389eeb93ba35da,144.68526271746822,solver-window-front-phase2,2.873443332966417,2.8202393339015543,1.0851587080396712,2.1355659375419793,187.40654407063573,10.000000000009095,0.33354499260405723,0.5415845001116395,2.8474212500559726,10.0,0.729513809632504,56.0,2998.4167037520015,1780.1650686647652,5bea0f2a1a0f8859fae10f0677c4124e757b551e54e1576787804c52f37e14c2,f399181faecd49be,134.68526271746822,154.68526271746822,active,7.380298999836668
140498344e3e20b9,front,log-0055,2,40.0,self-supervised,a0a6a726f7cb8ca4a2f3ae66e06935e8d2cf15e3cab249980a389eeb93ba35da,144.68526271746822,solver-window-front-phase2,7.862831624923274,6.8179691669065505,1.0514867920428514,2.5994371332383825,189.66076010399323,10.000000000009095,0.42754416866309364,0.4916935001965612,3.465916177651177,10.0,0.7240356083086054,56.0,2998.4167037520015,1780.1650686647652,5bea0f2a1a0f8859fae10f0677c4124e757b551e54e1576787804c52f37e14c2,4c7bde19b6ff88de,124.68526271746822,164.68526271746822,active,16.275300458073616
ee53d5363340a7e4,front,log-0055,2,120.0,self-supervised,a0a6a726f7cb8ca4a2f3ae66e06935e8d2cf15e3cab249980a389eeb93ba35da,144.68526271746822,solver-window-front-phase2,8.38098012492992,7.528067374834791,1.0443134577944875,2.6484378509680977,189.60724466673835,10.000000000009095,0.4128970175018234,0.520896959118545,3.531250467957464,10.0,0.7244921250855969,56.0,2998.4167037520015,1780.1650686647652,5bea0f2a1a0f8859fae10f0677c4124e757b551e54e1576787804c52f37e14c2,f1d9021dc6802c48,84.68526271746822,204.68526271746822,active,17.53752424987033
138ad8645c90b1e0,front,log-0055,3,5.0,self-supervised,a0a6a726f7cb8ca4a2f3ae66e06935e8d2cf15e3cab249980a389eeb93ba35da,124.10143941501894,solver-window-front-phase2,2.98730841698125,3.5902315420098603,1.0440074161160737,1.6861729296678618,188.227279875088,10.000000000009095,0.30309113663615855,0.5323360001202673,2.2482305728904826,10.0,0.7292855512440082,56.0,2998.4167037520015,1780.1650686647652,5bea0f2a1a0f8859fae10f0677c4124e757b551e54e1576787804c52f37e14c2,943033369f95b755,121.60143941501894,126.60143941501894,active,8.21039133402519
899171c02f7c35a0,front,log-0055,3,10.0,self-supervised,a0a6a726f7cb8ca4a2f3ae66e06935e8d2cf15e3cab249980a389eeb93ba35da,124.10143941501894,solver-window-front-phase2,3.949529292061925,3.5915645419154316,1.059287125011906,1.6596584265032448,188.4621151406166,10.000000000009095,0.316406888558703,0.5279759170953184,2.2128779020043265,10.0,0.7292855512440082,56.0,2998.4167037520015,1780.1650686647652,5bea0f2a1a0f8859fae10f0677c4124e757b551e54e1576787804c52f37e14c2,4af8ae5c1844d6c2,119.10143941501894,129.10143941501894,active,9.183901207987219
d5a738032f4650e3,front,log-0055,3,20.0,self-supervised,a0a6a726f7cb8ca4a2f3ae66e06935e8d2cf15e3cab249980a389eeb93ba35da,124.10143941501894,solver-window-front-phase2,5.4083352498710155,4.397298582829535,1.0032816249877214,1.6444911700977065,187.59980322316372,10.000000000009095,0.3418611424669048,0.5049866249319166,2.1926548934636085,10.0,0.7313398767404702,56.0,2998.4167037520015,1780.1650686647652,5bea0f2a1a0f8859fae10f0677c4124e757b551e54e1576787804c52f37e14c2,2be541278428eaf1,114.10143941501894,134.10143941501894,active,11.371175333159044
ec1a55955419560a,front,log-0055,3,40.0,self-supervised,a0a6a726f7cb8ca4a2f3ae66e06935e8d2cf15e3cab249980a389eeb93ba35da,124.10143941501894,solver-window-front-phase2,8.259488708106801,8.957125041866675,1.086026875069365,2.4056360990649925,250.37123444409622,10.000000000009095,0.6575613657540065,0.527810791041702,3.2075147987533237,10.0,0.701894544624515,56.0,2998.4167037520015,1780.1650686647652,5bea0f2a1a0f8859fae10f0677c4124e757b551e54e1576787804c52f37e14c2,8d645070d8812f6e,104.10143941501894,144.10143941501894,active,19.005433042068034
ff96fc47b7d44c96,front,log-0055,3,120.0,self-supervised,a0a6a726f7cb8ca4a2f3ae66e06935e8d2cf15e3cab249980a389eeb93ba35da,124.10143941501894,solver-window-front-phase2,8.076065541943535,8.154137957841158,1.0372102500405163,2.807016328986562,189.62430695921825,10.000000000009095,0.42783255499177114,0.48552362504415214,3.742688438648749,10.0,0.7247203834740926,56.0,2998.4167037520015,1780.1650686647652,5bea0f2a1a0f8859fae10f0677c4124e757b551e54e1576787804c52f37e14c2,e83fe4852678da21,64.10143941501894,184.10143941501894,active,17.816466625081375
d2bd6e042fae46d9,front,log-0056,0,5.0,self-supervised,1e17601331067be542700f3339358efda842174f97c4b99f71176dda028f3697,147.06633792594576,solver-window-front-phase2,3.9652731670066714,4.041147416923195,1.1659850419964641,1.217593627969913,237.0949132395014,10.000000000009095,0.16010238559379217,0.5791304998565465,1.6234581706265507,10.0,0.7576891781936533,58.0,3098.4500677855694,1900.820966012308,5bea0f2a1a0f8859fae10f0677c4124e757b551e54e1576787804c52f37e14c2,5fb4f622c0544daa,144.56633792594576,149.56633792594576,active,9.920571291120723
015198f1c1fd144d,front,log-0056,0,10.0,self-supervised,1e17601331067be542700f3339358efda842174f97c4b99f71176dda028f3697,147.06633792594576,solver-window-front-phase2,5.001038832822815,5.917459958931431,1.1776097090914845,1.4796419670225054,233.70057805858474,10.000000000009095,0.17857751259097535,0.5717262921389192,1.9728559560300072,10.0,0.7659886086248983,58.0,3098.4500677855694,1900.820966012308,5bea0f2a1a0f8859fae10f0677c4124e757b551e54e1576787804c52f37e14c2,033f78ae4404aee4,142.06633792594576,152.06633792594576,active,12.804910708917305
b94a00a890a927b3,front,log-0056,0,20.0,self-supervised,1e17601331067be542700f3339358efda842174f97c4b99f71176dda028f3697,147.06633792594576,solver-window-front-phase2,8.131539833033457,7.789797583129257,1.1755401249974966,2.5012299346986504,272.9176046261203,10.000000000009095,0.5771241904335556,0.5721175000071526,3.3349732462648674,10.0,0.7422294548413344,58.0,3098.4500677855694,1900.820966012308,5bea0f2a1a0f8859fae10f0677c4124e757b551e54e1576787804c52f37e14c2,29e377e2e3f324e5,137.06633792594576,157.06633792594576,active,17.79740104218945
c5788c58a82e86bf,front,log-0056,0,40.0,self-supervised,1e17601331067be542700f3339358efda842174f97c4b99f71176dda028f3697,147.06633792594576,solver-window-front-phase2,8.074198249960318,8.19875270803459,1.1735220840200782,2.5353403929404728,276.6434992850751,10.000000000009095,0.6116262775403221,0.5753132500685751,3.380453857253964,10.0,0.7406021155410903,58.0,3098.4500677855694,1900.820966012308,5bea0f2a1a0f8859fae10f0677c4124e757b551e54e1576787804c52f37e14c2,ce024eddf38c2b33,127.06633792594576,167.06633792594576,active,18.149307874962687
444c641320701332,front,log-0056,0,120.0,self-supervised,1e17601331067be542700f3339358efda842174f97c4b99f71176dda028f3697,147.06633792594576,solver-window-front-phase2,8.106941208941862,7.70145475002937,1.1681931670755148,2.691769580397047,282.87344242714437,10.000000000009095,0.7020689097741338,0.5727520419750363,3.589026107196063,10.0,0.739300244100895,58.0,3098.4500677855694,1900.820966012308,5bea0f2a1a0f8859fae10f0677c4124e757b551e54e1576787804c52f37e14c2,6212bc8afa2d153f,87.06633792594576,207.06633792594576,active,17.685172791825607
bd260b946d47a6b1,front,log-0056,1,5.0,self-supervised,1e17601331067be542700f3339358efda842174f97c4b99f71176dda028f3697,88.37988523905537,solver-window-front-phase2,4.070541207911447,3.9017437919974327,1.5593786251265556,0.9549507744464919,238.6143023449997,10.000000000009095,0.12456525298921585,0.7057207920588553,1.2732676992619891,10.0,0.7477624084621644,58.0,3098.4500677855694,1900.820966012308,5bea0f2a1a0f8859fae10f0677c4124e757b551e54e1576787804c52f37e14c2,4ac9e7d6cc22fa10,85.87988523905537,90.87988523905537,active,10.329169624950737
33175f9c6ca69f7e,front,log-0056,1,10.0,self-supervised,1e17601331067be542700f3339358efda842174f97c4b99f71176dda028f3697,88.37988523905537,solver-window-front-phase2,7.883984999964014,8.788060375023633,1.4908022920135409,2.2121156247529585,228.29313150793533,10.000000000009095,0.27314147667071115,0.7467000838369131,2.9494874996706115,10.0,0.7658258746948738,58.0,3098.4500677855694,1900.820966012308,5bea0f2a1a0f8859fae10f0677c4124e757b551e54e1576787804c52f37e14c2,7d0fd6c6a23dec62,83.37988523905537,93.37988523905537,active,19.024892792105675
bda9888f0d0a4f08,front,log-0056,1,20.0,self-supervised,1e17601331067be542700f3339358efda842174f97c4b99f71176dda028f3697,88.37988523905537,solver-window-front-phase2,11.694308542180806,13.451776207890362,1.4047435419633985,2.5295819918248372,242.20881072192256,10.000000000009095,0.3878572608551254,0.6755611670669168,3.372775989099783,10.0,0.751179820992677,58.0,3098.4500677855694,1900.820966012308,5bea0f2a1a0f8859fae10f0677c4124e757b551e54e1576787804c52f37e14c2,6f236561edfd17b0,78.37988523905537,98.37988523905537,active,27.290020499844104
4ca592a502ac8f69,front,log-0056,1,40.0,self-supervised,1e17601331067be542700f3339358efda842174f97c4b99f71176dda028f3697,88.37988523905537,solver-window-front-phase2,7.2306252499111,14.420501958113164,1.4053017077967525,1.741777921191431,228.4406498324259,10.000000000009095,0.22963071869317622,0.7085033329203725,2.3223705615885746,10.0,0.7648494711147275,58.0,3098.4500677855694,1900.820966012308,5bea0f2a1a0f8859fae10f0677c4124e757b551e54e1576787804c52f37e14c2,013dc1536fa01c6b,68.37988523905537,108.37988523905537,active,23.87051529204473
098299261c04ad61,front,log-0056,1,120.0,self-supervised,1e17601331067be542700f3339358efda842174f97c4b99f71176dda028f3697,88.37988523905537,solver-window-front-phase2,13.663294582860544,12.144333250122145,1.621601500082761,2.590408246410555,254.04632013399248,10.000000000009095,0.5005910580554754,0.7284456668421626,3.4538776618807403,10.0,0.7480878763222132,58.0,3098.4500677855694,1900.820966012308,5bea0f2a1a0f8859fae10f0677c4124e757b551e54e1576787804c52f37e14c2,8119d4da80f0e4ce,28.37988523905537,148.37988523905537,active,28.264301707968116
eff5b1b1df5224aa,front,log-0056,2,5.0,self-supervised,1e17601331067be542700f3339358efda842174f97c4b99f71176dda028f3697,138.7078938310278,solver-window-front-phase2,8.782392541877925,11.581313333008438,1.6593230841681361,1.515714970382519,227.82324907163928,10.000000000009095,0.1949137666066484,0.7400575838983059,2.0209532938433585,10.0,0.7653376729048007,58.0,3098.4500677855694,1900.820966012308,5bea0f2a1a0f8859fae10f0677c4124e757b551e54e1576787804c52f37e14c2,27081844969f6307,136.2078938310278,141.2078938310278,active,22.836363208014518
9e94c19c49a4178b,front,log-0056,2,10.0,self-supervised,1e17601331067be542700f3339358efda842174f97c4b99f71176dda028f3697,138.7078938310278,solver-window-front-phase2,10.626876292051747,11.875120874959975,1.5490573330316693,1.5709888759232753,227.61103367134194,10.000000000009095,0.19524031437165987,0.7500460830051452,2.094651834564367,10.0,0.7653376729048007,58.0,3098.4500677855694,1900.820966012308,5bea0f2a1a0f8859fae10f0677c4124e757b551e54e1576787804c52f37e14c2,87e34fbc4105260d,133.7078938310278,143.7078938310278,active,24.87634504097514
93069f59646da8ff,front,log-0056,2,20.0,self-supervised,1e17601331067be542700f3339358efda842174f97c4b99f71176dda028f3697,138.7078938310278,solver-window-front-phase2,13.313158416189253,11.310101750073954,1.6158273750916123,2.7471267884680803,291.3454464187312,10.000000000009095,0.7474625771807857,0.9776501669548452,3.662835717957441,10.0,0.7363710333604556,58.0,3098.4500677855694,1900.820966012308,5bea0f2a1a0f8859fae10f0677c4124e757b551e54e1576787804c52f37e14c2,f30a49ec28c61c1c,128.7078938310278,148.7078938310278,active,27.287024583900347
f2bb013424d6dbc1,front,log-0056,2,40.0,self-supervised,1e17601331067be542700f3339358efda842174f97c4b99f71176dda028f3697,138.7078938310278,solver-window-front-phase2,12.89678829186596,12.08130233315751,1.422402041964233,2.7081064623350253,288.65633643609254,10.000000000009095,0.6915286132867681,0.7042265420313925,3.6108086164466995,10.0,0.7379983726606998,58.0,3098.4500677855694,1900.820966012308,5bea0f2a1a0f8859fae10f0677c4124e757b551e54e1576787804c52f37e14c2,28a2ddb77b0c5091,118.7078938310278,158.7078938310278,active,27.178573374869302
a8ad33322a2bda31,front,log-0056,2,120.0,self-supervised,1e17601331067be542700f3339358efda842174f97c4b99f71176dda028f3697,138.7078938310278,solver-window-front-phase2,12.006428207969293,11.933722417103127,1.4783606659621,2.6028563887007525,276.4407548183361,10.000000000009095,0.649554114320311,0.7309326250106096,3.4704751849343363,10.0,0.7409275834011392,58.0,3098.4500677855694,1900.820966012308,5bea0f2a1a0f8859fae10f0677c4124e757b551e54e1576787804c52f37e14c2,7dbabe1af5ebacb6,78.7078938310278,198.7078938310278,active,26.22202462493442
30319cbfd82664b4,front,log-0056,3,5.0,self-supervised,1e17601331067be542700f3339358efda842174f97c4b99f71176dda028f3697,150.79343979517898,solver-window-front-phase2,9.405773416161537,10.58638699981384,1.5829968750476837,2.0142253456842045,229.29875136037097,10.000000000009095,0.26835494352600037,0.8319315831176937,2.685633794245606,10.0,0.7572009764035802,58.0,3098.4500677855694,1900.820966012308,5bea0f2a1a0f8859fae10f0677c4124e757b551e54e1576787804c52f37e14c2,4617e4c2084954f2,148.29343979517898,153.29343979517898,active,22.486728250049055
2f12aaa9236fd081,front,log-0056,3,10.0,self-supervised,1e17601331067be542700f3339358efda842174f97c4b99f71176dda028f3697,150.79343979517898,solver-window-front-phase2,8.370753917144611,7.969672500155866,1.4883807920850813,1.4564700009705673,232.22198340304402,10.000000000009095,0.180285543924197,0.7803951669484377,1.9419600012940899,10.0,0.765500406834825,58.0,3098.4500677855694,1900.820966012308,5bea0f2a1a0f8859fae10f0677c4124e757b551e54e1576787804c52f37e14c2,c2a4bfd96d403d1a,145.79343979517898,155.79343979517898,active,18.66834033280611
b56d65b35be77a5f,front,log-0056,3,20.0,self-supervised,1e17601331067be542700f3339358efda842174f97c4b99f71176dda028f3697,150.79343979517898,solver-window-front-phase2,12.978622957831249,12.482403791043907,1.542736915871501,2.2518986198770885,253.60137834934142,10.000000000009095,0.4630672381500554,0.7365489171352237,3.0025314931694513,10.0,0.7490642799023597,58.0,3098.4500677855694,1900.820966012308,5bea0f2a1a0f8859fae10f0677c4124e757b551e54e1576787804c52f37e14c2,afebdc66c5974af5,140.79343979517898,160.79343979517898,active,27.80965833296068
7d4d8f91a5b53d09,front,log-0056,3,40.0,self-supervised,1e17601331067be542700f3339358efda842174f97c4b99f71176dda028f3697,150.79343979517898,solver-window-front-phase2,12.486589582869783,13.061764208134264,2.388681957963854,2.462446194893042,269.9186976398956,10.000000000009095,0.5654964110526609,0.7748787910677493,3.2832615931907227,10.0,0.7428803905614321,58.0,3098.4500677855694,1900.820966012308,5bea0f2a1a0f8859fae10f0677c4124e757b551e54e1576787804c52f37e14c2,aa8c2bf6eabc29dd,130.79343979517898,170.79343979517898,active,28.773776750080287
27da9d3eba0bbde6,front,log-0056,3,120.0,self-supervised,1e17601331067be542700f3339358efda842174f97c4b99f71176dda028f3697,150.79343979517898,solver-window-front-phase2,13.061134791001678,12.957483083941042,2.230864791898057,2.672448939908525,282.1428048695021,10.000000000009095,0.6940571711199391,0.7453793750610203,3.5632652532113664,10.0,0.739300244100895,58.0,3098.4500677855694,1900.820966012308,5bea0f2a1a0f8859fae10f0677c4124e757b551e54e1576787804c52f37e14c2,4da0a21fa89eddbe,90.79343979517898,210.79343979517898,active,29.051859624916688
414ce88812572752,front,log-0058,0,5.0,self-supervised,72fdbe59efa218f0e2770b27caca55edbb4c043dcbea20d3c4d8ff975c782656,262.0893140046321,solver-window-front-phase2,1.7279867909383029,1.8276494999881834,0.7855649159755558,3.319473194214036,156.73325045783298,10.000000000009095,0.2911646186419246,0.4194439579732716,4.425964258952047,10.0,0.4489749943681009,76.0,3898.660088802696,2224.73630071454,5bea0f2a1a0f8859fae10f0677c4124e757b551e54e1576787804c52f37e14c2,2389117e0398bf13,259.5893140046321,264.5893140046321,active,4.89470245805569
ce6bae26a532fbdb,front,log-0058,0,10.0,self-supervised,72fdbe59efa218f0e2770b27caca55edbb4c043dcbea20d3c4d8ff975c782656,262.0893140046321,solver-window-front-phase2,1.6698173750191927,2.1271835840307176,0.789925041841343,2.6576110987351496,156.75738297217615,10.000000000009095,0.29373589029769365,0.4152482911013067,3.5434814649802,10.0,0.4510024780355936,76.0,3898.660088802696,2224.73630071454,5bea0f2a1a0f8859fae10f0677c4124e757b551e54e1576787804c52f37e14c2,1dce55ee7ca2e2d4,257.0893140046321,267.0893140046321,active,5.113035041140392
c399160dc2a35d2d,front,log-0058,0,20.0,self-supervised,72fdbe59efa218f0e2770b27caca55edbb4c043dcbea20d3c4d8ff975c782656,262.0893140046321,solver-window-front-phase2,1.9714930830523372,2.1342498341109604,0.7892799160908908,3.2119436287617766,157.2640171139525,10.000000000009095,0.3068760152736387,0.4181488328613341,4.282591505015702,10.0,0.45032665014642936,76.0,3898.660088802696,2224.73630071454,5bea0f2a1a0f8859fae10f0677c4124e757b551e54e1576787804c52f37e14c2,0392ea313cd8d8ad,252.08931400463212,272.0893140046321,active,5.425214125076309
fdc749dac75d3728,front,log-0058,0,40.0,self-supervised,72fdbe59efa218f0e2770b27caca55edbb4c043dcbea20d3c4d8ff975c782656,262.0893140046321,solver-window-front-phase2,4.000581375090405,5.744396625086665,0.7830677079036832,3.5108491929785703,162.61677149557443,10.000000000009095,0.379713444182545,0.419145958032459,4.6811322573047605,10.0,0.44514530299617033,76.0,3898.660088802696,2224.73630071454,5bea0f2a1a0f8859fae10f0677c4124e757b551e54e1576787804c52f37e14c2,415907cf1d9ae0cf,242.08931400463212,282.0893140046321,active,11.054842290934175
6a443b3f6ddca514,front,log-0058,0,120.0,self-supervised,72fdbe59efa218f0e2770b27caca55edbb4c043dcbea20d3c4d8ff975c782656,262.0893140046321,solver-window-front-phase2,5.246189125115052,5.586064542178065,0.7812024170998484,3.907617826082818,174.73780520597631,10.000000000009095,0.5075510338537844,0.41440266696736217,5.210157101443757,10.0,0.44154088758729443,76.0,3898.660088802696,2224.73630071454,5bea0f2a1a0f8859fae10f0677c4124e757b551e54e1576787804c52f37e14c2,d4204f06c51024cf,202.08931400463212,322.0893140046321,active,12.140437165973708
ecb41ef4507fc55f,front,log-0058,1,5.0,self-supervised,72fdbe59efa218f0e2770b27caca55edbb4c043dcbea20d3c4d8ff975c782656,161.51029593057984,solver-window-front-phase2,3.653546917019412,3.727770416997373,1.0216993750073016,2.401833470649415,163.4402539915897,10.000000000009095,0.2536045981190001,0.483613750198856,3.2024446275325533,10.0,0.44604640684838925,76.0,3898.660088802696,2224.73630071454,5bea0f2a1a0f8859fae10f0677c4124e757b551e54e1576787804c52f37e14c2,6c44c9114135600e,159.01029593057984,164.01029593057984,active,9.01273399987258
65b47ea43f8e2d1c,front,log-0058,1,10.0,self-supervised,72fdbe59efa218f0e2770b27caca55edbb4c043dcbea20d3c4d8ff975c782656,161.51029593057984,solver-window-front-phase2,4.498680874938145,2.9049179169815034,1.0455645830370486,2.539290922298552,162.76509505401827,10.000000000009095,0.2682494578826985,0.5477681250777096,3.3857212297314025,10.0,0.44649695877449874,76.0,3898.660088802696,2224.73630071454,5bea0f2a1a0f8859fae10f0677c4124e757b551e54e1576787804c52f37e14c2,effd3bb86a9b6ac1,156.51029593057984,166.51029593057984,active,9.07057537487708
ca1087dc2a0e21cc,front,log-0058,1,20.0,self-supervised,72fdbe59efa218f0e2770b27caca55edbb4c043dcbea20d3c4d8ff975c782656,161.51029593057984,solver-window-front-phase2,8.232683124952018,8.44996133306995,0.9236178330611438,3.817067605788264,176.85213972119755,10.000000000009095,0.5101287597152117,0.4819588749669492,5.089423474384352,10.0,0.44063978373507545,76.0,3898.660088802696,2224.73630071454,5bea0f2a1a0f8859fae10f0677c4124e757b551e54e1576787804c52f37e14c2,47e6b1a51994cc74,151.51029593057984,171.51029593057984,active,18.195592208998278
75f061014bc2d9d3,front,log-0058,1,40.0,self-supervised,72fdbe59efa218f0e2770b27caca55edbb4c043dcbea20d3c4d8ff975c782656,161.51029593057984,solver-window-front-phase2,6.512287375051528,8.329597917152569,0.9893420829903334,3.706237831597961,162.05104695531222,10.000000000009095,0.3680496728677288,0.530071625020355,4.941650442130614,10.0,0.44604640684838925,76.0,3898.660088802696,2224.73630071454,5bea0f2a1a0f8859fae10f0677c4124e757b551e54e1576787804c52f37e14c2,e45faef6664317e0,141.51029593057984,181.51029593057984,active,16.45472158305347
e96d0dab3ff11160,front,log-0058,1,120.0,self-supervised,72fdbe59efa218f0e2770b27caca55edbb4c043dcbea20d3c4d8ff975c782656,161.51029593057984,solver-window-front-phase2,7.702896292088553,8.520656583132222,0.9030033329036087,4.040602546706624,177.23854915959106,10.000000000009095,0.5723229913809652,0.5036275419406593,5.387470062275499,10.0,0.44041450777202074,76.0,3898.660088802696,2224.73630071454,5bea0f2a1a0f8859fae10f0677c4124e757b551e54e1576787804c52f37e14c2,8f299f3fbc863a8f,101.51029593057984,221.51029593057984,active,17.69534029206261
56217c55fee88a6a,front,log-0058,2,5.0,self-supervised,72fdbe59efa218f0e2770b27caca55edbb4c043dcbea20d3c4d8ff975c782656,257.358761633619,solver-window-front-phase2,3.331942540826276,3.401563708204776,1.0100819577928632,2.856194674415432,155.23304761385648,10.000000000009095,0.3092588170418458,0.4952628330793232,3.8082595658872425,10.0,0.4510024780355936,76.0,3898.660088802696,2224.73630071454,5bea0f2a1a0f8859fae10f0677c4124e757b551e54e1576787804c52f37e14c2,aad552e34601a491,254.858761633619,259.858761633619,active,8.318265874870121
f9f9bb7fc9b10e47,front,log-0058,2,10.0,self-supervised,72fdbe59efa218f0e2770b27caca55edbb4c043dcbea20d3c4d8ff975c782656,257.358761633619,solver-window-front-phase2,2.2955826250836253,2.677717666141689,0.9911662919912487,3.145145462553278,156.93884184864157,10.000000000009095,0.31235712678665567,0.4799662078730762,4.193527283404371,10.0,0.45055192610948414,76.0,3898.660088802696,2224.73630071454,5bea0f2a1a0f8859fae10f0677c4124e757b551e54e1576787804c52f37e14c2,fb2bd404d4ff7b37,252.358761633619,262.358761633619,active,6.516130833188072
90a4bb038254a9d5,front,log-0058,2,20.0,self-supervised,72fdbe59efa218f0e2770b27caca55edbb4c043dcbea20d3c4d8ff975c782656,257.358761633619,solver-window-front-phase2,2.56501783314161,2.968293417012319,0.9411611249670386,2.987076253361028,157.24970621148185,10.000000000009095,0.32422145779894845,0.6743772500194609,3.9827683378147043,10.0,0.4510024780355936,76.0,3898.660088802696,2224.73630071454,5bea0f2a1a0f8859fae10f0677c4124e757b551e54e1576787804c52f37e14c2,c045bd1ddad0db39,247.358761633619,267.358761633619,active,7.222300374880433
84f71f9fa986cb5e,front,log-0058,2,40.0,self-supervised,72fdbe59efa218f0e2770b27caca55edbb4c043dcbea20d3c4d8ff975c782656,257.358761633619,solver-window-front-phase2,6.744571124901995,6.927361459005624,1.0650112919975072,3.539326644263633,160.13777371381494,10.000000000009095,0.3556271982751203,0.5073542920872569,4.71910219235151,10.0,0.44694751070060823,76.0,3898.660088802696,2224.73630071454,5bea0f2a1a0f8859fae10f0677c4124e757b551e54e1576787804c52f37e14c2,73abc2acf8841e00,237.358761633619,277.358761633619,active,15.312607416883111
b1aba767af4aac88,front,log-0058,2,120.0,self-supervised,72fdbe59efa218f0e2770b27caca55edbb4c043dcbea20d3c4d8ff975c782656,257.358761633619,solver-window-front-phase2,7.478462040890008,7.745679792016745,0.9354183331597596,3.8543003304186407,171.31674313742016,10.000000000009095,0.47634699901676875,0.5014282921329141,5.139067107224855,10.0,0.4426672674025681,76.0,3898.660088802696,2224.73630071454,5bea0f2a1a0f8859fae10f0677c4124e757b551e54e1576787804c52f37e14c2,ba9336078726c167,197.358761633619,317.358761633619,active,16.734778915997595
9e8fb23b86083665,front,log-0058,3,5.0,self-supervised,72fdbe59efa218f0e2770b27caca55edbb4c043dcbea20d3c4d8ff975c782656,95.72176233135534,solver-window-front-phase2,6.893716500140727,6.946968124946579,0.9317664171103388,3.531608085755536,177.4761698618498,10.000000000009095,0.5488604665164418,0.5006285419221967,4.708810781007381,10.0,0.4397386798828565,76.0,3898.660088802696,2224.73630071454,5bea0f2a1a0f8859fae10f0677c4124e757b551e54e1576787804c52f37e14c2,cd511024f054f0b4,93.22176233135534,98.22176233135534,active,15.349199916934595
e63c06a056dcac13,front,log-0058,3,10.0,self-supervised,72fdbe59efa218f0e2770b27caca55edbb4c043dcbea20d3c4d8ff975c782656,95.72176233135534,solver-window-front-phase2,4.968508749967441,7.204314250033349,0.9546361251268536,3.018275778758594,161.71209181549838,10.000000000009095,0.37879586813391936,0.49573562503792346,4.024367705011459,10.0,0.44379364721784187,76.0,3898.660088802696,2224.73630071454,5bea0f2a1a0f8859fae10f0677c4124e757b551e54e1576787804c52f37e14c2,b2338871fb511e7d,90.72176233135534,100.72176233135534,active,13.711480500176549
3e4e4affd2c66200,front,log-0058,3,20.0,self-supervised,72fdbe59efa218f0e2770b27caca55edbb4c043dcbea20d3c4d8ff975c782656,95.72176233135534,solver-window-front-phase2,3.562263875035569,3.2401391249150038,0.9622678330633789,3.0319480125549667,158.64116974679553,10.000000000009095,0.33304099210529564,0.5016458749305457,4.042597350073288,10.0,0.45010137418337465,76.0,3898.660088802696,2224.73630071454,5bea0f2a1a0f8859fae10f0677c4124e757b551e54e1576787804c52f37e14c2,f49c86916e839c50,85.72176233135534,105.72176233135534,active,8.333464458119124
c31849999763c998,front,log-0058,3,40.0,self-supervised,72fdbe59efa218f0e2770b27caca55edbb4c043dcbea20d3c4d8ff975c782656,95.72176233135534,solver-window-front-phase2,6.692268667044118,9.657257540849969,1.0230602079536766,3.706402231227926,184.441359480217,10.000000000009095,0.6124213682248497,0.5168484998866916,4.9418696416372345,10.0,0.4372606442892543,76.0,3898.660088802696,2224.73630071454,5bea0f2a1a0f8859fae10f0677c4124e757b551e54e1576787804c52f37e14c2,1b992d4c3d01c7b4,75.72176233135534,115.72176233135534,active,17.962922332808375
6f3a948e126f7f89,front,log-0058,3,120.0,self-supervised,72fdbe59efa218f0e2770b27caca55edbb4c043dcbea20d3c4d8ff975c782656,95.72176233135534,solver-window-front-phase2,8.723467624979094,8.026851542061195,1.161727915983647,3.9884608136362583,183.7493955652046,10.000000000009095,0.6196157664631068,0.6138612919021398,5.317947751515011,10.0,0.43838702410452807,76.0,3898.660088802696,2224.73630071454,5bea0f2a1a0f8859fae10f0677c4124e757b551e54e1576787804c52f37e14c2,cbace3ff2f3b22c1,35.721762331355336,155.72176233135534,active,18.599165332969278
aec7352be47c5a95,front,log-0063,0,5.0,self-supervised,6cb3876e1ac10833a7711e8e50158e9468ce1a682224bd8c7f86d1130d8a54b1,67.37982033024917,solver-window-front-phase2,2.883496332913637,2.1921427079942077,0.7816069999244064,1.4096073778690863,186.1503685075856,10.000000000009095,0.22672367722847686,0.3796485420316458,1.8794765038254484,10.0,0.8053444471684237,58.0,3092.192485774205,1833.901576375242,5bea0f2a1a0f8859fae10f0677c4124e757b551e54e1576787804c52f37e14c2,0d18d80171bfd410,64.87982033024917,69.87982033024917,active,6.33987204101868
182c6a43bae0b3e8,front,log-0063,0,10.0,self-supervised,6cb3876e1ac10833a7711e8e50158e9468ce1a682224bd8c7f86d1130d8a54b1,67.37982033024917,solver-window-front-phase2,2.986822959035635,2.2280023749917746,0.778423999901861,1.3507971915640273,186.4269628753845,10.000000000009095,0.2197795550460576,0.37773245805874467,1.8010629220853698,10.0,0.8050992890414317,58.0,3092.192485774205,1833.901576375242,5bea0f2a1a0f8859fae10f0677c4124e757b551e54e1576787804c52f37e14c2,0bb7a7d47b0b0e10,62.379820330249174,72.37982033024917,active,6.454930457985029
f1378aa299d54b6e,front,log-0063,0,20.0,self-supervised,6cb3876e1ac10833a7711e8e50158e9468ce1a682224bd8c7f86d1130d8a54b1,67.37982033024917,solver-window-front-phase2,2.734093999955803,1.8421442499384284,0.7822854169644415,2.765704135373529,186.4689447467297,10.000000000009095,0.29706121916967065,0.37841654079966247,3.687605513831372,10.0,0.8087766609463104,58.0,3092.192485774205,1833.901576375242,5bea0f2a1a0f8859fae10f0677c4124e757b551e54e1576787804c52f37e14c2,be0479ad752aaeb8,57.379820330249174,77.37982033024917,active,5.81962783401832
72d4002105a846ed,front,log-0063,0,40.0,self-supervised,6cb3876e1ac10833a7711e8e50158e9468ce1a682224bd8c7f86d1130d8a54b1,67.37982033024917,solver-window-front-phase2,2.9567641250323504,2.6417060419917107,0.7784987080376595,1.8662520088285168,186.2852844240884,10.000000000009095,0.2371880895772054,0.38017195905558765,2.488336011771356,10.0,0.8063250796763912,58.0,3092.192485774205,1833.901576375242,5bea0f2a1a0f8859fae10f0677c4124e757b551e54e1576787804c52f37e14c2,c44090d4e58eaccd,47.379820330249174,87.37982033024917,active,6.8396374171134084
f9c7029d4e655e33,front,log-0063,0,120.0,self-supervised,6cb3876e1ac10833a7711e8e50158e9468ce1a682224bd8c7f86d1130d8a54b1,67.37982033024917,solver-window-front-phase2,2.7577024588827044,2.254411125089973,0.7864782919641584,1.9989716224948617,186.40701124881397,10.000000000009095,0.24873166286153173,0.37809087499044836,2.6652954966598155,10.0,0.8068153959303751,58.0,3092.192485774205,1833.901576375242,5bea0f2a1a0f8859fae10f0677c4124e757b551e54e1576787804c52f37e14c2,27a183f4370263d9,7.379820330249174,127.37982033024917,active,6.2608231250196695
400a63e93ef84280,front,log-0063,1,5.0,self-supervised,6cb3876e1ac10833a7711e8e50158e9468ce1a682224bd8c7f86d1130d8a54b1,61.0848929691564,solver-window-front-phase2,6.730645000003278,4.234845667146146,1.0325498750898987,0.6298092458081544,186.09624222075846,10.000000000009095,0.3291328295135621,0.5086292498745024,0.8397456610775393,10.0,0.801667075263545,58.0,3092.192485774205,1833.901576375242,5bea0f2a1a0f8859fae10f0677c4124e757b551e54e1576787804c52f37e14c2,324f3303caf11b4b,58.5848929691564,63.5848929691564,active,12.579778334125876
3f08ef485e1ad00c,front,log-0063,1,10.0,self-supervised,6cb3876e1ac10833a7711e8e50158e9468ce1a682224bd8c7f86d1130d8a54b1,61.0848929691564,solver-window-front-phase2,4.658731332980096,4.120486542116851,1.034916958073154,1.0536629825753356,186.16654740383927,10.000000000009095,0.1948017349174267,0.48675616597756743,1.4048839767671144,10.0,0.804118656533464,58.0,3092.192485774205,1833.901576375242,5bea0f2a1a0f8859fae10f0677c4124e757b551e54e1576787804c52f37e14c2,5a4539724840e3f1,56.0848929691564,66.0848929691564,active,10.367067625047639
546c088fb418a6d5,front,log-0063,1,20.0,self-supervised,6cb3876e1ac10833a7711e8e50158e9468ce1a682224bd8c7f86d1130d8a54b1,61.0848929691564,solver-window-front-phase2,3.922660040901974,2.849367457907647,0.9834252500440925,1.1739641149169207,185.8487521125917,10.000000000009095,0.2035324752866868,0.4744412081781775,1.565285486555894,10.0,0.8048541309144398,58.0,3092.192485774205,1833.901576375242,5bea0f2a1a0f8859fae10f0677c4124e757b551e54e1576787804c52f37e14c2,6c491100baf7e690,51.0848929691564,71.0848929691564,active,8.271161667071283
396c2945467b4f79,front,log-0063,1,40.0,self-supervised,6cb3876e1ac10833a7711e8e50158e9468ce1a682224bd8c7f86d1130d8a54b1,61.0848929691564,solver-window-front-phase2,3.712295792065561,2.853591291932389,0.967280917102471,2.211819574413786,186.3446110513492,10.000000000009095,0.2534069186213953,0.46961924992501736,2.949092765885048,10.0,0.8075508703113509,58.0,3092.192485774205,1833.901576375242,5bea0f2a1a0f8859fae10f0677c4124e757b551e54e1576787804c52f37e14c2,a2db9661b90a64dd,41.0848929691564,81.0848929691564,active,8.069304875098169
acc118ca737721f5,front,log-0063,1,120.0,self-supervised,6cb3876e1ac10833a7711e8e50158e9468ce1a682224bd8c7f86d1130d8a54b1,61.0848929691564,solver-window-front-phase2,3.556752541800961,3.334065708098933,0.9721123750787228,1.9980202066193888,186.420799767916,10.000000000009095,0.24894072748109408,0.47714124992489815,2.664026942159185,10.0,0.8068153959303751,58.0,3092.192485774205,1833.901576375242,5bea0f2a1a0f8859fae10f0677c4124e757b551e54e1576787804c52f37e14c2,d5f81f6d0de1bb1c,1.0848929691563995,121.0848929691564,active,8.379426833009347
f930cc30ae6687ed,front,log-0063,2,5.0,self-supervised,6cb3876e1ac10833a7711e8e50158e9468ce1a682224bd8c7f86d1130d8a54b1,60.08465338110862,solver-window-front-phase2,4.752621457912028,3.9219412500970066,1.0265113331843168,1.8454242492409565,185.81980746858252,10.000000000009095,0.26220193701726463,0.5020311251282692,2.4605656656546087,10.0,0.809512135327286,58.0,3092.192485774205,1833.901576375242,5bea0f2a1a0f8859fae10f0677c4124e757b551e54e1576787804c52f37e14c2,9a33910ef97886d1,57.58465338110862,62.58465338110862,active,10.239364749984816
529618790a75acd9,front,log-0063,2,10.0,self-supervised,6cb3876e1ac10833a7711e8e50158e9468ce1a682224bd8c7f86d1130d8a54b1,60.08465338110862,solver-window-front-phase2,3.9233331659343094,2.3051688340492547,1.0407587909139693,3.335421614290345,186.1316490283424,10.000000000009095,0.4160212967564354,0.48896604194305837,4.447228819053794,10.0,0.8092669772002942,58.0,3092.192485774205,1833.901576375242,5bea0f2a1a0f8859fae10f0677c4124e757b551e54e1576787804c52f37e14c2,138af3b91145eaf5,55.08465338110862,65.08465338110862,active,7.802308875136077
7673b0437aa53251,front,log-0063,2,20.0,self-supervised,6cb3876e1ac10833a7711e8e50158e9468ce1a682224bd8c7f86d1130d8a54b1,60.08465338110862,solver-window-front-phase2,4.009526832960546,3.3790516250301152,1.0700765419751406,1.1739641149169207,185.8487521125917,10.000000000009095,0.2035324752866868,0.492724624928087,1.565285486555894,10.0,0.8048541309144398,58.0,3092.192485774205,1833.901576375242,5bea0f2a1a0f8859fae10f0677c4124e757b551e54e1576787804c52f37e14c2,41023ea36f07714a,50.08465338110862,70.08465338110862,active,9.002417499898002
2a36c9df65e38f3a,front,log-0063,2,40.0,self-supervised,6cb3876e1ac10833a7711e8e50158e9468ce1a682224bd8c7f86d1130d8a54b1,60.08465338110862,solver-window-front-phase2,4.022715291939676,2.569011707790196,0.9734015830326825,2.62676973246177,186.52558776470573,10.000000000009095,0.28435850508217037,0.4712987910024822,3.50235964328236,10.0,0.8087766609463104,58.0,3092.192485774205,1833.901576375242,5bea0f2a1a0f8859fae10f0677c4124e757b551e54e1576787804c52f37e14c2,531a545bbfe901af,40.08465338110862,80.08465338110862,active,8.074646334163845
50a77bbdb5961aad,front,log-0063,2,120.0,self-supervised,6cb3876e1ac10833a7711e8e50158e9468ce1a682224bd8c7f86d1130d8a54b1,60.08465338110862,solver-window-front-phase2,3.9495522920042276,3.0803231250029057,0.969886708073318,1.9980202066193888,186.420799767916,10.000000000009095,0.24894072748109408,0.461892707971856,2.664026942159185,10.0,0.8068153959303751,58.0,3092.192485774205,1833.901576375242,5bea0f2a1a0f8859fae10f0677c4124e757b551e54e1576787804c52f37e14c2,f930172aa4fc2ab6,0.0846533811086232,120.08465338110862,active,8.498629957903177
65d8d1faf25088ea,front,log-0063,3,5.0,self-supervised,6cb3876e1ac10833a7711e8e50158e9468ce1a682224bd8c7f86d1130d8a54b1,66.22440103389349,solver-window-front-phase2,3.6861877078190446,3.653221125015989,1.0321927908807993,1.4181292505284293,186.23278723803725,10.000000000009095,0.22031517683456245,0.4760753330774605,1.8908390007045726,10.0,0.8058347634224075,58.0,3092.192485774205,1833.901576375242,5bea0f2a1a0f8859fae10f0677c4124e757b551e54e1576787804c52f37e14c2,2b7138f283c23cb1,63.724401033893486,68.72440103389349,active,8.88386645889841
eb65df021b4de620,front,log-0063,3,10.0,self-supervised,6cb3876e1ac10833a7711e8e50158e9468ce1a682224bd8c7f86d1130d8a54b1,66.22440103389349,solver-window-front-phase2,4.252017125021666,3.016310582868755,1.0254700421355665,1.3534464867366047,186.4215833581147,10.000000000009095,0.2189247328713219,0.4746782500296831,1.8045953156488066,10.0,0.8050992890414317,58.0,3092.192485774205,1833.901576375242,5bea0f2a1a0f8859fae10f0677c4124e757b551e54e1576787804c52f37e14c2,62e8be1b3a104ce9,61.224401033893486,71.22440103389349,active,8.80566041613929
049ebcd7ef33bc75,front,log-0063,3,20.0,self-supervised,6cb3876e1ac10833a7711e8e50158e9468ce1a682224bd8c7f86d1130d8a54b1,66.22440103389349,solver-window-front-phase2,4.310333791188896,3.2912804170046,1.007442875066772,1.1231543388740128,185.88963755355897,10.000000000009095,0.19882606050850468,0.5188131660688668,1.497539118498684,10.0,0.8046089727874479,58.0,3092.192485774205,1833.901576375242,5bea0f2a1a0f8859fae10f0677c4124e757b551e54e1576787804c52f37e14c2,514ddf313a76fe3b,56.224401033893486,76.22440103389349,active,9.168003500206396
f46618039eb1c6ae,front,log-0063,3,40.0,self-supervised,6cb3876e1ac10833a7711e8e50158e9468ce1a682224bd8c7f86d1130d8a54b1,66.22440103389349,solver-window-front-phase2,3.6873393750283867,2.9133685410488397,0.9853653749451041,1.9464689958845436,186.34116116606435,10.000000000009095,0.23950699295619327,0.46530858310870826,2.5952919945127246,10.0,0.8068153959303751,58.0,3092.192485774205,1833.901576375242,5bea0f2a1a0f8859fae10f0677c4124e757b551e54e1576787804c52f37e14c2,6f2c0afbd4232cf6,46.224401033893486,86.22440103389349,active,8.086362666916102
e6dd4833a65ce0b6,front,log-0063,3,120.0,self-supervised,6cb3876e1ac10833a7711e8e50158e9468ce1a682224bd8c7f86d1130d8a54b1,66.22440103389349,solver-window-front-phase2,3.7185381250455976,3.2779594589956105,0.953351124888286,1.9989716224948617,186.40701124881397,10.000000000009095,0.24873166286153173,0.4627091670408845,2.6652954966598155,10.0,0.8068153959303751,58.0,3092.192485774205,1833.901576375242,5bea0f2a1a0f8859fae10f0677c4124e757b551e54e1576787804c52f37e14c2,84158c6b5956951a,6.224401033893486,126.22440103389349,active,8.450279999990016
a73a5b50026f20ef,front,log-0071_183,0,5.0,self-supervised,b959d8095113db1364b9d8afa5d7b414d97285a8a42e6a4aa46768de4a48a7f2,60.62404553611126,solver-window-front-phase2,5.953256957931444,5.5274625001475215,1.199895165860653,2.9462142954893307,188.0518770391404,10.000000000009095,0.44454064942737986,0.6201953748241067,3.928285727319107,10.0,0.5590957366105295,75.0,3954.1802418219286,2303.7337653156405,5bea0f2a1a0f8859fae10f0677c4124e757b551e54e1576787804c52f37e14c2,24383996a6f62ae6,58.12404553611126,63.12404553611126,active,13.471874749986455
1027dd21448059f1,front,log-0071_183,0,10.0,self-supervised,b959d8095113db1364b9d8afa5d7b414d97285a8a42e6a4aa46768de4a48a7f2,60.62404553611126,solver-window-front-phase2,5.7489604582078755,5.989516125060618,1.1944925419520587,3.0576879799620365,183.94384387904424,10.000000000009095,0.44014949996018016,0.6203104159794748,4.076917306616049,10.0,0.5609164011530875,75.0,3954.1802418219286,2303.7337653156405,5bea0f2a1a0f8859fae10f0677c4124e757b551e54e1576787804c52f37e14c2,f0a2d83c418b730f,55.62404553611126,65.62404553611125,active,13.69741737516597
e13604915853f3f8,front,log-0071_183,0,20.0,self-supervised,b959d8095113db1364b9d8afa5d7b414d97285a8a42e6a4aa46768de4a48a7f2,60.62404553611126,solver-window-front-phase2,5.530903875129297,6.077564583858475,1.2019012500531971,2.526229959859259,167.17089969042374,10.000000000009095,0.3445165783966927,0.6213123749475926,3.368306613145679,10.0,0.5677438931876801,75.0,3954.1802418219286,2303.7337653156405,5bea0f2a1a0f8859fae10f0677c4124e757b551e54e1576787804c52f37e14c2,cb4677bf8cd914d9,50.62404553611126,70.62404553611125,active,13.580833832966164
43eaafadaa07ddff,front,log-0071_183,0,40.0,self-supervised,b959d8095113db1364b9d8afa5d7b414d97285a8a42e6a4aa46768de4a48a7f2,60.62404553611126,solver-window-front-phase2,5.8446126251947135,5.820286666043103,1.1961687919683754,3.5726035352529384,206.52377825015947,10.000000000009095,0.5400621339657523,0.615306792082265,4.763471380337251,10.0,0.5580336822940373,75.0,3954.1802418219286,2303.7337653156405,5bea0f2a1a0f8859fae10f0677c4124e757b551e54e1576787804c52f37e14c2,af2c113221f36731,40.62404553611126,80.62404553611125,active,13.619407500140369
95fc1117b829cbd3,front,log-0071_183,0,120.0,self-supervised,b959d8095113db1364b9d8afa5d7b414d97285a8a42e6a4aa46768de4a48a7f2,60.62404553611126,solver-window-front-phase2,5.7411542921327055,5.700880083022639,1.1923468329478055,2.7531144299885257,170.0096136919174,10.000000000009095,0.3740624424026673,0.6091109581757337,3.6708192399847017,10.0,0.5662266727355485,75.0,3954.1802418219286,2303.7337653156405,5bea0f2a1a0f8859fae10f0677c4124e757b551e54e1576787804c52f37e14c2,ec7f76d426353062,0.6240455361112609,120.62404553611125,active,13.38426600000821
f2f96ace8a23c3d5,front,log-0071_183,1,5.0,self-supervised,b959d8095113db1364b9d8afa5d7b414d97285a8a42e6a4aa46768de4a48a7f2,148.00612009888803,solver-window-front-phase2,6.486682584043592,7.654094541911036,1.5085259161423892,1.5253664095374546,157.74399111548576,10.000000000009095,0.1523762743116571,0.7712932089343667,2.033821879383273,10.0,0.5853436504324079,75.0,3954.1802418219286,2303.7337653156405,5bea0f2a1a0f8859fae10f0677c4124e757b551e54e1576787804c52f37e14c2,75c434f571b5c671,145.50612009888803,150.50612009888803,active,16.531329875113443
6c6e193fd13caade,front,log-0071_183,1,10.0,self-supervised,b959d8095113db1364b9d8afa5d7b414d97285a8a42e6a4aa46768de4a48a7f2,148.00612009888803,solver-window-front-phase2,8.048044750001281,8.600702332798392,1.5079295840114355,1.5301075087602973,157.09336372046832,10.000000000009095,0.14921416276608213,0.7916914999950677,2.0401433450137296,10.0,0.5853436504324079,75.0,3954.1802418219286,2303.7337653156405,5bea0f2a1a0f8859fae10f0677c4124e757b551e54e1576787804c52f37e14c2,00ce1f34ad0899ae,143.00612009888803,153.00612009888803,active,19.067521166987717
8ab8720d8edbebf3,front,log-0071_183,1,20.0,self-supervised,b959d8095113db1364b9d8afa5d7b414d97285a8a42e6a4aa46768de4a48a7f2,148.00612009888803,solver-window-front-phase2,7.923495499882847,10.112799334106967,1.7212574160657823,3.4000270935851975,201.4932413818042,10.000000000009095,0.5229243205974338,0.8397264999803156,4.533369458113596,10.0,0.5584888484296768,75.0,3954.1802418219286,2303.7337653156405,5bea0f2a1a0f8859fae10f0677c4124e757b551e54e1576787804c52f37e14c2,539cf3811ed8dd86,138.00612009888803,158.00612009888803,active,20.71336004184559
431a39c31bfffc8f,front,log-0071_183,1,40.0,self-supervised,b959d8095113db1364b9d8afa5d7b414d97285a8a42e6a4aa46768de4a48a7f2,148.00612009888803,solver-window-front-phase2,8.538851625053212,8.317252167034894,1.8953892921563238,1.8104713994481774,155.5474510416372,10.000000000009095,0.2088868903262849,0.9844515421427786,2.413961865930903,10.0,0.5817023213472917,75.0,3954.1802418219286,2303.7337653156405,5bea0f2a1a0f8859fae10f0677c4124e757b551e54e1576787804c52f37e14c2,b8d3f72cc3b31ab1,128.00612009888803,168.00612009888803,active,19.823514624964446
3718a6a1e7ff6af1,front,log-0071_183,1,120.0,self-supervised,b959d8095113db1364b9d8afa5d7b414d97285a8a42e6a4aa46768de4a48a7f2,148.00612009888803,solver-window-front-phase2,10.370062124915421,9.346983874915168,1.7311571249738336,3.244515631841915,192.89425269647649,10.000000000009095,0.4853396055251741,0.8542294171638787,4.326020842455886,10.0,0.5593991807009558,75.0,3954.1802418219286,2303.7337653156405,5bea0f2a1a0f8859fae10f0677c4124e757b551e54e1576787804c52f37e14c2,38dd35a0f1965c62,88.00612009888803,208.00612009888803,active,22.402441250160336
a5d39536a55452c8,front,log-0071_183,2,5.0,self-supervised,b959d8095113db1364b9d8afa5d7b414d97285a8a42e6a4aa46768de4a48a7f2,271.90321270313586,solver-window-front-phase2,9.453092166921124,7.374436541926116,1.5403967909514904,1.5924828089171132,160.8807497139522,10.000000000009095,0.14747584998655947,0.8719148749951273,2.1233104118894843,10.0,0.5851919283871947,75.0,3954.1802418219286,2303.7337653156405,5bea0f2a1a0f8859fae10f0677c4124e757b551e54e1576787804c52f37e14c2,4f5d749bba8c6cc4,269.40321270313586,274.40321270313586,active,19.335081707919016
bb93d003f05217c8,front,log-0071_183,2,10.0,self-supervised,b959d8095113db1364b9d8afa5d7b414d97285a8a42e6a4aa46768de4a48a7f2,271.90321270313586,solver-window-front-phase2,7.238780332962051,7.621583000058308,1.7886373340152204,1.5751542789312918,157.30150484313538,10.000000000009095,0.16115476815350518,0.9906973331235349,2.1002057052417222,10.0,0.5853436504324079,75.0,3954.1802418219286,2303.7337653156405,5bea0f2a1a0f8859fae10f0677c4124e757b551e54e1576787804c52f37e14c2,4309bb6cfc2ae1f1,266.90321270313586,276.90321270313586,active,17.717006208142266
909610180b2d6ae4,front,log-0071_183,2,20.0,self-supervised,b959d8095113db1364b9d8afa5d7b414d97285a8a42e6a4aa46768de4a48a7f2,271.90321270313586,solver-window-front-phase2,8.779885416151956,6.809327875031158,1.602191457990557,1.595530544588253,161.11693217632867,10.000000000009095,0.15065371971357464,0.8170372080057859,2.127374059451004,10.0,0.5851919283871947,75.0,3954.1802418219286,2303.7337653156405,5bea0f2a1a0f8859fae10f0677c4124e757b551e54e1576787804c52f37e14c2,5d83721d502634a8,261.90321270313586,281.90321270313586,active,18.104231749894097
ade281c8899be8ef,front,log-0071_183,2,40.0,self-supervised,b959d8095113db1364b9d8afa5d7b414d97285a8a42e6a4aa46768de4a48a7f2,271.90321270313586,solver-window-front-phase2,8.779318917077035,8.937854916788638,1.6678914169315249,3.387080568354841,217.01635313631107,10.000000000009095,0.6303672271294992,0.8821477920282632,4.516107424473121,10.0,0.5565164618419056,75.0,3954.1802418219286,2303.7337653156405,5bea0f2a1a0f8859fae10f0677c4124e757b551e54e1576787804c52f37e14c2,2d06341eee1bc832,251.90321270313586,291.90321270313586,active,20.36918079201132
25a0596e73545d41,front,log-0071_183,2,120.0,self-supervised,b959d8095113db1364b9d8afa5d7b414d97285a8a42e6a4aa46768de4a48a7f2,271.90321270313586,solver-window-front-phase2,8.982884707860649,9.58403295907192,2.005970250116661,4.021287172086754,221.1024678506794,10.000000000009095,0.6249767236024428,0.8276674998924136,5.361716229449004,10.0,0.5556061295706266,75.0,3954.1802418219286,2303.7337653156405,5bea0f2a1a0f8859fae10f0677c4124e757b551e54e1576787804c52f37e14c2,9d0827ed20a2b62e,211.90321270313586,331.90321270313586,active,21.48518208297901
c5fb632a9e69321d,front,log-0071_183,3,5.0,self-supervised,b959d8095113db1364b9d8afa5d7b414d97285a8a42e6a4aa46768de4a48a7f2,82.16978684967192,solver-window-front-phase2,9.019622166873887,8.96632970799692,1.800107833230868,2.2611466542766965,165.69122946940763,10.000000000009095,0.28603555203964437,0.9100388339720666,3.0148622057022623,10.0,0.568502503413746,75.0,3954.1802418219286,2303.7337653156405,5bea0f2a1a0f8859fae10f0677c4124e757b551e54e1576787804c52f37e14c2,5833e9dfac1af9b5,79.66978684967192,84.66978684967192,active,20.79213641700335
665f8d47eef60516,front,log-0071_183,3,10.0,self-supervised,b959d8095113db1364b9d8afa5d7b414d97285a8a42e6a4aa46768de4a48a7f2,82.16978684967192,solver-window-front-phase2,9.551201709080487,9.657745874952525,1.6576529999729246,2.394427296677786,166.7493832644871,10.000000000009095,0.31958021188091923,0.8480539158917964,3.192569728903715,10.0,0.569412835685025,75.0,3954.1802418219286,2303.7337653156405,5bea0f2a1a0f8859fae10f0677c4124e757b551e54e1576787804c52f37e14c2,db530d1ae0473dd8,77.16978684967192,87.16978684967192,active,21.79932783311233
cb4b468f882e3a5a,front,log-0071_183,3,20.0,self-supervised,b959d8095113db1364b9d8afa5d7b414d97285a8a42e6a4aa46768de4a48a7f2,82.16978684967192,solver-window-front-phase2,9.367430499987677,10.011955291032791,1.7460524998605251,3.2384766983147193,187.5047207004805,10.000000000009095,0.46367680691089125,0.8512121250387281,4.317968931086292,10.0,0.5606129570626612,75.0,3954.1802418219286,2303.7337653156405,5bea0f2a1a0f8859fae10f0677c4124e757b551e54e1576787804c52f37e14c2,d4b6ae5f25237a57,72.16978684967192,92.16978684967192,active,22.058164916932583
e8a5e02d869c1933,front,log-0071_183,3,40.0,self-supervised,b959d8095113db1364b9d8afa5d7b414d97285a8a42e6a4aa46768de4a48a7f2,82.16978684967192,solver-window-front-phase2,9.71855133306235,8.594421791145578,2.290938667021692,2.9062602210393402,177.88861810814964,10.000000000009095,0.415482116416468,0.9565287078730762,3.8750136280524536,10.0,0.5637991200121377,75.0,3954.1802418219286,2303.7337653156405,5bea0f2a1a0f8859fae10f0677c4124e757b551e54e1576787804c52f37e14c2,e95a1c05699c13fc,62.16978684967192,102.16978684967192,active,21.642948833061382
4f210ea909c0840f,front,log-0071_183,3,120.0,self-supervised,b959d8095113db1364b9d8afa5d7b414d97285a8a42e6a4aa46768de4a48a7f2,82.16978684967192,solver-window-front-phase2,10.181244999868795,7.988635291811079,1.8051726249977946,2.7027948801573274,165.8229698152298,10.000000000009095,0.356605574291146,0.8407721670810133,3.603726506876437,10.0,0.5698680018206645,75.0,3954.1802418219286,2303.7337653156405,5bea0f2a1a0f8859fae10f0677c4124e757b551e54e1576787804c52f37e14c2,7f1a19b61b2055cf,22.169786849671922,142.16978684967194,active,20.89607770810835
8ac291c5646ff929,front,log-0072_184,0,5.0,self-supervised,064b3f10ed62f79169a48d6e8a0db69493c668625208312873a3e7a630c5c16c,106.5860778593364,solver-window-front-phase2,2.9643549169413745,2.73387383390218,1.084105083020404,3.0704602894571917,235.0576558471262,10.000000000009095,0.3412187181433884,0.544794499874115,4.09394705260959,10.0,0.63401267340298,70.0,3801.7648481983133,2232.0350077937746,5bea0f2a1a0f8859fae10f0677c4124e757b551e54e1576787804c52f37e14c2,b5f2b671a210c883,104.0860778593364,109.0860778593364,active,7.484767207875848
fe5605eabc71b453,front,log-0072_184,0,10.0,self-supervised,064b3f10ed62f79169a48d6e8a0db69493c668625208312873a3e7a630c5c16c,106.5860778593364,solver-window-front-phase2,2.925717500038445,2.9509808749426156,1.078120999969542,2.307553647177766,239.42293297492836,10.000000000009095,0.23773987521572537,0.5487490000668913,3.076738196237021,10.0,0.63401267340298,70.0,3801.7648481983133,2232.0350077937746,5bea0f2a1a0f8859fae10f0677c4124e757b551e54e1576787804c52f37e14c2,2466c3fb9dd141bb,101.5860778593364,111.5860778593364,active,7.636475624982268
cb2b0a6f49c51e23,front,log-0072_184,0,20.0,self-supervised,064b3f10ed62f79169a48d6e8a0db69493c668625208312873a3e7a630c5c16c,106.5860778593364,solver-window-front-phase2,6.079156000167131,6.290219166781753,1.0801095839124173,4.002457038794705,235.27172927698712,10.000000000009095,0.5810599958353833,0.5464463329408318,5.336609385059607,10.0,0.6223668436376092,70.0,3801.7648481983133,2232.0350077937746,5bea0f2a1a0f8859fae10f0677c4124e757b551e54e1576787804c52f37e14c2,6a4dfba84ec5b6d2,96.5860778593364,116.5860778593364,active,14.123647416941822
06f004d1f1a08e63,front,log-0072_184,0,40.0,self-supervised,064b3f10ed62f79169a48d6e8a0db69493c668625208312873a3e7a630c5c16c,106.5860778593364,solver-window-front-phase2,5.853254541056231,7.774292791029438,1.0749086670111865,3.469011715748688,235.92495942684326,10.000000000009095,0.5535137306951377,0.5537396250292659,4.625348954331584,10.0,0.6199691728035622,70.0,3801.7648481983133,2232.0350077937746,5bea0f2a1a0f8859fae10f0677c4124e757b551e54e1576787804c52f37e14c2,910d5b35fa8c7eb0,86.5860778593364,126.5860778593364,active,15.38446837500669
e29af9d035125fee,front,log-0072_184,0,120.0,self-supervised,064b3f10ed62f79169a48d6e8a0db69493c668625208312873a3e7a630c5c16c,106.5860778593364,solver-window-front-phase2,6.012244332814589,7.768607791978866,1.066737291868776,3.9220885744832925,250.80196210839358,10.000000000009095,0.6890618925291839,0.54715112503618,5.229451432644389,10.0,0.6060969344065764,70.0,3801.7648481983133,2232.0350077937746,5bea0f2a1a0f8859fae10f0677c4124e757b551e54e1576787804c52f37e14c2,4291da0947443e32,46.5860778593364,166.5860778593364,active,15.519370082998648
7108664f367dd19f,front,log-0072_184,1,5.0,self-supervised,064b3f10ed62f79169a48d6e8a0db69493c668625208312873a3e7a630c5c16c,237.33210759700796,solver-window-front-phase2,3.5940669591072947,3.2684195830952376,1.4239642089232802,1.9706953313187336,252.39908689851592,10.000000000009095,0.19243631158300428,0.7024654580745846,2.627593775091645,10.0,0.631786264771365,70.0,3801.7648481983133,2232.0350077937746,5bea0f2a1a0f8859fae10f0677c4124e757b551e54e1576787804c52f37e14c2,46f012dc3d975f8e,234.83210759700796,239.83210759700796,active,9.131386874942109
e257283f3ddc7bd5,front,log-0072_184,1,10.0,self-supervised,064b3f10ed62f79169a48d6e8a0db69493c668625208312873a3e7a630c5c16c,237.33210759700796,solver-window-front-phase2,3.3386197090148926,3.0800893341656774,1.4592722500674427,2.2192471608014754,239.97429046529138,10.000000000009095,0.3792787294633422,0.7234782502055168,2.9589962144019677,10.0,0.6326425757835246,70.0,3801.7648481983133,2232.0350077937746,5bea0f2a1a0f8859fae10f0677c4124e757b551e54e1576787804c52f37e14c2,6ab75782962d3e78,232.33210759700796,242.33210759700796,active,8.701439040945843
7905d1c4243e7155,front,log-0072_184,1,20.0,self-supervised,064b3f10ed62f79169a48d6e8a0db69493c668625208312873a3e7a630c5c16c,237.33210759700796,solver-window-front-phase2,3.5298228750471026,3.4280010838992894,1.3574554999358952,2.041502263103957,237.55412585586097,10.000000000009095,0.2444220818100411,0.7306779169011861,2.7220030174719434,10.0,0.6333276245932523,70.0,3801.7648481983133,2232.0350077937746,5bea0f2a1a0f8859fae10f0677c4124e757b551e54e1576787804c52f37e14c2,55f6536d8e1e68c3,227.33210759700796,247.33210759700796,active,9.113338750088587
99d37ab16c783444,front,log-0072_184,1,40.0,self-supervised,064b3f10ed62f79169a48d6e8a0db69493c668625208312873a3e7a630c5c16c,237.33210759700796,solver-window-front-phase2,4.0049762080889195,4.5983215409796685,1.4271915000863373,2.913741088582892,234.41976682026257,10.000000000009095,0.410535195132727,0.7632130419369787,3.8849881181105226,10.0,0.63401267340298,70.0,3801.7648481983133,2232.0350077937746,5bea0f2a1a0f8859fae10f0677c4124e757b551e54e1576787804c52f37e14c2,94d5b8eb82809bd7,217.33210759700796,257.33210759700796,active,10.888405208941549
c7d3d35322dd8342,front,log-0072_184,1,120.0,self-supervised,064b3f10ed62f79169a48d6e8a0db69493c668625208312873a3e7a630c5c16c,237.33210759700796,solver-window-front-phase2,8.041193125071004,8.356803499860689,1.4303460838273168,3.1181112981308003,233.79374979992207,10.000000000009095,0.4666086379233913,0.7125318748876452,4.157481730841067,10.0,0.633841411200548,70.0,3801.7648481983133,2232.0350077937746,5bea0f2a1a0f8859fae10f0677c4124e757b551e54e1576787804c52f37e14c2,84f6b423f963c67e,177.33210759700796,297.33210759700796,active,18.609905500197783
bea304869258e0bd,front,log-0072_184,2,5.0,self-supervised,064b3f10ed62f79169a48d6e8a0db69493c668625208312873a3e7a630c5c16c,130.60898324468954,solver-window-front-phase2,4.294920207932591,4.210665666963905,1.474742833059281,1.6622465690680412,249.7858203192465,10.000000000009095,0.15444097083719074,0.7213077500928193,2.2163287587573883,10.0,0.6263058742935435,70.0,3801.7648481983133,2232.0350077937746,5bea0f2a1a0f8859fae10f0677c4124e757b551e54e1576787804c52f37e14c2,c280854fc37cb1ef,128.10898324468954,133.10898324468954,active,10.78253462491557
fff07b9939337c99,front,log-0072_184,2,10.0,self-supervised,064b3f10ed62f79169a48d6e8a0db69493c668625208312873a3e7a630c5c16c,130.60898324468954,solver-window-front-phase2,3.448855583090335,4.175087082898244,1.7520012080203742,2.980834429368859,236.6845299337503,10.000000000009095,0.3408804338602919,0.7981298340018839,3.974445905825146,10.0,0.6331563623908203,70.0,3801.7648481983133,2232.0350077937746,5bea0f2a1a0f8859fae10f0677c4124e757b551e54e1576787804c52f37e14c2,fad5185103fdfeac,125.60898324468954,135.60898324468954,active,10.249934667022899
897d2d5f8303d750,front,log-0072_184,2,20.0,self-supervised,064b3f10ed62f79169a48d6e8a0db69493c668625208312873a3e7a630c5c16c,130.60898324468954,solver-window-front-phase2,9.859197083860636,11.751336417160928,1.5722813750617206,3.554100591805677,243.279103790687,10.000000000009095,0.598598944741044,0.7709392919205129,4.7388007890742365,10.0,0.609350916252783,70.0,3801.7648481983133,2232.0350077937746,5bea0f2a1a0f8859fae10f0677c4124e757b551e54e1576787804c52f37e14c2,eaca2f5a6efa4e05,120.60898324468954,140.60898324468954,active,24.025545916054398
aa2bafd300c3fe8d,front,log-0072_184,2,40.0,self-supervised,064b3f10ed62f79169a48d6e8a0db69493c668625208312873a3e7a630c5c16c,130.60898324468954,solver-window-front-phase2,9.56658162502572,12.178900332888588,1.4421631668228656,3.618255749071742,238.69263864594168,10.000000000009095,0.5398511988464201,0.7377991669345647,4.824340998762322,10.0,0.6139749957184449,70.0,3801.7648481983133,2232.0350077937746,5bea0f2a1a0f8859fae10f0677c4124e757b551e54e1576787804c52f37e14c2,b231202126383183,110.60898324468954,150.60898324468954,active,23.994743541115895
301fc2738fd76818,front,log-0072_184,2,120.0,self-supervised,064b3f10ed62f79169a48d6e8a0db69493c668625208312873a3e7a630c5c16c,130.60898324468954,solver-window-front-phase2,9.347612457815558,12.261231707874686,1.4539772500284016,3.5976378395604995,239.73756613611565,10.000000000009095,0.5441622704050139,0.7376333749853075,4.796850452747333,10.0,0.6129474225038534,70.0,3801.7648481983133,2232.0350077937746,5bea0f2a1a0f8859fae10f0677c4124e757b551e54e1576787804c52f37e14c2,2d578852a523259e,70.60898324468954,190.60898324468954,active,23.862403500126675
1b0db49ec92edbd8,front,log-0072_184,3,5.0,self-supervised,064b3f10ed62f79169a48d6e8a0db69493c668625208312873a3e7a630c5c16c,102.73105794623922,solver-window-front-phase2,3.976269041886553,3.312919083982706,1.4307637079618871,2.657360988956102,236.7530905731174,10.000000000009095,0.4698139081338019,0.7104849999304861,3.5431479852748025,10.0,0.6333276245932523,70.0,3801.7648481983133,2232.0350077937746,5bea0f2a1a0f8859fae10f0677c4124e757b551e54e1576787804c52f37e14c2,5368c8e1f6373442,100.23105794623922,105.23105794623922,active,9.497923417016864
67e693eb62b5660a,front,log-0072_184,3,10.0,self-supervised,064b3f10ed62f79169a48d6e8a0db69493c668625208312873a3e7a630c5c16c,102.73105794623922,solver-window-front-phase2,3.2747063329443336,3.5256257080473006,1.4676670841872692,2.7422532728282936,235.5102104075856,10.000000000009095,0.4673354220105835,0.7532933331094682,3.6563376971043913,10.0,0.63401267340298,70.0,3801.7648481983133,2232.0350077937746,5bea0f2a1a0f8859fae10f0677c4124e757b551e54e1576787804c52f37e14c2,c5700933339a79ce,97.73105794623922,107.73105794623922,active,9.089796625077724
e083a8f61918f167,front,log-0072_184,3,20.0,self-supervised,064b3f10ed62f79169a48d6e8a0db69493c668625208312873a3e7a630c5c16c,102.73105794623922,solver-window-front-phase2,7.896780707873404,10.663299415959045,1.458877915982157,3.888227192393196,232.58715195597813,10.000000000009095,0.5153908074864026,0.7200380000285804,5.184302923190929,10.0,0.631615002568933,70.0,3801.7648481983133,2232.0350077937746,5bea0f2a1a0f8859fae10f0677c4124e757b551e54e1576787804c52f37e14c2,323a6872e97ca76a,92.73105794623922,112.73105794623922,active,20.81315250019543
43eaf2f395519c49,front,log-0072_184,3,40.0,self-supervised,064b3f10ed62f79169a48d6e8a0db69493c668625208312873a3e7a630c5c16c,102.73105794623922,solver-window-front-phase2,8.118390709161758,11.162495292024687,1.5115835000760853,3.955873974352548,232.69430758781195,10.000000000009095,0.5324122382220139,0.7450708330143243,5.274498632470063,10.0,0.6304161671519096,70.0,3801.7648481983133,2232.0350077937746,5bea0f2a1a0f8859fae10f0677c4124e757b551e54e1576787804c52f37e14c2,f11585043d2be4dc,82.73105794623922,122.73105794623922,active,21.611010958906263
938b80ecd4bab0e9,front,log-0072_184,3,120.0,self-supervised,064b3f10ed62f79169a48d6e8a0db69493c668625208312873a3e7a630c5c16c,102.73105794623922,solver-window-front-phase2,9.15936820814386,11.542845958145335,1.5261941670905799,3.8738609903574996,249.27423469925316,10.000000000009095,0.6570718194877405,0.7492246248293668,5.165147987143333,10.0,0.607124507621168,70.0,3801.7648481983133,2232.0350077937746,5bea0f2a1a0f8859fae10f0677c4124e757b551e54e1576787804c52f37e14c2,8c3b28981248318e,42.73105794623922,162.73105794623922,active,23.055621417006478
60f178755a029c88,front,log-0073_185,0,5.0,self-supervised,33b2e0a0f11f6b2646c050308eabe5457c4ba091e3c3f93d2b169b40d855ac84,101.86962699781165,solver-window-front-phase2,2.1987836249172688,2.2089293329045177,0.6981297919992357,2.2301756119135723,168.55756976788223,10.000000000009095,0.2449099722371052,0.3688855411019176,2.9735674825514296,10.0,0.5038343558282209,57.0,3042.354434872114,1704.9221004183062,5bea0f2a1a0f8859fae10f0677c4124e757b551e54e1576787804c52f37e14c2,0ecef3606c3dc635,99.36962699781165,104.36962699781165,active,5.586475332966074
7b32954ef5ce8267,front,log-0073_185,0,10.0,self-supervised,33b2e0a0f11f6b2646c050308eabe5457c4ba091e3c3f93d2b169b40d855ac84,101.86962699781165,solver-window-front-phase2,2.0871011668350548,2.1092529580928385,0.7009772909805179,2.4930155229781503,167.58959894293164,10.000000000009095,0.23671752586495262,0.36623483314178884,3.3240206973042006,10.0,0.5199386503067485,57.0,3042.354434872114,1704.9221004183062,5bea0f2a1a0f8859fae10f0677c4124e757b551e54e1576787804c52f37e14c2,2e28c853459a1256,96.86962699781165,106.86962699781165,active,5.358996832976118
7dbbaa2c82b8811d,front,log-0073_185,0,20.0,self-supervised,33b2e0a0f11f6b2646c050308eabe5457c4ba091e3c3f93d2b169b40d855ac84,101.86962699781165,solver-window-front-phase2,2.897668750025332,2.919999707955867,0.7042702499311417,2.6910095560932232,165.84660694257514,10.000000000009095,0.2654732357274989,0.36605562502518296,3.588012741457631,10.0,0.5237730061349694,57.0,3042.354434872114,1704.9221004183062,5bea0f2a1a0f8859fae10f0677c4124e757b551e54e1576787804c52f37e14c2,622d92e86d6c75f7,91.86962699781165,111.86962699781165,active,6.981065874919295
acc15691ac31697b,front,log-0073_185,0,40.0,self-supervised,33b2e0a0f11f6b2646c050308eabe5457c4ba091e3c3f93d2b169b40d855ac84,101.86962699781165,solver-window-front-phase2,5.366875957930461,5.333781332941726,0.7022016660775989,3.847141481855517,189.86682891896996,10.000000000009095,0.6935599387113514,0.3674784160684794,5.129521975807355,10.0,0.516359918200409,57.0,3042.354434872114,1704.9221004183062,5bea0f2a1a0f8859fae10f0677c4124e757b551e54e1576787804c52f37e14c2,e0022fe93d1c1ce5,81.86962699781165,121.86962699781165,active,11.863990207901224
ee7806c98ac3ac0e,front,log-0073_185,0,120.0,self-supervised,33b2e0a0f11f6b2646c050308eabe5457c4ba091e3c3f93d2b169b40d855ac84,101.86962699781165,solver-window-front-phase2,4.217229999834672,3.4376096669584513,0.6894156669732183,2.36286928327738,182.60952674448143,10.000000000009095,0.5925039901124812,0.3684771249536425,3.150492377703173,10.0,0.4815950920245399,57.0,3042.354434872114,1704.9221004183062,5bea0f2a1a0f8859fae10f0677c4124e757b551e54e1576787804c52f37e14c2,9d971878b07c0d63,41.86962699781165,161.86962699781165,active,8.80551016703248
18fa771054299daa,front,log-0073_185,1,5.0,self-supervised,33b2e0a0f11f6b2646c050308eabe5457c4ba091e3c3f93d2b169b40d855ac84,181.73142242656007,solver-window-front-phase2,8.040738417068496,7.604219624772668,0.9676168330479413,3.550040415127091,224.37087349258712,10.000000000009095,1.5982862713919788,0.4843795830383897,4.733387220169454,10.0,0.488241308793456,57.0,3042.354434872114,1704.9221004183062,5bea0f2a1a0f8859fae10f0677c4124e757b551e54e1576787804c52f37e14c2,3b9b4520611bec8b,179.23142242656007,184.23142242656007,active,17.195281042018905
23feced9bd851cc2,front,log-0073_185,1,10.0,self-supervised,33b2e0a0f11f6b2646c050308eabe5457c4ba091e3c3f93d2b169b40d855ac84,181.73142242656007,solver-window-front-phase2,7.488703374983743,7.203486749902368,1.0690093338489532,2.271978146652237,170.28368528491114,10.000000000009095,0.2868474896508171,0.4816126248333603,3.029304195536316,10.0,0.5117586912065439,57.0,3042.354434872114,1704.9221004183062,5bea0f2a1a0f8859fae10f0677c4124e757b551e54e1576787804c52f37e14c2,2ea0128756591335,176.73142242656007,186.73142242656007,active,16.332346000010148
9372dda31d84c8f8,front,log-0073_185,1,20.0,self-supervised,33b2e0a0f11f6b2646c050308eabe5457c4ba091e3c3f93d2b169b40d855ac84,181.73142242656007,solver-window-front-phase2,7.120219000149518,7.118090833071619,0.9398330000694841,2.0969463227539107,167.9617259427072,10.000000000009095,0.23570219774202344,0.47990570799447596,2.795928430338548,10.0,0.5132924335378323,57.0,3042.354434872114,1704.9221004183062,5bea0f2a1a0f8859fae10f0677c4124e757b551e54e1576787804c52f37e14c2,e6a150d54863ddb4,171.73142242656007,191.73142242656007,active,15.745695415884256
3f187fae234f1969,front,log-0073_185,1,40.0,self-supervised,33b2e0a0f11f6b2646c050308eabe5457c4ba091e3c3f93d2b169b40d855ac84,181.73142242656007,solver-window-front-phase2,2.7989838749635965,3.1077525408472866,0.8918528750073165,1.5679933494090506,260.499201671796,10.000000000009095,0.08915010022866098,0.47772895894013345,2.0906577992120674,10.0,0.46267893660531695,57.0,3042.354434872114,1704.9221004183062,5bea0f2a1a0f8859fae10f0677c4124e757b551e54e1576787804c52f37e14c2,619dc996ff389f6e,161.73142242656007,201.73142242656007,active,7.341637959005311
d08f961d26bbcf97,front,log-0073_185,1,120.0,self-supervised,33b2e0a0f11f6b2646c050308eabe5457c4ba091e3c3f93d2b169b40d855ac84,181.73142242656007,solver-window-front-phase2,8.128631082829088,7.223449500044808,0.920616416959092,3.3811454220889967,197.4080404721008,10.000000000009095,0.7507701890898629,0.461399459047243,4.508193896118663,10.0,0.5145705521472392,57.0,3042.354434872114,1704.9221004183062,5bea0f2a1a0f8859fae10f0677c4124e757b551e54e1576787804c52f37e14c2,a05c4a906e82ad57,121.73142242656007,241.73142242656007,active,16.790399875026196
dbac1b3ac17b7b50,front,log-0073_185,2,5.0,self-supervised,33b2e0a0f11f6b2646c050308eabe5457c4ba091e3c3f93d2b169b40d855ac84,164.10054920572347,solver-window-front-phase2,6.682880833046511,6.576382082886994,0.9067947079893202,2.659348286542594,166.92655025283875,10.000000000009095,0.2652695559726881,0.4624028750695288,3.5457977153901257,10.0,0.5199386503067485,57.0,3042.354434872114,1704.9221004183062,5bea0f2a1a0f8859fae10f0677c4124e757b551e54e1576787804c52f37e14c2,e63f191f6976b5d5,161.60054920572347,166.60054920572347,active,14.687017583055422
a5c1735eaf40cef6,front,log-0073_185,2,10.0,self-supervised,33b2e0a0f11f6b2646c050308eabe5457c4ba091e3c3f93d2b169b40d855ac84,164.10054920572347,solver-window-front-phase2,7.2514867500867695,7.589297125115991,0.9277092921547592,2.781544916208707,173.1827982866288,10.000000000009095,0.4205008437947574,0.46902974997647107,3.7087265549449424,10.0,0.5150817995910021,57.0,3042.354434872114,1704.9221004183062,5bea0f2a1a0f8859fae10f0677c4124e757b551e54e1576787804c52f37e14c2,05a4959efed9e484,159.10054920572347,169.10054920572347,active,16.296166707994416
caee57a078c95764,front,log-0073_185,2,20.0,self-supervised,33b2e0a0f11f6b2646c050308eabe5457c4ba091e3c3f93d2b169b40d855ac84,164.10054920572347,solver-window-front-phase2,3.3902920838445425,3.1589405830018222,0.8473694999702275,1.861538524720996,194.85432157963038,10.000000000009095,0.10436828775081189,0.43870224989950657,2.4820513662946615,10.0,0.4736707566462168,57.0,3042.354434872114,1704.9221004183062,5bea0f2a1a0f8859fae10f0677c4124e757b551e54e1576787804c52f37e14c2,759c5b44ead70ef6,154.10054920572347,174.10054920572347,active,7.890008833957836
fa37002d1881c040,front,log-0073_185,2,40.0,self-supervised,33b2e0a0f11f6b2646c050308eabe5457c4ba091e3c3f93d2b169b40d855ac84,164.10054920572347,solver-window-front-phase2,3.0016845408827066,2.884275957942009,0.8381181249860674,1.2801514447439937,451.66041573237607,10.000000000009095,0.06543467996034895,0.438999833073467,1.7068685929919916,10.0,0.4143660531697341,57.0,3042.354434872114,1704.9221004183062,5bea0f2a1a0f8859fae10f0677c4124e757b551e54e1576787804c52f37e14c2,52211743901c1a97,144.10054920572347,184.10054920572347,active,7.216707332991064
6d67f242a9c8e527,front,log-0073_185,2,120.0,self-supervised,33b2e0a0f11f6b2646c050308eabe5457c4ba091e3c3f93d2b169b40d855ac84,164.10054920572347,solver-window-front-phase2,6.787036333000287,7.049313666997477,0.8309517500456423,3.166995352752801,179.11545629253027,10.000000000009095,0.6464655639221909,0.41967416694387794,4.222660470337069,10.0,0.5120143149284253,57.0,3042.354434872114,1704.9221004183062,5bea0f2a1a0f8859fae10f0677c4124e757b551e54e1576787804c52f37e14c2,63c0376ce3d57f49,104.10054920572347,224.10054920572347,active,15.147642124909908
5e444d43ad74b553,front,log-0073_185,3,5.0,self-supervised,33b2e0a0f11f6b2646c050308eabe5457c4ba091e3c3f93d2b169b40d855ac84,214.6095884688634,solver-window-front-phase2,3.2479197499342263,3.1620703330263495,0.8423315419349819,2.673144787082097,168.494645929645,10.000000000009095,0.2763809226918496,0.42923400015570223,3.5641930494427956,10.0,0.526840490797546,57.0,3042.354434872114,1704.9221004183062,5bea0f2a1a0f8859fae10f0677c4124e757b551e54e1576787804c52f37e14c2,b0d98d5f2b71c604,212.1095884688634,217.1095884688634,active,7.7342599590774626
dc2a5792e8ac8c78,front,log-0073_185,3,10.0,self-supervised,33b2e0a0f11f6b2646c050308eabe5457c4ba091e3c3f93d2b169b40d855ac84,214.6095884688634,solver-window-front-phase2,3.2749312079977244,3.212143916869536,0.827745582908392,2.5953807846775256,169.17635676570706,10.000000000009095,0.27391057896054904,0.42006304184906185,3.4605077129033677,10.0,0.5265848670756647,57.0,3042.354434872114,1704.9221004183062,5bea0f2a1a0f8859fae10f0677c4124e757b551e54e1576787804c52f37e14c2,5b0fdf3cd39bdc99,209.6095884688634,219.6095884688634,active,7.785494917072356
6c2e814d214ff914,front,log-0073_185,3,20.0,self-supervised,33b2e0a0f11f6b2646c050308eabe5457c4ba091e3c3f93d2b169b40d855ac84,214.6095884688634,solver-window-front-phase2,3.3937735420186073,3.8959879998583347,0.8478310839273036,2.7080473667799323,167.020937666761,10.000000000009095,0.2750800388813284,0.422694459091872,3.610729822373243,10.0,0.5265848670756647,57.0,3042.354434872114,1704.9221004183062,5bea0f2a1a0f8859fae10f0677c4124e757b551e54e1576787804c52f37e14c2,af7efb36b849ae7a,204.6095884688634,224.6095884688634,active,8.604699416086078
de4917cdca96a214,front,log-0073_185,3,40.0,self-supervised,33b2e0a0f11f6b2646c050308eabe5457c4ba091e3c3f93d2b169b40d855ac84,214.6095884688634,solver-window-front-phase2,3.1574746251571923,2.9890888340305537,0.8363352918531746,2.1556742596790386,171.39383126719966,10.000000000009095,0.2399348596211567,0.41937779099680483,2.8742323462387187,10.0,0.49821063394683024,57.0,3042.354434872114,1704.9221004183062,5bea0f2a1a0f8859fae10f0677c4124e757b551e54e1576787804c52f37e14c2,64dabe204981c9fa,194.6095884688634,234.6095884688634,active,7.454114542109892
42f0bdb936383e9b,front,log-0073_185,3,120.0,self-supervised,33b2e0a0f11f6b2646c050308eabe5457c4ba091e3c3f93d2b169b40d855ac84,214.6095884688634,solver-window-front-phase2,2.7315160408616066,2.204512208001688,0.9002393749542534,2.610780550202173,227.47658200990037,10.000000000009095,0.11394173839857392,0.4292742498219013,3.4810407336028972,10.0,0.5135480572597138,57.0,3042.354434872114,1704.9221004183062,5bea0f2a1a0f8859fae10f0677c4124e757b551e54e1576787804c52f37e14c2,d6fe1b24c4e35b8b,154.6095884688634,274.6095884688634,active,6.3079241251107305
