centering,section,log,comparison,metric,value
uncentered,summary,log-0046,,samples,61344.0
uncentered,summary,log-0046,,dt_ms,9.999999999990905
uncentered,summary,log-0046,,total_s,613.4399999994421
uncentered,summary,log-0046,,active_s,375.9099999996581
uncentered,summary,log-0046,,active_pct,61.27901669274909
uncentered,summary,log-0048,,samples,108107.0
uncentered,summary,log-0048,,dt_ms,9.999999999990905
uncentered,summary,log-0048,,total_s,1081.0699999990168
uncentered,summary,log-0048,,active_s,335.73999999969465
uncentered,summary,log-0048,,active_pct,31.05626832675035
uncentered,summary,log-0049,,samples,44189.0
uncentered,summary,log-0049,,dt_ms,9.999999999990905
uncentered,summary,log-0049,,total_s,441.8899999995981
uncentered,summary,log-0049,,active_s,176.73999999983926
uncentered,summary,log-0049,,active_pct,39.99637918939103
uncentered,summary,log-0054,,samples,111816.0
uncentered,summary,log-0054,,dt_ms,9.999999999990905
uncentered,summary,log-0054,,total_s,1118.159999998983
uncentered,summary,log-0054,,active_s,670.0299999993906
uncentered,summary,log-0054,,active_pct,59.922551334334976
uncentered,summary,log-0055,,samples,43808.0
uncentered,summary,log-0055,,dt_ms,9.999999999990905
uncentered,summary,log-0055,,total_s,438.07999999960157
uncentered,summary,log-0055,,active_s,225.70999999979472
uncentered,summary,log-0055,,active_pct,51.52255295836377
uncentered,summary,log-0056,,samples,61448.0
uncentered,summary,log-0056,,dt_ms,9.999999999990905
uncentered,summary,log-0056,,total_s,614.4799999994411
uncentered,summary,log-0056,,active_s,273.4299999997513
uncentered,summary,log-0056,,active_pct,44.49778674651738
uncentered,summary,log-0058,,samples,44381.0
uncentered,summary,log-0058,,dt_ms,9.999999999990905
uncentered,summary,log-0058,,total_s,443.80999999959636
uncentered,summary,log-0058,,active_s,388.82999999964636
uncentered,summary,log-0058,,active_pct,87.61181586715037
uncentered,summary,log-0063,,samples,40781.0
uncentered,summary,log-0063,,dt_ms,9.999999999990905
uncentered,summary,log-0063,,total_s,407.8099999996291
uncentered,summary,log-0063,,active_s,103.51999999990585
uncentered,summary,log-0063,,active_pct,25.384370172384198
uncentered,summary,log-0071_183,,samples,65908.0
uncentered,summary,log-0071_183,,dt_ms,9.999999999990905
uncentered,summary,log-0071_183,,total_s,659.0799999994006
uncentered,summary,log-0071_183,,active_s,416.1799999996215
uncentered,summary,log-0071_183,,active_pct,63.145596892638224
uncentered,summary,log-0072_184,,samples,58385.0
uncentered,summary,log-0072_184,,dt_ms,9.999999999990905
uncentered,summary,log-0072_184,,total_s,583.849999999469
uncentered,summary,log-0072_184,,active_s,328.70999999970104
uncentered,summary,log-0072_184,,active_pct,56.300419628329195
uncentered,summary,log-0073_185,,samples,39115.0
uncentered,summary,log-0073_185,,dt_ms,9.999999999990905
uncentered,summary,log-0073_185,,total_s,391.14999999964425
uncentered,summary,log-0073_185,,active_s,287.36999999973864
uncentered,summary,log-0073_185,,active_pct,73.46797903617538
uncentered,summary,log-0078-valid,,samples,22949.0
uncentered,summary,log-0078-valid,,dt_ms,9.99999999999801
uncentered,summary,log-0078-valid,,total_s,229.48999999995434
uncentered,summary,log-0078-valid,,active_s,132.5799999999736
uncentered,summary,log-0078-valid,,active_pct,57.77158046102226
uncentered,summary,log-0079,,samples,46824.0
uncentered,summary,log-0079,,dt_ms,9.999999999990905
uncentered,summary,log-0079,,total_s,468.23999999957414
uncentered,summary,log-0079,,active_s,240.63999999978114
uncentered,summary,log-0079,,active_pct,51.39244831710234
uncentered,summary,log-0080-valid,,samples,64718.0
uncentered,summary,log-0080-valid,,dt_ms,9.999999999990905
uncentered,summary,log-0080-valid,,total_s,647.1799999994114
uncentered,summary,log-0080-valid,,active_s,325.15999999970427
uncentered,summary,log-0080-valid,,active_pct,50.242590932970735
uncentered,summary,log-0081,,samples,113665.0
uncentered,summary,log-0081,,dt_ms,9.999999999990905
uncentered,summary,log-0081,,total_s,1136.6499999989662
uncentered,summary,log-0081,,active_s,735.519999999331
uncentered,summary,log-0081,,active_pct,64.70945321778912
uncentered,summary,log103,,samples,72985.0
uncentered,summary,log103,,dt_ms,9.999999999990905
uncentered,summary,log103,,total_s,729.8499999993362
uncentered,summary,log103,,active_s,396.85999999963906
uncentered,summary,log103,,active_pct,54.37555662122354
uncentered,summary,log104,,samples,59770.0
uncentered,summary,log104,,dt_ms,9.999999999990905
uncentered,summary,log104,,total_s,597.6999999994564
uncentered,summary,log104,,active_s,398.1599999996379
uncentered,summary,log104,,active_pct,66.61535887569015
uncentered,summary,log106,,samples,19535.0
uncentered,summary,log106,,dt_ms,9.99999999999801
uncentered,summary,log106,,total_s,195.34999999996114
uncentered,summary,log106,,active_s,155.51999999996906
uncentered,summary,log106,,active_pct,79.61095469669823
uncentered,summary,log107,,samples,25307.0
uncentered,summary,log107,,dt_ms,9.99999999999801
uncentered,summary,log107,,total_s,253.06999999994966
uncentered,summary,log107,,active_s,167.4099999999667
uncentered,summary,log107,,active_pct,66.15165764413007
uncentered,summary,log109,,samples,21587.0
uncentered,summary,log109,,dt_ms,9.99999999999801
uncentered,summary,log109,,total_s,215.86999999995706
uncentered,summary,log109,,active_s,181.60999999996386
uncentered,summary,log109,,active_pct,84.12933710103303
uncentered,summary,log110,,samples,21450.0
uncentered,summary,log110,,dt_ms,9.99999999999801
uncentered,summary,log110,,total_s,214.4999999999573
uncentered,summary,log110,,active_s,171.4999999999659
uncentered,summary,log110,,active_pct,79.95337995337995
uncentered,summary,log112,,samples,63277.0
uncentered,summary,log112,,dt_ms,9.999999999990905
uncentered,summary,log112,,total_s,632.7699999994245
uncentered,summary,log112,,active_s,330.65999999969927
uncentered,summary,log112,,active_pct,52.25595398011916
uncentered,summary,log-0098,,samples,36717.0
uncentered,summary,log-0098,,dt_ms,9.999999999990905
uncentered,summary,log-0098,,total_s,367.16999999966606
uncentered,summary,log-0098,,active_s,224.15999999979613
uncentered,summary,log-0098,,active_pct,61.05073943949669
uncentered,summary,log-0099,,samples,65579.0
uncentered,summary,log-0099,,dt_ms,9.999999999990905
uncentered,summary,log-0099,,total_s,655.7899999994036
uncentered,summary,log-0099,,active_s,634.1699999994232
uncentered,summary,log-0099,,active_pct,96.70321291876974
uncentered,summary,log-0113,,samples,29498.0
uncentered,summary,log-0113,,dt_ms,9.99999999999801
uncentered,summary,log-0113,,total_s,294.9799999999413
uncentered,summary,log-0113,,active_s,232.50999999995375
uncentered,summary,log-0113,,active_pct,78.82229303681606
uncentered,summary,log-0115,,samples,18835.0
uncentered,summary,log-0115,,dt_ms,9.99999999999801
uncentered,summary,log-0115,,total_s,188.34999999996253
uncentered,summary,log-0115,,active_s,171.26999999996593
uncentered,summary,log-0115,,active_pct,90.93177594903106
uncentered,summary,log-0116,,samples,27283.0
uncentered,summary,log-0116,,dt_ms,9.99999999999801
uncentered,summary,log-0116,,total_s,272.8299999999457
uncentered,summary,log-0116,,active_s,175.909999999965
uncentered,summary,log-0116,,active_pct,64.4760473554961
uncentered,summary,log-0117,,samples,14148.0
uncentered,summary,log-0117,,dt_ms,9.999999999999787
uncentered,summary,log-0117,,total_s,141.47999999999698
uncentered,summary,log-0117,,active_s,122.92999999999738
uncentered,summary,log-0117,,active_pct,86.88860616341533
uncentered,summary,log-0118,,samples,16328.0
uncentered,summary,log-0118,,dt_ms,9.999999999999787
uncentered,summary,log-0118,,total_s,163.2799999999965
uncentered,summary,log-0118,,active_s,110.29999999999765
uncentered,summary,log-0118,,active_pct,67.55267025967663
uncentered,summary,log-0119,,samples,19584.0
uncentered,summary,log-0119,,dt_ms,9.99999999999801
uncentered,summary,log-0119,,total_s,195.83999999996104
uncentered,summary,log-0119,,active_s,138.50999999997245
uncentered,summary,log-0119,,active_pct,70.72610294117646
uncentered,summary,log-0120,,samples,6011.0
uncentered,summary,log-0120,,dt_ms,9.99999999999801
uncentered,summary,log-0120,,total_s,60.10999999998804
uncentered,summary,log-0120,,active_s,49.729999999990106
uncentered,summary,log-0120,,active_pct,82.7316586258526
uncentered,summary,log-0122,,samples,43803.0
uncentered,summary,log-0122,,dt_ms,9.999999999990905
uncentered,summary,log-0122,,total_s,438.0299999996016
uncentered,summary,log-0122,,active_s,317.6699999997111
uncentered,summary,log-0122,,active_pct,72.52242997054996
uncentered,summary,log-0125,,samples,24913.0
uncentered,summary,log-0125,,dt_ms,9.99999999999801
uncentered,summary,log-0125,,total_s,249.12999999995043
uncentered,summary,log-0125,,active_s,187.65999999996268
uncentered,summary,log-0125,,active_pct,75.3261349496247
uncentered,summary,log-0126,,samples,14241.0
uncentered,summary,log-0126,,dt_ms,9.999999999999787
uncentered,summary,log-0126,,total_s,142.40999999999696
uncentered,summary,log-0126,,active_s,51.6299999999989
uncentered,summary,log-0126,,active_pct,36.25447651148094
uncentered,summary,log-0127,,samples,26922.0
uncentered,summary,log-0127,,dt_ms,9.99999999999801
uncentered,summary,log-0127,,total_s,269.2199999999464
uncentered,summary,log-0127,,active_s,102.14999999997968
uncentered,summary,log-0127,,active_pct,37.942946289280144
uncentered,summary,log-0129,,samples,77819.0
uncentered,summary,log-0129,,dt_ms,9.999999999990905
uncentered,summary,log-0129,,total_s,778.1899999992922
uncentered,summary,log-0129,,active_s,409.5499999996275
uncentered,summary,log-0129,,active_pct,52.628535447641326
uncentered,summary,log-0132,,samples,34660.0
uncentered,summary,log-0132,,dt_ms,9.999999999990905
uncentered,summary,log-0132,,total_s,346.59999999968477
uncentered,summary,log-0132,,active_s,266.6099999997575
uncentered,summary,log-0132,,active_pct,76.92152336987883
uncentered,summary,log-0133,,samples,10539.0
uncentered,summary,log-0133,,dt_ms,9.999999999999787
uncentered,summary,log-0133,,total_s,105.38999999999776
uncentered,summary,log-0133,,active_s,93.849999999998
uncentered,summary,log-0133,,active_pct,89.0501945156087
uncentered,summary,log-0145-filtered-c01,,samples,39029.0
uncentered,summary,log-0145-filtered-c01,,dt_ms,9.999999999990905
uncentered,summary,log-0145-filtered-c01,,total_s,390.28999999964503
uncentered,summary,log-0145-filtered-c01,,active_s,349.45999999968217
uncentered,summary,log-0145-filtered-c01,,active_pct,89.5385482589869
uncentered,summary,log-0147-filtered-c01,,samples,20838.0
uncentered,summary,log-0147-filtered-c01,,dt_ms,9.99999999999801
uncentered,summary,log-0147-filtered-c01,,total_s,208.37999999995856
uncentered,summary,log-0147-filtered-c01,,active_s,82.02999999998369
uncentered,summary,log-0147-filtered-c01,,active_pct,39.365582109607445
uncentered,summary,log-0147-filtered-c02,,samples,38239.0
uncentered,summary,log-0147-filtered-c02,,dt_ms,9.999999999990905
uncentered,summary,log-0147-filtered-c02,,total_s,382.3899999996522
uncentered,summary,log-0147-filtered-c02,,active_s,320.56999999970844
uncentered,summary,log-0147-filtered-c02,,active_pct,83.83325923795078
uncentered,summary,log-0151-filtered-c01,,samples,9991.0
uncentered,summary,log-0151-filtered-c01,,dt_ms,10.000000000005116
uncentered,summary,log-0151-filtered-c01,,total_s,99.91000000005111
uncentered,summary,log-0151-filtered-c01,,active_s,86.55000000004428
uncentered,summary,log-0151-filtered-c01,,active_pct,86.62796516865178
uncentered,summary,log-0152-filtered-c01,,samples,16176.0
uncentered,summary,log-0152-filtered-c01,,dt_ms,9.999999999999787
uncentered,summary,log-0152-filtered-c01,,total_s,161.75999999999655
uncentered,summary,log-0152-filtered-c01,,active_s,150.0699999999968
uncentered,summary,log-0152-filtered-c01,,active_pct,92.77324431256183
uncentered,summary,log-0152-filtered-c02,,samples,10216.0
uncentered,summary,log-0152-filtered-c02,,dt_ms,9.999999999990905
uncentered,summary,log-0152-filtered-c02,,total_s,102.15999999990709
uncentered,summary,log-0152-filtered-c02,,active_s,92.56999999991581
uncentered,summary,log-0152-filtered-c02,,active_pct,90.61276429130776
uncentered,summary,log-0155-filtered-c01,,samples,14580.0
uncentered,summary,log-0155-filtered-c01,,dt_ms,9.999999999999787
uncentered,summary,log-0155-filtered-c01,,total_s,145.79999999999688
uncentered,summary,log-0155-filtered-c01,,active_s,133.19999999999715
uncentered,summary,log-0155-filtered-c01,,active_pct,91.35802469135801
uncentered,error,log-0046,travel/mag_model,t,375.0
uncentered,error,log-0046,travel/mag_model,rmse,16.83650007589962
uncentered,error,log-0046,travel/mag_model,nrmse,0.8308827011045752
uncentered,error,log-0046,travel/mag_model,bin_rmse,18.627153334370323
uncentered,error,log-0046,travel/mag_model,mae,16.44755433847555
uncentered,error,log-0046,travel/mag_model,me,-16.446758800736923
uncentered,error,log-0046,travel/mag_model,rms_travel,20.263389830498557
uncentered,error,log-0048,travel/mag_model,t,335.0
uncentered,error,log-0048,travel/mag_model,rmse,4.431090238454103
uncentered,error,log-0048,travel/mag_model,nrmse,0.19980204509387697
uncentered,error,log-0048,travel/mag_model,bin_rmse,5.833426940427883
uncentered,error,log-0048,travel/mag_model,mae,3.4383936781165096
uncentered,error,log-0048,travel/mag_model,me,-2.403613004665654
uncentered,error,log-0048,travel/mag_model,rms_travel,22.17740181974692
uncentered,error,log-0049,travel/mag_model,t,176.0
uncentered,error,log-0049,travel/mag_model,rmse,21.06113083410788
uncentered,error,log-0049,travel/mag_model,nrmse,0.9588060254951747
uncentered,error,log-0049,travel/mag_model,bin_rmse,21.784400053550772
uncentered,error,log-0049,travel/mag_model,mae,20.797796629689447
uncentered,error,log-0049,travel/mag_model,me,-20.794360270063496
uncentered,error,log-0049,travel/mag_model,rms_travel,21.965997578322344
uncentered,error,log-0054,travel/mag_model,t,670.0
uncentered,error,log-0054,travel/mag_model,rmse,6.641110758290937
uncentered,error,log-0054,travel/mag_model,nrmse,0.3781115553364042
uncentered,error,log-0054,travel/mag_model,bin_rmse,7.545112347622423
uncentered,error,log-0054,travel/mag_model,mae,5.47335968517767
uncentered,error,log-0054,travel/mag_model,me,-5.373692848436857
uncentered,error,log-0054,travel/mag_model,rms_travel,17.56389262523958
uncentered,error,log-0055,travel/mag_model,t,225.0
uncentered,error,log-0055,travel/mag_model,rmse,4.385060103510681
uncentered,error,log-0055,travel/mag_model,nrmse,0.1897944023088531
uncentered,error,log-0055,travel/mag_model,bin_rmse,4.5562964943482225
uncentered,error,log-0055,travel/mag_model,mae,2.9540585010411835
uncentered,error,log-0055,travel/mag_model,me,-0.5394016053835236
uncentered,error,log-0055,travel/mag_model,rms_travel,23.10426466832703
uncentered,error,log-0056,travel/mag_model,t,273.0
uncentered,error,log-0056,travel/mag_model,rmse,7.16263375363613
uncentered,error,log-0056,travel/mag_model,nrmse,0.32261017874229264
uncentered,error,log-0056,travel/mag_model,bin_rmse,7.093294428043094
uncentered,error,log-0056,travel/mag_model,mae,6.333143890242221
uncentered,error,log-0056,travel/mag_model,me,6.010406357733888
uncentered,error,log-0056,travel/mag_model,rms_travel,22.202131940039568
uncentered,error,log-0058,travel/mag_model,t,388.0
uncentered,error,log-0058,travel/mag_model,rmse,4.393319260519095
uncentered,error,log-0058,travel/mag_model,nrmse,0.19040281290889113
uncentered,error,log-0058,travel/mag_model,bin_rmse,4.877153181995177
uncentered,error,log-0058,travel/mag_model,mae,2.990461190947232
uncentered,error,log-0058,travel/mag_model,me,1.4932707541172585
uncentered,error,log-0058,travel/mag_model,rms_travel,23.073814894853072
uncentered,error,log-0063,travel/mag_model,t,103.0
uncentered,error,log-0063,travel/mag_model,rmse,18.36022676505502
uncentered,error,log-0063,travel/mag_model,nrmse,0.7070747116098098
uncentered,error,log-0063,travel/mag_model,bin_rmse,19.0506241539921
uncentered,error,log-0063,travel/mag_model,mae,17.968243956772458
uncentered,error,log-0063,travel/mag_model,me,-17.96609639386536
uncentered,error,log-0063,travel/mag_model,rms_travel,25.966459362199448
uncentered,error,log-0071_183,travel/mag_model,t,416.0
uncentered,error,log-0071_183,travel/mag_model,rmse,6.04626222803483
uncentered,error,log-0071_183,travel/mag_model,nrmse,0.28314193112156033
uncentered,error,log-0071_183,travel/mag_model,bin_rmse,6.252660798047714
uncentered,error,log-0071_183,travel/mag_model,mae,5.491027281612459
uncentered,error,log-0071_183,travel/mag_model,me,5.247239322784903
uncentered,error,log-0071_183,travel/mag_model,rms_travel,21.354174579811737
uncentered,error,log-0072_184,travel/mag_model,t,328.0
uncentered,error,log-0072_184,travel/mag_model,rmse,6.160622354984492
uncentered,error,log-0072_184,travel/mag_model,nrmse,0.295263416281387
uncentered,error,log-0072_184,travel/mag_model,bin_rmse,7.022916838854009
uncentered,error,log-0072_184,travel/mag_model,mae,4.7784581009607985
uncentered,error,log-0072_184,travel/mag_model,me,-4.514035688288444
uncentered,error,log-0072_184,travel/mag_model,rms_travel,20.864834636721124
uncentered,error,log-0073_185,travel/mag_model,t,287.0
uncentered,error,log-0073_185,travel/mag_model,rmse,20.836866953713976
uncentered,error,log-0073_185,travel/mag_model,nrmse,1.0789633801308676
uncentered,error,log-0073_185,travel/mag_model,bin_rmse,21.827727528830263
uncentered,error,log-0073_185,travel/mag_model,mae,20.41322023900588
uncentered,error,log-0073_185,travel/mag_model,me,-20.413081450450974
uncentered,error,log-0073_185,travel/mag_model,rms_travel,19.311931560815967
uncentered,error,log-0078-valid,travel/mag_model,t,132.0
uncentered,error,log-0078-valid,travel/mag_model,rmse,9.405211513463986
uncentered,error,log-0078-valid,travel/mag_model,nrmse,0.3307366329586467
uncentered,error,log-0078-valid,travel/mag_model,bin_rmse,8.987363639600725
uncentered,error,log-0078-valid,travel/mag_model,mae,7.58109191304282
uncentered,error,log-0078-valid,travel/mag_model,me,3.1006812834092607
uncentered,error,log-0078-valid,travel/mag_model,rms_travel,28.437162915182597
uncentered,error,log-0079,travel/mag_model,t,240.0
uncentered,error,log-0079,travel/mag_model,rmse,36.876741057212485
uncentered,error,log-0079,travel/mag_model,nrmse,1.4368583953290603
uncentered,error,log-0079,travel/mag_model,bin_rmse,37.57881508611994
uncentered,error,log-0079,travel/mag_model,mae,36.25637363454667
uncentered,error,log-0079,travel/mag_model,me,-36.25637363454667
uncentered,error,log-0079,travel/mag_model,rms_travel,25.664840165942174
uncentered,error,log-0080-valid,travel/mag_model,t,325.0
uncentered,error,log-0080-valid,travel/mag_model,rmse,40.99758808247952
uncentered,error,log-0080-valid,travel/mag_model,nrmse,1.421774049471564
uncentered,error,log-0080-valid,travel/mag_model,bin_rmse,40.26163929994744
uncentered,error,log-0080-valid,travel/mag_model,mae,40.17425388062114
uncentered,error,log-0080-valid,travel/mag_model,me,39.514526694147044
uncentered,error,log-0080-valid,travel/mag_model,rms_travel,28.83551581048848
uncentered,error,log-0081,travel/mag_model,t,735.0
uncentered,error,log-0081,travel/mag_model,rmse,17.91611771568126
uncentered,error,log-0081,travel/mag_model,nrmse,0.8551810218525048
uncentered,error,log-0081,travel/mag_model,bin_rmse,16.05960825853302
uncentered,error,log-0081,travel/mag_model,mae,12.43737404947398
uncentered,error,log-0081,travel/mag_model,me,-12.109543024670481
uncentered,error,log-0081,travel/mag_model,rms_travel,20.950088060737272
uncentered,error,log103,travel/mag_model,t,396.0
uncentered,error,log103,travel/mag_model,rmse,33.12360241665619
uncentered,error,log103,travel/mag_model,nrmse,1.4639140404326303
uncentered,error,log103,travel/mag_model,bin_rmse,32.7156352928927
uncentered,error,log103,travel/mag_model,mae,32.452778749062226
uncentered,error,log103,travel/mag_model,me,-32.378794161396236
uncentered,error,log103,travel/mag_model,rms_travel,22.626740028306017
uncentered,error,log104,travel/mag_model,t,398.0
uncentered,error,log104,travel/mag_model,rmse,32.079636743394396
uncentered,error,log104,travel/mag_model,nrmse,1.486165214012882
uncentered,error,log104,travel/mag_model,bin_rmse,32.6760691403152
uncentered,error,log104,travel/mag_model,mae,31.42765836413051
uncentered,error,log104,travel/mag_model,me,-31.238214262212324
uncentered,error,log104,travel/mag_model,rms_travel,21.58551178625308
uncentered,error,log106,travel/mag_model,t,155.0
uncentered,error,log106,travel/mag_model,rmse,17.66680744817238
uncentered,error,log106,travel/mag_model,nrmse,0.7789609293917162
uncentered,error,log106,travel/mag_model,bin_rmse,18.165006770430246
uncentered,error,log106,travel/mag_model,mae,17.21139741914675
uncentered,error,log106,travel/mag_model,me,-17.189580740511893
uncentered,error,log106,travel/mag_model,rms_travel,22.679966069631035
uncentered,error,log107,travel/mag_model,t,167.0
uncentered,error,log107,travel/mag_model,rmse,19.645625388595725
uncentered,error,log107,travel/mag_model,nrmse,0.9044555328601062
uncentered,error,log107,travel/mag_model,bin_rmse,19.36161885347632
uncentered,error,log107,travel/mag_model,mae,19.27048515041537
uncentered,error,log107,travel/mag_model,me,-19.26492917514152
uncentered,error,log107,travel/mag_model,rms_travel,21.720941135128587
uncentered,error,log109,travel/mag_model,t,181.0
uncentered,error,log109,travel/mag_model,rmse,24.145494032380785
uncentered,error,log109,travel/mag_model,nrmse,1.0952572081290308
uncentered,error,log109,travel/mag_model,bin_rmse,23.286582126471984
uncentered,error,log109,travel/mag_model,mae,23.720962040250573
uncentered,error,log109,travel/mag_model,me,-23.720962040250573
uncentered,error,log109,travel/mag_model,rms_travel,22.0455011418069
uncentered,error,log110,travel/mag_model,t,171.0
uncentered,error,log110,travel/mag_model,rmse,23.542658726007723
uncentered,error,log110,travel/mag_model,nrmse,1.1049800945199422
uncentered,error,log110,travel/mag_model,bin_rmse,23.78325955538811
uncentered,error,log110,travel/mag_model,mae,22.91218796526936
uncentered,error,log110,travel/mag_model,me,-22.91029482805236
uncentered,error,log110,travel/mag_model,rms_travel,21.305957313408268
uncentered,error,log112,travel/mag_model,t,330.0
uncentered,error,log112,travel/mag_model,rmse,18.398053116869534
uncentered,error,log112,travel/mag_model,nrmse,0.8023061420572057
uncentered,error,log112,travel/mag_model,bin_rmse,19.05146049115335
uncentered,error,log112,travel/mag_model,mae,17.676575441828085
uncentered,error,log112,travel/mag_model,me,-17.41974997065789
uncentered,error,log112,travel/mag_model,rms_travel,22.931462383791303
uncentered,error,log-0098,travel/mag_model,t,224.0
uncentered,error,log-0098,travel/mag_model,rmse,10.144600611427851
uncentered,error,log-0098,travel/mag_model,nrmse,0.38199464260619626
uncentered,error,log-0098,travel/mag_model,bin_rmse,9.434187547364624
uncentered,error,log-0098,travel/mag_model,mae,7.319995396482779
uncentered,error,log-0098,travel/mag_model,me,1.3103654511760088
uncentered,error,log-0098,travel/mag_model,rms_travel,26.5569185531381
uncentered,error,log-0099,travel/mag_model,t,634.0
uncentered,error,log-0099,travel/mag_model,rmse,26.538987756270924
uncentered,error,log-0099,travel/mag_model,nrmse,1.3313319286145557
uncentered,error,log-0099,travel/mag_model,bin_rmse,26.01232888796809
uncentered,error,log-0099,travel/mag_model,mae,23.213652350347196
uncentered,error,log-0099,travel/mag_model,me,-23.20438699214271
uncentered,error,log-0099,travel/mag_model,rms_travel,19.9341630632179
uncentered,error,log-0113,travel/mag_model,t,232.0
uncentered,error,log-0113,travel/mag_model,rmse,10.933326936711824
uncentered,error,log-0113,travel/mag_model,nrmse,0.41425587123040725
uncentered,error,log-0113,travel/mag_model,bin_rmse,13.219084758449453
uncentered,error,log-0113,travel/mag_model,mae,8.90244855867104
uncentered,error,log-0113,travel/mag_model,me,-8.29271922673491
uncentered,error,log-0113,travel/mag_model,rms_travel,26.39269035400287
uncentered,error,log-0115,travel/mag_model,t,171.0
uncentered,error,log-0115,travel/mag_model,rmse,25.180340634955066
uncentered,error,log-0115,travel/mag_model,nrmse,1.066289187089854
uncentered,error,log-0115,travel/mag_model,bin_rmse,28.74635334873672
uncentered,error,log-0115,travel/mag_model,mae,24.138082778244286
uncentered,error,log-0115,travel/mag_model,me,-24.13611533995356
uncentered,error,log-0115,travel/mag_model,rms_travel,23.61492636315477
uncentered,error,log-0116,travel/mag_model,t,175.0
uncentered,error,log-0116,travel/mag_model,rmse,8.776747028068753
uncentered,error,log-0116,travel/mag_model,nrmse,0.285144646465543
uncentered,error,log-0116,travel/mag_model,bin_rmse,9.218165709900639
uncentered,error,log-0116,travel/mag_model,mae,5.72687767305127
uncentered,error,log-0116,travel/mag_model,me,-4.567254630645108
uncentered,error,log-0116,travel/mag_model,rms_travel,30.779981798218113
uncentered,error,log-0117,travel/mag_model,t,122.0
uncentered,error,log-0117,travel/mag_model,rmse,6.582262235381833
uncentered,error,log-0117,travel/mag_model,nrmse,0.25440626962383805
uncentered,error,log-0117,travel/mag_model,bin_rmse,8.065772878514858
uncentered,error,log-0117,travel/mag_model,mae,4.501774366901173
uncentered,error,log-0117,travel/mag_model,me,-3.9750700671607166
uncentered,error,log-0117,travel/mag_model,rms_travel,25.87303467447671
uncentered,error,log-0118,travel/mag_model,t,110.0
uncentered,error,log-0118,travel/mag_model,rmse,15.086335985904098
uncentered,error,log-0118,travel/mag_model,nrmse,0.41434780262219295
uncentered,error,log-0118,travel/mag_model,bin_rmse,15.994431904893116
uncentered,error,log-0118,travel/mag_model,mae,13.65406001170139
uncentered,error,log-0118,travel/mag_model,me,-13.508615149146731
uncentered,error,log-0118,travel/mag_model,rms_travel,36.409837075110524
uncentered,error,log-0119,travel/mag_model,t,138.0
uncentered,error,log-0119,travel/mag_model,rmse,6.885784565093189
uncentered,error,log-0119,travel/mag_model,nrmse,0.1935039031867586
uncentered,error,log-0119,travel/mag_model,bin_rmse,6.967158721696791
uncentered,error,log-0119,travel/mag_model,mae,5.226870617120334
uncentered,error,log-0119,travel/mag_model,me,0.7722810373843945
uncentered,error,log-0119,travel/mag_model,rms_travel,35.58473215109999
uncentered,error,log-0120,travel/mag_model,t,49.0
uncentered,error,log-0120,travel/mag_model,rmse,20.119651700092703
uncentered,error,log-0120,travel/mag_model,nrmse,0.5921525446721417
uncentered,error,log-0120,travel/mag_model,bin_rmse,20.682503076201524
uncentered,error,log-0120,travel/mag_model,mae,18.723439464463226
uncentered,error,log-0120,travel/mag_model,me,-18.685871272909303
uncentered,error,log-0120,travel/mag_model,rms_travel,33.977143020186446
uncentered,error,log-0122,travel/mag_model,t,317.0
uncentered,error,log-0122,travel/mag_model,rmse,23.337569070362292
uncentered,error,log-0122,travel/mag_model,nrmse,0.7254526385809015
uncentered,error,log-0122,travel/mag_model,bin_rmse,24.460325705485946
uncentered,error,log-0122,travel/mag_model,mae,20.807260270532947
uncentered,error,log-0122,travel/mag_model,me,-20.802808847903567
uncentered,error,log-0122,travel/mag_model,rms_travel,32.16966598400444
uncentered,error,log-0125,travel/mag_model,t,187.0
uncentered,error,log-0125,travel/mag_model,rmse,29.997714543710483
uncentered,error,log-0125,travel/mag_model,nrmse,0.9158651500131736
uncentered,error,log-0125,travel/mag_model,bin_rmse,31.142056914494344
uncentered,error,log-0125,travel/mag_model,mae,28.88090938459308
uncentered,error,log-0125,travel/mag_model,me,-28.88090938459308
uncentered,error,log-0125,travel/mag_model,rms_travel,32.75341849537457
uncentered,error,log-0126,travel/mag_model,t,51.0
uncentered,error,log-0126,travel/mag_model,rmse,27.010000893787495
uncentered,error,log-0126,travel/mag_model,nrmse,0.7430584006240403
uncentered,error,log-0126,travel/mag_model,bin_rmse,28.60408590339273
uncentered,error,log-0126,travel/mag_model,mae,25.996362847810914
uncentered,error,log-0126,travel/mag_model,me,-25.98886496304664
uncentered,error,log-0126,travel/mag_model,rms_travel,36.34976856610971
uncentered,error,log-0127,travel/mag_model,t,102.0
uncentered,error,log-0127,travel/mag_model,rmse,10.139533161834052
uncentered,error,log-0127,travel/mag_model,nrmse,0.28992963565491076
uncentered,error,log-0127,travel/mag_model,bin_rmse,9.63213442355567
uncentered,error,log-0127,travel/mag_model,mae,8.218225757572824
uncentered,error,log-0127,travel/mag_model,me,6.559124142376588
uncentered,error,log-0127,travel/mag_model,rms_travel,34.972393004703555
uncentered,error,log-0129,travel/mag_model,t,409.0
uncentered,error,log-0129,travel/mag_model,rmse,27.88669891770574
uncentered,error,log-0129,travel/mag_model,nrmse,0.8826249242027423
uncentered,error,log-0129,travel/mag_model,bin_rmse,27.40926146548049
uncentered,error,log-0129,travel/mag_model,mae,27.182628558569036
uncentered,error,log-0129,travel/mag_model,me,26.419944827597348
uncentered,error,log-0129,travel/mag_model,rms_travel,31.59518630509471
uncentered,error,log-0132,travel/mag_model,t,266.0
uncentered,error,log-0132,travel/mag_model,rmse,19.514932854156584
uncentered,error,log-0132,travel/mag_model,nrmse,0.5896847766121122
uncentered,error,log-0132,travel/mag_model,bin_rmse,20.39385834322134
uncentered,error,log-0132,travel/mag_model,mae,16.138815900965337
uncentered,error,log-0132,travel/mag_model,me,-16.11989644319147
uncentered,error,log-0132,travel/mag_model,rms_travel,33.09383865439904
uncentered,error,log-0133,travel/mag_model,t,93.0
uncentered,error,log-0133,travel/mag_model,rmse,13.463972837174888
uncentered,error,log-0133,travel/mag_model,nrmse,0.45434504087893235
uncentered,error,log-0133,travel/mag_model,bin_rmse,14.833091038556594
uncentered,error,log-0133,travel/mag_model,mae,11.767057417071495
uncentered,error,log-0133,travel/mag_model,me,-11.652549667572535
uncentered,error,log-0133,travel/mag_model,rms_travel,29.633806085191942
uncentered,error,log-0145-filtered-c01,travel/mag_model,t,349.0
uncentered,error,log-0145-filtered-c01,travel/mag_model,rmse,9.89220525028343
uncentered,error,log-0145-filtered-c01,travel/mag_model,nrmse,0.5485221088830535
uncentered,error,log-0145-filtered-c01,travel/mag_model,bin_rmse,8.095918594018105
uncentered,error,log-0145-filtered-c01,travel/mag_model,mae,5.9107519862591955
uncentered,error,log-0145-filtered-c01,travel/mag_model,me,-4.3055084658326805
uncentered,error,log-0145-filtered-c01,travel/mag_model,rms_travel,18.034287205718588
uncentered,error,log-0147-filtered-c01,travel/mag_model,t,82.0
uncentered,error,log-0147-filtered-c01,travel/mag_model,rmse,35.34675570403858
uncentered,error,log-0147-filtered-c01,travel/mag_model,nrmse,2.1491085780352237
uncentered,error,log-0147-filtered-c01,travel/mag_model,bin_rmse,35.57375298208065
uncentered,error,log-0147-filtered-c01,travel/mag_model,mae,34.84853841672811
uncentered,error,log-0147-filtered-c01,travel/mag_model,me,-34.820349726826464
uncentered,error,log-0147-filtered-c01,travel/mag_model,rms_travel,16.447170731761535
uncentered,error,log-0147-filtered-c02,travel/mag_model,t,320.0
uncentered,error,log-0147-filtered-c02,travel/mag_model,rmse,29.192906370125485
uncentered,error,log-0147-filtered-c02,travel/mag_model,nrmse,1.6684250647555388
uncentered,error,log-0147-filtered-c02,travel/mag_model,bin_rmse,35.31991179368646
uncentered,error,log-0147-filtered-c02,travel/mag_model,mae,27.732534767926612
uncentered,error,log-0147-filtered-c02,travel/mag_model,me,26.086927928389898
uncentered,error,log-0147-filtered-c02,travel/mag_model,rms_travel,17.497283508146584
uncentered,error,log-0151-filtered-c01,travel/mag_model,t,86.0
uncentered,error,log-0151-filtered-c01,travel/mag_model,rmse,11.388156647351423
uncentered,error,log-0151-filtered-c01,travel/mag_model,nrmse,0.5754338906407176
uncentered,error,log-0151-filtered-c01,travel/mag_model,bin_rmse,10.255716095133012
uncentered,error,log-0151-filtered-c01,travel/mag_model,mae,6.926690461102607
uncentered,error,log-0151-filtered-c01,travel/mag_model,me,-5.981000774639726
uncentered,error,log-0151-filtered-c01,travel/mag_model,rms_travel,19.790556017948933
uncentered,error,log-0152-filtered-c01,travel/mag_model,t,150.0
uncentered,error,log-0152-filtered-c01,travel/mag_model,rmse,22.08289831080595
uncentered,error,log-0152-filtered-c01,travel/mag_model,nrmse,1.1975427985849878
uncentered,error,log-0152-filtered-c01,travel/mag_model,bin_rmse,24.908501024063067
uncentered,error,log-0152-filtered-c01,travel/mag_model,mae,21.56123719353195
uncentered,error,log-0152-filtered-c01,travel/mag_model,me,-21.51489175651881
uncentered,error,log-0152-filtered-c01,travel/mag_model,rms_travel,18.44017461162893
uncentered,error,log-0152-filtered-c02,travel/mag_model,t,92.0
uncentered,error,log-0152-filtered-c02,travel/mag_model,rmse,33.236171491986475
uncentered,error,log-0152-filtered-c02,travel/mag_model,nrmse,2.3275597635528915
uncentered,error,log-0152-filtered-c02,travel/mag_model,bin_rmse,32.513392116206084
uncentered,error,log-0152-filtered-c02,travel/mag_model,mae,32.712556510288714
uncentered,error,log-0152-filtered-c02,travel/mag_model,me,-32.67994952635157
uncentered,error,log-0152-filtered-c02,travel/mag_model,rms_travel,14.279406274515285
uncentered,error,log-0155-filtered-c01,travel/mag_model,t,133.0
uncentered,error,log-0155-filtered-c01,travel/mag_model,rmse,36.7104463631502
uncentered,error,log-0155-filtered-c01,travel/mag_model,nrmse,1.3721088375421475
uncentered,error,log-0155-filtered-c01,travel/mag_model,bin_rmse,38.83194165318435
uncentered,error,log-0155-filtered-c01,travel/mag_model,mae,36.331819913820716
uncentered,error,log-0155-filtered-c01,travel/mag_model,me,-36.328937014582955
uncentered,error,log-0155-filtered-c01,travel/mag_model,rms_travel,26.75476271176087
uncentered,error,log-0046,travel/mag_model/adj,t,375.0
uncentered,error,log-0046,travel/mag_model/adj,rmse,16.83650007589962
uncentered,error,log-0046,travel/mag_model/adj,nrmse,0.8308827011045752
uncentered,error,log-0046,travel/mag_model/adj,bin_rmse,18.627153334370323
uncentered,error,log-0046,travel/mag_model/adj,mae,16.44755433847555
uncentered,error,log-0046,travel/mag_model/adj,me,-16.446758800736923
uncentered,error,log-0046,travel/mag_model/adj,rms_travel,20.263389830498557
uncentered,error,log-0048,travel/mag_model/adj,t,335.0
uncentered,error,log-0048,travel/mag_model/adj,rmse,4.431090238454103
uncentered,error,log-0048,travel/mag_model/adj,nrmse,0.19980204509387697
uncentered,error,log-0048,travel/mag_model/adj,bin_rmse,5.833426940427883
uncentered,error,log-0048,travel/mag_model/adj,mae,3.4383936781165096
uncentered,error,log-0048,travel/mag_model/adj,me,-2.403613004665654
uncentered,error,log-0048,travel/mag_model/adj,rms_travel,22.17740181974692
uncentered,error,log-0049,travel/mag_model/adj,t,176.0
uncentered,error,log-0049,travel/mag_model/adj,rmse,21.06113083410788
uncentered,error,log-0049,travel/mag_model/adj,nrmse,0.9588060254951747
uncentered,error,log-0049,travel/mag_model/adj,bin_rmse,21.784400053550772
uncentered,error,log-0049,travel/mag_model/adj,mae,20.797796629689447
uncentered,error,log-0049,travel/mag_model/adj,me,-20.794360270063496
uncentered,error,log-0049,travel/mag_model/adj,rms_travel,21.965997578322344
uncentered,error,log-0054,travel/mag_model/adj,t,670.0
uncentered,error,log-0054,travel/mag_model/adj,rmse,6.641110758290937
uncentered,error,log-0054,travel/mag_model/adj,nrmse,0.3781115553364042
uncentered,error,log-0054,travel/mag_model/adj,bin_rmse,7.545112347622423
uncentered,error,log-0054,travel/mag_model/adj,mae,5.47335968517767
uncentered,error,log-0054,travel/mag_model/adj,me,-5.373692848436857
uncentered,error,log-0054,travel/mag_model/adj,rms_travel,17.56389262523958
uncentered,error,log-0055,travel/mag_model/adj,t,225.0
uncentered,error,log-0055,travel/mag_model/adj,rmse,4.385060103510681
uncentered,error,log-0055,travel/mag_model/adj,nrmse,0.1897944023088531
uncentered,error,log-0055,travel/mag_model/adj,bin_rmse,4.5562964943482225
uncentered,error,log-0055,travel/mag_model/adj,mae,2.9540585010411835
uncentered,error,log-0055,travel/mag_model/adj,me,-0.5394016053835236
uncentered,error,log-0055,travel/mag_model/adj,rms_travel,23.10426466832703
uncentered,error,log-0056,travel/mag_model/adj,t,273.0
uncentered,error,log-0056,travel/mag_model/adj,rmse,7.16263375363613
uncentered,error,log-0056,travel/mag_model/adj,nrmse,0.32261017874229264
uncentered,error,log-0056,travel/mag_model/adj,bin_rmse,7.093294428043094
uncentered,error,log-0056,travel/mag_model/adj,mae,6.333143890242221
uncentered,error,log-0056,travel/mag_model/adj,me,6.010406357733888
uncentered,error,log-0056,travel/mag_model/adj,rms_travel,22.202131940039568
uncentered,error,log-0058,travel/mag_model/adj,t,388.0
uncentered,error,log-0058,travel/mag_model/adj,rmse,4.393319260519095
uncentered,error,log-0058,travel/mag_model/adj,nrmse,0.19040281290889113
uncentered,error,log-0058,travel/mag_model/adj,bin_rmse,4.877153181995177
uncentered,error,log-0058,travel/mag_model/adj,mae,2.990461190947232
uncentered,error,log-0058,travel/mag_model/adj,me,1.4932707541172585
uncentered,error,log-0058,travel/mag_model/adj,rms_travel,23.073814894853072
uncentered,error,log-0063,travel/mag_model/adj,t,103.0
uncentered,error,log-0063,travel/mag_model/adj,rmse,18.36022676505502
uncentered,error,log-0063,travel/mag_model/adj,nrmse,0.7070747116098098
uncentered,error,log-0063,travel/mag_model/adj,bin_rmse,19.0506241539921
uncentered,error,log-0063,travel/mag_model/adj,mae,17.968243956772458
uncentered,error,log-0063,travel/mag_model/adj,me,-17.96609639386536
uncentered,error,log-0063,travel/mag_model/adj,rms_travel,25.966459362199448
uncentered,error,log-0071_183,travel/mag_model/adj,t,416.0
uncentered,error,log-0071_183,travel/mag_model/adj,rmse,6.04626222803483
uncentered,error,log-0071_183,travel/mag_model/adj,nrmse,0.28314193112156033
uncentered,error,log-0071_183,travel/mag_model/adj,bin_rmse,6.252660798047714
uncentered,error,log-0071_183,travel/mag_model/adj,mae,5.491027281612459
uncentered,error,log-0071_183,travel/mag_model/adj,me,5.247239322784903
uncentered,error,log-0071_183,travel/mag_model/adj,rms_travel,21.354174579811737
uncentered,error,log-0072_184,travel/mag_model/adj,t,328.0
uncentered,error,log-0072_184,travel/mag_model/adj,rmse,6.160622354984492
uncentered,error,log-0072_184,travel/mag_model/adj,nrmse,0.295263416281387
uncentered,error,log-0072_184,travel/mag_model/adj,bin_rmse,7.022916838854009
uncentered,error,log-0072_184,travel/mag_model/adj,mae,4.7784581009607985
uncentered,error,log-0072_184,travel/mag_model/adj,me,-4.514035688288444
uncentered,error,log-0072_184,travel/mag_model/adj,rms_travel,20.864834636721124
uncentered,error,log-0073_185,travel/mag_model/adj,t,287.0
uncentered,error,log-0073_185,travel/mag_model/adj,rmse,20.836866953713976
uncentered,error,log-0073_185,travel/mag_model/adj,nrmse,1.0789633801308676
uncentered,error,log-0073_185,travel/mag_model/adj,bin_rmse,21.827727528830263
uncentered,error,log-0073_185,travel/mag_model/adj,mae,20.41322023900588
uncentered,error,log-0073_185,travel/mag_model/adj,me,-20.413081450450974
uncentered,error,log-0073_185,travel/mag_model/adj,rms_travel,19.311931560815967
uncentered,error,log-0078-valid,travel/mag_model/adj,t,132.0
uncentered,error,log-0078-valid,travel/mag_model/adj,rmse,9.405211513463986
uncentered,error,log-0078-valid,travel/mag_model/adj,nrmse,0.3307366329586467
uncentered,error,log-0078-valid,travel/mag_model/adj,bin_rmse,8.987363639600725
uncentered,error,log-0078-valid,travel/mag_model/adj,mae,7.58109191304282
uncentered,error,log-0078-valid,travel/mag_model/adj,me,3.1006812834092607
uncentered,error,log-0078-valid,travel/mag_model/adj,rms_travel,28.437162915182597
uncentered,error,log-0079,travel/mag_model/adj,t,240.0
uncentered,error,log-0079,travel/mag_model/adj,rmse,36.876741057212485
uncentered,error,log-0079,travel/mag_model/adj,nrmse,1.4368583953290603
uncentered,error,log-0079,travel/mag_model/adj,bin_rmse,37.57881508611994
uncentered,error,log-0079,travel/mag_model/adj,mae,36.25637363454667
uncentered,error,log-0079,travel/mag_model/adj,me,-36.25637363454667
uncentered,error,log-0079,travel/mag_model/adj,rms_travel,25.664840165942174
uncentered,error,log-0080-valid,travel/mag_model/adj,t,325.0
uncentered,error,log-0080-valid,travel/mag_model/adj,rmse,40.99758808247952
uncentered,error,log-0080-valid,travel/mag_model/adj,nrmse,1.421774049471564
uncentered,error,log-0080-valid,travel/mag_model/adj,bin_rmse,40.26163929994744
uncentered,error,log-0080-valid,travel/mag_model/adj,mae,40.17425388062114
uncentered,error,log-0080-valid,travel/mag_model/adj,me,39.514526694147044
uncentered,error,log-0080-valid,travel/mag_model/adj,rms_travel,28.83551581048848
uncentered,error,log-0081,travel/mag_model/adj,t,735.0
uncentered,error,log-0081,travel/mag_model/adj,rmse,17.91611771568126
uncentered,error,log-0081,travel/mag_model/adj,nrmse,0.8551810218525048
uncentered,error,log-0081,travel/mag_model/adj,bin_rmse,16.05960825853302
uncentered,error,log-0081,travel/mag_model/adj,mae,12.43737404947398
uncentered,error,log-0081,travel/mag_model/adj,me,-12.109543024670481
uncentered,error,log-0081,travel/mag_model/adj,rms_travel,20.950088060737272
uncentered,error,log103,travel/mag_model/adj,t,396.0
uncentered,error,log103,travel/mag_model/adj,rmse,33.12360241665619
uncentered,error,log103,travel/mag_model/adj,nrmse,1.4639140404326303
uncentered,error,log103,travel/mag_model/adj,bin_rmse,32.7156352928927
uncentered,error,log103,travel/mag_model/adj,mae,32.452778749062226
uncentered,error,log103,travel/mag_model/adj,me,-32.378794161396236
uncentered,error,log103,travel/mag_model/adj,rms_travel,22.626740028306017
uncentered,error,log104,travel/mag_model/adj,t,398.0
uncentered,error,log104,travel/mag_model/adj,rmse,32.079636743394396
uncentered,error,log104,travel/mag_model/adj,nrmse,1.486165214012882
uncentered,error,log104,travel/mag_model/adj,bin_rmse,32.6760691403152
uncentered,error,log104,travel/mag_model/adj,mae,31.42765836413051
uncentered,error,log104,travel/mag_model/adj,me,-31.238214262212324
uncentered,error,log104,travel/mag_model/adj,rms_travel,21.58551178625308
uncentered,error,log106,travel/mag_model/adj,t,155.0
uncentered,error,log106,travel/mag_model/adj,rmse,17.66680744817238
uncentered,error,log106,travel/mag_model/adj,nrmse,0.7789609293917162
uncentered,error,log106,travel/mag_model/adj,bin_rmse,18.165006770430246
uncentered,error,log106,travel/mag_model/adj,mae,17.21139741914675
uncentered,error,log106,travel/mag_model/adj,me,-17.189580740511893
uncentered,error,log106,travel/mag_model/adj,rms_travel,22.679966069631035
uncentered,error,log107,travel/mag_model/adj,t,167.0
uncentered,error,log107,travel/mag_model/adj,rmse,19.645625388595725
uncentered,error,log107,travel/mag_model/adj,nrmse,0.9044555328601062
uncentered,error,log107,travel/mag_model/adj,bin_rmse,19.36161885347632
uncentered,error,log107,travel/mag_model/adj,mae,19.27048515041537
uncentered,error,log107,travel/mag_model/adj,me,-19.26492917514152
uncentered,error,log107,travel/mag_model/adj,rms_travel,21.720941135128587
uncentered,error,log109,travel/mag_model/adj,t,181.0
uncentered,error,log109,travel/mag_model/adj,rmse,24.145494032380785
uncentered,error,log109,travel/mag_model/adj,nrmse,1.0952572081290308
uncentered,error,log109,travel/mag_model/adj,bin_rmse,23.286582126471984
uncentered,error,log109,travel/mag_model/adj,mae,23.720962040250573
uncentered,error,log109,travel/mag_model/adj,me,-23.720962040250573
uncentered,error,log109,travel/mag_model/adj,rms_travel,22.0455011418069
uncentered,error,log110,travel/mag_model/adj,t,171.0
uncentered,error,log110,travel/mag_model/adj,rmse,23.542658726007723
uncentered,error,log110,travel/mag_model/adj,nrmse,1.1049800945199422
uncentered,error,log110,travel/mag_model/adj,bin_rmse,23.78325955538811
uncentered,error,log110,travel/mag_model/adj,mae,22.91218796526936
uncentered,error,log110,travel/mag_model/adj,me,-22.91029482805236
uncentered,error,log110,travel/mag_model/adj,rms_travel,21.305957313408268
uncentered,error,log112,travel/mag_model/adj,t,330.0
uncentered,error,log112,travel/mag_model/adj,rmse,18.398053116869534
uncentered,error,log112,travel/mag_model/adj,nrmse,0.8023061420572057
uncentered,error,log112,travel/mag_model/adj,bin_rmse,19.05146049115335
uncentered,error,log112,travel/mag_model/adj,mae,17.676575441828085
uncentered,error,log112,travel/mag_model/adj,me,-17.41974997065789
uncentered,error,log112,travel/mag_model/adj,rms_travel,22.931462383791303
uncentered,error,log-0098,travel/mag_model/adj,t,224.0
uncentered,error,log-0098,travel/mag_model/adj,rmse,10.144600611427851
uncentered,error,log-0098,travel/mag_model/adj,nrmse,0.38199464260619626
uncentered,error,log-0098,travel/mag_model/adj,bin_rmse,9.434187547364624
uncentered,error,log-0098,travel/mag_model/adj,mae,7.319995396482779
uncentered,error,log-0098,travel/mag_model/adj,me,1.3103654511760088
uncentered,error,log-0098,travel/mag_model/adj,rms_travel,26.5569185531381
uncentered,error,log-0099,travel/mag_model/adj,t,634.0
uncentered,error,log-0099,travel/mag_model/adj,rmse,26.538987756270924
uncentered,error,log-0099,travel/mag_model/adj,nrmse,1.3313319286145557
uncentered,error,log-0099,travel/mag_model/adj,bin_rmse,26.01232888796809
uncentered,error,log-0099,travel/mag_model/adj,mae,23.213652350347196
uncentered,error,log-0099,travel/mag_model/adj,me,-23.20438699214271
uncentered,error,log-0099,travel/mag_model/adj,rms_travel,19.9341630632179
uncentered,error,log-0113,travel/mag_model/adj,t,232.0
uncentered,error,log-0113,travel/mag_model/adj,rmse,10.933326936711824
uncentered,error,log-0113,travel/mag_model/adj,nrmse,0.41425587123040725
uncentered,error,log-0113,travel/mag_model/adj,bin_rmse,13.219084758449453
uncentered,error,log-0113,travel/mag_model/adj,mae,8.90244855867104
uncentered,error,log-0113,travel/mag_model/adj,me,-8.29271922673491
uncentered,error,log-0113,travel/mag_model/adj,rms_travel,26.39269035400287
uncentered,error,log-0115,travel/mag_model/adj,t,171.0
uncentered,error,log-0115,travel/mag_model/adj,rmse,25.180340634955066
uncentered,error,log-0115,travel/mag_model/adj,nrmse,1.066289187089854
uncentered,error,log-0115,travel/mag_model/adj,bin_rmse,28.74635334873672
uncentered,error,log-0115,travel/mag_model/adj,mae,24.138082778244286
uncentered,error,log-0115,travel/mag_model/adj,me,-24.13611533995356
uncentered,error,log-0115,travel/mag_model/adj,rms_travel,23.61492636315477
uncentered,error,log-0116,travel/mag_model/adj,t,175.0
uncentered,error,log-0116,travel/mag_model/adj,rmse,8.776747028068753
uncentered,error,log-0116,travel/mag_model/adj,nrmse,0.285144646465543
uncentered,error,log-0116,travel/mag_model/adj,bin_rmse,9.218165709900639
uncentered,error,log-0116,travel/mag_model/adj,mae,5.72687767305127
uncentered,error,log-0116,travel/mag_model/adj,me,-4.567254630645108
uncentered,error,log-0116,travel/mag_model/adj,rms_travel,30.779981798218113
uncentered,error,log-0117,travel/mag_model/adj,t,122.0
uncentered,error,log-0117,travel/mag_model/adj,rmse,6.582262235381833
uncentered,error,log-0117,travel/mag_model/adj,nrmse,0.25440626962383805
uncentered,error,log-0117,travel/mag_model/adj,bin_rmse,8.065772878514858
uncentered,error,log-0117,travel/mag_model/adj,mae,4.501774366901173
uncentered,error,log-0117,travel/mag_model/adj,me,-3.9750700671607166
uncentered,error,log-0117,travel/mag_model/adj,rms_travel,25.87303467447671
uncentered,error,log-0118,travel/mag_model/adj,t,110.0
uncentered,error,log-0118,travel/mag_model/adj,rmse,15.086335985904098
uncentered,error,log-0118,travel/mag_model/adj,nrmse,0.41434780262219295
uncentered,error,log-0118,travel/mag_model/adj,bin_rmse,15.994431904893116
uncentered,error,log-0118,travel/mag_model/adj,mae,13.65406001170139
uncentered,error,log-0118,travel/mag_model/adj,me,-13.508615149146731
uncentered,error,log-0118,travel/mag_model/adj,rms_travel,36.409837075110524
uncentered,error,log-0119,travel/mag_model/adj,t,138.0
uncentered,error,log-0119,travel/mag_model/adj,rmse,6.885784565093189
uncentered,error,log-0119,travel/mag_model/adj,nrmse,0.1935039031867586
uncentered,error,log-0119,travel/mag_model/adj,bin_rmse,6.967158721696791
uncentered,error,log-0119,travel/mag_model/adj,mae,5.226870617120334
uncentered,error,log-0119,travel/mag_model/adj,me,0.7722810373843945
uncentered,error,log-0119,travel/mag_model/adj,rms_travel,35.58473215109999
uncentered,error,log-0120,travel/mag_model/adj,t,49.0
uncentered,error,log-0120,travel/mag_model/adj,rmse,20.119651700092703
uncentered,error,log-0120,travel/mag_model/adj,nrmse,0.5921525446721417
uncentered,error,log-0120,travel/mag_model/adj,bin_rmse,20.682503076201524
uncentered,error,log-0120,travel/mag_model/adj,mae,18.723439464463226
uncentered,error,log-0120,travel/mag_model/adj,me,-18.685871272909303
uncentered,error,log-0120,travel/mag_model/adj,rms_travel,33.977143020186446
uncentered,error,log-0122,travel/mag_model/adj,t,317.0
uncentered,error,log-0122,travel/mag_model/adj,rmse,23.337569070362292
uncentered,error,log-0122,travel/mag_model/adj,nrmse,0.7254526385809015
uncentered,error,log-0122,travel/mag_model/adj,bin_rmse,24.460325705485946
uncentered,error,log-0122,travel/mag_model/adj,mae,20.807260270532947
uncentered,error,log-0122,travel/mag_model/adj,me,-20.802808847903567
uncentered,error,log-0122,travel/mag_model/adj,rms_travel,32.16966598400444
uncentered,error,log-0125,travel/mag_model/adj,t,187.0
uncentered,error,log-0125,travel/mag_model/adj,rmse,29.997714543710483
uncentered,error,log-0125,travel/mag_model/adj,nrmse,0.9158651500131736
uncentered,error,log-0125,travel/mag_model/adj,bin_rmse,31.142056914494344
uncentered,error,log-0125,travel/mag_model/adj,mae,28.88090938459308
uncentered,error,log-0125,travel/mag_model/adj,me,-28.88090938459308
uncentered,error,log-0125,travel/mag_model/adj,rms_travel,32.75341849537457
uncentered,error,log-0126,travel/mag_model/adj,t,51.0
uncentered,error,log-0126,travel/mag_model/adj,rmse,27.010000893787495
uncentered,error,log-0126,travel/mag_model/adj,nrmse,0.7430584006240403
uncentered,error,log-0126,travel/mag_model/adj,bin_rmse,28.60408590339273
uncentered,error,log-0126,travel/mag_model/adj,mae,25.996362847810914
uncentered,error,log-0126,travel/mag_model/adj,me,-25.98886496304664
uncentered,error,log-0126,travel/mag_model/adj,rms_travel,36.34976856610971
uncentered,error,log-0127,travel/mag_model/adj,t,102.0
uncentered,error,log-0127,travel/mag_model/adj,rmse,10.139533161834052
uncentered,error,log-0127,travel/mag_model/adj,nrmse,0.28992963565491076
uncentered,error,log-0127,travel/mag_model/adj,bin_rmse,9.63213442355567
uncentered,error,log-0127,travel/mag_model/adj,mae,8.218225757572824
uncentered,error,log-0127,travel/mag_model/adj,me,6.559124142376588
uncentered,error,log-0127,travel/mag_model/adj,rms_travel,34.972393004703555
uncentered,error,log-0129,travel/mag_model/adj,t,409.0
uncentered,error,log-0129,travel/mag_model/adj,rmse,27.88669891770574
uncentered,error,log-0129,travel/mag_model/adj,nrmse,0.8826249242027423
uncentered,error,log-0129,travel/mag_model/adj,bin_rmse,27.40926146548049
uncentered,error,log-0129,travel/mag_model/adj,mae,27.182628558569036
uncentered,error,log-0129,travel/mag_model/adj,me,26.419944827597348
uncentered,error,log-0129,travel/mag_model/adj,rms_travel,31.59518630509471
uncentered,error,log-0132,travel/mag_model/adj,t,266.0
uncentered,error,log-0132,travel/mag_model/adj,rmse,19.514932854156584
uncentered,error,log-0132,travel/mag_model/adj,nrmse,0.5896847766121122
uncentered,error,log-0132,travel/mag_model/adj,bin_rmse,20.39385834322134
uncentered,error,log-0132,travel/mag_model/adj,mae,16.138815900965337
uncentered,error,log-0132,travel/mag_model/adj,me,-16.11989644319147
uncentered,error,log-0132,travel/mag_model/adj,rms_travel,33.09383865439904
uncentered,error,log-0133,travel/mag_model/adj,t,93.0
uncentered,error,log-0133,travel/mag_model/adj,rmse,13.463972837174888
uncentered,error,log-0133,travel/mag_model/adj,nrmse,0.45434504087893235
uncentered,error,log-0133,travel/mag_model/adj,bin_rmse,14.833091038556594
uncentered,error,log-0133,travel/mag_model/adj,mae,11.767057417071495
uncentered,error,log-0133,travel/mag_model/adj,me,-11.652549667572535
uncentered,error,log-0133,travel/mag_model/adj,rms_travel,29.633806085191942
uncentered,error,log-0145-filtered-c01,travel/mag_model/adj,t,349.0
uncentered,error,log-0145-filtered-c01,travel/mag_model/adj,rmse,9.89220525028343
uncentered,error,log-0145-filtered-c01,travel/mag_model/adj,nrmse,0.5485221088830535
uncentered,error,log-0145-filtered-c01,travel/mag_model/adj,bin_rmse,8.095918594018105
uncentered,error,log-0145-filtered-c01,travel/mag_model/adj,mae,5.9107519862591955
uncentered,error,log-0145-filtered-c01,travel/mag_model/adj,me,-4.3055084658326805
uncentered,error,log-0145-filtered-c01,travel/mag_model/adj,rms_travel,18.034287205718588
uncentered,error,log-0147-filtered-c01,travel/mag_model/adj,t,82.0
uncentered,error,log-0147-filtered-c01,travel/mag_model/adj,rmse,35.34675570403858
uncentered,error,log-0147-filtered-c01,travel/mag_model/adj,nrmse,2.1491085780352237
uncentered,error,log-0147-filtered-c01,travel/mag_model/adj,bin_rmse,35.57375298208065
uncentered,error,log-0147-filtered-c01,travel/mag_model/adj,mae,34.84853841672811
uncentered,error,log-0147-filtered-c01,travel/mag_model/adj,me,-34.820349726826464
uncentered,error,log-0147-filtered-c01,travel/mag_model/adj,rms_travel,16.447170731761535
uncentered,error,log-0147-filtered-c02,travel/mag_model/adj,t,320.0
uncentered,error,log-0147-filtered-c02,travel/mag_model/adj,rmse,29.192906370125485
uncentered,error,log-0147-filtered-c02,travel/mag_model/adj,nrmse,1.6684250647555388
uncentered,error,log-0147-filtered-c02,travel/mag_model/adj,bin_rmse,35.31991179368646
uncentered,error,log-0147-filtered-c02,travel/mag_model/adj,mae,27.732534767926612
uncentered,error,log-0147-filtered-c02,travel/mag_model/adj,me,26.086927928389898
uncentered,error,log-0147-filtered-c02,travel/mag_model/adj,rms_travel,17.497283508146584
uncentered,error,log-0151-filtered-c01,travel/mag_model/adj,t,86.0
uncentered,error,log-0151-filtered-c01,travel/mag_model/adj,rmse,11.388156647351423
uncentered,error,log-0151-filtered-c01,travel/mag_model/adj,nrmse,0.5754338906407176
uncentered,error,log-0151-filtered-c01,travel/mag_model/adj,bin_rmse,10.255716095133012
uncentered,error,log-0151-filtered-c01,travel/mag_model/adj,mae,6.926690461102607
uncentered,error,log-0151-filtered-c01,travel/mag_model/adj,me,-5.981000774639726
uncentered,error,log-0151-filtered-c01,travel/mag_model/adj,rms_travel,19.790556017948933
uncentered,error,log-0152-filtered-c01,travel/mag_model/adj,t,150.0
uncentered,error,log-0152-filtered-c01,travel/mag_model/adj,rmse,22.08289831080595
uncentered,error,log-0152-filtered-c01,travel/mag_model/adj,nrmse,1.1975427985849878
uncentered,error,log-0152-filtered-c01,travel/mag_model/adj,bin_rmse,24.908501024063067
uncentered,error,log-0152-filtered-c01,travel/mag_model/adj,mae,21.56123719353195
uncentered,error,log-0152-filtered-c01,travel/mag_model/adj,me,-21.51489175651881
uncentered,error,log-0152-filtered-c01,travel/mag_model/adj,rms_travel,18.44017461162893
uncentered,error,log-0152-filtered-c02,travel/mag_model/adj,t,92.0
uncentered,error,log-0152-filtered-c02,travel/mag_model/adj,rmse,33.236171491986475
uncentered,error,log-0152-filtered-c02,travel/mag_model/adj,nrmse,2.3275597635528915
uncentered,error,log-0152-filtered-c02,travel/mag_model/adj,bin_rmse,32.513392116206084
uncentered,error,log-0152-filtered-c02,travel/mag_model/adj,mae,32.712556510288714
uncentered,error,log-0152-filtered-c02,travel/mag_model/adj,me,-32.67994952635157
uncentered,error,log-0152-filtered-c02,travel/mag_model/adj,rms_travel,14.279406274515285
uncentered,error,log-0155-filtered-c01,travel/mag_model/adj,t,133.0
uncentered,error,log-0155-filtered-c01,travel/mag_model/adj,rmse,36.7104463631502
uncentered,error,log-0155-filtered-c01,travel/mag_model/adj,nrmse,1.3721088375421475
uncentered,error,log-0155-filtered-c01,travel/mag_model/adj,bin_rmse,38.83194165318435
uncentered,error,log-0155-filtered-c01,travel/mag_model/adj,mae,36.331819913820716
uncentered,error,log-0155-filtered-c01,travel/mag_model/adj,me,-36.328937014582955
uncentered,error,log-0155-filtered-c01,travel/mag_model/adj,rms_travel,26.75476271176087
uncentered,error,log-0046,travel/solved,t,375.0
uncentered,error,log-0046,travel/solved,rmse,4.4546440357090376
uncentered,error,log-0046,travel/solved,nrmse,0.21983705949358603
uncentered,error,log-0046,travel/solved,bin_rmse,5.354820058566086
uncentered,error,log-0046,travel/solved,mae,3.6803899442034744
uncentered,error,log-0046,travel/solved,me,-3.349245579462908
uncentered,error,log-0046,travel/solved,rms_travel,20.263389830498557
uncentered,error,log-0048,travel/solved,t,335.0
uncentered,error,log-0048,travel/solved,rmse,3.177079456516114
uncentered,error,log-0048,travel/solved,nrmse,0.14325751421824442
uncentered,error,log-0048,travel/solved,bin_rmse,3.7977080549982776
uncentered,error,log-0048,travel/solved,mae,2.294525652692614
uncentered,error,log-0048,travel/solved,me,0.9215157156112328
uncentered,error,log-0048,travel/solved,rms_travel,22.17740181974692
uncentered,error,log-0049,travel/solved,t,176.0
uncentered,error,log-0049,travel/solved,rmse,6.473850623185351
uncentered,error,log-0049,travel/solved,nrmse,0.29472144846151765
uncentered,error,log-0049,travel/solved,bin_rmse,7.067227513877881
uncentered,error,log-0049,travel/solved,mae,5.903509895186477
uncentered,error,log-0049,travel/solved,me,-5.767839824662497
uncentered,error,log-0049,travel/solved,rms_travel,21.965997578322344
uncentered,error,log-0054,travel/solved,t,670.0
uncentered,error,log-0054,travel/solved,rmse,2.85759262604151
uncentered,error,log-0054,travel/solved,nrmse,0.1626969992936023
uncentered,error,log-0054,travel/solved,bin_rmse,3.2882665244461387
uncentered,error,log-0054,travel/solved,mae,2.173125065486129
uncentered,error,log-0054,travel/solved,me,-0.9372197174236108
uncentered,error,log-0054,travel/solved,rms_travel,17.56389262523958
uncentered,error,log-0055,travel/solved,t,225.0
uncentered,error,log-0055,travel/solved,rmse,2.9770545638464236
uncentered,error,log-0055,travel/solved,nrmse,0.12885303239828194
uncentered,error,log-0055,travel/solved,bin_rmse,3.1315348834114958
uncentered,error,log-0055,travel/solved,mae,2.2497337912518276
uncentered,error,log-0055,travel/solved,me,-0.4025951104293533
uncentered,error,log-0055,travel/solved,rms_travel,23.10426466832703
uncentered,error,log-0056,travel/solved,t,273.0
uncentered,error,log-0056,travel/solved,rmse,4.606981290847748
uncentered,error,log-0056,travel/solved,nrmse,0.20750175268256413
uncentered,error,log-0056,travel/solved,bin_rmse,4.670195358164972
uncentered,error,log-0056,travel/solved,mae,3.716735468638823
uncentered,error,log-0056,travel/solved,me,3.2595464353445798
uncentered,error,log-0056,travel/solved,rms_travel,22.202131940039568
uncentered,error,log-0058,travel/solved,t,388.0
uncentered,error,log-0058,travel/solved,rmse,3.2658380257951416
uncentered,error,log-0058,travel/solved,nrmse,0.1415387113347967
uncentered,error,log-0058,travel/solved,bin_rmse,3.5604934077020616
uncentered,error,log-0058,travel/solved,mae,2.3562644938548294
uncentered,error,log-0058,travel/solved,me,0.6473259878979508
uncentered,error,log-0058,travel/solved,rms_travel,23.073814894853072
uncentered,error,log-0063,travel/solved,t,103.0
uncentered,error,log-0063,travel/solved,rmse,3.8518783750086625
uncentered,error,log-0063,travel/solved,nrmse,0.14834053119371432
uncentered,error,log-0063,travel/solved,bin_rmse,3.7121231338214167
uncentered,error,log-0063,travel/solved,mae,3.0415256368949275
uncentered,error,log-0063,travel/solved,me,1.9515453871013184
uncentered,error,log-0063,travel/solved,rms_travel,25.966459362199448
uncentered,error,log-0071_183,travel/solved,t,416.0
uncentered,error,log-0071_183,travel/solved,rmse,6.156913509724456
uncentered,error,log-0071_183,travel/solved,nrmse,0.28832364775856095
uncentered,error,log-0071_183,travel/solved,bin_rmse,5.99903611426684
uncentered,error,log-0071_183,travel/solved,mae,5.664856373498301
uncentered,error,log-0071_183,travel/solved,me,-5.516191625179056
uncentered,error,log-0071_183,travel/solved,rms_travel,21.354174579811737
uncentered,error,log-0072_184,travel/solved,t,328.0
uncentered,error,log-0072_184,travel/solved,rmse,3.9338225763988786
uncentered,error,log-0072_184,travel/solved,nrmse,0.18853840180815698
uncentered,error,log-0072_184,travel/solved,bin_rmse,3.965127534356629
uncentered,error,log-0072_184,travel/solved,mae,3.118352855964898
uncentered,error,log-0072_184,travel/solved,me,2.5732536208794174
uncentered,error,log-0072_184,travel/solved,rms_travel,20.864834636721124
uncentered,error,log-0073_185,travel/solved,t,287.0
uncentered,error,log-0073_185,travel/solved,rmse,3.2066966487518536
uncentered,error,log-0073_185,travel/solved,nrmse,0.16604743231683058
uncentered,error,log-0073_185,travel/solved,bin_rmse,3.7556755982136263
uncentered,error,log-0073_185,travel/solved,mae,2.194839777953789
uncentered,error,log-0073_185,travel/solved,me,-1.2113774931307792
uncentered,error,log-0073_185,travel/solved,rms_travel,19.311931560815967
uncentered,error,log-0078-valid,travel/solved,t,132.0
uncentered,error,log-0078-valid,travel/solved,rmse,6.535695823943551
uncentered,error,log-0078-valid,travel/solved,nrmse,0.22982939062652216
uncentered,error,log-0078-valid,travel/solved,bin_rmse,6.5015302793274525
uncentered,error,log-0078-valid,travel/solved,mae,4.846920035513366
uncentered,error,log-0078-valid,travel/solved,me,-3.0013810847002276
uncentered,error,log-0078-valid,travel/solved,rms_travel,28.437162915182597
uncentered,error,log-0079,travel/solved,t,240.0
uncentered,error,log-0079,travel/solved,rmse,6.742786598895649
uncentered,error,log-0079,travel/solved,nrmse,0.26272466749446116
uncentered,error,log-0079,travel/solved,bin_rmse,6.434190473964728
uncentered,error,log-0079,travel/solved,mae,5.478674021665902
uncentered,error,log-0079,travel/solved,me,3.9946652787795456
uncentered,error,log-0079,travel/solved,rms_travel,25.664840165942174
uncentered,error,log-0080-valid,travel/solved,t,325.0
uncentered,error,log-0080-valid,travel/solved,rmse,9.626364287577509
uncentered,error,log-0080-valid,travel/solved,nrmse,0.3338370761544021
uncentered,error,log-0080-valid,travel/solved,bin_rmse,10.002459437740812
uncentered,error,log-0080-valid,travel/solved,mae,8.102642474611162
uncentered,error,log-0080-valid,travel/solved,me,-7.879820968747209
uncentered,error,log-0080-valid,travel/solved,rms_travel,28.83551581048848
uncentered,error,log-0081,travel/solved,t,735.0
uncentered,error,log-0081,travel/solved,rmse,10.228335370978957
uncentered,error,log-0081,travel/solved,nrmse,0.488223979838441
uncentered,error,log-0081,travel/solved,bin_rmse,9.824821917495754
uncentered,error,log-0081,travel/solved,mae,8.846617656177102
uncentered,error,log-0081,travel/solved,me,3.61416608712767
uncentered,error,log-0081,travel/solved,rms_travel,20.950088060737272
uncentered,error,log103,travel/solved,t,396.0
uncentered,error,log103,travel/solved,rmse,9.790989433337579
uncentered,error,log103,travel/solved,nrmse,0.4327176350233868
uncentered,error,log103,travel/solved,bin_rmse,10.307039932182203
uncentered,error,log103,travel/solved,mae,9.066350800127157
uncentered,error,log103,travel/solved,me,-8.405250166484109
uncentered,error,log103,travel/solved,rms_travel,22.626740028306017
uncentered,error,log104,travel/solved,t,398.0
uncentered,error,log104,travel/solved,rmse,20.919541106753957
uncentered,error,log104,travel/solved,nrmse,0.9691473296489893
uncentered,error,log104,travel/solved,bin_rmse,22.659926592759653
uncentered,error,log104,travel/solved,mae,20.364644469598115
uncentered,error,log104,travel/solved,me,-20.119946847100685
uncentered,error,log104,travel/solved,rms_travel,21.58551178625308
uncentered,error,log106,travel/solved,t,155.0
uncentered,error,log106,travel/solved,rmse,3.0687071389032208
uncentered,error,log106,travel/solved,nrmse,0.1353047499930913
uncentered,error,log106,travel/solved,bin_rmse,3.4741688139658526
uncentered,error,log106,travel/solved,mae,2.0652886259507346
uncentered,error,log106,travel/solved,me,-0.6557574978455024
uncentered,error,log106,travel/solved,rms_travel,22.679966069631035
uncentered,error,log107,travel/solved,t,167.0
uncentered,error,log107,travel/solved,rmse,3.2667684287453556
uncentered,error,log107,travel/solved,nrmse,0.15039718621870002
uncentered,error,log107,travel/solved,bin_rmse,4.294479442793686
uncentered,error,log107,travel/solved,mae,2.169177420643387
uncentered,error,log107,travel/solved,me,0.6108818063088658
uncentered,error,log107,travel/solved,rms_travel,21.720941135128587
uncentered,error,log109,travel/solved,t,181.0
uncentered,error,log109,travel/solved,rmse,7.404564801750052
uncentered,error,log109,travel/solved,nrmse,0.3358764563400239
uncentered,error,log109,travel/solved,bin_rmse,7.202663258333935
uncentered,error,log109,travel/solved,mae,6.749939253323295
uncentered,error,log109,travel/solved,me,-6.659075461032156
uncentered,error,log109,travel/solved,rms_travel,22.0455011418069
uncentered,error,log110,travel/solved,t,171.0
uncentered,error,log110,travel/solved,rmse,4.301893201223043
uncentered,error,log110,travel/solved,nrmse,0.20191034544670636
uncentered,error,log110,travel/solved,bin_rmse,4.844808737963472
uncentered,error,log110,travel/solved,mae,3.0347313225076555
uncentered,error,log110,travel/solved,me,-2.156311186113065
uncentered,error,log110,travel/solved,rms_travel,21.305957313408268
uncentered,error,log112,travel/solved,t,330.0
uncentered,error,log112,travel/solved,rmse,9.848269077330466
uncentered,error,log112,travel/solved,nrmse,0.4294653743623233
uncentered,error,log112,travel/solved,bin_rmse,10.68361515403677
uncentered,error,log112,travel/solved,mae,9.020903040951922
uncentered,error,log112,travel/solved,me,-8.536765681557132
uncentered,error,log112,travel/solved,rms_travel,22.931462383791303
uncentered,error,log-0098,travel/solved,t,224.0
uncentered,error,log-0098,travel/solved,rmse,5.737877881187086
uncentered,error,log-0098,travel/solved,nrmse,0.2160596256567225
uncentered,error,log-0098,travel/solved,bin_rmse,5.753239287903191
uncentered,error,log-0098,travel/solved,mae,4.357066353109291
uncentered,error,log-0098,travel/solved,me,0.4583995849833651
uncentered,error,log-0098,travel/solved,rms_travel,26.5569185531381
uncentered,error,log-0099,travel/solved,t,634.0
uncentered,error,log-0099,travel/solved,rmse,8.975534740449783
uncentered,error,log-0099,travel/solved,nrmse,0.4502589204264739
uncentered,error,log-0099,travel/solved,bin_rmse,8.134302695863958
uncentered,error,log-0099,travel/solved,mae,7.692696723207716
uncentered,error,log-0099,travel/solved,me,2.7694096043966403
uncentered,error,log-0099,travel/solved,rms_travel,19.9341630632179
uncentered,error,log-0113,travel/solved,t,232.0
uncentered,error,log-0113,travel/solved,rmse,11.699727834838413
uncentered,error,log-0113,travel/solved,nrmse,0.4432942484419351
uncentered,error,log-0113,travel/solved,bin_rmse,12.769965848654863
uncentered,error,log-0113,travel/solved,mae,10.893396148117825
uncentered,error,log-0113,travel/solved,me,-10.773321747289708
uncentered,error,log-0113,travel/solved,rms_travel,26.39269035400287
uncentered,error,log-0115,travel/solved,t,171.0
uncentered,error,log-0115,travel/solved,rmse,6.103741346020473
uncentered,error,log-0115,travel/solved,nrmse,0.25846963281426305
uncentered,error,log-0115,travel/solved,bin_rmse,8.11560967894448
uncentered,error,log-0115,travel/solved,mae,4.207671861639519
uncentered,error,log-0115,travel/solved,me,-2.274542232195647
uncentered,error,log-0115,travel/solved,rms_travel,23.61492636315477
uncentered,error,log-0116,travel/solved,t,175.0
uncentered,error,log-0116,travel/solved,rmse,10.613296033393885
uncentered,error,log-0116,travel/solved,nrmse,0.34481164098700995
uncentered,error,log-0116,travel/solved,bin_rmse,10.434948655709526
uncentered,error,log-0116,travel/solved,mae,9.451143121977216
uncentered,error,log-0116,travel/solved,me,8.978112182569602
uncentered,error,log-0116,travel/solved,rms_travel,30.779981798218113
uncentered,error,log-0117,travel/solved,t,122.0
uncentered,error,log-0117,travel/solved,rmse,11.558061759560132
uncentered,error,log-0117,travel/solved,nrmse,0.4467223077995546
uncentered,error,log-0117,travel/solved,bin_rmse,12.382714961279628
uncentered,error,log-0117,travel/solved,mae,10.957793484773335
uncentered,error,log-0117,travel/solved,me,-10.825021693629731
uncentered,error,log-0117,travel/solved,rms_travel,25.87303467447671
uncentered,error,log-0118,travel/solved,t,110.0
uncentered,error,log-0118,travel/solved,rmse,15.722857727813373
uncentered,error,log-0118,travel/solved,nrmse,0.43182993912821965
uncentered,error,log-0118,travel/solved,bin_rmse,15.161892234801268
uncentered,error,log-0118,travel/solved,mae,14.561284310523451
uncentered,error,log-0118,travel/solved,me,14.43698473723912
uncentered,error,log-0118,travel/solved,rms_travel,36.409837075110524
uncentered,error,log-0119,travel/solved,t,138.0
uncentered,error,log-0119,travel/solved,rmse,7.1906016465869955
uncentered,error,log-0119,travel/solved,nrmse,0.2020698544548331
uncentered,error,log-0119,travel/solved,bin_rmse,7.892727449606143
uncentered,error,log-0119,travel/solved,mae,5.693333477579844
uncentered,error,log-0119,travel/solved,me,-2.9224572071030925
uncentered,error,log-0119,travel/solved,rms_travel,35.58473215109999
uncentered,error,log-0120,travel/solved,t,49.0
uncentered,error,log-0120,travel/solved,rmse,7.256566569524117
uncentered,error,log-0120,travel/solved,nrmse,0.21357200530994785
uncentered,error,log-0120,travel/solved,bin_rmse,7.5031671530223
uncentered,error,log-0120,travel/solved,mae,5.704610262620345
uncentered,error,log-0120,travel/solved,me,-4.265076756341322
uncentered,error,log-0120,travel/solved,rms_travel,33.977143020186446
uncentered,error,log-0122,travel/solved,t,317.0
uncentered,error,log-0122,travel/solved,rmse,11.793103376310505
uncentered,error,log-0122,travel/solved,nrmse,0.3665907933944459
uncentered,error,log-0122,travel/solved,bin_rmse,10.934003334584983
uncentered,error,log-0122,travel/solved,mae,10.30890329909308
uncentered,error,log-0122,travel/solved,me,8.795054093915137
uncentered,error,log-0122,travel/solved,rms_travel,32.16966598400444
uncentered,error,log-0125,travel/solved,t,187.0
uncentered,error,log-0125,travel/solved,rmse,9.669347789568967
uncentered,error,log-0125,travel/solved,nrmse,0.2952164456035168
uncentered,error,log-0125,travel/solved,bin_rmse,10.506785099045052
uncentered,error,log-0125,travel/solved,mae,8.202026104425828
uncentered,error,log-0125,travel/solved,me,-7.012716575254207
uncentered,error,log-0125,travel/solved,rms_travel,32.75341849537457
uncentered,error,log-0126,travel/solved,t,51.0
uncentered,error,log-0126,travel/solved,rmse,55.38462583130404
uncentered,error,log-0126,travel/solved,nrmse,1.523658279435134
uncentered,error,log-0126,travel/solved,bin_rmse,53.914040956583825
uncentered,error,log-0126,travel/solved,mae,54.79053440335762
uncentered,error,log-0126,travel/solved,me,54.77861837797511
uncentered,error,log-0126,travel/solved,rms_travel,36.34976856610971
uncentered,error,log-0127,travel/solved,t,102.0
uncentered,error,log-0127,travel/solved,rmse,11.23467294696291
uncentered,error,log-0127,travel/solved,nrmse,0.3212440437076159
uncentered,error,log-0127,travel/solved,bin_rmse,12.443001868540316
uncentered,error,log-0127,travel/solved,mae,9.690465411993083
uncentered,error,log-0127,travel/solved,me,-9.083027992346514
uncentered,error,log-0127,travel/solved,rms_travel,34.972393004703555
uncentered,error,log-0129,travel/solved,t,409.0
uncentered,error,log-0129,travel/solved,rmse,8.045355312341073
uncentered,error,log-0129,travel/solved,nrmse,0.25463864129972746
uncentered,error,log-0129,travel/solved,bin_rmse,8.378700351797512
uncentered,error,log-0129,travel/solved,mae,6.668424845978858
uncentered,error,log-0129,travel/solved,me,-6.179325713429675
uncentered,error,log-0129,travel/solved,rms_travel,31.59518630509471
uncentered,error,log-0132,travel/solved,t,266.0
uncentered,error,log-0132,travel/solved,rmse,12.88397297303147
uncentered,error,log-0132,travel/solved,nrmse,0.3893163651270431
uncentered,error,log-0132,travel/solved,bin_rmse,12.659033577545127
uncentered,error,log-0132,travel/solved,mae,11.254849004150513
uncentered,error,log-0132,travel/solved,me,-11.016356860609969
uncentered,error,log-0132,travel/solved,rms_travel,33.09383865439904
uncentered,error,log-0133,travel/solved,t,93.0
uncentered,error,log-0133,travel/solved,rmse,10.73907388119546
uncentered,error,log-0133,travel/solved,nrmse,0.36239266229665285
uncentered,error,log-0133,travel/solved,bin_rmse,10.439529895968658
uncentered,error,log-0133,travel/solved,mae,9.483427609230967
uncentered,error,log-0133,travel/solved,me,9.126315534269368
uncentered,error,log-0133,travel/solved,rms_travel,29.633806085191942
uncentered,error,log-0145-filtered-c01,travel/solved,t,349.0
uncentered,error,log-0145-filtered-c01,travel/solved,rmse,13.60300031433886
uncentered,error,log-0145-filtered-c01,travel/solved,nrmse,0.7542854430102129
uncentered,error,log-0145-filtered-c01,travel/solved,bin_rmse,14.464540440013703
uncentered,error,log-0145-filtered-c01,travel/solved,mae,12.610374340513175
uncentered,error,log-0145-filtered-c01,travel/solved,me,12.099815889259961
uncentered,error,log-0145-filtered-c01,travel/solved,rms_travel,18.034287205718588
uncentered,error,log-0147-filtered-c01,travel/solved,t,82.0
uncentered,error,log-0147-filtered-c01,travel/solved,rmse,14.757543898279769
uncentered,error,log-0147-filtered-c01,travel/solved,nrmse,0.8972694537535939
uncentered,error,log-0147-filtered-c01,travel/solved,bin_rmse,14.976453367153237
uncentered,error,log-0147-filtered-c01,travel/solved,mae,13.708628535416441
uncentered,error,log-0147-filtered-c01,travel/solved,me,-13.241427406799696
uncentered,error,log-0147-filtered-c01,travel/solved,rms_travel,16.447170731761535
uncentered,error,log-0147-filtered-c02,travel/solved,t,320.0
uncentered,error,log-0147-filtered-c02,travel/solved,rmse,28.837820442701386
uncentered,error,log-0147-filtered-c02,travel/solved,nrmse,1.6481312901671135
uncentered,error,log-0147-filtered-c02,travel/solved,bin_rmse,34.61170892498805
uncentered,error,log-0147-filtered-c02,travel/solved,mae,27.805709817111786
uncentered,error,log-0147-filtered-c02,travel/solved,me,27.76504160652908
uncentered,error,log-0147-filtered-c02,travel/solved,rms_travel,17.497283508146584
uncentered,error,log-0151-filtered-c01,travel/solved,t,86.0
uncentered,error,log-0151-filtered-c01,travel/solved,rmse,11.911866423759545
uncentered,error,log-0151-filtered-c01,travel/solved,nrmse,0.6018965011875435
uncentered,error,log-0151-filtered-c01,travel/solved,bin_rmse,15.511718353591347
uncentered,error,log-0151-filtered-c01,travel/solved,mae,10.174149076052355
uncentered,error,log-0151-filtered-c01,travel/solved,me,9.579323473945557
uncentered,error,log-0151-filtered-c01,travel/solved,rms_travel,19.790556017948933
uncentered,error,log-0152-filtered-c01,travel/solved,t,150.0
uncentered,error,log-0152-filtered-c01,travel/solved,rmse,7.927277504019878
uncentered,error,log-0152-filtered-c01,travel/solved,nrmse,0.42989167244765125
uncentered,error,log-0152-filtered-c01,travel/solved,bin_rmse,10.867338118499848
uncentered,error,log-0152-filtered-c01,travel/solved,mae,6.691793155238396
uncentered,error,log-0152-filtered-c01,travel/solved,me,-6.096725755523751
uncentered,error,log-0152-filtered-c01,travel/solved,rms_travel,18.44017461162893
uncentered,error,log-0152-filtered-c02,travel/solved,t,92.0
uncentered,error,log-0152-filtered-c02,travel/solved,rmse,10.037220676758986
uncentered,error,log-0152-filtered-c02,travel/solved,nrmse,0.7029158274369289
uncentered,error,log-0152-filtered-c02,travel/solved,bin_rmse,9.356848104945952
uncentered,error,log-0152-filtered-c02,travel/solved,mae,8.615924699983042
uncentered,error,log-0152-filtered-c02,travel/solved,me,-8.090125433156908
uncentered,error,log-0152-filtered-c02,travel/solved,rms_travel,14.279406274515285
uncentered,error,log-0155-filtered-c01,travel/solved,t,133.0
uncentered,error,log-0155-filtered-c01,travel/solved,rmse,14.061668285582853
uncentered,error,log-0155-filtered-c01,travel/solved,nrmse,0.5255762660680081
uncentered,error,log-0155-filtered-c01,travel/solved,bin_rmse,16.245273951084602
uncentered,error,log-0155-filtered-c01,travel/solved,mae,13.020613212964893
uncentered,error,log-0155-filtered-c01,travel/solved,me,-12.550890608998726
uncentered,error,log-0155-filtered-c01,travel/solved,rms_travel,26.75476271176087
uncentered,error,log-0046,travel/solved/mag_nuisance/delta_lifted,t,375.0
uncentered,error,log-0046,travel/solved/mag_nuisance/delta_lifted,rmse,16.45528034924779
uncentered,error,log-0046,travel/solved/mag_nuisance/delta_lifted,nrmse,0.8120694753886066
uncentered,error,log-0046,travel/solved/mag_nuisance/delta_lifted,bin_rmse,17.732059799958062
uncentered,error,log-0046,travel/solved/mag_nuisance/delta_lifted,mae,16.12801654398587
uncentered,error,log-0046,travel/solved/mag_nuisance/delta_lifted,me,-16.127521313042276
uncentered,error,log-0046,travel/solved/mag_nuisance/delta_lifted,rms_travel,20.263389830498557
uncentered,error,log-0048,travel/solved/mag_nuisance/delta_lifted,t,335.0
uncentered,error,log-0048,travel/solved/mag_nuisance/delta_lifted,rmse,4.600574082565052
uncentered,error,log-0048,travel/solved/mag_nuisance/delta_lifted,nrmse,0.20744423174353396
uncentered,error,log-0048,travel/solved/mag_nuisance/delta_lifted,bin_rmse,6.151862944247854
uncentered,error,log-0048,travel/solved/mag_nuisance/delta_lifted,mae,3.353505189194387
uncentered,error,log-0048,travel/solved/mag_nuisance/delta_lifted,me,-2.6122400502370122
uncentered,error,log-0048,travel/solved/mag_nuisance/delta_lifted,rms_travel,22.17740181974692
uncentered,error,log-0049,travel/solved/mag_nuisance/delta_lifted,t,176.0
uncentered,error,log-0049,travel/solved/mag_nuisance/delta_lifted,rmse,20.768256929292836
uncentered,error,log-0049,travel/solved/mag_nuisance/delta_lifted,nrmse,0.9454729681746151
uncentered,error,log-0049,travel/solved/mag_nuisance/delta_lifted,bin_rmse,21.44995876990031
uncentered,error,log-0049,travel/solved/mag_nuisance/delta_lifted,mae,20.546104143141847
uncentered,error,log-0049,travel/solved/mag_nuisance/delta_lifted,me,-20.539103193478798
uncentered,error,log-0049,travel/solved/mag_nuisance/delta_lifted,rms_travel,21.965997578322344
uncentered,error,log-0054,travel/solved/mag_nuisance/delta_lifted,t,670.0
uncentered,error,log-0054,travel/solved/mag_nuisance/delta_lifted,rmse,6.357526616176686
uncentered,error,log-0054,travel/solved/mag_nuisance/delta_lifted,nrmse,0.36196569586407196
uncentered,error,log-0054,travel/solved/mag_nuisance/delta_lifted,bin_rmse,7.1758136488981945
uncentered,error,log-0054,travel/solved/mag_nuisance/delta_lifted,mae,5.339082401561798
uncentered,error,log-0054,travel/solved/mag_nuisance/delta_lifted,me,-5.28443279576059
uncentered,error,log-0054,travel/solved/mag_nuisance/delta_lifted,rms_travel,17.56389262523958
uncentered,error,log-0055,travel/solved/mag_nuisance/delta_lifted,t,225.0
uncentered,error,log-0055,travel/solved/mag_nuisance/delta_lifted,rmse,3.9564327224195535
uncentered,error,log-0055,travel/solved/mag_nuisance/delta_lifted,nrmse,0.17124252942978588
uncentered,error,log-0055,travel/solved/mag_nuisance/delta_lifted,bin_rmse,4.140544416585647
uncentered,error,log-0055,travel/solved/mag_nuisance/delta_lifted,mae,2.6893495962069442
uncentered,error,log-0055,travel/solved/mag_nuisance/delta_lifted,me,-0.4999249554812215
uncentered,error,log-0055,travel/solved/mag_nuisance/delta_lifted,rms_travel,23.10426466832703
uncentered,error,log-0056,travel/solved/mag_nuisance/delta_lifted,t,273.0
uncentered,error,log-0056,travel/solved/mag_nuisance/delta_lifted,rmse,7.106430802332284
uncentered,error,log-0056,travel/solved/mag_nuisance/delta_lifted,nrmse,0.3200787573699834
uncentered,error,log-0056,travel/solved/mag_nuisance/delta_lifted,bin_rmse,7.009345804929509
uncentered,error,log-0056,travel/solved/mag_nuisance/delta_lifted,mae,6.434149336427509
uncentered,error,log-0056,travel/solved/mag_nuisance/delta_lifted,me,5.949160541311959
uncentered,error,log-0056,travel/solved/mag_nuisance/delta_lifted,rms_travel,22.202131940039568
uncentered,error,log-0058,travel/solved/mag_nuisance/delta_lifted,t,388.0
uncentered,error,log-0058,travel/solved/mag_nuisance/delta_lifted,rmse,4.464269327979829
uncentered,error,log-0058,travel/solved/mag_nuisance/delta_lifted,nrmse,0.19347772998628177
uncentered,error,log-0058,travel/solved/mag_nuisance/delta_lifted,bin_rmse,4.81876114106932
uncentered,error,log-0058,travel/solved/mag_nuisance/delta_lifted,mae,3.1698780475252097
uncentered,error,log-0058,travel/solved/mag_nuisance/delta_lifted,me,1.1874903456295023
uncentered,error,log-0058,travel/solved/mag_nuisance/delta_lifted,rms_travel,23.073814894853072
uncentered,error,log-0063,travel/solved/mag_nuisance/delta_lifted,t,103.0
uncentered,error,log-0063,travel/solved/mag_nuisance/delta_lifted,rmse,18.649866818502144
uncentered,error,log-0063,travel/solved/mag_nuisance/delta_lifted,nrmse,0.7182291031041221
uncentered,error,log-0063,travel/solved/mag_nuisance/delta_lifted,bin_rmse,19.45238549803323
uncentered,error,log-0063,travel/solved/mag_nuisance/delta_lifted,mae,18.348470407572318
uncentered,error,log-0063,travel/solved/mag_nuisance/delta_lifted,me,-18.348407089096664
uncentered,error,log-0063,travel/solved/mag_nuisance/delta_lifted,rms_travel,25.966459362199448
uncentered,error,log-0071_183,travel/solved/mag_nuisance/delta_lifted,t,416.0
uncentered,error,log-0071_183,travel/solved/mag_nuisance/delta_lifted,rmse,6.017458592319814
uncentered,error,log-0071_183,travel/solved/mag_nuisance/delta_lifted,nrmse,0.2817930784366972
uncentered,error,log-0071_183,travel/solved/mag_nuisance/delta_lifted,bin_rmse,6.209131368519392
uncentered,error,log-0071_183,travel/solved/mag_nuisance/delta_lifted,mae,5.507393909519843
uncentered,error,log-0071_183,travel/solved/mag_nuisance/delta_lifted,me,5.138254455278306
uncentered,error,log-0071_183,travel/solved/mag_nuisance/delta_lifted,rms_travel,21.354174579811737
uncentered,error,log-0072_184,travel/solved/mag_nuisance/delta_lifted,t,328.0
uncentered,error,log-0072_184,travel/solved/mag_nuisance/delta_lifted,rmse,5.485082904069816
uncentered,error,log-0072_184,travel/solved/mag_nuisance/delta_lifted,nrmse,0.26288647859285347
uncentered,error,log-0072_184,travel/solved/mag_nuisance/delta_lifted,bin_rmse,6.062644558368935
uncentered,error,log-0072_184,travel/solved/mag_nuisance/delta_lifted,mae,4.396227264232
uncentered,error,log-0072_184,travel/solved/mag_nuisance/delta_lifted,me,-4.125220761238842
uncentered,error,log-0072_184,travel/solved/mag_nuisance/delta_lifted,rms_travel,20.864834636721124
uncentered,error,log-0073_185,travel/solved/mag_nuisance/delta_lifted,t,287.0
uncentered,error,log-0073_185,travel/solved/mag_nuisance/delta_lifted,rmse,20.405402750044843
uncentered,error,log-0073_185,travel/solved/mag_nuisance/delta_lifted,nrmse,1.056621533987182
uncentered,error,log-0073_185,travel/solved/mag_nuisance/delta_lifted,bin_rmse,21.079501375595086
uncentered,error,log-0073_185,travel/solved/mag_nuisance/delta_lifted,mae,20.075848427943416
uncentered,error,log-0073_185,travel/solved/mag_nuisance/delta_lifted,me,-20.072120767797628
uncentered,error,log-0073_185,travel/solved/mag_nuisance/delta_lifted,rms_travel,19.311931560815967
uncentered,error,log-0078-valid,travel/solved/mag_nuisance/delta_lifted,t,132.0
uncentered,error,log-0078-valid,travel/solved/mag_nuisance/delta_lifted,rmse,7.547165210288215
uncentered,error,log-0078-valid,travel/solved/mag_nuisance/delta_lifted,nrmse,0.2653979664848628
uncentered,error,log-0078-valid,travel/solved/mag_nuisance/delta_lifted,bin_rmse,7.748522303181638
uncentered,error,log-0078-valid,travel/solved/mag_nuisance/delta_lifted,mae,5.9259847560263434
uncentered,error,log-0078-valid,travel/solved/mag_nuisance/delta_lifted,me,2.719811687530873
uncentered,error,log-0078-valid,travel/solved/mag_nuisance/delta_lifted,rms_travel,28.437162915182597
uncentered,error,log-0079,travel/solved/mag_nuisance/delta_lifted,t,240.0
uncentered,error,log-0079,travel/solved/mag_nuisance/delta_lifted,rmse,36.65478136705426
uncentered,error,log-0079,travel/solved/mag_nuisance/delta_lifted,nrmse,1.4282099997527353
uncentered,error,log-0079,travel/solved/mag_nuisance/delta_lifted,bin_rmse,37.44917853893722
uncentered,error,log-0079,travel/solved/mag_nuisance/delta_lifted,mae,36.26672940379542
uncentered,error,log-0079,travel/solved/mag_nuisance/delta_lifted,me,-36.26672940379542
uncentered,error,log-0079,travel/solved/mag_nuisance/delta_lifted,rms_travel,25.664840165942174
uncentered,error,log-0080-valid,travel/solved/mag_nuisance/delta_lifted,t,325.0
uncentered,error,log-0080-valid,travel/solved/mag_nuisance/delta_lifted,rmse,40.11814707362277
uncentered,error,log-0080-valid,travel/solved/mag_nuisance/delta_lifted,nrmse,1.391275513754826
uncentered,error,log-0080-valid,travel/solved/mag_nuisance/delta_lifted,bin_rmse,39.63068287255235
uncentered,error,log-0080-valid,travel/solved/mag_nuisance/delta_lifted,mae,39.62833343797096
uncentered,error,log-0080-valid,travel/solved/mag_nuisance/delta_lifted,me,39.476200859516254
uncentered,error,log-0080-valid,travel/solved/mag_nuisance/delta_lifted,rms_travel,28.83551581048848
uncentered,error,log-0081,travel/solved/mag_nuisance/delta_lifted,t,735.0
uncentered,error,log-0081,travel/solved/mag_nuisance/delta_lifted,rmse,15.499174327653348
uncentered,error,log-0081,travel/solved/mag_nuisance/delta_lifted,nrmse,0.7398142806235013
uncentered,error,log-0081,travel/solved/mag_nuisance/delta_lifted,bin_rmse,14.27118619463637
uncentered,error,log-0081,travel/solved/mag_nuisance/delta_lifted,mae,11.687683884362501
uncentered,error,log-0081,travel/solved/mag_nuisance/delta_lifted,me,-11.476828725455928
uncentered,error,log-0081,travel/solved/mag_nuisance/delta_lifted,rms_travel,20.950088060737272
uncentered,error,log103,travel/solved/mag_nuisance/delta_lifted,t,396.0
uncentered,error,log103,travel/solved/mag_nuisance/delta_lifted,rmse,32.18268019181111
uncentered,error,log103,travel/solved/mag_nuisance/delta_lifted,nrmse,1.422329515942227
uncentered,error,log103,travel/solved/mag_nuisance/delta_lifted,bin_rmse,32.4833534485498
uncentered,error,log103,travel/solved/mag_nuisance/delta_lifted,mae,31.797745236450996
uncentered,error,log103,travel/solved/mag_nuisance/delta_lifted,me,-31.779809734609927
uncentered,error,log103,travel/solved/mag_nuisance/delta_lifted,rms_travel,22.626740028306017
uncentered,error,log104,travel/solved/mag_nuisance/delta_lifted,t,398.0
uncentered,error,log104,travel/solved/mag_nuisance/delta_lifted,rmse,30.28526745658389
uncentered,error,log104,travel/solved/mag_nuisance/delta_lifted,nrmse,1.4030368034114127
uncentered,error,log104,travel/solved/mag_nuisance/delta_lifted,bin_rmse,32.0679462137094
uncentered,error,log104,travel/solved/mag_nuisance/delta_lifted,mae,29.860993211402402
uncentered,error,log104,travel/solved/mag_nuisance/delta_lifted,me,-29.694934926425198
uncentered,error,log104,travel/solved/mag_nuisance/delta_lifted,rms_travel,21.58551178625308
uncentered,error,log106,travel/solved/mag_nuisance/delta_lifted,t,155.0
uncentered,error,log106,travel/solved/mag_nuisance/delta_lifted,rmse,17.404070468119635
uncentered,error,log106,travel/solved/mag_nuisance/delta_lifted,nrmse,0.7673763891306725
uncentered,error,log106,travel/solved/mag_nuisance/delta_lifted,bin_rmse,17.8828757720842
uncentered,error,log106,travel/solved/mag_nuisance/delta_lifted,mae,17.086698316160998
uncentered,error,log106,travel/solved/mag_nuisance/delta_lifted,me,-17.08648212005144
uncentered,error,log106,travel/solved/mag_nuisance/delta_lifted,rms_travel,22.679966069631035
uncentered,error,log107,travel/solved/mag_nuisance/delta_lifted,t,167.0
uncentered,error,log107,travel/solved/mag_nuisance/delta_lifted,rmse,19.559545714811215
uncentered,error,log107,travel/solved/mag_nuisance/delta_lifted,nrmse,0.9004925520090924
uncentered,error,log107,travel/solved/mag_nuisance/delta_lifted,bin_rmse,19.453849257561355
uncentered,error,log107,travel/solved/mag_nuisance/delta_lifted,mae,19.281439266967105
uncentered,error,log107,travel/solved/mag_nuisance/delta_lifted,me,-19.281344738013203
uncentered,error,log107,travel/solved/mag_nuisance/delta_lifted,rms_travel,21.720941135128587
uncentered,error,log109,travel/solved/mag_nuisance/delta_lifted,t,181.0
uncentered,error,log109,travel/solved/mag_nuisance/delta_lifted,rmse,23.630541402655577
uncentered,error,log109,travel/solved/mag_nuisance/delta_lifted,nrmse,1.0718985815134328
uncentered,error,log109,travel/solved/mag_nuisance/delta_lifted,bin_rmse,23.085786959574282
uncentered,error,log109,travel/solved/mag_nuisance/delta_lifted,mae,23.36122203718538
uncentered,error,log109,travel/solved/mag_nuisance/delta_lifted,me,-23.36122203718538
uncentered,error,log109,travel/solved/mag_nuisance/delta_lifted,rms_travel,22.0455011418069
uncentered,error,log110,travel/solved/mag_nuisance/delta_lifted,t,171.0
uncentered,error,log110,travel/solved/mag_nuisance/delta_lifted,rmse,22.84161331313927
uncentered,error,log110,travel/solved/mag_nuisance/delta_lifted,nrmse,1.0720763670527296
uncentered,error,log110,travel/solved/mag_nuisance/delta_lifted,bin_rmse,23.232860779988386
uncentered,error,log110,travel/solved/mag_nuisance/delta_lifted,mae,22.54869561005111
uncentered,error,log110,travel/solved/mag_nuisance/delta_lifted,me,-22.54869561005111
uncentered,error,log110,travel/solved/mag_nuisance/delta_lifted,rms_travel,21.305957313408268
uncentered,error,log112,travel/solved/mag_nuisance/delta_lifted,t,330.0
uncentered,error,log112,travel/solved/mag_nuisance/delta_lifted,rmse,17.95505885442009
uncentered,error,log112,travel/solved/mag_nuisance/delta_lifted,nrmse,0.7829879557577325
uncentered,error,log112,travel/solved/mag_nuisance/delta_lifted,bin_rmse,18.885872938513618
uncentered,error,log112,travel/solved/mag_nuisance/delta_lifted,mae,17.271281050438123
uncentered,error,log112,travel/solved/mag_nuisance/delta_lifted,me,-17.160667296479634
uncentered,error,log112,travel/solved/mag_nuisance/delta_lifted,rms_travel,22.931462383791303
uncentered,error,log-0098,travel/solved/mag_nuisance/delta_lifted,t,224.0
uncentered,error,log-0098,travel/solved/mag_nuisance/delta_lifted,rmse,6.31154746237431
uncentered,error,log-0098,travel/solved/mag_nuisance/delta_lifted,nrmse,0.23766113714380865
uncentered,error,log-0098,travel/solved/mag_nuisance/delta_lifted,bin_rmse,6.220670581672789
uncentered,error,log-0098,travel/solved/mag_nuisance/delta_lifted,mae,4.750351797663089
uncentered,error,log-0098,travel/solved/mag_nuisance/delta_lifted,me,1.2112483364309192
uncentered,error,log-0098,travel/solved/mag_nuisance/delta_lifted,rms_travel,26.5569185531381
uncentered,error,log-0099,travel/solved/mag_nuisance/delta_lifted,t,634.0
uncentered,error,log-0099,travel/solved/mag_nuisance/delta_lifted,rmse,23.94186686161811
uncentered,error,log-0099,travel/solved/mag_nuisance/delta_lifted,nrmse,1.2010470058707978
uncentered,error,log-0099,travel/solved/mag_nuisance/delta_lifted,bin_rmse,24.275454828283955
uncentered,error,log-0099,travel/solved/mag_nuisance/delta_lifted,mae,22.17689801141491
uncentered,error,log-0099,travel/solved/mag_nuisance/delta_lifted,me,-22.17367727642305
uncentered,error,log-0099,travel/solved/mag_nuisance/delta_lifted,rms_travel,19.9341630632179
uncentered,error,log-0113,travel/solved/mag_nuisance/delta_lifted,t,232.0
uncentered,error,log-0113,travel/solved/mag_nuisance/delta_lifted,rmse,9.985920465319383
uncentered,error,log-0113,travel/solved/mag_nuisance/delta_lifted,nrmse,0.3783593234103495
uncentered,error,log-0113,travel/solved/mag_nuisance/delta_lifted,bin_rmse,11.866470421553862
uncentered,error,log-0113,travel/solved/mag_nuisance/delta_lifted,mae,8.50284914717456
uncentered,error,log-0113,travel/solved/mag_nuisance/delta_lifted,me,-8.230710623328397
uncentered,error,log-0113,travel/solved/mag_nuisance/delta_lifted,rms_travel,26.39269035400287
uncentered,error,log-0115,travel/solved/mag_nuisance/delta_lifted,t,171.0
uncentered,error,log-0115,travel/solved/mag_nuisance/delta_lifted,rmse,24.32469612500992
uncentered,error,log-0115,travel/solved/mag_nuisance/delta_lifted,nrmse,1.0300559803126283
uncentered,error,log-0115,travel/solved/mag_nuisance/delta_lifted,bin_rmse,27.438670291833855
uncentered,error,log-0115,travel/solved/mag_nuisance/delta_lifted,mae,23.521521177192437
uncentered,error,log-0115,travel/solved/mag_nuisance/delta_lifted,me,-23.512407484890396
uncentered,error,log-0115,travel/solved/mag_nuisance/delta_lifted,rms_travel,23.61492636315477
uncentered,error,log-0116,travel/solved/mag_nuisance/delta_lifted,t,175.0
uncentered,error,log-0116,travel/solved/mag_nuisance/delta_lifted,rmse,7.390697755175203
uncentered,error,log-0116,travel/solved/mag_nuisance/delta_lifted,nrmse,0.24011377926165825
uncentered,error,log-0116,travel/solved/mag_nuisance/delta_lifted,bin_rmse,7.8172488268196645
uncentered,error,log-0116,travel/solved/mag_nuisance/delta_lifted,mae,5.275111553624859
uncentered,error,log-0116,travel/solved/mag_nuisance/delta_lifted,me,-4.090420932939331
uncentered,error,log-0116,travel/solved/mag_nuisance/delta_lifted,rms_travel,30.779981798218113
uncentered,error,log-0117,travel/solved/mag_nuisance/delta_lifted,t,122.0
uncentered,error,log-0117,travel/solved/mag_nuisance/delta_lifted,rmse,6.915223507238234
uncentered,error,log-0117,travel/solved/mag_nuisance/delta_lifted,nrmse,0.26727531556474043
uncentered,error,log-0117,travel/solved/mag_nuisance/delta_lifted,bin_rmse,8.475826896279925
uncentered,error,log-0117,travel/solved/mag_nuisance/delta_lifted,mae,4.754825005144205
uncentered,error,log-0117,travel/solved/mag_nuisance/delta_lifted,me,-4.132105800299573
uncentered,error,log-0117,travel/solved/mag_nuisance/delta_lifted,rms_travel,25.87303467447671
uncentered,error,log-0118,travel/solved/mag_nuisance/delta_lifted,t,110.0
uncentered,error,log-0118,travel/solved/mag_nuisance/delta_lifted,rmse,15.507904838162133
uncentered,error,log-0118,travel/solved/mag_nuisance/delta_lifted,nrmse,0.42592623543386343
uncentered,error,log-0118,travel/solved/mag_nuisance/delta_lifted,bin_rmse,16.33939884337722
uncentered,error,log-0118,travel/solved/mag_nuisance/delta_lifted,mae,14.288448406719235
uncentered,error,log-0118,travel/solved/mag_nuisance/delta_lifted,me,-14.144873935566057
uncentered,error,log-0118,travel/solved/mag_nuisance/delta_lifted,rms_travel,36.409837075110524
uncentered,error,log-0119,travel/solved/mag_nuisance/delta_lifted,t,138.0
uncentered,error,log-0119,travel/solved/mag_nuisance/delta_lifted,rmse,6.4850816046081725
uncentered,error,log-0119,travel/solved/mag_nuisance/delta_lifted,nrmse,0.1822433727215144
uncentered,error,log-0119,travel/solved/mag_nuisance/delta_lifted,bin_rmse,6.654673395911676
uncentered,error,log-0119,travel/solved/mag_nuisance/delta_lifted,mae,4.985368816606391
uncentered,error,log-0119,travel/solved/mag_nuisance/delta_lifted,me,0.973054106627003
uncentered,error,log-0119,travel/solved/mag_nuisance/delta_lifted,rms_travel,35.58473215109999
uncentered,error,log-0120,travel/solved/mag_nuisance/delta_lifted,t,49.0
uncentered,error,log-0120,travel/solved/mag_nuisance/delta_lifted,rmse,18.715635816397132
uncentered,error,log-0120,travel/solved/mag_nuisance/delta_lifted,nrmse,0.5508301803149791
uncentered,error,log-0120,travel/solved/mag_nuisance/delta_lifted,bin_rmse,19.1946751996488
uncentered,error,log-0120,travel/solved/mag_nuisance/delta_lifted,mae,17.597361404135686
uncentered,error,log-0120,travel/solved/mag_nuisance/delta_lifted,me,-17.51763406040183
uncentered,error,log-0120,travel/solved/mag_nuisance/delta_lifted,rms_travel,33.977143020186446
uncentered,error,log-0122,travel/solved/mag_nuisance/delta_lifted,t,317.0
uncentered,error,log-0122,travel/solved/mag_nuisance/delta_lifted,rmse,21.681527538164737
uncentered,error,log-0122,travel/solved/mag_nuisance/delta_lifted,nrmse,0.6739742821372573
uncentered,error,log-0122,travel/solved/mag_nuisance/delta_lifted,bin_rmse,22.795209071102516
uncentered,error,log-0122,travel/solved/mag_nuisance/delta_lifted,mae,19.906782142150647
uncentered,error,log-0122,travel/solved/mag_nuisance/delta_lifted,me,-19.88267716701219
uncentered,error,log-0122,travel/solved/mag_nuisance/delta_lifted,rms_travel,32.16966598400444
uncentered,error,log-0125,travel/solved/mag_nuisance/delta_lifted,t,187.0
uncentered,error,log-0125,travel/solved/mag_nuisance/delta_lifted,rmse,28.933701059750202
uncentered,error,log-0125,travel/solved/mag_nuisance/delta_lifted,nrmse,0.8833795795646862
uncentered,error,log-0125,travel/solved/mag_nuisance/delta_lifted,bin_rmse,30.149574000829634
uncentered,error,log-0125,travel/solved/mag_nuisance/delta_lifted,mae,28.086450600279562
uncentered,error,log-0125,travel/solved/mag_nuisance/delta_lifted,me,-28.08444569912489
uncentered,error,log-0125,travel/solved/mag_nuisance/delta_lifted,rms_travel,32.75341849537457
uncentered,error,log-0126,travel/solved/mag_nuisance/delta_lifted,t,51.0
uncentered,error,log-0126,travel/solved/mag_nuisance/delta_lifted,rmse,26.413843098483447
uncentered,error,log-0126,travel/solved/mag_nuisance/delta_lifted,nrmse,0.7266578066499739
uncentered,error,log-0126,travel/solved/mag_nuisance/delta_lifted,bin_rmse,27.986093125565603
uncentered,error,log-0126,travel/solved/mag_nuisance/delta_lifted,mae,25.44380548479296
uncentered,error,log-0126,travel/solved/mag_nuisance/delta_lifted,me,-25.436281965653027
uncentered,error,log-0126,travel/solved/mag_nuisance/delta_lifted,rms_travel,36.34976856610971
uncentered,error,log-0127,travel/solved/mag_nuisance/delta_lifted,t,102.0
uncentered,error,log-0127,travel/solved/mag_nuisance/delta_lifted,rmse,9.437090747671816
uncentered,error,log-0127,travel/solved/mag_nuisance/delta_lifted,nrmse,0.2698440094277389
uncentered,error,log-0127,travel/solved/mag_nuisance/delta_lifted,bin_rmse,8.944305607131657
uncentered,error,log-0127,travel/solved/mag_nuisance/delta_lifted,mae,7.899952941397043
uncentered,error,log-0127,travel/solved/mag_nuisance/delta_lifted,me,6.531538119119214
uncentered,error,log-0127,travel/solved/mag_nuisance/delta_lifted,rms_travel,34.972393004703555
uncentered,error,log-0129,travel/solved/mag_nuisance/delta_lifted,t,409.0
uncentered,error,log-0129,travel/solved/mag_nuisance/delta_lifted,rmse,27.457044366464984
uncentered,error,log-0129,travel/solved/mag_nuisance/delta_lifted,nrmse,0.8690261896647702
uncentered,error,log-0129,travel/solved/mag_nuisance/delta_lifted,bin_rmse,26.884801153089903
uncentered,error,log-0129,travel/solved/mag_nuisance/delta_lifted,mae,26.792537870900933
uncentered,error,log-0129,travel/solved/mag_nuisance/delta_lifted,me,26.73142929071352
uncentered,error,log-0129,travel/solved/mag_nuisance/delta_lifted,rms_travel,31.59518630509471
uncentered,error,log-0132,travel/solved/mag_nuisance/delta_lifted,t,266.0
uncentered,error,log-0132,travel/solved/mag_nuisance/delta_lifted,rmse,18.095102537702058
uncentered,error,log-0132,travel/solved/mag_nuisance/delta_lifted,nrmse,0.5467816147492077
uncentered,error,log-0132,travel/solved/mag_nuisance/delta_lifted,bin_rmse,18.89598846101042
uncentered,error,log-0132,travel/solved/mag_nuisance/delta_lifted,mae,15.56947583761619
uncentered,error,log-0132,travel/solved/mag_nuisance/delta_lifted,me,-15.51038324831536
uncentered,error,log-0132,travel/solved/mag_nuisance/delta_lifted,rms_travel,33.09383865439904
uncentered,error,log-0133,travel/solved/mag_nuisance/delta_lifted,t,93.0
uncentered,error,log-0133,travel/solved/mag_nuisance/delta_lifted,rmse,12.57994508955539
uncentered,error,log-0133,travel/solved/mag_nuisance/delta_lifted,nrmse,0.4245133093396871
uncentered,error,log-0133,travel/solved/mag_nuisance/delta_lifted,bin_rmse,13.609953728524431
uncentered,error,log-0133,travel/solved/mag_nuisance/delta_lifted,mae,11.311003019336159
uncentered,error,log-0133,travel/solved/mag_nuisance/delta_lifted,me,-11.222756856689909
uncentered,error,log-0133,travel/solved/mag_nuisance/delta_lifted,rms_travel,29.633806085191942
uncentered,error,log-0145-filtered-c01,travel/solved/mag_nuisance/delta_lifted,t,349.0
uncentered,error,log-0145-filtered-c01,travel/solved/mag_nuisance/delta_lifted,rmse,8.20524491913565
uncentered,error,log-0145-filtered-c01,travel/solved/mag_nuisance/delta_lifted,nrmse,0.4549802731617696
uncentered,error,log-0145-filtered-c01,travel/solved/mag_nuisance/delta_lifted,bin_rmse,6.908517337297666
uncentered,error,log-0145-filtered-c01,travel/solved/mag_nuisance/delta_lifted,mae,5.191989149192649
uncentered,error,log-0145-filtered-c01,travel/solved/mag_nuisance/delta_lifted,me,-3.410864568387374
uncentered,error,log-0145-filtered-c01,travel/solved/mag_nuisance/delta_lifted,rms_travel,18.034287205718588
uncentered,error,log-0147-filtered-c01,travel/solved/mag_nuisance/delta_lifted,t,82.0
uncentered,error,log-0147-filtered-c01,travel/solved/mag_nuisance/delta_lifted,rmse,35.295693392461374
uncentered,error,log-0147-filtered-c01,travel/solved/mag_nuisance/delta_lifted,nrmse,2.1460039521752514
uncentered,error,log-0147-filtered-c01,travel/solved/mag_nuisance/delta_lifted,bin_rmse,35.61457831089262
uncentered,error,log-0147-filtered-c01,travel/solved/mag_nuisance/delta_lifted,mae,34.78576783541087
uncentered,error,log-0147-filtered-c01,travel/solved/mag_nuisance/delta_lifted,me,-34.7459133872913
uncentered,error,log-0147-filtered-c01,travel/solved/mag_nuisance/delta_lifted,rms_travel,16.447170731761535
uncentered,error,log-0147-filtered-c02,travel/solved/mag_nuisance/delta_lifted,t,320.0
uncentered,error,log-0147-filtered-c02,travel/solved/mag_nuisance/delta_lifted,rmse,28.73920724824171
uncentered,error,log-0147-filtered-c02,travel/solved/mag_nuisance/delta_lifted,nrmse,1.642495375631365
uncentered,error,log-0147-filtered-c02,travel/solved/mag_nuisance/delta_lifted,bin_rmse,34.57415911951315
uncentered,error,log-0147-filtered-c02,travel/solved/mag_nuisance/delta_lifted,mae,27.579363221296404
uncentered,error,log-0147-filtered-c02,travel/solved/mag_nuisance/delta_lifted,me,27.093615664389365
uncentered,error,log-0147-filtered-c02,travel/solved/mag_nuisance/delta_lifted,rms_travel,17.497283508146584
uncentered,error,log-0151-filtered-c01,travel/solved/mag_nuisance/delta_lifted,t,86.0
uncentered,error,log-0151-filtered-c01,travel/solved/mag_nuisance/delta_lifted,rmse,11.063704526159508
uncentered,error,log-0151-filtered-c01,travel/solved/mag_nuisance/delta_lifted,nrmse,0.5590396003086191
uncentered,error,log-0151-filtered-c01,travel/solved/mag_nuisance/delta_lifted,bin_rmse,9.910678466515666
uncentered,error,log-0151-filtered-c01,travel/solved/mag_nuisance/delta_lifted,mae,6.900154886540564
uncentered,error,log-0151-filtered-c01,travel/solved/mag_nuisance/delta_lifted,me,-5.765298051973229
uncentered,error,log-0151-filtered-c01,travel/solved/mag_nuisance/delta_lifted,rms_travel,19.790556017948933
uncentered,error,log-0152-filtered-c01,travel/solved/mag_nuisance/delta_lifted,t,150.0
uncentered,error,log-0152-filtered-c01,travel/solved/mag_nuisance/delta_lifted,rmse,21.791832175428144
uncentered,error,log-0152-filtered-c01,travel/solved/mag_nuisance/delta_lifted,nrmse,1.181758450469637
uncentered,error,log-0152-filtered-c01,travel/solved/mag_nuisance/delta_lifted,bin_rmse,24.61126274741952
uncentered,error,log-0152-filtered-c01,travel/solved/mag_nuisance/delta_lifted,mae,21.299707705727588
uncentered,error,log-0152-filtered-c01,travel/solved/mag_nuisance/delta_lifted,me,-21.25254827743811
uncentered,error,log-0152-filtered-c01,travel/solved/mag_nuisance/delta_lifted,rms_travel,18.44017461162893
uncentered,error,log-0152-filtered-c02,travel/solved/mag_nuisance/delta_lifted,t,92.0
uncentered,error,log-0152-filtered-c02,travel/solved/mag_nuisance/delta_lifted,rmse,33.162489921930934
uncentered,error,log-0152-filtered-c02,travel/solved/mag_nuisance/delta_lifted,nrmse,2.322399775200502
uncentered,error,log-0152-filtered-c02,travel/solved/mag_nuisance/delta_lifted,bin_rmse,32.455356488330374
uncentered,error,log-0152-filtered-c02,travel/solved/mag_nuisance/delta_lifted,mae,32.68119818473767
uncentered,error,log-0152-filtered-c02,travel/solved/mag_nuisance/delta_lifted,me,-32.65633944277143
uncentered,error,log-0152-filtered-c02,travel/solved/mag_nuisance/delta_lifted,rms_travel,14.279406274515285
uncentered,error,log-0155-filtered-c01,travel/solved/mag_nuisance/delta_lifted,t,133.0
uncentered,error,log-0155-filtered-c01,travel/solved/mag_nuisance/delta_lifted,rmse,37.5578957341962
uncentered,error,log-0155-filtered-c01,travel/solved/mag_nuisance/delta_lifted,nrmse,1.4037835483282566
uncentered,error,log-0155-filtered-c01,travel/solved/mag_nuisance/delta_lifted,bin_rmse,39.42350076489253
uncentered,error,log-0155-filtered-c01,travel/solved/mag_nuisance/delta_lifted,mae,37.07614356573573
uncentered,error,log-0155-filtered-c01,travel/solved/mag_nuisance/delta_lifted,me,-37.03377724262736
uncentered,error,log-0155-filtered-c01,travel/solved/mag_nuisance/delta_lifted,rms_travel,26.75476271176087
uncentered,error,log-0046,travel/mag_nuisance/corrected,t,375.0
uncentered,error,log-0046,travel/mag_nuisance/corrected,rmse,16.678476202375336
uncentered,error,log-0046,travel/mag_nuisance/corrected,nrmse,0.8230842095961879
uncentered,error,log-0046,travel/mag_nuisance/corrected,bin_rmse,18.578625226361066
uncentered,error,log-0046,travel/mag_nuisance/corrected,mae,16.307196630301522
uncentered,error,log-0046,travel/mag_nuisance/corrected,me,-16.30639915171588
uncentered,error,log-0046,travel/mag_nuisance/corrected,rms_travel,20.263389830498557
uncentered,error,log-0048,travel/mag_nuisance/corrected,t,335.0
uncentered,error,log-0048,travel/mag_nuisance/corrected,rmse,4.569597032203374
uncentered,error,log-0048,travel/mag_nuisance/corrected,nrmse,0.20604744727737095
uncentered,error,log-0048,travel/mag_nuisance/corrected,bin_rmse,6.0080095306224495
uncentered,error,log-0048,travel/mag_nuisance/corrected,mae,3.3314776132176966
uncentered,error,log-0048,travel/mag_nuisance/corrected,me,-2.618693043943877
uncentered,error,log-0048,travel/mag_nuisance/corrected,rms_travel,22.17740181974692
uncentered,error,log-0049,travel/mag_nuisance/corrected,t,176.0
uncentered,error,log-0049,travel/mag_nuisance/corrected,rmse,20.87287778763833
uncentered,error,log-0049,travel/mag_nuisance/corrected,nrmse,0.9502358230357457
uncentered,error,log-0049,travel/mag_nuisance/corrected,bin_rmse,21.652282108664497
uncentered,error,log-0049,travel/mag_nuisance/corrected,mae,20.62883360834201
uncentered,error,log-0049,travel/mag_nuisance/corrected,me,-20.62653192780392
uncentered,error,log-0049,travel/mag_nuisance/corrected,rms_travel,21.965997578322344
uncentered,error,log-0054,travel/mag_nuisance/corrected,t,670.0
uncentered,error,log-0054,travel/mag_nuisance/corrected,rmse,6.449879873345443
uncentered,error,log-0054,travel/mag_nuisance/corrected,nrmse,0.36722382736938786
uncentered,error,log-0054,travel/mag_nuisance/corrected,bin_rmse,7.385420888466013
uncentered,error,log-0054,travel/mag_nuisance/corrected,mae,5.3830545007807835
uncentered,error,log-0054,travel/mag_nuisance/corrected,me,-5.341359670399195
uncentered,error,log-0054,travel/mag_nuisance/corrected,rms_travel,17.56389262523958
uncentered,error,log-0055,travel/mag_nuisance/corrected,t,225.0
uncentered,error,log-0055,travel/mag_nuisance/corrected,rmse,4.03193549119524
uncentered,error,log-0055,travel/mag_nuisance/corrected,nrmse,0.17451044424376352
uncentered,error,log-0055,travel/mag_nuisance/corrected,bin_rmse,4.222699902574191
uncentered,error,log-0055,travel/mag_nuisance/corrected,mae,2.6377661348738135
uncentered,error,log-0055,travel/mag_nuisance/corrected,me,-0.5994804768901965
uncentered,error,log-0055,travel/mag_nuisance/corrected,rms_travel,23.10426466832703
uncentered,error,log-0056,travel/mag_nuisance/corrected,t,273.0
uncentered,error,log-0056,travel/mag_nuisance/corrected,rmse,7.035595008856286
uncentered,error,log-0056,travel/mag_nuisance/corrected,nrmse,0.3168882622559421
uncentered,error,log-0056,travel/mag_nuisance/corrected,bin_rmse,6.891044696433366
uncentered,error,log-0056,travel/mag_nuisance/corrected,mae,6.393614274145314
uncentered,error,log-0056,travel/mag_nuisance/corrected,me,5.786060010090532
uncentered,error,log-0056,travel/mag_nuisance/corrected,rms_travel,22.202131940039568
uncentered,error,log-0058,travel/mag_nuisance/corrected,t,388.0
uncentered,error,log-0058,travel/mag_nuisance/corrected,rmse,4.431777813220785
uncentered,error,log-0058,travel/mag_nuisance/corrected,nrmse,0.19206957468525734
uncentered,error,log-0058,travel/mag_nuisance/corrected,bin_rmse,4.97548127297744
uncentered,error,log-0058,travel/mag_nuisance/corrected,mae,3.0017231979005063
uncentered,error,log-0058,travel/mag_nuisance/corrected,me,1.1555894900134873
uncentered,error,log-0058,travel/mag_nuisance/corrected,rms_travel,23.073814894853072
uncentered,error,log-0063,travel/mag_nuisance/corrected,t,103.0
uncentered,error,log-0063,travel/mag_nuisance/corrected,rmse,18.623041948980035
uncentered,error,log-0063,travel/mag_nuisance/corrected,nrmse,0.7171960446825663
uncentered,error,log-0063,travel/mag_nuisance/corrected,bin_rmse,19.457851278826535
uncentered,error,log-0063,travel/mag_nuisance/corrected,mae,18.30327918063947
uncentered,error,log-0063,travel/mag_nuisance/corrected,me,-18.303208508625413
uncentered,error,log-0063,travel/mag_nuisance/corrected,rms_travel,25.966459362199448
uncentered,error,log-0071_183,travel/mag_nuisance/corrected,t,416.0
uncentered,error,log-0071_183,travel/mag_nuisance/corrected,rmse,5.953993864693084
uncentered,error,log-0071_183,travel/mag_nuisance/corrected,nrmse,0.2788210727808696
uncentered,error,log-0071_183,travel/mag_nuisance/corrected,bin_rmse,6.147065046999681
uncentered,error,log-0071_183,travel/mag_nuisance/corrected,mae,5.467860531180715
uncentered,error,log-0071_183,travel/mag_nuisance/corrected,me,5.046684135386453
uncentered,error,log-0071_183,travel/mag_nuisance/corrected,rms_travel,21.354174579811737
uncentered,error,log-0072_184,travel/mag_nuisance/corrected,t,328.0
uncentered,error,log-0072_184,travel/mag_nuisance/corrected,rmse,5.9578266037960725
uncentered,error,log-0072_184,travel/mag_nuisance/corrected,nrmse,0.2855439167157634
uncentered,error,log-0072_184,travel/mag_nuisance/corrected,bin_rmse,6.731160568949259
uncentered,error,log-0072_184,travel/mag_nuisance/corrected,mae,4.599199144333607
uncentered,error,log-0072_184,travel/mag_nuisance/corrected,me,-4.396666602182171
uncentered,error,log-0072_184,travel/mag_nuisance/corrected,rms_travel,20.864834636721124
uncentered,error,log-0073_185,travel/mag_nuisance/corrected,t,287.0
uncentered,error,log-0073_185,travel/mag_nuisance/corrected,rmse,20.679821574133967
uncentered,error,log-0073_185,travel/mag_nuisance/corrected,nrmse,1.0708313411846104
uncentered,error,log-0073_185,travel/mag_nuisance/corrected,bin_rmse,21.756589837505974
uncentered,error,log-0073_185,travel/mag_nuisance/corrected,mae,20.300800952460328
uncentered,error,log-0073_185,travel/mag_nuisance/corrected,me,-20.300728471899497
uncentered,error,log-0073_185,travel/mag_nuisance/corrected,rms_travel,19.311931560815967
uncentered,error,log-0078-valid,travel/mag_nuisance/corrected,t,132.0
uncentered,error,log-0078-valid,travel/mag_nuisance/corrected,rmse,7.316431165082819
uncentered,error,log-0078-valid,travel/mag_nuisance/corrected,nrmse,0.2572841456408641
uncentered,error,log-0078-valid,travel/mag_nuisance/corrected,bin_rmse,7.418045751142207
uncentered,error,log-0078-valid,travel/mag_nuisance/corrected,mae,5.738354418027888
uncentered,error,log-0078-valid,travel/mag_nuisance/corrected,me,2.625498085761758
uncentered,error,log-0078-valid,travel/mag_nuisance/corrected,rms_travel,28.437162915182597
uncentered,error,log-0079,travel/mag_nuisance/corrected,t,240.0
uncentered,error,log-0079,travel/mag_nuisance/corrected,rmse,36.576330193858
uncentered,error,log-0079,travel/mag_nuisance/corrected,nrmse,1.4251532430112548
uncentered,error,log-0079,travel/mag_nuisance/corrected,bin_rmse,37.4334090871533
uncentered,error,log-0079,travel/mag_nuisance/corrected,mae,36.23804280441136
uncentered,error,log-0079,travel/mag_nuisance/corrected,me,-36.23804280441136
uncentered,error,log-0079,travel/mag_nuisance/corrected,rms_travel,25.664840165942174
uncentered,error,log-0080-valid,travel/mag_nuisance/corrected,t,325.0
uncentered,error,log-0080-valid,travel/mag_nuisance/corrected,rmse,39.979134782870574
uncentered,error,log-0080-valid,travel/mag_nuisance/corrected,nrmse,1.3864546431428415
uncentered,error,log-0080-valid,travel/mag_nuisance/corrected,bin_rmse,39.46845713170747
uncentered,error,log-0080-valid,travel/mag_nuisance/corrected,mae,39.48286780525714
uncentered,error,log-0080-valid,travel/mag_nuisance/corrected,me,39.46365060698855
uncentered,error,log-0080-valid,travel/mag_nuisance/corrected,rms_travel,28.83551581048848
uncentered,error,log-0081,travel/mag_nuisance/corrected,t,735.0
uncentered,error,log-0081,travel/mag_nuisance/corrected,rmse,15.691115558060776
uncentered,error,log-0081,travel/mag_nuisance/corrected,nrmse,0.7489761146860104
uncentered,error,log-0081,travel/mag_nuisance/corrected,bin_rmse,14.434668953578587
uncentered,error,log-0081,travel/mag_nuisance/corrected,mae,11.793243227401387
uncentered,error,log-0081,travel/mag_nuisance/corrected,me,-11.651312014606694
uncentered,error,log-0081,travel/mag_nuisance/corrected,rms_travel,20.950088060737272
uncentered,error,log103,travel/mag_nuisance/corrected,t,396.0
uncentered,error,log103,travel/mag_nuisance/corrected,rmse,32.34785999020849
uncentered,error,log103,travel/mag_nuisance/corrected,nrmse,1.429629719073157
uncentered,error,log103,travel/mag_nuisance/corrected,bin_rmse,32.71798931096583
uncentered,error,log103,travel/mag_nuisance/corrected,mae,31.972875255905283
uncentered,error,log103,travel/mag_nuisance/corrected,me,-31.966738054369344
uncentered,error,log103,travel/mag_nuisance/corrected,rms_travel,22.626740028306017
uncentered,error,log104,travel/mag_nuisance/corrected,t,398.0
uncentered,error,log104,travel/mag_nuisance/corrected,rmse,30.836423560908933
uncentered,error,log104,travel/mag_nuisance/corrected,nrmse,1.4285704164099262
uncentered,error,log104,travel/mag_nuisance/corrected,bin_rmse,32.59056747624696
uncentered,error,log104,travel/mag_nuisance/corrected,mae,30.463527401311268
uncentered,error,log104,travel/mag_nuisance/corrected,me,-30.434782043233607
uncentered,error,log104,travel/mag_nuisance/corrected,rms_travel,21.58551178625308
uncentered,error,log106,travel/mag_nuisance/corrected,t,155.0
uncentered,error,log106,travel/mag_nuisance/corrected,rmse,17.682314436325015
uncentered,error,log106,travel/mag_nuisance/corrected,nrmse,0.7796446600509697
uncentered,error,log106,travel/mag_nuisance/corrected,bin_rmse,18.40462001414427
uncentered,error,log106,travel/mag_nuisance/corrected,mae,17.300915607354984
uncentered,error,log106,travel/mag_nuisance/corrected,me,-17.300915607354984
uncentered,error,log106,travel/mag_nuisance/corrected,rms_travel,22.679966069631035
uncentered,error,log107,travel/mag_nuisance/corrected,t,167.0
uncentered,error,log107,travel/mag_nuisance/corrected,rmse,19.60158821470828
uncentered,error,log107,travel/mag_nuisance/corrected,nrmse,0.9024281265146128
uncentered,error,log107,travel/mag_nuisance/corrected,bin_rmse,19.530124349658067
uncentered,error,log107,travel/mag_nuisance/corrected,mae,19.268948390026598
uncentered,error,log107,travel/mag_nuisance/corrected,me,-19.26348250564827
uncentered,error,log107,travel/mag_nuisance/corrected,rms_travel,21.720941135128587
uncentered,error,log109,travel/mag_nuisance/corrected,t,181.0
uncentered,error,log109,travel/mag_nuisance/corrected,rmse,23.823629786634314
uncentered,error,log109,travel/mag_nuisance/corrected,nrmse,1.080657211346191
uncentered,error,log109,travel/mag_nuisance/corrected,bin_rmse,23.292880225321014
uncentered,error,log109,travel/mag_nuisance/corrected,mae,23.500010808088298
uncentered,error,log109,travel/mag_nuisance/corrected,me,-23.500010808088298
uncentered,error,log109,travel/mag_nuisance/corrected,rms_travel,22.0455011418069
uncentered,error,log110,travel/mag_nuisance/corrected,t,171.0
uncentered,error,log110,travel/mag_nuisance/corrected,rmse,23.072411385572632
uncentered,error,log110,travel/mag_nuisance/corrected,nrmse,1.0829089275914723
uncentered,error,log110,travel/mag_nuisance/corrected,bin_rmse,23.657614800253697
uncentered,error,log110,travel/mag_nuisance/corrected,mae,22.66749978267351
uncentered,error,log110,travel/mag_nuisance/corrected,me,-22.665606645456503
uncentered,error,log110,travel/mag_nuisance/corrected,rms_travel,21.305957313408268
uncentered,error,log112,travel/mag_nuisance/corrected,t,330.0
uncentered,error,log112,travel/mag_nuisance/corrected,rmse,18.254139863630012
uncentered,error,log112,travel/mag_nuisance/corrected,nrmse,0.7960303428591029
uncentered,error,log112,travel/mag_nuisance/corrected,bin_rmse,19.159291732404547
uncentered,error,log112,travel/mag_nuisance/corrected,mae,17.525706026611267
uncentered,error,log112,travel/mag_nuisance/corrected,me,-17.498639129197834
uncentered,error,log112,travel/mag_nuisance/corrected,rms_travel,22.931462383791303
uncentered,error,log-0098,travel/mag_nuisance/corrected,t,224.0
uncentered,error,log-0098,travel/mag_nuisance/corrected,rmse,5.971259407552725
uncentered,error,log-0098,travel/mag_nuisance/corrected,nrmse,0.22484760028181547
uncentered,error,log-0098,travel/mag_nuisance/corrected,bin_rmse,5.884978451698656
uncentered,error,log-0098,travel/mag_nuisance/corrected,mae,4.529260432838426
uncentered,error,log-0098,travel/mag_nuisance/corrected,me,1.1584970936252446
uncentered,error,log-0098,travel/mag_nuisance/corrected,rms_travel,26.5569185531381
uncentered,error,log-0099,travel/mag_nuisance/corrected,t,634.0
uncentered,error,log-0099,travel/mag_nuisance/corrected,rmse,24.128630808770296
uncentered,error,log-0099,travel/mag_nuisance/corrected,nrmse,1.210416044669161
uncentered,error,log-0099,travel/mag_nuisance/corrected,bin_rmse,24.491929969651284
uncentered,error,log-0099,travel/mag_nuisance/corrected,mae,22.35874315588779
uncentered,error,log-0099,travel/mag_nuisance/corrected,me,-22.3509184580459
uncentered,error,log-0099,travel/mag_nuisance/corrected,rms_travel,19.9341630632179
uncentered,error,log-0113,travel/mag_nuisance/corrected,t,232.0
uncentered,error,log-0113,travel/mag_nuisance/corrected,rmse,10.143296665463255
uncentered,error,log-0113,travel/mag_nuisance/corrected,nrmse,0.3843221941155712
uncentered,error,log-0113,travel/mag_nuisance/corrected,bin_rmse,12.237779902764428
uncentered,error,log-0113,travel/mag_nuisance/corrected,mae,8.591244422022738
uncentered,error,log-0113,travel/mag_nuisance/corrected,me,-8.330535204121627
uncentered,error,log-0113,travel/mag_nuisance/corrected,rms_travel,26.39269035400287
uncentered,error,log-0115,travel/mag_nuisance/corrected,t,171.0
uncentered,error,log-0115,travel/mag_nuisance/corrected,rmse,24.762837883649368
uncentered,error,log-0115,travel/mag_nuisance/corrected,nrmse,1.0486095744209318
uncentered,error,log-0115,travel/mag_nuisance/corrected,bin_rmse,28.379702769928034
uncentered,error,log-0115,travel/mag_nuisance/corrected,mae,23.895789246490075
uncentered,error,log-0115,travel/mag_nuisance/corrected,me,-23.893821808199345
uncentered,error,log-0115,travel/mag_nuisance/corrected,rms_travel,23.61492636315477
uncentered,error,log-0116,travel/mag_nuisance/corrected,t,175.0
uncentered,error,log-0116,travel/mag_nuisance/corrected,rmse,7.360243387272817
uncentered,error,log-0116,travel/mag_nuisance/corrected,nrmse,0.23912435801696638
uncentered,error,log-0116,travel/mag_nuisance/corrected,bin_rmse,7.822631274960602
uncentered,error,log-0116,travel/mag_nuisance/corrected,mae,5.181708469209165
uncentered,error,log-0116,travel/mag_nuisance/corrected,me,-4.297417391261545
uncentered,error,log-0116,travel/mag_nuisance/corrected,rms_travel,30.779981798218113
uncentered,error,log-0117,travel/mag_nuisance/corrected,t,122.0
uncentered,error,log-0117,travel/mag_nuisance/corrected,rmse,7.091024826152964
uncentered,error,log-0117,travel/mag_nuisance/corrected,nrmse,0.2740700855299411
uncentered,error,log-0117,travel/mag_nuisance/corrected,bin_rmse,8.761630606419022
uncentered,error,log-0117,travel/mag_nuisance/corrected,mae,4.782620567389438
uncentered,error,log-0117,travel/mag_nuisance/corrected,me,-4.322130286425352
uncentered,error,log-0117,travel/mag_nuisance/corrected,rms_travel,25.87303467447671
uncentered,error,log-0118,travel/mag_nuisance/corrected,t,110.0
uncentered,error,log-0118,travel/mag_nuisance/corrected,rmse,15.487739800778392
uncentered,error,log-0118,travel/mag_nuisance/corrected,nrmse,0.42537240056384895
uncentered,error,log-0118,travel/mag_nuisance/corrected,bin_rmse,16.53318654673436
uncentered,error,log-0118,travel/mag_nuisance/corrected,mae,14.376533054658902
uncentered,error,log-0118,travel/mag_nuisance/corrected,me,-14.24581986674957
uncentered,error,log-0118,travel/mag_nuisance/corrected,rms_travel,36.409837075110524
uncentered,error,log-0119,travel/mag_nuisance/corrected,t,138.0
uncentered,error,log-0119,travel/mag_nuisance/corrected,rmse,5.918188727897308
uncentered,error,log-0119,travel/mag_nuisance/corrected,nrmse,0.16631258323843717
uncentered,error,log-0119,travel/mag_nuisance/corrected,bin_rmse,6.040381541160855
uncentered,error,log-0119,travel/mag_nuisance/corrected,mae,4.640588070418705
uncentered,error,log-0119,travel/mag_nuisance/corrected,me,0.7957553454906762
uncentered,error,log-0119,travel/mag_nuisance/corrected,rms_travel,35.58473215109999
uncentered,error,log-0120,travel/mag_nuisance/corrected,t,49.0
uncentered,error,log-0120,travel/mag_nuisance/corrected,rmse,19.058097415469906
uncentered,error,log-0120,travel/mag_nuisance/corrected,nrmse,0.5609093561559058
uncentered,error,log-0120,travel/mag_nuisance/corrected,bin_rmse,19.599460025421774
uncentered,error,log-0120,travel/mag_nuisance/corrected,mae,18.0924800702639
uncentered,error,log-0120,travel/mag_nuisance/corrected,me,-18.054911878709976
uncentered,error,log-0120,travel/mag_nuisance/corrected,rms_travel,33.977143020186446
uncentered,error,log-0122,travel/mag_nuisance/corrected,t,317.0
uncentered,error,log-0122,travel/mag_nuisance/corrected,rmse,22.215225699222156
uncentered,error,log-0122,travel/mag_nuisance/corrected,nrmse,0.6905643879009536
uncentered,error,log-0122,travel/mag_nuisance/corrected,bin_rmse,23.488939847776518
uncentered,error,log-0122,travel/mag_nuisance/corrected,mae,20.323980294658153
uncentered,error,log-0122,travel/mag_nuisance/corrected,me,-20.31968303845253
uncentered,error,log-0122,travel/mag_nuisance/corrected,rms_travel,32.16966598400444
uncentered,error,log-0125,travel/mag_nuisance/corrected,t,187.0
uncentered,error,log-0125,travel/mag_nuisance/corrected,rmse,29.163659444212772
uncentered,error,log-0125,travel/mag_nuisance/corrected,nrmse,0.8904004767725622
uncentered,error,log-0125,travel/mag_nuisance/corrected,bin_rmse,30.445972341020855
uncentered,error,log-0125,travel/mag_nuisance/corrected,mae,28.354777832072518
uncentered,error,log-0125,travel/mag_nuisance/corrected,me,-28.354777832072518
uncentered,error,log-0125,travel/mag_nuisance/corrected,rms_travel,32.75341849537457
uncentered,error,log-0126,travel/mag_nuisance/corrected,t,51.0
uncentered,error,log-0126,travel/mag_nuisance/corrected,rmse,26.602385069358004
uncentered,error,log-0126,travel/mag_nuisance/corrected,nrmse,0.7318446889414431
uncentered,error,log-0126,travel/mag_nuisance/corrected,bin_rmse,28.291359771227842
uncentered,error,log-0126,travel/mag_nuisance/corrected,mae,25.758883655569033
uncentered,error,log-0126,travel/mag_nuisance/corrected,me,-25.751385770804767
uncentered,error,log-0126,travel/mag_nuisance/corrected,rms_travel,36.34976856610971
uncentered,error,log-0127,travel/mag_nuisance/corrected,t,102.0
uncentered,error,log-0127,travel/mag_nuisance/corrected,rmse,9.15763110727195
uncentered,error,log-0127,travel/mag_nuisance/corrected,nrmse,0.2618531453092246
uncentered,error,log-0127,travel/mag_nuisance/corrected,bin_rmse,8.574904162757383
uncentered,error,log-0127,travel/mag_nuisance/corrected,mae,7.642096906674376
uncentered,error,log-0127,travel/mag_nuisance/corrected,me,6.576750029763543
uncentered,error,log-0127,travel/mag_nuisance/corrected,rms_travel,34.972393004703555
uncentered,error,log-0129,travel/mag_nuisance/corrected,t,409.0
uncentered,error,log-0129,travel/mag_nuisance/corrected,rmse,27.350211119927195
uncentered,error,log-0129,travel/mag_nuisance/corrected,nrmse,0.8656448756409765
uncentered,error,log-0129,travel/mag_nuisance/corrected,bin_rmse,26.712590830130157
uncentered,error,log-0129,travel/mag_nuisance/corrected,mae,26.710980468118837
uncentered,error,log-0129,travel/mag_nuisance/corrected,me,26.645306407231224
uncentered,error,log-0129,travel/mag_nuisance/corrected,rms_travel,31.59518630509471
uncentered,error,log-0132,travel/mag_nuisance/corrected,t,266.0
uncentered,error,log-0132,travel/mag_nuisance/corrected,rmse,18.529294535241224
uncentered,error,log-0132,travel/mag_nuisance/corrected,nrmse,0.5599016399621624
uncentered,error,log-0132,travel/mag_nuisance/corrected,bin_rmse,19.518734504575736
uncentered,error,log-0132,travel/mag_nuisance/corrected,mae,15.852187886218774
uncentered,error,log-0132,travel/mag_nuisance/corrected,me,-15.833803279886675
uncentered,error,log-0132,travel/mag_nuisance/corrected,rms_travel,33.09383865439904
uncentered,error,log-0133,travel/mag_nuisance/corrected,t,93.0
uncentered,error,log-0133,travel/mag_nuisance/corrected,rmse,12.606372634076179
uncentered,error,log-0133,travel/mag_nuisance/corrected,nrmse,0.42540511326270714
uncentered,error,log-0133,travel/mag_nuisance/corrected,bin_rmse,13.732747298922959
uncentered,error,log-0133,travel/mag_nuisance/corrected,mae,11.443051996786256
uncentered,error,log-0133,travel/mag_nuisance/corrected,me,-11.358611906280947
uncentered,error,log-0133,travel/mag_nuisance/corrected,rms_travel,29.633806085191942
uncentered,error,log-0145-filtered-c01,travel/mag_nuisance/corrected,t,349.0
uncentered,error,log-0145-filtered-c01,travel/mag_nuisance/corrected,rmse,9.298008204031389
uncentered,error,log-0145-filtered-c01,travel/mag_nuisance/corrected,nrmse,0.5155739230482608
uncentered,error,log-0145-filtered-c01,travel/mag_nuisance/corrected,bin_rmse,7.6183204418146495
uncentered,error,log-0145-filtered-c01,travel/mag_nuisance/corrected,mae,5.724884579200702
uncentered,error,log-0145-filtered-c01,travel/mag_nuisance/corrected,me,-4.120004224732702
uncentered,error,log-0145-filtered-c01,travel/mag_nuisance/corrected,rms_travel,18.034287205718588
uncentered,error,log-0147-filtered-c01,travel/mag_nuisance/corrected,t,82.0
uncentered,error,log-0147-filtered-c01,travel/mag_nuisance/corrected,rmse,35.37594285542202
uncentered,error,log-0147-filtered-c01,travel/mag_nuisance/corrected,nrmse,2.150883178169159
uncentered,error,log-0147-filtered-c01,travel/mag_nuisance/corrected,bin_rmse,35.59639057299469
uncentered,error,log-0147-filtered-c01,travel/mag_nuisance/corrected,mae,34.88821926539361
uncentered,error,log-0147-filtered-c01,travel/mag_nuisance/corrected,me,-34.86003057549196
uncentered,error,log-0147-filtered-c01,travel/mag_nuisance/corrected,rms_travel,16.447170731761535
uncentered,error,log-0147-filtered-c02,travel/mag_nuisance/corrected,t,320.0
uncentered,error,log-0147-filtered-c02,travel/mag_nuisance/corrected,rmse,29.22649045268543
uncentered,error,log-0147-filtered-c02,travel/mag_nuisance/corrected,nrmse,1.6703444531305576
uncentered,error,log-0147-filtered-c02,travel/mag_nuisance/corrected,bin_rmse,35.340191349828416
uncentered,error,log-0147-filtered-c02,travel/mag_nuisance/corrected,mae,27.79671762208226
uncentered,error,log-0147-filtered-c02,travel/mag_nuisance/corrected,me,26.18729145511774
uncentered,error,log-0147-filtered-c02,travel/mag_nuisance/corrected,rms_travel,17.497283508146584
uncentered,error,log-0151-filtered-c01,travel/mag_nuisance/corrected,t,86.0
uncentered,error,log-0151-filtered-c01,travel/mag_nuisance/corrected,rmse,11.674987889612648
uncentered,error,log-0151-filtered-c01,travel/mag_nuisance/corrected,nrmse,0.5899272298880377
uncentered,error,log-0151-filtered-c01,travel/mag_nuisance/corrected,bin_rmse,10.4361965764481
uncentered,error,log-0151-filtered-c01,travel/mag_nuisance/corrected,mae,7.121317038665624
uncentered,error,log-0151-filtered-c01,travel/mag_nuisance/corrected,me,-6.176188107691174
uncentered,error,log-0151-filtered-c01,travel/mag_nuisance/corrected,rms_travel,19.790556017948933
uncentered,error,log-0152-filtered-c01,travel/mag_nuisance/corrected,t,150.0
uncentered,error,log-0152-filtered-c01,travel/mag_nuisance/corrected,rmse,22.10814340194533
uncentered,error,log-0152-filtered-c01,travel/mag_nuisance/corrected,nrmse,1.1989118252710724
uncentered,error,log-0152-filtered-c01,travel/mag_nuisance/corrected,bin_rmse,24.924809473397737
uncentered,error,log-0152-filtered-c01,travel/mag_nuisance/corrected,mae,21.598888505344807
uncentered,error,log-0152-filtered-c01,travel/mag_nuisance/corrected,me,-21.552543068331662
uncentered,error,log-0152-filtered-c01,travel/mag_nuisance/corrected,rms_travel,18.44017461162893
uncentered,error,log-0152-filtered-c02,travel/mag_nuisance/corrected,t,92.0
uncentered,error,log-0152-filtered-c02,travel/mag_nuisance/corrected,rmse,33.30758407378111
uncentered,error,log-0152-filtered-c02,travel/mag_nuisance/corrected,nrmse,2.3325608525633
uncentered,error,log-0152-filtered-c02,travel/mag_nuisance/corrected,bin_rmse,32.56380313842968
uncentered,error,log-0152-filtered-c02,travel/mag_nuisance/corrected,mae,32.789771791956746
uncentered,error,log-0152-filtered-c02,travel/mag_nuisance/corrected,me,-32.75716480801959
uncentered,error,log-0152-filtered-c02,travel/mag_nuisance/corrected,rms_travel,14.279406274515285
uncentered,error,log-0155-filtered-c01,travel/mag_nuisance/corrected,t,133.0
uncentered,error,log-0155-filtered-c01,travel/mag_nuisance/corrected,rmse,36.889049197460324
uncentered,error,log-0155-filtered-c01,travel/mag_nuisance/corrected,nrmse,1.3787843904608663
uncentered,error,log-0155-filtered-c01,travel/mag_nuisance/corrected,bin_rmse,38.936552325282875
uncentered,error,log-0155-filtered-c01,travel/mag_nuisance/corrected,mae,36.53648087076725
uncentered,error,log-0155-filtered-c01,travel/mag_nuisance/corrected,me,-36.53359797152949
uncentered,error,log-0155-filtered-c01,travel/mag_nuisance/corrected,rms_travel,26.75476271176087
centered,summary,log-0046,,samples,61344.0
centered,summary,log-0046,,dt_ms,9.999999999990905
centered,summary,log-0046,,total_s,613.4399999994421
centered,summary,log-0046,,active_s,375.9099999996581
centered,summary,log-0046,,active_pct,61.27901669274909
centered,summary,log-0048,,samples,108107.0
centered,summary,log-0048,,dt_ms,9.999999999990905
centered,summary,log-0048,,total_s,1081.0699999990168
centered,summary,log-0048,,active_s,335.73999999969465
centered,summary,log-0048,,active_pct,31.05626832675035
centered,summary,log-0049,,samples,44189.0
centered,summary,log-0049,,dt_ms,9.999999999990905
centered,summary,log-0049,,total_s,441.8899999995981
centered,summary,log-0049,,active_s,176.73999999983926
centered,summary,log-0049,,active_pct,39.99637918939103
centered,summary,log-0054,,samples,111816.0
centered,summary,log-0054,,dt_ms,9.999999999990905
centered,summary,log-0054,,total_s,1118.159999998983
centered,summary,log-0054,,active_s,670.0299999993906
centered,summary,log-0054,,active_pct,59.922551334334976
centered,summary,log-0055,,samples,43808.0
centered,summary,log-0055,,dt_ms,9.999999999990905
centered,summary,log-0055,,total_s,438.07999999960157
centered,summary,log-0055,,active_s,225.70999999979472
centered,summary,log-0055,,active_pct,51.52255295836377
centered,summary,log-0056,,samples,61448.0
centered,summary,log-0056,,dt_ms,9.999999999990905
centered,summary,log-0056,,total_s,614.4799999994411
centered,summary,log-0056,,active_s,273.4299999997513
centered,summary,log-0056,,active_pct,44.49778674651738
centered,summary,log-0058,,samples,44381.0
centered,summary,log-0058,,dt_ms,9.999999999990905
centered,summary,log-0058,,total_s,443.80999999959636
centered,summary,log-0058,,active_s,388.82999999964636
centered,summary,log-0058,,active_pct,87.61181586715037
centered,summary,log-0063,,samples,40781.0
centered,summary,log-0063,,dt_ms,9.999999999990905
centered,summary,log-0063,,total_s,407.8099999996291
centered,summary,log-0063,,active_s,103.51999999990585
centered,summary,log-0063,,active_pct,25.384370172384198
centered,summary,log-0071_183,,samples,65908.0
centered,summary,log-0071_183,,dt_ms,9.999999999990905
centered,summary,log-0071_183,,total_s,659.0799999994006
centered,summary,log-0071_183,,active_s,416.1799999996215
centered,summary,log-0071_183,,active_pct,63.145596892638224
centered,summary,log-0072_184,,samples,58385.0
centered,summary,log-0072_184,,dt_ms,9.999999999990905
centered,summary,log-0072_184,,total_s,583.849999999469
centered,summary,log-0072_184,,active_s,328.70999999970104
centered,summary,log-0072_184,,active_pct,56.300419628329195
centered,summary,log-0073_185,,samples,39115.0
centered,summary,log-0073_185,,dt_ms,9.999999999990905
centered,summary,log-0073_185,,total_s,391.14999999964425
centered,summary,log-0073_185,,active_s,287.36999999973864
centered,summary,log-0073_185,,active_pct,73.46797903617538
centered,summary,log-0078-valid,,samples,22949.0
centered,summary,log-0078-valid,,dt_ms,9.99999999999801
centered,summary,log-0078-valid,,total_s,229.48999999995434
centered,summary,log-0078-valid,,active_s,132.5799999999736
centered,summary,log-0078-valid,,active_pct,57.77158046102226
centered,summary,log-0079,,samples,46824.0
centered,summary,log-0079,,dt_ms,9.999999999990905
centered,summary,log-0079,,total_s,468.23999999957414
centered,summary,log-0079,,active_s,240.63999999978114
centered,summary,log-0079,,active_pct,51.39244831710234
centered,summary,log-0080-valid,,samples,64718.0
centered,summary,log-0080-valid,,dt_ms,9.999999999990905
centered,summary,log-0080-valid,,total_s,647.1799999994114
centered,summary,log-0080-valid,,active_s,325.15999999970427
centered,summary,log-0080-valid,,active_pct,50.242590932970735
centered,summary,log-0081,,samples,113665.0
centered,summary,log-0081,,dt_ms,9.999999999990905
centered,summary,log-0081,,total_s,1136.6499999989662
centered,summary,log-0081,,active_s,735.519999999331
centered,summary,log-0081,,active_pct,64.70945321778912
centered,summary,log103,,samples,72985.0
centered,summary,log103,,dt_ms,9.999999999990905
centered,summary,log103,,total_s,729.8499999993362
centered,summary,log103,,active_s,396.85999999963906
centered,summary,log103,,active_pct,54.37555662122354
centered,summary,log104,,samples,59770.0
centered,summary,log104,,dt_ms,9.999999999990905
centered,summary,log104,,total_s,597.6999999994564
centered,summary,log104,,active_s,398.1599999996379
centered,summary,log104,,active_pct,66.61535887569015
centered,summary,log106,,samples,19535.0
centered,summary,log106,,dt_ms,9.99999999999801
centered,summary,log106,,total_s,195.34999999996114
centered,summary,log106,,active_s,155.51999999996906
centered,summary,log106,,active_pct,79.61095469669823
centered,summary,log107,,samples,25307.0
centered,summary,log107,,dt_ms,9.99999999999801
centered,summary,log107,,total_s,253.06999999994966
centered,summary,log107,,active_s,167.4099999999667
centered,summary,log107,,active_pct,66.15165764413007
centered,summary,log109,,samples,21587.0
centered,summary,log109,,dt_ms,9.99999999999801
centered,summary,log109,,total_s,215.86999999995706
centered,summary,log109,,active_s,181.60999999996386
centered,summary,log109,,active_pct,84.12933710103303
centered,summary,log110,,samples,21450.0
centered,summary,log110,,dt_ms,9.99999999999801
centered,summary,log110,,total_s,214.4999999999573
centered,summary,log110,,active_s,171.4999999999659
centered,summary,log110,,active_pct,79.95337995337995
centered,summary,log112,,samples,63277.0
centered,summary,log112,,dt_ms,9.999999999990905
centered,summary,log112,,total_s,632.7699999994245
centered,summary,log112,,active_s,330.65999999969927
centered,summary,log112,,active_pct,52.25595398011916
centered,summary,log-0098,,samples,36717.0
centered,summary,log-0098,,dt_ms,9.999999999990905
centered,summary,log-0098,,total_s,367.16999999966606
centered,summary,log-0098,,active_s,224.15999999979613
centered,summary,log-0098,,active_pct,61.05073943949669
centered,summary,log-0099,,samples,65579.0
centered,summary,log-0099,,dt_ms,9.999999999990905
centered,summary,log-0099,,total_s,655.7899999994036
centered,summary,log-0099,,active_s,634.1699999994232
centered,summary,log-0099,,active_pct,96.70321291876974
centered,summary,log-0113,,samples,29498.0
centered,summary,log-0113,,dt_ms,9.99999999999801
centered,summary,log-0113,,total_s,294.9799999999413
centered,summary,log-0113,,active_s,232.50999999995375
centered,summary,log-0113,,active_pct,78.82229303681606
centered,summary,log-0115,,samples,18835.0
centered,summary,log-0115,,dt_ms,9.99999999999801
centered,summary,log-0115,,total_s,188.34999999996253
centered,summary,log-0115,,active_s,171.26999999996593
centered,summary,log-0115,,active_pct,90.93177594903106
centered,summary,log-0116,,samples,27283.0
centered,summary,log-0116,,dt_ms,9.99999999999801
centered,summary,log-0116,,total_s,272.8299999999457
centered,summary,log-0116,,active_s,175.909999999965
centered,summary,log-0116,,active_pct,64.4760473554961
centered,summary,log-0117,,samples,14148.0
centered,summary,log-0117,,dt_ms,9.999999999999787
centered,summary,log-0117,,total_s,141.47999999999698
centered,summary,log-0117,,active_s,122.92999999999738
centered,summary,log-0117,,active_pct,86.88860616341533
centered,summary,log-0118,,samples,16328.0
centered,summary,log-0118,,dt_ms,9.999999999999787
centered,summary,log-0118,,total_s,163.2799999999965
centered,summary,log-0118,,active_s,110.29999999999765
centered,summary,log-0118,,active_pct,67.55267025967663
centered,summary,log-0119,,samples,19584.0
centered,summary,log-0119,,dt_ms,9.99999999999801
centered,summary,log-0119,,total_s,195.83999999996104
centered,summary,log-0119,,active_s,138.50999999997245
centered,summary,log-0119,,active_pct,70.72610294117646
centered,summary,log-0120,,samples,6011.0
centered,summary,log-0120,,dt_ms,9.99999999999801
centered,summary,log-0120,,total_s,60.10999999998804
centered,summary,log-0120,,active_s,49.729999999990106
centered,summary,log-0120,,active_pct,82.7316586258526
centered,summary,log-0122,,samples,43803.0
centered,summary,log-0122,,dt_ms,9.999999999990905
centered,summary,log-0122,,total_s,438.0299999996016
centered,summary,log-0122,,active_s,317.6699999997111
centered,summary,log-0122,,active_pct,72.52242997054996
centered,summary,log-0125,,samples,24913.0
centered,summary,log-0125,,dt_ms,9.99999999999801
centered,summary,log-0125,,total_s,249.12999999995043
centered,summary,log-0125,,active_s,187.65999999996268
centered,summary,log-0125,,active_pct,75.3261349496247
centered,summary,log-0126,,samples,14241.0
centered,summary,log-0126,,dt_ms,9.999999999999787
centered,summary,log-0126,,total_s,142.40999999999696
centered,summary,log-0126,,active_s,51.6299999999989
centered,summary,log-0126,,active_pct,36.25447651148094
centered,summary,log-0127,,samples,26922.0
centered,summary,log-0127,,dt_ms,9.99999999999801
centered,summary,log-0127,,total_s,269.2199999999464
centered,summary,log-0127,,active_s,102.14999999997968
centered,summary,log-0127,,active_pct,37.942946289280144
centered,summary,log-0129,,samples,77819.0
centered,summary,log-0129,,dt_ms,9.999999999990905
centered,summary,log-0129,,total_s,778.1899999992922
centered,summary,log-0129,,active_s,409.5499999996275
centered,summary,log-0129,,active_pct,52.628535447641326
centered,summary,log-0132,,samples,34660.0
centered,summary,log-0132,,dt_ms,9.999999999990905
centered,summary,log-0132,,total_s,346.59999999968477
centered,summary,log-0132,,active_s,266.6099999997575
centered,summary,log-0132,,active_pct,76.92152336987883
centered,summary,log-0133,,samples,10539.0
centered,summary,log-0133,,dt_ms,9.999999999999787
centered,summary,log-0133,,total_s,105.38999999999776
centered,summary,log-0133,,active_s,93.849999999998
centered,summary,log-0133,,active_pct,89.0501945156087
centered,summary,log-0145-filtered-c01,,samples,39029.0
centered,summary,log-0145-filtered-c01,,dt_ms,9.999999999990905
centered,summary,log-0145-filtered-c01,,total_s,390.28999999964503
centered,summary,log-0145-filtered-c01,,active_s,349.45999999968217
centered,summary,log-0145-filtered-c01,,active_pct,89.5385482589869
centered,summary,log-0147-filtered-c01,,samples,20838.0
centered,summary,log-0147-filtered-c01,,dt_ms,9.99999999999801
centered,summary,log-0147-filtered-c01,,total_s,208.37999999995856
centered,summary,log-0147-filtered-c01,,active_s,82.02999999998369
centered,summary,log-0147-filtered-c01,,active_pct,39.365582109607445
centered,summary,log-0147-filtered-c02,,samples,38239.0
centered,summary,log-0147-filtered-c02,,dt_ms,9.999999999990905
centered,summary,log-0147-filtered-c02,,total_s,382.3899999996522
centered,summary,log-0147-filtered-c02,,active_s,320.56999999970844
centered,summary,log-0147-filtered-c02,,active_pct,83.83325923795078
centered,summary,log-0151-filtered-c01,,samples,9991.0
centered,summary,log-0151-filtered-c01,,dt_ms,10.000000000005116
centered,summary,log-0151-filtered-c01,,total_s,99.91000000005111
centered,summary,log-0151-filtered-c01,,active_s,86.55000000004428
centered,summary,log-0151-filtered-c01,,active_pct,86.62796516865178
centered,summary,log-0152-filtered-c01,,samples,16176.0
centered,summary,log-0152-filtered-c01,,dt_ms,9.999999999999787
centered,summary,log-0152-filtered-c01,,total_s,161.75999999999655
centered,summary,log-0152-filtered-c01,,active_s,150.0699999999968
centered,summary,log-0152-filtered-c01,,active_pct,92.77324431256183
centered,summary,log-0152-filtered-c02,,samples,10216.0
centered,summary,log-0152-filtered-c02,,dt_ms,9.999999999990905
centered,summary,log-0152-filtered-c02,,total_s,102.15999999990709
centered,summary,log-0152-filtered-c02,,active_s,92.56999999991581
centered,summary,log-0152-filtered-c02,,active_pct,90.61276429130776
centered,summary,log-0155-filtered-c01,,samples,14580.0
centered,summary,log-0155-filtered-c01,,dt_ms,9.999999999999787
centered,summary,log-0155-filtered-c01,,total_s,145.79999999999688
centered,summary,log-0155-filtered-c01,,active_s,133.19999999999715
centered,summary,log-0155-filtered-c01,,active_pct,91.35802469135801
centered,error,log-0046,travel/mag_model,t,375.0
centered,error,log-0046,travel/mag_model,rmse,3.601646811689145
centered,error,log-0046,travel/mag_model,nrmse,0.17774157442642116
centered,error,log-0046,travel/mag_model,bin_rmse,4.875709396286309
centered,error,log-0046,travel/mag_model,mae,2.350365630432473
centered,error,log-0046,travel/mag_model,me,2.888216062997614e-15
centered,error,log-0046,travel/mag_model,rms_travel,20.263389830498557
centered,error,log-0048,travel/mag_model,t,335.0
centered,error,log-0048,travel/mag_model,rmse,3.7225267259114987
centered,error,log-0048,travel/mag_model,nrmse,0.16785224690283304
centered,error,log-0048,travel/mag_model,bin_rmse,4.61998005042765
centered,error,log-0048,travel/mag_model,mae,2.440543648627614
centered,error,log-0048,travel/mag_model,me,1.0944059674637011e-14
centered,error,log-0048,travel/mag_model,rms_travel,22.17740181974692
centered,error,log-0049,travel/mag_model,t,176.0
centered,error,log-0049,travel/mag_model,rmse,3.341528537991929
centered,error,log-0049,travel/mag_model,nrmse,0.15212277639917407
centered,error,log-0049,travel/mag_model,bin_rmse,3.7768117042182285
centered,error,log-0049,travel/mag_model,mae,2.1758802203463885
centered,error,log-0049,travel/mag_model,me,-2.5729735820214107e-17
centered,error,log-0049,travel/mag_model,rms_travel,21.965997578322344
centered,error,log-0054,travel/mag_model,t,670.0
centered,error,log-0054,travel/mag_model,rmse,3.902278472193675
centered,error,log-0054,travel/mag_model,nrmse,0.22217617446522317
centered,error,log-0054,travel/mag_model,bin_rmse,4.527561082321575
centered,error,log-0054,travel/mag_model,mae,2.6896049655500653
centered,error,log-0054,travel/mag_model,me,3.1491540798370126e-15
centered,error,log-0054,travel/mag_model,rms_travel,17.56389262523958
centered,error,log-0055,travel/mag_model,t,225.0
centered,error,log-0055,travel/mag_model,rmse,4.3517580377947
centered,error,log-0055,travel/mag_model,nrmse,0.18835302054691225
centered,error,log-0055,travel/mag_model,bin_rmse,4.49699705821568
centered,error,log-0055,travel/mag_model,mae,2.94188384660382
centered,error,log-0055,travel/mag_model,me,-6.165109626124586e-15
centered,error,log-0055,travel/mag_model,rms_travel,23.10426466832703
centered,error,log-0056,travel/mag_model,t,273.0
centered,error,log-0056,travel/mag_model,rmse,3.895938616513311
centered,error,log-0056,travel/mag_model,nrmse,0.17547587893968564
centered,error,log-0056,travel/mag_model,bin_rmse,4.287128978424763
centered,error,log-0056,travel/mag_model,mae,2.5836475186382697
centered,error,log-0056,travel/mag_model,me,3.2929808534367076e-15
centered,error,log-0056,travel/mag_model,rms_travel,22.202131940039568
centered,error,log-0058,travel/mag_model,t,388.0
centered,error,log-0058,travel/mag_model,rmse,4.1317546611271725
centered,error,log-0058,travel/mag_model,nrmse,0.179066820114294
centered,error,log-0058,travel/mag_model,bin_rmse,4.820141584878913
centered,error,log-0058,travel/mag_model,mae,2.6783280422007287
centered,error,log-0058,travel/mag_model,me,-1.0572527973699652e-14
centered,error,log-0058,travel/mag_model,rms_travel,23.073814894853072
centered,error,log-0063,travel/mag_model,t,103.0
centered,error,log-0063,travel/mag_model,rmse,3.7838217757421955
centered,error,log-0063,travel/mag_model,nrmse,0.14571958860323006
centered,error,log-0063,travel/mag_model,bin_rmse,4.179237417779956
centered,error,log-0063,travel/mag_model,mae,2.682467862550815
centered,error,log-0063,travel/mag_model,me,-4.1292746313106286e-15
centered,error,log-0063,travel/mag_model,rms_travel,25.966459362199448
centered,error,log-0071_183,travel/mag_model,t,416.0
centered,error,log-0071_183,travel/mag_model,rmse,3.003958458364652
centered,error,log-0071_183,travel/mag_model,nrmse,0.1406731244580438
centered,error,log-0071_183,travel/mag_model,bin_rmse,3.251499193959753
centered,error,log-0071_183,travel/mag_model,mae,1.9583671062686188
centered,error,log-0071_183,travel/mag_model,me,1.076279832339774e-14
centered,error,log-0071_183,travel/mag_model,rms_travel,21.354174579811737
centered,error,log-0072_184,travel/mag_model,t,328.0
centered,error,log-0072_184,travel/mag_model,rmse,4.192463429249317
centered,error,log-0072_184,travel/mag_model,nrmse,0.20093441919116767
centered,error,log-0072_184,travel/mag_model,bin_rmse,4.733094585006277
centered,error,log-0072_184,travel/mag_model,mae,2.5892760619613178
centered,error,log-0072_184,travel/mag_model,me,5.257034873805372e-16
centered,error,log-0072_184,travel/mag_model,rms_travel,20.864834636721124
centered,error,log-0073_185,travel/mag_model,t,287.0
centered,error,log-0073_185,travel/mag_model,rmse,4.181044145190501
centered,error,log-0073_185,travel/mag_model,nrmse,0.21650056764253797
centered,error,log-0073_185,travel/mag_model,bin_rmse,5.010286000361013
centered,error,log-0073_185,travel/mag_model,mae,2.821663446206524
centered,error,log-0073_185,travel/mag_model,me,3.4813800046985457e-16
centered,error,log-0073_185,travel/mag_model,rms_travel,19.311931560815967
centered,error,log-0078-valid,travel/mag_model,t,132.0
centered,error,log-0078-valid,travel/mag_model,rmse,8.879401961377297
centered,error,log-0078-valid,travel/mag_model,nrmse,0.3122464075569432
centered,error,log-0078-valid,travel/mag_model,bin_rmse,8.414001534451543
centered,error,log-0078-valid,travel/mag_model,mae,6.494047735369097
centered,error,log-0078-valid,travel/mag_model,me,2.0579907265943467e-15
centered,error,log-0078-valid,travel/mag_model,rms_travel,28.437162915182597
centered,error,log-0079,travel/mag_model,t,240.0
centered,error,log-0079,travel/mag_model,rmse,6.735681247865727
centered,error,log-0079,travel/mag_model,nrmse,0.26244781593474054
centered,error,log-0079,travel/mag_model,bin_rmse,6.018798635190843
centered,error,log-0079,travel/mag_model,mae,5.171970430353062
centered,error,log-0079,travel/mag_model,me,-4.781045535832589e-15
centered,error,log-0079,travel/mag_model,rms_travel,25.664840165942174
centered,error,log-0080-valid,travel/mag_model,t,325.0
centered,error,log-0080-valid,travel/mag_model,rmse,10.927232436358578
centered,error,log-0080-valid,travel/mag_model,nrmse,0.3789504758012327
centered,error,log-0080-valid,travel/mag_model,bin_rmse,11.04890951135773
centered,error,log-0080-valid,travel/mag_model,mae,6.838414815570691
centered,error,log-0080-valid,travel/mag_model,me,8.503087382795245e-15
centered,error,log-0080-valid,travel/mag_model,rms_travel,28.83551581048848
centered,error,log-0081,travel/mag_model,t,735.0
centered,error,log-0081,travel/mag_model,rmse,13.20402369491218
centered,error,log-0081,travel/mag_model,nrmse,0.6302610116306836
centered,error,log-0081,travel/mag_model,bin_rmse,11.722557959050784
centered,error,log-0081,travel/mag_model,mae,10.272281661631762
centered,error,log-0081,travel/mag_model,me,-1.9784526903914035e-15
centered,error,log-0081,travel/mag_model,rms_travel,20.950088060737272
centered,error,log103,travel/mag_model,t,396.0
centered,error,log103,travel/mag_model,rmse,6.984749509513174
centered,error,log103,travel/mag_model,nrmse,0.308694469498269
centered,error,log103,travel/mag_model,bin_rmse,7.844344002402066
centered,error,log103,travel/mag_model,mae,4.194665312739122
centered,error,log103,travel/mag_model,me,6.5085041400874776e-15
centered,error,log103,travel/mag_model,rms_travel,22.626740028306017
centered,error,log104,travel/mag_model,t,398.0
centered,error,log104,travel/mag_model,rmse,7.29911387061844
centered,error,log104,travel/mag_model,nrmse,0.3381487519451331
centered,error,log104,travel/mag_model,bin_rmse,8.87074273989788
centered,error,log104,travel/mag_model,mae,3.9864912519907625
centered,error,log104,travel/mag_model,me,-9.54814108250663e-15
centered,error,log104,travel/mag_model,rms_travel,21.58551178625308
centered,error,log106,travel/mag_model,t,155.0
centered,error,log106,travel/mag_model,rmse,4.078529070170009
centered,error,log106,travel/mag_model,nrmse,0.17982959311527574
centered,error,log106,travel/mag_model,bin_rmse,4.859007025884181
centered,error,log106,travel/mag_model,mae,2.4783879437030083
centered,error,log106,travel/mag_model,me,3.2164485980909884e-15
centered,error,log106,travel/mag_model,rms_travel,22.679966069631035
centered,error,log107,travel/mag_model,t,167.0
centered,error,log107,travel/mag_model,rmse,3.848779129258787
centered,error,log107,travel/mag_model,nrmse,0.1771920979535403
centered,error,log107,travel/mag_model,bin_rmse,4.98514940410154
centered,error,log107,travel/mag_model,mae,2.392018438991859
centered,error,log107,travel/mag_model,me,-1.2495297856028523e-15
centered,error,log107,travel/mag_model,rms_travel,21.720941135128587
centered,error,log109,travel/mag_model,t,181.0
centered,error,log109,travel/mag_model,rmse,4.507864455895662
centered,error,log109,travel/mag_model,nrmse,0.20448001734680402
centered,error,log109,travel/mag_model,bin_rmse,5.808294653497195
centered,error,log109,travel/mag_model,mae,2.9653687237127446
centered,error,log109,travel/mag_model,me,-8.213046147831079e-15
centered,error,log109,travel/mag_model,rms_travel,22.0455011418069
centered,error,log110,travel/mag_model,t,171.0
centered,error,log110,travel/mag_model,rmse,5.419886602225639
centered,error,log110,travel/mag_model,nrmse,0.2543836225004917
centered,error,log110,travel/mag_model,bin_rmse,6.269775125818278
centered,error,log110,travel/mag_model,mae,3.4256377050978184
centered,error,log110,travel/mag_model,me,-1.5909528310896704e-16
centered,error,log110,travel/mag_model,rms_travel,21.305957313408268
centered,error,log112,travel/mag_model,t,330.0
centered,error,log112,travel/mag_model,rmse,5.919515981135376
centered,error,log112,travel/mag_model,nrmse,0.2581394889721242
centered,error,log112,travel/mag_model,bin_rmse,6.964398120163141
centered,error,log112,travel/mag_model,mae,3.8547171802891866
centered,error,log112,travel/mag_model,me,-2.805554333177242e-15
centered,error,log112,travel/mag_model,rms_travel,22.931462383791303
centered,error,log-0098,travel/mag_model,t,224.0
centered,error,log-0098,travel/mag_model,rmse,10.059615497112533
centered,error,log-0098,travel/mag_model,nrmse,0.37879453058471796
centered,error,log-0098,travel/mag_model,bin_rmse,9.495170841329033
centered,error,log-0098,travel/mag_model,mae,6.979615800983736
centered,error,log-0098,travel/mag_model,me,-2.5155545819915038e-15
centered,error,log-0098,travel/mag_model,rms_travel,26.5569185531381
centered,error,log-0099,travel/mag_model,t,634.0
centered,error,log-0099,travel/mag_model,rmse,12.879219520078692
centered,error,log-0099,travel/mag_model,nrmse,0.6460877980798281
centered,error,log-0099,travel/mag_model,bin_rmse,10.773163234232447
centered,error,log-0099,travel/mag_model,mae,10.543328688267032
centered,error,log-0099,travel/mag_model,me,4.589278972000206e-16
centered,error,log-0099,travel/mag_model,rms_travel,19.9341630632179
centered,error,log-0113,travel/mag_model,t,232.0
centered,error,log-0113,travel/mag_model,rmse,7.125197943325467
centered,error,log-0113,travel/mag_model,nrmse,0.2699686105416236
centered,error,log-0113,travel/mag_model,bin_rmse,8.425261053621025
centered,error,log-0113,travel/mag_model,mae,4.780543195429147
centered,error,log-0113,travel/mag_model,me,-1.3299565549989059e-15
centered,error,log-0113,travel/mag_model,rms_travel,26.39269035400287
centered,error,log-0115,travel/mag_model,t,171.0
centered,error,log-0115,travel/mag_model,rmse,7.176175220047767
centered,error,log-0115,travel/mag_model,nrmse,0.3038830233764526
centered,error,log-0115,travel/mag_model,bin_rmse,8.079697832297013
centered,error,log-0115,travel/mag_model,mae,5.158211369122452
centered,error,log-0115,travel/mag_model,me,1.9117072028858186e-15
centered,error,log-0115,travel/mag_model,rms_travel,23.61492636315477
centered,error,log-0116,travel/mag_model,t,175.0
centered,error,log-0116,travel/mag_model,rmse,7.494763073877954
centered,error,log-0116,travel/mag_model,nrmse,0.24349472078998546
centered,error,log-0116,travel/mag_model,bin_rmse,7.701877167988015
centered,error,log-0116,travel/mag_model,mae,5.0621757275066095
centered,error,log-0116,travel/mag_model,me,-1.1943225291884851e-14
centered,error,log-0116,travel/mag_model,rms_travel,30.779981798218113
centered,error,log-0117,travel/mag_model,t,122.0
centered,error,log-0117,travel/mag_model,rmse,5.2464267932085695
centered,error,log-0117,travel/mag_model,nrmse,0.2027758575372713
centered,error,log-0117,travel/mag_model,bin_rmse,6.079808061454586
centered,error,log-0117,travel/mag_model,mae,3.3785735114155613
centered,error,log-0117,travel/mag_model,me,5.077204417893695e-15
centered,error,log-0117,travel/mag_model,rms_travel,25.87303467447671
centered,error,log-0118,travel/mag_model,t,110.0
centered,error,log-0118,travel/mag_model,rmse,6.716758908270298
centered,error,log-0118,travel/mag_model,nrmse,0.1844764889887909
centered,error,log-0118,travel/mag_model,bin_rmse,7.187335440259114
centered,error,log-0118,travel/mag_model,mae,5.253182512048725
centered,error,log-0118,travel/mag_model,me,4.164050991798085e-15
centered,error,log-0118,travel/mag_model,rms_travel,36.409837075110524
centered,error,log-0119,travel/mag_model,t,138.0
centered,error,log-0119,travel/mag_model,rmse,6.8423395908250635
centered,error,log-0119,travel/mag_model,nrmse,0.19228301513612922
centered,error,log-0119,travel/mag_model,bin_rmse,7.031586600741796
centered,error,log-0119,travel/mag_model,mae,5.213885777331066
centered,error,log-0119,travel/mag_model,me,6.10663542450959e-15
centered,error,log-0119,travel/mag_model,rms_travel,35.58473215109999
centered,error,log-0120,travel/mag_model,t,49.0
centered,error,log-0120,travel/mag_model,rmse,7.459128588870568
centered,error,log-0120,travel/mag_model,nrmse,0.21953371960788354
centered,error,log-0120,travel/mag_model,bin_rmse,7.669896372319157
centered,error,log-0120,travel/mag_model,mae,5.49750243613132
centered,error,log-0120,travel/mag_model,me,2.9261844416583254e-15
centered,error,log-0120,travel/mag_model,rms_travel,33.977143020186446
centered,error,log-0122,travel/mag_model,t,317.0
centered,error,log-0122,travel/mag_model,rmse,10.577583568637774
centered,error,log-0122,travel/mag_model,nrmse,0.328806136000828
centered,error,log-0122,travel/mag_model,bin_rmse,10.307928481522493
centered,error,log-0122,travel/mag_model,mae,7.991907871225653
centered,error,log-0122,travel/mag_model,me,4.008224202732708e-15
centered,error,log-0122,travel/mag_model,rms_travel,32.16966598400444
centered,error,log-0125,travel/mag_model,t,187.0
centered,error,log-0125,travel/mag_model,rmse,8.109004314024173
centered,error,log-0125,travel/mag_model,nrmse,0.2475773426572046
centered,error,log-0125,travel/mag_model,bin_rmse,7.7066866055409875
centered,error,log-0125,travel/mag_model,mae,6.13421086567338
centered,error,log-0125,travel/mag_model,me,-1.5702668835896236e-14
centered,error,log-0125,travel/mag_model,rms_travel,32.75341849537457
centered,error,log-0126,travel/mag_model,t,51.0
centered,error,log-0126,travel/mag_model,rmse,7.356564837947645
centered,error,log-0126,travel/mag_model,nrmse,0.20238271461256163
centered,error,log-0126,travel/mag_model,bin_rmse,7.6024411088482005
centered,error,log-0126,travel/mag_model,mae,5.999636681715845
centered,error,log-0126,travel/mag_model,me,1.3035562256671836e-14
centered,error,log-0126,travel/mag_model,rms_travel,36.34976856610971
centered,error,log-0127,travel/mag_model,t,102.0
centered,error,log-0127,travel/mag_model,rmse,7.732271543655527
centered,error,log-0127,travel/mag_model,nrmse,0.2210964386284801
centered,error,log-0127,travel/mag_model,bin_rmse,8.080343454211809
centered,error,log-0127,travel/mag_model,mae,5.493529203854088
centered,error,log-0127,travel/mag_model,me,-7.924133965520373e-15
centered,error,log-0127,travel/mag_model,rms_travel,34.972393004703555
centered,error,log-0129,travel/mag_model,t,409.0
centered,error,log-0129,travel/mag_model,rmse,8.924936517056173
centered,error,log-0129,travel/mag_model,nrmse,0.2824777303375809
centered,error,log-0129,travel/mag_model,bin_rmse,10.068498513292134
centered,error,log-0129,travel/mag_model,mae,5.399049966921856
centered,error,log-0129,travel/mag_model,me,-3.197832671353966e-15
centered,error,log-0129,travel/mag_model,rms_travel,31.59518630509471
centered,error,log-0132,travel/mag_model,t,266.0
centered,error,log-0132,travel/mag_model,rmse,10.999161011778266
centered,error,log-0132,travel/mag_model,nrmse,0.33236280404467944
centered,error,log-0132,travel/mag_model,bin_rmse,11.31173446632616
centered,error,log-0132,travel/mag_model,mae,8.214812835616929
centered,error,log-0132,travel/mag_model,me,1.3645320157127312e-15
centered,error,log-0132,travel/mag_model,rms_travel,33.09383865439904
centered,error,log-0133,travel/mag_model,t,93.0
centered,error,log-0133,travel/mag_model,rmse,6.74512051819227
centered,error,log-0133,travel/mag_model,nrmse,0.2276157338278196
centered,error,log-0133,travel/mag_model,bin_rmse,7.557629259089727
centered,error,log-0133,travel/mag_model,mae,4.85531656355841
centered,error,log-0133,travel/mag_model,me,7.849661251316696e-15
centered,error,log-0133,travel/mag_model,rms_travel,29.633806085191942
centered,error,log-0145-filtered-c01,travel/mag_model,t,349.0
centered,error,log-0145-filtered-c01,travel/mag_model,rmse,8.906083402056044
centered,error,log-0145-filtered-c01,travel/mag_model,nrmse,0.49384171941278426
centered,error,log-0145-filtered-c01,travel/mag_model,bin_rmse,7.9013772349667715
centered,error,log-0145-filtered-c01,travel/mag_model,mae,6.5212198009212585
centered,error,log-0145-filtered-c01,travel/mag_model,me,3.624081074282615e-15
centered,error,log-0145-filtered-c01,travel/mag_model,rms_travel,18.034287205718588
centered,error,log-0147-filtered-c01,travel/mag_model,t,82.0
centered,error,log-0147-filtered-c01,travel/mag_model,rmse,6.077531053189305
centered,error,log-0147-filtered-c01,travel/mag_model,nrmse,0.3695183294627589
centered,error,log-0147-filtered-c01,travel/mag_model,bin_rmse,5.367324331763342
centered,error,log-0147-filtered-c01,travel/mag_model,mae,4.720102439141366
centered,error,log-0147-filtered-c01,travel/mag_model,me,7.040462460390216e-15
centered,error,log-0147-filtered-c01,travel/mag_model,rms_travel,16.447170731761535
centered,error,log-0147-filtered-c02,travel/mag_model,t,320.0
centered,error,log-0147-filtered-c02,travel/mag_model,rmse,13.103357340540787
centered,error,log-0147-filtered-c02,travel/mag_model,nrmse,0.7488795237523572
centered,error,log-0147-filtered-c02,travel/mag_model,bin_rmse,15.53905503544946
centered,error,log-0147-filtered-c02,travel/mag_model,mae,7.407356667409759
centered,error,log-0147-filtered-c02,travel/mag_model,me,-6.865823933276621e-15
centered,error,log-0147-filtered-c02,travel/mag_model,rms_travel,17.497283508146584
centered,error,log-0151-filtered-c01,travel/mag_model,t,86.0
centered,error,log-0151-filtered-c01,travel/mag_model,rmse,9.691116631140778
centered,error,log-0151-filtered-c01,travel/mag_model,nrmse,0.48968389884303776
centered,error,log-0151-filtered-c01,travel/mag_model,bin_rmse,10.98175486652403
centered,error,log-0151-filtered-c01,travel/mag_model,mae,5.822969968231539
centered,error,log-0151-filtered-c01,travel/mag_model,me,6.515155575958585e-15
centered,error,log-0151-filtered-c01,travel/mag_model,rms_travel,19.790556017948933
centered,error,log-0152-filtered-c01,travel/mag_model,t,150.0
centered,error,log-0152-filtered-c01,travel/mag_model,rmse,4.976327010022067
centered,error,log-0152-filtered-c01,travel/mag_model,nrmse,0.2698633345306744
centered,error,log-0152-filtered-c01,travel/mag_model,bin_rmse,6.06960259486623
centered,error,log-0152-filtered-c01,travel/mag_model,mae,3.5765210054272556
centered,error,log-0152-filtered-c01,travel/mag_model,me,4.666561740288897e-15
centered,error,log-0152-filtered-c01,travel/mag_model,rms_travel,18.44017461162893
centered,error,log-0152-filtered-c02,travel/mag_model,t,92.0
centered,error,log-0152-filtered-c02,travel/mag_model,rmse,6.05508004900418
centered,error,log-0152-filtered-c02,travel/mag_model,nrmse,0.42404284412096255
centered,error,log-0152-filtered-c02,travel/mag_model,bin_rmse,5.468517637085556
centered,error,log-0152-filtered-c02,travel/mag_model,mae,4.899732460605454
centered,error,log-0152-filtered-c02,travel/mag_model,me,2.1123621138725244e-15
centered,error,log-0152-filtered-c02,travel/mag_model,rms_travel,14.279406274515285
centered,error,log-0155-filtered-c01,travel/mag_model,t,133.0
centered,error,log-0155-filtered-c01,travel/mag_model,rmse,5.278750569234348
centered,error,log-0155-filtered-c01,travel/mag_model,nrmse,0.19730134130152135
centered,error,log-0155-filtered-c01,travel/mag_model,bin_rmse,5.7370326088675325
centered,error,log-0155-filtered-c01,travel/mag_model,mae,4.222720572834812
centered,error,log-0155-filtered-c01,travel/mag_model,me,-6.3330055247326645e-15
centered,error,log-0155-filtered-c01,travel/mag_model,rms_travel,26.75476271176087
centered,error,log-0046,travel/mag_model/adj,t,375.0
centered,error,log-0046,travel/mag_model/adj,rmse,3.601646811689145
centered,error,log-0046,travel/mag_model/adj,nrmse,0.17774157442642116
centered,error,log-0046,travel/mag_model/adj,bin_rmse,4.875709396286309
centered,error,log-0046,travel/mag_model/adj,mae,2.350365630432473
centered,error,log-0046,travel/mag_model/adj,me,2.888216062997614e-15
centered,error,log-0046,travel/mag_model/adj,rms_travel,20.263389830498557
centered,error,log-0048,travel/mag_model/adj,t,335.0
centered,error,log-0048,travel/mag_model/adj,rmse,3.7225267259114987
centered,error,log-0048,travel/mag_model/adj,nrmse,0.16785224690283304
centered,error,log-0048,travel/mag_model/adj,bin_rmse,4.61998005042765
centered,error,log-0048,travel/mag_model/adj,mae,2.440543648627614
centered,error,log-0048,travel/mag_model/adj,me,1.0944059674637011e-14
centered,error,log-0048,travel/mag_model/adj,rms_travel,22.17740181974692
centered,error,log-0049,travel/mag_model/adj,t,176.0
centered,error,log-0049,travel/mag_model/adj,rmse,3.341528537991929
centered,error,log-0049,travel/mag_model/adj,nrmse,0.15212277639917407
centered,error,log-0049,travel/mag_model/adj,bin_rmse,3.7768117042182285
centered,error,log-0049,travel/mag_model/adj,mae,2.1758802203463885
centered,error,log-0049,travel/mag_model/adj,me,-2.5729735820214107e-17
centered,error,log-0049,travel/mag_model/adj,rms_travel,21.965997578322344
centered,error,log-0054,travel/mag_model/adj,t,670.0
centered,error,log-0054,travel/mag_model/adj,rmse,3.902278472193675
centered,error,log-0054,travel/mag_model/adj,nrmse,0.22217617446522317
centered,error,log-0054,travel/mag_model/adj,bin_rmse,4.527561082321575
centered,error,log-0054,travel/mag_model/adj,mae,2.6896049655500653
centered,error,log-0054,travel/mag_model/adj,me,3.1491540798370126e-15
centered,error,log-0054,travel/mag_model/adj,rms_travel,17.56389262523958
centered,error,log-0055,travel/mag_model/adj,t,225.0
centered,error,log-0055,travel/mag_model/adj,rmse,4.3517580377947
centered,error,log-0055,travel/mag_model/adj,nrmse,0.18835302054691225
centered,error,log-0055,travel/mag_model/adj,bin_rmse,4.49699705821568
centered,error,log-0055,travel/mag_model/adj,mae,2.94188384660382
centered,error,log-0055,travel/mag_model/adj,me,-6.165109626124586e-15
centered,error,log-0055,travel/mag_model/adj,rms_travel,23.10426466832703
centered,error,log-0056,travel/mag_model/adj,t,273.0
centered,error,log-0056,travel/mag_model/adj,rmse,3.895938616513311
centered,error,log-0056,travel/mag_model/adj,nrmse,0.17547587893968564
centered,error,log-0056,travel/mag_model/adj,bin_rmse,4.287128978424763
centered,error,log-0056,travel/mag_model/adj,mae,2.5836475186382697
centered,error,log-0056,travel/mag_model/adj,me,3.2929808534367076e-15
centered,error,log-0056,travel/mag_model/adj,rms_travel,22.202131940039568
centered,error,log-0058,travel/mag_model/adj,t,388.0
centered,error,log-0058,travel/mag_model/adj,rmse,4.1317546611271725
centered,error,log-0058,travel/mag_model/adj,nrmse,0.179066820114294
centered,error,log-0058,travel/mag_model/adj,bin_rmse,4.820141584878913
centered,error,log-0058,travel/mag_model/adj,mae,2.6783280422007287
centered,error,log-0058,travel/mag_model/adj,me,-1.0572527973699652e-14
centered,error,log-0058,travel/mag_model/adj,rms_travel,23.073814894853072
centered,error,log-0063,travel/mag_model/adj,t,103.0
centered,error,log-0063,travel/mag_model/adj,rmse,3.7838217757421955
centered,error,log-0063,travel/mag_model/adj,nrmse,0.14571958860323006
centered,error,log-0063,travel/mag_model/adj,bin_rmse,4.179237417779956
centered,error,log-0063,travel/mag_model/adj,mae,2.682467862550815
centered,error,log-0063,travel/mag_model/adj,me,-4.1292746313106286e-15
centered,error,log-0063,travel/mag_model/adj,rms_travel,25.966459362199448
centered,error,log-0071_183,travel/mag_model/adj,t,416.0
centered,error,log-0071_183,travel/mag_model/adj,rmse,3.003958458364652
centered,error,log-0071_183,travel/mag_model/adj,nrmse,0.1406731244580438
centered,error,log-0071_183,travel/mag_model/adj,bin_rmse,3.251499193959753
centered,error,log-0071_183,travel/mag_model/adj,mae,1.9583671062686188
centered,error,log-0071_183,travel/mag_model/adj,me,1.076279832339774e-14
centered,error,log-0071_183,travel/mag_model/adj,rms_travel,21.354174579811737
centered,error,log-0072_184,travel/mag_model/adj,t,328.0
centered,error,log-0072_184,travel/mag_model/adj,rmse,4.192463429249317
centered,error,log-0072_184,travel/mag_model/adj,nrmse,0.20093441919116767
centered,error,log-0072_184,travel/mag_model/adj,bin_rmse,4.733094585006277
centered,error,log-0072_184,travel/mag_model/adj,mae,2.5892760619613178
centered,error,log-0072_184,travel/mag_model/adj,me,5.257034873805372e-16
centered,error,log-0072_184,travel/mag_model/adj,rms_travel,20.864834636721124
centered,error,log-0073_185,travel/mag_model/adj,t,287.0
centered,error,log-0073_185,travel/mag_model/adj,rmse,4.181044145190501
centered,error,log-0073_185,travel/mag_model/adj,nrmse,0.21650056764253797
centered,error,log-0073_185,travel/mag_model/adj,bin_rmse,5.010286000361013
centered,error,log-0073_185,travel/mag_model/adj,mae,2.821663446206524
centered,error,log-0073_185,travel/mag_model/adj,me,3.4813800046985457e-16
centered,error,log-0073_185,travel/mag_model/adj,rms_travel,19.311931560815967
centered,error,log-0078-valid,travel/mag_model/adj,t,132.0
centered,error,log-0078-valid,travel/mag_model/adj,rmse,8.879401961377297
centered,error,log-0078-valid,travel/mag_model/adj,nrmse,0.3122464075569432
centered,error,log-0078-valid,travel/mag_model/adj,bin_rmse,8.414001534451543
centered,error,log-0078-valid,travel/mag_model/adj,mae,6.494047735369097
centered,error,log-0078-valid,travel/mag_model/adj,me,2.0579907265943467e-15
centered,error,log-0078-valid,travel/mag_model/adj,rms_travel,28.437162915182597
centered,error,log-0079,travel/mag_model/adj,t,240.0
centered,error,log-0079,travel/mag_model/adj,rmse,6.735681247865727
centered,error,log-0079,travel/mag_model/adj,nrmse,0.26244781593474054
centered,error,log-0079,travel/mag_model/adj,bin_rmse,6.018798635190843
centered,error,log-0079,travel/mag_model/adj,mae,5.171970430353062
centered,error,log-0079,travel/mag_model/adj,me,-4.781045535832589e-15
centered,error,log-0079,travel/mag_model/adj,rms_travel,25.664840165942174
centered,error,log-0080-valid,travel/mag_model/adj,t,325.0
centered,error,log-0080-valid,travel/mag_model/adj,rmse,10.927232436358578
centered,error,log-0080-valid,travel/mag_model/adj,nrmse,0.3789504758012327
centered,error,log-0080-valid,travel/mag_model/adj,bin_rmse,11.04890951135773
centered,error,log-0080-valid,travel/mag_model/adj,mae,6.838414815570691
centered,error,log-0080-valid,travel/mag_model/adj,me,8.503087382795245e-15
centered,error,log-0080-valid,travel/mag_model/adj,rms_travel,28.83551581048848
centered,error,log-0081,travel/mag_model/adj,t,735.0
centered,error,log-0081,travel/mag_model/adj,rmse,13.20402369491218
centered,error,log-0081,travel/mag_model/adj,nrmse,0.6302610116306836
centered,error,log-0081,travel/mag_model/adj,bin_rmse,11.722557959050784
centered,error,log-0081,travel/mag_model/adj,mae,10.272281661631762
centered,error,log-0081,travel/mag_model/adj,me,-1.9784526903914035e-15
centered,error,log-0081,travel/mag_model/adj,rms_travel,20.950088060737272
centered,error,log103,travel/mag_model/adj,t,396.0
centered,error,log103,travel/mag_model/adj,rmse,6.984749509513174
centered,error,log103,travel/mag_model/adj,nrmse,0.308694469498269
centered,error,log103,travel/mag_model/adj,bin_rmse,7.844344002402066
centered,error,log103,travel/mag_model/adj,mae,4.194665312739122
centered,error,log103,travel/mag_model/adj,me,6.5085041400874776e-15
centered,error,log103,travel/mag_model/adj,rms_travel,22.626740028306017
centered,error,log104,travel/mag_model/adj,t,398.0
centered,error,log104,travel/mag_model/adj,rmse,7.29911387061844
centered,error,log104,travel/mag_model/adj,nrmse,0.3381487519451331
centered,error,log104,travel/mag_model/adj,bin_rmse,8.87074273989788
centered,error,log104,travel/mag_model/adj,mae,3.9864912519907625
centered,error,log104,travel/mag_model/adj,me,-9.54814108250663e-15
centered,error,log104,travel/mag_model/adj,rms_travel,21.58551178625308
centered,error,log106,travel/mag_model/adj,t,155.0
centered,error,log106,travel/mag_model/adj,rmse,4.078529070170009
centered,error,log106,travel/mag_model/adj,nrmse,0.17982959311527574
centered,error,log106,travel/mag_model/adj,bin_rmse,4.859007025884181
centered,error,log106,travel/mag_model/adj,mae,2.4783879437030083
centered,error,log106,travel/mag_model/adj,me,3.2164485980909884e-15
centered,error,log106,travel/mag_model/adj,rms_travel,22.679966069631035
centered,error,log107,travel/mag_model/adj,t,167.0
centered,error,log107,travel/mag_model/adj,rmse,3.848779129258787
centered,error,log107,travel/mag_model/adj,nrmse,0.1771920979535403
centered,error,log107,travel/mag_model/adj,bin_rmse,4.98514940410154
centered,error,log107,travel/mag_model/adj,mae,2.392018438991859
centered,error,log107,travel/mag_model/adj,me,-1.2495297856028523e-15
centered,error,log107,travel/mag_model/adj,rms_travel,21.720941135128587
centered,error,log109,travel/mag_model/adj,t,181.0
centered,error,log109,travel/mag_model/adj,rmse,4.507864455895662
centered,error,log109,travel/mag_model/adj,nrmse,0.20448001734680402
centered,error,log109,travel/mag_model/adj,bin_rmse,5.808294653497195
centered,error,log109,travel/mag_model/adj,mae,2.9653687237127446
centered,error,log109,travel/mag_model/adj,me,-8.213046147831079e-15
centered,error,log109,travel/mag_model/adj,rms_travel,22.0455011418069
centered,error,log110,travel/mag_model/adj,t,171.0
centered,error,log110,travel/mag_model/adj,rmse,5.419886602225639
centered,error,log110,travel/mag_model/adj,nrmse,0.2543836225004917
centered,error,log110,travel/mag_model/adj,bin_rmse,6.269775125818278
centered,error,log110,travel/mag_model/adj,mae,3.4256377050978184
centered,error,log110,travel/mag_model/adj,me,-1.5909528310896704e-16
centered,error,log110,travel/mag_model/adj,rms_travel,21.305957313408268
centered,error,log112,travel/mag_model/adj,t,330.0
centered,error,log112,travel/mag_model/adj,rmse,5.919515981135376
centered,error,log112,travel/mag_model/adj,nrmse,0.2581394889721242
centered,error,log112,travel/mag_model/adj,bin_rmse,6.964398120163141
centered,error,log112,travel/mag_model/adj,mae,3.8547171802891866
centered,error,log112,travel/mag_model/adj,me,-2.805554333177242e-15
centered,error,log112,travel/mag_model/adj,rms_travel,22.931462383791303
centered,error,log-0098,travel/mag_model/adj,t,224.0
centered,error,log-0098,travel/mag_model/adj,rmse,10.059615497112533
centered,error,log-0098,travel/mag_model/adj,nrmse,0.37879453058471796
centered,error,log-0098,travel/mag_model/adj,bin_rmse,9.495170841329033
centered,error,log-0098,travel/mag_model/adj,mae,6.979615800983736
centered,error,log-0098,travel/mag_model/adj,me,-2.5155545819915038e-15
centered,error,log-0098,travel/mag_model/adj,rms_travel,26.5569185531381
centered,error,log-0099,travel/mag_model/adj,t,634.0
centered,error,log-0099,travel/mag_model/adj,rmse,12.879219520078692
centered,error,log-0099,travel/mag_model/adj,nrmse,0.6460877980798281
centered,error,log-0099,travel/mag_model/adj,bin_rmse,10.773163234232447
centered,error,log-0099,travel/mag_model/adj,mae,10.543328688267032
centered,error,log-0099,travel/mag_model/adj,me,4.589278972000206e-16
centered,error,log-0099,travel/mag_model/adj,rms_travel,19.9341630632179
centered,error,log-0113,travel/mag_model/adj,t,232.0
centered,error,log-0113,travel/mag_model/adj,rmse,7.125197943325467
centered,error,log-0113,travel/mag_model/adj,nrmse,0.2699686105416236
centered,error,log-0113,travel/mag_model/adj,bin_rmse,8.425261053621025
centered,error,log-0113,travel/mag_model/adj,mae,4.780543195429147
centered,error,log-0113,travel/mag_model/adj,me,-1.3299565549989059e-15
centered,error,log-0113,travel/mag_model/adj,rms_travel,26.39269035400287
centered,error,log-0115,travel/mag_model/adj,t,171.0
centered,error,log-0115,travel/mag_model/adj,rmse,7.176175220047767
centered,error,log-0115,travel/mag_model/adj,nrmse,0.3038830233764526
centered,error,log-0115,travel/mag_model/adj,bin_rmse,8.079697832297013
centered,error,log-0115,travel/mag_model/adj,mae,5.158211369122452
centered,error,log-0115,travel/mag_model/adj,me,1.9117072028858186e-15
centered,error,log-0115,travel/mag_model/adj,rms_travel,23.61492636315477
centered,error,log-0116,travel/mag_model/adj,t,175.0
centered,error,log-0116,travel/mag_model/adj,rmse,7.494763073877954
centered,error,log-0116,travel/mag_model/adj,nrmse,0.24349472078998546
centered,error,log-0116,travel/mag_model/adj,bin_rmse,7.701877167988015
centered,error,log-0116,travel/mag_model/adj,mae,5.0621757275066095
centered,error,log-0116,travel/mag_model/adj,me,-1.1943225291884851e-14
centered,error,log-0116,travel/mag_model/adj,rms_travel,30.779981798218113
centered,error,log-0117,travel/mag_model/adj,t,122.0
centered,error,log-0117,travel/mag_model/adj,rmse,5.2464267932085695
centered,error,log-0117,travel/mag_model/adj,nrmse,0.2027758575372713
centered,error,log-0117,travel/mag_model/adj,bin_rmse,6.079808061454586
centered,error,log-0117,travel/mag_model/adj,mae,3.3785735114155613
centered,error,log-0117,travel/mag_model/adj,me,5.077204417893695e-15
centered,error,log-0117,travel/mag_model/adj,rms_travel,25.87303467447671
centered,error,log-0118,travel/mag_model/adj,t,110.0
centered,error,log-0118,travel/mag_model/adj,rmse,6.716758908270298
centered,error,log-0118,travel/mag_model/adj,nrmse,0.1844764889887909
centered,error,log-0118,travel/mag_model/adj,bin_rmse,7.187335440259114
centered,error,log-0118,travel/mag_model/adj,mae,5.253182512048725
centered,error,log-0118,travel/mag_model/adj,me,4.164050991798085e-15
centered,error,log-0118,travel/mag_model/adj,rms_travel,36.409837075110524
centered,error,log-0119,travel/mag_model/adj,t,138.0
centered,error,log-0119,travel/mag_model/adj,rmse,6.8423395908250635
centered,error,log-0119,travel/mag_model/adj,nrmse,0.19228301513612922
centered,error,log-0119,travel/mag_model/adj,bin_rmse,7.031586600741796
centered,error,log-0119,travel/mag_model/adj,mae,5.213885777331066
centered,error,log-0119,travel/mag_model/adj,me,6.10663542450959e-15
centered,error,log-0119,travel/mag_model/adj,rms_travel,35.58473215109999
centered,error,log-0120,travel/mag_model/adj,t,49.0
centered,error,log-0120,travel/mag_model/adj,rmse,7.459128588870568
centered,error,log-0120,travel/mag_model/adj,nrmse,0.21953371960788354
centered,error,log-0120,travel/mag_model/adj,bin_rmse,7.669896372319157
centered,error,log-0120,travel/mag_model/adj,mae,5.49750243613132
centered,error,log-0120,travel/mag_model/adj,me,2.9261844416583254e-15
centered,error,log-0120,travel/mag_model/adj,rms_travel,33.977143020186446
centered,error,log-0122,travel/mag_model/adj,t,317.0
centered,error,log-0122,travel/mag_model/adj,rmse,10.577583568637774
centered,error,log-0122,travel/mag_model/adj,nrmse,0.328806136000828
centered,error,log-0122,travel/mag_model/adj,bin_rmse,10.307928481522493
centered,error,log-0122,travel/mag_model/adj,mae,7.991907871225653
centered,error,log-0122,travel/mag_model/adj,me,4.008224202732708e-15
centered,error,log-0122,travel/mag_model/adj,rms_travel,32.16966598400444
centered,error,log-0125,travel/mag_model/adj,t,187.0
centered,error,log-0125,travel/mag_model/adj,rmse,8.109004314024173
centered,error,log-0125,travel/mag_model/adj,nrmse,0.2475773426572046
centered,error,log-0125,travel/mag_model/adj,bin_rmse,7.7066866055409875
centered,error,log-0125,travel/mag_model/adj,mae,6.13421086567338
centered,error,log-0125,travel/mag_model/adj,me,-1.5702668835896236e-14
centered,error,log-0125,travel/mag_model/adj,rms_travel,32.75341849537457
centered,error,log-0126,travel/mag_model/adj,t,51.0
centered,error,log-0126,travel/mag_model/adj,rmse,7.356564837947645
centered,error,log-0126,travel/mag_model/adj,nrmse,0.20238271461256163
centered,error,log-0126,travel/mag_model/adj,bin_rmse,7.6024411088482005
centered,error,log-0126,travel/mag_model/adj,mae,5.999636681715845
centered,error,log-0126,travel/mag_model/adj,me,1.3035562256671836e-14
centered,error,log-0126,travel/mag_model/adj,rms_travel,36.34976856610971
centered,error,log-0127,travel/mag_model/adj,t,102.0
centered,error,log-0127,travel/mag_model/adj,rmse,7.732271543655527
centered,error,log-0127,travel/mag_model/adj,nrmse,0.2210964386284801
centered,error,log-0127,travel/mag_model/adj,bin_rmse,8.080343454211809
centered,error,log-0127,travel/mag_model/adj,mae,5.493529203854088
centered,error,log-0127,travel/mag_model/adj,me,-7.924133965520373e-15
centered,error,log-0127,travel/mag_model/adj,rms_travel,34.972393004703555
centered,error,log-0129,travel/mag_model/adj,t,409.0
centered,error,log-0129,travel/mag_model/adj,rmse,8.924936517056173
centered,error,log-0129,travel/mag_model/adj,nrmse,0.2824777303375809
centered,error,log-0129,travel/mag_model/adj,bin_rmse,10.068498513292134
centered,error,log-0129,travel/mag_model/adj,mae,5.399049966921856
centered,error,log-0129,travel/mag_model/adj,me,-3.197832671353966e-15
centered,error,log-0129,travel/mag_model/adj,rms_travel,31.59518630509471
centered,error,log-0132,travel/mag_model/adj,t,266.0
centered,error,log-0132,travel/mag_model/adj,rmse,10.999161011778266
centered,error,log-0132,travel/mag_model/adj,nrmse,0.33236280404467944
centered,error,log-0132,travel/mag_model/adj,bin_rmse,11.31173446632616
centered,error,log-0132,travel/mag_model/adj,mae,8.214812835616929
centered,error,log-0132,travel/mag_model/adj,me,1.3645320157127312e-15
centered,error,log-0132,travel/mag_model/adj,rms_travel,33.09383865439904
centered,error,log-0133,travel/mag_model/adj,t,93.0
centered,error,log-0133,travel/mag_model/adj,rmse,6.74512051819227
centered,error,log-0133,travel/mag_model/adj,nrmse,0.2276157338278196
centered,error,log-0133,travel/mag_model/adj,bin_rmse,7.557629259089727
centered,error,log-0133,travel/mag_model/adj,mae,4.85531656355841
centered,error,log-0133,travel/mag_model/adj,me,7.849661251316696e-15
centered,error,log-0133,travel/mag_model/adj,rms_travel,29.633806085191942
centered,error,log-0145-filtered-c01,travel/mag_model/adj,t,349.0
centered,error,log-0145-filtered-c01,travel/mag_model/adj,rmse,8.906083402056044
centered,error,log-0145-filtered-c01,travel/mag_model/adj,nrmse,0.49384171941278426
centered,error,log-0145-filtered-c01,travel/mag_model/adj,bin_rmse,7.9013772349667715
centered,error,log-0145-filtered-c01,travel/mag_model/adj,mae,6.5212198009212585
centered,error,log-0145-filtered-c01,travel/mag_model/adj,me,3.624081074282615e-15
centered,error,log-0145-filtered-c01,travel/mag_model/adj,rms_travel,18.034287205718588
centered,error,log-0147-filtered-c01,travel/mag_model/adj,t,82.0
centered,error,log-0147-filtered-c01,travel/mag_model/adj,rmse,6.077531053189305
centered,error,log-0147-filtered-c01,travel/mag_model/adj,nrmse,0.3695183294627589
centered,error,log-0147-filtered-c01,travel/mag_model/adj,bin_rmse,5.367324331763342
centered,error,log-0147-filtered-c01,travel/mag_model/adj,mae,4.720102439141366
centered,error,log-0147-filtered-c01,travel/mag_model/adj,me,7.040462460390216e-15
centered,error,log-0147-filtered-c01,travel/mag_model/adj,rms_travel,16.447170731761535
centered,error,log-0147-filtered-c02,travel/mag_model/adj,t,320.0
centered,error,log-0147-filtered-c02,travel/mag_model/adj,rmse,13.103357340540787
centered,error,log-0147-filtered-c02,travel/mag_model/adj,nrmse,0.7488795237523572
centered,error,log-0147-filtered-c02,travel/mag_model/adj,bin_rmse,15.53905503544946
centered,error,log-0147-filtered-c02,travel/mag_model/adj,mae,7.407356667409759
centered,error,log-0147-filtered-c02,travel/mag_model/adj,me,-6.865823933276621e-15
centered,error,log-0147-filtered-c02,travel/mag_model/adj,rms_travel,17.497283508146584
centered,error,log-0151-filtered-c01,travel/mag_model/adj,t,86.0
centered,error,log-0151-filtered-c01,travel/mag_model/adj,rmse,9.691116631140778
centered,error,log-0151-filtered-c01,travel/mag_model/adj,nrmse,0.48968389884303776
centered,error,log-0151-filtered-c01,travel/mag_model/adj,bin_rmse,10.98175486652403
centered,error,log-0151-filtered-c01,travel/mag_model/adj,mae,5.822969968231539
centered,error,log-0151-filtered-c01,travel/mag_model/adj,me,6.515155575958585e-15
centered,error,log-0151-filtered-c01,travel/mag_model/adj,rms_travel,19.790556017948933
centered,error,log-0152-filtered-c01,travel/mag_model/adj,t,150.0
centered,error,log-0152-filtered-c01,travel/mag_model/adj,rmse,4.976327010022067
centered,error,log-0152-filtered-c01,travel/mag_model/adj,nrmse,0.2698633345306744
centered,error,log-0152-filtered-c01,travel/mag_model/adj,bin_rmse,6.06960259486623
centered,error,log-0152-filtered-c01,travel/mag_model/adj,mae,3.5765210054272556
centered,error,log-0152-filtered-c01,travel/mag_model/adj,me,4.666561740288897e-15
centered,error,log-0152-filtered-c01,travel/mag_model/adj,rms_travel,18.44017461162893
centered,error,log-0152-filtered-c02,travel/mag_model/adj,t,92.0
centered,error,log-0152-filtered-c02,travel/mag_model/adj,rmse,6.05508004900418
centered,error,log-0152-filtered-c02,travel/mag_model/adj,nrmse,0.42404284412096255
centered,error,log-0152-filtered-c02,travel/mag_model/adj,bin_rmse,5.468517637085556
centered,error,log-0152-filtered-c02,travel/mag_model/adj,mae,4.899732460605454
centered,error,log-0152-filtered-c02,travel/mag_model/adj,me,2.1123621138725244e-15
centered,error,log-0152-filtered-c02,travel/mag_model/adj,rms_travel,14.279406274515285
centered,error,log-0155-filtered-c01,travel/mag_model/adj,t,133.0
centered,error,log-0155-filtered-c01,travel/mag_model/adj,rmse,5.278750569234348
centered,error,log-0155-filtered-c01,travel/mag_model/adj,nrmse,0.19730134130152135
centered,error,log-0155-filtered-c01,travel/mag_model/adj,bin_rmse,5.7370326088675325
centered,error,log-0155-filtered-c01,travel/mag_model/adj,mae,4.222720572834812
centered,error,log-0155-filtered-c01,travel/mag_model/adj,me,-6.3330055247326645e-15
centered,error,log-0155-filtered-c01,travel/mag_model/adj,rms_travel,26.75476271176087
centered,error,log-0046,travel/solved,t,375.0
centered,error,log-0046,travel/solved,rmse,2.9370746557291096
centered,error,log-0046,travel/solved,nrmse,0.1449448823862876
centered,error,log-0046,travel/solved,bin_rmse,3.6136821867438917
centered,error,log-0046,travel/solved,mae,2.0998006802045444
centered,error,log-0046,travel/solved,me,8.002324296012237e-15
centered,error,log-0046,travel/solved,rms_travel,20.263389830498557
centered,error,log-0048,travel/solved,t,335.0
centered,error,log-0048,travel/solved,rmse,3.0405003961351893
centered,error,log-0048,travel/solved,nrmse,0.13709903535354198
centered,error,log-0048,travel/solved,bin_rmse,4.046959205063843
centered,error,log-0048,travel/solved,mae,2.215480520073758
centered,error,log-0048,travel/solved,me,1.1540023320285561e-14
centered,error,log-0048,travel/solved,rms_travel,22.17740181974692
centered,error,log-0049,travel/solved,t,176.0
centered,error,log-0049,travel/solved,rmse,2.939858100037254
centered,error,log-0049,travel/solved,nrmse,0.13383676701023228
centered,error,log-0049,travel/solved,bin_rmse,3.297070744213369
centered,error,log-0049,travel/solved,mae,1.9545540453412293
centered,error,log-0049,travel/solved,me,4.9915687491215365e-15
centered,error,log-0049,travel/solved,rms_travel,21.965997578322344
centered,error,log-0054,travel/solved,t,670.0
centered,error,log-0054,travel/solved,rmse,2.6995286287941496
centered,error,log-0054,travel/solved,nrmse,0.15369762764974357
centered,error,log-0054,travel/solved,bin_rmse,3.0284055568362716
centered,error,log-0054,travel/solved,mae,2.03117759082651
centered,error,log-0054,travel/solved,me,-1.4659855199241266e-15
centered,error,log-0054,travel/solved,rms_travel,17.56389262523958
centered,error,log-0055,travel/solved,t,225.0
centered,error,log-0055,travel/solved,rmse,2.9497069436093475
centered,error,log-0055,travel/solved,nrmse,0.12766937125910852
centered,error,log-0055,travel/solved,bin_rmse,3.084937549324122
centered,error,log-0055,travel/solved,mae,2.219101937163639
centered,error,log-0055,travel/solved,me,-6.447173465228325e-16
centered,error,log-0055,travel/solved,rms_travel,23.10426466832703
centered,error,log-0056,travel/solved,t,273.0
centered,error,log-0056,travel/solved,rmse,3.2557078569880344
centered,error,log-0056,travel/solved,nrmse,0.14663942479851025
centered,error,log-0056,travel/solved,bin_rmse,3.630800803901779
centered,error,log-0056,travel/solved,mae,2.402731227723524
centered,error,log-0056,travel/solved,me,4.6234781679565894e-15
centered,error,log-0056,travel/solved,rms_travel,22.202131940039568
centered,error,log-0058,travel/solved,t,388.0
centered,error,log-0058,travel/solved,rmse,3.2010415611362264
centered,error,log-0058,travel/solved,nrmse,0.1387304862990065
centered,error,log-0058,travel/solved,bin_rmse,3.5749300956138943
centered,error,log-0058,travel/solved,mae,2.3153942076064795
centered,error,log-0058,travel/solved,me,-1.3940766974170338e-14
centered,error,log-0058,travel/solved,rms_travel,23.073814894853072
centered,error,log-0063,travel/solved,t,103.0
centered,error,log-0063,travel/solved,rmse,3.3209091553282426
centered,error,log-0063,travel/solved,nrmse,0.1278922593568009
centered,error,log-0063,travel/solved,bin_rmse,3.579454847824539
centered,error,log-0063,travel/solved,mae,2.5297706622732683
centered,error,log-0063,travel/solved,me,-7.643550913277121e-15
centered,error,log-0063,travel/solved,rms_travel,25.966459362199448
centered,error,log-0071_183,travel/solved,t,416.0
centered,error,log-0071_183,travel/solved,rmse,2.7348151529000932
centered,error,log-0071_183,travel/solved,nrmse,0.1280693450678066
centered,error,log-0071_183,travel/solved,bin_rmse,2.8876306015730924
centered,error,log-0071_183,travel/solved,mae,1.9126976924391474
centered,error,log-0071_183,travel/solved,me,1.241272984302521e-14
centered,error,log-0071_183,travel/solved,rms_travel,21.354174579811737
centered,error,log-0072_184,travel/solved,t,328.0
centered,error,log-0072_184,travel/solved,rmse,2.975453892302228
centered,error,log-0072_184,travel/solved,nrmse,0.14260615739870613
centered,error,log-0072_184,travel/solved,bin_rmse,3.3168411853048
centered,error,log-0072_184,travel/solved,mae,2.107670997292972
centered,error,log-0072_184,travel/solved,me,1.1897499977559525e-14
centered,error,log-0072_184,travel/solved,rms_travel,20.864834636721124
centered,error,log-0073_185,travel/solved,t,287.0
centered,error,log-0073_185,travel/solved,rmse,2.969085375372786
centered,error,log-0073_185,travel/solved,nrmse,0.1537435738120095
centered,error,log-0073_185,travel/solved,bin_rmse,3.443669837346369
centered,error,log-0073_185,travel/solved,mae,1.9776086727090452
centered,error,log-0073_185,travel/solved,me,3.833474118810103e-15
centered,error,log-0073_185,travel/solved,rms_travel,19.311931560815967
centered,error,log-0078-valid,travel/solved,t,132.0
centered,error,log-0078-valid,travel/solved,rmse,5.805775700758414
centered,error,log-0078-valid,travel/solved,nrmse,0.20416156555683376
centered,error,log-0078-valid,travel/solved,bin_rmse,5.954631741820915
centered,error,log-0078-valid,travel/solved,mae,4.48741245422892
centered,error,log-0078-valid,travel/solved,me,7.271567233966691e-15
centered,error,log-0078-valid,travel/solved,rms_travel,28.437162915182597
centered,error,log-0079,travel/solved,t,240.0
centered,error,log-0079,travel/solved,rmse,5.432110126715021
centered,error,log-0079,travel/solved,nrmse,0.2116557162091177
centered,error,log-0079,travel/solved,bin_rmse,5.621986787315397
centered,error,log-0079,travel/solved,mae,4.116063526287486
centered,error,log-0079,travel/solved,me,-4.270815379834645e-15
centered,error,log-0079,travel/solved,rms_travel,25.664840165942174
centered,error,log-0080-valid,travel/solved,t,325.0
centered,error,log-0080-valid,travel/solved,rmse,5.529494633114262
centered,error,log-0080-valid,travel/solved,nrmse,0.19175986548862053
centered,error,log-0080-valid,travel/solved,bin_rmse,5.6112679759913
centered,error,log-0080-valid,travel/solved,mae,4.3001446579635205
centered,error,log-0080-valid,travel/solved,me,1.3425927446518807e-15
centered,error,log-0080-valid,travel/solved,rms_travel,28.83551581048848
centered,error,log-0081,travel/solved,t,735.0
centered,error,log-0081,travel/solved,rmse,9.56852381278719
centered,error,log-0081,travel/solved,nrmse,0.4567295271049307
centered,error,log-0081,travel/solved,bin_rmse,8.605709585196104
centered,error,log-0081,travel/solved,mae,7.664641241219621
centered,error,log-0081,travel/solved,me,-1.582762152313123e-15
centered,error,log-0081,travel/solved,rms_travel,20.950088060737272
centered,error,log103,travel/solved,t,396.0
centered,error,log103,travel/solved,rmse,5.021478240772031
centered,error,log103,travel/solved,nrmse,0.22192672185609458
centered,error,log103,travel/solved,bin_rmse,5.623784323519117
centered,error,log103,travel/solved,mae,3.357413700586615
centered,error,log103,travel/solved,me,7.516863936439059e-15
centered,error,log103,travel/solved,rms_travel,22.626740028306017
centered,error,log104,travel/solved,t,398.0
centered,error,log104,travel/solved,rmse,5.728432506978829
centered,error,log104,travel/solved,nrmse,0.2653832146165296
centered,error,log104,travel/solved,bin_rmse,7.551709360190594
centered,error,log104,travel/solved,mae,3.498257161362086
centered,error,log104,travel/solved,me,-1.0142044594815656e-14
centered,error,log104,travel/solved,rms_travel,21.58551178625308
centered,error,log106,travel/solved,t,155.0
centered,error,log106,travel/solved,rmse,2.9978234785215423
centered,error,log106,travel/solved,nrmse,0.13217936346631898
centered,error,log106,travel/solved,bin_rmse,3.3625107936628957
centered,error,log106,travel/solved,mae,1.9949948571329996
centered,error,log106,travel/solved,me,-1.009526253173558e-14
centered,error,log106,travel/solved,rms_travel,22.679966069631035
centered,error,log107,travel/solved,t,167.0
centered,error,log107,travel/solved,rmse,3.2091430921303923
centered,error,log107,travel/solved,nrmse,0.14774420096099553
centered,error,log107,travel/solved,bin_rmse,4.173666252787515
centered,error,log107,travel/solved,mae,2.053264250252478
centered,error,log107,travel/solved,me,-1.8335491419172288e-15
centered,error,log107,travel/solved,rms_travel,21.720941135128587
centered,error,log109,travel/solved,t,181.0
centered,error,log109,travel/solved,rmse,3.2379459395726746
centered,error,log109,travel/solved,nrmse,0.14687558784645915
centered,error,log109,travel/solved,bin_rmse,4.516140894045666
centered,error,log109,travel/solved,mae,2.298203691997235
centered,error,log109,travel/solved,me,-3.5556480274146745e-15
centered,error,log109,travel/solved,rms_travel,22.0455011418069
centered,error,log110,travel/solved,t,171.0
centered,error,log110,travel/solved,rmse,3.7224463976493616
centered,error,log110,travel/solved,nrmse,0.1747138766351865
centered,error,log110,travel/solved,bin_rmse,4.303780511452099
centered,error,log110,travel/solved,mae,2.4431917322976546
centered,error,log110,travel/solved,me,-7.384672724307886e-15
centered,error,log110,travel/solved,rms_travel,21.305957313408268
centered,error,log112,travel/solved,t,330.0
centered,error,log112,travel/solved,rmse,4.910400749194702
centered,error,log112,travel/solved,nrmse,0.21413378122214882
centered,error,log112,travel/solved,bin_rmse,5.661756281100346
centered,error,log112,travel/solved,mae,3.4914070555091974
centered,error,log112,travel/solved,me,-3.1356195488451525e-15
centered,error,log112,travel/solved,rms_travel,22.931462383791303
centered,error,log-0098,travel/solved,t,224.0
centered,error,log-0098,travel/solved,rmse,5.719537778518741
centered,error,log-0098,travel/solved,nrmse,0.2153690296212055
centered,error,log-0098,travel/solved,bin_rmse,5.7950127373175
centered,error,log-0098,travel/solved,mae,4.302224712350665
centered,error,log-0098,travel/solved,me,-3.245876879989037e-15
centered,error,log-0098,travel/solved,rms_travel,26.5569185531381
centered,error,log-0099,travel/solved,t,634.0
centered,error,log-0099,travel/solved,rmse,8.537598861512327
centered,error,log-0099,travel/solved,nrmse,0.4282898075247376
centered,error,log-0099,travel/solved,bin_rmse,7.877521859171754
centered,error,log-0099,travel/solved,mae,7.067195161429595
centered,error,log-0099,travel/solved,me,5.507134766400247e-15
centered,error,log-0099,travel/solved,rms_travel,19.9341630632179
centered,error,log-0113,travel/solved,t,232.0
centered,error,log-0113,travel/solved,rmse,4.562802859938983
centered,error,log-0113,travel/solved,nrmse,0.17288130913288882
centered,error,log-0113,travel/solved,bin_rmse,4.977101419522696
centered,error,log-0113,travel/solved,mae,3.5673740192494736
centered,error,log-0113,travel/solved,me,5.2024771122016025e-15
centered,error,log-0113,travel/solved,rms_travel,26.39269035400287
centered,error,log-0115,travel/solved,t,171.0
centered,error,log-0115,travel/solved,rmse,5.6641077014017185
centered,error,log-0115,travel/solved,nrmse,0.2398528631551929
centered,error,log-0115,travel/solved,bin_rmse,7.055257420389049
centered,error,log-0115,travel/solved,mae,4.135277531445117
centered,error,log-0115,travel/solved,me,-4.779268007214547e-15
centered,error,log-0115,travel/solved,rms_travel,23.61492636315477
centered,error,log-0116,travel/solved,t,175.0
centered,error,log-0116,travel/solved,rmse,5.65999596551532
centered,error,log-0116,travel/solved,nrmse,0.1838856176920476
centered,error,log-0116,travel/solved,bin_rmse,5.7941762162252965
centered,error,log-0116,travel/solved,mae,4.195263273187244
centered,error,log-0116,travel/solved,me,-1.5510682197253052e-14
centered,error,log-0116,travel/solved,rms_travel,30.779981798218113
centered,error,log-0117,travel/solved,t,122.0
centered,error,log-0117,travel/solved,rmse,4.050641550452464
centered,error,log-0117,travel/solved,nrmse,0.1565584246848457
centered,error,log-0117,travel/solved,bin_rmse,4.603182770430041
centered,error,log-0117,travel/solved,mae,2.9052241414338913
centered,error,log-0117,travel/solved,me,4.809009649006779e-15
centered,error,log-0117,travel/solved,rms_travel,25.87303467447671
centered,error,log-0118,travel/solved,t,110.0
centered,error,log-0118,travel/solved,rmse,6.2274976375575894
centered,error,log-0118,travel/solved,nrmse,0.17103887679339982
centered,error,log-0118,travel/solved,bin_rmse,6.516940402876069
centered,error,log-0118,travel/solved,mae,4.811895578406683
centered,error,log-0118,travel/solved,me,6.782043447037475e-15
centered,error,log-0118,travel/solved,rms_travel,36.409837075110524
centered,error,log-0119,travel/solved,t,138.0
centered,error,log-0119,travel/solved,rmse,6.5699311954198425
centered,error,log-0119,travel/solved,nrmse,0.18462781081286722
centered,error,log-0119,travel/solved,bin_rmse,6.9732070464779214
centered,error,log-0119,travel/solved,mae,5.064444666593145
centered,error,log-0119,travel/solved,me,8.536157045013405e-15
centered,error,log-0119,travel/solved,rms_travel,35.58473215109999
centered,error,log-0120,travel/solved,t,49.0
centered,error,log-0120,travel/solved,rmse,5.870849907845712
centered,error,log-0120,travel/solved,nrmse,0.17278821542934708
centered,error,log-0120,travel/solved,bin_rmse,6.074197933390203
centered,error,log-0120,travel/solved,mae,4.328704183848938
centered,error,log-0120,travel/solved,me,7.909842318857661e-15
centered,error,log-0120,travel/solved,rms_travel,33.977143020186446
centered,error,log-0122,travel/solved,t,317.0
centered,error,log-0122,travel/solved,rmse,7.85648208356977
centered,error,log-0122,travel/solved,nrmse,0.2442201944986376
centered,error,log-0122,travel/solved,bin_rmse,7.94301553803527
centered,error,log-0122,travel/solved,mae,6.1287678342236305
centered,error,log-0122,travel/solved,me,-3.3211000536928155e-15
centered,error,log-0122,travel/solved,rms_travel,32.16966598400444
centered,error,log-0125,travel/solved,t,187.0
centered,error,log-0125,travel/solved,rmse,6.657183556940365
centered,error,log-0125,travel/solved,nrmse,0.2032515646536404
centered,error,log-0125,travel/solved,bin_rmse,6.683762139564531
centered,error,log-0125,travel/solved,mae,5.255022799896424
centered,error,log-0125,travel/solved,me,2.810971581734511e-15
centered,error,log-0125,travel/solved,rms_travel,32.75341849537457
centered,error,log-0126,travel/solved,t,51.0
centered,error,log-0126,travel/solved,rmse,8.170663808633726
centered,error,log-0126,travel/solved,nrmse,0.2247789774444823
centered,error,log-0126,travel/solved,bin_rmse,8.273297378533712
centered,error,log-0126,travel/solved,mae,6.185381712772261
centered,error,log-0126,travel/solved,me,9.688593569147986e-16
centered,error,log-0126,travel/solved,rms_travel,36.34976856610971
centered,error,log-0127,travel/solved,t,102.0
centered,error,log-0127,travel/solved,rmse,6.611843821164404
centered,error,log-0127,travel/solved,nrmse,0.18905894773272036
centered,error,log-0127,travel/solved,bin_rmse,7.154320474779146
centered,error,log-0127,travel/solved,mae,5.066678493217184
centered,error,log-0127,travel/solved,me,-6.121170900331749e-15
centered,error,log-0127,travel/solved,rms_travel,34.972393004703555
centered,error,log-0129,travel/solved,t,409.0
centered,error,log-0129,travel/solved,rmse,5.152055495543653
centered,error,log-0129,travel/solved,nrmse,0.16306457084296053
centered,error,log-0129,travel/solved,bin_rmse,5.188532178222476
centered,error,log-0129,travel/solved,mae,4.02631415211756
centered,error,log-0129,travel/solved,me,-5.1520637482925e-15
centered,error,log-0129,travel/solved,rms_travel,31.59518630509471
centered,error,log-0132,travel/solved,t,266.0
centered,error,log-0132,travel/solved,rmse,6.681065864777644
centered,error,log-0132,travel/solved,nrmse,0.2018824692580519
centered,error,log-0132,travel/solved,bin_rmse,6.252569026111563
centered,error,log-0132,travel/solved,mae,5.098027974059194
centered,error,log-0132,travel/solved,me,-8.187192094276388e-16
centered,error,log-0132,travel/solved,rms_travel,33.09383865439904
centered,error,log-0133,travel/solved,t,93.0
centered,error,log-0133,travel/solved,rmse,5.660218422881585
centered,error,log-0133,travel/solved,nrmse,0.1910054485275857
centered,error,log-0133,travel/solved,bin_rmse,6.226325829249635
centered,error,log-0133,travel/solved,mae,4.289534017656332
centered,error,log-0133,travel/solved,me,3.1980101394253204e-15
centered,error,log-0133,travel/solved,rms_travel,29.633806085191942
centered,error,log-0145-filtered-c01,travel/solved,t,349.0
centered,error,log-0145-filtered-c01,travel/solved,rmse,6.215792226089551
centered,error,log-0145-filtered-c01,travel/solved,nrmse,0.3446652565297148
centered,error,log-0145-filtered-c01,travel/solved,bin_rmse,5.811284513883327
centered,error,log-0145-filtered-c01,travel/solved,mae,4.719637636248087
centered,error,log-0145-filtered-c01,travel/solved,me,4.2942432837101e-15
centered,error,log-0145-filtered-c01,travel/solved,rms_travel,18.034287205718588
centered,error,log-0147-filtered-c01,travel/solved,t,82.0
centered,error,log-0147-filtered-c01,travel/solved,rmse,6.51534359340383
centered,error,log-0147-filtered-c01,travel/solved,nrmse,0.3961376518589845
centered,error,log-0147-filtered-c01,travel/solved,bin_rmse,5.920646095898701
centered,error,log-0147-filtered-c01,travel/solved,mae,4.821946722658191
centered,error,log-0147-filtered-c01,travel/solved,me,4.434936982922971e-15
centered,error,log-0147-filtered-c01,travel/solved,rms_travel,16.447170731761535
centered,error,log-0147-filtered-c02,travel/solved,t,320.0
centered,error,log-0147-filtered-c02,travel/solved,rmse,7.792454842550896
centered,error,log-0147-filtered-c02,travel/solved,nrmse,0.4453522650486172
centered,error,log-0147-filtered-c02,travel/solved,bin_rmse,11.517396973059325
centered,error,log-0147-filtered-c02,travel/solved,mae,5.444194273037849
centered,error,log-0147-filtered-c02,travel/solved,me,-6.312586054355571e-15
centered,error,log-0147-filtered-c02,travel/solved,rms_travel,17.497283508146584
centered,error,log-0151-filtered-c01,travel/solved,t,86.0
centered,error,log-0151-filtered-c01,travel/solved,rmse,7.080192333475527
centered,error,log-0151-filtered-c01,travel/solved,nrmse,0.3577561098866644
centered,error,log-0151-filtered-c01,travel/solved,bin_rmse,8.956167001567128
centered,error,log-0151-filtered-c01,travel/solved,mae,4.547163156252664
centered,error,log-0151-filtered-c01,travel/solved,me,1.050831544509449e-15
centered,error,log-0151-filtered-c01,travel/solved,rms_travel,19.790556017948933
centered,error,log-0152-filtered-c01,travel/solved,t,150.0
centered,error,log-0152-filtered-c01,travel/solved,rmse,5.066721196954988
centered,error,log-0152-filtered-c01,travel/solved,nrmse,0.27476535898742305
centered,error,log-0152-filtered-c01,travel/solved,bin_rmse,6.658985573297212
centered,error,log-0152-filtered-c01,travel/solved,mae,3.718396965648789
centered,error,log-0152-filtered-c01,travel/solved,me,5.219579608862094e-15
centered,error,log-0152-filtered-c01,travel/solved,rms_travel,18.44017461162893
centered,error,log-0152-filtered-c02,travel/solved,t,92.0
centered,error,log-0152-filtered-c02,travel/solved,rmse,5.9410158550323615
centered,error,log-0152-filtered-c02,travel/solved,nrmse,0.41605482334621996
centered,error,log-0152-filtered-c02,travel/solved,bin_rmse,5.424850487078499
centered,error,log-0152-filtered-c02,travel/solved,mae,4.7950026825444985
centered,error,log-0152-filtered-c02,travel/solved,me,2.4562350161308423e-15
centered,error,log-0152-filtered-c02,travel/solved,rms_travel,14.279406274515285
centered,error,log-0155-filtered-c01,travel/solved,t,133.0
centered,error,log-0155-filtered-c01,travel/solved,rmse,6.340793317457538
centered,error,log-0155-filtered-c01,travel/solved,nrmse,0.23699680635441592
centered,error,log-0155-filtered-c01,travel/solved,bin_rmse,6.871869543822169
centered,error,log-0155-filtered-c01,travel/solved,mae,4.592260699515426
centered,error,log-0155-filtered-c01,travel/solved,me,-8.808169409062143e-15
centered,error,log-0155-filtered-c01,travel/solved,rms_travel,26.75476271176087
centered,error,log-0046,travel/solved/mag_nuisance/delta_lifted,t,375.0
centered,error,log-0046,travel/solved/mag_nuisance/delta_lifted,rmse,3.2679210011424176
centered,error,log-0046,travel/solved/mag_nuisance/delta_lifted,nrmse,0.16127217748255768
centered,error,log-0046,travel/solved/mag_nuisance/delta_lifted,bin_rmse,4.06825639788418
centered,error,log-0046,travel/solved/mag_nuisance/delta_lifted,mae,2.271944757290845
centered,error,log-0046,travel/solved/mag_nuisance/delta_lifted,me,1.2103288674467488e-14
centered,error,log-0046,travel/solved/mag_nuisance/delta_lifted,rms_travel,20.263389830498557
centered,error,log-0048,travel/solved/mag_nuisance/delta_lifted,t,335.0
centered,error,log-0048,travel/solved/mag_nuisance/delta_lifted,rmse,3.787015158288516
centered,error,log-0048,travel/solved/mag_nuisance/delta_lifted,nrmse,0.17076009124371505
centered,error,log-0048,travel/solved/mag_nuisance/delta_lifted,bin_rmse,4.705680885215082
centered,error,log-0048,travel/solved/mag_nuisance/delta_lifted,mae,2.5244566790126073
centered,error,log-0048,travel/solved/mag_nuisance/delta_lifted,me,7.259920774264157e-15
centered,error,log-0048,travel/solved/mag_nuisance/delta_lifted,rms_travel,22.17740181974692
centered,error,log-0049,travel/solved/mag_nuisance/delta_lifted,t,176.0
centered,error,log-0049,travel/solved/mag_nuisance/delta_lifted,rmse,3.0766436076914703
centered,error,log-0049,travel/solved/mag_nuisance/delta_lifted,nrmse,0.14006391454434683
centered,error,log-0049,travel/solved/mag_nuisance/delta_lifted,bin_rmse,3.4089401235124734
centered,error,log-0049,travel/solved/mag_nuisance/delta_lifted,mae,2.1066792218888866
centered,error,log-0049,travel/solved/mag_nuisance/delta_lifted,me,-2.598703317841625e-15
centered,error,log-0049,travel/solved/mag_nuisance/delta_lifted,rms_travel,21.965997578322344
centered,error,log-0054,travel/solved/mag_nuisance/delta_lifted,t,670.0
centered,error,log-0054,travel/solved/mag_nuisance/delta_lifted,rmse,3.5345317515174326
centered,error,log-0054,travel/solved/mag_nuisance/delta_lifted,nrmse,0.20123851966837109
centered,error,log-0054,travel/solved/mag_nuisance/delta_lifted,bin_rmse,4.091057305429952
centered,error,log-0054,travel/solved/mag_nuisance/delta_lifted,mae,2.3812671659336706
centered,error,log-0054,travel/solved/mag_nuisance/delta_lifted,me,4.669435359758329e-15
centered,error,log-0054,travel/solved/mag_nuisance/delta_lifted,rms_travel,17.56389262523958
centered,error,log-0055,travel/solved/mag_nuisance/delta_lifted,t,225.0
centered,error,log-0055,travel/solved/mag_nuisance/delta_lifted,rmse,3.9247209997551797
centered,error,log-0055,travel/solved/mag_nuisance/delta_lifted,nrmse,0.16986998097954906
centered,error,log-0055,travel/solved/mag_nuisance/delta_lifted,bin_rmse,4.082034125732088
centered,error,log-0055,travel/solved/mag_nuisance/delta_lifted,mae,2.715437027280093
centered,error,log-0055,travel/solved/mag_nuisance/delta_lifted,me,-1.9341520395684975e-15
centered,error,log-0055,travel/solved/mag_nuisance/delta_lifted,rms_travel,23.10426466832703
centered,error,log-0056,travel/solved/mag_nuisance/delta_lifted,t,273.0
centered,error,log-0056,travel/solved/mag_nuisance/delta_lifted,rmse,3.8870101108736357
centered,error,log-0056,travel/solved/mag_nuisance/delta_lifted,nrmse,0.17507373262041376
centered,error,log-0056,travel/solved/mag_nuisance/delta_lifted,bin_rmse,4.337979477541833
centered,error,log-0056,travel/solved/mag_nuisance/delta_lifted,mae,2.6391535217815445
centered,error,log-0056,travel/solved/mag_nuisance/delta_lifted,me,4.307485055758118e-15
centered,error,log-0056,travel/solved/mag_nuisance/delta_lifted,rms_travel,22.202131940039568
centered,error,log-0058,travel/solved/mag_nuisance/delta_lifted,t,388.0
centered,error,log-0058,travel/solved/mag_nuisance/delta_lifted,rmse,4.303436686158889
centered,error,log-0058,travel/solved/mag_nuisance/delta_lifted,nrmse,0.1865073766851978
centered,error,log-0058,travel/solved/mag_nuisance/delta_lifted,bin_rmse,4.8465517348778855
centered,error,log-0058,travel/solved/mag_nuisance/delta_lifted,mae,2.8269431454207
centered,error,log-0058,travel/solved/mag_nuisance/delta_lifted,me,3.648925583843243e-15
centered,error,log-0058,travel/solved/mag_nuisance/delta_lifted,rms_travel,23.073814894853072
centered,error,log-0063,travel/solved/mag_nuisance/delta_lifted,t,103.0
centered,error,log-0063,travel/solved/mag_nuisance/delta_lifted,rmse,3.3396840629997584
centered,error,log-0063,travel/solved/mag_nuisance/delta_lifted,nrmse,0.1286153039355642
centered,error,log-0063,travel/solved/mag_nuisance/delta_lifted,bin_rmse,3.5254406722449607
centered,error,log-0063,travel/solved/mag_nuisance/delta_lifted,mae,2.528074522506205
centered,error,log-0063,travel/solved/mag_nuisance/delta_lifted,me,-3.909632363687723e-15
centered,error,log-0063,travel/solved/mag_nuisance/delta_lifted,rms_travel,25.966459362199448
centered,error,log-0071_183,travel/solved/mag_nuisance/delta_lifted,t,416.0
centered,error,log-0071_183,travel/solved/mag_nuisance/delta_lifted,rmse,3.1317964593977377
centered,error,log-0071_183,travel/solved/mag_nuisance/delta_lifted,nrmse,0.1466596822880029
centered,error,log-0071_183,travel/solved/mag_nuisance/delta_lifted,bin_rmse,3.412083027621819
centered,error,log-0071_183,travel/solved/mag_nuisance/delta_lifted,mae,2.05631221847148
centered,error,log-0071_183,travel/solved/mag_nuisance/delta_lifted,me,5.1574018361865314e-15
centered,error,log-0071_183,travel/solved/mag_nuisance/delta_lifted,rms_travel,21.354174579811737
centered,error,log-0072_184,travel/solved/mag_nuisance/delta_lifted,t,328.0
centered,error,log-0072_184,travel/solved/mag_nuisance/delta_lifted,rmse,3.6150640569100556
centered,error,log-0072_184,travel/solved/mag_nuisance/delta_lifted,nrmse,0.17326109311921953
centered,error,log-0072_184,travel/solved/mag_nuisance/delta_lifted,bin_rmse,3.95284531831032
centered,error,log-0072_184,travel/solved/mag_nuisance/delta_lifted,mae,2.4080336878754425
centered,error,log-0072_184,travel/solved/mag_nuisance/delta_lifted,me,1.0514069747610744e-15
centered,error,log-0072_184,travel/solved/mag_nuisance/delta_lifted,rms_travel,20.864834636721124
centered,error,log-0073_185,travel/solved/mag_nuisance/delta_lifted,t,287.0
centered,error,log-0073_185,travel/solved/mag_nuisance/delta_lifted,rmse,3.672931972482586
centered,error,log-0073_185,travel/solved/mag_nuisance/delta_lifted,nrmse,0.19018977780218466
centered,error,log-0073_185,travel/solved/mag_nuisance/delta_lifted,bin_rmse,4.263205897679707
centered,error,log-0073_185,travel/solved/mag_nuisance/delta_lifted,mae,2.5489875364080294
centered,error,log-0073_185,travel/solved/mag_nuisance/delta_lifted,me,2.389492639588547e-15
centered,error,log-0073_185,travel/solved/mag_nuisance/delta_lifted,rms_travel,19.311931560815967
centered,error,log-0078-valid,travel/solved/mag_nuisance/delta_lifted,t,132.0
centered,error,log-0078-valid,travel/solved/mag_nuisance/delta_lifted,rmse,7.040051640134127
centered,error,log-0078-valid,travel/solved/mag_nuisance/delta_lifted,nrmse,0.2475651899991558
centered,error,log-0078-valid,travel/solved/mag_nuisance/delta_lifted,bin_rmse,7.128769957978512
centered,error,log-0078-valid,travel/solved/mag_nuisance/delta_lifted,mae,5.037640312015752
centered,error,log-0078-valid,travel/solved/mag_nuisance/delta_lifted,me,1.92079134482139e-15
centered,error,log-0078-valid,travel/solved/mag_nuisance/delta_lifted,rms_travel,28.437162915182597
centered,error,log-0079,travel/solved/mag_nuisance/delta_lifted,t,240.0
centered,error,log-0079,travel/solved/mag_nuisance/delta_lifted,rmse,5.319523984195273
centered,error,log-0079,travel/solved/mag_nuisance/delta_lifted,nrmse,0.207268930949915
centered,error,log-0079,travel/solved/mag_nuisance/delta_lifted,bin_rmse,5.375963951195056
centered,error,log-0079,travel/solved/mag_nuisance/delta_lifted,mae,4.113896194232052
centered,error,log-0079,travel/solved/mag_nuisance/delta_lifted,me,-7.369991142192528e-15
centered,error,log-0079,travel/solved/mag_nuisance/delta_lifted,rms_travel,25.664840165942174
centered,error,log-0080-valid,travel/solved/mag_nuisance/delta_lifted,t,325.0
centered,error,log-0080-valid,travel/solved/mag_nuisance/delta_lifted,rmse,7.148096971918862
centered,error,log-0080-valid,travel/solved/mag_nuisance/delta_lifted,nrmse,0.24789211397837557
centered,error,log-0080-valid,travel/solved/mag_nuisance/delta_lifted,bin_rmse,7.493260006945212
centered,error,log-0080-valid,travel/solved/mag_nuisance/delta_lifted,mae,4.8539472800491605
centered,error,log-0080-valid,travel/solved/mag_nuisance/delta_lifted,me,4.475309148839603e-16
centered,error,log-0080-valid,travel/solved/mag_nuisance/delta_lifted,rms_travel,28.83551581048848
centered,error,log-0081,travel/solved/mag_nuisance/delta_lifted,t,735.0
centered,error,log-0081,travel/solved/mag_nuisance/delta_lifted,rmse,10.416660081117085
centered,error,log-0081,travel/solved/mag_nuisance/delta_lifted,nrmse,0.4972131883607225
centered,error,log-0081,travel/solved/mag_nuisance/delta_lifted,bin_rmse,9.737165755993177
centered,error,log-0081,travel/solved/mag_nuisance/delta_lifted,mae,8.208572739872569
centered,error,log-0081,travel/solved/mag_nuisance/delta_lifted,me,2.374143228469684e-15
centered,error,log-0081,travel/solved/mag_nuisance/delta_lifted,rms_travel,20.950088060737272
centered,error,log103,travel/solved/mag_nuisance/delta_lifted,t,396.0
centered,error,log103,travel/solved/mag_nuisance/delta_lifted,rmse,5.076277923871288
centered,error,log103,travel/solved/mag_nuisance/delta_lifted,nrmse,0.2243486210351501
centered,error,log103,travel/solved/mag_nuisance/delta_lifted,bin_rmse,5.599290330226994
centered,error,log103,travel/solved/mag_nuisance/delta_lifted,mae,3.3432751849031246
centered,error,log103,travel/solved/mag_nuisance/delta_lifted,me,8.891900022373032e-15
centered,error,log103,travel/solved/mag_nuisance/delta_lifted,rms_travel,22.626740028306017
centered,error,log104,travel/solved/mag_nuisance/delta_lifted,t,398.0
centered,error,log104,travel/solved/mag_nuisance/delta_lifted,rmse,5.95048440315512
centered,error,log104,travel/solved/mag_nuisance/delta_lifted,nrmse,0.2756702950608166
centered,error,log104,travel/solved/mag_nuisance/delta_lifted,bin_rmse,7.752904877267313
centered,error,log104,travel/solved/mag_nuisance/delta_lifted,mae,3.372918970993216
centered,error,log104,travel/solved/mag_nuisance/delta_lifted,me,-1.1466906276120403e-14
centered,error,log104,travel/solved/mag_nuisance/delta_lifted,rms_travel,21.58551178625308
centered,error,log106,travel/solved/mag_nuisance/delta_lifted,t,155.0
centered,error,log106,travel/solved/mag_nuisance/delta_lifted,rmse,3.3096521902514944
centered,error,log106,travel/solved/mag_nuisance/delta_lifted,nrmse,0.1459284453993602
centered,error,log106,travel/solved/mag_nuisance/delta_lifted,bin_rmse,3.772447415251711
centered,error,log106,travel/solved/mag_nuisance/delta_lifted,mae,2.1386883483250587
centered,error,log106,travel/solved/mag_nuisance/delta_lifted,me,-1.2719592183359817e-15
centered,error,log106,travel/solved/mag_nuisance/delta_lifted,rms_travel,22.679966069631035
centered,error,log107,travel/solved/mag_nuisance/delta_lifted,t,167.0
centered,error,log107,travel/solved/mag_nuisance/delta_lifted,rmse,3.2871832415733184
centered,error,log107,travel/solved/mag_nuisance/delta_lifted,nrmse,0.15133705400347786
centered,error,log107,travel/solved/mag_nuisance/delta_lifted,bin_rmse,4.2846642356937945
centered,error,log107,travel/solved/mag_nuisance/delta_lifted,mae,2.1716313181726634
centered,error,log107,travel/solved/mag_nuisance/delta_lifted,me,-2.920096781571883e-15
centered,error,log107,travel/solved/mag_nuisance/delta_lifted,rms_travel,21.720941135128587
centered,error,log109,travel/solved/mag_nuisance/delta_lifted,t,181.0
centered,error,log109,travel/solved/mag_nuisance/delta_lifted,rmse,3.557497984812295
centered,error,log109,travel/solved/mag_nuisance/delta_lifted,nrmse,0.16137070152902475
centered,error,log109,travel/solved/mag_nuisance/delta_lifted,bin_rmse,4.890371679024848
centered,error,log109,travel/solved/mag_nuisance/delta_lifted,mae,2.4949726769550935
centered,error,log109,travel/solved/mag_nuisance/delta_lifted,me,-1.0015909936379365e-16
centered,error,log109,travel/solved/mag_nuisance/delta_lifted,rms_travel,22.0455011418069
centered,error,log110,travel/solved/mag_nuisance/delta_lifted,t,171.0
centered,error,log110,travel/solved/mag_nuisance/delta_lifted,rmse,3.6463166390541244
centered,error,log110,travel/solved/mag_nuisance/delta_lifted,nrmse,0.17114070893024008
centered,error,log110,travel/solved/mag_nuisance/delta_lifted,bin_rmse,4.1142453185551355
centered,error,log110,travel/solved/mag_nuisance/delta_lifted,mae,2.527297264335052
centered,error,log110,travel/solved/mag_nuisance/delta_lifted,me,1.5909528310896704e-16
centered,error,log110,travel/solved/mag_nuisance/delta_lifted,rms_travel,21.305957313408268
centered,error,log112,travel/solved/mag_nuisance/delta_lifted,t,330.0
centered,error,log112,travel/solved/mag_nuisance/delta_lifted,rmse,5.281631983130188
centered,error,log112,travel/solved/mag_nuisance/delta_lifted,nrmse,0.23032251038919418
centered,error,log112,travel/solved/mag_nuisance/delta_lifted,bin_rmse,6.233191323495131
centered,error,log112,travel/solved/mag_nuisance/delta_lifted,mae,3.572675927311226
centered,error,log112,travel/solved/mag_nuisance/delta_lifted,me,-2.365467378953361e-15
centered,error,log112,travel/solved/mag_nuisance/delta_lifted,rms_travel,22.931462383791303
centered,error,log-0098,travel/solved/mag_nuisance/delta_lifted,t,224.0
centered,error,log-0098,travel/solved/mag_nuisance/delta_lifted,rmse,6.194231900510098
centered,error,log-0098,travel/solved/mag_nuisance/delta_lifted,nrmse,0.23324362305498564
centered,error,log-0098,travel/solved/mag_nuisance/delta_lifted,bin_rmse,6.265205416428726
centered,error,log-0098,travel/solved/mag_nuisance/delta_lifted,mae,4.509457711765084
centered,error,log-0098,travel/solved/mag_nuisance/delta_lifted,me,-5.88315184498013e-16
centered,error,log-0098,travel/solved/mag_nuisance/delta_lifted,rms_travel,26.5569185531381
centered,error,log-0099,travel/solved/mag_nuisance/delta_lifted,t,634.0
centered,error,log-0099,travel/solved/mag_nuisance/delta_lifted,rmse,9.0300069136456
centered,error,log-0099,travel/solved/mag_nuisance/delta_lifted,nrmse,0.4529915244000176
centered,error,log-0099,travel/solved/mag_nuisance/delta_lifted,bin_rmse,8.335259666802944
centered,error,log-0099,travel/solved/mag_nuisance/delta_lifted,mae,7.4148133895318855
centered,error,log-0099,travel/solved/mag_nuisance/delta_lifted,me,-1.1473197430000514e-15
centered,error,log-0099,travel/solved/mag_nuisance/delta_lifted,rms_travel,19.9341630632179
centered,error,log-0113,travel/solved/mag_nuisance/delta_lifted,t,232.0
centered,error,log-0113,travel/solved/mag_nuisance/delta_lifted,rmse,5.654556585154451
centered,error,log-0113,travel/solved/mag_nuisance/delta_lifted,nrmse,0.2142470702800803
centered,error,log-0113,travel/solved/mag_nuisance/delta_lifted,bin_rmse,6.435571449814359
centered,error,log-0113,travel/solved/mag_nuisance/delta_lifted,mae,3.988288461598158
centered,error,log-0113,travel/solved/mag_nuisance/delta_lifted,me,-5.1633607429369286e-15
centered,error,log-0113,travel/solved/mag_nuisance/delta_lifted,rms_travel,26.39269035400287
centered,error,log-0115,travel/solved/mag_nuisance/delta_lifted,t,171.0
centered,error,log-0115,travel/solved/mag_nuisance/delta_lifted,rmse,6.233581301189757
centered,error,log-0115,travel/solved/mag_nuisance/delta_lifted,nrmse,0.2639678483569491
centered,error,log-0115,travel/solved/mag_nuisance/delta_lifted,bin_rmse,7.500786122851734
centered,error,log-0115,travel/solved/mag_nuisance/delta_lifted,mae,4.627133959614133
centered,error,log-0115,travel/solved/mag_nuisance/delta_lifted,me,-7.434416900111518e-15
centered,error,log-0115,travel/solved/mag_nuisance/delta_lifted,rms_travel,23.61492636315477
centered,error,log-0116,travel/solved/mag_nuisance/delta_lifted,t,175.0
centered,error,log-0116,travel/solved/mag_nuisance/delta_lifted,rmse,6.1555560187300316
centered,error,log-0116,travel/solved/mag_nuisance/delta_lifted,nrmse,0.19998569391897378
centered,error,log-0116,travel/solved/mag_nuisance/delta_lifted,bin_rmse,6.3748876122204186
centered,error,log-0116,travel/solved/mag_nuisance/delta_lifted,mae,4.442557913400161
centered,error,log-0116,travel/solved/mag_nuisance/delta_lifted,me,7.134913810736406e-15
centered,error,log-0116,travel/solved/mag_nuisance/delta_lifted,rms_travel,30.779981798218113
centered,error,log-0117,travel/solved/mag_nuisance/delta_lifted,t,122.0
centered,error,log-0117,travel/solved/mag_nuisance/delta_lifted,rmse,5.5449091796160985
centered,error,log-0117,travel/solved/mag_nuisance/delta_lifted,nrmse,0.21431228494761975
centered,error,log-0117,travel/solved/mag_nuisance/delta_lifted,bin_rmse,6.567355095999504
centered,error,log-0117,travel/solved/mag_nuisance/delta_lifted,mae,3.5739849995289235
centered,error,log-0117,travel/solved/mag_nuisance/delta_lifted,me,1.0209897408660547e-14
centered,error,log-0117,travel/solved/mag_nuisance/delta_lifted,rms_travel,25.87303467447671
centered,error,log-0118,travel/solved/mag_nuisance/delta_lifted,t,110.0
centered,error,log-0118,travel/solved/mag_nuisance/delta_lifted,rmse,6.357488011505534
centered,error,log-0118,travel/solved/mag_nuisance/delta_lifted,nrmse,0.17460907606893586
centered,error,log-0118,travel/solved/mag_nuisance/delta_lifted,bin_rmse,6.653020808527583
centered,error,log-0118,travel/solved/mag_nuisance/delta_lifted,mae,4.862860293128933
centered,error,log-0118,travel/solved/mag_nuisance/delta_lifted,me,6.4728317397257355e-15
centered,error,log-0118,travel/solved/mag_nuisance/delta_lifted,rms_travel,36.409837075110524
centered,error,log-0119,travel/solved/mag_nuisance/delta_lifted,t,138.0
centered,error,log-0119,travel/solved/mag_nuisance/delta_lifted,rmse,6.41166508202071
centered,error,log-0119,travel/solved/mag_nuisance/delta_lifted,nrmse,0.18018022602489966
centered,error,log-0119,travel/solved/mag_nuisance/delta_lifted,bin_rmse,6.71553595096029
centered,error,log-0119,travel/solved/mag_nuisance/delta_lifted,mae,4.943321602371513
centered,error,log-0119,travel/solved/mag_nuisance/delta_lifted,me,-5.90964718500928e-16
centered,error,log-0119,travel/solved/mag_nuisance/delta_lifted,rms_travel,35.58473215109999
centered,error,log-0120,travel/solved/mag_nuisance/delta_lifted,t,49.0
centered,error,log-0120,travel/solved/mag_nuisance/delta_lifted,rmse,6.588438429389543
centered,error,log-0120,travel/solved/mag_nuisance/delta_lifted,nrmse,0.19390795822577636
centered,error,log-0120,travel/solved/mag_nuisance/delta_lifted,bin_rmse,6.947711022761488
centered,error,log-0120,travel/solved/mag_nuisance/delta_lifted,mae,4.892513281845575
centered,error,log-0120,travel/solved/mag_nuisance/delta_lifted,me,1.0424532073407784e-14
centered,error,log-0120,travel/solved/mag_nuisance/delta_lifted,rms_travel,33.977143020186446
centered,error,log-0122,travel/solved/mag_nuisance/delta_lifted,t,317.0
centered,error,log-0122,travel/solved/mag_nuisance/delta_lifted,rmse,8.646836708332582
centered,error,log-0122,travel/solved/mag_nuisance/delta_lifted,nrmse,0.2687885137704571
centered,error,log-0122,travel/solved/mag_nuisance/delta_lifted,bin_rmse,8.626541768244834
centered,error,log-0122,travel/solved/mag_nuisance/delta_lifted,mae,6.708868927367356
centered,error,log-0122,travel/solved/mag_nuisance/delta_lifted,me,-1.145206915066488e-16
centered,error,log-0122,travel/solved/mag_nuisance/delta_lifted,rms_travel,32.16966598400444
centered,error,log-0125,travel/solved/mag_nuisance/delta_lifted,t,187.0
centered,error,log-0125,travel/solved/mag_nuisance/delta_lifted,rmse,6.958661278428161
centered,error,log-0125,travel/solved/mag_nuisance/delta_lifted,nrmse,0.21245603048765313
centered,error,log-0125,travel/solved/mag_nuisance/delta_lifted,bin_rmse,6.876074348292472
centered,error,log-0125,travel/solved/mag_nuisance/delta_lifted,mae,5.436068870463815
centered,error,log-0125,travel/solved/mag_nuisance/delta_lifted,me,-5.428083054383884e-15
centered,error,log-0125,travel/solved/mag_nuisance/delta_lifted,rms_travel,32.75341849537457
centered,error,log-0126,travel/solved/mag_nuisance/delta_lifted,t,51.0
centered,error,log-0126,travel/solved/mag_nuisance/delta_lifted,rmse,7.119456931191888
centered,error,log-0126,travel/solved/mag_nuisance/delta_lifted,nrmse,0.19585975955372745
centered,error,log-0126,travel/solved/mag_nuisance/delta_lifted,bin_rmse,7.530190890567973
centered,error,log-0126,travel/solved/mag_nuisance/delta_lifted,mae,5.739756706745291
centered,error,log-0126,travel/solved/mag_nuisance/delta_lifted,me,-1.5854062204060342e-15
centered,error,log-0126,travel/solved/mag_nuisance/delta_lifted,rms_travel,36.34976856610971
centered,error,log-0127,travel/solved/mag_nuisance/delta_lifted,t,102.0
centered,error,log-0127,travel/solved/mag_nuisance/delta_lifted,rmse,6.8115851002747965
centered,error,log-0127,travel/solved/mag_nuisance/delta_lifted,nrmse,0.19477034640891414
centered,error,log-0127,travel/solved/mag_nuisance/delta_lifted,bin_rmse,7.226009271063563
centered,error,log-0127,travel/solved/mag_nuisance/delta_lifted,mae,5.161683134682658
centered,error,log-0127,travel/solved/mag_nuisance/delta_lifted,me,2.982679638707107e-15
centered,error,log-0127,travel/solved/mag_nuisance/delta_lifted,rms_travel,34.972393004703555
centered,error,log-0129,travel/solved/mag_nuisance/delta_lifted,t,409.0
centered,error,log-0129,travel/solved/mag_nuisance/delta_lifted,rmse,6.270564043019544
centered,error,log-0129,travel/solved/mag_nuisance/delta_lifted,nrmse,0.19846580369771133
centered,error,log-0129,travel/solved/mag_nuisance/delta_lifted,bin_rmse,6.576801477822763
centered,error,log-0129,travel/solved/mag_nuisance/delta_lifted,mae,4.582921440128363
centered,error,log-0129,travel/solved/mag_nuisance/delta_lifted,me,8.882868531538794e-16
centered,error,log-0129,travel/solved/mag_nuisance/delta_lifted,rms_travel,31.59518630509471
centered,error,log-0132,travel/solved/mag_nuisance/delta_lifted,t,266.0
centered,error,log-0132,travel/solved/mag_nuisance/delta_lifted,rmse,9.319911337578793
centered,error,log-0132,travel/solved/mag_nuisance/delta_lifted,nrmse,0.2816207401899547
centered,error,log-0132,travel/solved/mag_nuisance/delta_lifted,bin_rmse,9.676602371005213
centered,error,log-0132,travel/solved/mag_nuisance/delta_lifted,mae,7.165363089740651
centered,error,log-0132,travel/solved/mag_nuisance/delta_lifted,me,-4.093596047138194e-15
centered,error,log-0132,travel/solved/mag_nuisance/delta_lifted,rms_travel,33.09383865439904
centered,error,log-0133,travel/solved/mag_nuisance/delta_lifted,t,93.0
centered,error,log-0133,travel/solved/mag_nuisance/delta_lifted,rmse,5.68372650572214
centered,error,log-0133,travel/solved/mag_nuisance/delta_lifted,nrmse,0.19179873450553173
centered,error,log-0133,travel/solved/mag_nuisance/delta_lifted,bin_rmse,6.236950980009823
centered,error,log-0133,travel/solved/mag_nuisance/delta_lifted,mae,4.306216245950517
centered,error,log-0133,travel/solved/mag_nuisance/delta_lifted,me,1.196831067330385e-14
centered,error,log-0133,travel/solved/mag_nuisance/delta_lifted,rms_travel,29.633806085191942
centered,error,log-0145-filtered-c01,travel/solved/mag_nuisance/delta_lifted,t,349.0
centered,error,log-0145-filtered-c01,travel/solved/mag_nuisance/delta_lifted,rmse,7.46271043784502
centered,error,log-0145-filtered-c01,travel/solved/mag_nuisance/delta_lifted,nrmse,0.41380678663466275
centered,error,log-0145-filtered-c01,travel/solved/mag_nuisance/delta_lifted,bin_rmse,6.792335559089325
centered,error,log-0145-filtered-c01,travel/solved/mag_nuisance/delta_lifted,mae,5.491422092642122
centered,error,log-0145-filtered-c01,travel/solved/mag_nuisance/delta_lifted,me,6.766686386452279e-16
centered,error,log-0145-filtered-c01,travel/solved/mag_nuisance/delta_lifted,rms_travel,18.034287205718588
centered,error,log-0147-filtered-c01,travel/solved/mag_nuisance/delta_lifted,t,82.0
centered,error,log-0147-filtered-c01,travel/solved/mag_nuisance/delta_lifted,rmse,6.205439141389796
centered,error,log-0147-filtered-c01,travel/solved/mag_nuisance/delta_lifted,nrmse,0.3772952346999305
centered,error,log-0147-filtered-c01,travel/solved/mag_nuisance/delta_lifted,bin_rmse,5.603712213438797
centered,error,log-0147-filtered-c01,travel/solved/mag_nuisance/delta_lifted,mae,4.616949863438365
centered,error,log-0147-filtered-c01,travel/solved/mag_nuisance/delta_lifted,me,7.872013144688274e-15
centered,error,log-0147-filtered-c01,travel/solved/mag_nuisance/delta_lifted,rms_travel,16.447170731761535
centered,error,log-0147-filtered-c02,travel/solved/mag_nuisance/delta_lifted,t,320.0
centered,error,log-0147-filtered-c02,travel/solved/mag_nuisance/delta_lifted,rmse,9.585302472418075
centered,error,log-0147-filtered-c02,travel/solved/mag_nuisance/delta_lifted,nrmse,0.5478166063866566
centered,error,log-0147-filtered-c02,travel/solved/mag_nuisance/delta_lifted,bin_rmse,12.7973423340214
centered,error,log-0147-filtered-c02,travel/solved/mag_nuisance/delta_lifted,mae,6.190520005455106
centered,error,log-0147-filtered-c02,travel/solved/mag_nuisance/delta_lifted,me,-2.610147941576236e-15
centered,error,log-0147-filtered-c02,travel/solved/mag_nuisance/delta_lifted,rms_travel,17.497283508146584
centered,error,log-0151-filtered-c01,travel/solved/mag_nuisance/delta_lifted,t,86.0
centered,error,log-0151-filtered-c01,travel/solved/mag_nuisance/delta_lifted,rmse,9.442822470748675
centered,error,log-0151-filtered-c01,travel/solved/mag_nuisance/delta_lifted,nrmse,0.47713780563742425
centered,error,log-0151-filtered-c01,travel/solved/mag_nuisance/delta_lifted,bin_rmse,10.559664249927154
centered,error,log-0151-filtered-c01,travel/solved/mag_nuisance/delta_lifted,mae,5.651637320461987
centered,error,log-0151-filtered-c01,travel/solved/mag_nuisance/delta_lifted,me,3.993159869135907e-15
centered,error,log-0151-filtered-c01,travel/solved/mag_nuisance/delta_lifted,rms_travel,19.790556017948933
centered,error,log-0152-filtered-c01,travel/solved/mag_nuisance/delta_lifted,t,150.0
centered,error,log-0152-filtered-c01,travel/solved/mag_nuisance/delta_lifted,rmse,4.818001792983044
centered,error,log-0152-filtered-c01,travel/solved/mag_nuisance/delta_lifted,nrmse,0.261277449615074
centered,error,log-0152-filtered-c01,travel/solved/mag_nuisance/delta_lifted,bin_rmse,6.153033741840315
centered,error,log-0152-filtered-c01,travel/solved/mag_nuisance/delta_lifted,mae,3.580999681777272
centered,error,log-0152-filtered-c01,travel/solved/mag_nuisance/delta_lifted,me,2.9999325473285763e-15
centered,error,log-0152-filtered-c01,travel/solved/mag_nuisance/delta_lifted,rms_travel,18.44017461162893
centered,error,log-0152-filtered-c02,travel/solved/mag_nuisance/delta_lifted,t,92.0
centered,error,log-0152-filtered-c02,travel/solved/mag_nuisance/delta_lifted,rmse,5.77184823264279
centered,error,log-0152-filtered-c02,travel/solved/mag_nuisance/delta_lifted,nrmse,0.40420785862391995
centered,error,log-0152-filtered-c02,travel/solved/mag_nuisance/delta_lifted,bin_rmse,5.398392790788799
centered,error,log-0152-filtered-c02,travel/solved/mag_nuisance/delta_lifted,mae,4.6375690003763195
centered,error,log-0152-filtered-c02,travel/solved/mag_nuisance/delta_lifted,me,2.7018585177439264e-15
centered,error,log-0152-filtered-c02,travel/solved/mag_nuisance/delta_lifted,rms_travel,14.279406274515285
centered,error,log-0155-filtered-c01,travel/solved/mag_nuisance/delta_lifted,t,133.0
centered,error,log-0155-filtered-c01,travel/solved/mag_nuisance/delta_lifted,rmse,6.252589473506871
centered,error,log-0155-filtered-c01,travel/solved/mag_nuisance/delta_lifted,nrmse,0.23370005336501662
centered,error,log-0155-filtered-c01,travel/solved/mag_nuisance/delta_lifted,bin_rmse,6.430604952415981
centered,error,log-0155-filtered-c01,travel/solved/mag_nuisance/delta_lifted,mae,4.46432588621891
centered,error,log-0155-filtered-c01,travel/solved/mag_nuisance/delta_lifted,me,-5.667271790326805e-15
centered,error,log-0155-filtered-c01,travel/solved/mag_nuisance/delta_lifted,rms_travel,26.75476271176087
centered,error,log-0046,travel/mag_nuisance/corrected,t,375.0
centered,error,log-0046,travel/mag_nuisance/corrected,rmse,3.503272061676084
centered,error,log-0046,travel/mag_nuisance/corrected,nrmse,0.1728867722025111
centered,error,log-0046,travel/mag_nuisance/corrected,bin_rmse,4.752031160832906
centered,error,log-0046,travel/mag_nuisance/corrected,mae,2.342687882075129
centered,error,log-0046,travel/mag_nuisance/corrected,me,9.94090701473629e-15
centered,error,log-0046,travel/mag_nuisance/corrected,rms_travel,20.263389830498557
centered,error,log-0048,travel/mag_nuisance/corrected,t,335.0
centered,error,log-0048,travel/mag_nuisance/corrected,rmse,3.7448182570482427
centered,error,log-0048,travel/mag_nuisance/corrected,nrmse,0.16885739310155934
centered,error,log-0048,travel/mag_nuisance/corrected,bin_rmse,4.54411723835499
centered,error,log-0048,travel/mag_nuisance/corrected,mae,2.458926537677918
centered,error,log-0048,travel/mag_nuisance/corrected,me,1.4086413442602093e-15
centered,error,log-0048,travel/mag_nuisance/corrected,rms_travel,22.17740181974692
centered,error,log-0049,travel/mag_nuisance/corrected,t,176.0
centered,error,log-0049,travel/mag_nuisance/corrected,rmse,3.1973751373542547
centered,error,log-0049,travel/mag_nuisance/corrected,nrmse,0.14556020622116697
centered,error,log-0049,travel/mag_nuisance/corrected,bin_rmse,3.5678845442074896
centered,error,log-0049,travel/mag_nuisance/corrected,mae,2.138423676334666
centered,error,log-0049,travel/mag_nuisance/corrected,me,7.20432602965995e-15
centered,error,log-0049,travel/mag_nuisance/corrected,rms_travel,21.965997578322344
centered,error,log-0054,travel/mag_nuisance/corrected,t,670.0
centered,error,log-0054,travel/mag_nuisance/corrected,rmse,3.6153599062914403
centered,error,log-0054,travel/mag_nuisance/corrected,nrmse,0.20584046961754443
centered,error,log-0054,travel/mag_nuisance/corrected,bin_rmse,4.2644859390812915
centered,error,log-0054,travel/mag_nuisance/corrected,mae,2.330980873603336
centered,error,log-0054,travel/mag_nuisance/corrected,me,-5.972533599690886e-16
centered,error,log-0054,travel/mag_nuisance/corrected,rms_travel,17.56389262523958
centered,error,log-0055,travel/mag_nuisance/corrected,t,225.0
centered,error,log-0055,travel/mag_nuisance/corrected,rmse,3.9871201340049067
centered,error,log-0055,travel/mag_nuisance/corrected,nrmse,0.17257074359396232
centered,error,log-0055,travel/mag_nuisance/corrected,bin_rmse,4.142086920273381
centered,error,log-0055,travel/mag_nuisance/corrected,mae,2.6719154609125133
centered,error,log-0055,travel/mag_nuisance/corrected,me,-3.6265350741909325e-15
centered,error,log-0055,travel/mag_nuisance/corrected,rms_travel,23.10426466832703
centered,error,log-0056,travel/mag_nuisance/corrected,t,273.0
centered,error,log-0056,travel/mag_nuisance/corrected,rmse,4.002637466505634
centered,error,log-0056,travel/mag_nuisance/corrected,nrmse,0.18028167192751585
centered,error,log-0056,travel/mag_nuisance/corrected,bin_rmse,4.434135451084302
centered,error,log-0056,travel/mag_nuisance/corrected,mae,2.5461289476955957
centered,error,log-0056,travel/mag_nuisance/corrected,me,9.080644171598194e-15
centered,error,log-0056,travel/mag_nuisance/corrected,rms_travel,22.202131940039568
centered,error,log-0058,travel/mag_nuisance/corrected,t,388.0
centered,error,log-0058,travel/mag_nuisance/corrected,rmse,4.278465556286083
centered,error,log-0058,travel/mag_nuisance/corrected,nrmse,0.18542514862769627
centered,error,log-0058,travel/mag_nuisance/corrected,bin_rmse,5.037191723117319
centered,error,log-0058,travel/mag_nuisance/corrected,mae,2.654037238662465
centered,error,log-0058,travel/mag_nuisance/corrected,me,-2.9004280281830905e-15
centered,error,log-0058,travel/mag_nuisance/corrected,rms_travel,23.073814894853072
centered,error,log-0063,travel/mag_nuisance/corrected,t,103.0
centered,error,log-0063,travel/mag_nuisance/corrected,rmse,3.436604388528345
centered,error,log-0063,travel/mag_nuisance/corrected,nrmse,0.132347823805781
centered,error,log-0063,travel/mag_nuisance/corrected,bin_rmse,3.6899875564702738
centered,error,log-0063,travel/mag_nuisance/corrected,mae,2.5821099445014606
centered,error,log-0063,travel/mag_nuisance/corrected,me,-6.325697307539686e-15
centered,error,log-0063,travel/mag_nuisance/corrected,rms_travel,25.966459362199448
centered,error,log-0071_183,travel/mag_nuisance/corrected,t,416.0
centered,error,log-0071_183,travel/mag_nuisance/corrected,rmse,3.159275578109889
centered,error,log-0071_183,travel/mag_nuisance/corrected,nrmse,0.14794650883376556
centered,error,log-0071_183,travel/mag_nuisance/corrected,bin_rmse,3.4911356935261866
centered,error,log-0071_183,travel/mag_nuisance/corrected,mae,1.9402066593693492
centered,error,log-0071_183,travel/mag_nuisance/corrected,me,1.0380363865205942e-14
centered,error,log-0071_183,travel/mag_nuisance/corrected,rms_travel,21.354174579811737
centered,error,log-0072_184,travel/mag_nuisance/corrected,t,328.0
centered,error,log-0072_184,travel/mag_nuisance/corrected,rmse,4.02057466416881
centered,error,log-0072_184,travel/mag_nuisance/corrected,nrmse,0.19269621514722135
centered,error,log-0072_184,travel/mag_nuisance/corrected,bin_rmse,4.483216121866383
centered,error,log-0072_184,travel/mag_nuisance/corrected,mae,2.473222736304856
centered,error,log-0072_184,travel/mag_nuisance/corrected,me,1.8537965081313677e-15
centered,error,log-0072_184,travel/mag_nuisance/corrected,rms_travel,20.864834636721124
centered,error,log-0073_185,travel/mag_nuisance/corrected,t,287.0
centered,error,log-0073_185,travel/mag_nuisance/corrected,rmse,3.9415027398475755
centered,error,log-0073_185,travel/mag_nuisance/corrected,nrmse,0.20409676408779895
centered,error,log-0073_185,travel/mag_nuisance/corrected,bin_rmse,4.779992798234185
centered,error,log-0073_185,travel/mag_nuisance/corrected,mae,2.6685190289840275
centered,error,log-0073_185,travel/mag_nuisance/corrected,me,3.861166914302023e-15
centered,error,log-0073_185,travel/mag_nuisance/corrected,rms_travel,19.311931560815967
centered,error,log-0078-valid,travel/mag_nuisance/corrected,t,132.0
centered,error,log-0078-valid,travel/mag_nuisance/corrected,rmse,6.8291232815828184
centered,error,log-0078-valid,travel/mag_nuisance/corrected,nrmse,0.24014784111732715
centered,error,log-0078-valid,travel/mag_nuisance/corrected,bin_rmse,6.811851376475104
centered,error,log-0078-valid,travel/mag_nuisance/corrected,mae,4.85821669360759
centered,error,log-0078-valid,travel/mag_nuisance/corrected,me,3.155585780777998e-15
centered,error,log-0078-valid,travel/mag_nuisance/corrected,rms_travel,28.437162915182597
centered,error,log-0079,travel/mag_nuisance/corrected,t,240.0
centered,error,log-0079,travel/mag_nuisance/corrected,rmse,4.9630821226107935
centered,error,log-0079,travel/mag_nuisance/corrected,nrmse,0.19338059736670077
centered,error,log-0079,travel/mag_nuisance/corrected,bin_rmse,5.028760070259874
centered,error,log-0079,travel/mag_nuisance/corrected,mae,3.887854702558002
centered,error,log-0079,travel/mag_nuisance/corrected,me,-8.12588766959689e-15
centered,error,log-0079,travel/mag_nuisance/corrected,rms_travel,25.664840165942174
centered,error,log-0080-valid,travel/mag_nuisance/corrected,t,325.0
centered,error,log-0080-valid,travel/mag_nuisance/corrected,rmse,6.399335805883568
centered,error,log-0080-valid,travel/mag_nuisance/corrected,nrmse,0.2219254841127519
centered,error,log-0080-valid,travel/mag_nuisance/corrected,bin_rmse,6.5735010099691005
centered,error,log-0080-valid,travel/mag_nuisance/corrected,mae,4.647275173926348
centered,error,log-0080-valid,travel/mag_nuisance/corrected,me,5.594136436049503e-15
centered,error,log-0080-valid,travel/mag_nuisance/corrected,rms_travel,28.83551581048848
centered,error,log-0081,travel/mag_nuisance/corrected,t,735.0
centered,error,log-0081,travel/mag_nuisance/corrected,rmse,10.509901797576353
centered,error,log-0081,travel/mag_nuisance/corrected,nrmse,0.5016638482428646
centered,error,log-0081,travel/mag_nuisance/corrected,bin_rmse,9.837334602446216
centered,error,log-0081,travel/mag_nuisance/corrected,mae,8.269763608560666
centered,error,log-0081,travel/mag_nuisance/corrected,me,1.582762152313123e-15
centered,error,log-0081,travel/mag_nuisance/corrected,rms_travel,20.950088060737272
centered,error,log103,travel/mag_nuisance/corrected,t,396.0
centered,error,log103,travel/mag_nuisance/corrected,rmse,4.950929620734508
centered,error,log103,travel/mag_nuisance/corrected,nrmse,0.2188087905964758
centered,error,log103,travel/mag_nuisance/corrected,bin_rmse,5.923386401659769
centered,error,log103,travel/mag_nuisance/corrected,mae,3.3379550011140644
centered,error,log103,travel/mag_nuisance/corrected,me,2.7500721718679482e-15
centered,error,log103,travel/mag_nuisance/corrected,rms_travel,22.626740028306017
centered,error,log104,travel/mag_nuisance/corrected,t,398.0
centered,error,log104,travel/mag_nuisance/corrected,rmse,4.96075196000008
centered,error,log104,travel/mag_nuisance/corrected,nrmse,0.22981859356049078
centered,error,log104,travel/mag_nuisance/corrected,bin_rmse,6.6478789566566245
centered,error,log104,travel/mag_nuisance/corrected,mae,3.128752471556562
centered,error,log104,travel/mag_nuisance/corrected,me,-9.274031769133234e-15
centered,error,log104,travel/mag_nuisance/corrected,rms_travel,21.58551178625308
centered,error,log106,travel/mag_nuisance/corrected,t,155.0
centered,error,log106,travel/mag_nuisance/corrected,rmse,3.652747318423334
centered,error,log106,travel/mag_nuisance/corrected,nrmse,0.1610561191850477
centered,error,log106,travel/mag_nuisance/corrected,bin_rmse,4.290179983690489
centered,error,log106,travel/mag_nuisance/corrected,mae,2.3325167085636944
centered,error,log106,travel/mag_nuisance/corrected,me,-1.1111367884314325e-15
centered,error,log106,travel/mag_nuisance/corrected,rms_travel,22.679966069631035
centered,error,log107,travel/mag_nuisance/corrected,t,167.0
centered,error,log107,travel/mag_nuisance/corrected,rmse,3.6249830749361487
centered,error,log107,travel/mag_nuisance/corrected,nrmse,0.16688885865417585
centered,error,log107,travel/mag_nuisance/corrected,bin_rmse,4.750264529433611
centered,error,log107,travel/mag_nuisance/corrected,mae,2.274848084380442
centered,error,log107,travel/mag_nuisance/corrected,me,-1.0865476396546542e-15
centered,error,log107,travel/mag_nuisance/corrected,rms_travel,21.720941135128587
centered,error,log109,travel/mag_nuisance/corrected,t,181.0
centered,error,log109,travel/mag_nuisance/corrected,rmse,3.9134164396781195
centered,error,log109,travel/mag_nuisance/corrected,nrmse,0.17751542205846027
centered,error,log109,travel/mag_nuisance/corrected,bin_rmse,5.355412375709965
centered,error,log109,travel/mag_nuisance/corrected,mae,2.6310370260658664
centered,error,log109,travel/mag_nuisance/corrected,me,1.0015909936379366e-15
centered,error,log109,travel/mag_nuisance/corrected,rms_travel,22.0455011418069
centered,error,log110,travel/mag_nuisance/corrected,t,171.0
centered,error,log110,travel/mag_nuisance/corrected,rmse,4.313518579830126
centered,error,log110,travel/mag_nuisance/corrected,nrmse,0.20245598526171563
centered,error,log110,travel/mag_nuisance/corrected,bin_rmse,5.028399109357846
centered,error,log110,travel/mag_nuisance/corrected,mae,2.816089629083027
centered,error,log110,travel/mag_nuisance/corrected,me,-1.4583734284988644e-16
centered,error,log110,travel/mag_nuisance/corrected,rms_travel,21.305957313408268
centered,error,log112,travel/mag_nuisance/corrected,t,330.0
centered,error,log112,travel/mag_nuisance/corrected,rmse,5.197234917441477
centered,error,log112,travel/mag_nuisance/corrected,nrmse,0.2266421055255094
centered,error,log112,travel/mag_nuisance/corrected,bin_rmse,6.136173254873665
centered,error,log112,travel/mag_nuisance/corrected,mae,3.546981550137339
centered,error,log112,travel/mag_nuisance/corrected,me,-6.4912825748022456e-15
centered,error,log112,travel/mag_nuisance/corrected,rms_travel,22.931462383791303
centered,error,log-0098,travel/mag_nuisance/corrected,t,224.0
centered,error,log-0098,travel/mag_nuisance/corrected,rmse,5.857800218200411
centered,error,log-0098,travel/mag_nuisance/corrected,nrmse,0.2205752977883883
centered,error,log-0098,travel/mag_nuisance/corrected,bin_rmse,5.937078422069481
centered,error,log-0098,travel/mag_nuisance/corrected,mae,4.286134955915107
centered,error,log-0098,travel/mag_nuisance/corrected,me,1.298350751995615e-15
centered,error,log-0098,travel/mag_nuisance/corrected,rms_travel,26.5569185531381
centered,error,log-0099,travel/mag_nuisance/corrected,t,634.0
centered,error,log-0099,travel/mag_nuisance/corrected,rmse,9.089954278637604
centered,error,log-0099,travel/mag_nuisance/corrected,nrmse,0.4559987921143375
centered,error,log-0099,travel/mag_nuisance/corrected,bin_rmse,8.280902409233882
centered,error,log-0099,travel/mag_nuisance/corrected,mae,7.485185345812226
centered,error,log-0099,travel/mag_nuisance/corrected,me,1.3767836916000617e-15
centered,error,log-0099,travel/mag_nuisance/corrected,rms_travel,19.9341630632179
centered,error,log-0113,travel/mag_nuisance/corrected,t,232.0
centered,error,log-0113,travel/mag_nuisance/corrected,rmse,5.786937917110242
centered,error,log-0113,travel/mag_nuisance/corrected,nrmse,0.21926290345889504
centered,error,log-0113,travel/mag_nuisance/corrected,bin_rmse,6.657800735880932
centered,error,log-0113,travel/mag_nuisance/corrected,mae,4.036218536325469
centered,error,log-0113,travel/mag_nuisance/corrected,me,-3.989869664996718e-15
centered,error,log-0113,travel/mag_nuisance/corrected,rms_travel,26.39269035400287
centered,error,log-0115,travel/mag_nuisance/corrected,t,171.0
centered,error,log-0115,travel/mag_nuisance/corrected,rmse,6.502570218761004
centered,error,log-0115,travel/mag_nuisance/corrected,nrmse,0.2753584795803832
centered,error,log-0115,travel/mag_nuisance/corrected,bin_rmse,7.690826362072082
centered,error,log-0115,travel/mag_nuisance/corrected,mae,4.849561918364053
centered,error,log-0115,travel/mag_nuisance/corrected,me,4.2482382286351526e-16
centered,error,log-0115,travel/mag_nuisance/corrected,rms_travel,23.61492636315477
centered,error,log-0116,travel/mag_nuisance/corrected,t,175.0
centered,error,log-0116,travel/mag_nuisance/corrected,rmse,5.975398437357634
centered,error,log-0116,travel/mag_nuisance/corrected,nrmse,0.1941326176386354
centered,error,log-0116,travel/mag_nuisance/corrected,bin_rmse,6.15856782933868
centered,error,log-0116,travel/mag_nuisance/corrected,mae,4.314762310999013
centered,error,log-0116,travel/mag_nuisance/corrected,me,-5.066822851102664e-15
centered,error,log-0116,travel/mag_nuisance/corrected,rms_travel,30.779981798218113
centered,error,log-0117,travel/mag_nuisance/corrected,t,122.0
centered,error,log-0117,travel/mag_nuisance/corrected,rmse,5.621549863897177
centered,error,log-0117,travel/mag_nuisance/corrected,nrmse,0.21727446875192943
centered,error,log-0117,travel/mag_nuisance/corrected,bin_rmse,6.636411412803095
centered,error,log-0117,travel/mag_nuisance/corrected,mae,3.537996046637189
centered,error,log-0117,travel/mag_nuisance/corrected,me,-3.625253427712802e-15
centered,error,log-0117,travel/mag_nuisance/corrected,rms_travel,25.87303467447671
centered,error,log-0118,travel/mag_nuisance/corrected,t,110.0
centered,error,log-0118,travel/mag_nuisance/corrected,rmse,6.07673435825019
centered,error,log-0118,travel/mag_nuisance/corrected,nrmse,0.16689814749004184
centered,error,log-0118,travel/mag_nuisance/corrected,bin_rmse,6.335644920064584
centered,error,log-0118,travel/mag_nuisance/corrected,mae,4.701567223116415
centered,error,log-0118,travel/mag_nuisance/corrected,me,-3.298258211325216e-16
centered,error,log-0118,travel/mag_nuisance/corrected,rms_travel,36.409837075110524
centered,error,log-0119,travel/mag_nuisance/corrected,t,138.0
centered,error,log-0119,travel/mag_nuisance/corrected,rmse,5.8644463719206925
centered,error,log-0119,travel/mag_nuisance/corrected,nrmse,0.1648023187871434
centered,error,log-0119,travel/mag_nuisance/corrected,bin_rmse,6.115253816812903
centered,error,log-0119,travel/mag_nuisance/corrected,mae,4.608263927005239
centered,error,log-0119,travel/mag_nuisance/corrected,me,3.283137325005156e-16
centered,error,log-0119,travel/mag_nuisance/corrected,rms_travel,35.58473215109999
centered,error,log-0120,travel/mag_nuisance/corrected,t,49.0
centered,error,log-0120,travel/mag_nuisance/corrected,rmse,6.10174025582522
centered,error,log-0120,travel/mag_nuisance/corrected,nrmse,0.17958367636148995
centered,error,log-0120,travel/mag_nuisance/corrected,bin_rmse,6.299488544477891
centered,error,log-0120,travel/mag_nuisance/corrected,mae,4.695607708782166
centered,error,log-0120,travel/mag_nuisance/corrected,me,1.0058759018200493e-14
centered,error,log-0120,travel/mag_nuisance/corrected,rms_travel,33.977143020186446
centered,error,log-0122,travel/mag_nuisance/corrected,t,317.0
centered,error,log-0122,travel/mag_nuisance/corrected,rmse,8.979239059308142
centered,error,log-0122,travel/mag_nuisance/corrected,nrmse,0.27912130215380054
centered,error,log-0122,travel/mag_nuisance/corrected,bin_rmse,8.85833950441368
centered,error,log-0122,travel/mag_nuisance/corrected,mae,7.051043007160306
centered,error,log-0122,travel/mag_nuisance/corrected,me,-2.290413830132976e-16
centered,error,log-0122,travel/mag_nuisance/corrected,rms_travel,32.16966598400444
centered,error,log-0125,travel/mag_nuisance/corrected,t,187.0
centered,error,log-0125,travel/mag_nuisance/corrected,rmse,6.820968133031385
centered,error,log-0125,travel/mag_nuisance/corrected,nrmse,0.20825209844873568
centered,error,log-0125,travel/mag_nuisance/corrected,bin_rmse,6.618315893570672
centered,error,log-0125,travel/mag_nuisance/corrected,mae,5.337919568890369
centered,error,log-0125,travel/mag_nuisance/corrected,me,-9.789935508799504e-15
centered,error,log-0125,travel/mag_nuisance/corrected,rms_travel,32.75341849537457
centered,error,log-0126,travel/mag_nuisance/corrected,t,51.0
centered,error,log-0126,travel/mag_nuisance/corrected,rmse,6.674805035474473
centered,error,log-0126,travel/mag_nuisance/corrected,nrmse,0.18362716734591952
centered,error,log-0126,travel/mag_nuisance/corrected,bin_rmse,7.057176612478656
centered,error,log-0126,travel/mag_nuisance/corrected,mae,5.409757026520655
centered,error,log-0126,travel/mag_nuisance/corrected,me,1.3035562256671836e-14
centered,error,log-0126,travel/mag_nuisance/corrected,rms_travel,36.34976856610971
centered,error,log-0127,travel/mag_nuisance/corrected,t,102.0
centered,error,log-0127,travel/mag_nuisance/corrected,rmse,6.372485115155633
centered,error,log-0127,travel/mag_nuisance/corrected,nrmse,0.1822147290378035
centered,error,log-0127,travel/mag_nuisance/corrected,bin_rmse,6.776959367727235
centered,error,log-0127,travel/mag_nuisance/corrected,mae,4.910630514442944
centered,error,log-0127,travel/mag_nuisance/corrected,me,-7.4789579000417e-15
centered,error,log-0127,travel/mag_nuisance/corrected,rms_travel,34.972393004703555
centered,error,log-0129,travel/mag_nuisance/corrected,t,409.0
centered,error,log-0129,travel/mag_nuisance/corrected,rmse,6.169416080096381
centered,error,log-0129,travel/mag_nuisance/corrected,nrmse,0.1952644311232172
centered,error,log-0129,travel/mag_nuisance/corrected,bin_rmse,6.452798135175405
centered,error,log-0129,travel/mag_nuisance/corrected,mae,4.499123470037279
centered,error,log-0129,travel/mag_nuisance/corrected,me,7.106294825231035e-15
centered,error,log-0129,travel/mag_nuisance/corrected,rms_travel,31.59518630509471
centered,error,log-0132,travel/mag_nuisance/corrected,t,266.0
centered,error,log-0132,travel/mag_nuisance/corrected,rmse,9.62421059971
centered,error,log-0132,travel/mag_nuisance/corrected,nrmse,0.29081578296843147
centered,error,log-0132,travel/mag_nuisance/corrected,bin_rmse,10.06164977601582
centered,error,log-0132,travel/mag_nuisance/corrected,mae,7.411339953246548
centered,error,log-0132,travel/mag_nuisance/corrected,me,-1.0916256125701851e-15
centered,error,log-0132,travel/mag_nuisance/corrected,rms_travel,33.09383865439904
centered,error,log-0133,travel/mag_nuisance/corrected,t,93.0
centered,error,log-0133,travel/mag_nuisance/corrected,rmse,5.468323925269743
centered,error,log-0133,travel/mag_nuisance/corrected,nrmse,0.18452992199345844
centered,error,log-0133,travel/mag_nuisance/corrected,bin_rmse,5.948119273228623
centered,error,log-0133,travel/mag_nuisance/corrected,mae,4.155575284627233
centered,error,log-0133,travel/mag_nuisance/corrected,me,2.0835520605346786e-15
centered,error,log-0133,travel/mag_nuisance/corrected,rms_travel,29.633806085191942
centered,error,log-0145-filtered-c01,travel/mag_nuisance/corrected,t,349.0
centered,error,log-0145-filtered-c01,travel/mag_nuisance/corrected,rmse,8.335377720920611
centered,error,log-0145-filtered-c01,travel/mag_nuisance/corrected,nrmse,0.46219612817730343
centered,error,log-0145-filtered-c01,travel/mag_nuisance/corrected,bin_rmse,7.436932651021858
centered,error,log-0145-filtered-c01,travel/mag_nuisance/corrected,mae,6.253180719528747
centered,error,log-0145-filtered-c01,travel/mag_nuisance/corrected,me,7.482393600403962e-16
centered,error,log-0145-filtered-c01,travel/mag_nuisance/corrected,rms_travel,18.034287205718588
centered,error,log-0147-filtered-c01,travel/mag_nuisance/corrected,t,82.0
centered,error,log-0147-filtered-c01,travel/mag_nuisance/corrected,rmse,6.019601414200899
centered,error,log-0147-filtered-c01,travel/mag_nuisance/corrected,nrmse,0.3659961650775777
centered,error,log-0147-filtered-c01,travel/mag_nuisance/corrected,bin_rmse,5.314146888113574
centered,error,log-0147-filtered-c01,travel/mag_nuisance/corrected,mae,4.672757088624389
centered,error,log-0147-filtered-c01,travel/mag_nuisance/corrected,me,7.73342136397193e-15
centered,error,log-0147-filtered-c01,travel/mag_nuisance/corrected,rms_travel,16.447170731761535
centered,error,log-0147-filtered-c02,travel/mag_nuisance/corrected,t,320.0
centered,error,log-0147-filtered-c02,travel/mag_nuisance/corrected,rmse,12.977423104207935
centered,error,log-0147-filtered-c02,travel/mag_nuisance/corrected,nrmse,0.7416821644437411
centered,error,log-0147-filtered-c02,travel/mag_nuisance/corrected,bin_rmse,15.421516230804919
centered,error,log-0147-filtered-c02,travel/mag_nuisance/corrected,mae,7.276529622803119
centered,error,log-0147-filtered-c02,travel/mag_nuisance/corrected,me,-1.9292397829041743e-15
centered,error,log-0147-filtered-c02,travel/mag_nuisance/corrected,rms_travel,17.497283508146584
centered,error,log-0151-filtered-c01,travel/mag_nuisance/corrected,t,86.0
centered,error,log-0151-filtered-c01,travel/mag_nuisance/corrected,rmse,9.907575015159669
centered,error,log-0151-filtered-c01,travel/mag_nuisance/corrected,nrmse,0.5006213572864779
centered,error,log-0151-filtered-c01,travel/mag_nuisance/corrected,bin_rmse,11.166132284253019
centered,error,log-0151-filtered-c01,travel/mag_nuisance/corrected,mae,6.09813052780314
centered,error,log-0151-filtered-c01,travel/mag_nuisance/corrected,me,7.355820811566144e-15
centered,error,log-0151-filtered-c01,travel/mag_nuisance/corrected,rms_travel,19.790556017948933
centered,error,log-0152-filtered-c01,travel/mag_nuisance/corrected,t,150.0
centered,error,log-0152-filtered-c01,travel/mag_nuisance/corrected,rmse,4.925230143728068
centered,error,log-0152-filtered-c01,travel/mag_nuisance/corrected,nrmse,0.26709238103537636
centered,error,log-0152-filtered-c01,travel/mag_nuisance/corrected,bin_rmse,6.022009847313688
centered,error,log-0152-filtered-c01,travel/mag_nuisance/corrected,mae,3.541454648723792
centered,error,log-0152-filtered-c01,travel/mag_nuisance/corrected,me,2.2423738232557038e-15
centered,error,log-0152-filtered-c01,travel/mag_nuisance/corrected,rms_travel,18.44017461162893
centered,error,log-0152-filtered-c02,travel/mag_nuisance/corrected,t,92.0
centered,error,log-0152-filtered-c02,travel/mag_nuisance/corrected,rmse,6.030199878299195
centered,error,log-0152-filtered-c02,travel/mag_nuisance/corrected,nrmse,0.42230046280435357
centered,error,log-0152-filtered-c02,travel/mag_nuisance/corrected,bin_rmse,5.461416598165423
centered,error,log-0152-filtered-c02,travel/mag_nuisance/corrected,mae,4.878849054069577
centered,error,log-0152-filtered-c02,travel/mag_nuisance/corrected,me,2.4562350161308423e-15
centered,error,log-0152-filtered-c02,travel/mag_nuisance/corrected,rms_travel,14.279406274515285
centered,error,log-0155-filtered-c01,travel/mag_nuisance/corrected,t,133.0
centered,error,log-0155-filtered-c01,travel/mag_nuisance/corrected,rmse,5.108636799313976
centered,error,log-0155-filtered-c01,travel/mag_nuisance/corrected,nrmse,0.1909430800919912
centered,error,log-0155-filtered-c01,travel/mag_nuisance/corrected,bin_rmse,5.564323272535331
centered,error,log-0155-filtered-c01,travel/mag_nuisance/corrected,mae,4.096528519902809
centered,error,log-0155-filtered-c01,travel/mag_nuisance/corrected,me,-6.4012859077486504e-15
centered,error,log-0155-filtered-c01,travel/mag_nuisance/corrected,rms_travel,26.75476271176087
