centering,section,log,comparison,metric,value
uncentered,summary,log-0046,,samples,61344.0
uncentered,summary,log-0046,,dt_ms,9.999999999990905
uncentered,summary,log-0046,,total_s,613.4399999994421
uncentered,summary,log-0046,,boring_s,375.86999999965815
uncentered,summary,log-0046,,boring_pct,61.27249608763694
uncentered,summary,log-0048,,samples,108107.0
uncentered,summary,log-0048,,dt_ms,9.999999999990905
uncentered,summary,log-0048,,total_s,1081.0699999990168
uncentered,summary,log-0048,,boring_s,335.359999999695
uncentered,summary,log-0048,,boring_pct,31.021117966459155
uncentered,summary,log-0049,,samples,44189.0
uncentered,summary,log-0049,,dt_ms,9.999999999990905
uncentered,summary,log-0049,,total_s,441.8899999995981
uncentered,summary,log-0049,,boring_s,176.83999999983916
uncentered,summary,log-0049,,boring_pct,40.01900925569712
uncentered,summary,log-0054,,samples,111816.0
uncentered,summary,log-0054,,dt_ms,9.999999999990905
uncentered,summary,log-0054,,total_s,1118.159999998983
uncentered,summary,log-0054,,boring_s,671.9399999993889
uncentered,summary,log-0054,,boring_pct,60.09336767546684
uncentered,summary,log-0055,,samples,43808.0
uncentered,summary,log-0055,,dt_ms,9.999999999990905
uncentered,summary,log-0055,,total_s,438.07999999960157
uncentered,summary,log-0055,,boring_s,226.509999999794
uncentered,summary,log-0055,,boring_pct,51.70516800584368
uncentered,summary,log-0056,,samples,61448.0
uncentered,summary,log-0056,,dt_ms,9.999999999990905
uncentered,summary,log-0056,,total_s,614.4799999994411
uncentered,summary,log-0056,,boring_s,273.2499999997515
uncentered,summary,log-0056,,boring_pct,44.46849368571801
uncentered,summary,log-0058,,samples,44381.0
uncentered,summary,log-0058,,dt_ms,9.999999999990905
uncentered,summary,log-0058,,total_s,443.80999999959636
uncentered,summary,log-0058,,boring_s,387.06999999964796
uncentered,summary,log-0058,,boring_pct,87.21524976904531
uncentered,summary,log-0063,,samples,40781.0
uncentered,summary,log-0063,,dt_ms,9.999999999990905
uncentered,summary,log-0063,,total_s,407.8099999996291
uncentered,summary,log-0063,,boring_s,103.44999999990591
uncentered,summary,log-0063,,boring_pct,25.367205316201176
uncentered,summary,log-0071_183,,samples,65908.0
uncentered,summary,log-0071_183,,dt_ms,9.999999999990905
uncentered,summary,log-0071_183,,total_s,659.0799999994006
uncentered,summary,log-0071_183,,boring_s,416.9099999996208
uncentered,summary,log-0071_183,,boring_pct,63.25635734660436
uncentered,summary,log-0072_184,,samples,58385.0
uncentered,summary,log-0072_184,,dt_ms,9.999999999990905
uncentered,summary,log-0072_184,,total_s,583.849999999469
uncentered,summary,log-0072_184,,boring_s,327.71999999970194
uncentered,summary,log-0072_184,,boring_pct,56.130855527960954
uncentered,summary,log-0073_185,,samples,39115.0
uncentered,summary,log-0073_185,,dt_ms,9.999999999990905
uncentered,summary,log-0073_185,,total_s,391.14999999964425
uncentered,summary,log-0073_185,,boring_s,287.26999999973873
uncentered,summary,log-0073_185,,boring_pct,73.44241339639524
uncentered,summary,log-0078-valid,,samples,22949.0
uncentered,summary,log-0078-valid,,dt_ms,9.99999999999801
uncentered,summary,log-0078-valid,,total_s,229.48999999995434
uncentered,summary,log-0078-valid,,boring_s,132.59999999997362
uncentered,summary,log-0078-valid,,boring_pct,57.78029543770971
uncentered,summary,log-0079,,samples,46824.0
uncentered,summary,log-0079,,dt_ms,9.999999999990905
uncentered,summary,log-0079,,total_s,468.23999999957414
uncentered,summary,log-0079,,boring_s,241.20999999978062
uncentered,summary,log-0079,,boring_pct,51.5141807620024
uncentered,summary,log-0080-valid,,samples,64718.0
uncentered,summary,log-0080-valid,,dt_ms,9.999999999990905
uncentered,summary,log-0080-valid,,total_s,647.1799999994114
uncentered,summary,log-0080-valid,,boring_s,326.93999999970265
uncentered,summary,log-0080-valid,,boring_pct,50.51763033468278
uncentered,summary,log-0081,,samples,113665.0
uncentered,summary,log-0081,,dt_ms,9.999999999990905
uncentered,summary,log-0081,,total_s,1136.6499999989662
uncentered,summary,log-0081,,boring_s,735.7699999993308
uncentered,summary,log-0081,,boring_pct,64.73144767518585
uncentered,summary,log103,,samples,72985.0
uncentered,summary,log103,,dt_ms,9.999999999990905
uncentered,summary,log103,,total_s,729.8499999993362
uncentered,summary,log103,,boring_s,396.929999999639
uncentered,summary,log103,,boring_pct,54.385147633075285
uncentered,summary,log104,,samples,59770.0
uncentered,summary,log104,,dt_ms,9.999999999990905
uncentered,summary,log104,,total_s,597.6999999994564
uncentered,summary,log104,,boring_s,398.1399999996379
uncentered,summary,log104,,boring_pct,66.61201271540907
uncentered,summary,log106,,samples,19535.0
uncentered,summary,log106,,dt_ms,9.99999999999801
uncentered,summary,log106,,total_s,195.34999999996114
uncentered,summary,log106,,boring_s,154.2499999999693
uncentered,summary,log106,,boring_pct,78.96083951881238
uncentered,summary,log107,,samples,25307.0
uncentered,summary,log107,,dt_ms,9.99999999999801
uncentered,summary,log107,,total_s,253.06999999994966
uncentered,summary,log107,,boring_s,167.3899999999667
uncentered,summary,log107,,boring_pct,66.14375469237761
uncentered,summary,log109,,samples,21587.0
uncentered,summary,log109,,dt_ms,9.99999999999801
uncentered,summary,log109,,total_s,215.86999999995706
uncentered,summary,log109,,boring_s,181.65999999996387
uncentered,summary,log109,,boring_pct,84.15249918932692
uncentered,summary,log110,,samples,21450.0
uncentered,summary,log110,,dt_ms,9.99999999999801
uncentered,summary,log110,,total_s,214.4999999999573
uncentered,summary,log110,,boring_s,171.48999999996587
uncentered,summary,log110,,boring_pct,79.94871794871796
uncentered,summary,log112,,samples,63277.0
uncentered,summary,log112,,dt_ms,9.999999999990905
uncentered,summary,log112,,total_s,632.7699999994245
uncentered,summary,log112,,boring_s,329.9399999996999
uncentered,summary,log112,,boring_pct,52.14216856045641
uncentered,summary,log-0098,,samples,36717.0
uncentered,summary,log-0098,,dt_ms,9.999999999990905
uncentered,summary,log-0098,,total_s,367.16999999966606
uncentered,summary,log-0098,,boring_s,224.1999999997961
uncentered,summary,log-0098,,boring_pct,61.06163357572787
uncentered,summary,log-0099,,samples,65579.0
uncentered,summary,log-0099,,dt_ms,9.999999999990905
uncentered,summary,log-0099,,total_s,655.7899999994036
uncentered,summary,log-0099,,boring_s,634.1799999994232
uncentered,summary,log-0099,,boring_pct,96.70473779716067
uncentered,summary,log-0113,,samples,29498.0
uncentered,summary,log-0113,,dt_ms,9.99999999999801
uncentered,summary,log-0113,,total_s,294.9799999999413
uncentered,summary,log-0113,,boring_s,236.18999999995302
uncentered,summary,log-0113,,boring_pct,80.06983524306735
uncentered,summary,log-0115,,samples,18835.0
uncentered,summary,log-0115,,dt_ms,9.99999999999801
uncentered,summary,log-0115,,total_s,188.34999999996253
uncentered,summary,log-0115,,boring_s,171.9199999999658
uncentered,summary,log-0115,,boring_pct,91.2768781523759
uncentered,summary,log-0116,,samples,27283.0
uncentered,summary,log-0116,,dt_ms,9.99999999999801
uncentered,summary,log-0116,,total_s,272.8299999999457
uncentered,summary,log-0116,,boring_s,180.11999999996416
uncentered,summary,log-0116,,boring_pct,66.01913279331453
uncentered,summary,log-0117,,samples,14148.0
uncentered,summary,log-0117,,dt_ms,9.999999999999787
uncentered,summary,log-0117,,total_s,141.47999999999698
uncentered,summary,log-0117,,boring_s,123.55999999999736
uncentered,summary,log-0117,,boring_pct,87.33389878428046
uncentered,summary,log-0118,,samples,16328.0
uncentered,summary,log-0118,,dt_ms,9.999999999999787
uncentered,summary,log-0118,,total_s,163.2799999999965
uncentered,summary,log-0118,,boring_s,110.59999999999764
uncentered,summary,log-0118,,boring_pct,67.73640372366488
uncentered,summary,log-0119,,samples,19584.0
uncentered,summary,log-0119,,dt_ms,9.99999999999801
uncentered,summary,log-0119,,total_s,195.83999999996104
uncentered,summary,log-0119,,boring_s,139.51999999997224
uncentered,summary,log-0119,,boring_pct,71.24183006535948
uncentered,summary,log-0120,,samples,6011.0
uncentered,summary,log-0120,,dt_ms,9.99999999999801
uncentered,summary,log-0120,,total_s,60.10999999998804
uncentered,summary,log-0120,,boring_s,49.679999999990116
uncentered,summary,log-0120,,boring_pct,82.64847779071701
uncentered,summary,log-0122,,samples,43803.0
uncentered,summary,log-0122,,dt_ms,9.999999999990905
uncentered,summary,log-0122,,total_s,438.0299999996016
uncentered,summary,log-0122,,boring_s,320.5099999997085
uncentered,summary,log-0122,,boring_pct,73.17078738899161
uncentered,summary,log-0125,,samples,24913.0
uncentered,summary,log-0125,,dt_ms,9.99999999999801
uncentered,summary,log-0125,,total_s,249.12999999995043
uncentered,summary,log-0125,,boring_s,189.9699999999622
uncentered,summary,log-0125,,boring_pct,76.25336169871152
uncentered,summary,log-0126,,samples,14241.0
uncentered,summary,log-0126,,dt_ms,9.999999999999787
uncentered,summary,log-0126,,total_s,142.40999999999696
uncentered,summary,log-0126,,boring_s,54.48999999999884
uncentered,summary,log-0126,,boring_pct,38.262762446457415
uncentered,summary,log-0127,,samples,26922.0
uncentered,summary,log-0127,,dt_ms,9.99999999999801
uncentered,summary,log-0127,,total_s,269.2199999999464
uncentered,summary,log-0127,,boring_s,105.0099999999791
uncentered,summary,log-0127,,boring_pct,39.005274496694156
uncentered,summary,log-0129,,samples,77819.0
uncentered,summary,log-0129,,dt_ms,9.999999999990905
uncentered,summary,log-0129,,total_s,778.1899999992922
uncentered,summary,log-0129,,boring_s,415.55999999962205
uncentered,summary,log-0129,,boring_pct,53.400840411724644
uncentered,summary,log-0132,,samples,34660.0
uncentered,summary,log-0132,,dt_ms,9.999999999990905
uncentered,summary,log-0132,,total_s,346.59999999968477
uncentered,summary,log-0132,,boring_s,267.4799999997567
uncentered,summary,log-0132,,boring_pct,77.17253317945759
uncentered,summary,log-0133,,samples,10539.0
uncentered,summary,log-0133,,dt_ms,9.999999999999787
uncentered,summary,log-0133,,total_s,105.38999999999776
uncentered,summary,log-0133,,boring_s,93.819999999998
uncentered,summary,log-0133,,boring_pct,89.02172881677578
uncentered,error,log-0046,travel/mag_model,t,375.0
uncentered,error,log-0046,travel/mag_model,rmse,22.368836334149552
uncentered,error,log-0046,travel/mag_model,bin_rmse,25.00096576691345
uncentered,error,log-0046,travel/mag_model,mae,21.868478248512307
uncentered,error,log-0046,travel/mag_model,me,-21.868443595798087
uncentered,error,log-0046,travel/mag_model,rms_travel,20.23614165582175
uncentered,error,log-0048,travel/mag_model,t,335.0
uncentered,error,log-0048,travel/mag_model,rmse,14.838191229327874
uncentered,error,log-0048,travel/mag_model,bin_rmse,15.681639605094054
uncentered,error,log-0048,travel/mag_model,mae,13.978444462200867
uncentered,error,log-0048,travel/mag_model,me,-13.935387809861306
uncentered,error,log-0048,travel/mag_model,rms_travel,22.239564219400567
uncentered,error,log-0049,travel/mag_model,t,176.0
uncentered,error,log-0049,travel/mag_model,rmse,17.34778185509963
uncentered,error,log-0049,travel/mag_model,bin_rmse,18.69074668441771
uncentered,error,log-0049,travel/mag_model,mae,16.593288039087078
uncentered,error,log-0049,travel/mag_model,me,-16.590246726496098
uncentered,error,log-0049,travel/mag_model,rms_travel,21.938401111552416
uncentered,error,log-0054,travel/mag_model,t,671.0
uncentered,error,log-0054,travel/mag_model,rmse,16.24222002578586
uncentered,error,log-0054,travel/mag_model,bin_rmse,17.78222478979428
uncentered,error,log-0054,travel/mag_model,mae,15.232908589916391
uncentered,error,log-0054,travel/mag_model,me,-15.232800220339994
uncentered,error,log-0054,travel/mag_model,rms_travel,17.52591383100908
uncentered,error,log-0055,travel/mag_model,t,226.0
uncentered,error,log-0055,travel/mag_model,rmse,15.670363728101202
uncentered,error,log-0055,travel/mag_model,bin_rmse,16.16977791829935
uncentered,error,log-0055,travel/mag_model,mae,14.222352710389123
uncentered,error,log-0055,travel/mag_model,me,-14.220758814104185
uncentered,error,log-0055,travel/mag_model,rms_travel,23.16699998076929
uncentered,error,log-0056,travel/mag_model,t,273.0
uncentered,error,log-0056,travel/mag_model,rmse,8.90037897227188
uncentered,error,log-0056,travel/mag_model,bin_rmse,10.223103136373432
uncentered,error,log-0056,travel/mag_model,mae,6.415556599775635
uncentered,error,log-0056,travel/mag_model,me,-6.048362406808063
uncentered,error,log-0056,travel/mag_model,rms_travel,22.162708640464672
uncentered,error,log-0058,travel/mag_model,t,387.0
uncentered,error,log-0058,travel/mag_model,rmse,8.446226934084265
uncentered,error,log-0058,travel/mag_model,bin_rmse,9.559911052470863
uncentered,error,log-0058,travel/mag_model,mae,6.563628199222464
uncentered,error,log-0058,travel/mag_model,me,-6.277747457485649
uncentered,error,log-0058,travel/mag_model,rms_travel,23.06232657729647
uncentered,error,log-0063,travel/mag_model,t,103.0
uncentered,error,log-0063,travel/mag_model,rmse,24.811188399565413
uncentered,error,log-0063,travel/mag_model,bin_rmse,26.102445090017962
uncentered,error,log-0063,travel/mag_model,mae,24.38130535273006
uncentered,error,log-0063,travel/mag_model,me,-24.38130535273006
uncentered,error,log-0063,travel/mag_model,rms_travel,26.033041182351358
uncentered,error,log-0071_183,travel/mag_model,t,416.0
uncentered,error,log-0071_183,travel/mag_model,rmse,4.687114352009867
uncentered,error,log-0071_183,travel/mag_model,bin_rmse,5.410227484253891
uncentered,error,log-0071_183,travel/mag_model,mae,2.807117058851588
uncentered,error,log-0071_183,travel/mag_model,me,0.7216540106191948
uncentered,error,log-0071_183,travel/mag_model,rms_travel,21.395258082946103
uncentered,error,log-0072_184,travel/mag_model,t,327.0
uncentered,error,log-0072_184,travel/mag_model,rmse,8.575097782143281
uncentered,error,log-0072_184,travel/mag_model,bin_rmse,9.826963780314756
uncentered,error,log-0072_184,travel/mag_model,mae,6.956112133903802
uncentered,error,log-0072_184,travel/mag_model,me,-6.855845545784874
uncentered,error,log-0072_184,travel/mag_model,rms_travel,20.845195884213652
uncentered,error,log-0073_185,travel/mag_model,t,287.0
uncentered,error,log-0073_185,travel/mag_model,rmse,26.18576840689737
uncentered,error,log-0073_185,travel/mag_model,bin_rmse,26.981727550111625
uncentered,error,log-0073_185,travel/mag_model,mae,25.448653331023614
uncentered,error,log-0073_185,travel/mag_model,me,-25.448653331023614
uncentered,error,log-0073_185,travel/mag_model,rms_travel,19.293719096194483
uncentered,error,log-0078-valid,travel/mag_model,t,132.0
uncentered,error,log-0078-valid,travel/mag_model,rmse,50.68391952596452
uncentered,error,log-0078-valid,travel/mag_model,bin_rmse,48.5802866810245
uncentered,error,log-0078-valid,travel/mag_model,mae,49.4147060154342
uncentered,error,log-0078-valid,travel/mag_model,me,-49.4147060154342
uncentered,error,log-0078-valid,travel/mag_model,rms_travel,28.394020081463875
uncentered,error,log-0079,travel/mag_model,t,241.0
uncentered,error,log-0079,travel/mag_model,rmse,33.40568079199114
uncentered,error,log-0079,travel/mag_model,bin_rmse,30.73745105936162
uncentered,error,log-0079,travel/mag_model,mae,30.901941916396993
uncentered,error,log-0079,travel/mag_model,me,-30.893626973069505
uncentered,error,log-0079,travel/mag_model,rms_travel,25.619537862902803
uncentered,error,log-0080-valid,travel/mag_model,t,326.0
uncentered,error,log-0080-valid,travel/mag_model,rmse,34.32097699307431
uncentered,error,log-0080-valid,travel/mag_model,bin_rmse,30.848069235552813
uncentered,error,log-0080-valid,travel/mag_model,mae,29.536736229381077
uncentered,error,log-0080-valid,travel/mag_model,me,-29.440572846728973
uncentered,error,log-0080-valid,travel/mag_model,rms_travel,28.91853336469514
uncentered,error,log-0081,travel/mag_model,t,735.0
uncentered,error,log-0081,travel/mag_model,rmse,44.87381187326989
uncentered,error,log-0081,travel/mag_model,bin_rmse,38.36072365625059
uncentered,error,log-0081,travel/mag_model,mae,41.28257503814488
uncentered,error,log-0081,travel/mag_model,me,-41.280546083321795
uncentered,error,log-0081,travel/mag_model,rms_travel,20.924541510338674
uncentered,error,log103,travel/mag_model,t,396.0
uncentered,error,log103,travel/mag_model,rmse,24.35901910896996
uncentered,error,log103,travel/mag_model,bin_rmse,25.188755691020752
uncentered,error,log103,travel/mag_model,mae,23.62786705591431
uncentered,error,log103,travel/mag_model,me,-23.62786705591431
uncentered,error,log103,travel/mag_model,rms_travel,22.624633693591974
uncentered,error,log104,travel/mag_model,t,398.0
uncentered,error,log104,travel/mag_model,rmse,20.758938439815058
uncentered,error,log104,travel/mag_model,bin_rmse,22.321885192934158
uncentered,error,log104,travel/mag_model,mae,20.122520693473657
uncentered,error,log104,travel/mag_model,me,-20.122520693473657
uncentered,error,log104,travel/mag_model,rms_travel,21.56331485170561
uncentered,error,log106,travel/mag_model,t,154.0
uncentered,error,log106,travel/mag_model,rmse,12.986760055128228
uncentered,error,log106,travel/mag_model,bin_rmse,14.3473816237214
uncentered,error,log106,travel/mag_model,mae,11.911393955111155
uncentered,error,log106,travel/mag_model,me,-11.906258592399233
uncentered,error,log106,travel/mag_model,rms_travel,22.731881491217994
uncentered,error,log107,travel/mag_model,t,167.0
uncentered,error,log107,travel/mag_model,rmse,21.682084127558152
uncentered,error,log107,travel/mag_model,bin_rmse,22.43234648333364
uncentered,error,log107,travel/mag_model,mae,21.149722349252254
uncentered,error,log107,travel/mag_model,me,-21.149652573574848
uncentered,error,log107,travel/mag_model,rms_travel,21.699660220687818
uncentered,error,log109,travel/mag_model,t,181.0
uncentered,error,log109,travel/mag_model,rmse,17.101247727953567
uncentered,error,log109,travel/mag_model,bin_rmse,19.186729918204083
uncentered,error,log109,travel/mag_model,mae,16.479940972018106
uncentered,error,log109,travel/mag_model,me,-16.47945987582072
uncentered,error,log109,travel/mag_model,rms_travel,22.029825306020523
uncentered,error,log110,travel/mag_model,t,171.0
uncentered,error,log110,travel/mag_model,rmse,25.695146836061824
uncentered,error,log110,travel/mag_model,bin_rmse,27.062212450610094
uncentered,error,log110,travel/mag_model,mae,25.057684087286813
uncentered,error,log110,travel/mag_model,me,-25.057684087286813
uncentered,error,log110,travel/mag_model,rms_travel,21.283080120093388
uncentered,error,log112,travel/mag_model,t,329.0
uncentered,error,log112,travel/mag_model,rmse,10.97967907976034
uncentered,error,log112,travel/mag_model,bin_rmse,12.48970296444619
uncentered,error,log112,travel/mag_model,mae,8.838932335573858
uncentered,error,log112,travel/mag_model,me,-8.686289922223969
uncentered,error,log112,travel/mag_model,rms_travel,22.948435201317984
uncentered,error,log-0098,travel/mag_model,t,224.0
uncentered,error,log-0098,travel/mag_model,rmse,40.881052665101606
uncentered,error,log-0098,travel/mag_model,bin_rmse,37.41812093066701
uncentered,error,log-0098,travel/mag_model,mae,38.253046003369285
uncentered,error,log-0098,travel/mag_model,me,-38.253046003369285
uncentered,error,log-0098,travel/mag_model,rms_travel,26.50721595754707
uncentered,error,log-0099,travel/mag_model,t,634.0
uncentered,error,log-0099,travel/mag_model,rmse,46.5117804251063
uncentered,error,log-0099,travel/mag_model,bin_rmse,41.54259841596182
uncentered,error,log-0099,travel/mag_model,mae,42.99966215639872
uncentered,error,log-0099,travel/mag_model,me,-42.99920407383116
uncentered,error,log-0099,travel/mag_model,rms_travel,19.904113186995687
uncentered,error,log-0113,travel/mag_model,t,236.0
uncentered,error,log-0113,travel/mag_model,rmse,19.96143850123587
uncentered,error,log-0113,travel/mag_model,bin_rmse,22.296101764172654
uncentered,error,log-0113,travel/mag_model,mae,18.778607166068557
uncentered,error,log-0113,travel/mag_model,me,-18.495801746521497
uncentered,error,log-0113,travel/mag_model,rms_travel,29.2846062635975
uncentered,error,log-0115,travel/mag_model,t,171.0
uncentered,error,log-0115,travel/mag_model,rmse,34.454100764626524
uncentered,error,log-0115,travel/mag_model,bin_rmse,37.708475003362906
uncentered,error,log-0115,travel/mag_model,mae,33.48452542367689
uncentered,error,log-0115,travel/mag_model,me,-33.48275731671677
uncentered,error,log-0115,travel/mag_model,rms_travel,26.41693928648056
uncentered,error,log-0116,travel/mag_model,t,180.0
uncentered,error,log-0116,travel/mag_model,rmse,11.337007705337102
uncentered,error,log-0116,travel/mag_model,bin_rmse,12.27276864824369
uncentered,error,log-0116,travel/mag_model,mae,8.438665177021022
uncentered,error,log-0116,travel/mag_model,me,-6.438861042095514
uncentered,error,log-0116,travel/mag_model,rms_travel,34.572143991889995
uncentered,error,log-0117,travel/mag_model,t,123.0
uncentered,error,log-0117,travel/mag_model,rmse,12.69378687580694
uncentered,error,log-0117,travel/mag_model,bin_rmse,13.959874038736745
uncentered,error,log-0117,travel/mag_model,mae,11.411819099332833
uncentered,error,log-0117,travel/mag_model,me,-10.994506658388772
uncentered,error,log-0117,travel/mag_model,rms_travel,28.771009226145868
uncentered,error,log-0118,travel/mag_model,t,110.0
uncentered,error,log-0118,travel/mag_model,rmse,32.18486862335269
uncentered,error,log-0118,travel/mag_model,bin_rmse,31.342805716316146
uncentered,error,log-0118,travel/mag_model,mae,30.72940504843422
uncentered,error,log-0118,travel/mag_model,me,-30.68217716861807
uncentered,error,log-0118,travel/mag_model,rms_travel,40.176871399123726
uncentered,error,log-0119,travel/mag_model,t,139.0
uncentered,error,log-0119,travel/mag_model,rmse,27.624483008228545
uncentered,error,log-0119,travel/mag_model,bin_rmse,27.94891739165214
uncentered,error,log-0119,travel/mag_model,mae,26.14285322809011
uncentered,error,log-0119,travel/mag_model,me,-26.104391727123282
uncentered,error,log-0119,travel/mag_model,rms_travel,39.62079151172572
uncentered,error,log-0120,travel/mag_model,t,49.0
uncentered,error,log-0120,travel/mag_model,rmse,40.725918088984784
uncentered,error,log-0120,travel/mag_model,bin_rmse,41.3566838296373
uncentered,error,log-0120,travel/mag_model,mae,39.80729480731743
uncentered,error,log-0120,travel/mag_model,me,-39.80729480731743
uncentered,error,log-0120,travel/mag_model,rms_travel,37.737025010779696
uncentered,error,log-0122,travel/mag_model,t,320.0
uncentered,error,log-0122,travel/mag_model,rmse,47.0769826267591
uncentered,error,log-0122,travel/mag_model,bin_rmse,47.76390768273392
uncentered,error,log-0122,travel/mag_model,mae,46.02656085834858
uncentered,error,log-0122,travel/mag_model,me,-46.02656085834858
uncentered,error,log-0122,travel/mag_model,rms_travel,35.93895634700181
uncentered,error,log-0125,travel/mag_model,t,189.0
uncentered,error,log-0125,travel/mag_model,rmse,38.69385182689735
uncentered,error,log-0125,travel/mag_model,bin_rmse,39.15430943378685
uncentered,error,log-0125,travel/mag_model,mae,37.34033982270152
uncentered,error,log-0125,travel/mag_model,me,-37.33822407473832
uncentered,error,log-0125,travel/mag_model,rms_travel,36.335977928732376
uncentered,error,log-0126,travel/mag_model,t,54.0
uncentered,error,log-0126,travel/mag_model,rmse,21.582642334723452
uncentered,error,log-0126,travel/mag_model,bin_rmse,21.920514825106736
uncentered,error,log-0126,travel/mag_model,mae,18.92496626229002
uncentered,error,log-0126,travel/mag_model,me,-17.30664799911221
uncentered,error,log-0126,travel/mag_model,rms_travel,40.37316258649894
uncentered,error,log-0127,travel/mag_model,t,105.0
uncentered,error,log-0127,travel/mag_model,rmse,33.14921243367501
uncentered,error,log-0127,travel/mag_model,bin_rmse,33.81361329686656
uncentered,error,log-0127,travel/mag_model,mae,31.892840576977854
uncentered,error,log-0127,travel/mag_model,me,-31.879059044515728
uncentered,error,log-0127,travel/mag_model,rms_travel,39.602957351884434
uncentered,error,log-0129,travel/mag_model,t,415.0
uncentered,error,log-0129,travel/mag_model,rmse,14.036354126476189
uncentered,error,log-0129,travel/mag_model,bin_rmse,16.398985105541946
uncentered,error,log-0129,travel/mag_model,mae,10.266871829428192
uncentered,error,log-0129,travel/mag_model,me,-8.880390982478264
uncentered,error,log-0129,travel/mag_model,rms_travel,34.86263197753653
uncentered,error,log-0132,travel/mag_model,t,267.0
uncentered,error,log-0132,travel/mag_model,rmse,31.79121078218092
uncentered,error,log-0132,travel/mag_model,bin_rmse,32.42081398481236
uncentered,error,log-0132,travel/mag_model,mae,29.94959080266962
uncentered,error,log-0132,travel/mag_model,me,-29.943742106216604
uncentered,error,log-0132,travel/mag_model,rms_travel,36.67915188470993
uncentered,error,log-0133,travel/mag_model,t,93.0
uncentered,error,log-0133,travel/mag_model,rmse,26.332825750954566
uncentered,error,log-0133,travel/mag_model,bin_rmse,28.418479329692918
uncentered,error,log-0133,travel/mag_model,mae,24.631627696377233
uncentered,error,log-0133,travel/mag_model,me,-24.5919900030755
uncentered,error,log-0133,travel/mag_model,rms_travel,32.725568521584854
uncentered,error,log-0046,travel/mag_model/adj,t,375.0
uncentered,error,log-0046,travel/mag_model/adj,rmse,5.029911040961728
uncentered,error,log-0046,travel/mag_model/adj,bin_rmse,6.100465610607703
uncentered,error,log-0046,travel/mag_model/adj,mae,3.921916832644399
uncentered,error,log-0046,travel/mag_model/adj,me,1.778761208994031
uncentered,error,log-0046,travel/mag_model/adj,rms_travel,20.23614165582175
uncentered,error,log-0048,travel/mag_model/adj,t,335.0
uncentered,error,log-0048,travel/mag_model/adj,rmse,7.95058784262841
uncentered,error,log-0048,travel/mag_model/adj,bin_rmse,8.770098658973344
uncentered,error,log-0048,travel/mag_model/adj,mae,6.3570150671364285
uncentered,error,log-0048,travel/mag_model/adj,me,-6.102045681284198
uncentered,error,log-0048,travel/mag_model/adj,rms_travel,22.239564219400567
uncentered,error,log-0049,travel/mag_model/adj,t,176.0
uncentered,error,log-0049,travel/mag_model/adj,rmse,6.262759792931828
uncentered,error,log-0049,travel/mag_model/adj,bin_rmse,6.264534789566393
uncentered,error,log-0049,travel/mag_model/adj,mae,5.73713211933466
uncentered,error,log-0049,travel/mag_model/adj,me,3.6759912102525587
uncentered,error,log-0049,travel/mag_model/adj,rms_travel,21.938401111552416
uncentered,error,log-0054,travel/mag_model/adj,t,671.0
uncentered,error,log-0054,travel/mag_model/adj,rmse,8.751539972312129
uncentered,error,log-0054,travel/mag_model/adj,bin_rmse,10.349610780567998
uncentered,error,log-0054,travel/mag_model/adj,mae,6.767570601355722
uncentered,error,log-0054,travel/mag_model/adj,me,-6.6946204577801085
uncentered,error,log-0054,travel/mag_model/adj,rms_travel,17.52591383100908
uncentered,error,log-0055,travel/mag_model/adj,t,226.0
uncentered,error,log-0055,travel/mag_model/adj,rmse,10.81175474046098
uncentered,error,log-0055,travel/mag_model/adj,bin_rmse,10.432426534770354
uncentered,error,log-0055,travel/mag_model/adj,mae,10.142713087671524
uncentered,error,log-0055,travel/mag_model/adj,me,8.576929663102792
uncentered,error,log-0055,travel/mag_model/adj,rms_travel,23.16699998076929
uncentered,error,log-0056,travel/mag_model/adj,t,273.0
uncentered,error,log-0056,travel/mag_model/adj,rmse,10.022618407561989
uncentered,error,log-0056,travel/mag_model/adj,bin_rmse,11.385728499189025
uncentered,error,log-0056,travel/mag_model/adj,mae,7.799402717849796
uncentered,error,log-0056,travel/mag_model/adj,me,-7.603868863784409
uncentered,error,log-0056,travel/mag_model/adj,rms_travel,22.162708640464672
uncentered,error,log-0058,travel/mag_model/adj,t,387.0
uncentered,error,log-0058,travel/mag_model/adj,rmse,6.133660107669871
uncentered,error,log-0058,travel/mag_model/adj,bin_rmse,7.274846300949764
uncentered,error,log-0058,travel/mag_model/adj,mae,3.87879391798733
uncentered,error,log-0058,travel/mag_model/adj,me,-2.38603227856159
uncentered,error,log-0058,travel/mag_model/adj,rms_travel,23.06232657729647
uncentered,error,log-0063,travel/mag_model/adj,t,103.0
uncentered,error,log-0063,travel/mag_model/adj,rmse,4.615272444578158
uncentered,error,log-0063,travel/mag_model/adj,bin_rmse,5.106702155946241
uncentered,error,log-0063,travel/mag_model/adj,mae,3.262094266201603
uncentered,error,log-0063,travel/mag_model/adj,me,-0.3920722408132683
uncentered,error,log-0063,travel/mag_model/adj,rms_travel,26.033041182351358
uncentered,error,log-0071_183,travel/mag_model/adj,t,416.0
uncentered,error,log-0071_183,travel/mag_model/adj,rmse,11.042549471235583
uncentered,error,log-0071_183,travel/mag_model/adj,bin_rmse,11.627168496289283
uncentered,error,log-0071_183,travel/mag_model/adj,mae,10.037536811870343
uncentered,error,log-0071_183,travel/mag_model/adj,me,-10.02445222378316
uncentered,error,log-0071_183,travel/mag_model/adj,rms_travel,21.395258082946103
uncentered,error,log-0072_184,travel/mag_model/adj,t,327.0
uncentered,error,log-0072_184,travel/mag_model/adj,rmse,5.191348258464702
uncentered,error,log-0072_184,travel/mag_model/adj,bin_rmse,6.068088771319568
uncentered,error,log-0072_184,travel/mag_model/adj,mae,2.975952450604636
uncentered,error,log-0072_184,travel/mag_model/adj,me,-0.6483925624220026
uncentered,error,log-0072_184,travel/mag_model/adj,rms_travel,20.845195884213652
uncentered,error,log-0073_185,travel/mag_model/adj,t,287.0
uncentered,error,log-0073_185,travel/mag_model/adj,rmse,7.753031577473302
uncentered,error,log-0073_185,travel/mag_model/adj,bin_rmse,8.661720423585136
uncentered,error,log-0073_185,travel/mag_model/adj,mae,5.045706842841209
uncentered,error,log-0073_185,travel/mag_model/adj,me,-4.695634988396459
uncentered,error,log-0073_185,travel/mag_model/adj,rms_travel,19.293719096194483
uncentered,error,log-0078-valid,travel/mag_model/adj,t,132.0
uncentered,error,log-0078-valid,travel/mag_model/adj,rmse,23.13824419426476
uncentered,error,log-0078-valid,travel/mag_model/adj,bin_rmse,20.7031555562728
uncentered,error,log-0078-valid,travel/mag_model/adj,mae,20.425889877606146
uncentered,error,log-0078-valid,travel/mag_model/adj,me,-20.20722188898734
uncentered,error,log-0078-valid,travel/mag_model/adj,rms_travel,28.394020081463875
uncentered,error,log-0079,travel/mag_model/adj,t,241.0
uncentered,error,log-0079,travel/mag_model/adj,rmse,15.882754210389837
uncentered,error,log-0079,travel/mag_model/adj,bin_rmse,13.123697338422913
uncentered,error,log-0079,travel/mag_model/adj,mae,11.139667526806859
uncentered,error,log-0079,travel/mag_model/adj,me,-9.525678961754814
uncentered,error,log-0079,travel/mag_model/adj,rms_travel,25.619537862902803
uncentered,error,log-0080-valid,travel/mag_model/adj,t,326.0
uncentered,error,log-0080-valid,travel/mag_model/adj,rmse,19.216829982240718
uncentered,error,log-0080-valid,travel/mag_model/adj,bin_rmse,18.941367183978894
uncentered,error,log-0080-valid,travel/mag_model/adj,mae,17.00908003877705
uncentered,error,log-0080-valid,travel/mag_model/adj,me,7.622625686124451
uncentered,error,log-0080-valid,travel/mag_model/adj,rms_travel,28.91853336469514
uncentered,error,log-0081,travel/mag_model/adj,t,735.0
uncentered,error,log-0081,travel/mag_model/adj,rmse,19.439196479139387
uncentered,error,log-0081,travel/mag_model/adj,bin_rmse,14.288139045595358
uncentered,error,log-0081,travel/mag_model/adj,mae,14.816777709454602
uncentered,error,log-0081,travel/mag_model/adj,me,-8.26479598382329
uncentered,error,log-0081,travel/mag_model/adj,rms_travel,20.924541510338674
uncentered,error,log103,travel/mag_model/adj,t,396.0
uncentered,error,log103,travel/mag_model/adj,rmse,6.474310462766297
uncentered,error,log103,travel/mag_model/adj,bin_rmse,7.292584406231167
uncentered,error,log103,travel/mag_model/adj,mae,4.204166009602553
uncentered,error,log103,travel/mag_model/adj,me,-2.613615432515362
uncentered,error,log103,travel/mag_model/adj,rms_travel,22.624633693591974
uncentered,error,log104,travel/mag_model/adj,t,398.0
uncentered,error,log104,travel/mag_model/adj,rmse,5.170388874899183
uncentered,error,log104,travel/mag_model/adj,bin_rmse,6.4790560941088895
uncentered,error,log104,travel/mag_model/adj,mae,3.1844773596152
uncentered,error,log104,travel/mag_model/adj,me,-0.8457156903626281
uncentered,error,log104,travel/mag_model/adj,rms_travel,21.56331485170561
uncentered,error,log106,travel/mag_model/adj,t,154.0
uncentered,error,log106,travel/mag_model/adj,rmse,9.764619648986702
uncentered,error,log106,travel/mag_model/adj,bin_rmse,11.19750311766017
uncentered,error,log106,travel/mag_model/adj,mae,8.309862836670323
uncentered,error,log106,travel/mag_model/adj,me,-8.273503117119354
uncentered,error,log106,travel/mag_model/adj,rms_travel,22.731881491217994
uncentered,error,log107,travel/mag_model/adj,t,167.0
uncentered,error,log107,travel/mag_model/adj,rmse,7.915256748410324
uncentered,error,log107,travel/mag_model/adj,bin_rmse,9.042801546631752
uncentered,error,log107,travel/mag_model/adj,mae,6.458488330167751
uncentered,error,log107,travel/mag_model/adj,me,-6.312394257464211
uncentered,error,log107,travel/mag_model/adj,rms_travel,21.699660220687818
uncentered,error,log109,travel/mag_model/adj,t,181.0
uncentered,error,log109,travel/mag_model/adj,rmse,10.03822002886229
uncentered,error,log109,travel/mag_model/adj,bin_rmse,13.578921604734562
uncentered,error,log109,travel/mag_model/adj,mae,8.963933009253543
uncentered,error,log109,travel/mag_model/adj,me,-8.937884833326063
uncentered,error,log109,travel/mag_model/adj,rms_travel,22.029825306020523
uncentered,error,log110,travel/mag_model/adj,t,171.0
uncentered,error,log110,travel/mag_model/adj,rmse,12.363298458434961
uncentered,error,log110,travel/mag_model/adj,bin_rmse,13.707156761519702
uncentered,error,log110,travel/mag_model/adj,mae,10.980201682601411
uncentered,error,log110,travel/mag_model/adj,me,-10.97716309725919
uncentered,error,log110,travel/mag_model/adj,rms_travel,21.283080120093388
uncentered,error,log112,travel/mag_model/adj,t,329.0
uncentered,error,log112,travel/mag_model/adj,rmse,12.586335544735157
uncentered,error,log112,travel/mag_model/adj,bin_rmse,12.060153862758943
uncentered,error,log112,travel/mag_model/adj,mae,11.895918357038875
uncentered,error,log112,travel/mag_model/adj,me,10.644910631990598
uncentered,error,log112,travel/mag_model/adj,rms_travel,22.948435201317984
uncentered,error,log-0098,travel/mag_model/adj,t,224.0
uncentered,error,log-0098,travel/mag_model/adj,rmse,17.824471081278503
uncentered,error,log-0098,travel/mag_model/adj,bin_rmse,14.186650072960592
uncentered,error,log-0098,travel/mag_model/adj,mae,12.391998940183324
uncentered,error,log-0098,travel/mag_model/adj,me,-10.476012163815456
uncentered,error,log-0098,travel/mag_model/adj,rms_travel,26.50721595754707
uncentered,error,log-0099,travel/mag_model/adj,t,634.0
uncentered,error,log-0099,travel/mag_model/adj,rmse,21.057725419069683
uncentered,error,log-0099,travel/mag_model/adj,bin_rmse,15.601183521664739
uncentered,error,log-0099,travel/mag_model/adj,mae,15.530526168052948
uncentered,error,log-0099,travel/mag_model/adj,me,-11.358416812857762
uncentered,error,log-0099,travel/mag_model/adj,rms_travel,19.904113186995687
uncentered,error,log-0113,travel/mag_model/adj,t,236.0
uncentered,error,log-0113,travel/mag_model/adj,rmse,28.116908474585742
uncentered,error,log-0113,travel/mag_model/adj,bin_rmse,30.357317240736826
uncentered,error,log-0113,travel/mag_model/adj,mae,27.16659965871665
uncentered,error,log-0113,travel/mag_model/adj,me,-27.09605501500611
uncentered,error,log-0113,travel/mag_model/adj,rms_travel,29.2846062635975
uncentered,error,log-0115,travel/mag_model/adj,t,171.0
uncentered,error,log-0115,travel/mag_model/adj,rmse,11.62519553701749
uncentered,error,log-0115,travel/mag_model/adj,bin_rmse,14.374076302877256
uncentered,error,log-0115,travel/mag_model/adj,mae,8.691527406424596
uncentered,error,log-0115,travel/mag_model/adj,me,-8.315957509812279
uncentered,error,log-0115,travel/mag_model/adj,rms_travel,26.41693928648056
uncentered,error,log-0116,travel/mag_model/adj,t,180.0
uncentered,error,log-0116,travel/mag_model/adj,rmse,34.38881650274017
uncentered,error,log-0116,travel/mag_model/adj,bin_rmse,35.13053799683712
uncentered,error,log-0116,travel/mag_model/adj,mae,33.09931570728405
uncentered,error,log-0116,travel/mag_model/adj,me,-33.09866898030308
uncentered,error,log-0116,travel/mag_model/adj,rms_travel,34.572143991889995
uncentered,error,log-0117,travel/mag_model/adj,t,123.0
uncentered,error,log-0117,travel/mag_model/adj,rmse,6.379099304134886
uncentered,error,log-0117,travel/mag_model/adj,bin_rmse,7.723482437674161
uncentered,error,log-0117,travel/mag_model/adj,mae,4.582014683008523
uncentered,error,log-0117,travel/mag_model/adj,me,0.6632189268716602
uncentered,error,log-0117,travel/mag_model/adj,rms_travel,28.771009226145868
uncentered,error,log-0118,travel/mag_model/adj,t,110.0
uncentered,error,log-0118,travel/mag_model/adj,rmse,24.74776040555494
uncentered,error,log-0118,travel/mag_model/adj,bin_rmse,24.04581933462618
uncentered,error,log-0118,travel/mag_model/adj,mae,23.059512348285082
uncentered,error,log-0118,travel/mag_model/adj,me,-22.759215113767617
uncentered,error,log-0118,travel/mag_model/adj,rms_travel,40.176871399123726
uncentered,error,log-0119,travel/mag_model/adj,t,139.0
uncentered,error,log-0119,travel/mag_model/adj,rmse,33.46981244240029
uncentered,error,log-0119,travel/mag_model/adj,bin_rmse,33.78709201069734
uncentered,error,log-0119,travel/mag_model/adj,mae,32.23150583023904
uncentered,error,log-0119,travel/mag_model/adj,me,-32.22662797905869
uncentered,error,log-0119,travel/mag_model/adj,rms_travel,39.62079151172572
uncentered,error,log-0120,travel/mag_model/adj,t,49.0
uncentered,error,log-0120,travel/mag_model/adj,rmse,14.559782314984702
uncentered,error,log-0120,travel/mag_model/adj,bin_rmse,14.905018290104927
uncentered,error,log-0120,travel/mag_model/adj,mae,12.173026205235631
uncentered,error,log-0120,travel/mag_model/adj,me,-11.74766260775838
uncentered,error,log-0120,travel/mag_model/adj,rms_travel,37.737025010779696
uncentered,error,log-0122,travel/mag_model/adj,t,320.0
uncentered,error,log-0122,travel/mag_model/adj,rmse,16.669272602852594
uncentered,error,log-0122,travel/mag_model/adj,bin_rmse,16.987531606493057
uncentered,error,log-0122,travel/mag_model/adj,mae,13.716025328670092
uncentered,error,log-0122,travel/mag_model/adj,me,-13.418891918310534
uncentered,error,log-0122,travel/mag_model/adj,rms_travel,35.93895634700181
uncentered,error,log-0125,travel/mag_model/adj,t,189.0
uncentered,error,log-0125,travel/mag_model/adj,rmse,18.202002527045668
uncentered,error,log-0125,travel/mag_model/adj,bin_rmse,18.588053128909575
uncentered,error,log-0125,travel/mag_model/adj,mae,15.785927831594522
uncentered,error,log-0125,travel/mag_model/adj,me,-15.107670364687529
uncentered,error,log-0125,travel/mag_model/adj,rms_travel,36.335977928732376
uncentered,error,log-0126,travel/mag_model/adj,t,54.0
uncentered,error,log-0126,travel/mag_model/adj,rmse,32.73780386101543
uncentered,error,log-0126,travel/mag_model/adj,bin_rmse,33.16126193670813
uncentered,error,log-0126,travel/mag_model/adj,mae,30.32423165733498
uncentered,error,log-0126,travel/mag_model/adj,me,-30.091085332019755
uncentered,error,log-0126,travel/mag_model/adj,rms_travel,40.37316258649894
uncentered,error,log-0127,travel/mag_model/adj,t,105.0
uncentered,error,log-0127,travel/mag_model/adj,rmse,9.121863456048347
uncentered,error,log-0127,travel/mag_model/adj,bin_rmse,9.170506911074447
uncentered,error,log-0127,travel/mag_model/adj,mae,6.994115523666859
uncentered,error,log-0127,travel/mag_model/adj,me,-0.7826324179308606
uncentered,error,log-0127,travel/mag_model/adj,rms_travel,39.602957351884434
uncentered,error,log-0129,travel/mag_model/adj,t,415.0
uncentered,error,log-0129,travel/mag_model/adj,rmse,27.948613542403553
uncentered,error,log-0129,travel/mag_model/adj,bin_rmse,29.911053390930288
uncentered,error,log-0129,travel/mag_model/adj,mae,25.78412461477523
uncentered,error,log-0129,travel/mag_model/adj,me,-25.748147618429943
uncentered,error,log-0129,travel/mag_model/adj,rms_travel,34.86263197753653
uncentered,error,log-0132,travel/mag_model/adj,t,267.0
uncentered,error,log-0132,travel/mag_model/adj,rmse,33.56071267454612
uncentered,error,log-0132,travel/mag_model/adj,bin_rmse,34.188662144144196
uncentered,error,log-0132,travel/mag_model/adj,mae,31.81884161372316
uncentered,error,log-0132,travel/mag_model/adj,me,-31.816160100646865
uncentered,error,log-0132,travel/mag_model/adj,rms_travel,36.67915188470993
uncentered,error,log-0133,travel/mag_model/adj,t,93.0
uncentered,error,log-0133,travel/mag_model/adj,rmse,14.378446324268953
uncentered,error,log-0133,travel/mag_model/adj,bin_rmse,16.58729407260749
uncentered,error,log-0133,travel/mag_model/adj,mae,11.563433495497701
uncentered,error,log-0133,travel/mag_model/adj,me,-10.866829297504987
uncentered,error,log-0133,travel/mag_model/adj,rms_travel,32.725568521584854
uncentered,error,log-0046,travel/solved,t,375.0
uncentered,error,log-0046,travel/solved,rmse,4.343353443171623
uncentered,error,log-0046,travel/solved,bin_rmse,4.539069954426106
uncentered,error,log-0046,travel/solved,mae,3.5707647127085127
uncentered,error,log-0046,travel/solved,me,2.777546869735878
uncentered,error,log-0046,travel/solved,rms_travel,20.23614165582175
uncentered,error,log-0048,travel/solved,t,335.0
uncentered,error,log-0048,travel/solved,rmse,6.064133155809742
uncentered,error,log-0048,travel/solved,bin_rmse,6.672734033849442
uncentered,error,log-0048,travel/solved,mae,5.304649625636231
uncentered,error,log-0048,travel/solved,me,-4.964827003589465
uncentered,error,log-0048,travel/solved,rms_travel,22.239564219400567
uncentered,error,log-0049,travel/solved,t,176.0
uncentered,error,log-0049,travel/solved,rmse,6.219941561020983
uncentered,error,log-0049,travel/solved,bin_rmse,6.17442252248625
uncentered,error,log-0049,travel/solved,mae,5.673275068880101
uncentered,error,log-0049,travel/solved,me,4.243055697560359
uncentered,error,log-0049,travel/solved,rms_travel,21.938401111552416
uncentered,error,log-0054,travel/solved,t,671.0
uncentered,error,log-0054,travel/solved,rmse,6.748558763963159
uncentered,error,log-0054,travel/solved,bin_rmse,7.301430613669179
uncentered,error,log-0054,travel/solved,mae,5.69412930089388
uncentered,error,log-0054,travel/solved,me,-5.57322142700266
uncentered,error,log-0054,travel/solved,rms_travel,17.52591383100908
uncentered,error,log-0055,travel/solved,t,226.0
uncentered,error,log-0055,travel/solved,rmse,10.982577929339367
uncentered,error,log-0055,travel/solved,bin_rmse,10.650811456313903
uncentered,error,log-0055,travel/solved,mae,10.267069694241378
uncentered,error,log-0055,travel/solved,me,9.61167375671636
uncentered,error,log-0055,travel/solved,rms_travel,23.16699998076929
uncentered,error,log-0056,travel/solved,t,273.0
uncentered,error,log-0056,travel/solved,rmse,6.615046548071555
uncentered,error,log-0056,travel/solved,bin_rmse,7.3084102191067855
uncentered,error,log-0056,travel/solved,mae,5.897834531657064
uncentered,error,log-0056,travel/solved,me,-5.539214557332382
uncentered,error,log-0056,travel/solved,rms_travel,22.162708640464672
uncentered,error,log-0058,travel/solved,t,387.0
uncentered,error,log-0058,travel/solved,rmse,3.799541852022039
uncentered,error,log-0058,travel/solved,bin_rmse,4.099758142522802
uncentered,error,log-0058,travel/solved,mae,3.012425232067675
uncentered,error,log-0058,travel/solved,me,-1.227293222096381
uncentered,error,log-0058,travel/solved,rms_travel,23.06232657729647
uncentered,error,log-0063,travel/solved,t,103.0
uncentered,error,log-0063,travel/solved,rmse,4.148703541511724
uncentered,error,log-0063,travel/solved,bin_rmse,4.567996861349811
uncentered,error,log-0063,travel/solved,mae,3.0079372183272235
uncentered,error,log-0063,travel/solved,me,0.08794173763039083
uncentered,error,log-0063,travel/solved,rms_travel,26.033041182351358
uncentered,error,log-0071_183,travel/solved,t,416.0
uncentered,error,log-0071_183,travel/solved,rmse,9.402189219466088
uncentered,error,log-0071_183,travel/solved,bin_rmse,9.24503183586262
uncentered,error,log-0071_183,travel/solved,mae,8.982401287688603
uncentered,error,log-0071_183,travel/solved,me,-8.925864643701816
uncentered,error,log-0071_183,travel/solved,rms_travel,21.395258082946103
uncentered,error,log-0072_184,travel/solved,t,327.0
uncentered,error,log-0072_184,travel/solved,rmse,3.306230467047705
uncentered,error,log-0072_184,travel/solved,bin_rmse,3.658167415991469
uncentered,error,log-0072_184,travel/solved,mae,2.325785241210839
uncentered,error,log-0072_184,travel/solved,me,0.47358605332827297
uncentered,error,log-0072_184,travel/solved,rms_travel,20.845195884213652
uncentered,error,log-0073_185,travel/solved,t,287.0
uncentered,error,log-0073_185,travel/solved,rmse,5.874767125957474
uncentered,error,log-0073_185,travel/solved,bin_rmse,6.047002140500634
uncentered,error,log-0073_185,travel/solved,mae,3.97430766818545
uncentered,error,log-0073_185,travel/solved,me,-3.2532893343081692
uncentered,error,log-0073_185,travel/solved,rms_travel,19.293719096194483
uncentered,error,log-0078-valid,travel/solved,t,132.0
uncentered,error,log-0078-valid,travel/solved,rmse,22.270732326251185
uncentered,error,log-0078-valid,travel/solved,bin_rmse,20.130735520941705
uncentered,error,log-0078-valid,travel/solved,mae,19.714604380276487
uncentered,error,log-0078-valid,travel/solved,me,-19.392801484792518
uncentered,error,log-0078-valid,travel/solved,rms_travel,28.394020081463875
uncentered,error,log-0079,travel/solved,t,241.0
uncentered,error,log-0079,travel/solved,rmse,12.545545160678689
uncentered,error,log-0079,travel/solved,bin_rmse,10.316779961936588
uncentered,error,log-0079,travel/solved,mae,9.106910244116124
uncentered,error,log-0079,travel/solved,me,-6.878459836839771
uncentered,error,log-0079,travel/solved,rms_travel,25.619537862902803
uncentered,error,log-0080-valid,travel/solved,t,326.0
uncentered,error,log-0080-valid,travel/solved,rmse,18.10538300693092
uncentered,error,log-0080-valid,travel/solved,bin_rmse,18.230681635128406
uncentered,error,log-0080-valid,travel/solved,mae,15.836224061605222
uncentered,error,log-0080-valid,travel/solved,me,9.841577434029727
uncentered,error,log-0080-valid,travel/solved,rms_travel,28.91853336469514
uncentered,error,log-0081,travel/solved,t,735.0
uncentered,error,log-0081,travel/solved,rmse,17.526296674856866
uncentered,error,log-0081,travel/solved,bin_rmse,12.793250234880473
uncentered,error,log-0081,travel/solved,mae,13.377443102703472
uncentered,error,log-0081,travel/solved,me,-6.022264137907466
uncentered,error,log-0081,travel/solved,rms_travel,20.924541510338674
uncentered,error,log103,travel/solved,t,396.0
uncentered,error,log103,travel/solved,rmse,4.8100552794062486
uncentered,error,log103,travel/solved,bin_rmse,5.357515405684971
uncentered,error,log103,travel/solved,mae,3.279900974537705
uncentered,error,log103,travel/solved,me,-1.4239133232997043
uncentered,error,log103,travel/solved,rms_travel,22.624633693591974
uncentered,error,log104,travel/solved,t,398.0
uncentered,error,log104,travel/solved,rmse,3.564351987727876
uncentered,error,log104,travel/solved,bin_rmse,4.2711911508210445
uncentered,error,log104,travel/solved,mae,2.4519325816815867
uncentered,error,log104,travel/solved,me,0.3069682337915554
uncentered,error,log104,travel/solved,rms_travel,21.56331485170561
uncentered,error,log106,travel/solved,t,154.0
uncentered,error,log106,travel/solved,rmse,7.187490818164384
uncentered,error,log106,travel/solved,bin_rmse,7.29416507775197
uncentered,error,log106,travel/solved,mae,6.68349563409913
uncentered,error,log106,travel/solved,me,-6.560237062980196
uncentered,error,log106,travel/solved,rms_travel,22.731881491217994
uncentered,error,log107,travel/solved,t,167.0
uncentered,error,log107,travel/solved,rmse,5.9409583522405045
uncentered,error,log107,travel/solved,bin_rmse,6.080958999348001
uncentered,error,log107,travel/solved,mae,5.198879157109804
uncentered,error,log107,travel/solved,me,-4.956501506330551
uncentered,error,log107,travel/solved,rms_travel,21.699660220687818
uncentered,error,log109,travel/solved,t,181.0
uncentered,error,log109,travel/solved,rmse,8.591800395322513
uncentered,error,log109,travel/solved,bin_rmse,8.105098223325484
uncentered,error,log109,travel/solved,mae,8.043214593161448
uncentered,error,log109,travel/solved,me,-7.990169564953142
uncentered,error,log109,travel/solved,rms_travel,22.029825306020523
uncentered,error,log110,travel/solved,t,171.0
uncentered,error,log110,travel/solved,rmse,9.992483853812782
uncentered,error,log110,travel/solved,bin_rmse,10.421344655793048
uncentered,error,log110,travel/solved,mae,9.261000074862238
uncentered,error,log110,travel/solved,me,-9.218777799835197
uncentered,error,log110,travel/solved,rms_travel,21.283080120093388
uncentered,error,log112,travel/solved,t,329.0
uncentered,error,log112,travel/solved,rmse,12.500598494091447
uncentered,error,log112,travel/solved,bin_rmse,11.810826879452593
uncentered,error,log112,travel/solved,mae,11.802297507980432
uncentered,error,log112,travel/solved,me,11.639138255118045
uncentered,error,log112,travel/solved,rms_travel,22.948435201317984
uncentered,error,log-0098,travel/solved,t,224.0
uncentered,error,log-0098,travel/solved,rmse,14.198319224577817
uncentered,error,log-0098,travel/solved,bin_rmse,11.186404208164493
uncentered,error,log-0098,travel/solved,mae,10.07853290661832
uncentered,error,log-0098,travel/solved,me,-7.744724829717352
uncentered,error,log-0098,travel/solved,rms_travel,26.50721595754707
uncentered,error,log-0099,travel/solved,t,634.0
uncentered,error,log-0099,travel/solved,rmse,18.37281481799967
uncentered,error,log-0099,travel/solved,bin_rmse,13.424284775381057
uncentered,error,log-0099,travel/solved,mae,13.58330856271239
uncentered,error,log-0099,travel/solved,me,-9.108156323341372
uncentered,error,log-0099,travel/solved,rms_travel,19.904113186995687
uncentered,error,log-0113,travel/solved,t,236.0
uncentered,error,log-0113,travel/solved,rmse,26.01764571764062
uncentered,error,log-0113,travel/solved,bin_rmse,26.37789428441005
uncentered,error,log-0113,travel/solved,mae,25.06945182860417
uncentered,error,log-0113,travel/solved,me,-24.933078340601362
uncentered,error,log-0113,travel/solved,rms_travel,29.2846062635975
uncentered,error,log-0115,travel/solved,t,171.0
uncentered,error,log-0115,travel/solved,rmse,10.211043818688879
uncentered,error,log-0115,travel/solved,bin_rmse,12.612310261330103
uncentered,error,log-0115,travel/solved,mae,7.813061438431587
uncentered,error,log-0115,travel/solved,me,-6.728460635482059
uncentered,error,log-0115,travel/solved,rms_travel,26.41693928648056
uncentered,error,log-0116,travel/solved,t,180.0
uncentered,error,log-0116,travel/solved,rmse,31.15109674887015
uncentered,error,log-0116,travel/solved,bin_rmse,30.8200240803684
uncentered,error,log-0116,travel/solved,mae,29.93428384196957
uncentered,error,log-0116,travel/solved,me,-29.911071368643967
uncentered,error,log-0116,travel/solved,rms_travel,34.572143991889995
uncentered,error,log-0117,travel/solved,t,123.0
uncentered,error,log-0117,travel/solved,rmse,6.233854623411866
uncentered,error,log-0117,travel/solved,bin_rmse,7.472639562327819
uncentered,error,log-0117,travel/solved,mae,4.559975167694974
uncentered,error,log-0117,travel/solved,me,0.9688990022903019
uncentered,error,log-0117,travel/solved,rms_travel,28.771009226145868
uncentered,error,log-0118,travel/solved,t,110.0
uncentered,error,log-0118,travel/solved,rmse,24.2024322403459
uncentered,error,log-0118,travel/solved,bin_rmse,23.10438077297523
uncentered,error,log-0118,travel/solved,mae,22.30995922222033
uncentered,error,log-0118,travel/solved,me,-21.81170125969295
uncentered,error,log-0118,travel/solved,rms_travel,40.176871399123726
uncentered,error,log-0119,travel/solved,t,139.0
uncentered,error,log-0119,travel/solved,rmse,31.053094926860986
uncentered,error,log-0119,travel/solved,bin_rmse,31.0536820717377
uncentered,error,log-0119,travel/solved,mae,29.055452114920723
uncentered,error,log-0119,travel/solved,me,-28.888621701587933
uncentered,error,log-0119,travel/solved,rms_travel,39.62079151172572
uncentered,error,log-0120,travel/solved,t,49.0
uncentered,error,log-0120,travel/solved,rmse,12.45236053688921
uncentered,error,log-0120,travel/solved,bin_rmse,12.671001611569643
uncentered,error,log-0120,travel/solved,mae,10.544366396089998
uncentered,error,log-0120,travel/solved,me,-9.287390036093088
uncentered,error,log-0120,travel/solved,rms_travel,37.737025010779696
uncentered,error,log-0122,travel/solved,t,320.0
uncentered,error,log-0122,travel/solved,rmse,14.434049888602908
uncentered,error,log-0122,travel/solved,bin_rmse,14.844478787644965
uncentered,error,log-0122,travel/solved,mae,12.010226005278104
uncentered,error,log-0122,travel/solved,me,-10.886851681602641
uncentered,error,log-0122,travel/solved,rms_travel,35.93895634700181
uncentered,error,log-0125,travel/solved,t,189.0
uncentered,error,log-0125,travel/solved,rmse,15.79318502850618
uncentered,error,log-0125,travel/solved,bin_rmse,15.721777431374973
uncentered,error,log-0125,travel/solved,mae,13.825301180840368
uncentered,error,log-0125,travel/solved,me,-12.834551514906178
uncentered,error,log-0125,travel/solved,rms_travel,36.335977928732376
uncentered,error,log-0126,travel/solved,t,54.0
uncentered,error,log-0126,travel/solved,rmse,31.88478131110582
uncentered,error,log-0126,travel/solved,bin_rmse,32.45209468757011
uncentered,error,log-0126,travel/solved,mae,29.374821092551628
uncentered,error,log-0126,travel/solved,me,-28.94284981958149
uncentered,error,log-0126,travel/solved,rms_travel,40.37316258649894
uncentered,error,log-0127,travel/solved,t,105.0
uncentered,error,log-0127,travel/solved,rmse,9.421314214812423
uncentered,error,log-0127,travel/solved,bin_rmse,9.452033928871002
uncentered,error,log-0127,travel/solved,mae,7.0473624298858715
uncentered,error,log-0127,travel/solved,me,1.2018104154232596
uncentered,error,log-0127,travel/solved,rms_travel,39.602957351884434
uncentered,error,log-0129,travel/solved,t,415.0
uncentered,error,log-0129,travel/solved,rmse,24.123969368801806
uncentered,error,log-0129,travel/solved,bin_rmse,23.615475720359047
uncentered,error,log-0129,travel/solved,mae,22.820262195454962
uncentered,error,log-0129,travel/solved,me,-22.73265947266781
uncentered,error,log-0129,travel/solved,rms_travel,34.86263197753653
uncentered,error,log-0132,travel/solved,t,267.0
uncentered,error,log-0132,travel/solved,rmse,29.38632275061458
uncentered,error,log-0132,travel/solved,bin_rmse,28.459475293290446
uncentered,error,log-0132,travel/solved,mae,27.808948506394852
uncentered,error,log-0132,travel/solved,me,-27.71999304428139
uncentered,error,log-0132,travel/solved,rms_travel,36.67915188470993
uncentered,error,log-0133,travel/solved,t,93.0
uncentered,error,log-0133,travel/solved,rmse,11.584783388028152
uncentered,error,log-0133,travel/solved,bin_rmse,11.986631017865072
uncentered,error,log-0133,travel/solved,mae,9.961139429279726
uncentered,error,log-0133,travel/solved,me,-8.89609157780096
uncentered,error,log-0133,travel/solved,rms_travel,32.725568521584854
centered,summary,log-0046,,samples,61344.0
centered,summary,log-0046,,dt_ms,9.999999999990905
centered,summary,log-0046,,total_s,613.4399999994421
centered,summary,log-0046,,boring_s,375.86999999965815
centered,summary,log-0046,,boring_pct,61.27249608763694
centered,summary,log-0048,,samples,108107.0
centered,summary,log-0048,,dt_ms,9.999999999990905
centered,summary,log-0048,,total_s,1081.0699999990168
centered,summary,log-0048,,boring_s,335.359999999695
centered,summary,log-0048,,boring_pct,31.021117966459155
centered,summary,log-0049,,samples,44189.0
centered,summary,log-0049,,dt_ms,9.999999999990905
centered,summary,log-0049,,total_s,441.8899999995981
centered,summary,log-0049,,boring_s,176.83999999983916
centered,summary,log-0049,,boring_pct,40.01900925569712
centered,summary,log-0054,,samples,111816.0
centered,summary,log-0054,,dt_ms,9.999999999990905
centered,summary,log-0054,,total_s,1118.159999998983
centered,summary,log-0054,,boring_s,671.9399999993889
centered,summary,log-0054,,boring_pct,60.09336767546684
centered,summary,log-0055,,samples,43808.0
centered,summary,log-0055,,dt_ms,9.999999999990905
centered,summary,log-0055,,total_s,438.07999999960157
centered,summary,log-0055,,boring_s,226.509999999794
centered,summary,log-0055,,boring_pct,51.70516800584368
centered,summary,log-0056,,samples,61448.0
centered,summary,log-0056,,dt_ms,9.999999999990905
centered,summary,log-0056,,total_s,614.4799999994411
centered,summary,log-0056,,boring_s,273.2499999997515
centered,summary,log-0056,,boring_pct,44.46849368571801
centered,summary,log-0058,,samples,44381.0
centered,summary,log-0058,,dt_ms,9.999999999990905
centered,summary,log-0058,,total_s,443.80999999959636
centered,summary,log-0058,,boring_s,387.06999999964796
centered,summary,log-0058,,boring_pct,87.21524976904531
centered,summary,log-0063,,samples,40781.0
centered,summary,log-0063,,dt_ms,9.999999999990905
centered,summary,log-0063,,total_s,407.8099999996291
centered,summary,log-0063,,boring_s,103.44999999990591
centered,summary,log-0063,,boring_pct,25.367205316201176
centered,summary,log-0071_183,,samples,65908.0
centered,summary,log-0071_183,,dt_ms,9.999999999990905
centered,summary,log-0071_183,,total_s,659.0799999994006
centered,summary,log-0071_183,,boring_s,416.9099999996208
centered,summary,log-0071_183,,boring_pct,63.25635734660436
centered,summary,log-0072_184,,samples,58385.0
centered,summary,log-0072_184,,dt_ms,9.999999999990905
centered,summary,log-0072_184,,total_s,583.849999999469
centered,summary,log-0072_184,,boring_s,327.71999999970194
centered,summary,log-0072_184,,boring_pct,56.130855527960954
centered,summary,log-0073_185,,samples,39115.0
centered,summary,log-0073_185,,dt_ms,9.999999999990905
centered,summary,log-0073_185,,total_s,391.14999999964425
centered,summary,log-0073_185,,boring_s,287.26999999973873
centered,summary,log-0073_185,,boring_pct,73.44241339639524
centered,summary,log-0078-valid,,samples,22949.0
centered,summary,log-0078-valid,,dt_ms,9.99999999999801
centered,summary,log-0078-valid,,total_s,229.48999999995434
centered,summary,log-0078-valid,,boring_s,132.59999999997362
centered,summary,log-0078-valid,,boring_pct,57.78029543770971
centered,summary,log-0079,,samples,46824.0
centered,summary,log-0079,,dt_ms,9.999999999990905
centered,summary,log-0079,,total_s,468.23999999957414
centered,summary,log-0079,,boring_s,241.20999999978062
centered,summary,log-0079,,boring_pct,51.5141807620024
centered,summary,log-0080-valid,,samples,64718.0
centered,summary,log-0080-valid,,dt_ms,9.999999999990905
centered,summary,log-0080-valid,,total_s,647.1799999994114
centered,summary,log-0080-valid,,boring_s,326.93999999970265
centered,summary,log-0080-valid,,boring_pct,50.51763033468278
centered,summary,log-0081,,samples,113665.0
centered,summary,log-0081,,dt_ms,9.999999999990905
centered,summary,log-0081,,total_s,1136.6499999989662
centered,summary,log-0081,,boring_s,735.7699999993308
centered,summary,log-0081,,boring_pct,64.73144767518585
centered,summary,log103,,samples,72985.0
centered,summary,log103,,dt_ms,9.999999999990905
centered,summary,log103,,total_s,729.8499999993362
centered,summary,log103,,boring_s,396.929999999639
centered,summary,log103,,boring_pct,54.385147633075285
centered,summary,log104,,samples,59770.0
centered,summary,log104,,dt_ms,9.999999999990905
centered,summary,log104,,total_s,597.6999999994564
centered,summary,log104,,boring_s,398.1399999996379
centered,summary,log104,,boring_pct,66.61201271540907
centered,summary,log106,,samples,19535.0
centered,summary,log106,,dt_ms,9.99999999999801
centered,summary,log106,,total_s,195.34999999996114
centered,summary,log106,,boring_s,154.2499999999693
centered,summary,log106,,boring_pct,78.96083951881238
centered,summary,log107,,samples,25307.0
centered,summary,log107,,dt_ms,9.99999999999801
centered,summary,log107,,total_s,253.06999999994966
centered,summary,log107,,boring_s,167.3899999999667
centered,summary,log107,,boring_pct,66.14375469237761
centered,summary,log109,,samples,21587.0
centered,summary,log109,,dt_ms,9.99999999999801
centered,summary,log109,,total_s,215.86999999995706
centered,summary,log109,,boring_s,181.65999999996387
centered,summary,log109,,boring_pct,84.15249918932692
centered,summary,log110,,samples,21450.0
centered,summary,log110,,dt_ms,9.99999999999801
centered,summary,log110,,total_s,214.4999999999573
centered,summary,log110,,boring_s,171.48999999996587
centered,summary,log110,,boring_pct,79.94871794871796
centered,summary,log112,,samples,63277.0
centered,summary,log112,,dt_ms,9.999999999990905
centered,summary,log112,,total_s,632.7699999994245
centered,summary,log112,,boring_s,329.9399999996999
centered,summary,log112,,boring_pct,52.14216856045641
centered,summary,log-0098,,samples,36717.0
centered,summary,log-0098,,dt_ms,9.999999999990905
centered,summary,log-0098,,total_s,367.16999999966606
centered,summary,log-0098,,boring_s,224.1999999997961
centered,summary,log-0098,,boring_pct,61.06163357572787
centered,summary,log-0099,,samples,65579.0
centered,summary,log-0099,,dt_ms,9.999999999990905
centered,summary,log-0099,,total_s,655.7899999994036
centered,summary,log-0099,,boring_s,634.1799999994232
centered,summary,log-0099,,boring_pct,96.70473779716067
centered,summary,log-0113,,samples,29498.0
centered,summary,log-0113,,dt_ms,9.99999999999801
centered,summary,log-0113,,total_s,294.9799999999413
centered,summary,log-0113,,boring_s,236.18999999995302
centered,summary,log-0113,,boring_pct,80.06983524306735
centered,summary,log-0115,,samples,18835.0
centered,summary,log-0115,,dt_ms,9.99999999999801
centered,summary,log-0115,,total_s,188.34999999996253
centered,summary,log-0115,,boring_s,171.9199999999658
centered,summary,log-0115,,boring_pct,91.2768781523759
centered,summary,log-0116,,samples,27283.0
centered,summary,log-0116,,dt_ms,9.99999999999801
centered,summary,log-0116,,total_s,272.8299999999457
centered,summary,log-0116,,boring_s,180.11999999996416
centered,summary,log-0116,,boring_pct,66.01913279331453
centered,summary,log-0117,,samples,14148.0
centered,summary,log-0117,,dt_ms,9.999999999999787
centered,summary,log-0117,,total_s,141.47999999999698
centered,summary,log-0117,,boring_s,123.55999999999736
centered,summary,log-0117,,boring_pct,87.33389878428046
centered,summary,log-0118,,samples,16328.0
centered,summary,log-0118,,dt_ms,9.999999999999787
centered,summary,log-0118,,total_s,163.2799999999965
centered,summary,log-0118,,boring_s,110.59999999999764
centered,summary,log-0118,,boring_pct,67.73640372366488
centered,summary,log-0119,,samples,19584.0
centered,summary,log-0119,,dt_ms,9.99999999999801
centered,summary,log-0119,,total_s,195.83999999996104
centered,summary,log-0119,,boring_s,139.51999999997224
centered,summary,log-0119,,boring_pct,71.24183006535948
centered,summary,log-0120,,samples,6011.0
centered,summary,log-0120,,dt_ms,9.99999999999801
centered,summary,log-0120,,total_s,60.10999999998804
centered,summary,log-0120,,boring_s,49.679999999990116
centered,summary,log-0120,,boring_pct,82.64847779071701
centered,summary,log-0122,,samples,43803.0
centered,summary,log-0122,,dt_ms,9.999999999990905
centered,summary,log-0122,,total_s,438.0299999996016
centered,summary,log-0122,,boring_s,320.5099999997085
centered,summary,log-0122,,boring_pct,73.17078738899161
centered,summary,log-0125,,samples,24913.0
centered,summary,log-0125,,dt_ms,9.99999999999801
centered,summary,log-0125,,total_s,249.12999999995043
centered,summary,log-0125,,boring_s,189.9699999999622
centered,summary,log-0125,,boring_pct,76.25336169871152
centered,summary,log-0126,,samples,14241.0
centered,summary,log-0126,,dt_ms,9.999999999999787
centered,summary,log-0126,,total_s,142.40999999999696
centered,summary,log-0126,,boring_s,54.48999999999884
centered,summary,log-0126,,boring_pct,38.262762446457415
centered,summary,log-0127,,samples,26922.0
centered,summary,log-0127,,dt_ms,9.99999999999801
centered,summary,log-0127,,total_s,269.2199999999464
centered,summary,log-0127,,boring_s,105.0099999999791
centered,summary,log-0127,,boring_pct,39.005274496694156
centered,summary,log-0129,,samples,77819.0
centered,summary,log-0129,,dt_ms,9.999999999990905
centered,summary,log-0129,,total_s,778.1899999992922
centered,summary,log-0129,,boring_s,415.55999999962205
centered,summary,log-0129,,boring_pct,53.400840411724644
centered,summary,log-0132,,samples,34660.0
centered,summary,log-0132,,dt_ms,9.999999999990905
centered,summary,log-0132,,total_s,346.59999999968477
centered,summary,log-0132,,boring_s,267.4799999997567
centered,summary,log-0132,,boring_pct,77.17253317945759
centered,summary,log-0133,,samples,10539.0
centered,summary,log-0133,,dt_ms,9.999999999999787
centered,summary,log-0133,,total_s,105.38999999999776
centered,summary,log-0133,,boring_s,93.819999999998
centered,summary,log-0133,,boring_pct,89.02172881677578
centered,error,log-0046,travel/mag_model,t,375.0
centered,error,log-0046,travel/mag_model,rmse,4.704892521765697
centered,error,log-0046,travel/mag_model,bin_rmse,6.521822543772561
centered,error,log-0046,travel/mag_model,mae,2.999623125036982
centered,error,log-0046,travel/mag_model,me,-3.2303068264742043e-15
centered,error,log-0046,travel/mag_model,rms_travel,20.23614165582175
centered,error,log-0048,travel/mag_model,t,335.0
centered,error,log-0048,travel/mag_model,rmse,5.096752451009519
centered,error,log-0048,travel/mag_model,bin_rmse,5.504670045372508
centered,error,log-0048,travel/mag_model,mae,3.1177288088563637
centered,error,log-0048,travel/mag_model,me,4.447672086437269e-15
centered,error,log-0048,travel/mag_model,rms_travel,22.239564219400567
centered,error,log-0049,travel/mag_model,t,176.0
centered,error,log-0049,travel/mag_model,rmse,5.0704288621485905
centered,error,log-0049,travel/mag_model,bin_rmse,5.874198521217071
centered,error,log-0049,travel/mag_model,mae,3.2808113258146423
centered,error,log-0049,travel/mag_model,me,5.143037218801901e-16
centered,error,log-0049,travel/mag_model,rms_travel,21.938401111552416
centered,error,log-0054,travel/mag_model,t,671.0
centered,error,log-0054,travel/mag_model,rmse,5.6366221102047485
centered,error,log-0054,travel/mag_model,bin_rmse,6.719110913069858
centered,error,log-0054,travel/mag_model,mae,3.739070555760022
centered,error,log-0054,travel/mag_model,me,3.0319197130269952e-15
centered,error,log-0054,travel/mag_model,rms_travel,17.52591383100908
centered,error,log-0055,travel/mag_model,t,226.0
centered,error,log-0055,travel/mag_model,rmse,6.582576860323615
centered,error,log-0055,travel/mag_model,bin_rmse,6.654772004165505
centered,error,log-0055,travel/mag_model,mae,4.5706164416682
centered,error,log-0055,travel/mag_model,me,-1.3089721106263503e-14
centered,error,log-0055,travel/mag_model,rms_travel,23.16699998076929
centered,error,log-0056,travel/mag_model,t,273.0
centered,error,log-0056,travel/mag_model,rmse,6.529476092763526
centered,error,log-0056,travel/mag_model,bin_rmse,7.267442902397938
centered,error,log-0056,travel/mag_model,mae,3.886579071842034
centered,error,log-0056,travel/mag_model,me,4.3269647293863005e-15
centered,error,log-0056,travel/mag_model,rms_travel,22.162708640464672
centered,error,log-0058,travel/mag_model,t,387.0
centered,error,log-0058,travel/mag_model,rmse,5.650543007719077
centered,error,log-0058,travel/mag_model,bin_rmse,6.657104354329841
centered,error,log-0058,travel/mag_model,mae,3.369162038359991
centered,error,log-0058,travel/mag_model,me,-3.6185233697530404e-15
centered,error,log-0058,travel/mag_model,rms_travel,23.06232657729647
centered,error,log-0063,travel/mag_model,t,103.0
centered,error,log-0063,travel/mag_model,rmse,4.598588815676622
centered,error,log-0063,travel/mag_model,bin_rmse,4.99282441935246
centered,error,log-0063,travel/mag_model,mae,3.305505197442267
centered,error,log-0063,travel/mag_model,me,2.109992541570834e-15
centered,error,log-0063,travel/mag_model,rms_travel,26.033041182351358
centered,error,log-0071_183,travel/mag_model,t,416.0
centered,error,log-0071_183,travel/mag_model,rmse,4.631226234786432
centered,error,log-0071_183,travel/mag_model,bin_rmse,5.399023807771551
centered,error,log-0071_183,travel/mag_model,mae,2.5959053811527437
centered,error,log-0071_183,travel/mag_model,me,-2.3560343429391535e-15
centered,error,log-0071_183,travel/mag_model,rms_travel,21.395258082946103
centered,error,log-0072_184,travel/mag_model,t,327.0
centered,error,log-0072_184,travel/mag_model,rmse,5.150697411580332
centered,error,log-0072_184,travel/mag_model,bin_rmse,5.918286966912734
centered,error,log-0072_184,travel/mag_model,mae,3.0384289634852037
centered,error,log-0072_184,travel/mag_model,me,7.9371257386506e-15
centered,error,log-0072_184,travel/mag_model,rms_travel,20.845195884213652
centered,error,log-0073_185,travel/mag_model,t,287.0
centered,error,log-0073_185,travel/mag_model,rmse,6.169320116272549
centered,error,log-0073_185,travel/mag_model,bin_rmse,6.839303875767909
centered,error,log-0073_185,travel/mag_model,mae,4.708905925272023
centered,error,log-0073_185,travel/mag_model,me,4.19494022992004e-15
centered,error,log-0073_185,travel/mag_model,rms_travel,19.293719096194483
centered,error,log-0078-valid,travel/mag_model,t,132.0
centered,error,log-0078-valid,travel/mag_model,rmse,11.271491823297294
centered,error,log-0078-valid,travel/mag_model,bin_rmse,9.534021804545418
centered,error,log-0078-valid,travel/mag_model,mae,8.765522576984925
centered,error,log-0078-valid,travel/mag_model,me,3.566645889305601e-15
centered,error,log-0078-valid,travel/mag_model,rms_travel,28.394020081463875
centered,error,log-0079,travel/mag_model,t,241.0
centered,error,log-0079,travel/mag_model,rmse,12.709182571087641
centered,error,log-0079,travel/mag_model,bin_rmse,11.050461507057737
centered,error,log-0079,travel/mag_model,mae,9.709536267719766
centered,error,log-0079,travel/mag_model,me,-6.786992509395426e-15
centered,error,log-0079,travel/mag_model,rms_travel,25.619537862902803
centered,error,log-0080-valid,travel/mag_model,t,326.0
centered,error,log-0080-valid,travel/mag_model,rmse,17.640355217953562
centered,error,log-0080-valid,travel/mag_model,bin_rmse,16.00891185350491
centered,error,log-0080-valid,travel/mag_model,mae,14.295572970511405
centered,error,log-0080-valid,travel/mag_model,me,-3.560754934450811e-15
centered,error,log-0080-valid,travel/mag_model,rms_travel,28.91853336469514
centered,error,log-0081,travel/mag_model,t,735.0
centered,error,log-0081,travel/mag_model,rmse,17.59475794378438
centered,error,log-0081,travel/mag_model,bin_rmse,15.1016829715285
centered,error,log-0081,travel/mag_model,mae,15.236230189199874
centered,error,log-0081,travel/mag_model,me,3.164448722479438e-15
centered,error,log-0081,travel/mag_model,rms_travel,20.924541510338674
centered,error,log103,travel/mag_model,t,396.0
centered,error,log103,travel/mag_model,rmse,5.923319199503154
centered,error,log103,travel/mag_model,bin_rmse,6.529830597133991
centered,error,log103,travel/mag_model,mae,4.111274813514457
centered,error,log103,travel/mag_model,me,5.407521467725067e-15
centered,error,log103,travel/mag_model,rms_travel,22.624633693591974
centered,error,log104,travel/mag_model,t,398.0
centered,error,log104,travel/mag_model,rmse,5.100753482452931
centered,error,log104,travel/mag_model,bin_rmse,6.243214513687144
centered,error,log104,travel/mag_model,mae,3.4330359840431184
centered,error,log104,travel/mag_model,me,-7.721133500759776e-15
centered,error,log104,travel/mag_model,rms_travel,21.56331485170561
centered,error,log106,travel/mag_model,t,154.0
centered,error,log106,travel/mag_model,rmse,5.186226283184482
centered,error,log106,travel/mag_model,bin_rmse,6.374760764752736
centered,error,log106,travel/mag_model,mae,3.3258075902278166
centered,error,log106,travel/mag_model,me,-8.107327163291905e-16
centered,error,log106,travel/mag_model,rms_travel,22.731881491217994
centered,error,log107,travel/mag_model,t,167.0
centered,error,log107,travel/mag_model,rmse,4.775454756521941
centered,error,log107,travel/mag_model,bin_rmse,5.998314638694328
centered,error,log107,travel/mag_model,mae,3.288541440519748
centered,error,log107,travel/mag_model,me,5.501304651084831e-15
centered,error,log107,travel/mag_model,rms_travel,21.699660220687818
centered,error,log109,travel/mag_model,t,181.0
centered,error,log109,travel/mag_model,rmse,4.569472185499323
centered,error,log109,travel/mag_model,bin_rmse,10.673112865776485
centered,error,log109,travel/mag_model,mae,2.863418805208669
centered,error,log109,travel/mag_model,me,3.504603606963832e-15
centered,error,log109,travel/mag_model,rms_travel,22.029825306020523
centered,error,log110,travel/mag_model,t,171.0
centered,error,log110,travel/mag_model,rmse,5.68797319864566
centered,error,log110,travel/mag_model,bin_rmse,6.202776579508845
centered,error,log110,travel/mag_model,mae,4.011318259244135
centered,error,log110,travel/mag_model,me,4.3090818426176697e-16
centered,error,log110,travel/mag_model,rms_travel,21.283080120093388
centered,error,log112,travel/mag_model,t,329.0
centered,error,log112,travel/mag_model,rmse,6.7157814200282875
centered,error,log112,travel/mag_model,bin_rmse,7.667427182778694
centered,error,log112,travel/mag_model,mae,4.033670539621638
centered,error,log112,travel/mag_model,me,3.3078548891541306e-16
centered,error,log112,travel/mag_model,rms_travel,22.948435201317984
centered,error,log-0098,travel/mag_model,t,224.0
centered,error,log-0098,travel/mag_model,rmse,14.420989510811115
centered,error,log-0098,travel/mag_model,bin_rmse,12.241589050850193
centered,error,log-0098,travel/mag_model,mae,11.515246215475901
centered,error,log-0098,travel/mag_model,me,-1.1358542216611057e-15
centered,error,log-0098,travel/mag_model,rms_travel,26.50721595754707
centered,error,log-0099,travel/mag_model,t,634.0
centered,error,log-0099,travel/mag_model,rmse,17.73172770291501
centered,error,log-0099,travel/mag_model,bin_rmse,14.129788391090713
centered,error,log-0099,travel/mag_model,mae,15.545915389254144
centered,error,log-0099,travel/mag_model,me,1.835682642576789e-15
centered,error,log-0099,travel/mag_model,rms_travel,19.904113186995687
centered,error,log-0113,travel/mag_model,t,236.0
centered,error,log-0113,travel/mag_model,rmse,7.507619116070952
centered,error,log-0113,travel/mag_model,bin_rmse,9.243985009017614
centered,error,log-0113,travel/mag_model,mae,5.213784967658793
centered,error,log-0113,travel/mag_model,me,9.626727441603457e-16
centered,error,log-0113,travel/mag_model,rms_travel,29.2846062635975
centered,error,log-0115,travel/mag_model,t,171.0
centered,error,log-0115,travel/mag_model,rmse,8.123424276060444
centered,error,log-0115,travel/mag_model,bin_rmse,9.136425998393074
centered,error,log-0115,travel/mag_model,mae,5.846294055654199
centered,error,log-0115,travel/mag_model,me,-1.3119746744979421e-14
centered,error,log-0115,travel/mag_model,rms_travel,26.41693928648056
centered,error,log-0116,travel/mag_model,t,180.0
centered,error,log-0116,travel/mag_model,rmse,9.331067044634153
centered,error,log-0116,travel/mag_model,bin_rmse,10.101689272266348
centered,error,log-0116,travel/mag_model,mae,6.3168008892140435
centered,error,log-0116,travel/mag_model,me,1.0704690027529468e-14
centered,error,log-0116,travel/mag_model,rms_travel,34.572143991889995
centered,error,log-0117,travel/mag_model,t,123.0
centered,error,log-0117,travel/mag_model,rmse,6.344529027993599
centered,error,log-0117,travel/mag_model,bin_rmse,7.749422190303345
centered,error,log-0117,travel/mag_model,mae,4.5928586365032125
centered,error,log-0117,travel/mag_model,me,-2.760282560414763e-16
centered,error,log-0117,travel/mag_model,rms_travel,28.771009226145868
centered,error,log-0118,travel/mag_model,t,110.0
centered,error,log-0118,travel/mag_model,rmse,9.719556188221999
centered,error,log-0118,travel/mag_model,bin_rmse,10.747065025594901
centered,error,log-0118,travel/mag_model,mae,7.546127889333774
centered,error,log-0118,travel/mag_model,me,1.8091214682644143e-15
centered,error,log-0118,travel/mag_model,rms_travel,40.176871399123726
centered,error,log-0119,travel/mag_model,t,139.0
centered,error,log-0119,travel/mag_model,rmse,9.037300151527848
centered,error,log-0119,travel/mag_model,bin_rmse,9.251606448008122
centered,error,log-0119,travel/mag_model,mae,7.07214866882806
centered,error,log-0119,travel/mag_model,me,1.1342608809381416e-14
centered,error,log-0119,travel/mag_model,rms_travel,39.62079151172572
centered,error,log-0120,travel/mag_model,t,49.0
centered,error,log-0120,travel/mag_model,rmse,8.601144360724154
centered,error,log-0120,travel/mag_model,bin_rmse,8.16910851519364
centered,error,log-0120,travel/mag_model,mae,6.476977083144188
centered,error,log-0120,travel/mag_model,me,0.0
centered,error,log-0120,travel/mag_model,rms_travel,37.737025010779696
centered,error,log-0122,travel/mag_model,t,320.0
centered,error,log-0122,travel/mag_model,rmse,9.889286566426943
centered,error,log-0122,travel/mag_model,bin_rmse,9.279404461239219
centered,error,log-0122,travel/mag_model,mae,7.638564354378943
centered,error,log-0122,travel/mag_model,me,2.724142503204303e-15
centered,error,log-0122,travel/mag_model,rms_travel,35.93895634700181
centered,error,log-0125,travel/mag_model,t,189.0
centered,error,log-0125,travel/mag_model,rmse,10.152398344554802
centered,error,log-0125,travel/mag_model,bin_rmse,10.127471125740025
centered,error,log-0125,travel/mag_model,mae,7.528408823709993
centered,error,log-0125,travel/mag_model,me,5.9365869884636045e-15
centered,error,log-0125,travel/mag_model,rms_travel,36.335977928732376
centered,error,log-0126,travel/mag_model,t,54.0
centered,error,log-0126,travel/mag_model,rmse,12.895362933373466
centered,error,log-0126,travel/mag_model,bin_rmse,12.771462756220936
centered,error,log-0126,travel/mag_model,mae,9.993820238705982
centered,error,log-0126,travel/mag_model,me,-9.054888524716712e-15
centered,error,log-0126,travel/mag_model,rms_travel,40.37316258649894
centered,error,log-0127,travel/mag_model,t,105.0
centered,error,log-0127,travel/mag_model,rmse,9.088227517464226
centered,error,log-0127,travel/mag_model,bin_rmse,9.076803027403155
centered,error,log-0127,travel/mag_model,mae,6.974476623859754
centered,error,log-0127,travel/mag_model,me,-2.338477949516147e-15
centered,error,log-0127,travel/mag_model,rms_travel,39.602957351884434
centered,error,log-0129,travel/mag_model,t,415.0
centered,error,log-0129,travel/mag_model,rmse,10.870045683536194
centered,error,log-0129,travel/mag_model,bin_rmse,12.967028040047
centered,error,log-0129,travel/mag_model,mae,7.317844758430763
centered,error,log-0129,travel/mag_model,me,-3.5017603302451755e-15
centered,error,log-0129,travel/mag_model,rms_travel,34.86263197753653
centered,error,log-0132,travel/mag_model,t,267.0
centered,error,log-0132,travel/mag_model,rmse,10.679578253538248
centered,error,log-0132,travel/mag_model,bin_rmse,10.984396672211972
centered,error,log-0132,travel/mag_model,mae,7.855015486742915
centered,error,log-0132,travel/mag_model,me,1.523305018671571e-14
centered,error,log-0132,travel/mag_model,rms_travel,36.67915188470993
centered,error,log-0133,travel/mag_model,t,93.0
centered,error,log-0133,travel/mag_model,rmse,9.415505282180593
centered,error,log-0133,travel/mag_model,bin_rmse,10.990607182794479
centered,error,log-0133,travel/mag_model,mae,6.532482542643153
centered,error,log-0133,travel/mag_model,me,-6.0587741271379256e-15
centered,error,log-0133,travel/mag_model,rms_travel,32.725568521584854
centered,error,log-0046,travel/mag_model/adj,t,375.0
centered,error,log-0046,travel/mag_model/adj,rmse,4.704892521765697
centered,error,log-0046,travel/mag_model/adj,bin_rmse,6.521822543772561
centered,error,log-0046,travel/mag_model/adj,mae,2.999623125036982
centered,error,log-0046,travel/mag_model/adj,me,-3.212159035314237e-15
centered,error,log-0046,travel/mag_model/adj,rms_travel,20.23614165582175
centered,error,log-0048,travel/mag_model/adj,t,335.0
centered,error,log-0048,travel/mag_model/adj,rmse,5.096752451009519
centered,error,log-0048,travel/mag_model/adj,bin_rmse,5.504670045372508
centered,error,log-0048,travel/mag_model/adj,mae,3.1177288088563637
centered,error,log-0048,travel/mag_model/adj,me,4.447672086437269e-15
centered,error,log-0048,travel/mag_model/adj,rms_travel,22.239564219400567
centered,error,log-0049,travel/mag_model/adj,t,176.0
centered,error,log-0049,travel/mag_model/adj,rmse,5.0704288621485905
centered,error,log-0049,travel/mag_model/adj,bin_rmse,5.87419852121707
centered,error,log-0049,travel/mag_model/adj,mae,3.2808113258146436
centered,error,log-0049,travel/mag_model/adj,me,3.805847541913407e-15
centered,error,log-0049,travel/mag_model/adj,rms_travel,21.938401111552416
centered,error,log-0054,travel/mag_model/adj,t,671.0
centered,error,log-0054,travel/mag_model/adj,rmse,5.6366221102047485
centered,error,log-0054,travel/mag_model/adj,bin_rmse,6.719110913069858
centered,error,log-0054,travel/mag_model/adj,mae,3.739070555760022
centered,error,log-0054,travel/mag_model/adj,me,2.8694954426862633e-15
centered,error,log-0054,travel/mag_model/adj,rms_travel,17.52591383100908
centered,error,log-0055,travel/mag_model/adj,t,226.0
centered,error,log-0055,travel/mag_model/adj,rmse,6.582576860323615
centered,error,log-0055,travel/mag_model/adj,bin_rmse,6.654772004165506
centered,error,log-0055,travel/mag_model/adj,mae,4.570616441668202
centered,error,log-0055,travel/mag_model/adj,me,-9.797214570332192e-15
centered,error,log-0055,travel/mag_model/adj,rms_travel,23.16699998076929
centered,error,log-0056,travel/mag_model/adj,t,273.0
centered,error,log-0056,travel/mag_model/adj,rmse,6.529476092763526
centered,error,log-0056,travel/mag_model/adj,bin_rmse,7.267442902397939
centered,error,log-0056,travel/mag_model/adj,mae,3.886579071842031
centered,error,log-0056,travel/mag_model/adj,me,-2.5961788376317805e-15
centered,error,log-0056,travel/mag_model/adj,rms_travel,22.162708640464672
centered,error,log-0058,travel/mag_model/adj,t,387.0
centered,error,log-0058,travel/mag_model/adj,rmse,5.650543007719077
centered,error,log-0058,travel/mag_model/adj,bin_rmse,6.657104354329843
centered,error,log-0058,travel/mag_model/adj,mae,3.36916203835999
centered,error,log-0058,travel/mag_model/adj,me,-1.0808576299262329e-14
centered,error,log-0058,travel/mag_model/adj,rms_travel,23.06232657729647
centered,error,log-0063,travel/mag_model/adj,t,103.0
centered,error,log-0063,travel/mag_model/adj,rmse,4.598588815676622
centered,error,log-0063,travel/mag_model/adj,bin_rmse,4.99282441935246
centered,error,log-0063,travel/mag_model/adj,mae,3.3055051974422676
centered,error,log-0063,travel/mag_model/adj,me,2.109992541570834e-15
centered,error,log-0063,travel/mag_model/adj,rms_travel,26.033041182351358
centered,error,log-0071_183,travel/mag_model/adj,t,416.0
centered,error,log-0071_183,travel/mag_model/adj,rmse,4.631226234786432
centered,error,log-0071_183,travel/mag_model/adj,bin_rmse,5.39902380777155
centered,error,log-0071_183,travel/mag_model/adj,mae,2.595905381152744
centered,error,log-0071_183,travel/mag_model/adj,me,-2.42147974135413e-15
centered,error,log-0071_183,travel/mag_model/adj,rms_travel,21.395258082946103
centered,error,log-0072_184,travel/mag_model/adj,t,327.0
centered,error,log-0072_184,travel/mag_model/adj,rmse,5.150697411580332
centered,error,log-0072_184,travel/mag_model/adj,bin_rmse,5.918286966912734
centered,error,log-0072_184,travel/mag_model/adj,mae,3.0384289634852037
centered,error,log-0072_184,travel/mag_model/adj,me,7.99263011444536e-15
centered,error,log-0072_184,travel/mag_model/adj,rms_travel,20.845195884213652
centered,error,log-0073_185,travel/mag_model/adj,t,287.0
centered,error,log-0073_185,travel/mag_model/adj,rmse,6.169320116272549
centered,error,log-0073_185,travel/mag_model/adj,bin_rmse,6.839303875767908
centered,error,log-0073_185,travel/mag_model/adj,mae,4.708905925272026
centered,error,log-0073_185,travel/mag_model/adj,me,1.131842363921822e-14
centered,error,log-0073_185,travel/mag_model/adj,rms_travel,19.293719096194483
centered,error,log-0078-valid,travel/mag_model/adj,t,132.0
centered,error,log-0078-valid,travel/mag_model/adj,rmse,11.271491823297294
centered,error,log-0078-valid,travel/mag_model/adj,bin_rmse,9.534021804545418
centered,error,log-0078-valid,travel/mag_model/adj,mae,8.765522576984925
centered,error,log-0078-valid,travel/mag_model/adj,me,6.173040962259694e-15
centered,error,log-0078-valid,travel/mag_model/adj,rms_travel,28.394020081463875
centered,error,log-0079,travel/mag_model/adj,t,241.0
centered,error,log-0079,travel/mag_model/adj,rmse,12.709182571087641
centered,error,log-0079,travel/mag_model/adj,bin_rmse,11.050461507057735
centered,error,log-0079,travel/mag_model/adj,mae,9.709536267719766
centered,error,log-0079,travel/mag_model/adj,me,-6.636170453631084e-15
centered,error,log-0079,travel/mag_model/adj,rms_travel,25.619537862902803
centered,error,log-0080-valid,travel/mag_model/adj,t,326.0
centered,error,log-0080-valid,travel/mag_model/adj,rmse,17.640355217953562
centered,error,log-0080-valid,travel/mag_model/adj,bin_rmse,16.008911853504905
centered,error,log-0080-valid,travel/mag_model/adj,mae,14.295572970511401
centered,error,log-0080-valid,travel/mag_model/adj,me,-1.3797925370996893e-14
centered,error,log-0080-valid,travel/mag_model/adj,rms_travel,28.91853336469514
centered,error,log-0081,travel/mag_model/adj,t,735.0
centered,error,log-0081,travel/mag_model/adj,rmse,17.59475794378438
centered,error,log-0081,travel/mag_model/adj,bin_rmse,15.1016829715285
centered,error,log-0081,travel/mag_model/adj,mae,15.236230189199874
centered,error,log-0081,travel/mag_model/adj,me,8.702233986818455e-15
centered,error,log-0081,travel/mag_model/adj,rms_travel,20.924541510338674
centered,error,log103,travel/mag_model/adj,t,396.0
centered,error,log103,travel/mag_model/adj,rmse,5.923319199503154
centered,error,log103,travel/mag_model/adj,bin_rmse,6.529830597133992
centered,error,log103,travel/mag_model/adj,mae,4.111274813514457
centered,error,log103,travel/mag_model/adj,me,4.949256936561925e-15
centered,error,log103,travel/mag_model/adj,rms_travel,22.624633693591974
centered,error,log104,travel/mag_model/adj,t,398.0
centered,error,log104,travel/mag_model/adj,rmse,5.100753482452931
centered,error,log104,travel/mag_model/adj,bin_rmse,6.2432145136871435
centered,error,log104,travel/mag_model/adj,mae,3.43303598404312
centered,error,log104,travel/mag_model/adj,me,-3.929097521096691e-15
centered,error,log104,travel/mag_model/adj,rms_travel,21.56331485170561
centered,error,log106,travel/mag_model/adj,t,154.0
centered,error,log106,travel/mag_model/adj,rmse,5.186226283184482
centered,error,log106,travel/mag_model/adj,bin_rmse,6.374760764752736
centered,error,log106,travel/mag_model/adj,mae,3.3258075902278166
centered,error,log106,travel/mag_model/adj,me,-8.402139060138883e-16
centered,error,log106,travel/mag_model/adj,rms_travel,22.731881491217994
centered,error,log107,travel/mag_model/adj,t,167.0
centered,error,log107,travel/mag_model/adj,rmse,4.775454756521941
centered,error,log107,travel/mag_model/adj,bin_rmse,5.998314638694328
centered,error,log107,travel/mag_model/adj,mae,3.28854144051975
centered,error,log107,travel/mag_model/adj,me,8.788503973461445e-15
centered,error,log107,travel/mag_model/adj,rms_travel,21.699660220687818
centered,error,log109,travel/mag_model/adj,t,181.0
centered,error,log109,travel/mag_model/adj,rmse,4.569472185499323
centered,error,log109,travel/mag_model/adj,bin_rmse,10.673112865776485
centered,error,log109,travel/mag_model/adj,mae,2.863418805208668
centered,error,log109,travel/mag_model/adj,me,-3.65480090440514e-15
centered,error,log109,travel/mag_model/adj,rms_travel,22.029825306020523
centered,error,log110,travel/mag_model/adj,t,171.0
centered,error,log110,travel/mag_model/adj,rmse,5.68797319864566
centered,error,log110,travel/mag_model/adj,bin_rmse,6.202776579508846
centered,error,log110,travel/mag_model/adj,mae,4.011318259244134
centered,error,log110,travel/mag_model/adj,me,-3.3411957671989315e-15
centered,error,log110,travel/mag_model/adj,rms_travel,21.283080120093388
centered,error,log112,travel/mag_model/adj,t,329.0
centered,error,log112,travel/mag_model/adj,rmse,6.7157814200282875
centered,error,log112,travel/mag_model/adj,bin_rmse,7.667427182778695
centered,error,log112,travel/mag_model/adj,mae,4.033670539621636
centered,error,log112,travel/mag_model/adj,me,-6.725971607946733e-15
centered,error,log112,travel/mag_model/adj,rms_travel,22.948435201317984
centered,error,log-0098,travel/mag_model/adj,t,224.0
centered,error,log-0098,travel/mag_model/adj,rmse,14.420989510811115
centered,error,log-0098,travel/mag_model/adj,bin_rmse,12.241589050850195
centered,error,log-0098,travel/mag_model/adj,mae,11.515246215475901
centered,error,log-0098,travel/mag_model/adj,me,4.4622844422400585e-15
centered,error,log-0098,travel/mag_model/adj,rms_travel,26.50721595754707
centered,error,log-0099,travel/mag_model/adj,t,634.0
centered,error,log-0099,travel/mag_model/adj,rmse,17.73172770291501
centered,error,log-0099,travel/mag_model/adj,bin_rmse,14.129788391090715
centered,error,log-0099,travel/mag_model/adj,mae,15.545915389254146
centered,error,log-0099,travel/mag_model/adj,me,7.342730570307156e-15
centered,error,log-0099,travel/mag_model/adj,rms_travel,19.904113186995687
centered,error,log-0113,travel/mag_model/adj,t,236.0
centered,error,log-0113,travel/mag_model/adj,rmse,7.507619116070952
centered,error,log-0113,travel/mag_model/adj,bin_rmse,9.243985009017614
centered,error,log-0113,travel/mag_model/adj,mae,5.213784967658792
centered,error,log-0113,travel/mag_model/adj,me,7.874663047231629e-15
centered,error,log-0113,travel/mag_model/adj,rms_travel,29.2846062635975
centered,error,log-0115,travel/mag_model/adj,t,171.0
centered,error,log-0115,travel/mag_model/adj,rmse,8.123424276060444
centered,error,log-0115,travel/mag_model/adj,bin_rmse,9.136425998393078
centered,error,log-0115,travel/mag_model/adj,mae,5.846294055654196
centered,error,log-0115,travel/mag_model/adj,me,-2.073766420980618e-14
centered,error,log-0115,travel/mag_model/adj,rms_travel,26.41693928648056
centered,error,log-0116,travel/mag_model/adj,t,180.0
centered,error,log-0116,travel/mag_model/adj,rmse,9.331067044634153
centered,error,log-0116,travel/mag_model/adj,bin_rmse,10.10168927226635
centered,error,log-0116,travel/mag_model/adj,mae,6.3168008892140435
centered,error,log-0116,travel/mag_model/adj,me,3.736542745458399e-15
centered,error,log-0116,travel/mag_model/adj,rms_travel,34.572143991889995
centered,error,log-0117,travel/mag_model/adj,t,123.0
centered,error,log-0117,travel/mag_model/adj,rmse,6.344529027993597
centered,error,log-0117,travel/mag_model/adj,bin_rmse,7.749422190303342
centered,error,log-0117,travel/mag_model/adj,mae,4.59285863650321
centered,error,log-0117,travel/mag_model/adj,me,9.937017217493146e-15
centered,error,log-0117,travel/mag_model/adj,rms_travel,28.771009226145868
centered,error,log-0118,travel/mag_model/adj,t,110.0
centered,error,log-0118,travel/mag_model/adj,rmse,9.719556188221999
centered,error,log-0118,travel/mag_model/adj,bin_rmse,10.747065025594898
centered,error,log-0118,travel/mag_model/adj,mae,7.546127889333776
centered,error,log-0118,travel/mag_model/adj,me,-5.345131610781224e-15
centered,error,log-0118,travel/mag_model/adj,rms_travel,40.176871399123726
centered,error,log-0119,travel/mag_model/adj,t,139.0
centered,error,log-0119,travel/mag_model/adj,rmse,9.037300151527848
centered,error,log-0119,travel/mag_model/adj,bin_rmse,9.251606448008122
centered,error,log-0119,travel/mag_model/adj,mae,7.07214866882806
centered,error,log-0119,travel/mag_model/adj,me,1.1277421402430948e-14
centered,error,log-0119,travel/mag_model/adj,rms_travel,39.62079151172572
centered,error,log-0120,travel/mag_model/adj,t,49.0
centered,error,log-0120,travel/mag_model/adj,rmse,8.601144360724154
centered,error,log-0120,travel/mag_model/adj,bin_rmse,8.16910851519364
centered,error,log-0120,travel/mag_model/adj,mae,6.476977083144188
centered,error,log-0120,travel/mag_model/adj,me,-2.7460588821646383e-16
centered,error,log-0120,travel/mag_model/adj,rms_travel,37.737025010779696
centered,error,log-0122,travel/mag_model/adj,t,320.0
centered,error,log-0122,travel/mag_model/adj,rmse,9.889286566426943
centered,error,log-0122,travel/mag_model/adj,bin_rmse,9.279404461239219
centered,error,log-0122,travel/mag_model/adj,mae,7.638564354378942
centered,error,log-0122,travel/mag_model/adj,me,-5.107767193508068e-15
centered,error,log-0122,travel/mag_model/adj,rms_travel,35.93895634700181
centered,error,log-0125,travel/mag_model/adj,t,189.0
centered,error,log-0125,travel/mag_model/adj,rmse,10.152398344554802
centered,error,log-0125,travel/mag_model/adj,bin_rmse,10.127471125740025
centered,error,log-0125,travel/mag_model/adj,mae,7.528408823709993
centered,error,log-0125,travel/mag_model/adj,me,-1.72352525471524e-15
centered,error,log-0125,travel/mag_model/adj,rms_travel,36.335977928732376
centered,error,log-0126,travel/mag_model/adj,t,54.0
centered,error,log-0126,travel/mag_model/adj,rmse,12.895362933373468
centered,error,log-0126,travel/mag_model/adj,bin_rmse,12.771462756220938
centered,error,log-0126,travel/mag_model/adj,mae,9.993820238705982
centered,error,log-0126,travel/mag_model/adj,me,-8.846250540276233e-15
centered,error,log-0126,travel/mag_model/adj,rms_travel,40.37316258649894
centered,error,log-0127,travel/mag_model/adj,t,105.0
centered,error,log-0127,travel/mag_model/adj,rmse,9.088227517464226
centered,error,log-0127,travel/mag_model/adj,bin_rmse,9.076803027403155
centered,error,log-0127,travel/mag_model/adj,mae,6.974476623859754
centered,error,log-0127,travel/mag_model/adj,me,-5.1533125183781766e-15
centered,error,log-0127,travel/mag_model/adj,rms_travel,39.602957351884434
centered,error,log-0129,travel/mag_model/adj,t,415.0
centered,error,log-0129,travel/mag_model/adj,rmse,10.870045683536194
centered,error,log-0129,travel/mag_model/adj,bin_rmse,12.967028040047
centered,error,log-0129,travel/mag_model/adj,mae,7.317844758430763
centered,error,log-0129,travel/mag_model/adj,me,-1.0680369007247786e-14
centered,error,log-0129,travel/mag_model/adj,rms_travel,34.86263197753653
centered,error,log-0132,travel/mag_model/adj,t,267.0
centered,error,log-0132,travel/mag_model/adj,rmse,10.679578253538248
centered,error,log-0132,travel/mag_model/adj,bin_rmse,10.984396672211972
centered,error,log-0132,travel/mag_model/adj,mae,7.855015486742914
centered,error,log-0132,travel/mag_model/adj,me,8.432581353360484e-15
centered,error,log-0132,travel/mag_model/adj,rms_travel,36.67915188470993
centered,error,log-0133,travel/mag_model/adj,t,93.0
centered,error,log-0133,travel/mag_model/adj,rmse,9.415505282180593
centered,error,log-0133,travel/mag_model/adj,bin_rmse,10.99060718279448
centered,error,log-0133,travel/mag_model/adj,mae,6.5324825426431525
centered,error,log-0133,travel/mag_model/adj,me,-8.336873198941784e-15
centered,error,log-0133,travel/mag_model/adj,rms_travel,32.725568521584854
centered,error,log-0046,travel/solved,t,375.0
centered,error,log-0046,travel/solved,rmse,3.339154461646124
centered,error,log-0046,travel/solved,bin_rmse,4.285800080007356
centered,error,log-0046,travel/solved,mae,2.263849592787089
centered,error,log-0046,travel/solved,me,-7.228870145387031e-16
centered,error,log-0046,travel/solved,rms_travel,20.23614165582175
centered,error,log-0048,travel/solved,t,335.0
centered,error,log-0048,travel/solved,rmse,3.481982733417826
centered,error,log-0048,travel/solved,bin_rmse,3.7609226440330903
centered,error,log-0048,travel/solved,mae,2.3536514436150693
centered,error,log-0048,travel/solved,me,5.315510542327467e-15
centered,error,log-0048,travel/solved,rms_travel,22.239564219400567
centered,error,log-0049,travel/solved,t,176.0
centered,error,log-0049,travel/solved,rmse,4.547983220056634
centered,error,log-0049,travel/solved,bin_rmse,5.2919695387914345
centered,error,log-0049,travel/solved,mae,2.814843696915376
centered,error,log-0049,travel/solved,me,1.7486326543926464e-15
centered,error,log-0049,travel/solved,rms_travel,21.938401111552416
centered,error,log-0054,travel/solved,t,671.0
centered,error,log-0054,travel/solved,rmse,3.805554928819499
centered,error,log-0054,travel/solved,bin_rmse,4.041029719832815
centered,error,log-0054,travel/solved,mae,2.888068497811694
centered,error,log-0054,travel/solved,me,-2.6529297488986207e-15
centered,error,log-0054,travel/solved,rms_travel,17.52591383100908
centered,error,log-0055,travel/solved,t,226.0
centered,error,log-0055,travel/solved,rmse,5.31344949806265
centered,error,log-0055,travel/solved,bin_rmse,5.336528183804834
centered,error,log-0055,travel/solved,mae,3.6785846655031857
centered,error,log-0055,travel/solved,me,-1.011843472017915e-14
centered,error,log-0055,travel/solved,rms_travel,23.16699998076929
centered,error,log-0056,travel/solved,t,273.0
centered,error,log-0056,travel/solved,rmse,3.616067328049965
centered,error,log-0056,travel/solved,bin_rmse,4.022903437595999
centered,error,log-0056,travel/solved,mae,2.6385192104167645
centered,error,log-0056,travel/solved,me,-3.727846536086659e-15
centered,error,log-0056,travel/solved,rms_travel,22.162708640464672
centered,error,log-0058,travel/solved,t,387.0
centered,error,log-0058,travel/solved,rmse,3.5958684114221073
centered,error,log-0058,travel/solved,bin_rmse,3.88579360567007
centered,error,log-0058,travel/solved,mae,2.680214314793444
centered,error,log-0058,travel/solved,me,-2.9136162198011496e-15
centered,error,log-0058,travel/solved,rms_travel,23.06232657729647
centered,error,log-0063,travel/solved,t,103.0
centered,error,log-0063,travel/solved,rmse,4.1477713685947615
centered,error,log-0063,travel/solved,bin_rmse,4.588696881524326
centered,error,log-0063,travel/solved,mae,2.998774842845267
centered,error,log-0063,travel/solved,me,3.2529051682550357e-15
centered,error,log-0063,travel/solved,rms_travel,26.033041182351358
centered,error,log-0071_183,travel/solved,t,416.0
centered,error,log-0071_183,travel/solved,rmse,2.9546746827625854
centered,error,log-0071_183,travel/solved,bin_rmse,3.157852008379509
centered,error,log-0071_183,travel/solved,mae,2.1346690507927883
centered,error,log-0071_183,travel/solved,me,-7.853447809797178e-16
centered,error,log-0071_183,travel/solved,rms_travel,21.395258082946103
centered,error,log-0072_184,travel/solved,t,327.0
centered,error,log-0072_184,travel/solved,rmse,3.2721363283529974
centered,error,log-0072_184,travel/solved,bin_rmse,3.7003464696172887
centered,error,log-0072_184,travel/solved,mae,2.328508637569511
centered,error,log-0072_184,travel/solved,me,4.051819433017439e-15
centered,error,log-0072_184,travel/solved,rms_travel,20.845195884213652
centered,error,log-0073_185,travel/solved,t,287.0
centered,error,log-0073_185,travel/solved,rmse,4.891727434302462
centered,error,log-0073_185,travel/solved,bin_rmse,5.070572479025507
centered,error,log-0073_185,travel/solved,mae,3.5005715168623497
centered,error,log-0073_185,travel/solved,me,8.89643928005684e-15
centered,error,log-0073_185,travel/solved,rms_travel,19.293719096194483
centered,error,log-0078-valid,travel/solved,t,132.0
centered,error,log-0078-valid,travel/solved,rmse,10.950103603115299
centered,error,log-0078-valid,travel/solved,bin_rmse,9.329026188799014
centered,error,log-0078-valid,travel/solved,mae,8.355430810666421
centered,error,log-0078-valid,travel/solved,me,1.5089655685523696e-15
centered,error,log-0078-valid,travel/solved,rms_travel,28.394020081463875
centered,error,log-0079,travel/solved,t,241.0
centered,error,log-0079,travel/solved,rmse,10.491782196157649
centered,error,log-0079,travel/solved,bin_rmse,9.113288505648645
centered,error,log-0079,travel/solved,mae,7.879441888307369
centered,error,log-0079,travel/solved,me,-1.1990353433265254e-14
centered,error,log-0079,travel/solved,rms_travel,25.619537862902803
centered,error,log-0080-valid,travel/solved,t,326.0
centered,error,log-0080-valid,travel/solved,rmse,15.196981523896772
centered,error,log-0080-valid,travel/solved,bin_rmse,13.668526583172227
centered,error,log-0080-valid,travel/solved,mae,12.118179622462156
centered,error,log-0080-valid,travel/solved,me,-4.4509436680635136e-15
centered,error,log-0080-valid,travel/solved,rms_travel,28.91853336469514
centered,error,log-0081,travel/solved,t,735.0
centered,error,log-0081,travel/solved,rmse,16.45914365294782
centered,error,log-0081,travel/solved,bin_rmse,13.766833267115736
centered,error,log-0081,travel/solved,mae,13.892833180000466
centered,error,log-0081,travel/solved,me,3.164448722479438e-15
centered,error,log-0081,travel/solved,rms_travel,20.924541510338674
centered,error,log103,travel/solved,t,396.0
centered,error,log103,travel/solved,rmse,4.594464347306823
centered,error,log103,travel/solved,bin_rmse,4.977210976341186
centered,error,log103,travel/solved,mae,3.088447227172755
centered,error,log103,travel/solved,me,3.391157530607245e-15
centered,error,log103,travel/solved,rms_travel,22.624633693591974
centered,error,log104,travel/solved,t,398.0
centered,error,log104,travel/solved,rmse,3.551109065610708
centered,error,log104,travel/solved,bin_rmse,4.334246985526906
centered,error,log104,travel/solved,mae,2.3910588105216064
centered,error,log104,travel/solved,me,-9.719947646666523e-15
centered,error,log104,travel/solved,rms_travel,21.56331485170561
centered,error,log106,travel/solved,t,154.0
centered,error,log106,travel/solved,rmse,2.936547962948722
centered,error,log106,travel/solved,bin_rmse,3.431485129730707
centered,error,log106,travel/solved,mae,1.9403448382739665
centered,error,log106,travel/solved,me,3.257671460159111e-15
centered,error,log106,travel/solved,rms_travel,22.731881491217994
centered,error,log107,travel/solved,t,167.0
centered,error,log107,travel/solved,rmse,3.275374629076678
centered,error,log107,travel/solved,bin_rmse,3.9975063742732386
centered,error,log107,travel/solved,mae,2.1616941549462507
centered,error,log107,travel/solved,me,2.8661118058738256e-15
centered,error,log107,travel/solved,rms_travel,21.699660220687818
centered,error,log109,travel/solved,t,181.0
centered,error,log109,travel/solved,rmse,3.1585161637010177
centered,error,log109,travel/solved,bin_rmse,4.743078940047774
centered,error,log109,travel/solved,mae,2.310923844622749
centered,error,log109,travel/solved,me,0.0
centered,error,log109,travel/solved,rms_travel,22.029825306020523
centered,error,log110,travel/solved,t,171.0
centered,error,log110,travel/solved,rmse,3.8553689117871603
centered,error,log110,travel/solved,bin_rmse,4.2316319107607665
centered,error,log110,travel/solved,mae,2.5876031360033056
centered,error,log110,travel/solved,me,-1.1269906357615443e-15
centered,error,log110,travel/solved,rms_travel,21.283080120093388
centered,error,log112,travel/solved,t,329.0
centered,error,log112,travel/solved,rmse,4.560199928591843
centered,error,log112,travel/solved,bin_rmse,5.142638279182747
centered,error,log112,travel/solved,mae,3.2006194722370287
centered,error,log112,travel/solved,me,-5.4579605671043156e-15
centered,error,log112,travel/solved,rms_travel,22.948435201317984
centered,error,log-0098,travel/solved,t,224.0
centered,error,log-0098,travel/solved,rmse,11.900063281973571
centered,error,log-0098,travel/solved,bin_rmse,9.893134777331891
centered,error,log-0098,travel/solved,mae,9.158503862451086
centered,error,log-0098,travel/solved,me,-2.799069331950582e-15
centered,error,log-0098,travel/solved,rms_travel,26.50721595754707
centered,error,log-0099,travel/solved,t,634.0
centered,error,log-0099,travel/solved,rmse,15.956246824553848
centered,error,log-0099,travel/solved,bin_rmse,12.468421444679812
centered,error,log-0099,travel/solved,mae,13.651029992019454
centered,error,log-0099,travel/solved,me,2.2946033032209866e-15
centered,error,log-0099,travel/solved,rms_travel,19.904113186995687
centered,error,log-0113,travel/solved,t,236.0
centered,error,log-0113,travel/solved,rmse,7.433672924611263
centered,error,log-0113,travel/solved,bin_rmse,9.390737452296918
centered,error,log-0113,travel/solved,mae,5.44300131701806
centered,error,log-0113,travel/solved,me,7.759142317932387e-15
centered,error,log-0113,travel/solved,rms_travel,29.2846062635975
centered,error,log-0115,travel/solved,t,171.0
centered,error,log-0115,travel/solved,rmse,7.680705263447668
centered,error,log-0115,travel/solved,bin_rmse,9.503208668110819
centered,error,log-0115,travel/solved,mae,5.476030747821332
centered,error,log-0115,travel/solved,me,-8.25274392022899e-15
centered,error,log-0115,travel/solved,rms_travel,26.41693928648056
centered,error,log-0116,travel/solved,t,180.0
centered,error,log-0116,travel/solved,rmse,8.701645720055222
centered,error,log-0116,travel/solved,bin_rmse,9.606826572393043
centered,error,log-0116,travel/solved,mae,6.5260131898342015
centered,error,log-0116,travel/solved,me,3.9385180289966915e-15
centered,error,log-0116,travel/solved,rms_travel,34.572143991889995
centered,error,log-0117,travel/solved,t,123.0
centered,error,log-0117,travel/solved,rmse,6.158098585537126
centered,error,log-0117,travel/solved,bin_rmse,7.447831078748595
centered,error,log-0117,travel/solved,mae,4.587187430410532
centered,error,log-0117,travel/solved,me,2.061010978443023e-15
centered,error,log-0117,travel/solved,rms_travel,28.771009226145868
centered,error,log-0118,travel/solved,t,110.0
centered,error,log-0118,travel/solved,rmse,10.488441948470875
centered,error,log-0118,travel/solved,bin_rmse,11.692911504425798
centered,error,log-0118,travel/solved,mae,8.190088370139346
centered,error,log-0118,travel/solved,me,-1.0196866457490335e-14
centered,error,log-0118,travel/solved,rms_travel,40.176871399123726
centered,error,log-0119,travel/solved,t,139.0
centered,error,log-0119,travel/solved,rmse,11.39044515017662
centered,error,log-0119,travel/solved,bin_rmse,12.013260075933411
centered,error,log-0119,travel/solved,mae,8.971019205079598
centered,error,log-0119,travel/solved,me,1.4993103598607617e-14
centered,error,log-0119,travel/solved,rms_travel,39.62079151172572
centered,error,log-0120,travel/solved,t,49.0
centered,error,log-0120,travel/solved,rmse,8.294918279172773
centered,error,log-0120,travel/solved,bin_rmse,8.40329438085704
centered,error,log-0120,travel/solved,mae,6.270033519084633
centered,error,log-0120,travel/solved,me,7.414358981844523e-15
centered,error,log-0120,travel/solved,rms_travel,37.737025010779696
centered,error,log-0122,travel/solved,t,320.0
centered,error,log-0122,travel/solved,rmse,9.477249424250868
centered,error,log-0122,travel/solved,bin_rmse,9.506600361208006
centered,error,log-0122,travel/solved,mae,7.23421763850198
centered,error,log-0122,travel/solved,me,1.4755771892356641e-15
centered,error,log-0122,travel/solved,rms_travel,35.93895634700181
centered,error,log-0125,travel/solved,t,189.0
centered,error,log-0125,travel/solved,rmse,9.203204917627954
centered,error,log-0125,travel/solved,bin_rmse,9.16563004947686
centered,error,log-0125,travel/solved,mae,7.0343977862436615
centered,error,log-0125,travel/solved,me,1.3117942216443772e-14
centered,error,log-0125,travel/solved,rms_travel,36.335977928732376
centered,error,log-0126,travel/solved,t,54.0
centered,error,log-0126,travel/solved,rmse,13.377246487158507
centered,error,log-0126,travel/solved,bin_rmse,13.787950731965877
centered,error,log-0126,travel/solved,mae,10.749383953437011
centered,error,log-0126,travel/solved,me,-1.0098078446919097e-14
centered,error,log-0126,travel/solved,rms_travel,40.37316258649894
centered,error,log-0127,travel/solved,t,105.0
centered,error,log-0127,travel/solved,rmse,9.344346593508119
centered,error,log-0127,travel/solved,bin_rmse,9.438648438006156
centered,error,log-0127,travel/solved,mae,7.030571226117854
centered,error,log-0127,travel/solved,me,-7.924841940026943e-15
centered,error,log-0127,travel/solved,rms_travel,39.602957351884434
centered,error,log-0129,travel/solved,t,415.0
centered,error,log-0129,travel/solved,rmse,8.074161963115083
centered,error,log-0129,travel/solved,bin_rmse,8.820125549202785
centered,error,log-0129,travel/solved,mae,6.227536661359375
centered,error,log-0129,travel/solved,me,-2.8889522724522697e-15
centered,error,log-0129,travel/solved,rms_travel,34.86263197753653
centered,error,log-0132,travel/solved,t,267.0
centered,error,log-0132,travel/solved,rmse,9.754893665657223
centered,error,log-0132,travel/solved,bin_rmse,10.319574738987356
centered,error,log-0132,travel/solved,mae,7.263702199907755
centered,error,log-0132,travel/solved,me,1.1152768886702574e-14
centered,error,log-0132,travel/solved,rms_travel,36.67915188470993
centered,error,log-0133,travel/solved,t,93.0
centered,error,log-0133,travel/solved,rmse,7.420698133390947
centered,error,log-0133,travel/solved,bin_rmse,8.113394025293239
centered,error,log-0133,travel/solved,mae,5.596886746818372
centered,error,log-0133,travel/solved,me,8.239932812907579e-16
centered,error,log-0133,travel/solved,rms_travel,32.725568521584854
