pipeline,log,duration_s,trainer,evaluation_scope,aligned_mae_mean,aligned_mae_median,aligned_mae_std,aligned_nrmse_p90_mean,aligned_nrmse_p90_median,aligned_nrmse_p90_std,aligned_nrmse_std_mean,aligned_nrmse_std_median,aligned_nrmse_std_std,aligned_rmse_mean,aligned_rmse_median,aligned_rmse_std,anchored_mae_mean,anchored_mae_median,anchored_mae_std,anchored_nrmse_std_mean,anchored_nrmse_std_median,anchored_nrmse_std_std,anchored_rmse_mean,anchored_rmse_median,anchored_rmse_std,bin_occupied_rmse_mean,bin_occupied_rmse_median,bin_occupied_rmse_std,bin_rmse_mean,bin_rmse_median,bin_rmse_std,completed_trials,completion_rate,correlation_mean,correlation_median,correlation_std,failed_trials,failure_rate,fixed_aligned_nrmse_std_mean,fixed_aligned_nrmse_std_median,fixed_aligned_nrmse_std_std,fixed_aligned_rmse_mean,fixed_aligned_rmse_median,fixed_aligned_rmse_std,prediction_std_mean,prediction_std_median,prediction_std_std,prediction_to_travel_std_mean,prediction_to_travel_std_median,prediction_to_travel_std_std,scheduled_trials,successful_trials,training_observations_mean,training_observations_median,training_observations_std,travel_p90_span_mean,travel_p90_span_median,travel_p90_span_std,travel_range_mean,travel_range_median,travel_range_std,travel_std_mean,travel_std_median,travel_std_std
front,log-0046,10.0,oracle-isotonic,full_log,2.1425147473711137,2.033438354143148,0.5110636433049399,0.052307701919519486,0.0490370083653934,0.014425826829484298,0.1725701264423545,0.16177966959800388,0.04759273813691725,3.549371573613368,3.3274366328492517,0.9788734315497335,2.183454625210498,2.066759066823356,0.5176092620643418,0.17621148990215874,0.1644166683450542,0.05419318199803844,3.624266065608429,3.381673647014974,1.1146294183874677,12.205854069465508,12.029134452320084,6.148339419986161,4.706005759488242,4.100398760744824,2.065860145715067,20,1.0,0.984958354229003,0.9878206499881714,0.010406121259926192,0,0.0,0.1725701264423545,0.16177966959800388,0.04759273813691725,3.549371573613368,3.3274366328492517,0.9788734315497335,19.6505627822291,19.577327871161287,0.9142764831547744,0.9554085937924098,0.9518479190079155,0.044452040320103484,20,20,975.85,976.0,0.4893604849295929,67.85562055611665,67.85562055611663,1.4580029302424492e-14,165.89980059488886,165.8998005948889,2.9160058604848984e-14,20.56770570194259,20.567705701942586,3.645007325606123e-15
front,log-0048,10.0,oracle-isotonic,full_log,2.3755984977209903,2.2020231037078317,0.47951075297587414,0.050466932128859755,0.045587953953466,0.014038415724646397,0.17474390122575795,0.15785023156129882,0.04860861215993955,3.9212831146784715,3.54218626989294,1.0907855939674378,2.4198206383146683,2.1951836811941616,0.5806170926502968,0.18070577925186493,0.1615321471648754,0.05151324361425856,4.055068680134876,3.6248090875403687,1.1559660219897583,11.087010252090137,9.260882577885766,6.375680453876535,11.087010252090137,9.260882577885766,6.375680453876535,20,1.0,0.9854728868930044,0.9883403312438306,0.008205574108569164,0,0.0,0.17474390122575795,0.15785023156129882,0.04860861215993955,3.9212831146784715,3.54218626989294,1.0907855939674378,21.13374440357547,21.308973781645022,1.1957378278711088,0.9417817680046845,0.9495905041346047,0.05328559218365548,20,20,976.0,976.0,0.3244428422615251,77.7000493048807,77.70004930488071,1.4580029302424492e-14,147.02804677703884,147.0280467770388,2.9160058604848984e-14,22.440171514841165,22.44017151484117,3.645007325606123e-15
front,log-0049,10.0,oracle-isotonic,full_log,3.462549825741907,2.964571786254573,2.2326801889154697,0.06580297302307456,0.05636891319491599,0.03270908122392516,0.21862868623312548,0.18728426498103776,0.10867508149474826,5.298373387373399,4.538754646273723,2.633694459694224,3.2642215095794933,2.61916340007366,2.4112920456580986,0.23058008733146518,0.19512954479133857,0.13914390225271683,5.58801051876862,4.728881671594967,3.3720933945738456,13.662400307300777,12.00743199074116,7.606707031310508,7.228111185712661,5.3849578500655895,4.885111034466455,20,1.0,0.9779968417861156,0.9869797227273724,0.03623683115543011,0,0.0,0.21862868623312548,0.18728426498103776,0.10867508149474826,5.298373387373399,4.538754646273723,2.633694459694224,21.102482736160006,21.596421045067235,2.523114736205603,0.8707593330169227,0.8911408870640474,0.1041121906029977,20,20,976.15,976.0,0.9333020044867297,80.5187538489403,80.51875384894029,1.4580029302424492e-14,128.68361647506669,128.6836164750667,2.9160058604848984e-14,24.23457542860456,24.23457542860456,0.0
front,log-0054,10.0,oracle-isotonic,full_log,2.690551426933436,2.54695903955394,0.4494462166881382,0.06483374609244794,0.05877725828865184,0.017250854434038256,0.21618857086200333,0.19599317075541678,0.05752309238656814,3.8785595821097454,3.5162413416698275,1.0320006292604647,2.8496791769087744,2.6371194882339815,0.4857314717899883,0.2296470691316343,0.2138538058359175,0.05687672490089869,4.120013546194666,3.8366724220818442,1.0204043880941926,15.36495310662867,16.423465409318297,7.737478837827027,6.558460057181605,5.16316647025976,3.7353791217856607,20,1.0,0.9767893399333591,0.981905795756598,0.014305867710827671,0,0.0,0.21618857086200333,0.19599317075541678,0.05752309238656814,3.8785595821097454,3.5162413416698275,1.0320006292604647,16.782782052067674,16.729202749835846,1.0814461774289206,0.9354621451893241,0.9324756672115946,0.06027915740702924,20,20,975.8,976.0,0.5231483637805969,59.823160250207,59.82316025020701,7.290014651212246e-15,135.8929688934449,135.89296889344487,2.9160058604848984e-14,17.940631952211263,17.94063195221126,3.645007325606123e-15
front,log-0055,10.0,oracle-isotonic,full_log,2.8090728842414565,2.634093957657521,0.6096688847023316,0.048597939170435936,0.04482785155231462,0.013414759044330015,0.16757917144684586,0.15457886381834618,0.04625780936767531,3.9720722532913904,3.663930371638783,1.09643316350723,2.9589915417835373,2.8267731619749457,0.6675907221561548,0.17732337698267328,0.16578995073416125,0.05587749773224066,4.2030358516017285,3.929662961692028,1.3244453735468282,7.690237176499795,4.8390740625146655,6.666596260477444,4.511134162048998,3.6012781107924905,2.9308477895047558,20,1.0,0.9853736019170828,0.9881991057804091,0.010895669420381612,0,0.0,0.16757917144684586,0.15457886381834618,0.04625780936767531,3.9720722532913904,3.663930371638783,1.09643316350723,22.770189234771173,22.856232493638295,0.7978906359432709,0.9606596260903707,0.9642897357938358,0.03366249230883801,20,20,975.8,976.0,0.5231483637805969,81.73334756770427,81.73334756770429,1.4580029302424492e-14,144.98409225186288,144.98409225186288,0.0,23.70266077220274,23.702660772202737,3.645007325606123e-15
front,log-0056,10.0,oracle-isotonic,full_log,2.9501516897852125,2.9498596581174352,0.31468311769851387,0.05574276934399327,0.05624316840240844,0.008266339741406054,0.19206295786365066,0.19378709400547584,0.028481858367005848,4.3261609641066965,4.364996617563959,0.6415453829469328,3.069085451193428,2.938169267033884,0.4387229516460835,0.19792013956403381,0.19739711065515447,0.030558219524933733,4.458092238693577,4.446311168184918,0.6883148000627097,10.49527405103007,9.257095482968936,5.158295090230561,5.015785380632941,4.585566915528613,1.7456665380073164,20,1.0,0.9821434951669191,0.9828656367273169,0.005349625433657979,0,0.0,0.19206295786365066,0.19378709400547584,0.028481858367005848,4.3261609641066965,4.364996617563959,0.6415453829469328,21.384459970424558,21.369170646613796,0.8799529899105776,0.9493781364847248,0.9486993562037336,0.03906613171017009,20,20,975.9,976.0,0.3077935056255462,77.60936557366924,77.60936557366922,1.4580029302424492e-14,148.73146404505894,148.7314640450589,2.9160058604848984e-14,22.52470238002855,22.524702380028554,3.645007325606123e-15
front,log-0058,10.0,oracle-isotonic,full_log,2.5373778532842737,2.4965342927672802,0.1471937183785674,0.045963667716396366,0.045310560226610785,0.004771841432507786,0.15784633320143537,0.15560346122078456,0.016387240404475978,3.6930622004854663,3.6405866974802805,0.3834051566519891,2.894630091449173,2.8002413581212906,0.3771936028861559,0.17473470968842103,0.17250807069092483,0.02079398575675282,4.088192220718887,4.036096513780378,0.4865078664684413,7.122976091337302,5.927727085958376,3.212620719147361,7.122976091337302,5.927727085958376,3.212620719147361,20,1.0,0.9878940221088669,0.9888237543665539,0.002299219642504614,0,0.0,0.15784633320143537,0.15560346122078456,0.016387240404475978,3.6930622004854663,3.6405866974802805,0.3834051566519891,22.82526109508269,22.87100275206241,0.7623415406391756,0.9755816643842529,0.9775367229337291,0.03258347959078747,20,20,976.15,976.0,0.36634754853252327,80.3474218652934,80.3474218652934,0.0,161.1697294857218,161.1697294857218,0.0,23.396566303333564,23.39656630333357,7.290014651212246e-15
front,log-0063,10.0,oracle-isotonic,full_log,2.865072899757675,2.5184967090049897,0.8732119437094994,0.0493106795580834,0.043235323198536305,0.013171039423423288,0.15258172589225644,0.13378278888595774,0.0407550645221525,4.1889663656466976,3.6728618690643,1.1188862461394007,2.6811039281941893,2.4574905066912187,0.6648411368879069,0.1611488995860751,0.14163885697551398,0.046463662229261175,4.424168859537748,3.8885417271923925,1.27560962602155,6.874165191384759,4.502820402883035,3.5051558712021857,4.1402889096188575,3.668535799906141,1.0988286938169414,20,1.0,0.9915212841719081,0.9930565723163459,0.0025971142300775436,0,0.0,0.15258172589225644,0.13378278888595774,0.0407550645221525,4.1889663656466976,3.6728618690643,1.1188862461394007,26.6845996092394,27.889445129550406,2.52287938244674,0.9719777882468158,1.0158638911361204,0.09189505400392144,20,20,976.05,976.0,0.5104177855340405,84.9504894920883,84.9504894920883,0.0,153.67050225201808,153.67050225201805,2.9160058604848984e-14,27.453919144974673,27.453919144974673,0.0
front,log-0071_183,10.0,oracle-isotonic,full_log,1.8639060794448574,1.8029044388460718,0.19856976014590255,0.03438544624728774,0.03261518780684915,0.005078441319032293,0.12052194341125518,0.11431713844675172,0.017800077767438263,2.7245111952667194,2.5842457787645037,0.40238739752577574,1.9637327511491431,1.9245717287036759,0.1955415738019944,0.12572260558519957,0.12115552549188355,0.017127441366552375,2.842077025311146,2.738833910474705,0.3871818229002143,9.244015658400379,8.111798232314765,4.012865193753747,3.129701846825189,2.7126337588133214,1.1857669934160775,20,1.0,0.9926588970660113,0.9934868259369483,0.0027250401351441144,0,0.0,0.12052194341125518,0.11431713844675172,0.017800077767438263,2.7245111952667194,2.5842457787645037,0.40238739752577574,22.32218426105025,22.353275056003337,0.2991761711325799,0.987447962408735,0.9888233001340696,0.013234408296753932,20,20,976.0,976.0,0.3244428422615251,79.2344288822956,79.23442888229562,1.4580029302424492e-14,152.4462174422029,152.4462174422029,0.0,22.60593480450205,22.605934804502045,3.645007325606123e-15
front,log-0072_184,10.0,oracle-isotonic,full_log,1.9701165153074403,1.8986214871931133,0.15224969028961302,0.0403546611425791,0.03742286273490114,0.007147696956537383,0.13326145950607543,0.12357990789040536,0.023603531824240437,2.8582885707040684,2.6506316199823967,0.5062656937086932,2.0962962340402265,2.0381229396479563,0.21585984911769984,0.13950690692639078,0.13198798459247818,0.02332020122180434,2.9922454630162596,2.830974155837951,0.500188613165861,8.112533527527088,6.458620584463785,5.591657475127568,3.4564644115242453,2.719247891958535,1.9585726205782563,20,1.0,0.9911497591278688,0.9923767341542584,0.0032844767986282965,0,0.0,0.13326145950607543,0.12357990789040536,0.023603531824240437,2.8582885707040684,2.6506316199823967,0.5062656937086932,20.880672419339223,21.0302175721038,0.4737872165341277,0.9735157291637554,0.9804879451687185,0.0220892937885227,20,20,975.95,976.0,0.3940344628262062,70.82920509740634,70.82920509740632,2.9160058604848984e-14,152.19039707482895,152.19039707482895,0.0,21.44872629564559,21.448726295645585,3.645007325606123e-15
front,log-0073_185,10.0,oracle-isotonic,full_log,1.8806843858320523,1.7853353805569834,0.195887186707894,0.04497090119014944,0.04392003230276996,0.0070993781488518535,0.1590113014703571,0.15529556473761136,0.025102484700182563,3.079746593837993,3.0077798377618175,0.48618740326875176,1.9384696913226822,1.7890512119169657,0.30689232618296636,0.16332159129756837,0.15541335492183217,0.02635772445592022,3.163228712977072,3.0100612096849897,0.5104990108490706,14.280144463140456,15.771501060035732,6.791320875413067,4.656732787164648,4.274124534504692,1.7492876918020224,20,1.0,0.9879432762114334,0.9887298864057442,0.0034248115587829013,0,0.0,0.1590113014703571,0.15529556473761136,0.025102484700182563,3.079746593837993,3.0077798377618175,0.48618740326875176,18.4413886885473,18.42953025685248,0.5434131421077126,0.9521527589814699,0.9515404928096478,0.02805712363982534,20,20,975.85,976.0,0.36634754853252327,68.48309712131342,68.4830971213134,1.4580029302424492e-14,149.9043725573418,149.90437255734173,5.832011720969797e-14,19.368098778891632,19.368098778891632,0.0
front,log-0046,10.0,oracle-isotonic,full_log_excluding_training,2.1634573027203365,2.0536299135481406,0.5212873117394528,0.05262358877508061,0.04939505722507399,0.014457059562883819,0.17368516871674497,0.16306480511996546,0.04766455431134148,3.580053671626603,3.357451620404108,0.9917480138832918,2.208850381260475,2.088115003632853,0.5329642909097079,0.17746870318865965,0.1656922409905889,0.05449740958400693,3.6581240684197724,3.4116088830070312,1.1327942107623103,12.22664023251325,12.036267736426417,6.119256264352989,4.730762406996357,4.136655280706525,2.0539533273744524,20,1.0,0.9848004008401187,0.9876537631246713,0.01044135998609379,0,0.0,0.17368768721670086,0.16306758997850376,0.047669003627791334,3.5801056408141116,3.357508898658793,0.9918398507709859,19.666779015727837,19.61597998362039,0.8936079964372335,0.9546770824492194,0.9510274501329775,0.045092504444639435,20,20,975.85,976.0,0.4893604849295929,68.00052040674498,67.95782065085487,0.25713204324136435,165.88456459537832,165.8998005948889,0.068137461221518,20.602252475399418,20.60449001269179,0.06724233612272018
front,log-0048,10.0,oracle-isotonic,full_log_excluding_training,2.4069712643610712,2.235318281982465,0.48995802021949725,0.050848802201386004,0.04598761512803749,0.01399363463818127,0.17619536279896594,0.15908654901425834,0.048333643128121294,3.960964655748891,3.5657252656297285,1.107727692172479,2.4586988637170073,2.2334649538566147,0.5981457064188097,0.18242581693547372,0.1632970031713938,0.051321324037335504,4.101085950364802,3.6566378757464517,1.1755454994920278,11.115637900753235,9.281033731141065,6.347457314461473,11.058530293809996,9.281033731141065,6.408274301052514,20,1.0,0.9852836301586352,0.9880641689026035,0.008163482676333282,0,0.0,0.1762004057218874,0.1590896257179536,0.04833579927999427,3.9610780746407714,3.565794226919353,1.107776769927507,21.129189998628704,21.25677665701619,1.1377030038684186,0.9409972472189277,0.9483816570089756,0.05381445702035719,20,20,976.0,976.0,0.3244428422615251,77.83281676542376,77.76457297351295,0.39767883905955415,146.92236700141606,147.0280467770388,0.47261432427890737,22.458640409104788,22.452226624125366,0.12514781160325766
front,log-0049,10.0,oracle-isotonic,full_log_excluding_training,3.569345334797184,3.067269115681784,2.255920034409919,0.06682615127014521,0.057188740525222395,0.032659855366812277,0.22164010905837261,0.187932902185939,0.11297040691399882,5.40036005899048,4.632636157425104,2.657690918988404,3.381517381906695,2.71182501121445,2.5133696847463787,0.23468383965678868,0.19618913355754314,0.14684321350545432,5.713412019815513,4.837519651674456,3.455573279064321,13.704547334662715,12.051610446400293,7.539011292370826,7.282282416808802,5.429647310536012,4.8545103841392185,20,1.0,0.9772091173597681,0.9868612686177033,0.03971655497156659,0,0.0,0.22167152587299088,0.187950820743304,0.11305370425977086,5.401113484047139,4.633099504494238,2.6596495582419197,21.1931489153964,21.835359271011654,2.6760366611978874,0.8668072058488461,0.8892400451795295,0.10838299587118494,20,20,976.15,976.0,0.9333020044867297,80.73196633291408,80.8838946078947,0.5671496741147382,128.20007285711722,128.6836164750667,1.6183776240382715,24.43841232998269,24.50989552785473,0.24270004026859926
front,log-0054,10.0,oracle-isotonic,full_log_excluding_training,2.7035930780398516,2.5550854155731306,0.45835366079295814,0.06506750768019384,0.0589692110618171,0.017272379268263766,0.21697031095688718,0.19683794038648034,0.05770048665787723,3.8956046961419313,3.5276185656319066,1.0429118555623522,2.8725756975368006,2.6584958418253843,0.4961971994733973,0.23074128687457676,0.21512572594211823,0.05701579815236298,4.142856373878521,3.8586087547984054,1.030967359317242,15.377305157126674,16.439405014428914,7.724914850937679,6.5722026458864535,5.18822780672815,3.7313648155006245,20,1.0,0.9766524807429955,0.9818379914033588,0.014404185328204623,0,0.0,0.21697327006982953,0.1968385450372101,0.05769994862364254,3.8956578257463397,3.5276294058900386,1.0429023127545574,16.777244506548264,16.73509039527797,1.0594219726142207,0.9348790905122601,0.9314214700911247,0.06084824754448921,20,20,975.8,976.0,0.5231483637805969,59.84472586433967,59.86582400427075,0.22914706121705997,135.8929688934449,135.89296889344487,2.9160058604848984e-14,17.948118306194267,17.941642187663014,0.05243071755449171
front,log-0055,10.0,oracle-isotonic,full_log_excluding_training,2.8449445989958537,2.67791477188796,0.6243781064875717,0.04910884917975179,0.0452997540016149,0.013695490646139136,0.1692790923994892,0.15631579690385625,0.04737961684646367,4.015010657533859,3.7054967362829045,1.1188087342154676,3.019496585150013,2.8747422831389082,0.7043342635384889,0.17981359492942547,0.16836159632840625,0.057708018088929496,4.263939798465323,3.990347853207575,1.359608987340329,7.742582375350902,4.843431097790633,6.613423623429172,4.53861131981388,3.6242967373944257,2.9039966608802055,20,1.0,0.9850548061316726,0.9879490408311172,0.011402892955875973,0,0.0,0.16929883015064487,0.1563170459399168,0.04739693995546994,4.015477019292549,3.706043387500666,1.1192108542517167,22.757269216786437,22.823393704522875,0.8442592865177865,0.9594420090085457,0.9634014500422754,0.034205161476064526,20,20,975.8,976.0,0.5231483637805969,81.74929892622666,81.85929411594913,0.4567193821618326,143.92983488637552,144.98409225186288,3.078740183586447,23.71852796707545,23.707631890510285,0.16046508541808693
front,log-0056,10.0,oracle-isotonic,full_log_excluding_training,2.9891298690566823,2.9980679727302197,0.32162950871345863,0.05646298484852054,0.05703860909610095,0.008237581016228438,0.19392486148942548,0.19601019452664248,0.028112823290186835,4.376498504221168,4.416604847321953,0.6562220230541655,3.123919916883021,2.9734828876011283,0.456504276959265,0.20010660471003638,0.19962289798483318,0.03022213636698139,4.516199222979967,4.506447645876188,0.7051558709430518,10.524237561717836,9.255848616220575,5.128813079275756,5.053759275232048,4.620188206724883,1.7352334907641775,20,1.0,0.9818444052660642,0.9828414824584623,0.005329980633705863,0,0.0,0.19393229344707325,0.19602228937413624,0.02811452489989839,4.376666457391967,4.4168774585894415,0.6562626598602073,21.38368879873436,21.43627075501007,0.8228575482448507,0.9482578499119979,0.9465876568539924,0.03976453384459243,20,20,975.9,976.0,0.3077935056255462,77.47154590819605,77.62754630893585,0.47780187122104784,148.73146404505894,148.7314640450589,2.9160058604848984e-14,22.553869036982128,22.604706452395806,0.1323908890725074
front,log-0058,10.0,oracle-isotonic,full_log_excluding_training,2.548725499065127,2.496751868419829,0.1553863557937041,0.046140871825168565,0.04536420231351472,0.00493537003530863,0.15855413128083456,0.1559436852072745,0.016777850720137776,3.711773790888073,3.6556508557016762,0.39499378909338173,2.933139402799975,2.8401588244436686,0.39126096874766153,0.17620046162180997,0.17379616456027192,0.021374066466773416,4.124548234544188,4.073213439221243,0.4990129700956022,7.142077479072647,5.9578739277468715,3.2002820391444544,7.142077479072647,5.9578739277468715,3.2002820391444544,20,1.0,0.9878176558330969,0.988839097889461,0.0023434418873582367,0,0.0,0.15856621697449183,0.15595904888919604,0.016775374895528668,3.712056462467056,3.6560111159151227,0.3949340278013266,22.831525670402534,22.88270773122259,0.7935939223781845,0.975360408185327,0.977779851976659,0.033923725165842855,20,20,976.15,976.0,0.36634754853252327,80.44636719253812,80.3775305160897,0.3760406932332521,161.1286084539115,161.1697294857218,0.18389884486546154,23.408427701721642,23.395992974167257,0.08090968144470229
front,log-0063,10.0,oracle-isotonic,full_log_excluding_training,2.993340988468093,2.5797767124858506,0.9372412967398414,0.05100870605077269,0.044802890788808156,0.013430425375099963,0.15621500921271886,0.13866078364822637,0.03971661249426728,4.303929986224383,3.7467644053620797,1.169868165196756,2.826477145593281,2.5362244881735556,0.7339397229169144,0.16594091761357493,0.14795431619391308,0.0459937027905732,4.572648137923585,3.984262770230991,1.345625774011801,7.22430436402537,4.957718472558632,3.3064068304308254,4.188426805369645,3.7255778536935154,1.094174400376652,20,1.0,0.9913429764661499,0.9927112831786784,0.002356054872573934,0,0.0,0.15627716696866517,0.13871680747514004,0.03975654126635214,4.30564742913112,3.748276411385822,1.1709857906386665,26.659241286605674,27.891940199670813,2.17140658613813,0.9728947494036022,1.016528461883949,0.09586012735657626,20,20,976.05,976.0,0.5104177855340405,84.21490015538143,83.76913250070977,0.7476622009166591,153.67050225201808,153.67050225201805,2.9160058604848984e-14,27.44911907005716,27.359687913179087,0.5364857609651799
front,log-0071_183,10.0,oracle-isotonic,full_log_excluding_training,1.8744964125937362,1.8142916247737872,0.203046684405316,0.03442801456876081,0.03260487612598914,0.005108244299805575,0.12090788297456248,0.11450292800509787,0.01791368149105532,2.7381300095976093,2.593320125982842,0.40747362962465156,1.9819244144093187,1.946549742729714,0.19937087848136908,0.12630880980876036,0.12176485139671421,0.017194522865613123,2.860481046568439,2.7566067534664427,0.39159503482914715,9.286021976205543,8.114612456291528,3.966336274692862,3.142680494060489,2.727733318993887,1.185769107255818,20,1.0,0.9926129751628461,0.9934677902098763,0.0027519788150942312,0,0.0,0.12091071363793304,0.11450556580288104,0.017913027661458168,2.7381941350634884,2.5933860548698924,0.40745904735546506,22.35665381440709,22.39785559809677,0.2975647782159676,0.9872800428884263,0.9887070978966439,0.013407351000058538,20,20,976.0,976.0,0.3244428422615251,79.52790511021456,79.52756533995833,0.1105107395237359,151.6634824930142,152.4462174422029,3.5004971095016773,22.644800222022035,22.64976698452253,0.03703623008685657
front,log-0072_184,10.0,oracle-isotonic,full_log_excluding_training,1.9825186480815251,1.9135996870477272,0.15823977262260475,0.04068164867040319,0.0377477182360908,0.0072244014807345425,0.13403884341638753,0.12418320894265716,0.02376377687987145,2.8750393769499274,2.6634997723000957,0.5196754724450496,2.119808746044579,2.0575935556539124,0.22517480507485724,0.14061215734152616,0.1328986878912391,0.023397671079082694,3.01602941617577,2.843776487604157,0.512398724337609,8.20108328040585,6.460454306060431,5.551333952231101,3.4691414705916435,2.734609304186886,1.960604269670753,20,1.0,0.9910597334292757,0.9922948617371223,0.003307646433105719,0,0.0,0.1340443483554776,0.12418464965231417,0.023762253397990953,2.8751574612551076,2.6635165503915834,0.5196436936340296,20.855840544206988,21.041282443650736,0.448818255885129,0.9727757934660193,0.9796624233385711,0.022447119350254258,20,20,975.95,976.0,0.3940344628262062,70.64592922180914,70.64673744235142,0.38609724580049415,151.72642722491187,152.19039707482895,2.074936247849972,21.440541571863143,21.462307783880355,0.11177788116213497
front,log-0073_185,10.0,oracle-isotonic,full_log_excluding_training,1.9027677757247008,1.8083267959502463,0.20163565552693835,0.045199680970776715,0.04413298049364498,0.0068642184295392835,0.16064709722831008,0.15733107214830583,0.024794706063591614,3.112967616349213,3.0425145833408607,0.4980336907819113,1.9672037871390735,1.8131972395623621,0.3136087528603043,0.165210137732351,0.15745581073878157,0.02605312187500392,3.2013015397587514,3.044923747874395,0.5221827725161851,14.32279115426403,15.78776073124164,6.735688363405071,4.694608053853479,4.326803412714302,1.7407371040592843,20,1.0,0.9877443577222833,0.9885519432595924,0.003388285990773507,0,0.0,0.16065206396217938,0.15733120263237044,0.024795174758470255,3.1130637711166615,3.0425171034707867,0.4980430645873915,18.405562263477954,18.373430077230584,0.4998696023939362,0.9507160281016264,0.9502441235806613,0.02851309540017927,20,20,975.85,976.0,0.36634754853252327,68.79186250894087,69.08531575241426,0.7699073768809012,149.0846371552133,149.90437255734173,2.52309233106492,19.36180460103441,19.406751790883266,0.15343700771655036
front,log-0046,10.0,oracle-isotonic,training_window,1.2065777208719988,1.2455182673007792,0.21295068917399212,0.029219668083942007,0.0292153434530044,0.0045124404556506955,0.09694301948326997,0.09904340903498554,0.01516484952591824,1.7992134373635866,1.8206504089635793,0.32569928301733697,1.2065777208719988,1.245518267300779,0.21295068917399212,0.09694301948326997,0.09904340903498556,0.01516484952591824,1.7992134373635866,1.8206504089635793,0.3256992830173369,1.8729837723376508,1.8794635212618658,0.40654544028477246,1.785480058473362,1.7429414197527051,0.42168525048166877,20,1.0,0.9951791776756261,0.9950824070443794,0.0014441410648684367,0,0.0,0.10825410450780022,0.10467383954300478,0.03488805178997074,1.9812092110850983,1.8822450794416847,0.4812443210670465,18.566864540345613,18.452140336171936,2.6598937145194,0.9951791776756259,0.9950824070443793,0.0014441410648684933,20,20,975.85,976.0,0.4893604849295929,62.14052512936489,60.26770663873987,10.521430699881389,102.99309390934846,103.57336830570607,20.455235926011834,18.655881031746155,18.571171902595346,2.6647384877694593
front,log-0048,10.0,oracle-isotonic,training_window,1.0707260847120992,0.9820330640335317,0.2601477393018237,0.02779729974271552,0.026169850342738804,0.007237740489979755,0.09411394820577958,0.08686473715105245,0.022260035219468125,1.7342087884857915,1.6782413917138257,0.43136176972237633,1.0707260847120992,0.9820330640335315,0.26014773930182367,0.09411394820577958,0.08686473715105245,0.022260035219468125,1.7342087884857915,1.678241391713826,0.4313617697223763,2.022313197641306,1.9289584254835574,0.48699798053257404,1.8741824643768514,1.5348969830628771,0.7414214871123117,20,1.0,0.9953222616881009,0.9962191201862425,0.0023899860449709412,0,0.0,0.11362906486177807,0.10408065019345197,0.0448958298036217,2.036905429974608,1.9504442768370716,0.5042017917850289,18.737870495887137,19.900168601074856,4.061402444701939,0.9953222616881009,0.9962191201862426,0.0023899860449709135,20,20,976.0,976.0,0.3244428422615251,64.21717906080882,69.05066580214078,14.613826159623299,103.93637396947045,107.40457314880943,18.49713747470652,18.82179169112078,19.968737807307654,4.065572793625453
front,log-0049,10.0,oracle-isotonic,training_window,0.8884685784453434,0.7661637496194895,0.42734173884663484,0.028456261408930067,0.02649098861364075,0.017693976264571545,0.09385662238042208,0.0879374543350889,0.05132293120473856,1.4366332463656861,1.1900728008287198,0.5828239856979645,0.8884685784453434,0.7661637496194895,0.42734173884663484,0.09385662238042208,0.0879374543350889,0.05132293120473856,1.4366332463656861,1.1900728008287198,0.5828239856979645,1.5181001360587356,1.4090799210779552,0.7389008648258848,1.4337144184523063,1.2948134936917417,0.5768937945268259,20,1.0,0.9942832343611183,0.9961257745563259,0.009703130241432106,0,0.0,0.15506438465041567,0.10898264129834098,0.22057244753200167,2.1924018602696687,1.7257327214425695,2.281740741038755,15.751914241887325,14.438595297053372,3.2397976463570575,0.9942832343611187,0.9961257745563261,0.00970313024143215,20,20,976.15,976.0,0.9333020044867297,53.50332048482092,48.988095644214994,12.179912570044136,90.06787472138164,88.14891002638717,16.68919617934909,15.832142787422253,14.477054051724298,3.2157746198311723
front,log-0054,10.0,oracle-isotonic,training_window,1.2580998305636464,1.277525811948153,0.43548874126439596,0.03257820510902457,0.031781137983431886,0.007811719508818907,0.10817893669270831,0.1083680752259038,0.02607060495980258,1.7684057782482856,1.8029164269668732,0.5478007801542769,1.2580998305636464,1.277525811948153,0.43548874126439596,0.10817893669270828,0.1083680752259038,0.02607060495980258,1.7684057782482856,1.802916426966873,0.5478007801542769,1.7326163202897402,1.8365007155686208,0.4835681760042384,1.8239511741098968,1.886142911824502,0.6143416817679233,20,1.0,0.9938030184943608,0.9941108372776079,0.00275020893187693,0,0.0,0.14171653869239137,0.1421545642877423,0.0339319545594821,2.2641427001476724,2.2391531997268173,0.4526823614951767,16.371458838860242,17.54617343551554,3.859166620071452,0.9938030184943608,0.9941108372776075,0.0027502089318769208,20,20,975.8,976.0,0.5231483637805969,55.048797589008835,57.15806270452253,14.970301162967687,88.2180712010614,85.66300735757125,21.85751765640141,16.47181147105637,17.683580160551095,3.875013131714773
front,log-0055,10.0,oracle-isotonic,training_window,1.5741746004153658,1.573004559318508,0.2731741059172319,0.031781073215405534,0.03328179869553957,0.0051973791407092,0.10299900773024026,0.1053983774228274,0.01688256146799432,2.28762681430911,2.1760588614560334,0.5023895437074039,1.574174600415366,1.5730045593185082,0.2731741059172319,0.10299900773024029,0.1053983774228274,0.016882561467994328,2.2876268143091094,2.1760588614560334,0.5023895437074039,2.2786034248792313,2.3063914799797693,0.5159587031188696,2.3392585428957138,2.3778531627878188,0.5782505845940141,20,1.0,0.9945438689275017,0.9944287032995051,0.0017553969915308054,0,0.0,0.12311454845126771,0.11352124447580364,0.03617480741986266,2.7068349247800847,2.5133501214039,0.7668111543829031,22.20354808375211,23.058222542381703,3.910819999574063,0.9945438689275015,0.994428703299505,0.0017553969915307362,20,20,975.8,976.0,0.5231483637805969,72.71099604927409,74.54185951541183,14.730850455169847,117.67097535454627,121.9673704968526,18.461962020530144,22.32373632343834,23.158011791061647,3.9271180563651873
front,log-0056,10.0,oracle-isotonic,training_window,1.5172537010264189,1.4894752471113175,0.34139940896756965,0.03275519525435332,0.03190338691889659,0.007268491562206948,0.11000239998749084,0.10460690213291185,0.023939388096731223,2.1779160179936405,2.120398904630858,0.4507482071723832,1.5172537010264189,1.4894752471113175,0.34139940896756965,0.11000239998749084,0.10460690213291185,0.023939388096731212,2.17791601799364,2.120398904630858,0.450748207172383,2.2090535744559436,2.1779900272093986,0.44051221724983913,2.3016675766756585,2.2081248243093854,0.5375582028107747,20,1.0,0.9936535158978026,0.9945136476710013,0.0028511777074568105,0,0.0,0.12594707262909993,0.11601150508292085,0.0349623459836975,2.4488128896056915,2.322106314006218,0.4073709414666985,20.087122504874422,19.713574144863692,3.9278257445164355,0.9936535158978026,0.9945136476710015,0.002851177707456835,20,20,975.9,976.0,0.3077935056255462,68.26240077599793,65.36716489563204,14.739010507648702,108.95886478363305,113.21630469803173,17.404764379842067,20.210340483230404,19.819635599045128,3.9239327524471768
front,log-0058,10.0,oracle-isotonic,training_window,1.3842101511916463,1.267335462486598,0.36058658452467857,0.029253810588792017,0.02836247583539344,0.007203639265039957,0.09801006604807264,0.09630282367629467,0.01971732998563909,2.114997682053157,2.0487525755801217,0.5571415922542896,1.3842101511916465,1.267335462486598,0.3605865845246785,0.09801006604807264,0.09630282367629467,0.01971732998563909,2.114997682053157,2.0487525755801217,0.5571415922542896,2.1374123038361565,2.0271311169740476,0.6311324004427038,2.3387171599270906,2.1901900491275668,0.7605912343208407,20,1.0,0.9949977454494251,0.9953520741108304,0.002097381108556629,0,0.0,0.12785466397047057,0.12658711071370493,0.021934380945676756,2.7533461845843012,2.7576604762634322,0.6043696032228433,21.455149686093474,21.23097210748341,2.9799060723810222,0.9949977454494252,0.9953520741108305,0.0020973811085565493,20,20,976.15,976.0,0.36634754853252327,73.27677406472385,72.82838528316915,12.068235056829527,118.41298338917488,118.969163431541,13.599114587831856,21.563304068055977,21.310043611537914,3.000230784572022
front,log-0063,10.0,oracle-isotonic,training_window,0.9738222886073661,0.7453024088627107,0.3756907569480629,0.021349991328897547,0.02049464368822446,0.0039294121384527425,0.06990501950904052,0.06732231453640419,0.009191967227096087,1.6961970891981082,1.2448456488022948,0.7290785909967749,0.973822288607366,0.7453024088627107,0.375690756948063,0.06990501950904052,0.06732231453640419,0.009191967227096087,1.6961970891981082,1.2448456488022948,0.7290785909967749,1.803842447452568,1.6017163552119964,0.44023827921373015,1.6517505403120836,1.2702627533299244,0.716081114326765,20,1.0,0.9975132022530128,0.997731278796365,0.0006742871107896384,0,0.0,0.10304087420954786,0.09176059815130876,0.036576367753220894,2.306614419106638,2.5127942023071093,0.683591903730845,23.514053099941723,20.53655341307764,7.10790489288081,0.9975132022530128,0.9977312787963651,0.0006742871107896179,20,20,976.05,976.0,0.5104177855340405,77.26226496421903,72.52002491085736,20.90460869711789,110.87045641026832,119.55737000057597,17.08605041944629,23.576271389863376,20.572575549885403,7.141308982471886
front,log-0071_183,10.0,oracle-isotonic,training_window,1.172406716583572,1.1677368873192144,0.23107067048361488,0.027588559629949095,0.02633614365167574,0.005700791378600483,0.09166203349085811,0.08757994896181887,0.01816391940984441,1.8296985900145444,1.7834627640056477,0.41631324031080585,1.172406716583572,1.1677368873192147,0.23107067048361493,0.09166203349085811,0.08757994896181887,0.01816391940984441,1.8296985900145444,1.7834627640056477,0.41631324031080585,1.9344684483287486,1.8189209418461272,0.56381914441835,1.865737575811186,1.8157162676804688,0.47796528308589625,20,1.0,0.995631191005139,0.9961574587927011,0.0018271473590622568,0,0.0,0.10065892970905892,0.09848040917522408,0.0173364150439805,2.0035334904819813,1.947744762100338,0.3857137810170924,19.81694169581223,19.73192579756102,1.8918294386010384,0.9956311910051392,0.9961574587927011,0.001827147359062152,20,20,976.0,976.0,0.3244428422615251,66.27397344523645,64.52177717641982,7.22507697820569,108.83056735193301,107.54200519072413,13.105646838970587,19.904297823470507,19.801184787662248,1.9036313862511856
front,log-0072_184,10.0,oracle-isotonic,training_window,1.2815363739555121,1.2813937552585442,0.22938620425014628,0.028049358343334507,0.0275208099864039,0.0036337728131346668,0.09421048990891795,0.09700451152150565,0.012148962634010342,1.9294605168880707,2.0204244528151847,0.3398783656220278,1.2815363739555121,1.2813937552585442,0.22938620425014628,0.09421048990891795,0.09700451152150566,0.012148962634010342,1.9294605168880707,2.0204244528151847,0.3398783656220278,1.9342046575798615,1.9844247241978463,0.35178610445918135,1.9507750382465674,2.0521294566967447,0.4035338087783367,20,1.0,0.9954813280435648,0.9952819735112822,0.0010719776674998236,0,0.0,0.1038890031167474,0.1061532728464458,0.016041083568685645,2.118248707161682,2.161199810658219,0.3605414173119603,20.532025573152985,19.93403661788173,3.4855582361879627,0.9954813280435648,0.9952819735112824,0.0010719776674997846,20,20,975.95,976.0,0.3940344628262062,69.29303865194731,66.3701150396015,12.007902191782302,115.25679578751335,115.18425685060916,17.211800771500307,20.62410612326217,20.040504556595028,3.4920270820180015
front,log-0073_185,10.0,oracle-isotonic,training_window,1.0784267799858696,1.0478034854640463,0.24231768951477622,0.026407338512781996,0.02539296835459306,0.005907665128131746,0.08631134945679377,0.0839966803284956,0.01846589406228027,1.5916033778600793,1.5846513207024597,0.36202515936096497,1.0784267799858696,1.0478034854640461,0.24231768951477625,0.08631134945679377,0.0839966803284956,0.01846589406228027,1.5916033778600798,1.5846513207024597,0.362025159360965,1.621088341828773,1.4568038373156413,0.45624935222116175,1.679657790896901,1.595139332189167,0.48979264043243476,20,1.0,0.9961038514479054,0.9964659586114941,0.001927175258445802,0,0.0,0.09408575609042677,0.0858776504952486,0.027681764012851523,1.7284893662112784,1.602431366836727,0.474875311498732,18.722050974373545,18.043660007039257,4.349228724579759,0.9961038514479055,0.9964659586114939,0.0019271752584457734,20,20,975.85,976.0,0.36634754853252327,61.70355754644129,58.696165827154935,14.899990242908903,101.5876743949278,94.65161650018908,22.61327854911837,18.79248527977752,18.10030472651728,4.351091948584654
front,log-0046,120.0,oracle-isotonic,full_log,1.7346657872052293,1.736780702428368,0.02011735924081098,0.03791007660110595,0.03763619374229335,0.0006722370889058774,0.12507042887408687,0.12416685257764767,0.002217800346308798,2.5724117730979614,2.5538272817535486,0.04561506482854568,1.7564920467345897,1.7770169370916507,0.043762450471757475,0.12581479257756584,0.12538312690652792,0.0024931727565351506,2.587721626686325,2.5788432542027855,0.05127884352051594,4.077137987485786,4.002179525376276,1.0066902332946388,3.035025125441867,3.021728934532032,0.04384419207388651,20,1.0,0.9921542349671171,0.9922670201651291,0.0002818963949953766,0,0.0,0.12507042887408687,0.12416685257764767,0.002217800346308798,2.5724117730979614,2.5538272817535486,0.04561506482854568,20.424561204077285,20.434586917610268,0.08631260389201097,0.993040327397733,0.9935277766873266,0.004196511032528966,20,20,11709.75,11710.0,0.7163503994113789,67.85562055611665,67.85562055611663,1.4580029302424492e-14,165.89980059488886,165.8998005948889,2.9160058604848984e-14,20.56770570194259,20.567705701942586,3.645007325606123e-15
front,log-0048,120.0,oracle-isotonic,full_log,1.9110182217927232,1.8902508692923827,0.04597095183427662,0.03824222200304907,0.03848108294142027,0.0006558944044528273,0.13241532192389474,0.13324238809298256,0.0022710623014211336,2.9714225351651065,2.9899820418535588,0.05096302756478011,1.9362339119684961,1.9158187346967503,0.0759226098498635,0.13468702793900772,0.13443963832852718,0.0022860412801789225,3.0224000077755377,3.0168485424853646,0.05129915841722212,3.2628985923668905,3.2109280016403394,0.2686325048465353,3.2628985923668905,3.2109280016403394,0.2686325048465353,20,1.0,0.9913593841317951,0.991317569373791,0.00023502232619898507,0,0.0,0.13241532192389474,0.13324238809298256,0.0022710623014211336,2.9714225351651065,2.9899820418535588,0.05096302756478011,22.15567238390165,22.206415656436164,0.4105549383004376,0.9873218825109532,0.9895831518823104,0.018295534774719107,20,20,11710.9,11711.0,1.9166857359844667,77.7000493048807,77.70004930488071,1.4580029302424492e-14,147.02804677703884,147.0280467770388,2.9160058604848984e-14,22.440171514841165,22.44017151484117,3.645007325606123e-15
front,log-0049,120.0,oracle-isotonic,full_log,2.3214845385365406,2.2563046812605743,0.24886769011779394,0.04573597718190696,0.04481501094032639,0.003721989687772368,0.15195660842500525,0.14889672176317895,0.012366215054228157,3.6826038887507173,3.6084488346417065,0.2996899714980375,2.128657543524591,2.0891841837437313,0.14033579450809938,0.15562389369119806,0.15213317206629862,0.014224612017083043,3.7714789901524766,3.68688283363359,0.34472743287063395,3.7827116954310656,3.6182134853579697,0.37972831139428964,3.823996911473234,3.7452930222384393,0.3210821323248002,20,1.0,0.9895335501810028,0.9896915566664897,0.0010825554899281554,0,0.0,0.15195660842500525,0.14889672176317895,0.012366215054228157,3.6826038887507173,3.6084488346417065,0.2996899714980375,22.886003209827425,22.986129041677174,0.5038374942620552,0.9443533796269691,0.9484849078290919,0.02079002769189699,20,20,11714.0,11714.5,2.176428750330035,80.5187538489403,80.51875384894029,1.4580029302424492e-14,128.68361647506669,128.6836164750667,2.9160058604848984e-14,24.23457542860456,24.23457542860456,0.0
front,log-0054,120.0,oracle-isotonic,full_log,2.2730299272611063,2.2556417930912476,0.042604872660193215,0.049539579873863884,0.04885989381191384,0.001606888333788261,0.1651900687454218,0.16292365091174804,0.005358180166254115,2.963614225522089,2.9229532573182198,0.09612913829640325,2.3240231423445246,2.2518561826320314,0.14824016588405534,0.17110724980587352,0.16815592052990813,0.009768733414756467,3.069772193122248,3.0168234808123673,0.17525725083341367,5.065580311666418,3.5130356310950948,2.3887625138226567,3.158912494733415,3.1100587689851453,0.11705787583339132,20,1.0,0.9865038482590544,0.9867911718397548,0.0007828746973029909,0,0.0,0.1651900687454218,0.16292365091174804,0.005358180166254115,2.963614225522089,2.9229532573182198,0.09612913829640325,17.49520666675708,17.433247571261713,0.36209194592098176,0.9751722633494371,0.9717187007513964,0.02018278658664262,20,20,11710.25,11710.0,1.332784974957958,59.823160250207,59.82316025020701,7.290014651212246e-15,135.8929688934449,135.89296889344487,2.9160058604848984e-14,17.940631952211263,17.94063195221126,3.645007325606123e-15
front,log-0055,120.0,oracle-isotonic,full_log,2.4731456521410795,2.4700453403491727,0.010440428420541088,0.04195812512310081,0.041883497875078855,0.00023741213150464994,0.14468325125748846,0.14442591581067005,0.0008186628685930309,3.4293780239756244,3.423278489175024,0.019404488261059075,2.4777074423921195,2.475851623554443,0.017214772846470397,0.14504213541146496,0.1447581434521335,0.0009298804971249871,3.437884533333848,3.4311531682597813,0.02204064198204083,3.3428245299002946,3.3320177248475207,0.03750986007458339,3.343621149415244,3.3399850438773804,0.0239153058387994,20,1.0,0.9895532726081406,0.9895900998787956,0.00011978660464086115,0,0.0,0.14468325125748846,0.14442591581067005,0.0008186628685930309,3.4293780239756244,3.423278489175024,0.019404488261059075,23.168878112909418,23.170907633530348,0.047181771882853656,0.9774800532132952,0.9775656773818404,0.0019905685836834885,20,20,11709.2,11709.0,0.41039134083406165,81.73334756770427,81.73334756770429,1.4580029302424492e-14,144.98409225186288,144.98409225186288,0.0,23.70266077220274,23.702660772202737,3.645007325606123e-15
front,log-0056,120.0,oracle-isotonic,full_log,2.500589095317373,2.4981371867121793,0.027323419050864238,0.04523283145139534,0.04538248071725221,0.0006002292708296742,0.15585073191271415,0.1563663518035241,0.002068103370330881,3.5104913520435046,3.5221055366252214,0.046583412907837095,2.580514999137541,2.553004348293297,0.09586205327511149,0.15804753116850226,0.15776721075688482,0.0023360364368431963,3.5599736014688,3.55365946762607,0.05261852548879538,3.9443059192659327,3.964828833782321,0.18841075309894045,3.6911750744752774,3.7303158837767523,0.06662318708227503,20,1.0,0.9878514611925097,0.9877997069482177,0.0003385852217285814,0,0.0,0.15585073191271415,0.1563663518035241,0.002068103370330881,3.5104913520435046,3.5221055366252214,0.046583412907837095,22.155559079401772,22.20772156717016,0.2605781165758699,0.9836116236122132,0.9859274139338043,0.011568548706193345,20,20,11710.6,11710.5,0.8207826816681233,77.60936557366924,77.60936557366922,1.4580029302424492e-14,148.73146404505894,148.7314640450589,2.9160058604848984e-14,22.52470238002855,22.524702380028554,3.645007325606123e-15
front,log-0058,120.0,oracle-isotonic,full_log,2.2760149998778787,2.2630231844431457,0.020137283967586524,0.039608090962168996,0.03953834532380983,0.00021902986729853806,0.13602030112268543,0.1357807838295983,0.0007521823895341201,3.182407993816307,3.1768041115877987,0.017598485148934875,2.3063540674541576,2.294035698510661,0.04466189434703978,0.13753008104571307,0.13698101731108403,0.0019527735789641432,3.2177316598888646,3.2048854538168605,0.045688196515632516,3.592676942838416,3.595346104650962,0.08758411641987562,3.592676942838416,3.595346104650962,0.08758411641987562,20,1.0,0.9907592953927269,0.9907576331295909,7.959953964484035e-05,0,0.0,0.13602030112268543,0.1357807838295983,0.0007521823895341201,3.182407993816307,3.1768041115877987,0.017598485148934875,23.098572277592858,23.148496666695387,0.23241295559409167,0.9872633436087478,0.9893971776276058,0.009933635242919254,20,20,11711.95,11712.0,0.7591546545162482,80.3474218652934,80.3474218652934,0.0,161.1697294857218,161.1697294857218,0.0,23.396566303333564,23.39656630333357,7.290014651212246e-15
front,log-0063,120.0,oracle-isotonic,full_log,1.5938773270917772,1.595836772743978,0.005825432903854341,0.030212511622217376,0.03018235919327543,0.0001832557356965195,0.09348638485964844,0.0933930843882488,0.0005670470714015247,2.5665676510927726,2.564006187494779,0.015567664449652123,1.5876774527462023,1.5844094624488216,0.008725185503807052,0.0935965480855761,0.09346247816026647,0.0006665867027660194,2.569592063390141,2.565911318500917,0.018300417440853544,2.3513205213032795,2.349708611701013,0.015308197408595431,2.5816624247731736,2.580282127565155,0.017477255708524955,20,1.0,0.9956351463128181,0.9956380283258114,4.193203877740056e-05,0,0.0,0.09348638485964844,0.0933930843882488,0.0005670470714015247,2.5665676510927726,2.564006187494779,0.015567664449652123,27.259925586003977,27.220097260900097,0.1333870815198692,0.9929338482441693,0.991483114565908,0.004858580693543176,20,20,11709.15,11709.0,0.3663475485325232,84.9504894920883,84.9504894920883,0.0,153.67050225201808,153.67050225201805,2.9160058604848984e-14,27.453919144974673,27.453919144974673,0.0
front,log-0071_183,120.0,oracle-isotonic,full_log,1.6730751173864362,1.6729661616989517,0.027851350460990243,0.03019731490512969,0.030085690261808868,0.000236203396922133,0.10584242682192804,0.10545117934912042,0.000827899461669516,2.392667000286784,2.3838224854240684,0.018715441255183398,1.6825090560751117,1.6748978727559334,0.029058690723042343,0.10654156591570232,0.1065264710246837,0.0011178118403711145,2.408471693059924,2.4081304589376757,0.025269181587129836,4.380428367794286,3.814321098436965,1.079518335561617,2.399576004209533,2.40315978321327,0.021029819093621678,20,1.0,0.9944004240592321,0.9944270575307286,8.140315685060955e-05,0,0.0,0.10584242682192804,0.10545117934912042,0.000827899461669516,2.392667000286784,2.3838224854240684,0.018715441255183398,22.399940233653563,22.384802476483408,0.11200344027022024,0.9908875889172496,0.9902179525009249,0.00495460334813999,20,20,11711.8,11711.0,1.105012502906165,79.2344288822956,79.23442888229562,1.4580029302424492e-14,152.4462174422029,152.4462174422029,0.0,22.60593480450205,22.605934804502045,3.645007325606123e-15
front,log-0072_184,120.0,oracle-isotonic,full_log,1.7577281006778853,1.7556519141837503,0.03275478148469533,0.03434037017412707,0.03427580663092668,0.0002821404190726084,0.11340072546302642,0.11318752005492329,0.0009317001547462025,2.4323011221841004,2.427728137740945,0.01998378160876191,1.8171222579825035,1.7874778263508486,0.09730303146005502,0.11706387759789949,0.11656119105764759,0.0035325982651273373,2.510871069704303,2.500089083689935,0.07576973330118872,2.7251974945428947,2.709279396887508,0.3070059062506423,2.4490714076181805,2.446553595921894,0.036012506517068874,20,1.0,0.9936351021475099,0.9936348967968458,4.088422057768325e-05,0,0.0,0.11340072546302642,0.11318752005492329,0.0009317001547462025,2.4323011221841004,2.427728137740945,0.01998378160876191,21.358339844340243,21.24670165620128,0.2842260548440872,0.9957859291941409,0.9905810425915444,0.013251418798783823,20,20,11712.7,11712.5,1.1285761872936695,70.82920509740634,70.82920509740632,2.9160058604848984e-14,152.19039707482895,152.19039707482895,0.0,21.44872629564559,21.448726295645585,3.645007325606123e-15
front,log-0073_185,120.0,oracle-isotonic,full_log,1.5958600466222508,1.589908411137301,0.015576753799995626,0.03560163399072634,0.03498270456614813,0.001133658693704927,0.12588278209947718,0.1236943275496262,0.004008470800862919,2.4381101582643643,2.395723954369737,0.07763645842341584,1.590316831921981,1.5913797888398236,0.021082480063789898,0.12608891355542276,0.12377534782050667,0.004007346219682969,2.442102532664556,2.3972931629792424,0.07761467742403765,6.308204660921453,4.269993557392125,3.9869359626111787,2.815504579236678,2.777191483976538,0.06567239281514492,20,1.0,0.9921277826729418,0.9923502170936394,0.00043048230454314666,0,0.0,0.12588278209947718,0.1236943275496262,0.004008470800862919,2.4381101582643643,2.395723954369737,0.07763645842341584,18.99143955984207,19.054287840962704,0.14128250957099356,0.9805525971676652,0.9837975352402202,0.007294598772129904,20,20,11711.75,11712.0,0.5501196042201808,68.48309712131342,68.4830971213134,1.4580029302424492e-14,149.9043725573418,149.90437255734173,5.832011720969797e-14,19.368098778891632,19.368098778891632,0.0
front,log-0046,120.0,oracle-isotonic,full_log_excluding_training,1.7630923805157832,1.793762676971471,0.06273521028203492,0.03832098556487133,0.038389037855071674,0.0014908738726406255,0.127245184154302,0.12868980406327496,0.005582576897056165,2.6168989522645725,2.645024035491466,0.13190569099291694,1.8085451613802568,1.869869536517755,0.10047538150425704,0.12872162546523802,0.13089721607375188,0.0061967426701974755,2.647399869060499,2.697086032507551,0.14569770108999439,4.46863819355771,4.425081979869958,0.9946165874193083,3.077832664955911,3.14747228548996,0.1723880220998778,20,1.0,0.9918726256062769,0.9917191878145819,0.0007138388716516254,0,0.0,0.1273827672693983,0.12888020807191722,0.005634140568602562,2.619741211024309,2.648939596743447,0.1330975080466949,20.402954482188065,20.41129992446712,0.2888303423531433,0.9923112124249721,0.9933676751384846,0.0057951807900200976,20,20,11709.75,11710.0,0.7163503994113789,68.2667317931337,68.50802713053545,1.3473867107425683,162.9359137893588,165.8998005948889,4.111801382307407,20.56138263146621,20.584879909264238,0.2915337090679282
front,log-0048,120.0,oracle-isotonic,full_log_excluding_training,2.033413011736404,2.124710900482806,0.2238065451772018,0.040333017425320285,0.04128321046082538,0.004620588530648798,0.14180703321372495,0.14641584498264532,0.01752164222075308,3.0994291697065917,3.2492762375305086,0.28780552475449706,2.106944682850118,2.1390290419329636,0.11146820195453712,0.14694316705753988,0.15309470156510183,0.015099875339813494,3.2136926694075463,3.256856802790117,0.23075259143276583,3.3920701950555006,3.374820164388202,0.29212645447320723,3.426578963139543,3.5366669152397234,0.2130647893352155,20,1.0,0.9901121903061458,0.989547557550295,0.002438740386815483,0,0.0,0.14240439065589267,0.146984776141739,0.017195984462102642,3.1127251643024803,3.250133745020917,0.2798395230084317,21.694447348221832,21.086563295742884,1.2277330661749188,0.9882527140533626,0.9907235684596813,0.028250307174080152,20,20,11710.9,11711.0,1.9166857359844667,77.06731817529878,77.18580879129624,2.864813618361262,145.88154371508466,145.80814846494485,1.1600967801059974,21.954791248184584,22.13414303858061,1.1106130730349142
front,log-0049,120.0,oracle-isotonic,full_log_excluding_training,3.3920338969914865,3.2799223215019966,0.7404083019871434,0.056235850084438745,0.05648375915109913,0.008794530178465139,0.16795662007853313,0.1730392117881306,0.02268709677289704,4.542451466041614,4.507823561390776,0.7011954297146668,2.9841865647386077,2.9297615965833845,0.5308256470063455,0.18108573281527404,0.18543229517354792,0.028835248926748536,4.899473321585839,4.86594862441425,0.8773485922465346,4.454043525191674,4.498815167208779,0.45332270697609356,4.347670069249768,4.48792205778469,0.5955058820473733,20,1.0,0.9894537492864288,0.9889554278447105,0.0018302342377365115,0,0.0,0.17226326693107988,0.1770056954585586,0.02468607121249453,4.6595857857955405,4.606526835122562,0.7586660573304024,24.46731873751185,24.544714784686693,0.997754557432564,0.9069134236100155,0.9054307799454624,0.0322832661878932,20,20,11714.0,11714.5,2.176428750330035,80.83087914348201,81.11858994066637,1.1369323439939536,115.59927551753417,115.21363121647995,5.708446828225008,26.99924856625089,27.117931975053068,1.213144316841963
front,log-0054,120.0,oracle-isotonic,full_log_excluding_training,2.3142652734253786,2.320713889766764,0.05682574531122687,0.05023119719826864,0.0498621789864698,0.0014830315884807794,0.16880207565493296,0.16682594710616783,0.0062446262573763005,3.028024149401733,2.9901102059373237,0.12747976167491112,2.415187728658552,2.3391940643762004,0.21839903620372994,0.17709824797642454,0.17337578998351816,0.012266277401094858,3.1769940216319283,3.114177996922998,0.23135895698443038,5.145332980617577,3.822873838217225,2.4057260292718166,3.240776805970092,3.1818003209460253,0.150077492177619,20,1.0,0.9859804917730093,0.9863084083085738,0.000940957978700322,0,0.0,0.16905823841224335,0.16697924243535656,0.006213649101483638,3.0326243826318686,2.9992010466850383,0.12713860708377078,17.435749165981573,17.277819317636688,0.4671239295747751,0.9721044308281448,0.967250222353567,0.023252441111701244,20,20,11710.25,11710.0,1.332784974957958,60.27381519548031,60.584076497487985,1.4697781498332005,134.87883981844692,135.89296889344487,1.905405064861418,17.936506753671324,17.940418263356335,0.249462591809672
front,log-0055,120.0,oracle-isotonic,full_log_excluding_training,2.901097733037033,2.855389533043697,0.0980292033671716,0.04894622843964507,0.0488565444808243,0.0005987047103927135,0.16294559003925724,0.16263820180313393,0.00415644352193847,3.9999301142336057,3.9574381321506094,0.10122468656278931,2.929065229896181,2.857314252639861,0.13720915448872034,0.1641645694383611,0.16473619960152308,0.004654627272178654,4.029463045090909,4.00118032917485,0.097354475790516,3.5069299837391013,3.440896404568459,0.17931429959422807,3.789778299980834,3.788486130154089,0.03733990926720649,20,1.0,0.9869052016281756,0.9870232212222709,0.0006324616146976316,0,0.0,0.16325474388181452,0.1632579050544965,0.004265860852671295,4.007419606825789,3.957642992547095,0.0997178265101505,23.686378422930233,23.288320011815937,1.1639770014473114,0.9638188008172612,0.9635564766528435,0.004559005185442923,20,20,11709.2,11709.0,0.41039134083406165,81.7161081263789,81.49087150435659,1.5465641431502843,131.5041153840298,131.53682239896366,1.3344280837957556,24.571931568042032,24.126121303888567,1.1205943794510342
front,log-0056,120.0,oracle-isotonic,full_log_excluding_training,2.6455648083157906,2.630799393630175,0.08979959170358924,0.05029211827823589,0.04961128327879649,0.001677539250776014,0.1696506603960817,0.17012047249530482,0.00462926212776452,3.798181602933419,3.813199233845507,0.08384081912143965,2.907369517216682,2.8089133431430944,0.169659677118741,0.17539642582642231,0.1741816023290294,0.003992343046065497,3.927721289192238,3.895769322000384,0.10788314063577735,4.269609783157975,4.250943463803116,0.1474963538900282,3.9258760558837786,3.9601333107697285,0.07641816939834836,20,1.0,0.9856890442938588,0.9856636204204792,0.0009415451026004312,0,0.0,0.17063527921353128,0.17015274192813912,0.004227940042015201,3.8203810534508746,3.8164800701230894,0.08051239825472663,21.80745238415946,21.750082693770764,0.4317428123285022,0.9738842056082635,0.9754897337639847,0.015949917999990276,20,20,11710.6,11710.5,0.8207826816681233,75.57250113090248,75.67260050816239,2.1361010653408887,146.58101998413392,148.7314640450589,3.8257295626078633,22.396359238158226,22.35908744341235,0.5127658915131028
front,log-0058,120.0,oracle-isotonic,full_log_excluding_training,2.3057238453412854,2.255403271780602,0.09603493028458812,0.03953795468381388,0.0391280832985999,0.0010042769482052764,0.13693294211689339,0.13464957940986838,0.004966827439014957,3.2444927846594522,3.2264019408634708,0.05968232107912252,2.3760926838862457,2.3577584398722076,0.10826113937526455,0.1398335629828378,0.13873608257824172,0.005359566991800032,3.3139772924721442,3.271094877918563,0.10389752917033732,3.7331590612244576,3.7039494473858605,0.11073707991694218,3.7331590612244576,3.7039494473858605,0.11073707991694218,20,1.0,0.990667570193936,0.9908966357963218,0.000602298123099053,0,0.0,0.1371964706737316,0.13486415829120713,0.004917741862488221,3.25080668620994,3.2342380636874606,0.06101233397547706,23.39828137344459,23.660500152623037,0.8601160941932364,0.9865304595085368,0.9893533477511456,0.014271961255294995,20,20,11711.95,11712.0,0.7591546545162482,82.0848906072154,81.83696408214371,1.500258069889833,160.32948526586358,161.1697294857218,2.544714200984166,23.71090225908362,23.915143256638103,0.551321323632329
front,log-0063,120.0,oracle-isotonic,full_log_excluding_training,2.0487920116018774,2.3235129795509772,0.9372381513658252,0.12848819255050212,0.07405332702137433,0.16925549050186298,0.24369845958646336,0.2126240672469223,0.10197855014400858,2.857213640437405,3.358007843559136,1.0805271339812519,2.3520089772291817,2.406673333003387,1.0840352028949918,0.29190626292183913,0.26130422214477134,0.14349538977142245,3.4330549386820435,3.75838220443902,1.468287958353319,2.617734253348644,2.748123565301544,0.8803373490168462,2.5961683919343153,2.748123565301544,0.9331969547140828,20,1.0,0.9708281304307139,0.9802686352108643,0.02912681156165588,0,0.0,0.2869282052394305,0.2554349648167222,0.13920322628832077,3.3735585810669884,3.7150909205835845,1.427106954623114,12.573447712402864,12.633291440107367,4.295906034987991,1.0202487514050587,1.0057136894065255,0.08832742311706884,20,20,11709.15,11709.0,0.3663475485325232,36.91866278277267,37.58546101708649,16.146440535070653,44.16310547698208,43.936393029710004,14.007613290947527,12.719507614762966,12.56188848208031,5.1278882051659895
front,log-0071_183,120.0,oracle-isotonic,full_log_excluding_training,1.6999863245276792,1.703385742505506,0.03654769540934945,0.030468287381268062,0.03088832214615689,0.001001281089406195,0.10534423489725193,0.10578799805983269,0.003614185933382098,2.428608816632202,2.464451412983554,0.08030884006581629,1.7257385019592426,1.7437660545831268,0.047658076251082294,0.10657090233489075,0.10771418230337121,0.004252976359085773,2.4570970748295347,2.469585562523865,0.10114807102506548,4.841942693356726,4.661850893456928,0.848903155081544,2.4225587629420375,2.472933611555975,0.10426186923340255,20,1.0,0.9944588355391856,0.9944223058162547,0.00036756142942683754,0,0.0,0.10543470221212392,0.10596557805592971,0.003640741674824039,2.4307098401478076,2.4664081799050632,0.08143954401976856,22.828453314363728,22.88537893767255,0.28565912011000494,0.990129281125968,0.9901640507401996,0.006560932363066019,20,20,11711.8,11711.0,1.105012502906165,79.70972861198484,79.71621460905016,0.40199040209134135,149.15377035665364,152.4462174422029,6.694691514729446,23.056290820204175,23.079782131432445,0.27040132328584676
front,log-0072_184,120.0,oracle-isotonic,full_log_excluding_training,1.7510153624867708,1.7597917278091022,0.09321243209601672,0.03486191666756224,0.03489269400151539,0.0006752935416777395,0.11321972054244811,0.11345228375674896,0.0026963647074851075,2.4288213638574057,2.454766726151004,0.11727880340631987,1.9130099216094094,1.9063473472046255,0.1275876845596149,0.12154799956734952,0.12124239624502589,0.005709759561765468,2.60580124831558,2.6369871122933377,0.13042644549406734,2.8844639053102847,2.868905267799365,0.3650126418143895,2.4377019903903885,2.48321511616971,0.15106013931872567,20,1.0,0.9937126181871372,0.9935877349702349,0.0003503678939367435,0,0.0,0.11421363335483596,0.11447449964315365,0.002330333872889487,2.4499330280801512,2.473031611018291,0.10951177582214901,21.333928843984424,21.25522118165901,0.31390746520729357,0.9953592091917501,0.9881999703026989,0.01769870541813479,20,20,11712.7,11712.5,1.1285761872936695,69.63880089306295,70.17702406012175,2.217142240753572,147.86080562979504,151.42108309592837,4.762684402045096,21.442249020086404,21.570410229232657,0.5947365810845573
front,log-0073_185,120.0,oracle-isotonic,full_log_excluding_training,1.7320352357691076,1.7331884195434735,0.11382457268318093,0.03808121598543128,0.03753060448704444,0.0017816450904103336,0.1339878115312116,0.13432523783029104,0.0055915307456076615,2.670734235103459,2.646541562779591,0.20344402806098325,1.724400868930502,1.7522408994070477,0.10566607088965013,0.1345074481003862,0.13547876911212248,0.0058760011794778836,2.6806252346111505,2.6478736825348097,0.20105913892362157,6.585608846519672,4.659101370632174,3.8556738998236564,3.0505197932274606,2.9965984278403273,0.13877547440368454,20,1.0,0.9911577068227964,0.9909914213976867,0.0006357875586053894,0,0.0,0.13406635519420684,0.13449977480614111,0.005630767992635827,2.672229009401641,2.6466884419320174,0.20304137036395015,19.415733088238376,20.034256826015934,1.250271465474963,0.973989044369811,0.9777464972288434,0.009605726594986812,20,20,11711.75,11712.0,0.5501196042201808,70.13903566297785,72.67975284482876,4.217460306283774,146.03168387167108,149.90437255734173,6.389325536123031,19.940935451502412,20.822873340912043,1.370273484966941
front,log-0046,120.0,oracle-isotonic,training_window,1.6373701576064394,1.589067593237349,0.106183531628421,0.03598215416567897,0.03470136255201178,0.0023863313871345863,0.11902493843286613,0.114593226698195,0.007747698199650109,2.4307765141358026,2.317668530148753,0.19122052295944084,1.6373701576064394,1.589067593237349,0.10618353162842098,0.11902493843286613,0.114593226698195,0.007747698199650109,2.4307765141358026,2.3176685301487527,0.1912205229594409,2.6820817918782396,2.503783926923142,0.32709176214461827,2.894626743595357,2.710504990935177,0.29974034094478863,20,1.0,0.9928621250416748,0.9934124734532115,0.0009398783567316022,0,0.0,0.11986643360737974,0.11503127075255398,0.007411575986044071,2.4477296765648404,2.3393517547324025,0.18224664992015252,20.27482086105251,20.290422247332085,0.8005185864797632,0.9928621250416745,0.9934124734532105,0.0009398783567316645,20,20,11709.75,11710.0,0.7163503994113789,67.59828220891802,67.60942457632447,3.671840643016158,147.5200927324659,147.31298516362753,16.31585710327382,20.420604331142663,20.421138607679257,0.8075171116174452
front,log-0048,120.0,oracle-isotonic,training_window,1.5990792005515444,1.3969646942899903,0.3628430705967872,0.034442105091981735,0.03163955721015299,0.007216039300201847,0.1186078942321797,0.10585388568003495,0.025937481224052403,2.546323442591569,2.463250431579864,0.46185914499524244,1.5990792005515444,1.3969646942899903,0.3628430705967871,0.1186078942321797,0.10585388568003495,0.025937481224052403,2.546323442591569,2.463250431579864,0.4618591449952424,2.8860480338610275,2.8184376840148975,0.26637143586892015,3.1079192220897878,2.9883633685968727,0.2520913900766432,20,1.0,0.9926138245670671,0.9943816946566786,0.003379102732361093,0,0.0,0.12125523014485862,0.10922565483379158,0.027169009120016813,2.6024113017532198,2.4818026592436104,0.4806237684289963,21.503183805251226,21.338254836442196,1.6311429263353097,0.9926138245670671,0.9943816946566784,0.0033791027323610457,20,20,11710.9,11711.0,1.9166857359844667,74.49056931177647,75.22611898018312,5.515841800888425,144.6491510043941,145.97124902081106,4.227946842541804,21.660142349754857,21.521057166498586,1.6023516550824908
front,log-0049,120.0,oracle-isotonic,training_window,1.4681265190326622,1.4457909147406953,0.19618976114452866,0.034023447320677934,0.032866327162042755,0.004492428192473634,0.11522399645952719,0.10764570233255343,0.01786744418716377,2.4822309843691324,2.442006988216338,0.39292099052847923,1.4681265190326622,1.4457909147406958,0.19618976114452866,0.11522399645952719,0.10764570233255343,0.01786744418716377,2.4822309843691324,2.442006988216338,0.39292099052847923,2.706165568295081,2.5324319498505474,0.43270957772187857,2.7551358386539397,2.5483006936266763,0.5281250091967391,20,1.0,0.9931844562448063,0.9941893113553641,0.0022438758552428884,0,0.0,0.12225308658614502,0.11435253714477568,0.014932001412945328,2.628953935815524,2.5659354820572435,0.3022609053521297,21.41182509062773,21.553191407393108,1.3412730820850403,0.9931844562448061,0.9941893113553649,0.0022438758552431664,20,20,11714.0,11714.5,2.176428750330035,72.77893310897032,73.75742060544003,3.8385133222536227,126.24212007598257,128.6836164750667,3.7248538159492917,21.5584688472084,21.745638215557975,1.3439438042723855
front,log-0054,120.0,oracle-isotonic,training_window,1.8795237379269445,1.9054003726819337,0.21513496518220881,0.041692067374466235,0.04247228659420913,0.0033564004491830686,0.1379177032698193,0.13957768736124204,0.010485435479420458,2.4551023831666985,2.4620950328155473,0.2380107771625121,1.879523737926944,1.9054003726819335,0.21513496518220881,0.1379177032698193,0.13957768736124204,0.01048543547942046,2.4551023831666985,2.4620950328155473,0.23801077716251204,2.55776884610397,2.58653606582436,0.22974072529652015,2.584086195806904,2.631584610256273,0.21401304447127192,20,1.0,0.990390018299873,0.9902108597950499,0.001403618414953854,0,0.0,0.14561815130892855,0.14509457902457729,0.004833499436792576,2.5916021064557073,2.600776099824405,0.16490994429537095,17.64337021788311,17.55521939639255,1.2481834201676734,0.9903900182998729,0.9902108597950501,0.0014036184149541064,20,20,11710.25,11710.0,1.332784974957958,59.14677854015853,56.110622267065864,6.592056998608931,124.47759943521471,130.69438509090975,10.123849937701332,17.8142989420409,17.693456622888828,1.2568439974047
front,log-0055,120.0,oracle-isotonic,training_window,2.030760531876058,2.073721251863116,0.10417882380407517,0.03470978289586377,0.03452945203347826,0.0005502294463369507,0.12025755869704113,0.12050817358468827,0.0017752527196535496,2.724651315054655,2.7825318560155416,0.11688314633929162,2.030760531876058,2.073721251863116,0.10417882380407521,0.12025755869704113,0.12050817358468827,0.001775252719653548,2.724651315054655,2.782531856015542,0.11688314633929162,2.8862945168640897,2.9349238696841624,0.14450522290708268,2.699712728608174,2.7272976391969292,0.08514047988987189,20,1.0,0.9927411956888574,0.9927123346763036,0.00021524130235946922,0,0.0,0.12072376063601784,0.1207943487466204,0.0017517898060089223,2.735285177380296,2.792146432112781,0.11893651377137571,22.506729168192013,23.04382660214727,1.2242458329252623,0.9927411956888574,0.9927123346763036,0.00021524130235945035,20,20,11709.2,11709.0,0.41039134083406165,78.55482345341112,80.71656357729181,4.373356621695416,144.98409225186288,144.98409225186288,0.0,22.671086076243473,23.211754620964193,1.2291444672916867
front,log-0056,120.0,oracle-isotonic,training_window,2.109306802883405,2.12235519444803,0.08565991180087883,0.03833585179147567,0.03833037464763123,0.0007762248103260128,0.13260983268263302,0.13244991757310343,0.002603833986005326,2.946816433380204,2.9502044156238245,0.10505203393770617,2.109306802883405,2.12235519444803,0.08565991180087879,0.13260983268263304,0.13244991757310343,0.0026038339860053263,2.9468164333802043,2.9502044156238245,0.10505203393770618,3.3357333044221407,3.3516103042188856,0.20865314745086394,3.1768215422733648,3.142177783640195,0.10221948363978259,20,1.0,0.9911650091880075,0.9911896811496128,0.000349259917948464,0,0.0,0.1353257513278068,0.13429038595501275,0.0029615343512485698,3.0063247925600765,2.993467900556948,0.08368951092311953,22.025788366700347,22.10582197880314,0.6560561799304621,0.9911650091880075,0.9911896811496129,0.00034925991794842114,20,20,11710.6,11710.5,0.8207826816681233,76.91784522222676,76.57660436967225,3.588492110371542,140.6317408706713,137.34874644611534,4.85774931886347,22.222113467409898,22.29458283301216,0.6618368914007244
front,log-0058,120.0,oracle-isotonic,training_window,2.14230858043437,2.138938409038593,0.1675872891839768,0.03948811058481139,0.04031665466684,0.0026664053145522074,0.1346039782246784,0.13789291152360678,0.00985071799627307,2.9730061908760117,3.026195956366117,0.14069981321517588,2.14230858043437,2.138938409038593,0.16758728918397686,0.1346039782246784,0.13789291152360678,0.00985071799627307,2.9730061908760117,3.026195956366117,0.1406998132151759,3.14170093957611,3.1337859566156143,0.17827828567793633,3.244744213183492,3.2757303840192815,0.16839940074397947,20,1.0,0.9908521423668647,0.9904470422053127,0.0013043249089798913,0,0.0,0.13641472760937248,0.13991934959044422,0.010180319143407144,3.0118488105289942,3.026808178289617,0.12184711907046046,21.950704044051715,21.51546911291721,1.2087941831655815,0.9908521423668647,0.990447042205312,0.0013043249089800073,20,20,11711.95,11712.0,0.7591546545162482,75.48176616909322,75.21241112929567,4.046537529011011,144.40775226605297,144.4361556836395,6.782137522180668,22.152187082696294,21.738515218396714,1.1963594415505385
front,log-0063,120.0,oracle-isotonic,training_window,1.5401681548267916,1.5249541301393896,0.07401235457024999,0.029376273013862454,0.029391694944490163,0.0013506341676059882,0.09341285918048656,0.09340551864831617,0.0049222214365064075,2.4785535464567845,2.472665813305189,0.10482393002626678,1.5401681548267916,1.5249541301393896,0.07401235457024999,0.09341285918048654,0.09340551864831617,0.004922221436506406,2.4785535464567845,2.472665813305189,0.10482393002626673,2.369083036154666,2.362760918211189,0.13259226361826834,2.6019236847829275,2.5948728598886177,0.1509145155685674,20,1.0,0.995615798802962,0.9956280673165103,0.00046119180760272385,0,0.0,0.09353481971962808,0.09348018776544151,0.004810090743794856,2.481821828222519,2.47464241969028,0.10181789291256303,26.431526084481145,26.356608519413406,0.3373392042127734,0.9956157988029621,0.9956280673165105,0.0004611918076028359,20,20,11709.15,11709.0,0.3663475485325232,84.38669341079421,84.12906862175832,0.3882685456676337,153.67050225201808,153.67050225201805,2.9160058604848984e-14,26.547790654231743,26.47234408692121,0.3279228433015833
front,log-0071_183,120.0,oracle-isotonic,training_window,1.5654399021926633,1.5662590495749926,0.14893922502737483,0.03175141649695135,0.031139577700637654,0.0035371424489330314,0.10673072577246541,0.10383403962537349,0.011572133477923798,2.253707399615279,2.2192539032993315,0.24450682012614233,1.5654399021926633,1.5662590495749926,0.14893922502737483,0.10673072577246541,0.10383403962537349,0.011572133477923798,2.253707399615279,2.2192539032993315,0.24450682012614233,2.65364439993252,2.3784415229752964,0.7691923786115424,2.308100919674481,2.215201970500202,0.26203094498143403,20,1.0,0.9942232284288874,0.9945933851880953,0.0012589339490601118,0,0.0,0.10761384949996385,0.10605392887933517,0.011168275242058006,2.27184730701068,2.222572299466032,0.23137036875110845,21.014196590865513,20.80639297673936,0.8771459230415622,0.9942232284288876,0.9945933851880953,0.0012589339490603503,20,20,11711.8,11711.0,1.105012502906165,71.12172998087723,70.28002749427384,3.916999220120114,134.28115271681696,135.0365755155744,11.392165565306179,21.136088855318206,20.936366237038378,0.8760638226839603
front,log-0072_184,120.0,oracle-isotonic,training_window,1.6281510655347735,1.559774979584418,0.1981401329594107,0.03200798683492455,0.03138050834171792,0.001414399000203305,0.10838940189362582,0.10627900091168067,0.006491575588133986,2.29810294315111,2.244459702648993,0.23006203897262067,1.6281510655347735,1.559774979584418,0.19814013295941071,0.10838940189362582,0.10627900091168067,0.006491575588133986,2.29810294315111,2.244459702648993,0.23006203897262067,2.3128006660223983,2.362518958417593,0.23004199130520386,2.3719776485110726,2.337967721149087,0.27222513079008487,20,1.0,0.9940881413226774,0.9943362064824915,0.0007043569901575075,0,0.0,0.11225584745887036,0.11005847174353683,0.0072029980900118334,2.380468184036802,2.322111648434002,0.2479173724938361,21.02981066995252,21.07226840211717,0.9136569417066299,0.9940881413226774,0.9943362064824905,0.0007043569901574477,20,20,11712.7,11712.5,1.1285761872936695,71.6488326569072,72.47068247026883,4.424559678654689,145.53379548696236,142.1416860975866,5.918423065936581,21.155428822920975,21.190963640285016,0.9320932532707075
front,log-0073_185,120.0,oracle-isotonic,training_window,1.3788350960938636,1.35783610022217,0.14379325808670348,0.03284030058718392,0.03207099156250519,0.002346042443600461,0.10950377264991026,0.10805339453933416,0.006291973164557607,1.986339752030019,1.9133122902937034,0.21834965627931271,1.3788350960938633,1.35783610022217,0.14379325808670343,0.10950377264991026,0.10805339453933419,0.006291973164557607,1.986339752030019,1.9133122902937034,0.21834965627931274,2.163251854397834,2.1016811233750685,0.18470863729294407,2.2615686580332692,2.260515529141684,0.2274478176096047,20,1.0,0.9939672130098349,0.9941446536885945,0.0007209328091402019,0,0.0,0.1097642400890105,0.10845000653205175,0.006139292997063491,1.9911924308141924,1.9162876288180382,0.2187800662200357,18.069461580136323,16.694953983337644,2.1451772289138353,0.9939672130098351,0.9941446536885943,0.0007209328091403519,20,20,11711.75,11712.0,0.5501196042201808,60.90521894293698,54.996237169468685,9.238703789063788,131.7346901244053,131.1669908802494,13.771237203521322,18.17863882172435,16.808036339306,2.1533491211962703
front,log-0046,20.0,oracle-isotonic,full_log,1.9116406954561118,1.8702692241240024,0.11453331026230625,0.043775461254273375,0.04241815217752845,0.004385561680414054,0.14442111976827873,0.1399431750220994,0.014468556368127864,2.9704110885389596,2.8783100388499827,0.2975850093116212,1.943919620631318,1.8924607388611048,0.1535385352942511,0.14719521427429905,0.14226827365573952,0.016417893348761137,3.027467847928162,2.926131983274682,0.3376783986431997,7.672525902718528,6.77902148653391,3.871217328649413,3.613819465560701,3.4873057063703827,0.4884016807844317,20,1.0,0.9897144635029292,0.9903819204035458,0.0022570125731526712,0,0.0,0.14442111976827873,0.1399431750220994,0.014468556368127864,2.9704110885389596,2.8783100388499827,0.2975850093116212,20.204214892891496,20.118863429602033,0.481831019689271,0.9823271095804935,0.9781773291175515,0.023426580809339497,20,20,1951.65,1952.0,0.5871429486123998,67.85562055611665,67.85562055611663,1.4580029302424492e-14,165.89980059488886,165.8998005948889,2.9160058604848984e-14,20.56770570194259,20.567705701942586,3.645007325606123e-15
front,log-0048,20.0,oracle-isotonic,full_log,2.0832729736927713,2.0340734558500935,0.10958934747346681,0.04180834870663828,0.04155696327315661,0.0019381681170553332,0.1447631874699792,0.14389275470331625,0.006710989626650057,3.2485107558614397,3.228978095285385,0.15059575825634722,2.1158229021512787,2.0516718385267128,0.16239844868445566,0.14958249491547232,0.14821397351833532,0.008969137152997351,3.356656841521056,3.3259469866475717,0.20126897605339475,5.984931703266252,5.5059125771256685,2.437776770518975,5.984931703266252,5.5059125771256685,2.437776770518975,20,1.0,0.9900041391445151,0.9901021611513896,0.0006812602796900272,0,0.0,0.1447631874699792,0.14389275470331625,0.006710989626650057,3.2485107558614397,3.228978095285385,0.15059575825634722,21.76351772642667,21.818825511532133,0.6096532568291344,0.9698463183328621,0.9723109958006293,0.027167941048308424,20,20,1951.95,1952.0,0.6048053188292994,77.7000493048807,77.70004930488071,1.4580029302424492e-14,147.02804677703884,147.0280467770388,2.9160058604848984e-14,22.440171514841165,22.44017151484117,3.645007325606123e-15
front,log-0049,20.0,oracle-isotonic,full_log,3.003912267524619,2.920543324713283,1.0506227170028128,0.05714207807960585,0.05555113497578912,0.017311553383336696,0.18985308543421173,0.18456721787109825,0.05751719107776996,4.601008919308709,4.472908163144822,1.3939047056156773,2.6650285404827594,2.5385012113646717,0.9045613645478652,0.19805516500893483,0.19509705543664282,0.062454070229542004,4.799782835433754,4.728094305877966,1.513547875801202,10.094279300100947,11.15314672256692,5.7255694128517876,5.54363946070781,5.020168764514086,3.1542957276189885,20,1.0,0.9843796908801604,0.9872731458283397,0.01410769967240224,0,0.0,0.18985308543421173,0.18456721787109825,0.05751719107776996,4.601008919308709,4.472908163144822,1.3939047056156773,21.787422896479946,21.669799521017694,1.1004255174735287,0.8990222651379238,0.894168729502081,0.0454072538103834,20,20,1952.15,1952.0,0.9333020044867295,80.5187538489403,80.51875384894029,1.4580029302424492e-14,128.68361647506669,128.6836164750667,2.9160058604848984e-14,24.23457542860456,24.23457542860456,0.0
front,log-0054,20.0,oracle-isotonic,full_log,2.511922908428307,2.4046196192121836,0.31509413717167156,0.05822655347331057,0.052682709388975055,0.012088461615796263,0.19415684177288833,0.17567085566365942,0.04030905813945549,3.4832964392511068,3.1516461661917403,0.7231699764202564,2.5858412419556283,2.455247371681124,0.3268876070916673,0.2031704485813294,0.1920328979074116,0.04033566795111149,3.645006241563293,3.445191544073431,0.7236473732574944,11.534972091865509,11.11617586856727,5.107169340909997,4.449219925690219,4.112200464282219,1.5456696597274728,20,1.0,0.9813639962434891,0.9850754617627742,0.009194247715988202,0,0.0,0.19415684177288833,0.17567085566365942,0.04030905813945549,3.4832964392511068,3.1516461661917403,0.7231699764202564,17.131598793838556,17.114789173111944,0.8312631166272465,0.9549049799066314,0.9539680217899165,0.04633410455336776,20,20,1951.8,1952.0,0.8335087534664908,59.823160250207,59.82316025020701,7.290014651212246e-15,135.8929688934449,135.89296889344487,2.9160058604848984e-14,17.940631952211263,17.94063195221126,3.645007325606123e-15
front,log-0055,20.0,oracle-isotonic,full_log,2.582821049070189,2.572946384715138,0.04171777688291228,0.04337943193471283,0.04339755757765577,0.0008266926884434756,0.14958431130092736,0.14964681354440046,0.0028506656482833047,3.5455461876094545,3.547027657083998,0.06756836083623056,2.614460462222257,2.6036295712011737,0.057490507884910294,0.15152820028305308,0.15224984133777808,0.002816532589723765,3.591621528731602,3.6087263418510425,0.06675931652807608,3.7570579216902082,3.7015667059623745,0.17538541807694033,3.479605609186128,3.4928763541277004,0.04748995867821646,20,1.0,0.9890461815024991,0.989081503618195,0.00043085153810444615,0,0.0,0.14958431130092736,0.14964681354440046,0.0028506656482833047,3.5455461876094545,3.547027657083998,0.06756836083623056,23.171647164065288,22.951133961791736,0.5278500670836167,0.9775968776990558,0.9682935676448463,0.02226965454033126,20,20,1951.6,1952.0,0.6805570473787206,81.73334756770427,81.73334756770429,1.4580029302424492e-14,144.98409225186288,144.98409225186288,0.0,23.70266077220274,23.702660772202737,3.645007325606123e-15
front,log-0056,20.0,oracle-isotonic,full_log,2.7348218920738923,2.685388352532261,0.20556889738485867,0.05017366230196476,0.048594620759733434,0.003901822096649329,0.17287447505701842,0.16743385212493925,0.013443815256390277,3.893946099763009,3.771397687455968,0.3028179375022782,2.8755589187513744,2.8004435731833066,0.23735198597469573,0.17836418305965954,0.17381752178705315,0.012789027667864819,4.017600138675762,3.9151879466875013,0.2880690419486057,7.032165776903577,7.089905699950744,1.7929898185615338,4.054957619664014,3.9289138928517295,0.3151191774554017,20,1.0,0.9853691575143827,0.9863707301003406,0.0020321572162947097,0,0.0,0.17287447505701842,0.16743385212493925,0.013443815256390277,3.893946099763009,3.771397687455968,0.3028179375022782,22.05355482515433,22.085819483223688,0.7527816045388981,0.9790830730224442,0.9805154852037468,0.03342026863832612,20,20,1951.75,1952.0,0.4442616583193193,77.60936557366924,77.60936557366922,1.4580029302424492e-14,148.73146404505894,148.7314640450589,2.9160058604848984e-14,22.52470238002855,22.524702380028554,3.645007325606123e-15
front,log-0058,20.0,oracle-isotonic,full_log,2.4560574839681415,2.42438653416211,0.12471978006161248,0.043640059351228624,0.042123193895673955,0.003576392693890057,0.14986670323585125,0.14465755300883792,0.01228188482046594,3.5063662589196083,3.384490030249267,0.2873539325319375,2.745426873162482,2.5957518593747935,0.37120665071822134,0.16413941667684995,0.16419477405960808,0.017504959644445945,3.8402987452704154,3.8415939179464953,0.40955594895845804,5.386038576873302,4.695934531318105,2.3751403104860223,5.386038576873302,4.695934531318105,2.3751403104860223,20,1.0,0.9890261561623092,0.9899135197121784,0.0018107066911673786,0,0.0,0.14986670323585125,0.14465755300883792,0.01228188482046594,3.5063662589196083,3.384490030249267,0.2873539325319375,22.896843878299567,22.755999418445917,0.6396128880415197,0.9786412066388219,0.9726213292761516,0.027337895644558203,20,20,1952.25,1952.0,0.4442616583193193,80.3474218652934,80.3474218652934,0.0,161.1697294857218,161.1697294857218,0.0,23.396566303333564,23.39656630333357,7.290014651212246e-15
front,log-0063,20.0,oracle-isotonic,full_log,2.2943458064509428,2.3767536339261977,0.19765412856975004,0.04133069955511296,0.04218528912209558,0.0023657036623308415,0.12788932391461372,0.13053367504155639,0.0073201819764599,3.511063158257282,3.583660960287287,0.200967684108231,2.2385964655991892,2.2955069141312956,0.17507039142481842,0.12949468556155191,0.13242058117818162,0.00793598163584341,3.555136627110765,3.6354639287963533,0.21787379816644886,4.475643183618169,4.504608116763366,0.09098029781300937,3.479935480302818,3.5568040388265727,0.2221470190537355,20,1.0,0.9926594528280621,0.9925300202846269,0.000528551974880731,0,0.0,0.12788932391461372,0.13053367504155639,0.0073201819764599,3.511063158257282,3.583660960287287,0.200967684108231,28.295293236368913,28.48681361748541,0.503167130592569,1.0306467753092456,1.037622842372937,0.018327697693561254,20,20,1952.55,1953.0,0.5104177855340404,84.9504894920883,84.9504894920883,0.0,153.67050225201808,153.67050225201805,2.9160058604848984e-14,27.453919144974673,27.453919144974673,0.0
front,log-0071_183,20.0,oracle-isotonic,full_log,1.785138391694503,1.7773997434184399,0.07306239806818851,0.032359844409784774,0.0318945998750675,0.0017846844940207723,0.11342215275338274,0.11179145774706122,0.006255368682681623,2.564013790529242,2.527150405530311,0.14140845661882462,1.842420269892644,1.8210953376372554,0.08541822198867802,0.1160308722162394,0.11440190902453172,0.0064430176391441695,2.6229863326298153,2.5861620969191383,0.14565043669474978,6.8579794497352,6.679864659181768,2.803145392961934,2.6964258462291024,2.550849653539359,0.4206548307171398,20,1.0,0.9936117080156881,0.9938068458832788,0.0007172379009877429,0,0.0,0.11342215275338274,0.11179145774706122,0.006255368682681623,2.564013790529242,2.527150405530311,0.14140845661882462,22.405806961509068,22.45911281329704,0.28834658760277176,0.9911471104944919,0.9935051572750815,0.012755348986733648,20,20,1951.9,1952.0,0.5525062514530825,79.2344288822956,79.23442888229562,1.4580029302424492e-14,152.4462174422029,152.4462174422029,0.0,22.60593480450205,22.605934804502045,3.645007325606123e-15
front,log-0072_184,20.0,oracle-isotonic,full_log,1.8621833526047422,1.8260567216443562,0.08146830169401942,0.03657740471927056,0.036048876597102826,0.0013886623742319535,0.12078798829737565,0.11904265264206611,0.004585719951841353,2.590748500792052,2.5533132740272864,0.09835785211552626,1.9671730132622962,1.9674911755135747,0.12765825522484714,0.12715872447819362,0.12627053177961609,0.00725180447511651,2.727392677436183,2.7083420753466028,0.1555419693363118,5.327212759202865,5.80176652306778,1.6113624865366558,2.6232215271231096,2.632158246520333,0.09363612234347683,20,1.0,0.992895031526154,0.9930537884188313,0.0004268944239153034,0,0.0,0.12078798829737565,0.11904265264206611,0.004585719951841353,2.590748500792052,2.5533132740272864,0.09835785211552626,21.139830808806988,20.97378063730737,0.43589185180291334,0.9855984228349582,0.9778566963934527,0.020322505205887485,20,20,1952.15,1952.0,0.6708203932499369,70.82920509740634,70.82920509740632,2.9160058604848984e-14,152.19039707482895,152.19039707482895,0.0,21.44872629564559,21.448726295645585,3.645007325606123e-15
front,log-0073_185,20.0,oracle-isotonic,full_log,1.7547158692518323,1.7275697398881746,0.11862435818693078,0.040208580962109594,0.03971870643210527,0.003961103915953535,0.14217235189544625,0.14044021879355884,0.014005952121614726,2.7536081551383447,2.7200600301228004,0.2712686641838608,1.7937956201806677,1.7177779358617058,0.2409476185944918,0.14547077788283616,0.14173077659580946,0.015107066630618582,2.8174923954769744,2.7450556811166598,0.29259515876111836,11.417287347396456,10.990058867332829,5.222541692736431,3.5262337318661694,3.1183479051357974,0.8444335507582315,20,1.0,0.9902223123288513,0.9906473436574084,0.0017465007879044199,0,0.0,0.14217235189544625,0.14044021879355884,0.014005952121614726,2.7536081551383447,2.7200600301228004,0.2712686641838608,18.700585636578296,18.71061641993736,0.3800434313672459,0.9655354327787288,0.9660533351022129,0.019622134093070457,20,20,1951.8,1952.0,0.41039134083406165,68.48309712131342,68.4830971213134,1.4580029302424492e-14,149.9043725573418,149.90437255734173,5.832011720969797e-14,19.368098778891632,19.368098778891632,0.0
front,log-0046,20.0,oracle-isotonic,full_log_excluding_training,1.9359054893822574,1.8905125099875617,0.1213521206965367,0.04417868626733022,0.042903605382206514,0.004434037557943182,0.14602604445967643,0.14128460899494155,0.014648211278559326,3.006438021928197,2.910980514873403,0.312147686689916,1.9737456257964605,1.9170442759988386,0.16489666067789666,0.14905127624721332,0.14359088920695884,0.01673115424621514,3.068837370404911,2.961860557135711,0.35549197058822457,7.740812800928251,6.82061588721721,3.820314448025482,3.6539860089503913,3.5275133359552364,0.4880321893298234,20,1.0,0.9895058066102257,0.990100232545683,0.002314712386076932,0,0.0,0.14603396173798616,0.14128852914762696,0.014653247315067367,3.0066013308861326,2.9110750797655536,0.31225288559014824,20.20436973902472,20.03691781014384,0.5141275032774341,0.9816302978819452,0.9770068282430627,0.024487200935343255,20,20,1951.65,1952.0,0.5871429486123998,68.03403798321014,68.03790385295687,0.45123453705301697,165.1117097338507,165.8998005948889,2.3233509427076444,20.58247080231238,20.60274971495456,0.09990255174285599
front,log-0048,20.0,oracle-isotonic,full_log_excluding_training,2.125144379739383,2.080479180133986,0.1149513647377511,0.04234350655263638,0.04234658817918811,0.0018301676713100086,0.14694030302099695,0.1475106886691635,0.006371635915598228,3.300988766281639,3.2875043767828123,0.15643515460371765,2.1687153519164037,2.1020451730686505,0.1703222992155541,0.1522358760055168,0.1500352809348755,0.008776068147637747,3.420198444465792,3.3767288203834536,0.21187765749217954,6.054081777437609,5.5728940403898415,2.405698653331083,5.906094795546928,5.5728940403898415,2.5108198261187007,20,1.0,0.9897381028530852,0.9898509753397559,0.000634778363646701,0,0.0,0.14695743517279217,0.14753172115535607,0.006375387198048405,3.301374431183093,3.2879534674163757,0.15653282322172382,21.761848563457864,21.77948553351669,0.6018566616309385,0.9689095172336402,0.9714601290171858,0.028498219801649616,20,20,1951.95,1952.0,0.6048053188292994,77.94583472026163,77.91858243894953,0.5032553334059156,146.80037717020667,147.0280467770388,0.6468997549319668,22.46181977144621,22.442797566131862,0.1680282532574992
front,log-0049,20.0,oracle-isotonic,full_log_excluding_training,3.1987996759802164,3.1242082403441485,1.1263373150056846,0.05901353937312315,0.05718783538334764,0.017675381649018367,0.19427047218140786,0.1859212352365046,0.061762071701654285,4.781078581460343,4.654180099215385,1.4527088887542061,2.8387300777421998,2.7176046197495616,0.9747534939354233,0.20370893190547507,0.19781811808476715,0.06759757972987665,5.013376537988597,4.951993051651883,1.5924786550265155,10.192871273964057,11.246990338388539,5.678179771685479,5.668044963351781,5.176970520656417,3.1328622098217638,20,1.0,0.9839148069029822,0.9873453265277164,0.0158915593403731,0,0.0,0.19435623479551184,0.18602982718256303,0.06181546613010963,4.783189279493369,4.656898465484014,1.453987454112536,21.99981128620771,22.267738146029124,1.2733314097725252,0.8921371390656944,0.8896255143112892,0.049219947768852856,20,20,1952.15,1952.0,0.9333020044867295,80.95348686318655,81.21610775297668,0.7014399219533746,127.86630699680413,128.6836164750667,2.464627671458966,24.656770810467286,24.674543183509535,0.3612190412259524
front,log-0054,20.0,oracle-isotonic,full_log_excluding_training,2.5315315521712685,2.422292972869239,0.3298175921899296,0.05858535037052115,0.05289002966810104,0.012086518976349131,0.1954487833573653,0.17664361322792538,0.040588135193019556,3.5081060973762037,3.1661371855698457,0.7400426763878071,2.6154534179124393,2.4781587539438146,0.34266018760583106,0.2049368335118361,0.19388171411034089,0.040653197733514744,3.678083755913839,3.473867926641625,0.7401779410769473,11.552644518549734,11.137233279618833,5.098591870603707,4.474457712684959,4.143840668777225,1.5461770072172736,20,1.0,0.9811541804046037,0.9848737206845877,0.009340055742018056,0,0.0,0.19545692693822425,0.17666865531171888,0.04058652562939816,3.5082519737576847,3.166391390362975,0.7400135245731047,17.114005589156797,17.115479272380057,0.7933375776267412,0.9541100597219225,0.9528234679743489,0.04735651820090328,20,20,1951.8,1952.0,0.8335087534664908,59.83844979236926,59.81859470518546,0.327450041796565,135.6890964124405,135.89296889344487,0.9117454525348168,17.939978619664174,17.942731793238284,0.0761135719680103
front,log-0055,20.0,oracle-isotonic,full_log_excluding_training,2.642928235807584,2.637538252004853,0.06075827780936032,0.044284130112844086,0.04439332455554186,0.0010237796623999726,0.15263765971456356,0.15407215242000138,0.0036702694217920703,3.6156897915988977,3.630019006955752,0.08973162250948846,2.686246091416863,2.67276511020704,0.0713381054606744,0.15494278556342828,0.15563672324908395,0.003895710867114597,3.669802839820639,3.6852180461477104,0.07255254923493756,3.861178860160494,3.81193059580851,0.19553569318422923,3.552334085990502,3.5744996800048447,0.06169240804544354,20,1.0,0.9886353383342013,0.9886118325255671,0.0005527126135975299,0,0.0,0.15265421800704743,0.1540732500857021,0.0036601817051524596,3.6160784658274436,3.6300448732534414,0.08935592214787488,23.119796813432412,22.819289039981392,0.7293996214405568,0.9758559106508207,0.9659712330782666,0.024216929062248812,20,20,1951.6,1952.0,0.6805570473787206,81.6459527135001,81.71406554412141,0.5295641973848231,142.38354722752496,144.81985687051449,4.4151323869896215,23.68898010217542,23.60982591207584,0.2589020045872696
front,log-0056,20.0,oracle-isotonic,full_log_excluding_training,2.7881967949512414,2.750973229178306,0.21854311441087973,0.05123138922862007,0.04986868100213898,0.003993840914349428,0.17605176536184747,0.17178905372090236,0.013399837174654133,3.967107439739545,3.8464792819195703,0.3189299553673188,2.960798485858354,2.881484180458186,0.2555614785994675,0.18222841809614648,0.179664002574491,0.012343631659113632,4.106688112639276,4.006903205750716,0.3026940311786778,7.081024418555016,7.112097853585805,1.7527954073436447,4.120236694808612,4.019423608063468,0.3141283873527202,20,1.0,0.9848732023361988,0.9855928799161717,0.002040667803232727,0,0.0,0.17608143415842953,0.17182746162739937,0.01338979564690664,3.967777953515663,3.8480854414185224,0.3187422726271787,22.030218885947928,22.062298305546356,0.7042307613450084,0.9780606441959703,0.9792430111266182,0.03525994456201058,20,20,1951.75,1952.0,0.4442616583193193,77.42565967161894,77.47278408240436,0.6109686127033029,148.73146404505894,148.7314640450589,2.9160058604848984e-14,22.528256089896477,22.498072701689363,0.19811697011891666
front,log-0058,20.0,oracle-isotonic,full_log_excluding_training,2.469399883717989,2.4060582553875154,0.1354971440428121,0.043820091548213654,0.042289442847579774,0.003651867657820635,0.15062830815024153,0.14480144343295948,0.012541239900663474,3.5306695261510734,3.381443183335919,0.3056207618043837,2.8020678829028944,2.65029469025104,0.401778240209953,0.16626471610305252,0.1660835733389517,0.01843200522547449,3.8964345484736227,3.905445908693728,0.4334434007186801,5.424841407687149,4.737683110977904,2.357010395856557,5.424841407687149,4.737683110977904,2.357010395856557,20,1.0,0.9889549417666033,0.9898962165581782,0.0018805161889875804,0,0.0,0.1506716096873729,0.14493081336276065,0.012525754200241946,3.5316823757033875,3.384464265267127,0.30524931151934337,22.93289576762907,22.71881302220097,0.6538211126225554,0.9786691390841984,0.9711754134491456,0.029231604270945417,20,20,1952.25,1952.0,0.4442616583193193,80.55410900528477,80.33171735818487,0.6392899558676686,161.04636639029096,161.1697294857218,0.3012917839365238,23.43395970138703,23.40502083218675,0.1289260084869533
front,log-0063,20.0,oracle-isotonic,full_log_excluding_training,2.4733989743019906,2.571392631585363,0.22579994318369218,0.04328951532495625,0.04425808766963897,0.00254526530544721,0.1322315328150692,0.13546938934522354,0.008287220281671946,3.667096132095563,3.749188964428593,0.21417282039101884,2.41084003379915,2.4780152683562666,0.19881756311619475,0.13436968966002782,0.13793170559900056,0.00910258868103716,3.726324227721522,3.8164927164295674,0.23704533516817036,4.999481646034224,5.0244388867314775,0.07038740019102108,3.5690821987089976,3.664405655610271,0.24667104019672859,20,1.0,0.9923632818588702,0.9922280932442697,0.0005552958589810107,0,0.0,0.13228470509261767,0.13553101514141774,0.008307395998120111,3.6685690339936103,3.75086227120776,0.214739293999392,28.73450349476815,28.87838500909536,0.4601124948293726,1.0359253799796633,1.0438951237887495,0.020946609635351388,20,20,1952.55,1953.0,0.5104177855340404,84.7130882176572,84.70734538029929,0.09470913750750704,153.67050225201808,153.67050225201805,2.9160058604848984e-14,27.740600882788918,27.645716883527932,0.1726847984627388
front,log-0071_183,20.0,oracle-isotonic,full_log_excluding_training,1.79910060753574,1.791994207877074,0.07253943600515952,0.03236902167475715,0.031877420033971725,0.0017746486690363075,0.11382273862932288,0.11199384217194713,0.006311053229617048,2.583021521654829,2.5415523397291717,0.1449107720461196,1.8644850564907571,1.8461241569256437,0.08708843038328445,0.11664693252551343,0.11481272046760219,0.0065443725217485,2.6471059656750144,2.5994742805149524,0.15010080107182583,6.940488599795074,6.68779483435409,2.730680411838446,2.7139807312700683,2.5703165995403103,0.4264470156905471,20,1.0,0.9935711309976135,0.9937522785410382,0.0007323125456053517,0,0.0,0.11382857457204601,0.11199826494462702,0.006310371892522654,2.5831539462727866,2.541670763999673,0.14489539835324913,22.48746272776736,22.543810470761144,0.28239074717272705,0.9909688470161854,0.9933197524014377,0.013184696818161954,20,20,1951.9,1952.0,0.5525062514530825,79.79445619936322,79.78377711603574,0.15618668492792198,151.6634824930142,152.4462174422029,3.5004971095016773,22.69267894541217,22.69794770999864,0.05575322299557092
front,log-0072_184,20.0,oracle-isotonic,full_log_excluding_training,1.8761192266538185,1.8399330866902817,0.08254138437411986,0.03700899211132859,0.03647961944407839,0.0014856852330677002,0.12173611777673063,0.11973581304774417,0.004879039132007965,2.6085071100173076,2.5808951422410447,0.10070917871063466,1.9997361408923884,1.9989280788164459,0.13371363637394226,0.12883279884711837,0.12763372351765684,0.0075653757339800886,2.760583392318213,2.727376333469415,0.15977380031569088,5.46433540953704,6.01492614925162,1.6001421391680684,2.6379772353752573,2.653512632149563,0.10216923245918354,20,1.0,0.9928068509016221,0.9929436990702925,0.00046928766156305654,0,0.0,0.12175975960311518,0.11974611304987424,0.004872588488523159,2.6090137416799326,2.5817483766734,0.1005660911488075,21.103648130749416,21.04835124943778,0.44284013888841833,0.9848504387049746,0.9769649418947999,0.02150992583570691,20,20,1952.15,1952.0,0.6708203932499369,70.48900653257496,70.56805151561855,0.5752761047291989,151.72642722491187,152.19039707482895,2.074936247849972,21.429266223678137,21.401437875564405,0.16936509193627586
front,log-0073_185,20.0,oracle-isotonic,full_log_excluding_training,1.7857602673364572,1.772412417396631,0.11779698264980466,0.04058485819578342,0.03978742691208301,0.0036712728217445706,0.1444515608214491,0.14210423702341868,0.013298437028636981,2.8027824695678447,2.7752588096613975,0.28643752317899424,1.8326935478676423,1.7569850899276829,0.248592483438162,0.1481653161706962,0.14464507869689838,0.014406927016117172,2.8747624060259067,2.7995591312700334,0.3063372633981271,11.480990199763443,11.013041493999458,5.1474541399874045,3.592515164272607,3.223515950232547,0.8462658097781087,20,1.0,0.9899588202316242,0.9903284357186345,0.0016481017286358224,0,0.0,0.14446792991697935,0.14217407040778712,0.013295928766287945,2.8030997944198752,2.776586854804253,0.28639489487551667,18.678832913472984,18.623523722211473,0.3894132326499657,0.9635568374641172,0.9634480766417604,0.02028841572855937,20,20,1951.8,1952.0,0.41039134083406165,68.99831892678944,69.59324433829434,1.2371354222342172,148.9408452697315,149.90437255734173,2.7485403810681617,19.387132139431507,19.394984898926545,0.26323074193430895
front,log-0046,20.0,oracle-isotonic,training_window,1.385238514278333,1.354689395170554,0.1939980848519851,0.03175941191167259,0.031724211547199746,0.0034804538347472944,0.10354483068851239,0.10089762781290638,0.011643305250352787,2.0572111241962228,2.0291842587175193,0.3209893529508933,1.385238514278333,1.354689395170554,0.19399808485198514,0.10354483068851239,0.10089762781290638,0.011643305250352787,2.0572111241962228,2.0291842587175193,0.3209893529508933,2.2564123036907238,2.16562180574516,0.38150652939685137,2.3987824550615784,2.2948760031785618,0.47421416898096375,20,1.0,0.9945592717449252,0.9948965802692329,0.0012710520284628939,0,0.0,0.10845970362269042,0.10622860817907354,0.012043355581494613,2.148824500808714,2.1281684493349005,0.2883149520977094,19.722825515372843,19.59067819394025,1.6631719698328185,0.9945592717449252,0.994896580269233,0.0012710520284629453,20,20,1951.65,1952.0,0.5871429486123998,64.71310155988152,64.33203402255282,6.247995970329316,122.40082600737556,115.63070994301249,20.052588723947455,19.83115646680935,19.706744120175124,1.6773768731760983
front,log-0048,20.0,oracle-isotonic,training_window,1.2245656268282687,1.251410280481294,0.2925595111255598,0.02943339608856495,0.02779381583861938,0.006047330618755827,0.09948095020804631,0.09582770413686578,0.019090837228793688,1.9600657215642154,1.9329853360497697,0.3804518331375167,1.2245656268282687,1.251410280481294,0.29255951112555983,0.09948095020804631,0.09582770413686578,0.019090837228793685,1.9600657215642154,1.9329853360497697,0.3804518331375167,2.345074755837299,2.324527721965004,0.35625995715381387,2.318592642705997,2.333428004844106,0.6149677769633114,20,1.0,0.994863580389981,0.9953978420080738,0.0019894184657734326,0,0.0,0.10902579898781092,0.10216272773892054,0.020533936464752305,2.142944893495721,2.1543140098217677,0.3530511621580049,19.747088773650308,20.058245527362722,2.4816783822703887,0.994863580389981,0.9953978420080739,0.0019894184657733775,20,20,1951.95,1952.0,0.6048053188292994,67.23633310543809,68.5115704319122,8.43046758740303,122.34506294700643,121.53498344777249,14.046832129981588,19.84736264773273,20.131818835001138,2.483602270791834
front,log-0049,20.0,oracle-isotonic,training_window,0.9918801579276287,0.8342114369027491,0.33473144871946414,0.02753128608696147,0.026451152882132352,0.008250265580618218,0.0912190046763581,0.08531170989731947,0.027846556136223242,1.5942949104180646,1.3395331617192634,0.5066435083140893,0.9918801579276287,0.8342114369027491,0.3347314487194642,0.0912190046763581,0.08531170989731947,0.027846556136223232,1.5942949104180646,1.3395331617192634,0.5066435083140893,1.6227804897807871,1.380262409136605,0.5086937278067164,1.7663670848486324,1.4762452301655058,0.5481724719810933,20,1.0,0.9954544829802601,0.9963542992976268,0.0036715615696930304,0,0.0,0.12474373430843885,0.11078790355485929,0.04695047086209103,2.136210156160317,1.9685475111214177,0.6659633986814435,17.474426799410008,16.79847812840564,3.0270293896051474,0.9954544829802601,0.9963542992976269,0.003671561569693016,20,20,1952.15,1952.0,0.9333020044867295,58.37093760129186,55.83300099845109,11.304280485087139,102.1509728546213,99.79494069090391,13.039754088557052,17.553047569586774,16.8668587151748,3.0325435026506438
front,log-0054,20.0,oracle-isotonic,training_window,1.5714874589281373,1.6614690525610585,0.3477240124077674,0.037130144586111156,0.03631785761442627,0.006966313384850761,0.12365445037765185,0.12416269524075432,0.021840630081380766,2.1326849112149673,2.239167908415518,0.39852024737685837,1.5714874589281373,1.6614690525610585,0.3477240124077674,0.12365445037765185,0.12416269524075432,0.021840630081380766,2.1326849112149673,2.239167908415518,0.39852024737685837,2.1543178401929612,2.2273865135477706,0.37023483751066283,2.2852292708644986,2.3461205845612723,0.5280277937039962,20,1.0,0.992093432713198,0.9922616436298821,0.002721300561720429,0,0.0,0.13847373572337515,0.13538500115256621,0.02224911897767838,2.389782932185132,2.494570873553533,0.3859813518986805,17.262690111110523,17.457333458850748,2.6765461971299875,0.9920934327131979,0.9922616436298821,0.002721300561720424,20,20,1951.8,1952.0,0.8335087534664908,58.24293313560911,60.146041560827534,10.415209533105278,99.46294360665297,99.33895004070285,19.36082871658151,17.397738027161743,17.618503244761886,2.680162677171985
front,log-0055,20.0,oracle-isotonic,training_window,1.829010897707271,1.808101775074686,0.20453027385855768,0.03359724915593166,0.03389839346197325,0.004272240203300449,0.11054057078004609,0.11257924346504557,0.012236000780331598,2.563142800998635,2.48706024455797,0.3468795964262131,1.829010897707271,1.8081017750746857,0.2045302738585577,0.11054057078004609,0.11257924346504557,0.012236000780331602,2.563142800998635,2.48706024455797,0.346879596426213,2.5087579326495026,2.3395379927850324,0.4284457669931446,2.596271441122651,2.599428703426498,0.2821964199912736,20,1.0,0.99379917032356,0.9936417770118011,0.001360165037969674,0,0.0,0.11282150310101854,0.1143983742400474,0.01232117689203686,2.620676576165323,2.48783184771796,0.39042308647662155,23.186435090900332,23.96842536645518,3.0507482868961833,0.99379917032356,0.9936417770118011,0.0013601650379696348,20,20,1951.6,1952.0,0.6805570473787206,77.07593678725371,80.53965844899051,11.228753853868179,134.57907958390192,133.48267356898805,6.087781796748288,23.329348300624936,24.13548559126675,3.0570026853232135
front,log-0056,20.0,oracle-isotonic,training_window,1.7120262973883296,1.6605395441145878,0.297162948379639,0.03386228763425032,0.0320256230775907,0.008080198315992746,0.11562374231539377,0.1078595136004808,0.02511099052133883,2.470629400209606,2.4784206938085536,0.3617875508350739,1.7120262973883296,1.660539544114588,0.297162948379639,0.11562374231539377,0.1078595136004808,0.02511099052133883,2.4706294002096056,2.4784206938085536,0.36178755083507397,2.64728953624342,2.5849214879971,0.48012607787582967,2.800019291633767,2.7260427837928436,0.5073683669834462,20,1.0,0.9929864900891889,0.9941621484942134,0.0032358128600414315,0,0.0,0.1250599110712755,0.1173010449851816,0.025159983389640053,2.666677921821771,2.6662519339701545,0.30296721620781786,21.590099022560107,22.5480263081987,2.5546915454900363,0.9929864900891887,0.9941621484942134,0.0032358128600413994,20,20,1951.75,1952.0,0.4442616583193193,74.75668150812339,76.44295015032884,10.743039795789214,121.37839398293427,120.06269069374967,8.230846730312631,21.73703633782583,22.699427707714452,2.526097229757916
front,log-0058,20.0,oracle-isotonic,training_window,1.6629158912981468,1.5414868687679348,0.3475747050928025,0.03403119170449848,0.03507588931207371,0.007117348555459802,0.11547053785985253,0.11194687760073124,0.01988876795317558,2.460395562941361,2.4111962538672307,0.44478161680274814,1.6629158912981468,1.5414868687679348,0.34757470509280247,0.11547053785985253,0.11194687760073124,0.01988876795317558,2.460395562941361,2.4111962538672307,0.44478161680274814,2.481628928561949,2.4708639211176306,0.6267998595473654,2.7813633858744744,2.8575779030144455,0.4771382269255206,20,1.0,0.9931189886509282,0.9937136627975861,0.002393924580835165,0,0.0,0.13738813503081304,0.1426816022413267,0.01779242225066886,2.9320639189673137,2.815651551256018,0.43368963912118347,21.28407215473174,21.740527636934317,2.3959016805256637,0.993118988650928,0.993713662797586,0.0023939245808350896,20,20,1952.25,1952.0,0.4442616583193193,73.39715795583966,76.75806874025247,9.517417280607797,127.91790072313816,126.85292950976654,13.880700211845872,21.429831641718142,21.86444069003035,2.3993105135710584
front,log-0063,20.0,oracle-isotonic,training_window,1.3137238452673274,1.3042675731475144,0.07977921191965841,0.02930941821105426,0.028754208296304783,0.0011175449321548022,0.09547657168809162,0.09436829366849246,0.0026302501226234216,2.4353646453388813,2.444202790037682,0.12770141069560823,1.3137238452673274,1.3042675731475144,0.07977921191965841,0.09547657168809162,0.09436829366849246,0.0026302501226234177,2.4353646453388813,2.444202790037682,0.1277014106956082,2.576111740757407,2.493693039119973,0.13134320232144853,2.879864985189701,2.787708408567368,0.14686138802225338,20,1.0,0.9954283444527698,0.99553734615798,0.0002575466930397986,0,0.0,0.09795245216590562,0.09696263563316534,0.0024648633453452752,2.4992061397793335,2.5189540389651626,0.1400028697668393,25.39625368037677,25.98223683659345,1.2372156264705563,0.9954283444527698,0.9955373461579797,0.0002575466930398281,20,20,1952.55,1953.0,0.5104177855340404,83.16375347095854,85.57952583332143,4.515773458238061,125.17184139532921,125.27300965539557,0.20545824157271755,25.512841592747776,26.096842782327613,1.2419320542560552
front,log-0071_183,20.0,oracle-isotonic,training_window,1.3735163285031833,1.3747283730076578,0.224609654571213,0.030390305561480212,0.029425701798712525,0.00410439350488745,0.10070139375816234,0.09921879485690772,0.013894385658349913,2.0161662323907716,1.9268249877019983,0.33628395664500677,1.3735163285031833,1.3747283730076578,0.224609654571213,0.10070139375816234,0.09921879485690772,0.013894385658349911,2.0161662323907716,1.9268249877019983,0.33628395664500677,2.1402791665223235,1.9675504184593433,0.5393150664667968,2.2656494344195353,2.220790774204457,0.33415615375065844,20,1.0,0.9948235203860699,0.9950649450236111,0.0014478029266339753,0,0.0,0.1045631432201948,0.10249191978184877,0.0128168849658459,2.093465198955667,2.050395903998019,0.31922552373833746,19.901199653293578,19.763268731154124,1.380681195299631,0.9948235203860699,0.9950649450236113,0.0014478029266340171,20,20,1951.9,1952.0,0.5525062514530825,66.2963852717636,65.73376636834499,5.229316455433455,116.93344785331578,116.58164291336837,11.840712295688189,20.004981400675998,19.877035480009262,1.3923823449930155
front,log-0072_184,20.0,oracle-isotonic,training_window,1.419340769452,1.4605724093879493,0.23186810675076722,0.029220182396197964,0.02963428348950547,0.003112464931878817,0.09851482722957636,0.09860828337911595,0.010082076554107448,2.066298606736527,2.1446636630120453,0.3346246990411833,1.4193407694520002,1.4605724093879493,0.23186810675076722,0.09851482722957636,0.09860828337911595,0.010082076554107448,2.066298606736527,2.144663663012045,0.3346246990411833,2.050325161563538,2.1533678521265656,0.3124617231606952,2.176946173595325,2.247327969390631,0.3408193181508996,20,1.0,0.9950866252972055,0.9951261653293202,0.0009575826387830251,0,0.0,0.10670119717071172,0.10998684844601167,0.011479197074430694,2.2353079429990403,2.300866588773596,0.3551863036500661,20.86823987855604,21.717093027627513,2.6048778799460117,0.9950866252972057,0.9951261653293206,0.0009575826387829627,20,20,1952.15,1952.0,0.6708203932499369,70.86150114782642,73.9698658824876,9.817752921106791,124.8855385164624,123.08872597145782,10.915596660913087,20.971298181463393,21.827826171126148,2.6177878328680353
front,log-0073_185,20.0,oracle-isotonic,training_window,1.2311485467892926,1.1787453890495976,0.22982711527953242,0.029350139150144044,0.02939063228962914,0.005936527850156169,0.09707379182691125,0.0935683556548897,0.01882700098767488,1.7628255652465092,1.778579747250815,0.29655458476651286,1.2311485467892926,1.1787453890495976,0.22982711527953242,0.09707379182691125,0.0935683556548897,0.018827000987674876,1.7628255652465092,1.778579747250815,0.29655458476651286,1.810198578086539,1.8638400778363022,0.3576279521900495,1.9246006472284107,1.894938477003619,0.3810151081126521,20,1.0,0.9951059795378476,0.9956125583589566,0.0020609809840419387,0,0.0,0.10199292339517725,0.0964362039115616,0.024347678283113117,1.8505351662228606,1.7964708043972242,0.37550032037040043,18.488520498390933,18.87400077954887,3.812000688676708,0.9951059795378476,0.995612558358957,0.0020609809840420475,20,20,1951.8,1952.0,0.41039134083406165,61.84740138608024,60.15593034287218,14.147378995754199,110.88242854147093,112.00114700513741,18.53881245126597,18.575416145139158,18.960273121344898,3.8079125938690437
front,log-0046,40.0,oracle-isotonic,full_log,1.8047798834064597,1.7886328509290563,0.046048837150545384,0.03998104756254755,0.03959204254080545,0.0014745867711952942,0.13190283992560461,0.1306194601684126,0.00486485959461422,2.712938792840278,2.6865426156905228,0.10005900042329703,1.8348240096772397,1.8054009623745138,0.07990581375384348,0.1332955299561547,0.13157536993670008,0.0058920825202261875,2.741583231522662,2.7062034864822713,0.12118661924757235,5.297032969302589,5.226262781952597,1.5937863034959392,3.2185815337868227,3.1748674906755094,0.11724948585209406,20,1.0,0.9913440204770454,0.9914879816570505,0.0005780970122721517,0,0.0,0.13190283992560461,0.1306194601684126,0.00486485959461422,2.712938792840278,2.6865426156905228,0.10005900042329703,20.421015292512894,20.284069179846544,0.2804329910466639,0.9928679254966275,0.9862096178248383,0.013634626783879807,20,20,3903.65,3904.0,0.6708203932499369,67.85562055611665,67.85562055611663,1.4580029302424492e-14,165.89980059488886,165.8998005948889,2.9160058604848984e-14,20.56770570194259,20.567705701942586,3.645007325606123e-15
front,log-0048,40.0,oracle-isotonic,full_log,2.0249188405528065,2.004261499156141,0.07620792151748049,0.0402515553181879,0.03982510851463063,0.001316141873261819,0.13937272407890816,0.1378961338647739,0.004557197273515811,3.127547832821333,3.0944128951590244,0.10226428844466139,2.043923641218682,2.0217013998556097,0.1082223178136896,0.14309816057758296,0.14287160118186248,0.006103165686677258,3.211147266819245,3.206063235120978,0.13695608479253105,4.052497179107326,3.611814538180706,1.0851758703697667,4.052497179107326,3.611814538180706,1.0851758703697667,20,1.0,0.990662782824462,0.9906843303065891,0.0002618458689518986,0,0.0,0.13937272407890816,0.1378961338647739,0.004557197273515811,3.127547832821333,3.0944128951590244,0.10226428844466139,21.871192535400926,21.954381741097603,0.565873315076505,0.9746446243040549,0.9783517798238628,0.025216978163569534,20,20,3903.7,3904.0,0.6569466853317862,77.7000493048807,77.70004930488071,1.4580029302424492e-14,147.02804677703884,147.0280467770388,2.9160058604848984e-14,22.440171514841165,22.44017151484117,3.645007325606123e-15
front,log-0049,40.0,oracle-isotonic,full_log,2.701816646777472,2.68020761163747,0.2870324978879551,0.051791546000833945,0.050919613801649166,0.004387882390111107,0.17207608015179238,0.16917910783527895,0.014578626439250132,4.170190743897216,4.099983849778092,0.35330682208745595,2.373187231569874,2.3339920005988892,0.1593625176363442,0.17918534206589276,0.17557736157080023,0.017495098065442912,4.342480687996188,4.255042812542934,0.42398627369780995,6.461444115426593,5.955721247034658,2.6426402037499597,4.457570380340187,4.338451652073795,0.5390919964918884,20,1.0,0.9879183939485177,0.9884978573146302,0.0013354826959531055,0,0.0,0.17207608015179238,0.16917910783527895,0.014578626439250132,4.170190743897216,4.099983849778092,0.35330682208745595,22.21564323702016,22.056297625966145,0.6851966632924352,0.9166920750259393,0.9101169397807006,0.028273516295386953,20,20,3904.55,3904.0,1.5035046776746235,80.5187538489403,80.51875384894029,1.4580029302424492e-14,128.68361647506669,128.6836164750667,2.9160058604848984e-14,24.23457542860456,24.23457542860456,0.0
front,log-0054,40.0,oracle-isotonic,full_log,2.3645832516358065,2.348288440526269,0.08728920658899203,0.05291444193060516,0.05112677190423401,0.0037212593033339528,0.1764435694125425,0.17048257145288526,0.012408564660872057,3.165509139164865,3.058565068702772,0.22261749163592073,2.422348291452144,2.3899006742335693,0.14746219506677472,0.1833914278033161,0.18320675849260387,0.014340921119303653,3.290158109409817,3.2868450252734607,0.2572851876571204,8.77795452535912,8.69379242075755,4.944253736760146,3.7744886390265977,3.32128739524751,1.0809662182022954,20,1.0,0.9849056126815375,0.9855489954533808,0.0020251877937033486,0,0.0,0.1764435694125425,0.17048257145288526,0.012408564660872057,3.165509139164865,3.058565068702772,0.22261749163592073,17.31512163068313,17.27517393050212,0.5786300059232624,0.9651344320983615,0.9629077713939103,0.03225248739646231,20,20,3903.7,3904.0,0.9787209698591859,59.823160250207,59.82316025020701,7.290014651212246e-15,135.8929688934449,135.89296889344487,2.9160058604848984e-14,17.940631952211263,17.94063195221126,3.645007325606123e-15
front,log-0055,40.0,oracle-isotonic,full_log,2.525462940913463,2.519083384617802,0.022677822988005,0.0425109550020024,0.042723628616741484,0.0007951722495231308,0.1465895619907993,0.14732291959309576,0.00274197443363349,3.4745626606137003,3.4919451870856486,0.0649920898464673,2.5293570538046484,2.5236618908833774,0.03431103130016046,0.14761288798513972,0.147442101934807,0.0035922832237018144,3.498818209516928,3.494770125701267,0.08514667064907895,3.579797485433377,3.5328778527783773,0.1646607757137183,3.4023159245025467,3.402450665999913,0.07655476317279024,20,1.0,0.9893746728380279,0.9893507364732307,0.0003471430653592111,0,0.0,0.1465895619907993,0.14732291959309576,0.00274197443363349,3.4745626606137003,3.4919451870856486,0.0649920898464673,23.19312964562307,23.005839063643943,0.38091947680702326,0.9785032097671827,0.9706015406769863,0.01607074751935638,20,20,3903.2,3903.5,0.894427190999916,81.73334756770427,81.73334756770429,1.4580029302424492e-14,144.98409225186288,144.98409225186288,0.0,23.70266077220274,23.702660772202737,3.645007325606123e-15
front,log-0056,40.0,oracle-isotonic,full_log,2.6138773202905035,2.6073551573878264,0.0999177654536397,0.04763258914956124,0.04743980906544773,0.00142062384549563,0.1641191507065765,0.16345492261730532,0.004894791216664344,3.6967350245286887,3.6817734845054,0.11025371536774216,2.722145617096562,2.7254568737326075,0.1467673234311151,0.16791190420429813,0.16695232308836916,0.006566731176899023,3.78216566826568,3.760551389219885,0.1479136653693052,6.126583472089771,6.475154971798441,1.7519814057947907,3.853539066705391,3.8153628007414095,0.12639948221396566,20,1.0,0.9866383222163255,0.9866533700547779,0.0007587883866762305,0,0.0,0.1641191507065765,0.16345492261730532,0.004894791216664344,3.6967350245286887,3.6817734845054,0.11025371536774216,22.14834733585834,22.1397137454465,0.4706642421427788,0.9832914531867953,0.982908158869908,0.020895469969010174,20,20,3903.55,3904.0,0.5104177855340405,77.60936557366924,77.60936557366922,1.4580029302424492e-14,148.73146404505894,148.7314640450589,2.9160058604848984e-14,22.52470238002855,22.524702380028554,3.645007325606123e-15
front,log-0058,40.0,oracle-isotonic,full_log,2.3543989571624104,2.346245095746197,0.059375296566277554,0.04119538728781888,0.04095921355215678,0.0016238733895688681,0.14147132183438918,0.14066026475333188,0.005576631997872427,3.309943161318529,3.2909672105457832,0.1304740402875138,2.5413952412881637,2.4670620577322957,0.2385250215080695,0.15044308967562703,0.1458211130284998,0.011482605115885633,3.519851722474166,3.411713339397194,0.26865353192881547,4.362558580573289,3.9551814457544423,0.9119074943348143,4.362558580573289,3.9551814457544423,0.9119074943348143,20,1.0,0.9901175546767409,0.9902190921859453,0.0006950426402346562,0,0.0,0.14147132183438918,0.14066026475333188,0.005576631997872427,3.309943161318529,3.2909672105457832,0.1304740402875138,23.1103885684181,23.08625490768862,0.46479189172511304,0.9877683874118443,0.9867368830271158,0.01986581644926627,20,20,3904.35,3904.0,0.5871429486123998,80.3474218652934,80.3474218652934,0.0,161.1697294857218,161.1697294857218,0.0,23.396566303333564,23.39656630333357,7.290014651212246e-15
front,log-0063,40.0,oracle-isotonic,full_log,2.2681681885909803,2.273421619857978,0.015699656099313064,0.04065816075513451,0.04098715828038474,0.000593616093276125,0.12580829133201984,0.1268263063070078,0.0018368225471888078,3.4539306579966906,3.4818791588083835,0.05042797769418797,2.2349593172448072,2.2351275259878265,0.013999019389412896,0.12704196743981438,0.1275680019231445,0.0010348577303698834,3.487799902111169,3.502241610283983,0.028410900456126757,3.1994699914601696,3.221166887288612,0.03710184762090445,3.518918372478315,3.547968319889026,0.04924840795825409,20,1.0,0.9930025005457377,0.9928786333926689,0.00024867701985325683,0,0.0,0.12580829133201984,0.1268263063070078,0.0018368225471888078,3.4539306579966906,3.4818791588083835,0.05042797769418797,28.453602712833213,28.447077927177723,0.024001989354233123,1.036413146064121,1.0361754828867427,0.0008742645896014448,20,20,3904.6,3905.0,0.5026246899500346,84.9504894920883,84.9504894920883,0.0,153.67050225201808,153.67050225201805,2.9160058604848984e-14,27.453919144974673,27.453919144974673,0.0
front,log-0071_183,40.0,oracle-isotonic,full_log,1.7508486626491773,1.736912351090332,0.05613719878233566,0.03135074283532045,0.031178427883481845,0.0006831378000709906,0.10988522372884266,0.10928125504031515,0.0023944169486745984,2.4840582035923378,2.470404926795525,0.054128033436532705,1.7944109825108803,1.7694251600011248,0.08955402148857458,0.11209768879661412,0.11169978222487947,0.0037583778405936136,2.5340730446716178,2.525077994652702,0.08496164443514438,5.0963567472481905,5.307643557918185,1.199529047969517,2.510716436360283,2.5069225553845698,0.06963751855976703,20,1.0,0.9939838919647533,0.9940332395938656,0.0002775653966488622,0,0.0,0.10988522372884266,0.10928125504031515,0.0023944169486745984,2.4840582035923378,2.470404926795525,0.054128033436532705,22.39197861517976,22.40666016257976,0.19385837623544852,0.9905353974001697,0.991184852843042,0.00857555230128511,20,20,3903.8,3904.0,0.8335087534664908,79.2344288822956,79.23442888229562,1.4580029302424492e-14,152.4462174422029,152.4462174422029,0.0,22.60593480450205,22.605934804502045,3.645007325606123e-15
front,log-0072_184,40.0,oracle-isotonic,full_log,1.8448257375808197,1.8175996541398667,0.061449241020264736,0.03589390785579595,0.03553600516179021,0.0009603867628265513,0.11853090604180574,0.11734901938945971,0.0031714438451706894,2.5423369612655753,2.516986997946928,0.06802343099707596,1.9296846532953218,1.9355781179752247,0.09837733714045017,0.12397323092512429,0.1245817087292187,0.004775429403972016,2.6590678980998566,2.672118971976852,0.10242687822997364,4.168931688750728,3.6517123456616876,1.372887015942336,2.564713297172182,2.5529035742239286,0.060297593005877045,20,1.0,0.9932023543961748,0.9932876864917197,0.00022327796984699945,0,0.0,0.11853090604180574,0.11734901938945971,0.0031714438451706894,2.5423369612655753,2.516986997946928,0.06802343099707596,21.33025393558908,21.11003658063602,0.493842995287731,0.9944764850637983,0.9842093320441913,0.023024350652839875,20,20,3904.55,3905.0,1.0500626547722611,70.82920509740634,70.82920509740632,2.9160058604848984e-14,152.19039707482895,152.19039707482895,0.0,21.44872629564559,21.448726295645585,3.645007325606123e-15
front,log-0073_185,40.0,oracle-isotonic,full_log,1.663832620163096,1.6637889306414242,0.03337887715932384,0.038102104661676364,0.03822216503902956,0.0023690116951002762,0.13472412361485048,0.13514864161099271,0.008376519546352901,2.609350134072031,2.617572240554731,0.16223725799707953,1.69128019123638,1.6421321239221052,0.11091321749273247,0.13678012686752322,0.13571411361853536,0.008065553801045362,2.6491710081595183,2.6285243582535154,0.1562144427251114,10.122065984405058,11.528869191230529,5.309697948442786,3.234130054318779,2.9820747333800135,0.544428989127544,20,1.0,0.9910720422887371,0.9911965492248336,0.0010514801380912824,0,0.0,0.13472412361485048,0.13514864161099271,0.008376519546352901,2.609350134072031,2.617572240554731,0.16223725799707953,18.849784761426605,18.821606483285393,0.23369078961656295,0.9732387766407967,0.9717838956809826,0.012065757836347429,20,20,3903.6,3904.0,0.5026246899500346,68.48309712131342,68.4830971213134,1.4580029302424492e-14,149.9043725573418,149.90437255734173,5.832011720969797e-14,19.368098778891632,19.368098778891632,0.0
front,log-0046,40.0,oracle-isotonic,full_log_excluding_training,1.8303944995210177,1.8144676385004561,0.06438256828939716,0.04043086749177453,0.04012368755199826,0.0016799047748925044,0.13365060837944492,0.1324073040945804,0.005863826882911162,2.748209665179725,2.7132028526027447,0.13360383306227272,1.8676870742719984,1.858472039802102,0.09848438979228916,0.13533874545828095,0.13425371393782337,0.006982860873827537,2.783018838199896,2.756892734641655,0.15693703047461505,5.482596631446772,5.678657700401372,1.5492456318381211,3.252913355678833,3.230422872980207,0.14851914543493375,20,1.0,0.9911220126146942,0.991246736497029,0.0007133846917430445,0,0.0,0.13366818227249605,0.13241414063459078,0.005873557517114574,2.748572040301386,2.713893663747933,0.13381125710943212,20.408539900685454,20.353266749799275,0.3917952673824731,0.9926407113185938,0.985407661370789,0.014939985227670415,20,20,3903.65,3904.0,0.6708203932499369,67.95648525998527,67.87257303949936,0.7076387305497307,164.6871923043105,165.8998005948889,2.78972766360082,20.558875018223517,20.551760555112224,0.13083039718275494
front,log-0048,40.0,oracle-isotonic,full_log_excluding_training,2.1059206725975423,2.081634121034604,0.09019766510770189,0.041207829125592024,0.04110179353065192,0.001312655740774906,0.14337241876201862,0.1436458213021783,0.004693897949484021,3.2271074246406073,3.1909983605413745,0.10877845966945085,2.1409073138824715,2.1169196809595645,0.10959314168978572,0.14791228287814498,0.14625126772584457,0.0059198053720526875,3.32972765797863,3.314097925293726,0.1466864926579851,4.155364036883451,3.710893730923127,1.0805267215055523,4.103221021793504,3.6239334641466794,1.0661226385772193,20,1.0,0.9901769643184769,0.9901927059500766,0.0005280969918628095,0,0.0,0.14343091180207684,0.14366620970605493,0.004691381192358677,3.2284296881078163,3.1912864000073142,0.10890028629473834,21.903514532997413,21.89059261435964,0.5601786239591579,0.973219261415033,0.9778600903953418,0.027773177017461008,20,20,3903.7,3904.0,0.6569466853317862,78.31220898532187,78.29226327867502,0.749561241565174,146.46702778775173,147.0280467770388,0.9604523441333167,22.509737239593996,22.45820799698266,0.28212165441682896
front,log-0049,40.0,oracle-isotonic,full_log_excluding_training,3.0574350912921253,3.051914205472472,0.39741738049704445,0.055539530205003795,0.054414868353522286,0.004889264754030927,0.17911504031392086,0.17412359026604834,0.014522860117967228,4.491862152340566,4.437566360561879,0.422569716444152,2.670310377797489,2.632975560593766,0.24744808702333834,0.18865255839400305,0.1825780732098675,0.01831593294713771,4.732224143545575,4.663327513037806,0.5196102067834345,6.750447014926328,6.106432159813034,2.5773084955680203,4.686947944219369,4.501112553607362,0.5708900281565975,20,1.0,0.9876741026132804,0.9879304843144217,0.0012683571794442083,0,0.0,0.17946235822175743,0.17443024956931846,0.014656895072282836,4.500615155701494,4.445398795244843,0.4260233646176572,22.661457902494604,22.849226218961967,0.46747091234543636,0.9050402397374592,0.9000178418531622,0.03181336656944018,20,20,3904.55,3904.0,1.5035046776746235,80.83797044654399,80.87941667513564,1.0695688259142524,124.64124277774889,128.6836164750667,5.727649165650397,25.05856595667388,25.347743280955598,0.7238994532162152
front,log-0054,40.0,oracle-isotonic,full_log_excluding_training,2.3887749848676276,2.375605526757277,0.09361837906510195,0.05334718653306729,0.05174517204463078,0.0035787024438465992,0.17824880460419393,0.1726341109764511,0.012324544910268442,3.199895099262826,3.096659569853652,0.23696713423575252,2.46321604954514,2.4138549033243004,0.1656716069545985,0.1859732861179405,0.1866322679430264,0.014815451946852706,3.3381325103995727,3.346968109952982,0.2747229381008794,8.796191485986956,8.71139106975565,4.955376632366561,3.811547346404106,3.3542254834572267,1.0844116080167159,20,1.0,0.9846503146774317,0.9851615402398088,0.0020345471154155203,0,0.0,0.17827487219824364,0.17268829898993587,0.012323118002234254,3.200361537990883,3.097048530954633,0.23692758044632412,17.295507389241465,17.2991916877355,0.514905759188783,0.9638897792370372,0.961687625341766,0.03373499725317194,20,20,3903.7,3904.0,0.9787209698591859,59.95955152596881,60.17680960432782,0.6612304778175134,135.42112759104097,135.89296889344487,1.4522968856582583,17.946929483484883,17.978390290546102,0.15663125926183688
front,log-0055,40.0,oracle-isotonic,full_log_excluding_training,2.638699402449517,2.6219721153438225,0.04438242982961281,0.04422371534257291,0.04455816533448278,0.001028268283869352,0.1522776063006041,0.15271301599897663,0.003903507808308177,3.611092548198721,3.607763576045957,0.07363253800061172,2.6500808773858546,2.6517424113865893,0.0603905069203594,0.15371996267922647,0.15335300860381285,0.005246822814884774,3.6448629113853586,3.6246892680021228,0.09358155509019601,3.7358634889037403,3.6881119357075436,0.1501534986379209,3.5392257700113894,3.5348940301496707,0.09199590171706376,20,1.0,0.9885978763549618,0.9885081352188365,0.0004909035640446693,0,0.0,0.1523186474344085,0.15273102523548354,0.003931777746338277,3.6120533415274965,3.608267544303652,0.07380547911256106,23.13987793209001,23.15330345024205,0.8304006303841877,0.9752665659606766,0.9676060250864158,0.019521330599424017,20,20,3903.2,3903.5,0.894427190999916,81.66677312821068,81.66331279239847,1.0580713563683417,140.67471368704574,144.53641237003515,5.131132207411813,23.721695787544757,23.532664190255915,0.5002734935083873
front,log-0056,40.0,oracle-isotonic,full_log_excluding_training,2.6989404706847284,2.7166342223233984,0.11866216815376968,0.04958290103689682,0.049908310501175376,0.0018945357159674458,0.16994507750351023,0.17120573502704078,0.00653891718672705,3.818911609779735,3.8264832836469793,0.12352289024801856,2.858481847009789,2.891720468187523,0.18546391885144217,0.17485683438249874,0.17618906776175194,0.008798694885976073,3.929132874810891,3.922139286621489,0.17717807862606305,6.236182995110191,6.587857502093044,1.6658353567489572,3.9601111853736413,3.9375282451125226,0.13033563838116205,20,1.0,0.9857073085900157,0.9855192888058304,0.0010999725926475776,0,0.0,0.17003930118877403,0.17129461374824884,0.006550567394859266,3.821026060596523,3.8288147171649722,0.12373006337863686,22.047644636089164,22.093129391083064,0.48499950651500695,0.9809755227176481,0.9813776694384384,0.023459638752849524,20,20,3903.55,3904.0,0.5104177855340405,77.0423398592641,76.99059504858289,0.9734516411061839,148.3074814549624,148.7314640450589,1.896107785464553,22.477672416588316,22.4434557617842,0.2691029047718522
front,log-0058,40.0,oracle-isotonic,full_log_excluding_training,2.370261052759891,2.359822077976403,0.07270939974451192,0.04139713224530255,0.04100344309122861,0.0016192716757991805,0.1422450593504676,0.14061389795596585,0.005531552182452701,3.3429494151189765,3.308883698924959,0.1492356671938679,2.617505442058002,2.528938516822951,0.28522684965840633,0.15304368887496025,0.14831769642596096,0.012802044306391125,3.5967976174289285,3.4801733015577065,0.31094108868450315,4.434553194940653,4.053375926887455,0.9013694426959682,4.434553194940653,4.053375926887455,0.9013694426959682,20,1.0,0.9900580643920565,0.9902574443274403,0.0006806733679594649,0,0.0,0.14236005728468076,0.14069028465381658,0.00553694465556969,3.345652824530201,3.3112451783234995,0.14936984125738326,23.224752100310937,23.089633159182505,0.5745842568022412,0.9883971918325166,0.9870577694984234,0.022579399112573336,20,20,3904.35,3904.0,0.5871429486123998,80.74115627331489,80.66507267096593,0.7997104136895024,161.04636639029096,161.1697294857218,0.3012917839365238,23.497166238470506,23.498603720147074,0.19340311483702607
front,log-0063,40.0,oracle-isotonic,full_log_excluding_training,2.7318020312633995,2.771426302049776,0.07338890954076681,0.04505175788202888,0.0459270216094031,0.0016932368069432428,0.13441594792721231,0.13697817140655427,0.0045390009351122095,3.8479072535826715,3.9135691587341235,0.10979946727872306,2.6672428707515516,2.7066901938068826,0.07844876243833224,0.13667356089874377,0.13828759189103373,0.003063360577394,3.912753993286734,3.951217793014713,0.06669128016324538,3.3180212803776294,3.361936770267433,0.06653437265578488,3.6437589331402522,3.7015102338871193,0.08861802213105817,20,1.0,0.9924484132664315,0.9921273278873806,0.00057633715031032,0,0.0,0.1346409442033504,0.1371078164832411,0.004389938725795173,3.8543701077132533,3.917295858309599,0.10545564129731563,29.99434357988099,29.93577865276252,0.1723859367695985,1.047588048501238,1.0477872334759102,0.0008637772858959276,20,20,3904.6,3905.0,0.5026246899500346,85.44005110038454,85.57720694749167,0.905941007894486,132.9935514667307,132.99355146673068,2.9160058604848984e-14,28.631804219550368,28.576107332571745,0.16142838106794138
front,log-0071_183,40.0,oracle-isotonic,full_log_excluding_training,1.7696220357379275,1.7676267082352968,0.0485012462502399,0.03144109372805022,0.03126124984365031,0.0005215012807433963,0.11019487995464676,0.10987542088921554,0.0019281995432864996,2.5083861938445864,2.5003137561772855,0.042725638342360255,1.8265466475381438,1.8056576075659847,0.09267342232269035,0.11281137086718962,0.11377787397423597,0.0038531619568299685,2.5679553331320197,2.5782017166054927,0.08746133365101588,5.251606059788077,5.294356419393351,1.039390718343241,2.5319780008194153,2.5270949027912692,0.06313953493425241,20,1.0,0.9939577839538793,0.9939721684149512,0.00023639877138746266,0,0.0,0.11021653909404139,0.10994306286834686,0.0019353543416098264,2.5088793095473116,2.501756043276369,0.04289796073462413,22.541294586986737,22.5406243056132,0.18178644541204347,0.990255881894299,0.9906701100945364,0.009316538736133737,20,20,3903.8,3904.0,0.8335087534664908,79.78017827473386,79.77832854093944,0.20691443595141767,150.8564399227558,152.4462174422029,4.81132268440112,22.763470631443553,22.76730129374366,0.07428257836737263
front,log-0072_184,40.0,oracle-isotonic,full_log_excluding_training,1.8640750228492013,1.8520063127484705,0.061169655904169125,0.03648913683318329,0.03592943554588729,0.0010645541001335994,0.11978023271799351,0.11800799570830808,0.0037933384661790913,2.5636614764713923,2.5524092600806974,0.07449608453766893,1.9793554222656824,1.9750754264061632,0.09278595091764924,0.12665866028517922,0.1274143866039181,0.005397121675466597,2.7103760857420602,2.7110496173388388,0.0969366714729284,4.3831789020627,3.8045869711771214,1.458296954845849,2.5799276364376618,2.577408275987298,0.07715297639951187,20,1.0,0.9931118239020963,0.9931923674626773,0.00028724477816141245,0,0.0,0.11987038750219688,0.11806710189521712,0.003781961188483803,2.5655843580915816,2.5536763087357364,0.07398301332652056,21.2769229748849,21.1978574352487,0.4516245035500205,0.9941334416554038,0.9830061493906327,0.025639391926456485,20,20,3904.55,3905.0,1.0500626547722611,70.2637809943138,70.1815898743203,0.8710450485013189,151.18552597710473,152.19039707482895,2.839595846345802,21.40590530430816,21.380185173495867,0.2402218136278032
front,log-0073_185,40.0,oracle-isotonic,full_log_excluding_training,1.706176995165509,1.725044699251025,0.05478615636205158,0.03874247070836735,0.03872078194401958,0.00234180634404075,0.13805086473729375,0.1396577699018628,0.00839919103436642,2.687818011008165,2.7162332547931447,0.20441628126155692,1.7437611761162803,1.7127249759633856,0.11193946172709836,0.14068137903363706,0.14079547926541464,0.007595521394589562,2.739049120700405,2.7271937981887633,0.19329120153791524,10.241842172273955,11.565931553301867,5.1991725087039375,3.3356501632792765,3.1161120138150755,0.546093595924757,20,1.0,0.9906780388052228,0.9906837939403584,0.0010318556257862882,0,0.0,0.13809558372643488,0.13967893054667463,0.008380980880629574,2.6886889511364718,2.716474605219762,0.20415103143724367,18.875939457931512,18.750127066093242,0.44663897856834506,0.9702595252628476,0.9689525330682032,0.013349447637029237,20,20,3903.6,3904.0,0.5026246899500346,69.33431370640665,70.18426064186738,1.9313703635892678,148.72515744150877,149.90437255734173,2.9385713759980447,19.455999522967012,19.525377611136033,0.44633809242953154
front,log-0046,40.0,oracle-isotonic,training_window,1.5435016100728376,1.5255533033073174,0.1962054513084149,0.034226994859872004,0.03349753670091955,0.003664282190502017,0.11229152296388065,0.11015025021696126,0.01316944320880142,2.302667010350602,2.3365201723099007,0.34788191950895697,1.5435016100728376,1.5255533033073174,0.19620545130841488,0.11229152296388065,0.11015025021696126,0.013169443208801423,2.302667010350602,2.3365201723099007,0.347881919508957,2.5612558070176754,2.4976173183171166,0.44900292009540727,2.764848969728645,2.699491621188389,0.4485644772612277,20,1.0,0.9935911923334759,0.9939149277461462,0.0015874060554449878,0,0.0,0.11414513719667634,0.11213426475174014,0.01276848764494867,2.3392119957191655,2.3476528909983037,0.33405913941804044,20.31929238518196,20.5360592152148,1.147943437609868,0.9935911923334759,0.9939149277461464,0.0015874060554451298,20,20,3903.65,3904.0,0.6708203932499369,67.13316032638403,66.74367318533224,5.454162010249214,133.38767325668186,128.48474116409312,16.762734794081542,20.451080613159224,20.6791755745095,1.1680286210951492
front,log-0048,40.0,oracle-isotonic,training_window,1.2752678632987315,1.332125155022213,0.29717820224565406,0.030096219883118235,0.029628119822002415,0.005187319432533693,0.10138774678564814,0.10051356740272313,0.0173552429249706,2.01125091240855,2.090318335044649,0.34942365747846516,1.2752678632987315,1.3321251550222133,0.29717820224565406,0.10138774678564814,0.10051356740272313,0.017355242924970597,2.01125091240855,2.090318335044649,0.3494236574784651,2.4052513137693787,2.439027249727075,0.20370154078940006,2.6323161118888,2.717256361517203,0.285781677440573,20,1.0,0.9947016222110692,0.9949355133723259,0.0017957078242907775,0,0.0,0.10789685930222628,0.10661152835255275,0.018065584890332706,2.1395168432822778,2.3340441398013683,0.35745491526296536,19.754698169207277,19.819177545960862,1.3276082064615982,0.9947016222110694,0.9949355133723266,0.001795707824290727,20,20,3903.7,3904.0,0.6569466853317862,66.93665332440173,66.83655086656299,4.815323392461861,135.345103238438,136.6388428579338,9.702333476734035,19.8596153622066,19.946708132117493,1.3295492210003934
front,log-0049,40.0,oracle-isotonic,training_window,1.0905454658693179,0.9971957543268453,0.2799180896011193,0.027006976177067387,0.02660787122539275,0.003633699992946317,0.09067121151620876,0.09029693865613952,0.011178164612246053,1.7803355902735702,1.7559107593607495,0.4815981812809037,1.0905454658693179,0.9971957543268453,0.27991808960111925,0.09067121151620876,0.09029693865613951,0.01117816461224605,1.7803355902735707,1.7559107593607495,0.48159818128090365,1.8904403737798525,2.012983568862835,0.42435861073545134,1.922056359047297,2.067221233796533,0.3593841387399894,20,1.0,0.995820784003242,0.9959063070348153,0.0010227689238995845,0,0.0,0.11348604625198207,0.11398598075588703,0.004881855730502999,2.1929920343350764,2.0557868516447706,0.3237284787189115,19.375808477387988,17.80156050242634,3.6858340184124705,0.9958207840032418,0.9959063070348151,0.0010227689238996762,20,20,3904.55,3904.0,1.5035046776746235,65.24872307325218,61.1065724994305,11.219573635880968,115.24957629366179,113.38702968087262,9.640451904981505,19.458585044932793,17.890716019813844,3.71078949949122
front,log-0054,40.0,oracle-isotonic,training_window,1.742870268406326,1.746845663239014,0.26105969462526996,0.04074162094493373,0.0402036891540664,0.005532526366997716,0.13420185631825232,0.1371286056599249,0.017521871257955367,2.320048594971853,2.330242139532152,0.27548379930159783,1.742870268406326,1.746845663239014,0.26105969462527,0.13420185631825232,0.1371286056599249,0.01752187125795537,2.320048594971853,2.330242139532152,0.2754837993015978,2.357183703802641,2.38272632006435,0.34144212092148907,2.544878350939617,2.5881531042493178,0.3367917741960452,20,1.0,0.9908041175273554,0.9905532450341865,0.002383557229220361,0,0.0,0.14439289016138293,0.1375866142603761,0.014444765049572152,2.495978789687719,2.480464877007912,0.2183904300192002,17.325773936764296,16.986678502119716,2.6079192963140443,0.9908041175273556,0.990553245034187,0.0023835572292203676,20,20,3903.7,3904.0,0.9787209698591859,57.86453602774689,56.769648321113294,10.26273241405469,110.21152273036941,107.56303876052846,17.228516237118487,17.48290108403199,17.151352085280124,2.6049578918955376
front,log-0055,40.0,oracle-isotonic,training_window,1.9292958256004098,1.965392024425519,0.1636467459343626,0.03340607961847822,0.03290788171175711,0.0016373816413838209,0.11403421922937299,0.11376731159648593,0.00468644604798474,2.646587731512192,2.6229473719020913,0.23252503872079539,1.9292958256004098,1.965392024425519,0.16364674593436251,0.11403421922937299,0.11376731159648594,0.00468644604798474,2.6465877315121915,2.622947371902091,0.2325250387207954,2.68423218735777,2.6949935767934794,0.41163262790504906,2.6326683519356533,2.640197293492716,0.08171088495402051,20,1.0,0.9934661819573203,0.9935074226015146,0.0005404814225499272,0,0.0,0.11529369613073052,0.1159754398428213,0.004328990149859164,2.6774066128020544,2.6501776681789906,0.24984798446146908,23.13612293965064,24.211771756969153,2.614979172092961,0.9934661819573203,0.9935074226015144,0.0005404814225498394,20,20,3903.2,3903.5,0.894427190999916,79.47235726102906,81.85830029439798,8.471241029229489,137.4542520300024,134.93422474103428,5.99083440899573,23.287238229891077,24.36284453575503,2.623120217046737
front,log-0056,40.0,oracle-isotonic,training_window,1.8598237224868097,1.8111091908909414,0.23604631386464728,0.034757980244772835,0.033284978397652404,0.005350145613477725,0.12047365328750877,0.11208601373374087,0.019984023747828233,2.6498611889249384,2.603211293017242,0.2875154733403288,1.8598237224868097,1.8111091908909414,0.23604631386464725,0.12047365328750877,0.11208601373374087,0.01998402374782823,2.6498611889249384,2.603211293017242,0.28751547334032873,2.85021853897941,2.845497468585294,0.4728466613008418,2.903451470642726,2.7595466373384934,0.42060066453059736,20,1.0,0.9925222763906412,0.993694446393447,0.002562192113485792,0,0.0,0.1260086589890366,0.1187132152201886,0.017801346390762123,2.7745207050128093,2.7436664338211934,0.23054811306067002,22.04029201468797,22.55429701642698,1.5927845384394086,0.992522276390641,0.9936944463934467,0.0025621921134858076,20,20,3903.55,3904.0,0.5104177855340405,76.85280237223643,77.92730070832852,5.795677540461451,126.52314572201972,121.80385826835659,9.882175660159035,22.20313636645664,22.668574509535514,1.5578724535510562
front,log-0058,40.0,oracle-isotonic,training_window,1.852138549864808,1.762782076500513,0.318876458233153,0.03617911192660446,0.03702011561106343,0.005379721650724676,0.12524107222922326,0.1284349239974016,0.015794102445351475,2.675461796033436,2.579925219755241,0.3697604831972772,1.8521385498648075,1.762782076500513,0.318876458233153,0.12524107222922326,0.1284349239974016,0.015794102445351475,2.6754617960334364,2.579925219755241,0.3697604831972772,2.7551589314291918,2.6889031515066257,0.5390001479902746,2.993832442773358,2.9366854501490858,0.3808151178561165,20,1.0,0.992005052074451,0.9917136716574091,0.001965357122546152,0,0.0,0.13837272210162463,0.14019970449948738,0.015019625411935715,2.948756469726739,3.022032926450351,0.2880860220384118,21.227549056778795,20.7389007067028,1.651872365549466,0.9920050520744514,0.9917136716574095,0.0019653571225461863,20,20,3904.35,3904.0,0.5871429486123998,74.36762829983097,76.73761140689521,6.344596143976834,133.05868261702423,134.87784474320284,10.561838467776903,21.398109564247825,20.950747847390794,1.6575113644385961
front,log-0063,40.0,oracle-isotonic,training_window,1.290325157647204,1.209421654692005,0.13055684546585586,0.02899024271496159,0.028119180093331985,0.0017263662811525444,0.09822673177278726,0.09540038232403233,0.005145606308370353,2.2965847833047945,2.226414513717862,0.10941765638762184,1.2903251576472035,1.209421654692005,0.13055684546585586,0.09822673177278726,0.09540038232403233,0.005145606308370357,2.2965847833047945,2.226414513717862,0.1094176563876219,2.7096375147867824,2.683164694235656,0.040813605415031325,2.9770139438594088,2.9469014747389126,0.04642733411211445,20,1.0,0.9951512967491984,0.995438981658924,0.0005153869866096857,0,0.0,0.10031965694378701,0.09655874595364003,0.006374315532498279,2.3454207092933976,2.2535876255183065,0.13818039699794954,23.27270284002829,23.2469969654436,0.1550772686559079,0.9951512967491987,0.9954389816589246,0.0005153869866097819,20,20,3904.6,3905.0,0.5026246899500346,79.27293281152338,79.17778919328522,1.0548231744046062,153.14450300523626,153.14450300523623,2.9160058604848984e-14,23.386039905506927,23.359002214188852,0.14638381003965223
front,log-0071_183,40.0,oracle-isotonic,training_window,1.4690351389148204,1.4963333594368264,0.19733975643157536,0.031234029513669336,0.031208534562936388,0.004008202737677523,0.10426104467758808,0.10295348400806405,0.014317151333771016,2.141294272531242,2.1048565557392642,0.3057117002840562,1.4690351389148204,1.4963333594368264,0.1973397564315754,0.10426104467758805,0.10295348400806405,0.014317151333771016,2.141294272531242,2.1048565557392642,0.3057117002840562,2.300298401670726,2.140015033057778,0.6612866244963636,2.2518689594026076,2.149255588194837,0.35630199463384055,20,1.0,0.9944509701730799,0.9946861602759,0.0015116054063641143,0,0.0,0.10718900906580713,0.10815162883782523,0.013375730707378734,2.2019198576342447,2.1215380206135057,0.29115379496133104,20.435624021570522,20.514128292242518,0.841527215957457,0.9944509701730799,0.9946861602759001,0.0015116054063641288,20,20,3903.8,3904.0,0.8335087534664908,68.52568513311132,68.16102855213721,2.97407510827388,125.23632053611111,121.6173895196421,11.066443243302208,20.54957308727966,20.62371929484685,0.8438399430796154
front,log-0072_184,40.0,oracle-isotonic,training_window,1.5367238372024699,1.5768942043152285,0.1729392341944441,0.030526997353910713,0.031063183444352167,0.0018770034944109646,0.10307002966539922,0.10413348727519009,0.006568546571635741,2.2022457368557116,2.2861817810183176,0.25006038406506365,1.5367238372024699,1.5768942043152283,0.17293923419444412,0.10307002966539922,0.10413348727519009,0.006568546571635741,2.2022457368557116,2.2861817810183176,0.25006038406506365,2.1433657981562435,2.2191122622065667,0.2693477897624362,2.29180706101082,2.349156253752787,0.23897794580720508,20,1.0,0.9946532887649949,0.9945629380334717,0.0006614337637438969,0,0.0,0.10900533894526407,0.11118485791686265,0.008795470621752823,2.3311612351698914,2.484693539201143,0.303857659598139,21.21655358453878,21.775325239416766,1.5979491460522928,0.9946532887649949,0.9945629380334713,0.0006614337637440576,20,20,3904.55,3905.0,1.0500626547722611,72.08255520850517,74.57646470008302,6.317234566557067,133.6747040815492,131.93560903518036,9.41310900296924,21.33097440120776,21.909333643081403,1.6113859584448287
front,log-0073_185,40.0,oracle-isotonic,training_window,1.3379563898072873,1.3044854503783476,0.23695817381612372,0.031651214406658676,0.029728386637949678,0.006169431271609332,0.10467669096275309,0.09569396743827922,0.018852992195376297,1.8973727281177155,1.9307820796424997,0.3211274289209162,1.3379563898072873,1.3044854503783476,0.23695817381612372,0.10467669096275309,0.09569396743827921,0.0188529921953763,1.8973727281177155,1.9307820796424997,0.3211274289209163,2.016281226663002,1.968145601562065,0.4200275158664075,2.05980818940045,1.9949535640091347,0.38638738280418583,20,1.0,0.9943342553160415,0.9954107865875905,0.002180179905338135,0,0.0,0.10760987707313971,0.097507454236959,0.020448785099614276,1.9488897881234475,1.966291150319013,0.33622576812099086,18.271460726505765,18.102895188981634,3.1183917116062374,0.9943342553160415,0.9954107865875907,0.0021801799053382297,20,20,3903.6,3904.0,0.5026246899500346,61.26460112963656,58.2912878943225,12.481793105237996,117.41675088769207,115.10837251454872,17.16632213232757,18.372615227315237,18.213970723814057,3.116919070367666
front,log-0046,5.0,oracle-isotonic,full_log,2.4485036796118984,2.3147017225029787,0.5221495380527369,0.06194352178304965,0.05689126049412699,0.017523147057652858,0.20435998895215496,0.1876919011284794,0.057811213118477305,4.2032161100201595,3.8603917850486695,1.1890440176931238,2.556513873603545,2.4335728479141183,0.582909991405124,0.21171483041299344,0.196812220802688,0.06240076892544598,4.3544883246711334,4.0479758360154285,1.283440650833497,14.901151435393302,16.922732817113115,6.636264535265229,6.0481083294768805,5.161437957116059,2.635310481486699,20,1.0,0.980254585831611,0.9836287493291067,0.011344958895995731,0,0.0,0.20435998895215496,0.1876919011284794,0.057811213118477305,4.2032161100201595,3.8603917850486695,1.1890440176931238,19.131302986348764,19.01021525717902,1.4137310365859723,0.9301622292534963,0.9242749547599534,0.06873547575374186,20,20,487.85,488.0,0.36634754853252327,67.85562055611665,67.85562055611663,1.4580029302424492e-14,165.89980059488886,165.8998005948889,2.9160058604848984e-14,20.56770570194259,20.567705701942586,3.645007325606123e-15
front,log-0048,5.0,oracle-isotonic,full_log,2.6125690281737906,2.3796270891446634,0.5420811575979779,0.05705485938244057,0.05171778722236424,0.01523714109508294,0.19755487983533115,0.17907504024464999,0.05275924979318271,4.433165387098668,4.018474617117031,1.1839266143533682,2.6593150696399483,2.3469396089860526,0.6259781434027285,0.2045668287068448,0.1801458472074301,0.05699390549254835,4.590514722428731,4.042503709021102,1.2789530145534331,13.901039068352825,12.00751451747371,6.395043098898831,13.901039068352825,12.00751451747371,6.395043098898831,20,1.0,0.9824054444020452,0.9855344193431348,0.008657583764230242,0,0.0,0.19755487983533115,0.17907504024464999,0.05275924979318271,4.433165387098668,4.018474617117031,1.1839266143533682,20.62652675742323,20.686279776382992,1.3809001739182973,0.9191786588521191,0.9218414290060924,0.0615369705621464,20,20,487.95,488.0,0.22360679774997896,77.7000493048807,77.70004930488071,1.4580029302424492e-14,147.02804677703884,147.0280467770388,2.9160058604848984e-14,22.440171514841165,22.44017151484117,3.645007325606123e-15
front,log-0049,5.0,oracle-isotonic,full_log,4.522313787401538,3.5571938904079445,3.0211801105696097,0.08538242712215195,0.07199142624230637,0.04462881814577637,0.28368091913667565,0.23918966296378735,0.14827810098985508,6.874886632473637,5.796659928838407,3.593456822848888,4.550614522394692,3.3948784292744523,4.100786267815271,0.30639517205056876,0.24071382997201618,0.21331089881308354,7.425356908019779,5.833597469165119,5.169499067029108,19.06887411045244,18.901305415654278,9.069687909214228,10.689814913839978,9.420679210219838,6.405925683748451,20,1.0,0.9641929520817675,0.981543291867609,0.05306328060409542,0,0.0,0.28368091913667565,0.23918966296378735,0.14827810098985508,6.874886632473637,5.796659928838407,3.593456822848888,19.540798830123016,20.218048387202124,3.448936405699445,0.8063190084633632,0.8342646004575078,0.14231470305143432,20,20,488.3,488.0,0.7326950970650465,80.5187538489403,80.51875384894029,1.4580029302424492e-14,128.68361647506669,128.6836164750667,2.9160058604848984e-14,24.23457542860456,24.23457542860456,0.0
front,log-0054,5.0,oracle-isotonic,full_log,2.999935270285763,2.9907364939661374,0.4806758305839551,0.0771149505379248,0.07870833050422853,0.01918197736533389,0.25714033128852287,0.26245346771078304,0.06396243504124588,4.613260043717061,4.70858106878072,1.147526505842213,3.267999781745479,3.2014589239502644,0.5607296149828858,0.27411525380889523,0.2754477580071699,0.06100055885280289,4.917800881072364,4.941706848468387,1.094388575257339,18.779692444321608,19.941821049149183,8.051929292807875,8.668415939929968,8.14900428391745,4.3242153388183455,20,1.0,0.9682310462198366,0.967376416144246,0.014935419468604732,0,0.0,0.25714033128852287,0.26245346771078304,0.06396243504124588,4.613260043717061,4.70858106878072,1.147526505842213,16.338967528444133,16.485746118296387,1.4228175114484505,0.9107241914312993,0.9189055414664169,0.07930698958868515,20,20,487.75,488.0,0.4442616583193193,59.823160250207,59.82316025020701,7.290014651212246e-15,135.8929688934449,135.89296889344487,2.9160058604848984e-14,17.940631952211263,17.94063195221126,3.645007325606123e-15
front,log-0055,5.0,oracle-isotonic,full_log,3.019469046937747,2.7944017389122786,0.6523137605644953,0.053633957608349894,0.04942702650426525,0.01488877807221267,0.1849447596100999,0.17043809449650293,0.051340635750974487,4.383682898634779,4.039836336511243,1.216909673034572,3.2112341582131387,3.0644949405565853,0.6884832280558468,0.19586934464392053,0.17596450025803945,0.05897074476446983,4.642624631768514,4.170826857566491,1.3977635586363788,9.982693031390706,5.739648474696499,7.619078845752851,5.336069477364092,4.0395434886552755,3.2089505842415043,20,1.0,0.9830052605759736,0.9863960756019385,0.010974858784652663,0,0.0,0.1849447596100999,0.17043809449650293,0.051340635750974487,4.383682898634779,4.039836336511243,1.216909673034572,22.35714884639676,22.50820995552714,1.148641693184649,0.9432337179889977,0.9496068889414986,0.04846045362686528,20,20,487.9,488.0,0.447213595499958,81.73334756770427,81.73334756770429,1.4580029302424492e-14,144.98409225186288,144.98409225186288,0.0,23.70266077220274,23.702660772202737,3.645007325606123e-15
front,log-0056,5.0,oracle-isotonic,full_log,3.1862936096979175,3.100984796047139,0.5971943454801312,0.06283584480425305,0.0611387394620522,0.015827736130016284,0.21650230792250036,0.21065489352839614,0.05453481865345956,4.876650050543619,4.744938781623726,1.2283805595180064,3.3515435735310666,3.101170010755091,0.6782293990964828,0.22379001151432165,0.21739672768570634,0.056964581000589515,5.040803404983259,4.8967965895126495,1.2831102332413078,15.107498350527298,13.321245600934656,6.326890007910581,6.477128074492474,5.329794357948558,3.2847441697580306,20,1.0,0.9776535377768136,0.9800224076761883,0.010792481910654218,0,0.0,0.21650230792250036,0.21065489352839614,0.05453481865345956,4.876650050543619,4.744938781623726,1.2283805595180064,20.792477642693814,21.37507113079629,1.3867987234008445,0.9230966648034109,0.9489613123478345,0.06156790442791575,20,20,487.95,488.0,0.223606797749979,77.60936557366924,77.60936557366922,1.4580029302424492e-14,148.73146404505894,148.7314640450589,2.9160058604848984e-14,22.52470238002855,22.524702380028554,3.645007325606123e-15
front,log-0058,5.0,oracle-isotonic,full_log,2.8869134470096736,2.7440131503608676,0.5638028162814038,0.056190821086345724,0.05126105590368501,0.016449386477113206,0.19296795727407967,0.17603838232309035,0.056489733474845615,4.5147876067818435,4.118693683953768,1.3216657947018673,3.309705718544458,3.1256852454677135,0.6856617634467055,0.21286082726202657,0.1982836386067499,0.06016493114717695,4.980212458418439,4.639156297529056,1.4076528007204248,11.319179499508369,10.393391122679684,6.923091485306888,11.319179499508369,10.393391122679684,6.923091485306888,20,1.0,0.9814721585092292,0.985704920650263,0.011037576457244425,0,0.0,0.19296795727407967,0.17603838232309035,0.056489733474845615,4.5147876067818435,4.118693683953768,1.3216657947018673,22.065309894626896,22.180335092142506,1.3285846607113236,0.9431003510751491,0.9480166792245162,0.05678545490335586,20,20,488.05,488.0,0.223606797749979,80.3474218652934,80.3474218652934,0.0,161.1697294857218,161.1697294857218,0.0,23.396566303333564,23.39656630333357,7.290014651212246e-15
front,log-0063,5.0,oracle-isotonic,full_log,3.921369993575019,3.472056967343631,1.896844825258681,0.06835963841732995,0.0608752598509258,0.031925517858921476,0.21152479958830667,0.1883659340215117,0.09878692929348934,5.807184745054343,5.171383122294216,2.7120883694037867,3.6115449174535748,3.1332813717550394,1.569945090607793,0.22134918924726713,0.19402341374505472,0.10592969799171688,6.0769027444001695,5.3267031131887,2.908185363716181,11.901702446772623,10.970795907643357,7.5551261161844145,6.217397408567249,5.00238807582642,3.421394170521758,20,1.0,0.9845995498031384,0.9872122652300296,0.009603483817075839,0,0.0,0.21152479958830667,0.1883659340215117,0.09878692929348934,5.807184745054343,5.171383122294216,2.7120883694037867,24.318014830470545,24.30259091382171,3.5640343890996906,0.8857757139174011,0.8852139028124951,0.1298187836235422,20,20,487.85,488.0,0.36634754853252327,84.9504894920883,84.9504894920883,0.0,153.67050225201808,153.67050225201805,2.9160058604848984e-14,27.453919144974673,27.453919144974673,0.0
front,log-0071_183,5.0,oracle-isotonic,full_log,2.078176910337249,1.9740991602462112,0.37052498680665436,0.039078504350273,0.03505064443525159,0.009319702800061348,0.13697124231073757,0.12285348152160827,0.032665816968052534,3.0963629737681857,2.7772177937835734,0.7384413287155922,2.193029427387305,2.092771552926025,0.3279235367706966,0.14419223869252093,0.13175361321579243,0.032645954118248326,3.259600347198325,2.9784135906137825,0.7379923104278867,11.208906557222283,9.002882660489323,5.722301569009586,4.082497225774805,2.9849547068714655,2.252847016070153,20,1.0,0.9904350057588449,0.9926738583949146,0.005359440027722033,0,0.0,0.13697124231073757,0.12285348152160827,0.032665816968052534,3.0963629737681857,2.7772177937835734,0.7384413287155922,22.185251722983793,22.20476087822069,0.6325520950310375,0.9813905912249877,0.982253601554161,0.027981682708607257,20,20,488.0,488.0,0.3244428422615251,79.2344288822956,79.23442888229562,1.4580029302424492e-14,152.4462174422029,152.4462174422029,0.0,22.60593480450205,22.605934804502045,3.645007325606123e-15
front,log-0072_184,5.0,oracle-isotonic,full_log,2.0887952145366375,1.996600067720463,0.28121308911655024,0.04444844936999247,0.03925001781186983,0.011239830245170697,0.14678020005915313,0.12961364340959358,0.037116807344259324,3.1482483366888774,2.78004756167378,0.7961082416952261,2.2110418180787517,2.1389393639651875,0.31017404908662655,0.15249876624162434,0.14117284073977732,0.036367454637676794,3.2709042975402376,3.027977621406248,0.7800355805928364,11.036176742309243,8.734866602134822,6.8238756957908615,4.326556127484374,2.8854124737011206,2.6445963795690646,20,1.0,0.9895546860430462,0.9916709719004512,0.0051779657382691035,0,0.0,0.14678020005915313,0.12961364340959358,0.037116807344259324,3.1482483366888774,2.78004756167378,0.7961082416952261,20.534121268506638,20.803422181307546,0.8174518762980878,0.9573585389392271,0.9699141056003384,0.03811190767369916,20,20,487.95,488.0,0.223606797749979,70.82920509740634,70.82920509740632,2.9160058604848984e-14,152.19039707482895,152.19039707482895,0.0,21.44872629564559,21.448726295645585,3.645007325606123e-15
front,log-0073_185,5.0,oracle-isotonic,full_log,2.1952320862827244,1.9088812722636075,0.592331569148872,0.0547763095789935,0.046076012410686665,0.0192417672939765,0.19368195978707275,0.16291883209119354,0.06803640529834772,3.751251328845343,3.155428032883896,1.3177358183791044,2.293147313680443,1.9988551587666366,0.6883184882553203,0.1989994606168975,0.16433937276594762,0.06826552739032721,3.854241210174225,3.182941204991967,1.3221734776889895,18.057193402324184,18.49937792794359,7.906702813536944,6.552003321837685,5.181324598184195,3.8715459638981695,20,1.0,0.981946511704914,0.9877239775001367,0.012532712999742067,0,0.0,0.19368195978707275,0.16291883209119354,0.06803640529834772,3.751251328845343,3.155428032883896,1.3177358183791044,17.90039436994387,18.233327994418147,1.3001864366829263,0.924220522328844,0.9414103161374716,0.06713030801453458,20,20,487.9,488.0,0.3077935056255462,68.48309712131342,68.4830971213134,1.4580029302424492e-14,149.9043725573418,149.90437255734173,5.832011720969797e-14,19.368098778891632,19.368098778891632,0.0
front,log-0046,5.0,oracle-isotonic,full_log_excluding_training,2.4628556954363825,2.325843581231501,0.5270676499409757,0.06213018078854776,0.05700756492815482,0.017539025403803553,0.20509874478062304,0.18822776641972738,0.05789652074454637,4.223984510337938,3.8794706965854555,1.1968614170673217,2.576850512578993,2.453088964054956,0.5916676110948105,0.2126018061992753,0.19751560196286444,0.06257361825790443,4.378396790244173,4.070891647691955,1.2928712233033108,14.910461535071017,16.921042488290524,6.623007584991759,6.060608315795177,5.179241290118284,2.6265890179713582,20,1.0,0.9801444190416688,0.9835567195210735,0.011387334111305028,0,0.0,0.20509999798121642,0.1882292986143867,0.05789719362801106,4.22401030078415,3.8795022748714443,1.196875227646958,19.139255152394618,19.017416834938693,1.4037534576201391,0.9296570350765005,0.9237075636459635,0.06923612447185892,20,20,487.85,488.0,0.36634754853252327,67.96724348296374,67.98874421585907,0.17122935629234085,165.88456459537832,165.8998005948889,0.068137461221518,20.58908210083256,20.598237833808,0.0382475055867178
front,log-0048,5.0,oracle-isotonic,full_log_excluding_training,2.6317195706513674,2.397607720480951,0.5474579271039377,0.057294346580880305,0.05193527132642603,0.015186290886471252,0.1984355070599694,0.1798795285454956,0.05263435044666153,4.457517471491351,4.0395469035743705,1.1928475232642626,2.6835192742630896,2.3668534324987576,0.6349311696838305,0.20559940665652104,0.18097248209098893,0.05695739699716638,4.618444489322266,4.064860236696184,1.2897829396612486,13.90930786769193,12.019493946299217,6.3856116077752745,13.90930786769193,12.019493946299217,6.3856116077752745,20,1.0,0.9822850032047865,0.9854146721319024,0.008637017073371353,0,0.0,0.19843695912428522,0.17987974374692856,0.05263514753852302,4.457550090454434,4.039556088997594,1.1928654002641748,20.621649899923558,20.737085227913333,1.3475963400042812,0.9186068260045597,0.9215092931052595,0.06188541932631785,20,20,487.95,488.0,0.22360679774997896,77.75713407028185,77.76314580517575,0.25712283486508525,147.02804677703884,147.0280467770388,2.9160058604848984e-14,22.45184980704584,22.4561495545421,0.06954638911200847
front,log-0049,5.0,oracle-isotonic,full_log_excluding_training,4.588294152080438,3.6224985964813925,3.016307494360741,0.08595194504079652,0.0725770396727021,0.04446004765609116,0.2853825462556393,0.24096482058639998,0.15031557113086738,6.938051027442709,5.8622179072875555,3.5938036039670838,4.642489806440873,3.457881980240403,4.1932174164983,0.30927701293219123,0.24229439856826554,0.21958893818508016,7.511099180548156,5.900800046423351,5.232356561951608,19.067200514547416,18.924785748590836,9.028568126794609,10.703032970907547,9.48003233028074,6.378263186435226,20,1.0,0.9634929502603689,0.9815366628393928,0.05583479137918039,0,0.0,0.28539820754041034,0.24096483436811778,0.15035944038942323,6.9384263431749265,5.862218242928264,3.5948365493554792,19.591859615678363,20.332035410456562,3.537298416463126,0.804090790959546,0.8323271637146858,0.14437251677440185,20,20,488.3,488.0,0.7326950970650465,80.69153160740194,80.77214152137088,0.16473836432600475,128.53980625973344,128.6836164750667,0.6431388346879802,24.35200364543982,24.388907567518018,0.133009849075409
front,log-0054,5.0,oracle-isotonic,full_log_excluding_training,3.008624036725505,2.9957995762754024,0.484800126699083,0.07731506130435915,0.07894002019662319,0.019161264831993027,0.25770015340092367,0.2631808443934882,0.06393207810429187,4.625528097355054,4.722416446648624,1.153133821976078,3.28439927053129,3.2130159534926577,0.5658752261728696,0.27487715288063996,0.2761177320356051,0.06094147525388962,4.933611657413897,4.956239938417166,1.0990921549485408,18.784557380637363,19.948369184142933,8.045249770364995,8.675539037300009,8.153843890319799,4.321635114014434,20,1.0,0.968121451218176,0.9669832187930987,0.01495484172404366,0,0.0,0.25770108570463834,0.2631812675608824,0.06393175830376947,4.625544818634683,4.722424044418469,1.1531280817271066,16.334143717319044,16.471585454967407,1.4070364191976867,0.910368006377797,0.9182697056942477,0.07961366146664538,20,20,487.75,488.0,0.4442616583193193,59.80742390932865,59.85613034412895,0.1895181386260177,135.8929688934449,135.89296889344487,2.9160058604848984e-14,17.944368567913052,17.950696404537595,0.03752764831492425
front,log-0055,5.0,oracle-isotonic,full_log_excluding_training,3.0427293569975427,2.807482014167655,0.6649297592358974,0.053975205598668786,0.04971002166058906,0.01513674956512575,0.18612817985787009,0.17119293561433233,0.05232048836777238,4.410761861633468,4.068952937622967,1.232838615026923,3.2494453143751927,3.095404741511213,0.7079858314489875,0.19750786544276952,0.17744697268594112,0.06036185619024102,4.6794494208563,4.200763974232933,1.4172751118547147,10.0126665328628,5.754318654847907,7.589235268539468,5.3525639430594065,4.053066160409573,3.1961571377867353,20,1.0,0.9827593782597329,0.9862836931926202,0.011423866496578956,0,0.0,0.18613346715457818,0.17119867597370825,0.05232365912929571,4.41088669189445,4.069089223435474,1.232910680966572,22.333700306407692,22.510351571257385,1.1407519385481613,0.9424821853603731,0.9484845918098062,0.048991639063378695,20,20,487.9,488.0,0.447213595499958,81.71404885055254,81.80939835436388,0.32930449078557983,144.4651753381866,144.98409225186288,2.2445517048735986,23.697849083082403,23.702838838507102,0.11347039414132949
front,log-0056,5.0,oracle-isotonic,full_log_excluding_training,3.210465229860817,3.1325672070452413,0.6053673258410305,0.06325759098373272,0.061523837379849816,0.01585855141089017,0.21754933372034033,0.21152745948756055,0.054378834436557937,4.908323275012939,4.77620504824157,1.2406035326644484,3.3872325193813944,3.1365366906920515,0.6919729269796926,0.22502279952181356,0.21837474704375154,0.05681960363159372,5.077098600493189,4.933336183850146,1.2965557621739583,15.115489670665514,13.333208940430827,6.31567112163927,6.497321096853011,5.351580924959288,3.2762097403281043,20,1.0,0.9774873115698275,0.9800737233859672,0.010783573480506684,0,0.0,0.21755158273909864,0.211529973586346,0.05437941231588455,4.908374066785279,4.776261879664419,1.2406168671198696,20.792259412500332,21.354538358336814,1.3507978854829639,0.9222247346418374,0.9478473016442033,0.06185711483933739,20,20,487.95,488.0,0.223606797749979,77.55960600558006,77.61641865951326,0.2613535401431732,148.73146404505894,148.7314640450589,2.9160058604848984e-14,22.549038274125937,22.574643379384764,0.08114230261842714
front,log-0058,5.0,oracle-isotonic,full_log_excluding_training,2.8965642707611496,2.7543520622090316,0.5731713651671245,0.05626964879260177,0.05128991817264849,0.016430322788715375,0.19337919212714466,0.17643618382156595,0.05644031256279984,4.530285078165357,4.137766247525429,1.3333065656180287,3.3368085821184446,3.151193957347528,0.6979482655486938,0.21368170205588805,0.19977610909110455,0.060184981005086326,5.0055505628036,4.6634739440093105,1.4203478876515336,11.329809432563003,10.389256524257837,6.904842924629645,11.329809432563003,10.389256524257837,6.904842924629645,20,1.0,0.9814215612473924,0.9856640732920168,0.011036805370729763,0,0.0,0.19338264475054306,0.1764374750502415,0.05644036487394195,4.530365895007063,4.137796534521277,1.3333078024907739,22.074828052658255,22.214421400739422,1.2940958345901543,0.9429305747498387,0.9475502842030905,0.057225085858497046,20,20,488.05,488.0,0.223606797749979,80.4674783283418,80.54313446188706,0.29571633532350006,161.1286084539115,161.1697294857218,0.18389884486546154,23.41381227869892,23.43613948500475,0.07025754445313803
front,log-0063,5.0,oracle-isotonic,full_log_excluding_training,4.027168379552076,3.578288938085282,1.9625117618375743,0.06958833959875772,0.06202421011732184,0.032134661750708636,0.2138996789592716,0.19074554425847043,0.09825181795506613,5.905634232256871,5.265045639750841,2.7640403619060394,3.731326930076728,3.235100233202492,1.641318219907709,0.22427474964996846,0.19672855426837904,0.10571725369763844,6.192622156694002,5.4302111995060525,2.972250858944514,12.110964481911571,11.000103030979819,7.390306166388933,6.245825310873786,5.032350736523669,3.419656730656383,20,1.0,0.9844086027384021,0.9869880642414193,0.00947354609851177,0,0.0,0.21391610374370856,0.19075494940928056,0.09826357323166365,5.906088579552933,5.2653052763221115,2.7643682440666724,24.284690268140075,24.34719244499877,3.3529594433512036,0.8846577053911074,0.8827117633317965,0.13118880864047675,20,20,487.85,488.0,0.36634754853252327,84.5985098271718,84.88694382067501,0.7252380231099754,153.67050225201808,153.67050225201805,2.9160058604848984e-14,27.491495090214205,27.597316365731473,0.3055198821819722
front,log-0071_183,5.0,oracle-isotonic,full_log_excluding_training,2.085563924849417,1.9758789826950263,0.37470059949787615,0.03912426806005207,0.03505647486310863,0.009360468032638293,0.1373121075063837,0.12295605510870766,0.032858740265212794,3.105185901527512,2.7833481008653367,0.7439620760782614,2.205416248300574,2.1092418940341626,0.3310668789498271,0.1446769686156355,0.13201355020371652,0.032829431036060876,3.2716856162233205,2.989766792174432,0.7431534693591217,11.244881473951564,9.002132105909546,5.6789455503954365,4.089198505182075,2.9914518671419614,2.251338190792541,20,1.0,0.9903869859005019,0.9926602058311262,0.005409570995291028,0,0.0,0.13731309368660677,0.12295724569562946,0.03285859963367418,3.105208196236452,2.783358133854467,0.7439588819166444,22.18774599229768,22.239741072685025,0.621173628516987,0.9812456395114125,0.9820845198323949,0.028157459700850398,20,20,488.0,488.0,0.3244428422615251,79.36052355144587,79.3639116153931,0.09441195789743215,151.6634824930142,152.4462174422029,3.5004971095016773,22.612278959146515,22.607636970572997,0.033253133157509704
front,log-0072_184,5.0,oracle-isotonic,full_log_excluding_training,2.0982661805162808,2.006090908438972,0.2869172062104724,0.044673541317241286,0.03955315099726883,0.011297363143107536,0.14734925079931147,0.13038826032549045,0.03717982259394729,3.1608279902203864,2.787975937102721,0.804696356415392,2.2263667981530313,2.153157878109555,0.3168001038755333,0.15320579036362883,0.14180394265158924,0.03638457760171554,3.2864974736774983,3.0392494415158096,0.788117674843601,11.083622690376455,8.737895020720192,6.7878045376910725,4.337078904240712,2.896753840478843,2.6450397828240897,20,1.0,0.9894920455553422,0.9916304757160919,0.005179599014319682,0,0.0,0.14735046579803474,0.13038854587567528,0.03717949850664081,3.160854061484494,2.7879820497625043,0.8046895292375208,20.515972517896444,20.797441764572486,0.7982446795733418,0.9568306080757193,0.969565747500464,0.03838676284288395,20,20,487.95,488.0,0.223606797749979,70.7333228605597,70.83758388992939,0.2504479583125669,151.72642722491187,152.19039707482895,2.074936247849972,21.442789332465786,21.47034147684897,0.07939481711332295
front,log-0073_185,5.0,oracle-isotonic,full_log_excluding_training,2.2121321414459865,1.9212016937397447,0.6032070793362702,0.05492358864903922,0.046516232918570835,0.01914118382240277,0.1946961324465745,0.1643128884928609,0.06791236557285778,3.7746903172801054,3.1729784366828255,1.3307802283179226,2.3151424238740512,2.0156623426553892,0.7001125643656284,0.20016011451191287,0.1658078709377227,0.06811238980296627,3.880573094597736,3.2013091972779515,1.3348001328840402,18.078660664020205,18.502991150041424,7.870485422175136,6.57060879097786,5.198429577396165,3.8632482530691616,20,1.0,0.9818149825454643,0.9875440537359159,0.012508813658513739,0,0.0,0.19469766462475696,0.1643129205706697,0.06791216399507151,3.774720010903242,3.1729790545146366,1.3307764038040515,17.88110314382793,18.17953229812108,1.2583248676551453,0.923328682219589,0.940120357790523,0.06737291981993934,20,20,487.9,488.0,0.3077935056255462,68.6530078469637,68.75149186892104,0.46799476480548197,149.49450485627753,149.90437255734173,1.832984082722409,19.36988322477667,19.40673913102505,0.09785424168759341
front,log-0046,5.0,oracle-isotonic,training_window,0.971348399786543,0.9737986511280832,0.2768064313822466,0.026187420223149,0.02643265044955962,0.006283921015797003,0.08673955784915431,0.08335868045438201,0.020424932929499557,1.52113422134908,1.5582903877084062,0.37924630777338664,0.971348399786543,0.9737986511280832,0.27680643138224664,0.08673955784915431,0.08335868045438201,0.020424932929499557,1.52113422134908,1.5582903877084062,0.3792463077733867,1.5689673131474091,1.637727949802878,0.4345409148935159,1.4635884338579885,1.5215400302612854,0.3569006980353179,20,1.0,0.9960304091084587,0.9965161380555037,0.0018790379547144007,0,0.0,0.11099495065984677,0.10458986644638149,0.04022306293554287,1.9108869020359838,1.875630892506273,0.5760704998911934,17.595165230252714,16.773015554620272,3.27839549112855,0.9960304091084587,0.9965161380555038,0.0018790379547144749,20,20,487.85,488.0,0.36634754853252327,58.87547317752785,59.14625471036349,12.25469578976553,90.6947124041827,83.99381515335487,20.000511030584967,17.664233322928318,16.869941965852753,3.2808326017552982
front,log-0048,5.0,oracle-isotonic,training_window,0.9551572401789997,0.9223062461670923,0.29038426262345834,0.02555556478957991,0.023189560322252133,0.007190255886145248,0.08534570273488462,0.07671078921158409,0.021888138922193816,1.566381878063964,1.450736418991796,0.46329776507319576,0.9551572401789997,0.9223062461670923,0.29038426262345834,0.08534570273488462,0.07671078921158409,0.021888138922193816,1.566381878063964,1.450736418991796,0.46329776507319576,1.7219069279959502,1.574159674476522,0.5516684868155771,1.4118753737722103,1.3303127812069024,0.36713234947865186,20,1.0,0.9961205150209829,0.9970521655843372,0.0022698214206021343,0,0.0,0.11230980955974398,0.10079170710483192,0.04507206113902414,1.9938097947395679,1.874256409914248,0.5843520856080607,18.583722161752142,18.88653033459903,4.4335083401041535,0.9961205150209829,0.997052165584337,0.002269821420602107,20,20,487.95,488.0,0.22360679774997896,62.94096484671691,64.49455167246639,16.822291169123737,93.67939653388106,98.71201161388562,16.23556170515447,18.653458434308646,18.927690997462705,4.440706319174058
front,log-0049,5.0,oracle-isotonic,training_window,0.739731765034261,0.6379969010441097,0.4252233109876049,0.027061991896801287,0.02436426840774227,0.017379819128014194,0.08894495908513625,0.08396157725247008,0.05726445580589203,1.179845034473072,1.0554025100299402,0.5718300897386214,0.739731765034261,0.6379969010441097,0.42522331098760496,0.08894495908513625,0.08396157725247008,0.05726445580589203,1.1798450344730718,1.0554025100299402,0.5718300897386214,1.1775704269783733,1.1400154279499173,0.48971253083874744,1.1696895259443327,0.9764461496696364,0.5867370689499073,20,1.0,0.9944144297389365,0.9964659912263584,0.010929399103323587,0,0.0,0.22751298057950628,0.10070862601746763,0.4407309619597635,2.6368313928426526,1.6609804459661162,4.070678582403336,13.801102781579075,13.71579288616319,3.1703563996399766,0.9944144297389365,0.9964659912263585,0.010929399103323573,20,20,488.3,488.0,0.7326950970650465,45.97692961664758,45.318605567557114,12.046367217375902,74.44538494769286,74.03418580695316,19.452986637550485,13.867794290826634,13.763620005919574,3.146593092461791
front,log-0054,5.0,oracle-isotonic,training_window,0.970853813321461,0.9400016086164653,0.39274218774597,0.028479476425428585,0.024972834745667555,0.012212785636656346,0.09532416465089263,0.08596850444578091,0.0389997217372015,1.384094294263256,1.3763691664776938,0.4783092596951604,0.970853813321461,0.9400016086164652,0.39274218774597,0.09532416465089263,0.08596850444578091,0.0389997217372015,1.384094294263256,1.3763691664776938,0.4783092596951604,1.3217289850846181,1.3389373896025218,0.4542844188778781,1.3728385581987579,1.3400923992888,0.5327349766478103,20,1.0,0.9947124257168388,0.9962942722640362,0.004047660446056705,0,0.0,0.1476173000749941,0.135348201132938,0.05559309414658455,2.1439413027723195,2.083761320441816,0.585793703183182,15.567235235775474,15.34271517554763,4.966881438828829,0.9947124257168388,0.996294272264036,0.004047660446056717,20,20,487.75,488.0,0.4442616583193193,52.71715735533511,50.45973614027931,17.858543989272285,75.86150010159693,74.16759477002029,21.57437702413437,15.638574671092632,15.39562359699974,4.95700127778557
front,log-0055,5.0,oracle-isotonic,training_window,1.4235938269070192,1.331385327557064,0.4053699988795733,0.02864858678150777,0.03023943069243997,0.005831729653543228,0.09630295729258345,0.09603194538514043,0.02115176755505125,2.102437984302455,1.956216183691524,0.7109368250906726,1.4235938269070192,1.3313853275570637,0.40536999887957326,0.09630295729258345,0.09603194538514043,0.021151767555051246,2.102437984302455,1.9562161836915237,0.7109368250906726,2.0126986380810754,1.9752697693324994,0.6413752364350827,2.0983328508569454,1.8493278223785818,0.8414715359191853,20,1.0,0.9951365670039868,0.9953753141262542,0.002032892948886409,0,0.0,0.12114722043028385,0.11238906718883315,0.04337880832310308,2.6051620244824583,2.4201756843310758,0.973357592865688,21.824489746466384,22.058435623510405,5.309930570748611,0.9951365670039868,0.9953753141262541,0.002032892948886445,20,20,487.9,488.0,0.447213595499958,73.66381273182228,74.31461867379582,19.212132180499218,108.13598618121686,114.47975087038526,22.27809580394154,21.930133994156698,22.14883462350533,5.337412670401606
front,log-0056,5.0,oracle-isotonic,training_window,1.2958574739971116,1.2856793508853817,0.3406876230022166,0.030721613403055875,0.030333525646152663,0.009604963391716247,0.10400351357486579,0.10248759507745583,0.027389040439690437,1.935786175652133,1.8707853669111256,0.4312753281576152,1.2958574739971114,1.2856793508853817,0.34068762300221656,0.10400351357486579,0.10248759507745583,0.027389040439690433,1.935786175652133,1.8707853669111258,0.4312753281576152,2.040205352748726,2.125734571181402,0.4935715179202392,1.8198118258884548,1.6852864156334073,0.4892030891627216,20,1.0,0.9942128394982387,0.994733851333413,0.003471293029969616,0,0.0,0.13187840395717237,0.11718621699939513,0.05033958519988449,2.3492136460556816,2.356530780215622,0.4151417279403723,19.244491029064125,19.002224117566527,5.1982312026169915,0.9942128394982388,0.9947338513334127,0.0034712930299696408,20,20,487.95,488.0,0.223606797749979,66.46037122338512,72.26732174426492,19.144098747379406,93.82481202085347,97.2151890459368,17.444774968382347,19.347763305643976,19.127350583537883,5.1919962590878805
front,log-0058,5.0,oracle-isotonic,training_window,1.1563760976603672,1.060367935758139,0.3814407635454148,0.027571136464336444,0.027002577104932417,0.005574963079194832,0.09140238815409531,0.08851492804201497,0.015011000539608936,1.853985638802626,1.6899878113291893,0.6766484662879098,1.1563760976603672,1.060367935758139,0.3814407635454148,0.09140238815409531,0.08851492804201497,0.015011000539608936,1.853985638802626,1.6899878113291893,0.6766484662879098,1.8520988559859966,1.6612501934772952,0.6938511255139062,1.7529710450055553,1.5572381524834764,0.7635782234202454,20,1.0,0.995705531886868,0.9960737790585654,0.0014630822826480368,0,0.0,0.14752713626713646,0.12706760789221688,0.04962756520725395,2.8250581526031446,2.8436323839114186,0.7493367644875697,20.03570659114076,19.088468239320108,5.595594820102454,0.995705531886868,0.9960737790585654,0.0014630822826480622,20,20,488.05,488.0,0.223606797749979,67.29705892515958,63.25373093988032,19.077662394817374,105.41384329285752,102.52863759262749,23.633537473872988,20.12394047147405,19.202193557357198,5.626434700453062
front,log-0063,5.0,oracle-isotonic,training_window,0.6778115019005735,0.6401797827476439,0.20126469730096616,0.01830349347479051,0.017538689938832282,0.003072299223582887,0.06212863763672536,0.0628629262310731,0.008361837254431966,1.1375226557716733,1.0284453863333083,0.3695534823323839,0.6778115019005735,0.6401797827476439,0.20126469730096616,0.06212863763672536,0.06286292623107309,0.008361837254431966,1.1375226557716733,1.028445386333308,0.3695534823323839,1.1918156536162534,1.280730245703652,0.45310152705971707,1.0152917762015068,0.9636373147268584,0.22259040008769324,20,1.0,0.9980347455419036,0.9980221702782363,0.000517860330422022,0,0.0,0.15220085267747369,0.10157943124305013,0.10874648394010811,2.2424689364564157,2.0893868900468244,0.8255124708681735,18.967785727946925,17.271649284363598,7.358349383084313,0.9980347455419036,0.9980221702782359,0.0005178603304220083,20,20,487.85,488.0,0.36634754853252327,65.22489050736792,62.77560735485764,25.6500264451907,91.68864096284237,90.19499626162582,26.55558049906654,19.002458265186334,17.302289488465,7.366011185266804
front,log-0071_183,5.0,oracle-isotonic,training_window,1.1029434141038914,1.100277145889735,0.2770871324031351,0.026203637162676797,0.02443552608115225,0.006886851260366197,0.08767942412885334,0.08709613061787236,0.021506627395859026,1.804469440225659,1.748504309603646,0.5621112936883664,1.1029434141038912,1.1002771458897347,0.27708713240313515,0.08767942412885334,0.08709613061787236,0.021506627395859026,1.804469440225659,1.748504309603646,0.5621112936883664,1.769772775049793,1.6854994039768392,0.5988263126604946,1.7374407897184068,1.717801839193345,0.5597071927448201,20,1.0,0.9959259330611827,0.9961999078208251,0.0021633720750527928,0,0.0,0.09984367103272065,0.09620676856581784,0.02489476465497979,2.054152452891658,1.971850686610177,0.6271399339091916,20.358461589543655,20.715656631708228,2.9362877310189988,0.9959259330611827,0.9961999078208248,0.002163372075052766,20,20,488.0,488.0,0.3244428422615251,68.88978085080161,67.33708574988705,12.195913528599137,103.37674455619765,105.24747150105794,16.82408168711376,20.44294877436356,20.857868176731685,2.9557759104067083
front,log-0072_184,5.0,oracle-isotonic,training_window,1.133625172074248,1.107445693616689,0.28025513020432563,0.026451922127593584,0.027262071953867706,0.005467832269739577,0.08717646698154721,0.08585526581439468,0.018814146248900765,1.7501966200071095,1.6952459140347291,0.4339183745389735,1.133625172074248,1.1074456936166888,0.28025513020432563,0.08717646698154721,0.08585526581439468,0.018814146248900765,1.7501966200071095,1.6952459140347291,0.4339183745389735,1.681182629191913,1.6657644576974024,0.40550265299516963,1.7016312417796873,1.7380532112054554,0.3958665397075527,20,1.0,0.9960228081004061,0.9963065515603902,0.0016402356298202993,0,0.0,0.09872643789450428,0.10340971357336406,0.019593843200159927,1.9655300425667517,1.919531440440531,0.3866617022671634,20.38902489411582,19.10585300043944,4.824820336470733,0.9960228081004061,0.9963065515603904,0.0016402356298203086,20,20,487.95,488.0,0.223606797749979,67.37799764460989,61.684930949936565,16.07944448099267,106.1311686450603,105.59853264709399,22.693541420215926,20.467487965964416,19.19303002202842,4.828781944907922
front,log-0073_185,5.0,oracle-isotonic,training_window,0.954497873747,0.9214603579248861,0.25826386921861494,0.024594727751428395,0.02309882448798277,0.007040953000637744,0.0816256414867456,0.07990914491028842,0.020568285684187754,1.4215743935356868,1.3823060325335255,0.4105580312430524,0.9544978737469998,0.921460357924886,0.25826386921861494,0.0816256414867456,0.07990914491028842,0.020568285684187757,1.4215743935356868,1.3823060325335255,0.4105580312430523,1.4137075593182116,1.289780332899141,0.5059084407244762,1.346650168168438,1.3026705520555302,0.3470661681637454,20,1.0,0.9964592152625441,0.9967988742082731,0.0021485155328476134,0,0.0,0.09337896608684608,0.08361481351349911,0.036129955490318215,1.6189391154581407,1.545510355546011,0.6108302720295139,17.856802084774255,16.61662352192654,5.296594047314899,0.9964592152625441,0.9967988742082731,0.002148515532847634,20,20,487.9,488.0,0.3077935056255462,60.06378564443272,57.36958179557877,18.011653815116464,88.75050938705462,89.1934626374407,24.769360836739352,17.916752244592267,16.68056402032694,5.30020719914437
front,log-0046,60.0,oracle-isotonic,full_log,1.771051317104003,1.7614572029383582,0.02626655034177357,0.03892501040174564,0.03898891162057543,0.0006293560635977163,0.12841883164996284,0.1286296503441246,0.0020763300907278358,2.641280735963745,2.645616792821733,0.042705346246177826,1.8023988219565463,1.7750220372329362,0.06947257236382279,0.12967639313373747,0.12899581299130858,0.003088259818908811,2.66714589046412,2.653147918388057,0.0635184190864509,4.64425107505666,5.147420270731652,1.0714135235915234,3.117325186594853,3.095581497459163,0.061849714045288384,20,1.0,0.9917615632289184,0.9917760236793471,0.00027522352703660626,0,0.0,0.12841883164996284,0.1286296503441246,0.0020763300907278358,2.641280735963745,2.645616792821733,0.042705346246177826,20.40548379024275,20.402217685981505,0.19514218207243383,0.9921127852541904,0.9919539875589793,0.00948779532828513,20,20,5855.4,5855.5,0.8207826816681233,67.85562055611665,67.85562055611663,1.4580029302424492e-14,165.89980059488886,165.8998005948889,2.9160058604848984e-14,20.56770570194259,20.567705701942586,3.645007325606123e-15
front,log-0048,60.0,oracle-isotonic,full_log,1.9886165895809618,1.9770958547560906,0.0627784734681184,0.03970316269559848,0.039609822265302866,0.0009430807019000772,0.13747389127429038,0.13715069606023814,0.0032654570838575943,3.0849376990077024,3.0776851429715943,0.07327741703611751,2.0069124771272686,1.9910506556058496,0.10732428685793206,0.1405687567637764,0.13862621509904194,0.005177215212969897,3.154387011407131,3.1107960432757658,0.11617759734828943,3.68533156425025,3.3951846658824114,0.6498118297589982,3.68533156425025,3.3951846658824114,0.6498118297589982,20,1.0,0.9908220065957692,0.990801501064525,0.00023081286267214213,0,0.0,0.13747389127429038,0.13715069606023814,0.0032654570838575943,3.0849376990077024,3.0776851429715943,0.07327741703611751,22.023545329234935,22.120137668134255,0.5401479630536168,0.9814339126004142,0.9857383511309059,0.024070580864160564,20,20,5855.7,5855.0,1.0310954828418377,77.7000493048807,77.70004930488071,1.4580029302424492e-14,147.02804677703884,147.0280467770388,2.9160058604848984e-14,22.440171514841165,22.44017151484117,3.645007325606123e-15
front,log-0049,60.0,oracle-isotonic,full_log,2.646761522068886,2.712532344130232,0.21286761570700236,0.05062116949415738,0.05151086205801919,0.0029724724713381247,0.1681875342959222,0.17114351496749886,0.009875963370908826,4.0759534860455435,4.147590422596365,0.23933977924242567,2.3138170307091537,2.3408483059091596,0.0963893100777751,0.17515971931821334,0.17720007976918128,0.012264283177609832,4.244921429870445,4.294368699120969,0.2972196957455516,5.163355586442041,6.01989274403212,1.0901716252904554,4.255826909534169,4.322210036272498,0.25837828696700643,20,1.0,0.9883656436026296,0.9884600876403322,0.0007673195252577063,0,0.0,0.1681875342959222,0.17114351496749886,0.009875963370908826,4.0759534860455435,4.147590422596365,0.23933977924242567,22.27834979415268,22.094418795059,0.549748644429016,0.9192795582404587,0.9116899472883073,0.022684475989628295,20,20,5856.5,5856.0,1.3954814298487213,80.5187538489403,80.51875384894029,1.4580029302424492e-14,128.68361647506669,128.6836164750667,2.9160058604848984e-14,24.23457542860456,24.23457542860456,0.0
front,log-0054,60.0,oracle-isotonic,full_log,2.3117777251037435,2.320069202332698,0.04713359691514997,0.0509751385516804,0.050228368452925984,0.0018152663859666665,0.16997694899915824,0.16748683898481498,0.006053018209936204,3.0494938823536817,3.0048197350658334,0.10859497190449803,2.36811244595425,2.323767812760926,0.13629887264476523,0.17693423378969925,0.17660093794140194,0.00941176575592257,3.1743119681674954,3.1683324300219935,0.16885302544743228,6.922019979804036,5.067629030871036,4.428218787385036,3.4340291225503683,3.244629462689701,0.47686857321411574,20,1.0,0.9858503700714516,0.9862605510484379,0.0009157375652657981,0,0.0,0.16997694899915824,0.16748683898481498,0.006053018209936204,3.0494938823536817,3.0048197350658334,0.10859497190449803,17.457314264214816,17.291646683208022,0.48234598205688467,0.9730601636952445,0.9638259526904096,0.02688567400199264,20,20,5855.25,5855.0,1.0699237552766379,59.823160250207,59.82316025020701,7.290014651212246e-15,135.8929688934449,135.89296889344487,2.9160058604848984e-14,17.940631952211263,17.94063195221126,3.645007325606123e-15
front,log-0055,60.0,oracle-isotonic,full_log,2.4967523535809604,2.4890883297583786,0.026959865082419588,0.042030421007503885,0.04176984509634686,0.0008283026582654744,0.14493254751601486,0.1440340095113979,0.0028562172707066037,3.4352870086232543,3.4139892671088865,0.06769994905926537,2.5014290204282927,2.494349137641696,0.02379430229525428,0.1453893016956495,0.1443740346622217,0.0027857119666356528,3.4461132979994202,3.422048767912881,0.06602878575423066,3.465817602093529,3.447025228026566,0.10084135339017344,3.3483142196763067,3.321559217570454,0.07445522030982397,20,1.0,0.989536179140489,0.9895902283588587,0.00031768464658181813,0,0.0,0.14493254751601486,0.1440340095113979,0.0028562172707066037,3.4352870086232543,3.4139892671088865,0.06769994905926537,23.238151208551436,23.222036802159028,0.2632929875896365,0.9804026405256554,0.9797227840931951,0.011108161658306847,20,20,5854.6,5854.0,0.8207826816681233,81.73334756770427,81.73334756770429,1.4580029302424492e-14,144.98409225186288,144.98409225186288,0.0,23.70266077220274,23.702660772202737,3.645007325606123e-15
front,log-0056,60.0,oracle-isotonic,full_log,2.563315759310008,2.5618686157619797,0.08767060361075894,0.0465354239207413,0.0464173849353746,0.001090047717484293,0.1603388433843495,0.15993213742159318,0.003755783777813223,3.6115847271904826,3.602423796423214,0.08459791179898214,2.669754717383355,2.7013393724674675,0.1622597051997825,0.16378097148934811,0.16277873520452613,0.004602652110142592,3.689117638309509,3.6665425642794274,0.10367336893977228,5.119247278250366,4.1983393202750126,1.3921547443857976,3.778154166225324,3.7476719953633597,0.08554819233675559,20,1.0,0.9871607969287151,0.987262041584664,0.0006485001234575415,0,0.0,0.1603388433843495,0.15993213742159318,0.003755783777813223,3.6115847271904826,3.602423796423214,0.08459791179898214,22.228660844544777,22.179307066285247,0.3343563760833561,0.9868570278759259,0.9846659321878743,0.014843986412882055,20,20,5855.1,5855.0,0.7181848464596078,77.60936557366924,77.60936557366922,1.4580029302424492e-14,148.73146404505894,148.7314640450589,2.9160058604848984e-14,22.52470238002855,22.524702380028554,3.645007325606123e-15
front,log-0058,60.0,oracle-isotonic,full_log,2.3175745294982812,2.315535303212305,0.02460138030818936,0.040360738169263125,0.04032097319474465,0.0005799190365989395,0.13860500786469615,0.13846844880121323,0.0019915315297651466,3.242881256480435,3.239686243297335,0.046594999481329516,2.4214630966472623,2.3721621631504206,0.10822697546674163,0.143624315333022,0.14207736481823863,0.0048577212844586265,3.360315816459938,3.3241224861728327,0.11365399811495096,3.9391229841726725,3.7845475999230596,0.6171375071112496,3.9391229841726725,3.7845475999230596,0.6171375071112496,20,1.0,0.9904463425353522,0.9904262063406368,0.0002812730573120934,0,0.0,0.13860500786469615,0.13846844880121323,0.0019915315297651466,3.242881256480435,3.239686243297335,0.046594999481329516,23.16699892850432,23.122587643235416,0.3361883647793457,0.990187988619657,0.988289791905955,0.014369132650522544,20,20,5856.3,5856.0,0.6569466853317864,80.3474218652934,80.3474218652934,0.0,161.1697294857218,161.1697294857218,0.0,23.396566303333564,23.39656630333357,7.290014651212246e-15
front,log-0063,60.0,oracle-isotonic,full_log,2.075444426191523,2.1277622502211693,0.0802406944841813,0.037173686440209894,0.03834565746812997,0.0016686336720990156,0.11502630435550328,0.11865272694262527,0.005163242686016982,3.1579228593212347,3.2574823718135923,0.14175124722779214,2.067397843504707,2.1137080963039496,0.06610736438151403,0.11653243423218743,0.12035281865976596,0.005463223200456692,3.1992720271775523,3.3041565523550136,0.1499868880162878,2.9314026500690344,3.0143024311217914,0.13183407802781907,3.2143442499897192,3.3186472087211736,0.1486375213632969,20,1.0,0.9938590779542155,0.9935860696408083,0.00042136637895557943,0,0.0,0.11502630435550328,0.11865272694262527,0.005163242686016982,3.1579228593212347,3.2574823718135923,0.14175124722779214,28.1450985498417,28.224701710967793,0.14731869730574973,1.0251759831161862,1.028075502150454,0.005366035228989044,20,20,5855.8,5856.0,0.5231483637805969,84.9504894920883,84.9504894920883,0.0,153.67050225201808,153.67050225201805,2.9160058604848984e-14,27.453919144974673,27.453919144974673,0.0
front,log-0071_183,60.0,oracle-isotonic,full_log,1.7177508272784414,1.708323078992346,0.03938819399567725,0.030822178395653578,0.030753311673494196,0.0003219857912645181,0.10803259069832734,0.10779121092587009,0.0011285691345963387,2.4421777020878412,2.4367210866885474,0.025512360279058104,1.7409710200853692,1.7401646366206027,0.04956869824893689,0.10939839636960494,0.10968268332556211,0.001968692031894564,2.473053016048363,2.4794795884405003,0.044504123723151184,4.696625274111289,4.309917291718985,1.196636715022935,2.4637255910380937,2.4639739768816944,0.03755675202564977,20,1.0,0.9941812860736269,0.994207273320949,0.00012839113912559331,0,0.0,0.10803259069832734,0.10779121092587009,0.0011285691345963387,2.4421777020878412,2.4367210866885474,0.025512360279058104,22.372992923299567,22.361742663843025,0.16076659120769957,0.989695543085611,0.9891978746833161,0.007111698436628335,20,20,5855.6,5855.0,0.8207826816681233,79.2344288822956,79.23442888229562,1.4580029302424492e-14,152.4462174422029,152.4462174422029,0.0,22.60593480450205,22.605934804502045,3.645007325606123e-15
front,log-0072_184,60.0,oracle-isotonic,full_log,1.8156452210038825,1.8006983161927659,0.03565718021169187,0.035262818551534354,0.035037077997332036,0.0005297818906202737,0.11644688701194854,0.11570143370194737,0.0017494759208733512,2.497637407499251,2.481648383486853,0.037524030187635025,1.8950661457714901,1.8806273915766913,0.0928433735361709,0.12146095529876422,0.1223742922974056,0.0036479496813311557,2.605182785810837,2.6247727011103823,0.07824387425515947,3.651144920947064,2.7905125959531936,1.4052960551127662,2.523067200940073,2.530503861285296,0.036033441243133346,20,1.0,0.9933820651539718,0.9934109819684325,0.00013569044936835245,0,0.0,0.11644688701194854,0.11570143370194737,0.0017494759208733512,2.497637407499251,2.481648383486853,0.037524030187635025,21.31746595597885,21.02361805588427,0.42200105270587934,0.9938802734550543,0.9801802571443312,0.019674877048132804,20,20,5856.6,5856.5,1.1424811411549587,70.82920509740634,70.82920509740632,2.9160058604848984e-14,152.19039707482895,152.19039707482895,0.0,21.44872629564559,21.448726295645585,3.645007325606123e-15
front,log-0073_185,60.0,oracle-isotonic,full_log,1.6312777528749849,1.6311329507500967,0.022443714292919574,0.03677234654471851,0.0358680292058422,0.0018472566883087063,0.13002227056716115,0.12682472119209037,0.006531661193886188,2.5182841798005504,2.456353727653797,0.12650585919344096,1.63805084884992,1.6176086747895695,0.060379680196988014,0.1312051108538601,0.12869012306783556,0.006184212160758544,2.5411935473129894,2.4924830154455595,0.11977643199919431,7.864603261249964,5.963804718504866,4.758127751222429,2.976868178032568,2.8857564522599928,0.2880061886448602,20,1.0,0.9916607957515267,0.9920132616421992,0.000751992825562688,0,0.0,0.13002227056716115,0.12682472119209037,0.006531661193886188,2.5182841798005504,2.456353727653797,0.12650585919344096,18.90300883669213,18.9303636543113,0.20184647175550335,0.9759868045124602,0.9773991691400603,0.010421594502372442,20,20,5855.75,5856.0,0.5501196042201808,68.48309712131342,68.4830971213134,1.4580029302424492e-14,149.9043725573418,149.90437255734173,5.832011720969797e-14,19.368098778891632,19.368098778891632,0.0
front,log-0046,60.0,oracle-isotonic,full_log_excluding_training,1.7990291015406323,1.8107238660496945,0.04314875187839065,0.03943743185155616,0.03955447510354497,0.0010034782143106716,0.13046474716005502,0.13161253013197283,0.003526772010838654,2.6804857854727047,2.7055552233006006,0.07970646737502592,1.842375485494634,1.8453945948410535,0.09052951309434787,0.1321729362649602,0.13254320299590694,0.00449806592886882,2.715705857109721,2.715383031068033,0.10190153749502809,4.901567377733338,5.633976464167343,1.071428038358141,3.153953963318862,3.1209598715113804,0.10932151131760394,20,1.0,0.9915053587291464,0.9913810619662737,0.0004765691155423462,0,0.0,0.1305048266437586,0.13162208128523345,0.003539396307623232,2.6813121697224935,2.7077019905779256,0.0800488124941848,20.373217963147095,20.417673171897086,0.30522389379014364,0.9916320653087227,0.9915776608223952,0.0110539301983541,20,20,5855.4,5855.5,0.8207826816681233,67.96338217745095,67.88339264503767,0.6651952234310726,164.60233950746485,165.8998005948889,2.957118966871205,20.54451298083722,20.537856340680328,0.12446093943692481
front,log-0048,60.0,oracle-isotonic,full_log_excluding_training,2.0906424461071316,2.1378514116260625,0.09349376331398171,0.04114987132994223,0.041674819082835435,0.001313046773840779,0.14344851804233333,0.14513740547494505,0.005194847740511267,3.2116292884723157,3.2215736616871746,0.09762765200491968,2.128142111062705,2.1066767372391246,0.10633721853537349,0.14777755382603655,0.1487634125362306,0.0057476647359001815,3.308743784878241,3.3158405786130163,0.11709185783475491,3.8191422736350518,3.4953132894867425,0.6499789977538345,3.79012410974536,3.592193256329087,0.602531063795793,20,1.0,0.9900871205279982,0.9904360277626445,0.000934388891139124,0,0.0,0.1435748957221489,0.14530518510488197,0.0051428054746144,3.214464481250539,3.2237516074219315,0.09639865718012293,21.957333556076794,21.846265144716924,0.5812226392395022,0.9806205339778895,0.9857872772538419,0.028661520943872452,20,20,5855.7,5855.0,1.0310954828418377,78.06018167374744,77.73990426123005,1.2241175417244494,146.3450379565423,147.0280467770388,1.0359621649186919,22.39787810939162,22.513578517151423,0.47884790143389333
front,log-0049,60.0,oracle-isotonic,full_log_excluding_training,3.210888925564184,3.3174903341628603,0.36382848865898454,0.056324594342361034,0.05769333399728881,0.003675471652590994,0.1783871618139972,0.18092186743044936,0.008480021417221336,4.568430778526114,4.65907841446273,0.34142562276191374,2.7677538616268413,2.830380346375328,0.2144585042631489,0.189580897896487,0.18952678971085038,0.01215474017281293,4.8567718377699975,4.9493593735886865,0.43338127608976745,5.580928206302409,6.268304220891367,0.9700373798875788,4.58750337136065,4.653376231335962,0.22968524662748074,20,1.0,0.988100193176004,0.9884528932808616,0.0009396553723266082,0,0.0,0.17930652230721042,0.18162150278618583,0.00876724070463505,4.592113524109347,4.687688543319695,0.34864783824846346,23.027428854310294,23.127243708317152,0.3604865135818723,0.9009789002722473,0.8929744512356699,0.02550154727843572,20,20,5856.5,5856.0,1.3954814298487213,81.05893319285701,81.4217450046893,1.108392177328922,123.3453713560142,128.6836164750667,6.1796601500920065,25.581569871893,25.9312710329851,0.93655262316398
front,log-0054,60.0,oracle-isotonic,full_log_excluding_training,2.3395361333371603,2.342678119092043,0.053842914958172415,0.05150912663873539,0.05110797108405988,0.0015499782503299172,0.17235165782560513,0.1703969858003456,0.005827822455835176,3.089927972493046,3.0380163639644895,0.12488829580285093,2.421254063183086,2.3535193799586285,0.16792221700670493,0.18054037497575917,0.1785287218318849,0.010578298577160142,3.2362993162110123,3.2227553266430253,0.19434450511606774,6.944428308725952,5.093069259482398,4.4455377372329785,3.480062963899743,3.292771281800812,0.49039458011379095,20,1.0,0.9855051399313082,0.9857691592016156,0.0008873876714522349,0,0.0,0.17241404592353746,0.17052786279457938,0.005823382431931675,3.091042978927059,3.0384754269469036,0.12474313190599157,17.412395258052747,17.421151839874092,0.4363620385344728,0.9715702735111057,0.9621635218759987,0.028689989026480064,20,20,5855.25,5855.0,1.0699237552766379,59.973057143905876,59.8221183888146,0.8374122049589295,135.16759532229148,135.89296889344487,1.7227730960769903,17.92480779297973,17.93000438953287,0.18074459339421511
front,log-0055,60.0,oracle-isotonic,full_log_excluding_training,2.6590462270584405,2.654118595814018,0.07516942854168174,0.04458582543541382,0.04419468639075565,0.001242772030021162,0.15336871255570253,0.153490440340058,0.004804767690874346,3.6440162801995752,3.6366190932314857,0.09530308669179192,2.672430595573882,2.658652115966113,0.08132466895482833,0.15412767788243914,0.15389265984464592,0.004706143619264299,3.6621437482723387,3.659223604028189,0.09562720665358838,3.6673228562395606,3.727294710630767,0.17243220004652907,3.555299016810045,3.5548210317985185,0.08262154227217178,20,1.0,0.9883385902743586,0.9882690772866211,0.0005703703152197345,0,0.0,0.15341679147097115,0.15351585257240646,0.004796435442553125,3.645164622372826,3.6377739765092096,0.09526145007093749,23.20472677855995,23.056530190146315,1.0010355418549752,0.9757352288646084,0.9753603373581736,0.014979573789146572,20,20,5854.6,5854.0,0.8207826816681233,81.7480449651637,81.72893681448238,1.5301338435137632,138.81342210364906,134.93422474103428,5.409742681952211,23.77509811972318,23.54693194767114,0.7650233481730837
front,log-0056,60.0,oracle-isotonic,full_log_excluding_training,2.667429640728316,2.661585189279343,0.1086604697416409,0.04927588686380055,0.049439084188338575,0.0018803066213732686,0.16851825480372412,0.16817118106036283,0.005930954792682143,3.772732465825206,3.7747821139032007,0.10878875128406441,2.854975656161904,2.9123634363881767,0.2291081602959551,0.17373151000597795,0.17577576501868247,0.007784091943136034,3.8890708631292368,3.8840272831143907,0.14634537060567127,5.308367595877794,4.443749561390563,1.314899775174607,3.918465440258852,3.9084049147333557,0.09571489974839466,20,1.0,0.9858379488372886,0.9858366802094156,0.0010562938558692546,0,0.0,0.1687419186732884,0.16818001355258513,0.005965303633205186,3.77772383839566,3.777327673348095,0.10911348751728508,22.027446919914397,22.038636671826325,0.27339969341483433,0.9837847694021438,0.9812569953871727,0.01750968398218008,20,20,5855.1,5855.0,0.7181848464596078,76.59958119563574,76.71771494413488,1.4021652615536975,147.89901463657944,148.7314640450589,2.562719680097263,22.394520265140386,22.47884671709854,0.3277632316964337
front,log-0058,60.0,oracle-isotonic,full_log_excluding_training,2.3364314636823127,2.350077685408041,0.04893438328646424,0.04060821157761948,0.04042461230500034,0.0004968193808709758,0.13950256255443755,0.139059421356992,0.0018612421684154525,3.284261510070029,3.2759865664351366,0.0507040515852244,2.494895645514796,2.4546062720693724,0.12387912109346083,0.14624988579890144,0.14700393579719734,0.005121291080257477,3.443438761836121,3.429911974645824,0.13305037520499646,4.0358121767832245,3.9151914183222702,0.6009832272155263,4.0358121767832245,3.9151914183222702,0.6009832272155263,20,1.0,0.9903640900697465,0.9903748307062955,0.00026975486171451705,0,0.0,0.13965827919195362,0.13919722638668444,0.0018357229173546032,3.2879352718608685,3.2800630915480102,0.05072933262588589,23.333324480051417,23.5350410145956,0.5977799713281776,0.9909722595921254,0.9876008652151809,0.01747361905209886,20,20,5856.3,5856.0,0.6569466853317864,80.87892813351807,80.56586276049987,0.9647051921297297,161.00524535848066,161.1697294857218,0.33751430762206763,23.543440951704916,23.49991658111231,0.26573507408299535
front,log-0063,60.0,oracle-isotonic,full_log_excluding_training,2.5761795575482984,2.673531473469013,0.1659123525223429,0.04171814006474669,0.04313830280660948,0.0028392546579767202,0.12148364388777019,0.12592756738436345,0.008249802751469488,3.5855342161544415,3.737644990132948,0.22158284699766118,2.545336356600427,2.625489611345597,0.1237619410552285,0.12583424713231633,0.13079128743242857,0.009078946516955524,3.713830766052662,3.88224260644406,0.24507919976406875,3.07862699996612,3.13717442482059,0.17899060802495664,3.363661162864711,3.487954258042131,0.19941232439576653,20,1.0,0.9936969782158318,0.9933466267686835,0.0005902390607586211,0,0.0,0.1224616920055747,0.12701906082630313,0.008436830679110665,3.614375946453189,3.7704013686549462,0.22687766673880033,30.71778087506335,30.739959099084512,0.23549153602049014,1.0403686579756788,1.0443621716017715,0.008527433746453613,20,20,5855.8,5856.0,0.5231483637805969,85.98611950548926,86.59697804419193,0.9784912729391041,131.5502176359828,132.7107428223022,2.710831324321653,29.52751965025247,29.67602625427063,0.3084898340772485
front,log-0071_183,60.0,oracle-isotonic,full_log_excluding_training,1.7395497133765918,1.7451105799012818,0.035323994493352225,0.030986846353932933,0.03096403216711191,0.0003680070766562743,0.10812072243812483,0.1080156400602546,0.0012460273558400612,2.470156803618816,2.475357015761025,0.0283090232809681,1.7751461916018312,1.7866769185036264,0.054674909599244766,0.10988848351202758,0.1096471088805016,0.0027373476858337277,2.5105753829573088,2.4959144135535594,0.06392107200001804,4.938070146334323,4.681467492645034,1.0288096266470672,2.4872066233023276,2.4884606051553857,0.046284056464163295,20,1.0,0.9941799809090011,0.9941693692812599,0.00015350307767107726,0,0.0,0.10815343991502065,0.10805084143729746,0.0012598166720099444,2.470904885288835,2.476036201462116,0.02868215465275992,22.60027305707002,22.595856188499393,0.12654145874351233,0.9892474357774195,0.9884843894133344,0.008007273830097578,20,20,5855.6,5855.0,0.8207826816681233,79.71710180586138,79.79088153122652,0.26597077727623547,150.04939735249746,152.4462174422029,5.785679680571518,22.846519721699845,22.82029949013166,0.10400852828874631
front,log-0072_184,60.0,oracle-isotonic,full_log_excluding_training,1.8370699055971365,1.8394421158954344,0.0403271324231659,0.035944902980837294,0.03582214108541244,0.0005649201997107543,0.11766972023321451,0.11712455826803264,0.002016678315095256,2.519839721384544,2.5079648826769767,0.05791003467242718,1.9643831058767642,1.937330756414469,0.08920192114501395,0.12489593790812317,0.12613835430948733,0.004310075655270443,2.6736052830514003,2.6843154708392145,0.06875622055225454,3.8345903288155503,2.9809462980067187,1.4587208108119374,2.53781545215991,2.553990454882092,0.07308980489047866,20,1.0,0.9933003388780757,0.9933394193587128,0.00016462697554849154,0,0.0,0.1178835793346015,0.11736820037539797,0.0019310367362578617,2.524390001470663,2.5151719423274597,0.055215202246123835,21.260378225132538,21.245642675062413,0.40558826959175487,0.9929893926636014,0.9778869263369494,0.022779298563826475,20,20,5856.6,5856.5,1.1424811411549587,70.10297616919058,70.04919659817094,1.1871979097520036,149.32964657743634,152.19039707482895,4.317340017738938,21.414201539774584,21.39144745822547,0.3073461024124068
front,log-0073_185,60.0,oracle-isotonic,full_log_excluding_training,1.6930694062091003,1.6744469077837048,0.07027892912354249,0.03786901977373059,0.038758237720175295,0.002271582459884838,0.13495199217348833,0.13806666890326214,0.0080980803537226,2.628200995378307,2.5563517893954106,0.1916757788584156,1.7066087610313478,1.7203886161255153,0.07612853406757339,0.1367046734669846,0.13958242607608845,0.007773429788977277,2.6620742839082125,2.6096105094025104,0.18267929508683753,8.05783958768538,6.164323710037673,4.629050544248479,3.125070095038947,3.111856279729242,0.3184457957576694,20,1.0,0.9910742834627584,0.9907005710884134,0.0009198830925348432,0,0.0,0.135018692639905,0.1382528186903637,0.008080425107400828,2.629489932792273,2.5572362706121554,0.1912558760414532,18.923446916937472,18.920855561733966,0.7121767385411573,0.9718324744172012,0.9701524275685098,0.012569215035047945,20,20,5855.75,5856.0,0.5501196042201808,69.41473951689797,70.86774493094704,3.046106845580862,147.83352609663945,149.90437255734173,3.904929769419391,19.473553765194403,19.57759085712553,0.7317865367185485
front,log-0046,60.0,oracle-isotonic,training_window,1.5794657174141395,1.5850073349647478,0.13940657624871763,0.03479690070529697,0.034708172982304726,0.003157408552299354,0.11488981316787501,0.11415988715682152,0.010787329415443251,2.3591372894906444,2.299245603707643,0.2526932037901778,1.5794657174141393,1.5850073349647478,0.13940657624871763,0.11488981316787501,0.11415988715682152,0.010787329415443251,2.3591372894906444,2.299245603707643,0.2526932037901778,2.5851094475102845,2.45999857522456,0.37156191204516875,2.8316123748939814,2.7374269807717253,0.37850072600023793,20,1.0,0.9933218318349736,0.9934623897044033,0.0012653595876231775,0,0.0,0.11637651026203766,0.11738182413867224,0.010791181353665752,2.3890634673403506,2.383785620607133,0.2470227729285769,20.383773407759087,20.535122569084486,0.6853236733852136,0.9933218318349736,0.9934623897044036,0.0012653595876231322,20,20,5855.4,5855.5,0.8207826816681233,67.7609517898757,68.67320917405756,2.9672104591817074,137.47091454812778,128.48474116409312,15.143222857260133,20.52099924326507,20.68759980997414,0.6952344703791175
front,log-0048,60.0,oracle-isotonic,training_window,1.4068044409945322,1.423930224614285,0.3299645519737513,0.03145878224325166,0.033221808615526906,0.005972628114954079,0.10659402521973586,0.11341769076639263,0.020395149181286598,2.206450180015742,2.196239255439647,0.40392863273971014,1.4068044409945322,1.4239302246142849,0.3299645519737513,0.10659402521973586,0.11341769076639265,0.020395149181286598,2.206450180015742,2.196239255439647,0.4039286327397102,2.5574437098353062,2.483478068446145,0.19343350101728915,2.774079932826676,2.7393624101115677,0.20309118335267926,20,1.0,0.9941013314869025,0.9935433048635453,0.002315285318491733,0,0.0,0.11111276846583003,0.11940336948728877,0.022433062745408863,2.29840616538418,2.261566313726503,0.43744473537798323,20.651986277866975,20.482255392171666,1.713653613387412,0.9941013314869028,0.9935433048635458,0.0023152853184919596,20,20,5855.7,5855.0,1.0310954828418377,70.33186800830086,69.62861118821735,5.353471826694977,138.89160921800473,138.76314595072665,7.249508807015334,20.77359651868489,20.63481267189303,1.709239902367156
front,log-0049,60.0,oracle-isotonic,training_window,1.1587238550700583,1.1206647670593783,0.21478809320031145,0.028012865280254297,0.026990851507520425,0.0032810186343641347,0.09449311797695706,0.09244963588549551,0.008977434877761307,1.8854427019803162,1.7448907326660994,0.380031895589467,1.1587238550700583,1.1206647670593786,0.21478809320031156,0.09449311797695706,0.09244963588549551,0.008977434877761307,1.8854427019803162,1.7448907326660996,0.380031895589467,2.0284105282562326,2.0441189556821895,0.2672925546768131,2.006895856288723,1.991743743673576,0.25707393567344083,20,1.0,0.9954866851029383,0.9957171758853884,0.0008860424257439518,0,0.0,0.11355572943322785,0.1153442876393754,0.00618109623016004,2.249072172979865,2.130879242275871,0.26996279443021637,19.78942948242787,18.474727719501594,2.760464133158387,0.9954866851029381,0.9957171758853883,0.000886042425744092,20,20,5856.5,5856.0,1.3954814298487213,67.0413332993435,64.64509530782601,7.737506939396019,119.10620370550131,113.38702968087262,6.608112855043488,19.879886575267992,18.555393413710753,2.780170446389553
front,log-0054,60.0,oracle-isotonic,training_window,1.7967711394461208,1.8562336590633939,0.2534306510681266,0.04043945740259576,0.03888491430127602,0.004980694628105173,0.13425313977270886,0.13352224117191275,0.015149358419407845,2.3827967262023835,2.3924732003811187,0.24881679603169707,1.7967711394461208,1.8562336590633939,0.2534306510681267,0.13425313977270886,0.13352224117191278,0.015149358419407847,2.3827967262023835,2.3924732003811187,0.24881679603169707,2.4421519685245006,2.428649373172304,0.3161591323209283,2.594648977401408,2.561920164392455,0.3071626299756628,20,1.0,0.9908350420534543,0.9910441173013942,0.002048360732424768,0,0.0,0.14351166676783217,0.14316348773429483,0.00988002552330284,2.54942461059582,2.5168744541552073,0.17679838824563848,17.70696914728044,17.80605767545977,1.9698617687636844,0.9908350420534541,0.9910441173013943,0.002048360732424967,20,20,5855.25,5855.0,1.0699237552766379,59.62648924377828,60.18852918166102,8.647468196971168,117.71247583067024,120.18887112377558,15.917666267894555,17.868519179554852,17.940717244292873,1.9670043688565286
front,log-0055,60.0,oracle-isotonic,training_window,1.9917555231665502,2.0447620530769823,0.17309670993159376,0.03373844811497159,0.033571266408359765,0.001227238596732751,0.11600014618653476,0.11576887978181517,0.003781047821502554,2.690898191996452,2.7262715144411125,0.22604615132648878,1.9917555231665502,2.0447620530769823,0.17309670993159373,0.11600014618653476,0.11576887978181519,0.0037810478215025535,2.690898191996452,2.7262715144411125,0.22604615132648884,2.718316298563192,2.9209638155316657,0.3767557635276686,2.606251226915997,2.643617865502292,0.13553851707579315,20,1.0,0.9932422638995166,0.9932761772190247,0.0004469569256137345,0,0.0,0.11662771675844104,0.11594891181871222,0.0038021141379190955,2.7050157057443913,2.748677922582842,0.22160385084768305,23.093246975617046,23.963724657987086,2.3649347945184958,0.9932422638995163,0.9932761772190251,0.0004469569256136531,20,20,5854.6,5854.0,0.8207826816681233,79.86821549059381,82.11265192501037,7.270334697487285,140.06378222883157,143.60286825732166,4.978223136709413,23.249641717985543,24.120824965570165,2.3741949803432836
front,log-0056,60.0,oracle-isotonic,training_window,1.9504389202906167,1.9149269317967903,0.16506888461757763,0.035231950039473985,0.034635381416863426,0.0036311662232673676,0.12352293144433557,0.12108601860724738,0.01348711106400518,2.7674401911020374,2.6927056936439344,0.19754843591949886,1.9504389202906167,1.9149269317967903,0.1650688846175777,0.12352293144433557,0.12108601860724738,0.013487111064005183,2.767440191102037,2.6927056936439344,0.19754843591949892,3.0517251248351047,3.02490119597494,0.3466970951360164,2.9980248180162694,2.910931755749231,0.2868542266814104,20,1.0,0.9922532250115955,0.9926419461326839,0.0017216286279841775,0,0.0,0.1280801385817655,0.12887637062850787,0.011375711342251155,2.871428093490565,2.866935808308465,0.14566194051030282,22.32729560385393,22.27395221235222,1.0930927939491764,0.9922532250115955,0.9926419461326834,0.0017216286279842714,20,20,5855.1,5855.0,0.7181848464596078,78.89524410772552,79.8156491242973,4.883144641613185,131.8265503644861,136.14620959402913,9.45583951734317,22.500102538231438,22.456558956969438,1.0684092163758085
front,log-0058,60.0,oracle-isotonic,training_window,2.002591021758071,1.9904039559372626,0.23243439051624318,0.037718196244919164,0.03848928560806732,0.003583773082806102,0.13137039339677065,0.1362602390102703,0.013694361337442961,2.828215861545007,2.821256087318495,0.2368152288468327,2.002591021758071,1.9904039559372626,0.2324343905162431,0.13137039339677065,0.1362602390102703,0.013694361337442961,2.828215861545007,2.821256087318495,0.23681522884683273,2.980971348501329,2.9327001121179093,0.39651175377580244,3.061902175048588,3.032355793006227,0.21390435084672707,20,1.0,0.9912420899338198,0.990673028522709,0.0017106867174403408,0,0.0,0.13774931470815938,0.14037922625002192,0.015433317064923515,2.9632351137792328,3.0867823309558444,0.24488960586490288,21.435200237647855,20.877688167848717,1.4601875501667403,0.9912420899338196,0.9906730285227092,0.0017106867174402009,20,20,5856.3,5856.0,0.6569466853317864,75.27874058528668,76.96713116772719,5.583610344405105,138.2364985409216,136.9977429230494,7.282947159354351,21.623021071691138,21.087477020179715,1.4474629704621809
front,log-0063,60.0,oracle-isotonic,training_window,1.5302499954718936,1.530527656706603,0.016604994146198804,0.030525807274634893,0.030522710730621884,0.0002974470598642695,0.10206905346357897,0.10266052905479309,0.0013836471020925367,2.493631311554026,2.495157116072569,0.02298849956140799,1.5302499954718936,1.530527656706603,0.016604994146198832,0.10206905346357897,0.10266052905479309,0.0013836471020925376,2.493631311554026,2.495157116072569,0.022988499561408,2.5380674901765374,2.5360073472021787,0.018053940921568735,2.7840092883184373,2.7792407081246746,0.02216650008927766,20,1.0,0.994776392233292,0.9947164432690517,0.0001415144643532599,0,0.0,0.10421697155372633,0.10427373448233176,0.0011401674897747475,2.546211337184158,2.556286060009157,0.026242358948429523,24.30691464416452,24.203397167067063,0.3617774905426797,0.994776392233292,0.9947164432690518,0.00014151446435326726,20,20,5855.8,5856.0,0.5231483637805969,81.69214764111413,81.34616137740744,0.6531850356636139,153.3286027416099,153.14450300523623,0.2574032464777531,24.434512512955116,24.33191015090215,0.36089908706003704
front,log-0071_183,60.0,oracle-isotonic,training_window,1.5216779915931473,1.5656459372576128,0.18222611905996902,0.03190168861627175,0.03222461961053709,0.0033456161969815847,0.106528298962337,0.10749163978017948,0.012135498162058606,2.197810883430124,2.167662630357822,0.28048224510609493,1.5216779915931475,1.5656459372576128,0.18222611905996897,0.106528298962337,0.10749163978017948,0.012135498162058606,2.1978108834301238,2.167662630357822,0.2804822451060949,2.5151845572096923,2.162530775924111,0.8306697337092972,2.279433963109129,2.270754643139399,0.3123669630068779,20,1.0,0.9942385109148753,0.9942057083161759,0.0012970144272194193,0,0.0,0.10832625351018224,0.10836780875171886,0.011020718739595014,2.234777358410674,2.1812583556131244,0.2593557895101682,20.49800264197216,20.754154787307456,0.7079806085991942,0.9942385109148753,0.9942057083161762,0.0012970144272194761,20,20,5855.6,5855.0,0.8207826816681233,68.77905987837455,69.20885850094389,2.444876479223805,129.8242944044611,130.64425526101547,11.701970125479788,20.616978642935237,20.87511092084815,0.7178829377871241
front,log-0072_184,60.0,oracle-isotonic,training_window,1.5525613433918894,1.5270737591432755,0.15016534555311717,0.03091001664892156,0.03134112427756649,0.0016371180075460073,0.10495560308826483,0.10552388910039047,0.006238958906396475,2.2297301920459454,2.25406442986327,0.21253229864095124,1.5525613433918894,1.5270737591432755,0.15016534555311717,0.10495560308826483,0.10552388910039046,0.006238958906396477,2.229730192045946,2.25406442986327,0.2125322986409513,2.2172387666664535,2.29056777572973,0.22544406348189752,2.30121369432099,2.309183366594417,0.25541170695267307,20,1.0,0.9944581182645861,0.9944165237760343,0.0006440171727779615,0,0.0,0.11031553445154466,0.11278498548447716,0.007883249199953467,2.3457846840644234,2.419599332452126,0.26190697627205156,21.104725096251393,21.50894598211037,1.2462394639517524,0.9944581182645861,0.9944165237760352,0.0006440171727778064,20,20,5856.6,5856.5,1.1424811411549587,72.07806799569256,74.19874074710384,4.912085496463841,138.82680796705085,141.31694139341133,10.890117088803164,21.222576640896794,21.6321190284415,1.257285078182413
front,log-0073_185,60.0,oracle-isotonic,training_window,1.3532194452363977,1.323417866298865,0.1857467691166057,0.03186219655431709,0.03145454240778657,0.005028858920162954,0.10532683605533702,0.10146958013579564,0.014697989233829733,1.9279943492275773,1.930422215536486,0.2633828577652833,1.3532194452363977,1.323417866298865,0.18574676911660565,0.10532683605533702,0.10146958013579564,0.014697989233829733,1.9279943492275773,1.930422215536486,0.2633828577652833,2.073583320237409,1.9671344726316335,0.30385112713181084,2.102117218148341,1.9623099777431157,0.30351856805654864,20,1.0,0.9943332359153538,0.994838524418149,0.001604013889990872,0,0.0,0.10695070491797029,0.10265518261931542,0.014790613767100369,1.9575736086447229,1.9660987937988303,0.26218664209528497,18.440312366307815,18.339550686809808,3.0442524358503857,0.9943332359153538,0.9948385244181494,0.0016040138899908597,20,20,5855.75,5856.0,0.5501196042201808,61.831027309495724,58.74513284317999,12.426937811790747,125.56570939103646,125.90022639012892,15.707460597510307,18.54272312012761,18.428594148072833,3.0434922668992366
front,log-0046,10.0,oracle-power,full_log,1.9779464319614977,1.8804074601131495,0.32572678141404415,0.04464924018320499,0.04209954263581926,0.008779585634625435,0.14730383368448935,0.13889203939807426,0.028965030912845514,3.0297018999904735,2.8566905906822058,0.595744231463076,2.0087524574366804,1.9378170067951306,0.32445241591337,0.14958443328408563,0.14349683379816103,0.028735441632956486,3.076608601378938,2.9514006467211447,0.5910221067219976,5.056645372270941,3.645061075347522,4.269968991974802,3.961648592842324,3.5979506324033697,1.2058246530865508,20,1.0,0.9899310869456327,0.9906721939879952,0.0023436110394796806,0,0.0,0.14730383368448935,0.13889203939807426,0.028965030912845514,3.0297018999904735,2.8566905906822058,0.595744231463076,20.540481379200344,20.160588882649648,0.9911408655779208,0.9986763558786398,0.980206016889162,0.04818917967521818,20,20,975.85,976.0,0.4893604849295929,67.85562055611665,67.85562055611663,1.4580029302424492e-14,165.89980059488886,165.8998005948889,2.9160058604848984e-14,20.56770570194259,20.567705701942586,3.645007325606123e-15
front,log-0048,10.0,oracle-power,full_log,2.2068849374452286,2.2149822209008807,0.14160838682220694,0.04584688426078702,0.0430370621430639,0.006222432071094959,0.1587467887748684,0.14901766005851086,0.02154543597853474,3.56230516753831,3.34398185045328,0.4834832787203493,2.244837414330844,2.2188444036567034,0.17158915381797038,0.16294147662729624,0.1560100684751195,0.01969248327115184,3.6564346823980123,3.500892694623796,0.4419027021577879,4.251351877205705,4.179450880540615,0.5436302309199849,4.251351877205705,4.179450880540615,0.5436302309199849,20,1.0,0.9880205239341115,0.9890916463794459,0.002916074867754362,0,0.0,0.1587467887748684,0.14901766005851086,0.02154543597853474,3.56230516753831,3.34398185045328,0.4834832787203493,22.39943870441153,22.293673344930045,0.9114405391010159,0.9981848262432974,0.9934716109538542,0.04061646937494305,20,20,976.0,976.0,0.3244428422615251,77.7000493048807,77.70004930488071,1.4580029302424492e-14,147.02804677703884,147.0280467770388,2.9160058604848984e-14,22.440171514841165,22.44017151484117,3.645007325606123e-15
front,log-0049,10.0,oracle-power,full_log,3.0516605028403863,2.9047307386295804,0.8059047957630483,0.056985770935839994,0.054394266989981566,0.0132208151409251,0.18933375896733012,0.18072355372854382,0.043925818430390666,4.588423262874997,4.379758594559864,1.0645235600144913,2.7324515765361244,2.462061777962425,0.9931206851428225,0.2002825239060931,0.18990289905590108,0.05695421697727383,4.8537619326335095,4.602216131280914,1.3802612673128534,5.898805083606085,4.479750501597169,5.47966186767897,5.163479407850558,4.539769042300097,2.7063132909385157,20,1.0,0.986336700444897,0.9874408059252442,0.0029121368807223116,0,0.0,0.18933375896733012,0.18072355372854382,0.043925818430390666,4.588423262874997,4.379758594559864,1.0645235600144913,22.765607068642858,21.957172455239586,2.228189671982468,0.9393854303621161,0.9060267022183144,0.09194259163098399,20,20,976.15,976.0,0.9333020044867297,80.5187538489403,80.51875384894029,1.4580029302424492e-14,128.68361647506669,128.6836164750667,2.9160058604848984e-14,24.23457542860456,24.23457542860456,0.0
front,log-0054,10.0,oracle-power,full_log,2.4758913298308807,2.395676570361272,0.32126232764659335,0.05499014190952859,0.05249939770537595,0.010644572776129712,0.18336500522379234,0.17505960159786643,0.035494400903916395,3.289684071635354,3.1406798819680555,0.6367919829813986,2.6426010523933794,2.5088437910641455,0.36437727582694374,0.19979163227593383,0.18987026414215535,0.036718503190804164,3.5843881417940606,3.4063925276435443,0.6587531515823123,6.911187342425018,4.145364453902863,7.799302886025291,4.305029522320911,3.5553347635275494,2.529634701963914,20,1.0,0.9841306360583729,0.9857781347516341,0.005558295450741635,0,0.0,0.18336500522379234,0.17505960159786643,0.035494400903916395,3.289684071635354,3.1406798819680555,0.6367919829813986,17.702571150629172,17.43739862825746,1.011062978264898,0.986730634560911,0.971950078163675,0.0563560403534325,20,20,975.8,976.0,0.5231483637805969,59.823160250207,59.82316025020701,7.290014651212246e-15,135.8929688934449,135.89296889344487,2.9160058604848984e-14,17.940631952211263,17.94063195221126,3.645007325606123e-15
front,log-0055,10.0,oracle-power,full_log,2.7994346062666504,2.6657133244667266,0.3693562448238212,0.04916332090320642,0.04587047773763915,0.009429166885106992,0.1695287644531785,0.15817412804658246,0.032514382317707896,4.018282794964351,3.7491477000271027,0.7706773742943372,2.9173503386515223,2.7928200449874723,0.39315443656592947,0.17385003022267553,0.16076721397088278,0.032988042384875765,4.12070829160527,3.810610736043967,0.7819043781877562,5.8241405241245845,3.8554542650499055,5.565721262385443,4.404167041495697,3.7267938618896124,2.021485426002181,20,1.0,0.9866524523163973,0.9880349417845959,0.0029469914390521375,0,0.0,0.1695287644531785,0.15817412804658246,0.032514382317707896,4.018282794964351,3.7491477000271027,0.7706773742943372,23.6714629136946,23.258943460543346,1.3031902013830412,0.9986837824323622,0.9812798522527159,0.05498075570112179,20,20,975.8,976.0,0.5231483637805969,81.73334756770427,81.73334756770429,1.4580029302424492e-14,144.98409225186288,144.98409225186288,0.0,23.70266077220274,23.702660772202737,3.645007325606123e-15
front,log-0056,10.0,oracle-power,full_log,2.8025675573513817,2.6949291094831174,0.35144666802609853,0.05206653729919408,0.050550168404677576,0.006842344019060027,0.179396418173811,0.1741717352504345,0.023575449273277625,4.040850927408238,3.9231664995291657,0.5310299783560389,2.9338264202146185,2.802448160749545,0.4151357766592437,0.18574038661233466,0.18649136465654864,0.0238931424916083,4.183746928394279,4.200662485334135,0.5381859235470909,5.558279958164457,4.410835946925463,4.2726866426722,4.5899453616533155,4.290629047147707,1.3968517118449564,20,1.0,0.9846072783387181,0.9856990403610789,0.0035786487679104464,0,0.0,0.179396418173811,0.1741717352504345,0.023575449273277625,4.040850927408238,3.9231664995291657,0.5310299783560389,22.2152309505439,22.084640452238347,1.045854647744974,0.986260798288769,0.9804631412941383,0.046431452460489644,20,20,975.9,976.0,0.3077935056255462,77.60936557366924,77.60936557366922,1.4580029302424492e-14,148.73146404505894,148.7314640450589,2.9160058604848984e-14,22.52470238002855,22.524702380028554,3.645007325606123e-15
front,log-0058,10.0,oracle-power,full_log,2.63505174825639,2.5370565295659446,0.262910972416076,0.04766090170238626,0.04498228471245126,0.005626609756360396,0.16367489681664468,0.15447611240890086,0.019322646832208492,3.829430575561909,3.6142106062560595,0.4520835877656644,2.990498492923282,2.942915490792377,0.3679919249598803,0.1810425645427948,0.17636217205219856,0.02202816340162411,4.235774365051046,4.126269251819187,0.5153833855667646,5.233382742269637,4.55263997815012,1.6627888289011508,5.233382742269637,4.55263997815012,1.6627888289011508,20,1.0,0.9873548462879811,0.9885145719181104,0.002843656583023464,0,0.0,0.16367489681664468,0.15447611240890086,0.019322646832208492,3.829430575561909,3.6142106062560595,0.4520835877656644,23.39324762262656,23.366160647841177,1.0524337072420844,0.9998581552239768,0.9987004223141898,0.044982400135020376,20,20,976.15,976.0,0.36634754853252327,80.3474218652934,80.3474218652934,0.0,161.1697294857218,161.1697294857218,0.0,23.396566303333564,23.39656630333357,7.290014651212246e-15
front,log-0063,10.0,oracle-power,full_log,3.9198920360052396,2.604619277050389,2.019195975250091,0.06965221442248709,0.048760734767288184,0.036136864253372106,0.21552440939862136,0.15088003518190737,0.11181807197807787,5.9169897093981705,4.142248286475019,3.069844307033108,3.351147874264113,2.5785315359944847,1.2528462760131136,0.22416086452767234,0.15335597853544758,0.12195719103939498,6.154094250210338,4.210222635110649,3.34820286194378,5.759351469820294,4.145803560343236,2.7583997252249115,6.069256212601431,4.221751733844384,3.201348295591648,20,1.0,0.9839940644289662,0.9891234043992093,0.011088563384327586,0,0.0,0.21552440939862136,0.15088003518190737,0.11181807197807787,5.9169897093981705,4.142248286475019,3.069844307033108,30.047446743756296,28.68499894020215,3.1121546985194914,1.0944683921113814,1.0448416777483231,0.11335921411020687,20,20,976.05,976.0,0.5104177855340405,84.9504894920883,84.9504894920883,0.0,153.67050225201808,153.67050225201805,2.9160058604848984e-14,27.453919144974673,27.453919144974673,0.0
front,log-0071_183,10.0,oracle-power,full_log,1.8503867869855797,1.732843728147281,0.22885222436914338,0.03423903251909285,0.03226533181492196,0.003993428596692102,0.12000875923044707,0.11309088348533873,0.013997078062797489,2.7129101871326693,2.5565251390531043,0.31641703414112593,1.9551649459550966,1.929032332004501,0.21819818009160796,0.12496210565794456,0.12115853747363349,0.012168290116899617,2.824885213536792,2.7389019991377763,0.2750755730648994,4.193903613374644,3.7433029724399534,1.4289738659538374,2.9038268078798,2.6196161391900663,0.5453101100336696,20,1.0,0.9931494716775688,0.9936986853092137,0.0011469363146933073,0,0.0,0.12000875923044707,0.11309088348533873,0.013997078062797489,2.7129101871326693,2.5565251390531043,0.31641703414112593,22.68192813693823,22.525295487346146,0.6553059498009682,1.003361654056485,0.9964328253685028,0.028988226121507796,20,20,976.0,976.0,0.3244428422615251,79.2344288822956,79.23442888229562,1.4580029302424492e-14,152.4462174422029,152.4462174422029,0.0,22.60593480450205,22.605934804502045,3.645007325606123e-15
front,log-0072_184,10.0,oracle-power,full_log,1.8900218079466296,1.7991018318996344,0.18703390753865087,0.03721715164658591,0.03604054025219555,0.00321290012783969,0.12290059702297877,0.11901512388930655,0.010609821719737266,2.6360612671173067,2.552722817344087,0.2275671621122404,2.001453884244691,1.9713308484412253,0.21675607491025298,0.12897456750359845,0.12558855026564592,0.013152455516857712,2.7663401974839497,2.693714440514767,0.28210341849673487,3.26654213750714,2.8348072816425818,0.9850489962425738,2.713951132836748,2.5923226462617985,0.3057921439289039,20,1.0,0.9925392551365002,0.9931175150678756,0.0013161948824997204,0,0.0,0.12290059702297877,0.11901512388930655,0.010609821719737266,2.6360612671173067,2.552722817344087,0.2275671621122404,21.058238065955912,21.00415555337393,0.32869976927344363,0.9817943394723188,0.9792728604886012,0.015324908562993548,20,20,975.95,976.0,0.3940344628262062,70.82920509740634,70.82920509740632,2.9160058604848984e-14,152.19039707482895,152.19039707482895,0.0,21.44872629564559,21.448726295645585,3.645007325606123e-15
front,log-0073_185,10.0,oracle-power,full_log,1.7493075157966191,1.6421950246331427,0.22255063322585103,0.03993739553850486,0.037528265234658895,0.004904999678946883,0.14121347524396785,0.13269510147586253,0.017343445695321546,2.735036537435737,2.570051832859554,0.3359095693933305,1.8045134494369566,1.6718853190382381,0.31945592238665005,0.14575150570453954,0.13801412878096286,0.018831630464941254,2.8229295596577093,2.6730712791123596,0.3647328790125671,4.881940902856679,3.3705578607180677,3.606472781149399,3.4315888394080716,3.0360672504887707,0.835547021458354,20,1.0,0.9903365421926006,0.9913725806944462,0.002366433295489277,0,0.0,0.14121347524396785,0.13269510147586253,0.017343445695321546,2.735036537435737,2.570051832859554,0.3359095693933305,19.051161532103,18.922329711284107,0.6181797720314102,0.983636119868717,0.9769843662665874,0.031917421482026656,20,20,975.85,976.0,0.36634754853252327,68.48309712131342,68.4830971213134,1.4580029302424492e-14,149.9043725573418,149.90437255734173,5.832011720969797e-14,19.368098778891632,19.368098778891632,0.0
front,log-0046,10.0,oracle-power,full_log_excluding_training,1.9879034141647576,1.8878719589774513,0.33236031430547064,0.04479463351298463,0.04218590588713929,0.008867956854798081,0.14785030456301468,0.1394139166162286,0.029244767502345843,3.046398820918062,2.8710000550653763,0.6065393610219203,2.020840503430811,1.9442013026953076,0.3307229739711411,0.1502331134292055,0.1442838562616468,0.029002527854742964,3.0954976639948844,2.9652494845142585,0.6016184442716861,5.072024626556878,3.6699402766678464,4.264880526135122,3.9810979018526202,3.6041116664947177,1.204761337906984,20,1.0,0.9898819937190243,0.9906421822222145,0.002346996786442012,0,0.0,0.14785188366865776,0.13941546767223556,0.0292444194776716,3.0464313601598985,2.8711399316334942,0.6065322547862217,20.57596412615328,20.204389980272005,1.0364125318009776,0.998672228873804,0.9798797207276068,0.04901394990537235,20,20,975.85,976.0,0.4893604849295929,68.00052040674498,67.95782065085487,0.25713204324136435,165.88456459537832,165.8998005948889,0.068137461221518,20.602252475399418,20.60449001269179,0.06724233612272018
front,log-0048,10.0,oracle-power,full_log_excluding_training,2.2306070668130817,2.2323765485547913,0.14739192247155156,0.046174746458975256,0.04325291702603622,0.006468028496562478,0.16003913179664322,0.14972844930322765,0.02254674944739336,3.5930056936013512,3.3629446074947866,0.49620468233596005,2.272798439257651,2.2373940705028588,0.1759475023347624,0.1644340631390517,0.156685050839453,0.02053853088075446,3.6919091917976212,3.5272455143654367,0.45181988229278347,4.26623685396623,4.190335647042669,0.5423058103277318,4.285884232941779,4.190335647042669,0.5553273799237066,20,1.0,0.9878473540562297,0.9890740853487301,0.003071241657639134,0,0.0,0.1600426915492263,0.14973208333585203,0.022544760348522125,3.5930858075449654,3.3629894414592787,0.49616029135610135,22.42471536418065,22.342815460531288,0.8889807899090216,0.9985862576538679,0.9935869018927195,0.04170153228771567,20,20,976.0,976.0,0.3244428422615251,77.83281676542376,77.76457297351295,0.39767883905955415,146.92236700141606,147.0280467770388,0.47261432427890737,22.458640409104788,22.452226624125366,0.12514781160325766
front,log-0049,10.0,oracle-power,full_log_excluding_training,3.14216070436448,2.9984898173558188,0.8130642502100506,0.05783435465537475,0.05522909068776044,0.013154480334722572,0.19139865398174905,0.18149076299576158,0.04630651012938335,4.670038397178281,4.463012866040113,1.070803642112518,2.813276315653781,2.538871729071836,1.0227983245828314,0.20322386127157976,0.19098571283638505,0.06077311447411255,4.956793212164804,4.706142142455925,1.4125136119887898,5.956586307920704,4.576164093801999,5.429109122393465,5.212216679261844,4.565234458028256,2.6746583218930806,20,1.0,0.9862461979991239,0.9873808016118695,0.0030690977554613565,0,0.0,0.1914261817724533,0.18151368322414893,0.04634142974101283,4.6707056083860286,4.463429179005846,1.0716273027477203,22.895648353438585,22.272155731584085,2.078965202853356,0.9376569042395367,0.904473376586644,0.09533990287812072,20,20,976.15,976.0,0.9333020044867297,80.73196633291408,80.8838946078947,0.5671496741147382,128.20007285711722,128.6836164750667,1.6183776240382715,24.43841232998269,24.50989552785473,0.24270004026859926
front,log-0054,10.0,oracle-power,full_log_excluding_training,2.4828347407108837,2.3994990863563013,0.32779767908988977,0.0550977943544431,0.052841511114519374,0.010637334607808318,0.18372807152960194,0.17578999454130384,0.035601523782068274,3.2981838261761625,3.1509864753411727,0.6441648208323406,2.658615874731193,2.5289794720994303,0.3720424289006857,0.20054351360702155,0.19059865509638285,0.03680082600602709,3.600283181777003,3.424578877249877,0.6668982378164384,6.922811751389126,4.148278442796941,7.794307553587018,4.312741776992357,3.556802537774206,2.5286447316293357,20,1.0,0.98409229525771,0.9857592760376628,0.005577777544105177,0,0.0,0.18373176972131305,0.17579365559935967,0.03560089329339764,3.298250267381017,3.151070444308906,0.6441538716097738,17.70797667776374,17.435062717749773,1.0172994165905278,0.9866422151197556,0.9715745184741501,0.05691927094603014,20,20,975.8,976.0,0.5231483637805969,59.84472586433967,59.86582400427075,0.22914706121705997,135.8929688934449,135.89296889344487,2.9160058604848984e-14,17.948118306194267,17.941642187663014,0.05243071755449171
front,log-0055,10.0,oracle-power,full_log_excluding_training,2.8302589423920113,2.693773900978943,0.39022578553906984,0.04968626281559606,0.04620010782251882,0.009797503691407947,0.17126757706862994,0.1583225121294693,0.03391997152603445,4.060439093013154,3.7834983619663163,0.7923972743397674,2.9620348020568237,2.838781211641174,0.4153059345571835,0.17593749737314784,0.16241429661796836,0.034469948704387875,4.170905243572664,3.857422063147629,0.8035167660635654,5.844142139890238,3.886392335545319,5.5664802640162865,4.43430987945691,3.749905847372067,2.024825783347198,20,1.0,0.9864467048749631,0.9878327980512239,0.0030294713311289855,0,0.0,0.17127601068115877,0.15832665790723538,0.03392023876261752,4.060638587110352,3.7836895428729793,0.7923999629571681,23.691239165590822,23.281378434897057,1.3790808687286453,0.998825481661972,0.9802759563764061,0.05741583878130767,20,20,975.8,976.0,0.5231483637805969,81.74929892622666,81.85929411594913,0.4567193821618326,143.92983488637552,144.98409225186288,3.078740183586447,23.71852796707545,23.707631890510285,0.16046508541808693
front,log-0056,10.0,oracle-power,full_log_excluding_training,2.8276942559800333,2.719856886569302,0.36495491894370374,0.052602031831853566,0.05101902765243062,0.006865380321512833,0.18067336946376894,0.17581342960884008,0.023448661643963992,4.076621942377799,3.956474920495988,0.5468047849416242,2.9729831461970933,2.817021709381746,0.43121530230374655,0.1873905208854691,0.18792468246307792,0.023710729230998047,4.228328328798943,4.253544000379698,0.554114320088699,5.581506319195297,4.434272690775338,4.271075394781417,4.61876756355987,4.331076774008694,1.397740800610519,20,1.0,0.9844277434843421,0.9855368449931895,0.003557760262898981,0,0.0,0.18068155747318107,0.17583119981171735,0.02344716940934616,4.076806879292949,3.9568748398002054,0.5467739664102307,22.239520498186398,21.94701509490193,1.0907235926051662,0.9860494412961198,0.9797159667201698,0.04752868669886945,20,20,975.9,976.0,0.3077935056255462,77.47154590819605,77.62754630893585,0.47780187122104784,148.73146404505894,148.7314640450589,2.9160058604848984e-14,22.553869036982128,22.604706452395806,0.1323908890725074
front,log-0058,10.0,oracle-power,full_log_excluding_training,2.641197374600727,2.552785890205767,0.2718602621706862,0.047749929906579294,0.04517924390743,0.005643770439214104,0.1641018299722016,0.1552334230293107,0.01943729603446363,3.8422356398106943,3.6292603322873327,0.46409394975356283,3.0209322104079277,2.9673376023967295,0.38040859336417304,0.1822674646801638,0.1778431544991818,0.02240546371104907,4.267176439025552,4.160614457183885,0.5293984205005129,5.250723420241242,4.593224236723653,1.659961079040477,5.250723420241242,4.593224236723653,1.659961079040477,20,1.0,0.9873320583821696,0.9884503882854365,0.0028699408170173727,0,0.0,0.16411417518670396,0.15524987103870627,0.019434846275316883,3.8425243969073932,3.629491252050294,0.4640358011109581,23.41347027480255,23.37000710141043,1.0882540503482254,1.0002067671428851,0.9991810144318712,0.04606280442946185,20,20,976.15,976.0,0.36634754853252327,80.44636719253812,80.3775305160897,0.3760406932332521,161.1286084539115,161.1697294857218,0.18389884486546154,23.408427701721642,23.395992974167257,0.08090968144470229
front,log-0063,10.0,oracle-power,full_log_excluding_training,4.124686129415806,2.7158883313839297,2.1909037278911065,0.07235560414672972,0.05046072471222911,0.0382518853008623,0.22188325187340235,0.1549113101705246,0.11700011471500765,6.088036854012701,4.253245722613257,3.2037855082930435,3.515244947631325,2.7096483038440953,1.3783017393253143,0.2317489905659864,0.1557212943078913,0.12852372060191727,6.357841985572231,4.331748912540318,3.518666211692975,5.813552722565047,4.1722960610919,2.778628399643896,6.110708902104408,4.268599189873812,3.225631928137383,20,1.0,0.9835143269847018,0.9888092014263299,0.011604083457392637,0,0.0,0.22194593829149495,0.15492957808208316,0.11707338306478898,6.089751187347364,4.253737423982575,3.205787004053996,30.203416269108942,28.451552607663007,3.134682930363671,1.1010302236226792,1.0512046786502869,0.1186927729219023,20,20,976.05,976.0,0.5104177855340405,84.21490015538143,83.76913250070977,0.7476622009166591,153.67050225201808,153.67050225201805,2.9160058604848984e-14,27.44911907005716,27.359687913179087,0.5364857609651799
front,log-0071_183,10.0,oracle-power,full_log_excluding_training,1.8562825019828253,1.7303358415390095,0.23407769451853788,0.03421764894707012,0.03216920653511753,0.004032936671705374,0.12017299227388319,0.112983236858715,0.014178998184295638,2.7213139079195483,2.5604935243114895,0.3213841823335466,1.968013496123103,1.941485512289816,0.2216132242762106,0.12532723724178113,0.12154582251666078,0.012251026970627176,2.8380864298149824,2.7541657735984044,0.2782710414804383,4.215867745616669,3.7494916753958516,1.4259061239071604,2.9104298786557887,2.625429018900664,0.5504907481289144,20,1.0,0.9931420336014402,0.9936807339422711,0.0011568520946711066,0,0.0,0.12017570794197874,0.11298821784525222,0.014177586603562253,2.7213754335842726,2.5606064355104827,0.32135245961961084,22.72379572882926,22.575121084762458,0.6759070143243713,1.0034792206712253,0.9966295233864161,0.02946396836215609,20,20,976.0,976.0,0.3244428422615251,79.52790511021456,79.52756533995833,0.1105107395237359,151.6634824930142,152.4462174422029,3.5004971095016773,22.644800222022035,22.64976698452253,0.03703623008685657
front,log-0072_184,10.0,oracle-power,full_log_excluding_training,1.8932571132497462,1.8017350242686607,0.1874204923429175,0.037372806436153504,0.03617451800912096,0.0032543810849863333,0.12314043899316514,0.119511375580774,0.010696702841715417,2.6398918237677877,2.566103057891069,0.22601284300283206,2.013232008371136,1.9962737184083674,0.22043990784088482,0.12953047496896983,0.127311168944974,0.013302970360301954,2.7772086972030783,2.7037085312542413,0.28588617115140047,3.2702905444121733,2.846577503143803,0.9980846417305066,2.712535671936812,2.606734369658649,0.30413450069423414,20,1.0,0.992522901327576,0.9930074122520218,0.0013235959099150952,0,0.0,0.12314577230946253,0.11952039333818376,0.010696864788849228,2.6400064447580522,2.566114503328284,0.22601949829749032,21.038193729111594,21.01617057281871,0.40077687196370637,0.98119898189371,0.9787028324208733,0.015839368478368494,20,20,975.95,976.0,0.3940344628262062,70.64592922180914,70.64673744235142,0.38609724580049415,151.72642722491187,152.19039707482895,2.074936247849972,21.440541571863143,21.462307783880355,0.11177788116213497
front,log-0073_185,10.0,oracle-power,full_log_excluding_training,1.7601846724823578,1.6372906911598961,0.22534193279397238,0.040040835711299246,0.037534786850775825,0.0048976980600560355,0.1422596915478941,0.13363836846635613,0.017459172182634604,2.754573677183855,2.585363664980497,0.3407322180539108,1.8210139858153649,1.6813652581810938,0.32378326254953715,0.1470771022735449,0.139017192063461,0.0189115205607533,2.847902036863701,2.6976466592389476,0.3693626718893113,4.908222979912422,3.396094373572813,3.5991273382978743,3.4571545131464183,3.06795837322122,0.8317451139202067,20,1.0,0.9902097175466021,0.9912758452200076,0.002409877930582632,0,0.0,0.1422649604562839,0.13364020923042896,0.017459483291673995,2.75467576108008,2.585447917000505,0.34073892626132274,19.033803951055173,18.93391199208036,0.7022644418965557,0.9829745742401439,0.976107630616871,0.03268285770925896,20,20,975.85,976.0,0.36634754853252327,68.79186250894087,69.08531575241426,0.7699073768809012,149.0846371552133,149.90437255734173,2.52309233106492,19.36180460103441,19.406751790883266,0.15343700771655036
front,log-0046,10.0,oracle-power,training_window,1.543781855106692,1.4919820510575286,0.3150976588084325,0.035153456604946856,0.03457112772392504,0.006213761182218783,0.116331993745206,0.12245773732749271,0.018324450680582974,2.1624665586492973,2.076651403692721,0.42854292777759084,1.5437818932996432,1.4919821027262659,0.3150976653137063,0.11633199374522296,0.12245773732764983,0.018324450680587637,2.162466558649655,2.0766514036927246,0.4285429277779427,2.5818166147546173,2.404124690008585,0.7965074874501502,2.1199480623372855,1.9822428536051722,0.5455597872250444,20,1.0,0.9930476070643823,0.9924735603641901,0.0021327315995013705,0,0.0,0.11996598374228169,0.12502929437023536,0.018254297782356915,2.228331743970069,2.1170310178034244,0.41847932254003883,18.526976939222344,18.397626098945707,2.6533205113421787,0.9930476317722825,0.992473778923169,0.0021327252186676094,20,20,975.85,976.0,0.4893604849295929,62.14052512936489,60.26770663873987,10.521430699881389,102.99309390934846,103.57336830570607,20.455235926011834,18.655881031746155,18.571171902595346,2.6647384877694593
front,log-0048,10.0,oracle-power,training_window,1.2745871112320277,1.1655397894426391,0.3045822033858046,0.03205264279690976,0.0299937005232343,0.008194005415123443,0.10847985617412959,0.10130131496181523,0.024768025905046512,1.999807524572016,1.9121949344790385,0.47924628843725503,1.2745919123578462,1.165539784193645,0.3045757366586068,0.1084798577039818,0.10130131496181613,0.024768026934981088,1.9998075409189493,1.9121949344790476,0.47924626433436057,2.5247500354110346,2.478976121002453,0.5827818330597485,2.1562230747553657,1.7591434925967824,0.8190243587529968,20,1.0,0.9938008686717504,0.9948550993879515,0.0031071890583912673,0,0.0,0.11737486785811868,0.10935380355067009,0.03291974205422267,2.146003760209702,2.0305702758993287,0.5180538054400021,18.71053790574151,19.880133724711136,4.060123120997394,0.9938000069283317,0.9948550966325499,0.0031076188671047738,20,20,976.0,976.0,0.3244428422615251,64.21717906080882,69.05066580214078,14.613826159623299,103.93637396947045,107.40457314880943,18.49713747470652,18.82179169112078,19.968737807307654,4.065572793625453
front,log-0049,10.0,oracle-power,training_window,1.0948885488276332,0.9673762250014581,0.47617953903208343,0.03298139657269831,0.030504784467186873,0.019586142716803777,0.10888257122779241,0.10162210324187217,0.05655496460065424,1.6674716926965818,1.4224430201021154,0.6344947350269637,1.0948886057684966,0.96737622824536,0.4761796619843647,0.10888257122796714,0.1016221032418728,0.05655496460108711,1.6674716926985849,1.4224430201021154,0.63449473503009,1.8791684097803014,1.7784868346970923,0.7772051129509507,1.6848451590989133,1.5139820974607707,0.6286400649019548,20,1.0,0.9924529466483347,0.9948230360916255,0.012277216897217436,0,0.0,0.15587078206081828,0.13021436005260945,0.11065109826035663,2.3059068917264325,1.999194508692549,1.068402736556099,15.72587193421596,14.42530377203564,3.246850755475053,0.9924530003612768,0.9948230334866378,0.012276946372210301,20,20,976.15,976.0,0.9333020044867297,53.50332048482092,48.988095644214994,12.179912570044136,90.06787472138164,88.14891002638717,16.68919617934909,15.832142787422253,14.477054051724298,3.2157746198311723
front,log-0054,10.0,oracle-power,training_window,1.529384321785528,1.5585915674667385,0.5053515798519553,0.03769743864169882,0.0384573299110221,0.008193194401325866,0.12517167640231153,0.12470349767259838,0.027790970342881118,2.0543547355094915,2.046455584201516,0.6395684672856234,1.5293841102275696,1.5585916374767095,0.5053516347939566,0.1251716765340239,0.12470349767259843,0.027790970553019517,2.0543547369626003,2.0464555842015164,0.639568466786507,2.184265084928574,2.22009665373307,0.7451706380068623,2.125862480027281,2.114852453983218,0.7342415339847365,20,1.0,0.9917597248619388,0.9921936481357011,0.0033994517986232335,0,0.0,0.15915863382119,0.15478611332251035,0.0354059570381461,2.5364503466301658,2.4969388589693438,0.4901908090307194,16.337223282629136,17.496822944771687,3.8486398149396472,0.9917586765428323,0.9921936474102959,0.0034013378051755893,20,20,975.8,976.0,0.5231483637805969,55.048797589008835,57.15806270452253,14.970301162967687,88.2180712010614,85.66300735757125,21.85751765640141,16.47181147105637,17.683580160551095,3.875013131714773
front,log-0055,10.0,oracle-power,training_window,1.8946753074110974,1.9020368200317306,0.26191335185826337,0.03712316467535044,0.036537438845201414,0.005381427197791995,0.12026205373540486,0.11927772526373942,0.017165862124172745,2.6595705398775515,2.6188028784758965,0.476052609588709,1.8946753160462222,1.9020368205763867,0.2619133565203372,0.12026205373540852,0.11927772526374078,0.017165862124173512,2.65957053987765,2.618802878475896,0.47605260958885887,2.956000109501258,2.982328206271004,0.5173747783503795,2.740933704205103,2.866482554612934,0.5686667184018646,20,1.0,0.992598875853915,0.9928603442808994,0.0021948752618487478,0,0.0,0.126725404090335,0.12871522975673477,0.01851230165518247,2.8039238538150686,2.724532602440353,0.5398064639456356,22.16211785643354,23.009454687011697,3.9138436486625303,0.9925988720900737,0.9928603387407495,0.0021948758240901978,20,20,975.8,976.0,0.5231483637805969,72.71099604927409,74.54185951541183,14.730850455169847,117.67097535454627,121.9673704968526,18.461962020530144,22.32373632343834,23.158011791061647,3.9271180563651873
front,log-0056,10.0,oracle-power,training_window,1.8256786215807632,1.7041212648342356,0.36718612516779925,0.03836961388961614,0.03870405801462029,0.007641795722601976,0.12885593736487405,0.12336563674016365,0.024920918357261113,2.548581474966183,2.476151322175174,0.4620160326020081,1.8256786580878952,1.704121264778153,0.3671860864376859,0.12885593736495285,0.12336563674095169,0.024920918357240814,2.5485814749674445,2.4761513221751743,0.4620160326003325,2.906269388095118,2.943184474213872,0.6498339903875662,2.7089507953965426,2.684334584258138,0.6195433612866663,20,1.0,0.9913603816534623,0.9923610954147464,0.0033625695909853363,0,0.0,0.14081100691807955,0.13673845938775753,0.02811925017304115,2.773954431769063,2.796535341460502,0.4421959369902544,20.042888506645962,19.670216683330036,3.9296192218862265,0.9913603753686626,0.992361037061253,0.003362568115782504,20,20,975.9,976.0,0.3077935056255462,68.26240077599793,65.36716489563204,14.739010507648702,108.95886478363305,113.21630469803173,17.404764379842067,20.210340483230404,19.819635599045128,3.9239327524471768
front,log-0058,10.0,oracle-power,training_window,1.7967894223958887,1.6676187758830925,0.4318887105519008,0.036082227479145725,0.03401528396473641,0.008664305244478355,0.1210610465777328,0.11346116590260032,0.023804799553656036,2.607341439440998,2.402387977510963,0.6303661043587644,1.7967894237135098,1.6676187757691792,0.43188871430310305,0.12106104657773424,0.11346116590260699,0.023804799553655154,2.607341439441029,2.4023879775109656,0.6303661043587488,3.234960593719869,2.6926994394105,1.189599868810623,2.8891923988302732,2.7568504653481676,0.8254935594614967,20,1.0,0.992368894001995,0.9935421871832475,0.003222643743243813,0,0.0,0.14873069661994048,0.14627940904263467,0.02102715865805109,3.194742405590208,3.0990331186329296,0.5664000940588175,21.39933841563417,21.197681459359274,2.97710348259445,0.9923688915524902,0.9935421799984299,0.0032226440239901365,20,20,976.15,976.0,0.36634754853252327,73.27677406472385,72.82838528316915,12.068235056829527,118.41298338917488,118.969163431541,13.599114587831856,21.563304068055977,21.310043611537914,3.000230784572022
front,log-0063,10.0,oracle-power,training_window,1.4240201392730136,1.0498232706754274,0.6017110699535676,0.02690609302505661,0.024814342954877826,0.0051782320038175865,0.08811249367183646,0.08127244589302471,0.012655225096802187,2.1545164119402576,1.5670565650186274,0.9652708733974119,1.4240201363089489,1.049823264326994,0.6017110717591114,0.08811249367183718,0.08127244589302472,0.012655225096801904,2.154516411940274,1.5670565650186545,0.965270873397408,2.4717976284946097,1.9361634752964716,0.7445699981370644,2.127211609064127,1.6464912117229982,0.9864407929768076,20,1.0,0.9960335020033471,0.9966919221948114,0.0011717552023230884,0,0.0,0.12550039224918952,0.10882997279881304,0.04827600198642419,2.949925613444408,3.4554253758838644,1.2071459395980138,23.475566096401508,20.513758357654375,7.08294006937677,0.996033494638745,0.9966919222379229,0.0011717559846144106,20,20,976.05,976.0,0.5104177855340405,77.26226496421903,72.52002491085736,20.90460869711789,110.87045641026832,119.55737000057597,17.08605041944629,23.576271389863376,20.572575549885403,7.141308982471886
front,log-0071_183,10.0,oracle-power,training_window,1.3962650850731095,1.336769108011358,0.2781943959605876,0.03208974682608169,0.030502868811281482,0.005614987246022962,0.10661438300789224,0.10068049306297062,0.017733616167283518,2.1288073344994327,2.0345305847103967,0.4530750939799122,1.3962651446420198,1.3367691079729385,0.27819432732367505,0.1066143830080265,0.10068049306297062,0.017733616167170622,2.128807334502132,2.0345305847103976,0.45307509397821705,2.4896203296344988,2.308360852551651,0.7883904669361007,2.1697445093447856,2.069791153629518,0.5655042078776154,20,1.0,0.9941480727935049,0.9949174734057183,0.002109031096518795,0,0.0,0.11368445751691277,0.11129717798489189,0.01767078566516524,2.267092987959247,2.1575856403027918,0.44008194127646577,19.78700868800386,19.705776860830003,1.8837637916011645,0.9941480608198561,0.9949174735744359,0.002109024691915769,20,20,976.0,976.0,0.3244428422615251,66.27397344523645,64.52177717641982,7.22507697820569,108.83056735193301,107.54200519072413,13.105646838970587,19.904297823470507,19.801184787662248,1.9036313862511856
front,log-0072_184,10.0,oracle-power,training_window,1.593332039287263,1.6672235626622416,0.3433379416075467,0.033362626492409744,0.03319451787989865,0.004837034370928779,0.11207131925570757,0.11384571556919326,0.01621640921100522,2.30891487103197,2.422866220626723,0.5013098343306139,1.5933317053265341,1.6672235626482599,0.34333804291259523,0.11207131926380183,0.11384571565011375,0.016216409211377646,2.3089148711794993,2.422866220626723,0.501309834252152,2.8387485545212394,2.719021892841069,0.9247659877058408,2.3350018113175652,2.1570530517175834,0.6220052574242482,20,1.0,0.9935729363831068,0.9934978643701478,0.0017818252280328447,0,0.0,0.12123697740129644,0.12466994425255283,0.018410850901819268,2.4736110043250874,2.4785011051195704,0.43686030904953926,20.49161232290914,19.89343062764034,3.4735461061357493,0.9935728784513529,0.993497299196912,0.0017818233894253996,20,20,975.95,976.0,0.3940344628262062,69.29303865194731,66.3701150396015,12.007902191782302,115.25679578751335,115.18425685060916,17.211800771500307,20.62410612326217,20.040504556595028,3.4920270820180015
front,log-0073_185,10.0,oracle-power,training_window,1.3106323234535098,1.2463088337692771,0.3007417884513195,0.031048876507444017,0.030407539719201928,0.006685456514124069,0.10139056142188932,0.09587870127481474,0.020372544039442074,1.8818417868815946,1.767257203197634,0.4795036686967667,1.3106328329815695,1.246308833770477,0.3007416129103251,0.10139056142446978,0.09587870127481474,0.020372544039354627,1.8818417869244564,1.767257203197634,0.4795036686771525,2.0812004775172164,1.8197392903373202,0.6824688092155705,2.020855403817971,1.8168703060397413,0.6681665433541671,20,1.0,0.9946457490214273,0.9953929480838668,0.0024060198780372992,0,0.0,0.10803883875663982,0.10060556163924178,0.027005737152011572,1.9972627276827262,1.7912781538778293,0.5413362970815755,18.69433668685671,18.029914263530262,4.341343936355654,0.9946457148308042,0.9953929482574668,0.002406016957016646,20,20,975.85,976.0,0.36634754853252327,61.70355754644129,58.696165827154935,14.899990242908903,101.5876743949278,94.65161650018908,22.61327854911837,18.79248527977752,18.10030472651728,4.351091948584654
front,log-0046,120.0,oracle-power,full_log,1.847094579351594,1.7835610417021468,0.09927759624847744,0.03988209529634605,0.038966662822765244,0.0014106400103436742,0.13157638312357528,0.1285562485751614,0.0046538906512123114,2.7062243254117417,2.6441070868396954,0.09571985328315676,1.8707943081872718,1.8272788121374757,0.07736089161772276,0.13209622670400709,0.12917249269924014,0.00434885727231059,2.7169163151851072,2.656781814624299,0.08944601651663697,4.050734534695703,3.4280834515811813,0.9140093239665444,3.3001725782377163,3.2285029150086846,0.13354061668204203,20,1.0,0.9913077799505785,0.9917301882931182,0.0006264579739022815,0,0.0,0.13157638312357528,0.1285562485751614,0.0046538906512123114,2.7062243254117417,2.6441070868396954,0.09571985328315676,20.384717550198435,20.371895346979112,0.11134573607190171,0.9911031325323334,0.9904797181658924,0.005413619665969129,20,20,11709.75,11710.0,0.7163503994113789,67.85562055611665,67.85562055611663,1.4580029302424492e-14,165.89980059488886,165.8998005948889,2.9160058604848984e-14,20.56770570194259,20.567705701942586,3.645007325606123e-15
front,log-0048,120.0,oracle-power,full_log,2.107607666412028,2.057763494678491,0.170923126046169,0.043646304837810145,0.040141900131758695,0.007423874895301505,0.151127188828784,0.13899303832711032,0.025705482911157505,3.391320037873702,3.119027619429248,0.576835445398193,2.150424735127407,2.1697637741717877,0.19077110061827038,0.15409590323495384,0.14446288455910855,0.024728213398520327,3.4579384983267323,3.241771907035096,0.5549053499183897,4.140252146959884,3.832651505721857,0.7135094255694355,4.140252146959884,3.832651505721857,0.7135094255694355,20,1.0,0.9889491950725539,0.9904161181080979,0.0031550456928506137,0,0.0,0.151127188828784,0.13899303832711032,0.025705482911157505,3.391320037873702,3.119027619429248,0.576835445398193,22.526619084193552,22.25932704249159,0.7578800010880962,1.0038523577814549,0.9919410387647897,0.03377336044810798,20,20,11710.9,11711.0,1.9166857359844667,77.7000493048807,77.70004930488071,1.4580029302424492e-14,147.02804677703884,147.0280467770388,2.9160058604848984e-14,22.440171514841165,22.44017151484117,3.645007325606123e-15
front,log-0049,120.0,oracle-power,full_log,2.4389774305202603,2.380189476159683,0.18508358309479617,0.04707805377069334,0.04646059839399349,0.002993944199823618,0.15641562338968945,0.15436414377389562,0.009947302636815423,3.7906662232496324,3.7409494857604324,0.24106865606306033,2.245693114022809,2.2094788178086064,0.08781714686949114,0.16006005465076364,0.15721763796579502,0.011991481829008404,3.8789874675405,3.8101027059891033,0.2906084708858451,4.166082710567711,4.061321326038481,0.27532234010864,3.9285274556705,3.8451541008632364,0.24316120710286954,20,1.0,0.9888708233904456,0.9888643098395729,0.0006883112857547874,0,0.0,0.15641562338968945,0.15436414377389562,0.009947302636815423,3.7906662232496324,3.7409494857604324,0.24106865606306033,22.874633865691806,22.975172611439234,0.5144021349386686,0.9438842422917963,0.9480328087085517,0.02122596025889148,20,20,11714.0,11714.5,2.176428750330035,80.5187538489403,80.51875384894029,1.4580029302424492e-14,128.68361647506669,128.6836164750667,2.9160058604848984e-14,24.23457542860456,24.23457542860456,0.0
front,log-0054,120.0,oracle-power,full_log,2.324877260430137,2.3211013884414813,0.029028688807555415,0.05024572631986324,0.050235178921790725,0.0008227021121538713,0.16754471891112716,0.16750954853993877,0.002743305833633054,3.0058581375212223,3.0052271588361084,0.049216640293564796,2.3697108880760087,2.3124526611371707,0.13266423108837644,0.17339227011194197,0.17110035150072583,0.0080346100511874,3.1107669014367514,3.0696484331684992,0.14414598180789034,4.326534523811751,3.398067916638507,1.672711087785335,3.314740410572778,3.2342840621476876,0.25627882511835626,20,1.0,0.9861482121029319,0.9862639383355756,0.00036712243178152617,0,0.0,0.16754471891112716,0.16750954853993877,0.002743305833633054,3.0058581375212223,3.0052271588361084,0.049216640293564796,17.506238450160478,17.382294577962757,0.3971101456750861,0.9757871682999862,0.9688786116489233,0.022134679911659433,20,20,11710.25,11710.0,1.332784974957958,59.823160250207,59.82316025020701,7.290014651212246e-15,135.8929688934449,135.89296889344487,2.9160058604848984e-14,17.940631952211263,17.94063195221126,3.645007325606123e-15
front,log-0055,120.0,oracle-power,full_log,2.592236507980379,2.5882058766568004,0.007961207514483554,0.04417578097896381,0.04415704818406772,7.28065472036791e-05,0.1523303436491314,0.15226574777734841,0.00025105716547997673,3.610634460828429,3.6091033667922723,0.005950722827802706,2.5984203224311546,2.5885286374086904,0.01742489842638575,0.1526843985559606,0.15251219274586553,0.0005252133079810796,3.619026504179737,3.6149447682800497,0.01244895287212192,3.640036719430129,3.6294221894355196,0.0254328766700465,3.554740094338193,3.5503817098876196,0.015792856941930087,20,1.0,0.9883976738282023,0.9883944093411772,2.01216150541534e-05,0,0.0,0.1523303436491314,0.15226574777734841,0.00025105716547997673,3.610634460828429,3.6091033667922723,0.005950722827802706,23.15859550905928,23.167334874973385,0.05814163144696999,0.9770462367760198,0.9774149449981937,0.002452958003565387,20,20,11709.2,11709.0,0.41039134083406165,81.73334756770427,81.73334756770429,1.4580029302424492e-14,144.98409225186288,144.98409225186288,0.0,23.70266077220274,23.702660772202737,3.645007325606123e-15
front,log-0056,120.0,oracle-power,full_log,2.574624899013013,2.540445391807899,0.051424171074220794,0.04711039022552761,0.04650316197545812,0.0010415334484640206,0.16231990264044283,0.16022768413068406,0.0035886267794028076,3.6562074973311858,3.609080898084883,0.08083275015904856,2.6658478521363485,2.648957196336917,0.0881208174013799,0.16435950851728637,0.16301003214545723,0.004094650391341604,3.702149012679642,3.6717524590353117,0.09223078141523706,5.359058553135311,5.874757453617583,1.088386872629817,4.11623924901659,4.145386813315875,0.12587527218215583,20,1.0,0.9868246737890283,0.9871058974051639,0.0005161953054348345,0,0.0,0.16231990264044283,0.16022768413068406,0.0035886267794028076,3.6562074973311858,3.609080898084883,0.08083275015904856,22.18892239643737,22.255330810550227,0.3172111239344228,0.9850928115308241,0.9880410597692441,0.014082810888355049,20,20,11710.6,11710.5,0.8207826816681233,77.60936557366924,77.60936557366922,1.4580029302424492e-14,148.73146404505894,148.7314640450589,2.9160058604848984e-14,22.52470238002855,22.524702380028554,3.645007325606123e-15
front,log-0058,120.0,oracle-power,full_log,2.4543037928639686,2.50497709199481,0.08178122825924154,0.04312790656293469,0.043090793646909674,0.0003803922859951487,0.14810789146804595,0.14798043998299243,0.0013063258548670375,3.465216102779069,3.462234175658556,0.030563539477155576,2.505534556241593,2.5562377403570355,0.13259134758829638,0.1495087301506973,0.14889922505987752,0.002909456495505039,3.4979909178979964,3.4837305916284116,0.0680712918037482,5.134871740193433,5.665556119937424,1.0548766485098684,5.134871740193433,5.665556119937424,1.0548766485098684,20,1.0,0.9890916780911946,0.9891103669908319,9.315481638533508e-05,0,0.0,0.14810789146804595,0.14798043998299243,0.0013063258548670375,3.465216102779069,3.462234175658556,0.030563539477155576,23.29013365994876,23.279965819229925,0.3381437286448716,0.9954509289096134,0.9950163420310513,0.014452707472578673,20,20,11711.95,11712.0,0.7591546545162482,80.3474218652934,80.3474218652934,0.0,161.1697294857218,161.1697294857218,0.0,23.396566303333564,23.39656630333357,7.290014651212246e-15
front,log-0063,120.0,oracle-power,full_log,2.0545471649415603,2.0433280775228115,0.015437431923534592,0.03545081956422885,0.03539957288695217,0.00012420184380523434,0.10969524820751124,0.10953667593604396,0.0003843169848122033,3.011564474876942,3.007211044557444,0.010551007427074651,2.0435999199779635,2.025253239046383,0.04391584349415655,0.1098553719696334,0.10983873322738955,0.0003977687088116709,3.0159604996954323,3.0155037010111956,0.01092030997011659,4.156124816978829,4.1411846538731005,0.054977288891967104,3.042718659169828,3.033979153653171,0.015469435363049155,20,1.0,0.9939948408117492,0.9940190194039067,3.232967456294407e-05,0,0.0,0.10969524820751124,0.10953667593604396,0.0003843169848122033,3.011564474876942,3.007211044557444,0.010551007427074651,27.270197545719906,27.20346291339797,0.21451570338066983,0.9933080010076308,0.990877213914191,0.007813664134722863,20,20,11709.15,11709.0,0.3663475485325232,84.9504894920883,84.9504894920883,0.0,153.67050225201808,153.67050225201805,2.9160058604848984e-14,27.453919144974673,27.453919144974673,0.0
front,log-0071_183,120.0,oracle-power,full_log,1.7056939914151177,1.6749194433782737,0.052830583745998784,0.0315059845203292,0.03150510799573812,0.0003013759792146375,0.11042935014328947,0.11042627790027117,0.0010563311713682694,2.49635868984273,2.496289238917355,0.023879353591914385,1.710581549316824,1.682990581800153,0.055216173265807494,0.1109343798925663,0.11066215358314416,0.0014233998951508158,2.5077753594292154,2.5016214292263492,0.03217728523051441,3.5119231339697436,3.4768398240235516,0.2209588278549726,2.554804571753693,2.540096081489025,0.04931951851133298,20,1.0,0.9939020247809266,0.9939286927137791,0.00011716342026842874,0,0.0,0.11042935014328947,0.11042627790027117,0.0010563311713682694,2.49635868984273,2.496289238917355,0.023879353591914385,22.42571113814096,22.420179264098536,0.1332101729880627,0.9920275950576837,0.9917828861310123,0.005892708005224084,20,20,11711.8,11711.0,1.105012502906165,79.2344288822956,79.23442888229562,1.4580029302424492e-14,152.4462174422029,152.4462174422029,0.0,22.60593480450205,22.605934804502045,3.645007325606123e-15
front,log-0072_184,120.0,oracle-power,full_log,1.7569387169678463,1.7403910122643325,0.06573168748305501,0.034894633236892805,0.03461936643209858,0.0012264397088849054,0.11523104450432642,0.11432204278998048,0.004050019030633426,2.471559134334652,2.452062205361374,0.08686774968021227,1.822815395582155,1.77446168336516,0.09909158018330463,0.11882018426173913,0.11759828239635352,0.004641582662514642,2.548541610628218,2.522333371957423,0.09955603610689047,3.0921015338014777,2.9236341663183967,0.9245246762000134,2.5459802188788574,2.4724544939008117,0.2581781392713478,20,1.0,0.9934013356187636,0.9935197066180534,0.0004959117249392461,0,0.0,0.11523104450432642,0.11432204278998048,0.004050019030633426,2.471559134334652,2.452062205361374,0.08686774968021227,21.352301058534064,21.308856797280107,0.254449723048275,0.995504384000131,0.9934788902409616,0.011863162387406307,20,20,11712.7,11712.5,1.1285761872936695,70.82920509740634,70.82920509740632,2.9160058604848984e-14,152.19039707482895,152.19039707482895,0.0,21.44872629564559,21.448726295645585,3.645007325606123e-15
front,log-0073_185,120.0,oracle-power,full_log,1.6568288535950237,1.6298694779018499,0.07806099012421877,0.03755007389908901,0.03718383501262258,0.0009688977653150356,0.13277221409808243,0.13147724067204758,0.003425897426494344,2.5715453577438083,2.5464641845123257,0.06635311976269308,1.6533757854544695,1.602698222391255,0.10070348150889691,0.13299808738515545,0.13182903966897874,0.0034582102162426577,2.575920093879352,2.553277862235204,0.06697895706635999,4.372814764380159,3.363689297465253,2.289991212699264,3.1616928516814524,3.017812682462931,0.3236022481661727,20,1.0,0.9911918403973962,0.9913874693943423,0.00048159893219764267,0,0.0,0.13277221409808243,0.13147724067204758,0.003425897426494344,2.5715453577438083,2.5464641845123257,0.06635311976269308,19.065471574977533,18.995797035359463,0.13886340068012476,0.9843749658978445,0.9807775792666897,0.007169697050051465,20,20,11711.75,11712.0,0.5501196042201808,68.48309712131342,68.4830971213134,1.4580029302424492e-14,149.9043725573418,149.90437255734173,5.832011720969797e-14,19.368098778891632,19.368098778891632,0.0
front,log-0046,120.0,oracle-power,full_log_excluding_training,1.8599772911617074,1.8178788479713253,0.09433978382793762,0.03991004294754362,0.03956356229271077,0.0007995376095195866,0.1324898464773206,0.1319585743796199,0.002359033379866682,2.724246026935595,2.7066784861592463,0.06580937811557536,1.9031241310730613,1.897052333575909,0.070462992526775,0.13353338805247683,0.13343394029159739,0.0021538970143411785,2.74574441698467,2.7457967032233888,0.06464896837585442,4.25933183611213,3.571060144448476,0.9859684710346449,3.3152828590061274,3.3171492863834207,0.06466472389414939,20,1.0,0.9912054170879561,0.9912597708238108,0.00032941548143706426,0,0.0,0.13258695932537115,0.1320553697084385,0.002324702481306977,2.726246695396339,2.7104335618352433,0.06546019975291129,20.360603489443477,20.43647660652195,0.3727920274917422,0.9901945556114538,0.9899578021121221,0.006988978175930723,20,20,11709.75,11710.0,0.7163503994113789,68.2667317931337,68.50802713053545,1.3473867107425683,162.9359137893588,165.8998005948889,4.111801382307407,20.56138263146621,20.584879909264238,0.2915337090679282
front,log-0048,120.0,oracle-power,full_log_excluding_training,2.2502262559829695,2.180492436060013,0.4218424322559952,0.04671115352514234,0.042773705353416014,0.01340854129518899,0.16451268922091483,0.15185012506357232,0.04922113217125995,3.572076881297999,3.2881018161445006,0.9032247418126811,2.353565603853874,2.2227922938008966,0.3092218875082884,0.17137076073981594,0.15606180455120625,0.04623631269994239,3.7235020972618686,3.454291998611494,0.8284244541852677,4.204329382737535,3.9152274682267607,0.881490916904395,4.007113801156363,3.5938320066828036,0.953633582114965,20,1.0,0.9871922551858423,0.9884975266903151,0.0064175428936467434,0,0.0,0.16532008634709477,0.15314510892899044,0.04882731858801525,3.5899110211814262,3.2882282540231733,0.8933560344055055,22.257811705547745,22.701830335444342,1.1672745596382432,1.0149806378075157,0.999276833674334,0.05299011828418855,20,20,11710.9,11711.0,1.9166857359844667,77.06731817529878,77.18580879129624,2.864813618361262,145.88154371508466,145.80814846494485,1.1600967801059974,21.954791248184584,22.13414303858061,1.1106130730349142
front,log-0049,120.0,oracle-power,full_log_excluding_training,3.4177572676024432,3.334697155345273,0.7112701055918966,0.05621962749244754,0.05698008171749419,0.008873474428281677,0.16797069586739638,0.17535421697057016,0.02342241222155545,4.5406786505046695,4.560178142030201,0.7043715386882179,3.0219823628775133,2.928286470377561,0.47381235022414175,0.18133316464376634,0.1880965202008205,0.029670723207479918,4.90348500254527,4.874974127647682,0.885672628007518,4.362582888726759,4.476194302547752,0.5341559346627577,4.331771196906523,4.476194302547752,0.5932193751243816,20,1.0,0.9894622276915426,0.9888802970337444,0.002047562499748443,0,0.0,0.17235717671813713,0.17973920054120612,0.02544529512857318,4.659804417223841,4.665112388226151,0.7633988888671576,24.476630732534993,24.453828359267124,0.9982020207497984,0.9073228627042014,0.9064738453417143,0.03422344023454427,20,20,11714.0,11714.5,2.176428750330035,80.83087914348201,81.11858994066637,1.1369323439939536,115.59927551753417,115.21363121647995,5.708446828225008,26.99924856625089,27.117931975053068,1.213144316841963
front,log-0054,120.0,oracle-power,full_log_excluding_training,2.3533237249090524,2.3570584957252803,0.03172736314592353,0.05066232817880377,0.050541901398893654,0.0010994891411747229,0.1702091273793745,0.1695427018911339,0.003515584081359416,3.0527224837419813,3.0404909583330033,0.06529794234059662,2.4447991141521532,2.3634587921574033,0.19994683993771759,0.17844564511602765,0.17530890818891098,0.010588089492081856,3.2006622120470984,3.178102199457326,0.19502598228685705,4.338825750614004,3.5353697085187425,1.6843558742432512,3.3697241283050667,3.3083000335163675,0.23735838742779392,20,1.0,0.9857987948936143,0.9860137173597605,0.0004838813666110848,0,0.0,0.17046333458953322,0.1695874059938374,0.003411689589788445,3.057288840163495,3.0450011378924557,0.0638560104424907,17.452930817063834,17.29029949740861,0.5327829340174298,0.9730229306121674,0.964132912662055,0.02583247658626388,20,20,11710.25,11710.0,1.332784974957958,60.27381519548031,60.584076497487985,1.4697781498332005,134.87883981844692,135.89296889344487,1.905405064861418,17.936506753671324,17.940418263356335,0.249462591809672
front,log-0055,120.0,oracle-power,full_log_excluding_training,2.9969029818728155,2.9655148520417365,0.11007089669306037,0.05125614101168585,0.05125313469892032,0.00034783559975903937,0.17064530384577692,0.1709039044645695,0.004403666952842586,4.1884954618600325,4.145354259838392,0.08669207900205171,3.0232729337103255,2.9699821835539346,0.15291530365324754,0.17185852486700653,0.17289482749448082,0.004876739254786594,4.217847246243516,4.190599977686771,0.07913249737793449,3.7069431515995697,3.65371060751295,0.1594084144420948,3.9858969853182855,3.9911720387945113,0.03167268964169973,20,1.0,0.9855778436203242,0.9856446737660274,0.0006790040426504749,0,0.0,0.17095293241283777,0.1715606398390282,0.004507086074347964,4.195937498132491,4.151136725126932,0.08420137174041586,23.686407018716068,23.272751330138963,1.2010183900165436,0.9637546033296527,0.9647125857703718,0.005709784355813635,20,20,11709.2,11709.0,0.41039134083406165,81.7161081263789,81.49087150435659,1.5465641431502843,131.5041153840298,131.53682239896366,1.3344280837957556,24.571931568042032,24.126121303888567,1.1205943794510342
front,log-0056,120.0,oracle-power,full_log_excluding_training,2.620831110510249,2.5390203252845436,0.20718378142859087,0.050948559978482535,0.05091499051764842,0.001979875608400104,0.17192848026019913,0.16977916568271673,0.007591830491975826,3.8517114789551905,3.7203382250975183,0.21511776062195864,2.8797857797537953,2.841330761547642,0.19163048449241285,0.17738681760555208,0.17375912448651623,0.007605897523817316,3.9750389927466983,3.912111774168226,0.23789657530662653,5.66211682770126,6.072835605448073,1.0792869800806435,4.293146048268761,4.250367078316771,0.12244504911543751,20,1.0,0.9852960334140499,0.9858464555604871,0.001256467084348431,0,0.0,0.172862946199968,0.16992208458172714,0.007427692033700386,3.8728265625687754,3.7403718736890523,0.21621159759900144,21.902485594070264,21.906380315929084,0.44852365807685446,0.9781913048740394,0.9846637319813201,0.020256937647806558,20,20,11710.6,11710.5,0.8207826816681233,75.57250113090248,75.67260050816239,2.1361010653408887,146.58101998413392,148.7314640450589,3.8257295626078633,22.396359238158226,22.35908744341235,0.5127658915131028
front,log-0058,120.0,oracle-power,full_log_excluding_training,2.4536805498439986,2.4599014799614576,0.05410123176539371,0.04272055570260384,0.042257047940068015,0.001016045885793995,0.14794738515390127,0.1459743106374612,0.004952470314302047,3.5059554209398023,3.4831138916923265,0.0732187522539032,2.5518768229772677,2.5211186207208005,0.14731600503648126,0.15064430162231218,0.14982154754305715,0.005617337631893767,3.5708884964011345,3.517649744523121,0.13063074085860427,5.224121756309464,5.6944617757164,1.0259504201962109,5.224121756309464,5.6944617757164,1.0259504201962109,20,1.0,0.9892065364005171,0.9896465635505852,0.0008503727508875115,0,0.0,0.14819209714398146,0.1466382711023955,0.004929343496829548,3.5118481239503,3.4849056850769724,0.076907254827785,23.680107046232514,23.89613961801927,1.0053887835953703,0.9982952775184089,0.9992017958875603,0.020116192464624625,20,20,11711.95,11712.0,0.7591546545162482,82.0848906072154,81.83696408214371,1.500258069889833,160.32948526586358,161.1697294857218,2.544714200984166,23.71090225908362,23.915143256638103,0.551321323632329
front,log-0063,120.0,oracle-power,full_log_excluding_training,2.267747952885248,2.6828258666617684,0.8958194044135149,0.13031333048516106,0.0827259005199881,0.1520509068032322,0.260183784995854,0.24440629261098482,0.07731712814530343,3.0431861816602086,3.5595809137802568,0.9334712323333212,3.269676410466674,3.0992413957061142,0.5822310067226114,0.3871343231307123,0.3154406492713553,0.2807410046180872,4.081579645002439,4.0020738134539755,1.1085016700645942,3.3932097113567226,3.4223319167210873,0.37100744318218415,2.6525378191275912,3.165652744200637,0.964734899185852,20,1.0,0.9760866397049538,0.9834370644233498,0.0207210958254578,0,0.0,0.3757862364732544,0.30765485873775755,0.2642373226328833,3.981883804693416,3.9658205967131472,1.0721352113549731,13.128363585754794,13.298394879656284,4.079809844267085,1.0782786300556402,1.058673643990462,0.1300494146552403,20,20,11709.15,11709.0,0.3663475485325232,36.91866278277267,37.58546101708649,16.146440535070653,44.16310547698208,43.936393029710004,14.007613290947527,12.719507614762966,12.56188848208031,5.1278882051659895
front,log-0071_183,120.0,oracle-power,full_log_excluding_training,1.7146641824290274,1.7229600165393602,0.03389877472440563,0.03153213959128477,0.03174363027224343,0.0013357643448725592,0.1090208510439216,0.11046211378839944,0.0046903125356324285,2.513493513274713,2.5322617113397023,0.10896373118467927,1.729770902744476,1.739180013189603,0.04040514680447469,0.10990979518472813,0.11106604892805855,0.00527406067582378,2.5341379326987097,2.53868357405294,0.12570959134555557,3.7429869746862883,3.519771462445102,0.7769548154902318,2.5521978126128686,2.566733528613027,0.08837870528778842,20,1.0,0.9940629111127179,0.9939474653336089,0.0005026658990558277,0,0.0,0.10908606278165385,0.1105484423461732,0.004727391092438561,2.5150079694562253,2.532729316827451,0.11008873539023797,22.867175148289114,22.931809538940417,0.3686526754063718,0.9917690676139905,0.9917914330626598,0.007856429621405488,20,20,11711.8,11711.0,1.105012502906165,79.70972861198484,79.71621460905016,0.40199040209134135,149.15377035665364,152.4462174422029,6.694691514729446,23.056290820204175,23.079782131432445,0.27040132328584676
front,log-0072_184,120.0,oracle-power,full_log_excluding_training,1.7088195558041992,1.6884526519808332,0.14769330747360843,0.03451084380065798,0.03406862383737309,0.001891862376314111,0.11210260706261448,0.11105421779388037,0.006840474288875091,2.4062542751262628,2.3980662662267846,0.1992406583848515,1.8748347023940137,1.8618615501212834,0.14779942763658901,0.12049051314083456,0.11949295257796042,0.0071361068749381225,2.584456522917466,2.5945078885394075,0.18260490186821007,2.9911704392442986,2.7426828006617403,0.9652528263316476,2.4568554533265816,2.3926522567751256,0.331427379792754,20,1.0,0.9937897086041072,0.9938392520436254,0.000841855230348272,0,0.0,0.11310419215188387,0.11205198834603433,0.006523385233526055,2.4275229979023374,2.4196135942015045,0.19195703728651228,21.332312247607717,21.235501975310058,0.39382453561235786,0.9951941241495594,0.9938598368400631,0.015673630951216943,20,20,11712.7,11712.5,1.1285761872936695,69.63880089306295,70.17702406012175,2.217142240753572,147.86080562979504,151.42108309592837,4.762684402045096,21.442249020086404,21.570410229232657,0.5947365810845573
front,log-0073_185,120.0,oracle-power,full_log_excluding_training,1.7704134960374742,1.784642888322188,0.12484827020577759,0.03932332611256345,0.039409567925545744,0.0012064253451818307,0.1383636160604101,0.13822116598522322,0.0033979010199727934,2.7579578932837565,2.8585300977522987,0.18586921439637302,1.7660964385210254,1.7655232704078392,0.15344581018222567,0.1389297353915791,0.13871060150614062,0.003648711162019713,2.768965826623868,2.8626010408020495,0.18444158923985096,4.582510713013164,3.6001639412814908,2.3971062860696164,3.3297389943210782,3.2474445925479962,0.33200992564990345,20,1.0,0.9905047580157829,0.9905680762014496,0.00046120355892665044,0,0.0,0.13844911582519592,0.13826599080118684,0.003431771158877449,2.7596202162347065,2.8591437481671536,0.18562036200542426,19.536454932739236,20.291788972112357,1.4601774635096059,0.9793575231771824,0.9744168389395729,0.011603988666185353,20,20,11711.75,11712.0,0.5501196042201808,70.13903566297785,72.67975284482876,4.217460306283774,146.03168387167108,149.90437255734173,6.389325536123031,19.940935451502412,20.822873340912043,1.370273484966941
front,log-0046,120.0,oracle-power,training_window,1.7968081966669645,1.702290512861556,0.18114296656779946,0.03903526336987255,0.03685034852527176,0.0037032033794414648,0.1291309639798888,0.12086643678075124,0.012212603222461966,2.6380371204671333,2.4663320809030904,0.28642482174495143,1.7968081976203834,1.702290512866454,0.18114296809628824,0.1291309639798888,0.12086643678075124,0.012212603222461968,2.638037120467134,2.4663320809030904,0.28642482174495154,3.5860910756781132,3.017861809935112,1.07299884019779,3.2306106990969203,2.962974149416505,0.45441098358994597,20,1.0,0.9915548342968796,0.992668769815455,0.0016268893524729346,0,0.0,0.12969598361056545,0.12187592041690572,0.011828541339342385,2.6495285288742116,2.4853514319722168,0.27920223615477363,20.248000339515777,20.276293464514197,0.7959541324780329,0.9915548339667991,0.9926687700305821,0.001626889901971243,20,20,11709.75,11710.0,0.7163503994113789,67.59828220891802,67.60942457632447,3.671840643016158,147.5200927324659,147.31298516362753,16.31585710327382,20.420604331142663,20.421138607679257,0.8075171116174452
front,log-0048,120.0,oracle-power,training_window,1.7492270333090605,1.6906000437142659,0.3910708329535866,0.03710212740746709,0.03445894999356583,0.007482049125485341,0.12776890051657705,0.11618612674849825,0.02696084279235806,2.746320729416789,2.5964937240084636,0.4934463275882824,1.7492270844462667,1.6906000444605094,0.39107079624842217,0.12776890051661527,0.11618612674866335,0.026960842792334676,2.746320729417605,2.5964937240086363,0.4934463275876641,3.7482573951894174,3.419805423632895,0.7689594684009902,3.3990249136052335,3.2148812128485327,0.31431335684711154,20,1.0,0.9914489570259406,0.9932253633834083,0.0037740082126650662,0,0.0,0.13108763668981235,0.12058156502473792,0.028694559813209775,2.8179544391784885,2.597121312246633,0.5285874382537068,21.47798259532049,21.30904308704154,1.6298472866777713,0.9914489459979425,0.9932253282963694,0.003774001309749645,20,20,11710.9,11711.0,1.9166857359844667,74.49056931177647,75.22611898018312,5.515841800888425,144.6491510043941,145.97124902081106,4.227946842541804,21.660142349754857,21.521057166498586,1.6023516550824908
front,log-0049,120.0,oracle-power,training_window,1.6463430511293509,1.6189387763389909,0.285605058443444,0.03740329292620325,0.03618745261706798,0.0056208496294464574,0.12667211676630502,0.1185482972658346,0.021697783090245816,2.729814325486604,2.6930178758072616,0.47559231177620437,1.6463427669653978,1.6189387762201148,0.285604958197007,0.12667211676769838,0.1185482972658346,0.021697783092031242,2.729814325516146,2.6930178758072616,0.4755923118130958,3.382785676982833,3.1877058258665496,0.5155338007103375,3.058986147227853,2.8055054773945898,0.6711411648205005,20,1.0,0.9917148885925577,0.9929482865188971,0.0029912991019290995,0,0.0,0.13335632466137085,0.12346343005702554,0.018064539855149806,2.869270091725679,2.810275800333453,0.3790125131186611,21.380139540905716,21.511634196085062,1.3401424036837846,0.991714736958022,0.9929482865212393,0.002991597387126107,20,20,11714.0,11714.5,2.176428750330035,72.77893310897032,73.75742060544003,3.8385133222536227,126.24212007598257,128.6836164750667,3.7248538159492917,21.5584688472084,21.745638215557975,1.3439438042723855
front,log-0054,120.0,oracle-power,training_window,2.0035899262495405,2.0209096248220133,0.2493572358284647,0.044078312065150324,0.04464121362696394,0.003105671299983801,0.14598165233406887,0.14741656807856873,0.011977070307230208,2.6015584553445636,2.562457743412205,0.2942066150951368,2.003590054667103,2.020909670836241,0.24935731756892068,0.14598165233421645,0.14741656807858075,0.01197707030729135,2.6015584553474036,2.562457743412206,0.29420661509822965,3.2354054401147314,2.9546445949124163,1.081155837325425,2.904026299483529,2.7782611316092076,0.4599574835169365,20,1.0,0.9892170210567508,0.9890722538444752,0.0017059434638069283,0,0.0,0.15333028479255692,0.15426102793374824,0.0062794808616777375,2.7315828938448554,2.717617661261926,0.2245865085349758,17.622062930591788,17.543059759099968,1.240749400564078,0.9892170262676476,0.989072245069359,0.001705913165787152,20,20,11710.25,11710.0,1.332784974957958,59.14677854015853,56.110622267065864,6.592056998608931,124.47759943521471,130.69438509090975,10.123849937701332,17.8142989420409,17.693456622888828,1.2568439974047
front,log-0055,120.0,oracle-power,training_window,2.1777189674198385,2.2107889612589946,0.11772195593470926,0.03698754228807118,0.03687882034959887,0.0005546837313887188,0.1281501661086242,0.1280358213779254,0.001843897843855309,2.9034603763191105,2.964950722084,0.12417169594309788,2.1777189674283175,2.2107889613002176,0.11772195593405857,0.1281501661086242,0.1280358213779254,0.0018438978438553057,2.9034603763191105,2.964950722084,0.12417169594309792,3.2443627569122397,3.251772216124232,0.12205898942008553,2.933275984787847,2.9374826813607506,0.04652533272975264,20,1.0,0.9917531199551824,0.9917695257715171,0.00023846923478379716,0,0.0,0.1286014557599885,0.12859354494199465,0.0018662441671248077,2.9137844340368275,2.9657646493145027,0.1272185181501845,22.484358655574024,23.021115142450185,1.2235781281407128,0.9917531200096759,0.9917695258614341,0.00023846925293877281,20,20,11709.2,11709.0,0.41039134083406165,78.55482345341112,80.71656357729181,4.373356621695416,144.98409225186288,144.98409225186288,0.0,22.671086076243473,23.211754620964193,1.2291444672916867
front,log-0056,120.0,oracle-power,training_window,2.3574142446550757,2.4251727698850285,0.16494387513876924,0.04232769202335256,0.04269284797537558,0.0014034263242037842,0.14645241324683952,0.14804195142782997,0.005776171006831149,3.255368849691576,3.300015153938466,0.17862806441422605,2.3574142507720754,2.4251727727681427,0.1649438685587309,0.1464524132468397,0.14804195142782997,0.005776171006830968,3.255368849691579,3.3000151539384666,0.17862806441422172,4.805673257608003,5.244611106947928,1.0482198439674242,3.7375191707661335,3.931718474200345,0.34669941844477514,20,1.0,0.9892013485735124,0.9889803302677145,0.0008501953933222073,0,0.0,0.14886328451553946,0.1502317494894964,0.005868857989454827,3.3079686238279136,3.37727585273785,0.16225561692462154,21.982013093658466,22.07954475623326,0.6503555212949663,0.9892013476785164,0.9889803293257862,0.000850195371417418,20,20,11710.6,11710.5,0.8207826816681233,76.91784522222676,76.57660436967225,3.588492110371542,140.6317408706713,137.34874644611534,4.85774931886347,22.222113467409898,22.29458283301216,0.6618368914007244
front,log-0058,120.0,oracle-power,training_window,2.396522054073295,2.4033285300619465,0.2407782457577527,0.04399990444360195,0.045114437105009966,0.003670725661180538,0.1499912469145289,0.15563135314790716,0.013285538307578481,3.3109253452824357,3.340519056463055,0.20047289999682352,2.396522114480903,2.403328530169268,0.24077827188247783,0.14999124691497148,0.15563135314790716,0.01328553830778212,3.310925345292437,3.340519056463055,0.20047290000784396,4.943721763277287,5.6502382674536005,1.1700602652587415,3.8246532512778266,3.9068408183861965,0.24790928263462006,20,1.0,0.9886007151756024,0.9878152026626583,0.0019389502324834206,0,0.0,0.15165487019314408,0.15755012980986072,0.013828837577812919,3.3462511146341214,3.38392455650321,0.19123336665270005,21.901385358114165,21.452895475348537,1.217416170691613,0.9886006947528712,0.9878152016203514,0.0019389594850921842,20,20,11711.95,11712.0,0.7591546545162482,75.48176616909322,75.21241112929567,4.046537529011011,144.40775226605297,144.4361556836395,6.782137522180668,22.152187082696294,21.738515218396714,1.1963594415505385
front,log-0063,120.0,oracle-power,training_window,1.967383767892827,1.9716929363598015,0.07707518803795525,0.03464285158483893,0.03478635357532202,0.0013237044509961287,0.11015415075735306,0.11054951234188211,0.004939707212506868,2.9229802022056677,2.926507887015749,0.10063712744564621,1.9673837679030104,1.971692936324933,0.07707518814618602,0.11015415075735306,0.1105495123418821,0.004939707212506867,2.9229802022056677,2.9265078870157484,0.1006371274456462,4.186069755051266,4.1843624145676195,0.08020097681184675,3.0601932814706556,3.060116890025528,0.14894110654411755,20,1.0,0.9939027112507365,0.9938705136566133,0.000545765887172857,0,0.0,0.11032712954355199,0.11060601545511214,0.004839894448316748,2.9275988267199335,2.928003584625279,0.09789626229008036,26.386072002644756,26.310081860363578,0.3389065343812573,0.9939027111397634,0.9938705135142525,0.0005457659232806354,20,20,11709.15,11709.0,0.3663475485325232,84.38669341079421,84.12906862175832,0.3882685456676337,153.67050225201808,153.67050225201805,2.9160058604848984e-14,26.547790654231743,26.47234408692121,0.3279228433015833
front,log-0071_183,120.0,oracle-power,training_window,1.658621697020937,1.659088146597873,0.1754911607013432,0.03391081192553622,0.0325399387909729,0.004330011853095894,0.11399767045407558,0.10930441543380635,0.01432429103138934,2.4082131538494504,2.362173727425096,0.3121884750551738,1.6586216853540894,1.6590881465375609,0.17549116238029402,0.11399767045407683,0.10930441543380637,0.014324291031390414,2.408213153849476,2.3621737274250965,0.31218847505519165,3.0842593112731924,2.5604574760556584,1.0051801677754728,2.5335324062285385,2.419220457202038,0.3584979684626803,20,1.0,0.9933815189748312,0.994008116730887,0.0017053609567655407,0,0.0,0.11463078216057676,0.11011594199313754,0.014015365999112565,2.4212190247002354,2.365849671529979,0.3032282569524354,20.996302770701178,20.781773754089112,0.8744236223375675,0.9933813236508537,0.9940081167897132,0.0017057363596215788,20,20,11711.8,11711.0,1.105012502906165,71.12172998087723,70.28002749427384,3.916999220120114,134.28115271681696,135.0365755155744,11.392165565306179,21.136088855318206,20.936366237038378,0.8760638226839603
front,log-0072_184,120.0,oracle-power,training_window,1.7202904296161872,1.634484789623559,0.19881758158605203,0.03426115932605443,0.0340133243283887,0.0015839450625594919,0.11597730279094468,0.11469184847300044,0.006391307194733774,2.4585989265988313,2.4007513603401947,0.2351275168668766,1.7202904259376628,1.6344847897253005,0.1988175789521631,0.1159773027909536,0.11469184847300046,0.006391307194723009,2.4585989265990125,2.4007513603405233,0.2351275168666726,3.1354130051523397,2.970611470300475,0.7683118847757893,2.639052182166897,2.6188182961164665,0.3283156832529023,20,1.0,0.9932320636447098,0.9934006227599179,0.0007445366868852148,0,0.0,0.11957007691956785,0.11757946589861168,0.006858858352173239,2.535132612106625,2.4833176376426285,0.24929168853888894,21.01166454726401,21.055062865516152,0.9120525101815248,0.9932320607008691,0.9934006226647688,0.0007445330771390596,20,20,11712.7,11712.5,1.1285761872936695,71.6488326569072,72.47068247026883,4.424559678654689,145.53379548696236,142.1416860975866,5.918423065936581,21.155428822920975,21.190963640285016,0.9320932532707075
front,log-0073_185,120.0,oracle-power,training_window,1.4755878214283074,1.5391362285575703,0.17711771192067263,0.03627985066000136,0.03589131912350052,0.0028142132933695373,0.12108293792702314,0.12223802993560963,0.009305530260081026,2.2049978160531167,2.2174343411112805,0.3339416183676837,1.4755878353673273,1.5391362373819613,0.17711772398499898,0.12108293792702374,0.12223802993560968,0.009305530260081216,2.2049978160531287,2.217434341111281,0.3339416183676901,3.540690825061463,2.938676771823683,1.8472349588665307,2.753861112638903,2.921289437403623,0.503676358501896,20,1.0,0.992600350817173,0.992500738392535,0.0011250505653562966,0,0.0,0.12136894301005563,0.12238906680511519,0.009243377199065277,2.2101552037457797,2.2236020990737284,0.333669505054519,18.04370196213865,16.687452244117416,2.133649711275234,0.9926003492490493,0.9925007373575028,0.0011250515317216046,20,20,11711.75,11712.0,0.5501196042201808,60.90521894293698,54.996237169468685,9.238703789063788,131.7346901244053,131.1669908802494,13.771237203521322,18.17863882172435,16.808036339306,2.1533491211962703
front,log-0046,20.0,oracle-power,full_log,1.9349569275117762,1.8407733140689047,0.18111991611561554,0.0432577003894674,0.041449728902258454,0.004418769063394089,0.14271295721042168,0.13674821670945558,0.014578111979813912,2.9352781037578786,2.8125970765455506,0.2998383168907761,1.9679292889866136,1.8594067285243687,0.23003400389872272,0.1448308318117159,0.13821441985506813,0.015161140672583043,2.9788379252709167,2.842753511343772,0.3118298794594398,4.62179614946379,3.76728905865412,1.6851786743867656,3.7935385783038513,3.5849897173965353,0.5884091587074011,20,1.0,0.9903887997304549,0.9911721115319567,0.0016200192413510332,0,0.0,0.14271295721042168,0.13674821670945558,0.014578111979813912,2.9352781037578786,2.8125970765455506,0.2998383168907761,20.541954001488445,20.323802415911906,0.7701335490641976,0.9987479546417417,0.9881414441860843,0.03744382383842938,20,20,1951.65,1952.0,0.5871429486123998,67.85562055611665,67.85562055611663,1.4580029302424492e-14,165.89980059488886,165.8998005948889,2.9160058604848984e-14,20.56770570194259,20.567705701942586,3.645007325606123e-15
front,log-0048,20.0,oracle-power,full_log,2.2472124557469773,2.185695000175026,0.2593849909358934,0.047321737046412085,0.042702665826081315,0.008727548649759167,0.1638535293398734,0.14785979857337322,0.030219508792459073,3.676901301698819,3.3179992401363627,0.6781309603970322,2.2831206076446553,2.2748017311352635,0.24696042823615494,0.16901152589768623,0.15468060901063305,0.028320823853989735,3.7926476291290987,3.471059396218692,0.6355241447251347,4.272819840976664,4.045130082342887,0.6500608221662407,4.272819840976664,4.045130082342887,0.6500608221662407,20,1.0,0.9877155844006167,0.9894827556059538,0.0034903725781132086,0,0.0,0.1638535293398734,0.14785979857337322,0.030219508792459073,3.676901301698819,3.3179992401363627,0.6781309603970322,22.60575970019736,22.24502708789169,1.1796365690413195,1.007379096244727,0.9913037907566609,0.05256807276455744,20,20,1951.95,1952.0,0.6048053188292994,77.7000493048807,77.70004930488071,1.4580029302424492e-14,147.02804677703884,147.0280467770388,2.9160058604848984e-14,22.440171514841165,22.44017151484117,3.645007325606123e-15
front,log-0049,20.0,oracle-power,full_log,2.758426639336343,2.8570905123105894,0.27028485885908443,0.05225257926015858,0.053701132896248116,0.003925208804407477,0.17360785130384315,0.17842063352092352,0.013041405344973993,4.207312567420951,4.323948301082233,0.31605292152777886,2.4410117833104357,2.4474939346580493,0.17653675159698942,0.18117789403557805,0.18769347710391282,0.014491079519714572,4.390769339000941,4.548671728331838,0.35118515966242964,4.388866177035602,4.432120132101774,0.21871208244141757,4.3800938460675125,4.4848667939515785,0.30104034031524823,20,1.0,0.9876768491514681,0.9875566527424943,0.0010189388299184498,0,0.0,0.17360785130384315,0.17842063352092352,0.013041405344973993,4.207312567420951,4.323948301082233,0.31605292152777886,22.27987308228997,21.902133515971055,0.8550250113850711,0.9193424142266003,0.9037556106767821,0.035281204488355415,20,20,1952.15,1952.0,0.9333020044867295,80.5187538489403,80.51875384894029,1.4580029302424492e-14,128.68361647506669,128.6836164750667,2.9160058604848984e-14,24.23457542860456,24.23457542860456,0.0
front,log-0054,20.0,oracle-power,full_log,2.4800888540250883,2.3735213803727397,0.3909687540520723,0.05536194353574927,0.051659494372397266,0.012580337700518678,0.18460478029559219,0.17225893817545707,0.04194922231639053,3.311926419902041,3.0904342102845885,0.7525955582598497,2.5513314341039335,2.4254451300850235,0.37048328021125004,0.19466582068045643,0.18063620956611326,0.044869786709478665,3.4924278425032247,3.24072775306814,0.804992329128977,4.818837581931068,4.148967001727119,1.7925293930300625,3.782337092931859,3.5502052106452893,0.9520397078148012,20,1.0,0.9847565122591527,0.9857452766146673,0.002924758482901533,0,0.0,0.18460478029559219,0.17225893817545707,0.04194922231639053,3.311926419902041,3.0904342102845885,0.7525955582598497,17.609534114927307,17.471376714680936,1.3344228854804996,0.981544806327564,0.9738439961992262,0.07437992647276992,20,20,1951.8,1952.0,0.8335087534664908,59.823160250207,59.82316025020701,7.290014651212246e-15,135.8929688934449,135.89296889344487,2.9160058604848984e-14,17.940631952211263,17.94063195221126,3.645007325606123e-15
front,log-0055,20.0,oracle-power,full_log,2.649287496082738,2.613841604839519,0.08815483866897814,0.0453023920395499,0.044858507380190954,0.0015204159625580038,0.15621521101796668,0.15468457361434218,0.005242815880864098,3.702716154216932,3.6664359750735747,0.12426868631523895,2.6864959875734518,2.667189771779971,0.09811042147902893,0.15774142376359335,0.15556369388855312,0.005846598260536289,3.7388914571927323,3.6872734647111627,0.1385799352408423,3.7950997444430987,3.724964825264565,0.19282545408151072,3.679446771218816,3.6108886940584126,0.18151047817778404,20,1.0,0.9880717910123618,0.9882087373999622,0.0004669346147759989,0,0.0,0.15621521101796668,0.15468457361434218,0.005242815880864098,3.702716154216932,3.6664359750735747,0.12426868631523895,23.3186153569855,23.1436162198154,0.6365391858305371,0.9837973711513592,0.9764142702053538,0.02685517849443458,20,20,1951.6,1952.0,0.6805570473787206,81.73334756770427,81.73334756770429,1.4580029302424492e-14,144.98409225186288,144.98409225186288,0.0,23.70266077220274,23.702660772202737,3.645007325606123e-15
front,log-0056,20.0,oracle-power,full_log,2.6709387339193937,2.646499355808861,0.1322465418810338,0.04882732523687981,0.048218590346908716,0.002119284126573176,0.1682356406028858,0.16613823093166627,0.0073020408331576515,3.7894577342934506,3.742214205680237,0.1644762965336919,2.862913013995901,2.8084151754708246,0.2030875186370243,0.1745155591639475,0.17100369132139398,0.00834502448205585,3.9309110308521817,3.851807252900671,0.1879691928123599,4.69061679516917,4.339170463741251,0.8771974628438397,4.175104631887155,4.171099286954567,0.1596331764145341,20,1.0,0.9861731399618439,0.9862206334951213,0.001178738841690423,0,0.0,0.1682356406028858,0.16613823093166627,0.0073020408331576515,3.7894577342934506,3.742214205680237,0.1644762965336919,22.335434927696316,22.4357724423852,0.6990310723141079,0.9915973383737114,0.99605189288884,0.0310339759664883,20,20,1951.75,1952.0,0.4442616583193193,77.60936557366924,77.60936557366922,1.4580029302424492e-14,148.73146404505894,148.7314640450589,2.9160058604848984e-14,22.52470238002855,22.524702380028554,3.645007325606123e-15
front,log-0058,20.0,oracle-power,full_log,2.5714012969712443,2.550464295422392,0.13198184201445545,0.045113651837962794,0.04411411368269942,0.0021719023915362855,0.15492724740520167,0.15149467901930308,0.007458648223869568,3.624765616108765,3.5444553022773615,0.17450675770300553,2.8560926527867574,2.7632591340546186,0.3467126541638129,0.16811871247686125,0.1652797743847915,0.015328263505044806,3.933400603295957,3.866979199993788,0.3586287334107491,5.003984082976038,4.230834228714804,1.6366309392127267,5.003984082976038,4.230834228714804,1.6366309392127267,20,1.0,0.9883096880411232,0.988940467731817,0.0011813873343143216,0,0.0,0.15492724740520167,0.15149467901930308,0.007458648223869568,3.624765616108765,3.5444553022773615,0.17450675770300553,23.29802721812758,22.957382053254754,0.6640092056288155,0.9957883099627335,0.9812286878174836,0.028380626328668005,20,20,1952.25,1952.0,0.4442616583193193,80.3474218652934,80.3474218652934,0.0,161.1697294857218,161.1697294857218,0.0,23.396566303333564,23.39656630333357,7.290014651212246e-15
front,log-0063,20.0,oracle-power,full_log,2.5331697718090846,2.383290465213193,0.26194679542209953,0.04391576065203533,0.04128892571197176,0.004615416170689212,0.13588826222250583,0.1277600633742854,0.01428145325406181,3.730665363807792,3.5075144498344715,0.39208186290974834,2.5082743978252715,2.403094479674068,0.19753862702517713,0.13806678564524816,0.129005616581514,0.016229069934382265,3.7904743697111924,3.5417097668764894,0.4455515737766701,4.1916069749464775,4.071985648285714,0.2743758457680685,3.7940928768413267,3.564267004314255,0.41042691532300357,20,1.0,0.9921427789634215,0.9926363078343736,0.0009212331644567539,0,0.0,0.13588826222250583,0.1277600633742854,0.01428145325406181,3.730665363807792,3.5075144498344715,0.39208186290974834,28.660238223678626,28.405831027771498,0.4823445513583711,1.0439397767704417,1.0346730781048092,0.017569242074738988,20,20,1952.55,1953.0,0.5104177855340404,84.9504894920883,84.9504894920883,0.0,153.67050225201808,153.67050225201805,2.9160058604848984e-14,27.453919144974673,27.453919144974673,0.0
front,log-0071_183,20.0,oracle-power,full_log,1.7776979086019893,1.7389714143569734,0.13039945590244983,0.03288577056427863,0.032012990164824874,0.0023225827042118907,0.11526553852114511,0.11220641899839892,0.008140716837928644,2.605685249014825,2.5365309925244457,0.18402851410012694,1.8380088356553934,1.7851557497838484,0.13581756299024195,0.11786850116778795,0.1157715063419609,0.00794671284595575,2.664527652903388,2.617123124585363,0.17964287250577451,3.7476101685667067,3.48049367955237,0.5468083619484198,2.708185482005841,2.613305219920505,0.25025805470296814,20,1.0,0.9934882128607978,0.9937689513262505,0.0007793551290606654,0,0.0,0.11526553852114511,0.11220641899839892,0.008140716837928644,2.605685249014825,2.5365309925244457,0.18402851410012694,22.58173748296352,22.552021983275395,0.4170477575191601,0.9989296031441395,0.9976151032154656,0.01844859596056624,20,20,1951.9,1952.0,0.5525062514530825,79.2344288822956,79.23442888229562,1.4580029302424492e-14,152.4462174422029,152.4462174422029,0.0,22.60593480450205,22.605934804502045,3.645007325606123e-15
front,log-0072_184,20.0,oracle-power,full_log,1.8260761715084786,1.7917604261314697,0.11041518608402846,0.03609311823237922,0.03543358480171763,0.0022035693058821576,0.11918874988885104,0.11701080104540804,0.007276752016009579,2.5564468738861237,2.5097326452571975,0.15607706231267665,1.930163935120219,1.8994889058217361,0.15203894875539017,0.12542284649297927,0.12142824111223696,0.009637567861399793,2.6901603056486847,2.604481108178029,0.2067135552148745,3.1287020902564104,2.913837018139652,0.8336328055214208,2.647858820262374,2.541709260659597,0.31410305228490715,20,1.0,0.9931176477386885,0.9933768651578179,0.0007237287207995783,0,0.0,0.11918874988885104,0.11701080104540804,0.007276752016009579,2.5564468738861237,2.5097326452571975,0.15607706231267665,21.217849487562166,21.035462595156467,0.4992857250548242,0.9892358732681347,0.9807324829086462,0.023278106036356425,20,20,1952.15,1952.0,0.6708203932499369,70.82920509740634,70.82920509740632,2.9160058604848984e-14,152.19039707482895,152.19039707482895,0.0,21.44872629564559,21.448726295645585,3.645007325606123e-15
front,log-0073_185,20.0,oracle-power,full_log,1.7253643716391054,1.6639320893021727,0.1464075457025902,0.03871676646566051,0.037529984076380016,0.002599735182948746,0.13689748840917318,0.13270117907830908,0.009192328016088472,2.651444078091038,2.570169544464078,0.1780379170235745,1.7674105968331155,1.6837625837800079,0.26791266497346145,0.14018647457302946,0.13661616945202176,0.012723334798185383,2.715145486995015,2.6459954647405546,0.24642680516816368,4.871197809500783,3.150462628670663,3.2190928224615027,3.2968987132568714,3.020450659939304,0.6144626626064648,20,1.0,0.9907872594119986,0.9913245534505795,0.001196752909397806,0,0.0,0.13689748840917318,0.13270117907830908,0.009192328016088472,2.651444078091038,2.570169544464078,0.1780379170235745,19.02710039922391,18.88689640860828,0.3894720385945126,0.982393812445889,0.9751548990029009,0.020108945283725,20,20,1951.8,1952.0,0.41039134083406165,68.48309712131342,68.4830971213134,1.4580029302424492e-14,149.9043725573418,149.90437255734173,5.832011720969797e-14,19.368098778891632,19.368098778891632,0.0
front,log-0046,20.0,oracle-power,full_log_excluding_training,1.9464949485752097,1.8528609350018908,0.18623682139981723,0.04342941272311838,0.04152299008868165,0.004501867764395744,0.14355252482676895,0.1373732212760584,0.014884027469863868,2.9553914805398516,2.836860514554945,0.31461290724131935,1.9831448639692102,1.868276633851728,0.23812964679485882,0.1458790568007726,0.13901738796872293,0.015486353998095278,3.003338816009631,2.870811742544353,0.3275427276279426,4.649070920922705,3.8072135849237974,1.6883952577421402,3.8223360084762588,3.609707359945779,0.6002647114626329,20,1.0,0.9903225062473643,0.9910367006557534,0.001650097645693831,0,0.0,0.1435585777642611,0.13737748013074652,0.014885322650031422,2.955516225540715,2.836948457773396,0.314641118991093,20.56085320518148,20.30278784784526,0.8472666396557188,0.9988847138381395,0.987569274585857,0.039024353568470505,20,20,1951.65,1952.0,0.5871429486123998,68.03403798321014,68.03790385295687,0.45123453705301697,165.1117097338507,165.8998005948889,2.3233509427076444,20.58247080231238,20.60274971495456,0.09990255174285599
front,log-0048,20.0,oracle-power,full_log_excluding_training,2.2903288068169836,2.2222537990970888,0.2891905419590608,0.04794306962302543,0.043354180311196366,0.009342453762314133,0.1664022525004466,0.15072309801987765,0.03265024303246613,3.734782312961811,3.3609043401285112,0.7146433193556367,2.334782906345354,2.302189088437891,0.26541050893417123,0.17208273526687068,0.15767872845108752,0.030518580222942487,3.8627969606680237,3.539303179091449,0.6673926729278845,4.299517981503176,4.0635470681306405,0.6544319086158812,4.382350392635284,4.0635470681306405,0.7653003299886405,20,1.0,0.9874048122836372,0.9893899338669709,0.0038079589601426505,0,0.0,0.16642070308530932,0.1507415095108132,0.03264205350153571,3.7351981608175784,3.3613149070116073,0.714460129650956,22.646181019250175,22.385253603788193,1.1665855103795013,1.0083961848308605,0.9918253528672419,0.05526736719714728,20,20,1951.95,1952.0,0.6048053188292994,77.94583472026163,77.91858243894953,0.5032553334059156,146.80037717020667,147.0280467770388,0.6468997549319668,22.46181977144621,22.442797566131862,0.1680282532574992
front,log-0049,20.0,oracle-power,full_log_excluding_training,2.9203925355301252,3.052274057169824,0.3323682422590164,0.05379551972549932,0.05517692776670752,0.004244177147521696,0.1765762720226811,0.17949175192087558,0.01328204747393116,4.355873625340983,4.492299113406557,0.3575287494456502,2.57285589643881,2.598619637150735,0.19161116443396878,0.18528302959688,0.19159784395758167,0.014613828969294834,4.571091288412246,4.752897464388953,0.39626419955448766,4.483154828247159,4.559246243309152,0.25418811944066944,4.496312064638507,4.539165385486673,0.3397461674761368,20,1.0,0.9876074433344486,0.9876916808253808,0.0008816981694069766,0,0.0,0.1766554149091631,0.17960238123869865,0.013290769956363867,4.357829970984032,4.495067977012799,0.35780739413685736,22.526372380324673,22.481873804570398,0.6967227207655444,0.9139799699418724,0.899868653667943,0.03739725878202586,20,20,1952.15,1952.0,0.9333020044867295,80.95348686318655,81.21610775297668,0.7014399219533746,127.86630699680413,128.6836164750667,2.464627671458966,24.656770810467286,24.674543183509535,0.3612190412259524
front,log-0054,20.0,oracle-power,full_log_excluding_training,2.492443868950794,2.3810446633342375,0.40530803777054314,0.05557475505712116,0.051743517370844636,0.012593954708347494,0.18540035775023755,0.17289650006654772,0.042269552503930136,3.3274559354055704,3.09954652821944,0.768322563505281,2.5731922542214476,2.4555304652370036,0.386110099288845,0.1960024388455212,0.18163323407696913,0.04536820647327353,3.517465349732832,3.26571063013966,0.8228748277263654,4.828511295630294,4.160264235602163,1.7901376091941252,3.7947331772062767,3.558150112972093,0.9583399034307799,20,1.0,0.9846889827797275,0.9856602840690154,0.0028651980487227886,0,0.0,0.18540948341434427,0.17292843999580296,0.04227049730395642,3.327619465348735,3.1001179735698265,0.768339062598649,17.603963963381414,17.420429649700605,1.3562216145005987,0.9813084844964036,0.9735060086214065,0.0756922536039934,20,20,1951.8,1952.0,0.8335087534664908,59.83844979236926,59.81859470518546,0.327450041796565,135.6890964124405,135.89296889344487,0.9117454525348168,17.939978619664174,17.942731793238284,0.0761135719680103
front,log-0055,20.0,oracle-power,full_log_excluding_training,2.6931159060974785,2.65543953622981,0.1018260386342316,0.04611548732290577,0.045558733798034226,0.0015988762654702187,0.15894330629361453,0.15685745895779446,0.005389637020545031,3.765417020230776,3.7064834547962766,0.1417049999705984,2.7402113481066954,2.7072199064137994,0.11119823773637343,0.16075379750039703,0.15704853060746032,0.006276365461908538,3.8079493791720997,3.765633842292597,0.15178225723910285,3.813316520884334,3.761477948022905,0.23278806600172383,3.7387917327968134,3.6817132133293713,0.1906368908208934,20,1.0,0.9876981795512119,0.9878671877938111,0.00046566032752522966,0,0.0,0.15895621777336738,0.15685880041005412,0.005392019666096729,3.765720319365039,3.707322579990066,0.14168626336186532,23.28153056585432,22.96131229071969,0.8604972684838856,0.9826341467988902,0.975006781514002,0.029122300279517684,20,20,1951.6,1952.0,0.6805570473787206,81.6459527135001,81.71406554412141,0.5295641973848231,142.38354722752496,144.81985687051449,4.4151323869896215,23.68898010217542,23.60982591207584,0.2589020045872696
front,log-0056,20.0,oracle-power,full_log_excluding_training,2.697762915835697,2.6852055067240674,0.14300165752886973,0.04955810415426188,0.049508097524982676,0.0021661558697082905,0.17031357891500487,0.17015743301831238,0.0071982433993416604,3.837373479365328,3.7934906199606155,0.17861309163778838,2.9248202770679983,2.8599569577798074,0.22478905453608988,0.17741218997608205,0.17506914388651096,0.008094439113545912,3.997748324145171,3.915684933162243,0.20712725294587306,4.722925131048434,4.3408692301531016,0.8744014789692207,4.217392228525675,4.206792425675262,0.1548940299542419,20,1.0,0.9858761605401872,0.9857146776763759,0.0011850454531358273,0,0.0,0.1703477876703793,0.17017016864589368,0.007191529807850487,3.8381463988291458,3.794375463845734,0.17852748353165834,22.33424452143133,22.523403679663918,0.6643203824740826,0.9915290934137289,0.9964851616661502,0.032897241998411965,20,20,1951.75,1952.0,0.4442616583193193,77.42565967161894,77.47278408240436,0.6109686127033029,148.73146404505894,148.7314640450589,2.9160058604848984e-14,22.528256089896477,22.498072701689363,0.19811697011891666
front,log-0058,20.0,oracle-power,full_log_excluding_training,2.576474359793593,2.5567210872691657,0.14659374915614062,0.04515627548701549,0.044035901239378866,0.002189729220753527,0.1552260689550767,0.1517385200245075,0.007610489182978114,3.6380713601208496,3.5481622878105754,0.19023814199291003,2.8992647355264127,2.8012515197501395,0.3781363814177568,0.1697066049922588,0.1660111033839257,0.01653346178274265,3.976792533830698,3.90686888968656,0.38598513611894386,5.022281875777019,4.239993933646431,1.6349238811177886,5.022281875777019,4.239993933646431,1.6349238811177886,20,1.0,0.9883238426013492,0.9888926599723781,0.0012155827029321803,0,0.0,0.15526590408923227,0.15176511646425275,0.0075945031080637895,3.639003117692906,3.5485631650269642,0.18985236389683355,23.35608447733683,23.188915139992126,0.71532028973834,0.9966860238913618,0.9811613527353985,0.030399511900518695,20,20,1952.25,1952.0,0.4442616583193193,80.55410900528477,80.33171735818487,0.6392899558676686,161.04636639029096,161.1697294857218,0.3012917839365238,23.43395970138703,23.40502083218675,0.1289260084869533
front,log-0063,20.0,oracle-power,full_log_excluding_training,2.6688943416985995,2.4859585434121154,0.3346540432964957,0.04521254427819009,0.042174923537721815,0.005303070119536035,0.13799030962274875,0.12922390293416763,0.01536505257903932,3.83030286159966,3.573617370525736,0.45139465744696705,2.6269463677339964,2.482473738014506,0.25131657607404345,0.14089592989178368,0.13084762823844584,0.017889896779209286,3.9113073223849653,3.617861315706425,0.5224258372147937,4.2813244370980374,4.156681932661168,0.29101286141657995,3.8212618433950007,3.579857188824461,0.4313932003131003,20,1.0,0.9922446101267586,0.9927302262754385,0.0008999317500518425,0,0.0,0.13806301562073986,0.1292661558474032,0.015428712054306754,3.832329884822527,3.574896998487467,0.45318593101104915,29.157715718408433,28.78214551509398,0.6958932918931517,1.0509805145085438,1.0411207858077227,0.018727604070325983,20,20,1952.55,1953.0,0.5104177855340404,84.7130882176572,84.70734538029929,0.09470913750750704,153.67050225201808,153.67050225201805,2.9160058604848984e-14,27.740600882788918,27.645716883527932,0.1726847984627388
front,log-0071_183,20.0,oracle-power,full_log_excluding_training,1.7837468151753921,1.7443332002373517,0.1320876782260863,0.03280266545513887,0.03192878092000574,0.0023212828678699574,0.11535132983290655,0.11213503350921009,0.008275058570768195,2.6175739249670142,2.546682235142292,0.18704421972721721,1.8517911459114864,1.80493122476389,0.13671877748568095,0.11818001674692846,0.11578265201850142,0.008047285486427802,2.681761845895337,2.620129759284689,0.18182161854848972,3.800632375922018,3.5539530495656964,0.5581083265603675,2.7149767934285287,2.617406789423442,0.2515269744955705,20,1.0,0.9934899911273496,0.9938161714208043,0.0007741898327589716,0,0.0,0.11535717480997573,0.11214876000269547,0.008273698329093637,2.617706557952725,2.5469196475218396,0.1870131652458137,22.67143106743202,22.643340859827767,0.4289695965841161,0.9990700808738561,0.9977903807392867,0.01908749581611326,20,20,1951.9,1952.0,0.5525062514530825,79.79445619936322,79.78377711603574,0.15618668492792198,151.6634824930142,152.4462174422029,3.5004971095016773,22.69267894541217,22.69794770999864,0.05575322299557092
front,log-0072_184,20.0,oracle-power,full_log_excluding_training,1.8284123787432762,1.8000654619744767,0.11337327730429318,0.036266688143413016,0.03587529060671639,0.0022404792397919164,0.11930011978392104,0.11788552070731652,0.007466799465489005,2.5565191359464676,2.501997649938536,0.16190853978556907,1.9494067136365765,1.9233276709788547,0.15835311796780663,0.12628968514253053,0.12314466565838067,0.009939475036360793,2.7063017681800465,2.6306737825005397,0.2143107511137661,3.144500681500881,2.9227584483730977,0.8474327941050965,2.6389683008828024,2.5416286781477,0.32150925794548724,20,1.0,0.9931363301283882,0.9934552804834074,0.0007470165609789385,0,0.0,0.11932327331963825,0.11789779541189344,0.007467301772218824,2.5570153085545955,2.502319255870502,0.16191860963786792,21.187308027212854,21.03158563286169,0.5456213565615976,0.9887185192327841,0.979880673872974,0.02467449938275637,20,20,1952.15,1952.0,0.6708203932499369,70.48900653257496,70.56805151561855,0.5752761047291989,151.72642722491187,152.19039707482895,2.074936247849972,21.429266223678137,21.401437875564405,0.16936509193627586
front,log-0073_185,20.0,oracle-power,full_log_excluding_training,1.7412957092656556,1.6772635476681432,0.14224477070798136,0.038889901642621905,0.03756009617042956,0.00266423762672104,0.13837589007025317,0.1346707351624506,0.009133979312235538,2.6824375140717533,2.6088738119200237,0.17783416517651288,1.791036179256663,1.7179913883091422,0.27518349485422267,0.14209291180167585,0.13766585188264888,0.01289121640829064,2.7545378045216333,2.686241064595335,0.2519845965578835,4.914497959122665,3.2329504243181413,3.2050174700527836,3.3361417476696147,3.0692082227458073,0.6070765731845735,20,1.0,0.9906116919745983,0.9911136176829403,0.001180347577893365,0,0.0,0.1383920495536371,0.13469321931618355,0.009146397622973045,2.6827510053661365,2.608983864830943,0.17808227975639035,19.025769802608348,18.903445338450766,0.5876269746642889,0.9812228229305436,0.9739255886350922,0.02123122243211755,20,20,1951.8,1952.0,0.41039134083406165,68.99831892678944,69.59324433829434,1.2371354222342172,148.9408452697315,149.90437255734173,2.7485403810681617,19.387132139431507,19.394984898926545,0.26323074193430895
front,log-0046,20.0,oracle-power,training_window,1.6829225156366665,1.7130784324037962,0.24179008641126246,0.03751001955261016,0.035751127220194856,0.004878115891777096,0.12221338176179368,0.11739696406254385,0.015502049258528284,2.4270843404575784,2.3928660392122962,0.39862303147826295,1.6829226205918464,1.7130784323473072,0.24179007662906457,0.12221338176201675,0.11739696406254385,0.01550204925849666,2.4270843404622466,2.3928660392122962,0.39862303147951733,3.06027436348539,2.9021449856158887,0.7119668414033818,2.9264436121950665,2.932293078996384,0.5494331445832399,20,1.0,0.9923869200612263,0.9930850676323895,0.001997987229555991,0,0.0,0.12516492934957818,0.1201064304184549,0.015536123289327996,2.4830673623224717,2.427152988832977,0.3847835937102786,19.679703992481222,19.524154189694677,1.6592072375753886,0.9923870113433295,0.9930850674802565,0.0019980594311288795,20,20,1951.65,1952.0,0.5871429486123998,64.71310155988152,64.33203402255282,6.247995970329316,122.40082600737556,115.63070994301249,20.052588723947455,19.83115646680935,19.706744120175124,1.6773768731760983
front,log-0048,20.0,oracle-power,training_window,1.4126163419027806,1.4172045662842039,0.3557385880167129,0.03308908695702724,0.03225029557986164,0.006914907143875999,0.11176307274431496,0.11036067267998374,0.02138044647882867,2.2056498431079308,2.199601737025869,0.4467437895453809,1.4126163468956852,1.41720459803013,0.3557385913834248,0.11176307274431738,0.11036067267998374,0.021380446478830147,2.205649843107982,2.199601737025869,0.4467437895454373,2.8924297038995546,2.823336313630542,0.6120943536898601,2.6245958554857234,2.53825989027033,0.6971526128439757,20,1.0,0.9935134600822156,0.9938915735278455,0.002460827665705502,0,0.0,0.12109156812733349,0.11785114399841957,0.025533657826627587,2.3809179305991686,2.449268357256758,0.45551914930701143,19.720295747723604,20.039324849008608,2.477925867238975,0.9935134571004378,0.9938915731321627,0.002460827898291956,20,20,1951.95,1952.0,0.6048053188292994,67.23633310543809,68.5115704319122,8.43046758740303,122.34506294700643,121.53498344777249,14.046832129981588,19.84736264773273,20.131818835001138,2.483602270791834
front,log-0049,20.0,oracle-power,training_window,1.170765532007694,1.046376937002599,0.41560721713163057,0.03091055944678207,0.029045342746529444,0.00916263567596056,0.10239718782167655,0.09368720655700047,0.03081094661882539,1.7921595513032016,1.5301859499061066,0.5679171518325119,1.1707655950847267,1.0463769458247105,0.4156071980706132,0.1023971878216932,0.0936872065570005,0.030810946618822138,1.7921595513035768,1.5301859499061474,0.5679171518327857,1.937270687329216,1.6666838734608258,0.5497727478925224,2.026405042225196,1.7644145586992845,0.5508184581612026,20,1.0,0.9942796283750843,0.9956016646989738,0.004700259180502596,0,0.0,0.12924077226025465,0.11946184891908133,0.029313796291455665,2.2257825292340936,2.0773937767117756,0.4152084650568121,17.453912741814754,16.779735257703035,3.02423005016378,0.9942796229510051,0.99560166431511,0.004700257427689308,20,20,1952.15,1952.0,0.9333020044867295,58.37093760129186,55.83300099845109,11.304280485087139,102.1509728546213,99.79494069090391,13.039754088557052,17.553047569586774,16.8668587151748,3.0325435026506438
front,log-0054,20.0,oracle-power,training_window,1.8024668162692727,1.903691528817671,0.38564507122088953,0.04133580439015669,0.04116786694480279,0.006850550123902228,0.1377790613269822,0.13835634756399268,0.022010784422872715,2.3813916210640786,2.5117895186810415,0.4386213836492725,1.8024668336120055,1.903691528766518,0.38564506928626624,0.13777906132698775,0.13835634756399268,0.02201078442287593,2.3813916210641755,2.5117895186810415,0.4386213836493312,2.654254139832447,2.746748491100348,0.538985939016342,2.581537627988124,2.645269713838197,0.5918472026256428,20,1.0,0.9902262984173632,0.9903813162240924,0.003001277471646996,0,0.0,0.15353255796369583,0.1522249883665655,0.021374963818663124,2.64907222365155,2.718421818469955,0.3865357199605294,17.23005047649407,17.429431349200705,2.6708877439705687,0.9902262940022599,0.9903813161448473,0.0030012787823388335,20,20,1951.8,1952.0,0.8335087534664908,58.24293313560911,60.146041560827534,10.415209533105278,99.46294360665297,99.33895004070285,19.36082871658151,17.397738027161743,17.618503244761886,2.680162677171985
front,log-0055,20.0,oracle-power,training_window,2.098779593216052,2.060962035579797,0.20268883176045815,0.037448694878917284,0.03831997874526996,0.004178417941571096,0.12320285103859388,0.12391812586208908,0.011287541459586027,2.855417705521669,2.8045991162602104,0.3274164844560284,2.0987795930724644,2.060962035597094,0.2026888318067757,0.12320285103859488,0.12391812586208908,0.011287541459587151,2.8554177055216883,2.8045991162602104,0.3274164844560081,3.1108939530757085,3.0090888657161794,0.406532303954709,2.9146471042550584,2.8762950294792695,0.20410568962859246,20,1.0,0.9923196019603273,0.9922921491185364,0.0013867412265508212,0,0.0,0.12497229183674899,0.12720061494107673,0.011152204684712482,2.899505707277553,2.8276825798122065,0.35673135537814155,23.15249656778614,23.917701782362194,3.0509954300205453,0.99231960085847,0.9922921491803156,0.001386742487724809,20,20,1951.6,1952.0,0.6805570473787206,77.07593678725371,80.53965844899051,11.228753853868179,134.57907958390192,133.48267356898805,6.087781796748288,23.329348300624936,24.13548559126675,3.0570026853232135
front,log-0056,20.0,oracle-power,training_window,2.0178626707259033,1.9910896776146254,0.2851780423285413,0.03868999725085518,0.03534314857898528,0.007381079787124563,0.13228084290933542,0.12031061605545135,0.02272495490636023,2.838143727038639,2.8689999677472215,0.3225166181267206,2.0178627040336936,1.9910896776163987,0.2851780936500279,0.13228084290933853,0.12031061605545135,0.022724954906367514,2.838143727038694,2.8689999677472215,0.32251661812678983,3.36015912868474,3.4509412769409282,0.5174990375822673,3.2599006819514527,3.1757787781639992,0.47333618337754435,20,1.0,0.990959416815163,0.9927362584833986,0.003341986145478042,0,0.0,0.14170303664429318,0.1377394597723316,0.02173163434531047,3.0344283958684986,2.947511793961548,0.22018643064396384,21.54603612061437,22.504271141883216,2.5495732335619503,0.9909594140919429,0.9927362587865152,0.00334199291076003,20,20,1951.75,1952.0,0.4442616583193193,74.75668150812339,76.44295015032884,10.743039795789214,121.37839398293427,120.06269069374967,8.230846730312631,21.73703633782583,22.699427707714452,2.526097229757916
front,log-0058,20.0,oracle-power,training_window,2.030975866530434,1.9732141368560754,0.36374435863244187,0.04024406542586302,0.04187324916203898,0.008617112736856702,0.1365003002015974,0.1326531854337662,0.02387924171117695,2.904556428113355,2.8774163749592025,0.48945684205216944,2.0309759142719574,1.9732141385099258,0.36374441754011755,0.1365003002016915,0.1326531854337662,0.02387924171137684,2.904556428115014,2.8774163749592025,0.48945684205342743,3.713955500062409,3.6795399164797877,1.2997261160065372,3.3766425199085655,3.3535951421666494,0.587330194860894,20,1.0,0.9903608138726335,0.9911619296832925,0.0034670046309438606,0,0.0,0.1552203961623205,0.15665715280621856,0.01715737357608841,3.3083013420163154,3.233308143111651,0.3908809619552872,21.226435803870825,21.688569930568256,2.401945207091554,0.990360727067619,0.9911619295280576,0.003467195328454468,20,20,1952.25,1952.0,0.4442616583193193,73.39715795583966,76.75806874025247,9.517417280607797,127.91790072313816,126.85292950976654,13.880700211845872,21.429831641718142,21.86444069003035,2.3993105135710584
front,log-0063,20.0,oracle-power,training_window,1.8710034845128614,1.8616544773452062,0.11243828709843184,0.03645267219218087,0.035769014628244444,0.0015229481811289533,0.11873612916805736,0.11775246253822476,0.0034574916337909026,3.027115164491012,3.029798631871225,0.12769109149760746,1.8710035132407754,1.8616544842807894,0.11243825739970298,0.11873612916814721,0.11775246253822477,0.003457491633808814,3.0271151644931757,3.0297986318712256,0.1276910914948761,3.788103560769577,3.7469888447222095,0.1299997229500729,3.5829385283543886,3.477024555084358,0.21149442763568513,20,1.0,0.9929200408223358,0.9930429713698212,0.00042005969419509786,0,0.0,0.1221100838772536,0.11947007149865285,0.006213143659841406,3.1089451365693077,3.0853190041055143,0.07782743123618768,25.332477307482357,25.920420307371487,1.2384713440844277,0.9929201131631051,0.9930429709184145,0.00042002792963258175,20,20,1952.55,1953.0,0.5104177855340404,83.16375347095854,85.57952583332143,4.515773458238061,125.17184139532921,125.27300965539557,0.20545824157271755,25.512841592747776,26.096842782327613,1.2419320542560552
front,log-0071_183,20.0,oracle-power,training_window,1.5451178123211784,1.5313868621583744,0.2580819882364415,0.03378600056181835,0.03240378328760401,0.004342925021470733,0.11191319570606109,0.1089844434559854,0.014416111117256184,2.2421748604600094,2.1282786099516224,0.36856230202160667,1.5451180305297227,1.531386862143431,0.2580818699981103,0.11191319570732079,0.1089844434559854,0.014416111117340641,2.242174860482831,2.1282786099516224,0.36856230200867485,2.591787779938583,2.3915914498206536,0.742693675744917,2.569510011949467,2.570434191843246,0.34271191854262045,20,1.0,0.9936172503469806,0.9940417293981726,0.0017055306371510253,0,0.0,0.1153163338903932,0.11272525993198301,0.014246801988467875,2.310265387952299,2.232496801688917,0.3665871385324477,19.876824386904882,19.734633460147137,1.3751607289572216,0.9936172243303417,0.9940417293566884,0.0017055283923914318,20,20,1951.9,1952.0,0.5525062514530825,66.2963852717636,65.73376636834499,5.229316455433455,116.93344785331578,116.58164291336837,11.840712295688189,20.004981400675998,19.877035480009262,1.3923823449930155
front,log-0072_184,20.0,oracle-power,training_window,1.6064267012791178,1.612861256846443,0.2698054933637112,0.03335028338174702,0.03365838318921067,0.003742092781754454,0.11244410853463908,0.11473096283087106,0.01218228591310951,2.3645081252714597,2.4853933791040355,0.4232034056110791,1.6064267091316164,1.612861256887932,0.2698054847932913,0.11244410853464035,0.11473096283087106,0.012182285913109351,2.364508125271482,2.4853933791040355,0.4232034056110579,2.7820966559910802,2.6444191898663205,0.7888528881350202,2.5596174156333062,2.745456569501722,0.4820176213309113,20,1.0,0.9935862897579486,0.993396553552082,0.0013056860744531465,0,0.0,0.11955923747292825,0.12257803726268274,0.012746557265919046,2.5104376778239206,2.542026662963254,0.43254623007054355,20.836087215201385,21.677216395022768,2.5959367694431683,0.993586287933003,0.9933965536630862,0.0013056866517912515,20,20,1952.15,1952.0,0.6708203932499369,70.86150114782642,73.9698658824876,9.817752921106791,124.8855385164624,123.08872597145782,10.915596660913087,20.971298181463393,21.827826171126148,2.6177878328680353
front,log-0073_185,20.0,oracle-power,training_window,1.4256749671414866,1.3536792029930367,0.26683188828109117,0.033526190483169606,0.03272664557633437,0.0057240489578670554,0.11101928483736626,0.10704340768997109,0.018263781686215504,2.033316277007685,2.0113778803325655,0.3847940934059766,1.4256749762025112,1.3536792176263592,0.266831883218399,0.11101928483736709,0.10704340768997925,0.01826378168621535,2.0333162770076982,2.0113778803325655,0.38479409340596277,2.3960481704269205,2.3854785466862602,0.7199683724936207,2.2651023085527253,2.225724095055666,0.4964531515318145,20,1.0,0.9936563264536813,0.9942542011902639,0.0022793945106607824,0,0.0,0.11554627345129646,0.1102941067230746,0.023635193142065938,2.1122188819283854,2.033156581003819,0.4389056635373308,18.46093176437194,18.851586042701214,3.8030781060394543,0.9936563249975702,0.994254254047404,0.002279398576284457,20,20,1951.8,1952.0,0.41039134083406165,61.84740138608024,60.15593034287218,14.147378995754199,110.88242854147093,112.00114700513741,18.53881245126597,18.575416145139158,18.960273121344898,3.8079125938690437
front,log-0046,40.0,oracle-power,full_log,1.9137931867006113,1.961854317987838,0.09557755718634464,0.041925607328028816,0.04214179493339759,0.002157389746560982,0.13831820348181917,0.13903143539652188,0.007117518217915392,2.8448881024354664,2.8595576465543053,0.14639102003429863,1.9443290181549469,1.9738333572405482,0.10157302775859131,0.13915668993599403,0.13990921187291264,0.007285248725148944,2.8621338450600002,2.8776114947927987,0.14984085174431583,4.719357679221135,4.474423007757416,1.1743446385898444,3.6199999073259264,3.547210816610416,0.34661683802623905,20,1.0,0.990625427245905,0.9903704817393673,0.0006769155183540595,0,0.0,0.13831820348181917,0.13903143539652188,0.007117518217915392,2.8448881024354664,2.8595576465543053,0.14639102003429863,20.51505814045418,20.40836352375336,0.4515012150538416,0.9974402802990598,0.9922527976382811,0.02195194843784633,20,20,3903.65,3904.0,0.6708203932499369,67.85562055611665,67.85562055611663,1.4580029302424492e-14,165.89980059488886,165.8998005948889,2.9160058604848984e-14,20.56770570194259,20.567705701942586,3.645007325606123e-15
front,log-0048,40.0,oracle-power,full_log,2.197478850604354,2.1275016007855947,0.20294155681738732,0.04680734360508258,0.042634107550931166,0.007988068104303475,0.16207242014795054,0.14762241262666148,0.02765902591897004,3.6369329059454087,3.3126722587769386,0.620673285555125,2.2252360687716397,2.2151492019732535,0.23494116751644806,0.16533290454655553,0.15860719086677366,0.02677176264420541,3.7100987350715706,3.5591725665375504,0.6007629454905871,4.190584164076843,3.9976438166818093,0.6539346294427163,4.190584164076843,3.9976438166818093,0.6539346294427163,20,1.0,0.9877418102013763,0.9895152987174645,0.00347644569133665,0,0.0,0.16207242014795054,0.14762241262666148,0.02765902591897004,3.6369329059454087,3.3126722587769386,0.620673285555125,22.62406295015395,22.704540378254976,1.019806273508811,1.0081947428606397,1.0117810536001903,0.04544556501425782,20,20,3903.7,3904.0,0.6569466853317862,77.7000493048807,77.70004930488071,1.4580029302424492e-14,147.02804677703884,147.0280467770388,2.9160058604848984e-14,22.440171514841165,22.44017151484117,3.645007325606123e-15
front,log-0049,40.0,oracle-power,full_log,2.6965838821701986,2.7656041462905954,0.25083447494227834,0.05143638205545649,0.05226998082076369,0.003358280495489508,0.17089605707368588,0.17366566754160134,0.011157800612956187,4.14159338560335,4.2087137193959006,0.27040456057201695,2.3582361192028887,2.383568239833873,0.1107432990681144,0.177968496877904,0.18102086982473273,0.014355375102633211,4.312990961502941,4.386963923919092,0.34789642073067667,4.39334769487839,4.464135911774345,0.23155669025611048,4.289297049849752,4.3684870611347595,0.29725574846266223,20,1.0,0.9879632689992682,0.9879994523177398,0.0007088700811027985,0,0.0,0.17089605707368588,0.17366566754160134,0.011157800612956187,4.14159338560335,4.2087137193959006,0.27040456057201695,22.321837170297368,22.066579655281124,0.7683315203886047,0.9210739934791864,0.9105412108534607,0.03170393979676359,20,20,3904.55,3904.0,1.5035046776746235,80.5187538489403,80.51875384894029,1.4580029302424492e-14,128.68361647506669,128.6836164750667,2.9160058604848984e-14,24.23457542860456,24.23457542860456,0.0
front,log-0054,40.0,oracle-power,full_log,2.3652408188329956,2.364575793161542,0.06636245700366313,0.051705797686446765,0.0503675646358773,0.003024147415115904,0.17241333689362248,0.16795098961123073,0.01008404029003168,3.093204220861088,3.013146890624747,0.18091405543472797,2.419263837771976,2.379980295755313,0.1178186966976045,0.1797517078100476,0.17876152818902113,0.012478627393086368,3.2248592326014816,3.2070947844540663,0.22387446132814398,4.3493816098733245,3.657914646470427,1.3995417595368507,3.4441519267686496,3.377120284745844,0.28472420662836845,20,1.0,0.9856054934846418,0.986096351076881,0.0011581262427352136,0,0.0,0.17241333689362248,0.16795098961123073,0.01008404029003168,3.093204220861088,3.013146890624747,0.18091405543472797,17.410442206525996,17.358688534580686,0.6007869429707887,0.9704475434813258,0.9675628250342181,0.03348750169844154,20,20,3903.7,3904.0,0.9787209698591859,59.823160250207,59.82316025020701,7.290014651212246e-15,135.8929688934449,135.89296889344487,2.9160058604848984e-14,17.940631952211263,17.94063195221126,3.645007325606123e-15
front,log-0055,40.0,oracle-power,full_log,2.6408496447405723,2.61375377085474,0.07659101216330239,0.04463394692481797,0.04449910481448656,0.0005017878920731514,0.1539102268890798,0.15344525389822444,0.0017303038077555537,3.6480818973246136,3.637060800254133,0.041012804188080565,2.6504961092367596,2.636667534817806,0.0698897287186741,0.15479413903514277,0.1541669684996179,0.0022722480557288587,3.6690329670751742,3.654167356625308,0.05385832485523836,3.8425611181185446,3.7145454281647368,0.41654543193855875,3.626789870258814,3.6077503182698205,0.07847253402649217,20,1.0,0.9883126406857088,0.9883748840772111,0.0001433052501083442,0,0.0,0.1539102268890798,0.15344525389822444,0.0017303038077555537,3.6480818973246136,3.637060800254133,0.041012804188080565,23.257861023884992,23.160845246792604,0.48689494692060165,0.9812341849468904,0.9771411517627783,0.020541784384460613,20,20,3903.2,3903.5,0.894427190999916,81.73334756770427,81.73334756770429,1.4580029302424492e-14,144.98409225186288,144.98409225186288,0.0,23.70266077220274,23.702660772202737,3.645007325606123e-15
front,log-0056,40.0,oracle-power,full_log,2.6029840246204343,2.613415148091211,0.08442385683416806,0.04767512640613703,0.0477251215621735,0.001249804488618836,0.1642657137749977,0.16443797320272655,0.004306229304003306,3.70003631402478,3.7039164063665266,0.09699653345283198,2.743145354307853,2.739629669766519,0.13172741649884004,0.16847893048122545,0.16717564803892107,0.00666112309350085,3.7949377663951225,3.765581717265101,0.15003981519784176,5.233524876457583,5.210700644500419,1.1657675913578878,4.161224871657273,4.16361737324047,0.13358545091844432,20,1.0,0.9866550900828571,0.9865195857690651,0.0007935024657722883,0,0.0,0.1642657137749977,0.16443797320272655,0.004306229304003306,3.70003631402478,3.7039164063665266,0.09699653345283198,22.369558061214335,22.386031448118565,0.5018628218598243,0.9931122588793103,0.9938436064738888,0.022280552852267606,20,20,3903.55,3904.0,0.5104177855340405,77.60936557366924,77.60936557366922,1.4580029302424492e-14,148.73146404505894,148.7314640450589,2.9160058604848984e-14,22.52470238002855,22.524702380028554,3.645007325606123e-15
front,log-0058,40.0,oracle-power,full_log,2.500114028876163,2.528819601233682,0.0951203064213598,0.044109861475450915,0.04387754314686465,0.0010414581622617111,0.15148007628293464,0.1506822592651742,0.0035765281637234175,3.5441136483877074,3.525447469633747,0.08367847831829488,2.736452691249212,2.6561218324695197,0.293343809873445,0.16052409472373516,0.15634132259005956,0.011249553568667501,3.7557126254864692,3.6578501199291917,0.263200925952232,5.491850359246071,5.600935033812487,1.180595763316915,5.491850359246071,5.600935033812487,1.180595763316915,20,1.0,0.9887559767487428,0.9889753182394421,0.0005822351112306259,0,0.0,0.15148007628293464,0.1506822592651742,0.0035765281637234175,3.5441136483877074,3.525447469633747,0.08367847831829488,23.480088890039305,23.354487721469106,0.46933796051360677,1.0035698651512734,0.9982015060962826,0.020060121405367722,20,20,3904.35,3904.0,0.5871429486123998,80.3474218652934,80.3474218652934,0.0,161.1697294857218,161.1697294857218,0.0,23.396566303333564,23.39656630333357,7.290014651212246e-15
front,log-0063,40.0,oracle-power,full_log,2.425299629378704,2.4306718001880134,0.011624033070569374,0.04220315180738367,0.04223132085165815,0.00010843515512372199,0.13058894743639565,0.13067611073308216,0.00033553021910158926,3.5851784041461534,3.5875713782457948,0.00921161950591072,2.4393274450081948,2.431130423755984,0.013574969013635528,0.13182944399362068,0.13161504879407895,0.0006175784861919875,3.6192348963278285,3.61334890785454,0.016954949825590683,4.178928989691137,4.125058530961831,0.14015083226851655,3.6495037602660494,3.6500725867748587,0.006599411311413015,20,1.0,0.9924272849479253,0.9923787931745749,0.00011029323544801281,0,0.0,0.13058894743639565,0.13067611073308216,0.00033553021910158926,3.5851784041461534,3.5875713782457948,0.00921161950591072,28.462285929850157,28.44816156861188,0.05024694809992239,1.036729429395878,1.0362149541705488,0.001830228603595215,20,20,3904.6,3905.0,0.5026246899500346,84.9504894920883,84.9504894920883,0.0,153.67050225201808,153.67050225201805,2.9160058604848984e-14,27.453919144974673,27.453919144974673,0.0
front,log-0071_183,40.0,oracle-power,full_log,1.7533336775977226,1.732418352113535,0.11117279753643598,0.032361560476744926,0.03158035364157903,0.0016424950136677656,0.11342816761570487,0.11069001597726927,0.00575699060779674,2.5641497621147553,2.5022512846914386,0.13014215434998372,1.8003973568084848,1.7431984529363245,0.13409670615929156,0.11557558350874368,0.11435465921356233,0.006146919993828553,2.612694105790942,2.5850939707728395,0.13895687262897832,3.7336919426493784,3.547918012011988,0.5475471338230018,2.653016508746961,2.585467059204568,0.19030760163948232,20,1.0,0.9936201898937288,0.9939231450382586,0.0006482580527462658,0,0.0,0.11342816761570487,0.11069001597726927,0.00575699060779674,2.5641497621147553,2.5022512846914386,0.13014215434998372,22.53435330331659,22.542097110076714,0.29587329652868666,0.9968335084656088,0.9971760648264536,0.013088301770637778,20,20,3903.8,3904.0,0.8335087534664908,79.2344288822956,79.23442888229562,1.4580029302424492e-14,152.4462174422029,152.4462174422029,0.0,22.60593480450205,22.605934804502045,3.645007325606123e-15
front,log-0072_184,40.0,oracle-power,full_log,1.797489190223136,1.7682455966967656,0.07651611334918416,0.03542809200108943,0.03498717726348048,0.001396463170472752,0.11699266240645619,0.11553664865766247,0.00461148018530448,2.5093435945549434,2.47811395417437,0.09891037631238886,1.895124049114483,1.8904537612217762,0.11678822737543439,0.12270554872521999,0.12224803055956404,0.005883971970757395,2.6318777295642466,2.6220645476538067,0.12620370433202568,2.9220361074855226,2.9587444211181775,0.2215242273257696,2.57545716504723,2.5240804892282536,0.1296320836312341,20,1.0,0.9933965326249996,0.993509789059781,0.0002072356532731857,0,0.0,0.11699266240645619,0.11553664865766247,0.00461148018530448,2.5093435945549434,2.47811395417437,0.09891037631238886,21.367263894198487,21.17440039381512,0.5071965113842749,0.9962019935205368,0.9872101542045338,0.02364692916461166,20,20,3904.55,3905.0,1.0500626547722611,70.82920509740634,70.82920509740632,2.9160058604848984e-14,152.19039707482895,152.19039707482895,0.0,21.44872629564559,21.448726295645585,3.645007325606123e-15
front,log-0073_185,40.0,oracle-power,full_log,1.6876048106226929,1.6348901601238266,0.10242177285174744,0.03815135865027638,0.03724900719189883,0.0016931605904816481,0.13489827936051318,0.13170768108511732,0.005986797283701722,2.612723199756937,2.5509273771953094,0.11595288115993507,1.7150052943253418,1.7295959956621467,0.1220695813334798,0.13711405986030514,0.13580186148816054,0.005916933084117106,2.6556386553492493,2.6302238676600527,0.11459974444127205,4.755862923611887,3.254132983038324,3.075642512412118,3.2839587026183485,3.0188647889161278,0.5677735767932166,20,1.0,0.9909837867831065,0.9913436841199246,0.0007605918137428124,0,0.0,0.13489827936051318,0.13170768108511732,0.005986797283701722,2.612723199756937,2.5509273771953094,0.11595288115993507,19.12331310942583,18.99335226220381,0.3171638074729455,0.9873613991615644,0.9806513524654139,0.01637557775255708,20,20,3903.6,3904.0,0.5026246899500346,68.48309712131342,68.4830971213134,1.4580029302424492e-14,149.9043725573418,149.90437255734173,5.832011720969797e-14,19.368098778891632,19.368098778891632,0.0
front,log-0046,40.0,oracle-power,full_log_excluding_training,1.9204138994974322,1.9294711477119737,0.09682874773983288,0.042058017394909095,0.042125743042393575,0.002207520114616512,0.139027968630055,0.13886111087228314,0.007536136373338464,2.858723318017083,2.845159296219946,0.16554197046941832,1.9566539456922407,1.9640805824670045,0.10246731381623765,0.14005560252465604,0.13997572485019452,0.007744121822284385,2.8798945760602566,2.8751946829616277,0.17051358390801433,4.774234884708553,4.551292575406933,1.1667577951104036,3.6307383650793996,3.521930335884399,0.36775548710615946,20,1.0,0.9905716193269797,0.9905250113727223,0.0006820927666525248,0,0.0,0.13903859714830108,0.13887781934259444,0.00753771187568165,2.8589422869823187,2.8455968867612524,0.16558243641255024,20.517602955129007,20.41740556684116,0.5922772612405062,0.9978939238548399,0.9920736381316919,0.023989883545948023,20,20,3903.65,3904.0,0.6708203932499369,67.95648525998527,67.87257303949936,0.7076387305497307,164.6871923043105,165.8998005948889,2.78972766360082,20.558875018223517,20.551760555112224,0.13083039718275494
front,log-0048,40.0,oracle-power,full_log_excluding_training,2.2865111467503008,2.1650276211872788,0.2642794112186026,0.04805312272196761,0.043244457080923185,0.009192612857909779,0.16729292923666128,0.1501063335206576,0.032721167982501416,3.759149605918182,3.3641092997238236,0.693522230804596,2.325809990976874,2.3029963172162393,0.27980222080022865,0.171271704754087,0.16221862487994515,0.03144273384380207,3.849423193583854,3.687957665368696,0.6669046725741197,4.234449887135422,4.057881817990115,0.6753219993976537,4.354357334439763,4.022198122068408,0.7553076808152436,20,1.0,0.9870747392037167,0.9890903412942491,0.004230671848332625,0,0.0,0.16734446291371463,0.15013457901028016,0.032700004263016356,3.76031900516485,3.3660586654171882,0.693063727154503,22.73607050650678,22.738425893732366,0.9483674591831216,1.0104958221455513,1.0152585881826512,0.050612912222721254,20,20,3903.7,3904.0,0.6569466853317862,78.31220898532187,78.29226327867502,0.749561241565174,146.46702778775173,147.0280467770388,0.9604523441333167,22.509737239593996,22.45820799698266,0.28212165441682896
front,log-0049,40.0,oracle-power,full_log_excluding_training,3.035067273055163,3.1287703687689454,0.38149885479761875,0.05490088590788248,0.055937299466211995,0.003954444734099531,0.17700608666309933,0.17899324866942817,0.010504916875310988,4.440830411410176,4.523269578322776,0.3586724325017494,2.622169979488695,2.654359599554785,0.2085792674426997,0.18648474336835022,0.1880569267749835,0.014795658013707944,4.680352276171583,4.7826660725660375,0.4642007967543008,4.524038048283649,4.602866696735223,0.2537726482564455,4.479267782751511,4.522792587207325,0.28121822277337666,20,1.0,0.9878142160291679,0.9877957582225395,0.00035890358881025765,0,0.0,0.17735169620255953,0.17932250302592326,0.010656431655549874,4.449563753210499,4.532596600983316,0.3623959239921347,22.798370004867305,22.853494139746015,0.4361110941605895,0.9106788794692303,0.8976669964494125,0.036550983164396304,20,20,3904.55,3904.0,1.5035046776746235,80.83797044654399,80.87941667513564,1.0695688259142524,124.64124277774889,128.6836164750667,5.727649165650397,25.05856595667388,25.347743280955598,0.7238994532162152
front,log-0054,40.0,oracle-power,full_log_excluding_training,2.3798447608785813,2.3667976613074773,0.07287227121684647,0.05194015278720536,0.051010516165500314,0.002946263996947602,0.173536053275577,0.1696368452518948,0.010069041833929607,3.1149473587629095,3.0173940969741535,0.19284654117307032,2.4493184008667965,2.4055719782715186,0.13397999455595114,0.1817173680737499,0.18085404616879636,0.013158582972736397,3.261397308635485,3.2524878621075253,0.24049443263928572,4.336860827633513,3.702609462980678,1.4149764006155776,3.461635493875343,3.4006389239828074,0.28418646944284925,20,1.0,0.9854728164873355,0.9858686924784165,0.0011137323755326205,0,0.0,0.17356379522750398,0.16971803700165672,0.010066086084043281,3.11544388685702,3.017949789659856,0.1927775455178879,17.397374429997832,17.352212130484133,0.572523120609353,0.9695166964632298,0.9662946353750294,0.0350377820581967,20,20,3903.7,3904.0,0.9787209698591859,59.95955152596881,60.17680960432782,0.6612304778175134,135.42112759104097,135.89296889344487,1.4522968856582583,17.946929483484883,17.978390290546102,0.15663125926183688
front,log-0055,40.0,oracle-power,full_log_excluding_training,2.7281255155190247,2.709026314365714,0.07445948358284545,0.046127730437525084,0.046150479152403494,0.0005323324419861794,0.15883924950396286,0.1595893131440329,0.0028545476853437377,3.766843606393574,3.7563181783440767,0.04724885211060387,2.7456854069430534,2.7354323723015064,0.0703055159047848,0.16008479223060174,0.16037841040026996,0.003771009267208843,3.7961382670507846,3.7825942614612154,0.06012087802208787,3.864054140294404,3.7805704065748764,0.373499758563014,3.7381239737975442,3.7222890853912203,0.07362154950568581,20,1.0,0.9876415864741249,0.9876220751043415,0.00035320587646202865,0,0.0,0.15887455327926092,0.1596350984446356,0.0028712108812828587,3.767673857540141,3.756956474763772,0.04722077096507353,23.220285608167913,23.052997697965623,0.9786922399031887,0.9785443000465353,0.974265473092402,0.02497299074206041,20,20,3903.2,3903.5,0.894427190999916,81.66677312821068,81.66331279239847,1.0580713563683417,140.67471368704574,144.53641237003515,5.131132207411813,23.721695787544757,23.532664190255915,0.5002734935083873
front,log-0056,40.0,oracle-power,full_log_excluding_training,2.643568996304189,2.637674520641621,0.11160111068837493,0.049045976562467467,0.04805595752942356,0.0015585348789807615,0.16811718660171177,0.1653561270895746,0.005763616603572398,3.7785122865700993,3.7553236943374313,0.12570043206916146,2.8383679310376424,2.8422198147335385,0.1742983998346472,0.1736327580067825,0.17186467349503498,0.009066090394449638,3.9021480005450706,3.8618895379749576,0.19488849242997291,5.309281022999105,5.362898498575487,1.148693265881308,4.233558711791042,4.244328587242937,0.11071581739773989,20,1.0,0.9860696318208463,0.9865118306903279,0.0010271974192642475,0,0.0,0.1682229630877887,0.16545039496700018,0.005801992698980113,3.780883387239494,3.7559262225424113,0.12639894701433474,22.309634952312038,22.380985587800048,0.5363552427756794,0.9926256037846821,0.9941722434759801,0.025375056085673493,20,20,3903.55,3904.0,0.5104177855340405,77.0423398592641,76.99059504858289,0.9734516411061839,148.3074814549624,148.7314640450589,1.896107785464553,22.477672416588316,22.4434557617842,0.2691029047718522
front,log-0058,40.0,oracle-power,full_log_excluding_training,2.496802037847911,2.4752518076958343,0.09315248345768241,0.04412298426418981,0.04395829970827926,0.0011496316109008157,0.15162128209493503,0.15101096060961278,0.004262310592233523,3.5628656843838185,3.5571879069373447,0.11159955435475073,2.798060626794271,2.692384430473486,0.3284269625556653,0.162559845803768,0.15803233061094257,0.012867380974568894,3.8200662040469844,3.7063310519422905,0.308624243639831,5.555364934122557,5.622064263728395,1.1548371574928797,5.555364934122557,5.622064263728395,1.1548371574928797,20,1.0,0.9888179693432276,0.9890335593591356,0.000805625766882049,0,0.0,0.15173792848184864,0.15124247732096183,0.004260427290232853,3.5656084706999374,3.5612250917579904,0.11161956981938664,23.638310925893183,23.62354990437023,0.6539972956093695,1.0059175023109501,1.0019593204544877,0.022731254668272888,20,20,3904.35,3904.0,0.5871429486123998,80.74115627331489,80.66507267096593,0.7997104136895024,161.04636639029096,161.1697294857218,0.3012917839365238,23.497166238470506,23.498603720147074,0.19340311483702607
front,log-0063,40.0,oracle-power,full_log_excluding_training,2.8086077649609402,2.838823815648425,0.06221486602045757,0.045453792938110964,0.04594183443820046,0.0012456530220727269,0.13561994939326533,0.13729954226262686,0.0031688236729217165,3.882579098320086,3.9233359773344603,0.07030666033038431,2.800524260288241,2.8199540696313155,0.04361230414737298,0.13795699916320922,0.13864488394880828,0.0015102391699087683,3.9497303568167936,3.9589286485123707,0.021865123442281448,4.389406955525557,4.345918080308177,0.13947816431330132,3.709106937156787,3.7273881932622217,0.043065975062784076,20,1.0,0.9923523360848481,0.992108063943296,0.0004794103958378303,0,0.0,0.13585304291467595,0.1374335125294482,0.003000449819878201,3.8892768197188956,3.927163831130809,0.06540554971314852,30.023639127269224,29.93931757502949,0.20843862999190083,1.048604514615792,1.0483885467640253,0.0015958632854947714,20,20,3904.6,3905.0,0.5026246899500346,85.44005110038454,85.57720694749167,0.905941007894486,132.9935514667307,132.99355146673068,2.9160058604848984e-14,28.631804219550368,28.576107332571745,0.16142838106794138
front,log-0071_183,40.0,oracle-power,full_log_excluding_training,1.758841029505118,1.7152845714630447,0.11294018819164633,0.03231213395212362,0.03162989739226779,0.00164193295917388,0.11325556997049027,0.11080290196252787,0.005958870159411156,2.577954852111966,2.523078530009939,0.1330686380839816,1.8184626108272455,1.7622518956611493,0.13774580681660692,0.11581314399268713,0.11395408635657583,0.00633558411658722,2.6361995637522235,2.5932886026504,0.14232731555650385,3.844297616991125,3.6994728346665853,0.5847757932278129,2.6589069815415862,2.5840197272949377,0.1827912880590515,20,1.0,0.9936543445343089,0.9939375332043193,0.0006470358968001345,0,0.0,0.11327678995322574,0.11082380115642272,0.0059555276902396445,2.5784381074815714,2.5235524871926627,0.1329955498665512,22.697667845050365,22.646223608159424,0.2944894730884369,0.9971301496170553,0.9971496728246652,0.01416383242580797,20,20,3903.8,3904.0,0.8335087534664908,79.78017827473386,79.77832854093944,0.20691443595141767,150.8564399227558,152.4462174422029,4.81132268440112,22.763470631443553,22.76730129374366,0.07428257836737263
front,log-0072_184,40.0,oracle-power,full_log_excluding_training,1.7937703829878633,1.7767993110113562,0.07934877059811982,0.03555328205457294,0.0351680131295244,0.0015226322252112638,0.11671432079626724,0.11532079374710286,0.005363965019393216,2.498256623486349,2.4524700034917357,0.11526398467646369,1.9223783266690944,1.9078397255057609,0.11068604712104674,0.12403517846346937,0.12281138516728228,0.006482758352616415,2.6543288582569216,2.634961765072529,0.12633388151095218,2.953657546190896,3.000664645157513,0.2781053952218478,2.552961347547798,2.5305989422450867,0.13905701509392163,20,1.0,0.9934917910327841,0.9935568754688016,0.0002840132840491414,0,0.0,0.11681058802274169,0.11541508801430848,0.005351656183728012,2.5003088060660144,2.4542833956358603,0.11481467863226832,21.320664271871085,21.28438337536425,0.5024647149913608,0.9961462682859242,0.9856448457377638,0.02645102743746589,20,20,3904.55,3905.0,1.0500626547722611,70.2637809943138,70.1815898743203,0.8710450485013189,151.18552597710473,152.19039707482895,2.839595846345802,21.40590530430816,21.380185173495867,0.2402218136278032
front,log-0073_185,40.0,oracle-power,full_log_excluding_training,1.712620456471924,1.655640085009121,0.13326787446456043,0.038486323839422444,0.037452936395363415,0.0022258792446216698,0.1371020578226107,0.1348093328091161,0.007297916224184072,2.667114358262882,2.6149754280804727,0.15022430263851086,1.7497512991882238,1.753765794915319,0.13298373323066492,0.13994479492995845,0.13567789866144686,0.006754732288529111,2.722664774054517,2.6795212789908667,0.14470146742148265,4.8145888654830795,3.3419962671935943,3.0549599606974485,3.3494686388223784,3.1219486228216056,0.568836518275801,20,1.0,0.9907099371400735,0.9911341314656079,0.0009274859887896399,0,0.0,0.13715042831117047,0.13481835727826336,0.007282407988312721,2.6680596206221994,2.6152262619119915,0.15000882125941514,19.185649948345535,19.026506866369214,0.72713978765491,0.9858461197835193,0.9781924211792057,0.01845765691626697,20,20,3903.6,3904.0,0.5026246899500346,69.33431370640665,70.18426064186738,1.9313703635892678,148.72515744150877,149.90437255734173,2.9385713759980447,19.455999522967012,19.525377611136033,0.44633809242953154
front,log-0046,40.0,oracle-power,training_window,1.8350701703181582,1.8105085157883845,0.2461172300291687,0.03968189632888483,0.039223673084024344,0.004358505944462404,0.13010414577450186,0.1270164251840591,0.014782423434360786,2.6667399833595615,2.6687743872361995,0.38635519092166437,1.8350701715282696,1.8105085156035423,0.24611723016124634,0.13010414577450186,0.1270164251840591,0.014782423434360786,2.6667399833595615,2.6687743872361995,0.3863551909216645,4.013781071964004,3.9494712246586428,1.17470409376801,3.4075384557236803,3.4696772330547097,0.5254791886641813,20,1.0,0.9913936714471427,0.9918996310652661,0.0020275539785469068,0,0.0,0.13108175969845096,0.12754495565640495,0.014602613782551944,2.6861453080220574,2.6942515462527066,0.38020080237357196,20.274263523455023,20.459546129434763,1.1441861633559032,0.9913936710902655,0.9918996310995303,0.0020275542991864326,20,20,3903.65,3904.0,0.6708203932499369,67.13316032638403,66.74367318533224,5.454162010249214,133.38767325668186,128.48474116409312,16.762734794081542,20.451080613159224,20.6791755745095,1.1680286210951492
front,log-0048,40.0,oracle-power,training_window,1.4281567726836566,1.5017991564646924,0.3241929343938319,0.03345216366196706,0.032656085873701376,0.005434216705032766,0.11269092105220517,0.11112988668572353,0.01804988802782255,2.2365337720710783,2.3442458015198326,0.3661385108958327,1.4281567228192684,1.5017991741502192,0.3241928941476219,0.11269092105333471,0.11112988668573037,0.01804988802946896,2.236533772092056,2.3442458015198375,0.366138510915154,3.069122855938221,2.931016767410349,0.4389312004515882,2.993892732633409,3.017619756231726,0.30136458192111903,20,1.0,0.9934722507520783,0.9938056739291186,0.0020862363697184277,0,0.0,0.11804413540286758,0.11588126765765455,0.02138967594565233,2.3409376629361516,2.483709755521982,0.4153578443849856,19.730286134618783,19.800364533877538,1.3258568340381056,0.9934722398822744,0.9938056638412296,0.0020862473114143876,20,20,3903.7,3904.0,0.6569466853317862,66.93665332440173,66.83655086656299,4.815323392461861,135.345103238438,136.6388428579338,9.702333476734035,19.8596153622066,19.946708132117493,1.3295492210003934
front,log-0049,40.0,oracle-power,training_window,1.218829123234448,1.1250504452124819,0.34200932432844217,0.029361647395649736,0.028438303348645538,0.004090125649969927,0.09852817187884101,0.09650655438370814,0.01213235948614141,1.940956827975678,1.8961635873924734,0.5617409466648091,1.218830186644605,1.125050419226679,0.34200967977568153,0.09852817189248482,0.09650655438370814,0.012132359501633256,1.9409568282237024,1.8961635873924743,0.5617409467057219,2.219302550387714,2.167469664257035,0.5855749235503427,2.114267851367739,2.214125403651673,0.3833752346907218,20,1.0,0.9950632885555466,0.9953254717913407,0.001221162517608531,0,0.0,0.12022759053713046,0.120754976445403,0.0044885354003165725,2.3283538436192144,2.1571134433361427,0.38454812756329354,19.3600810509846,17.79009454602319,3.6761121989885726,0.9950632053887704,0.9953254717588342,0.0012212531197475318,20,20,3904.55,3904.0,1.5035046776746235,65.24872307325218,61.1065724994305,11.219573635880968,115.24957629366179,113.38702968087262,9.640451904981505,19.458585044932793,17.890716019813844,3.71078949949122
front,log-0054,40.0,oracle-power,training_window,1.919553534574606,1.9605290079069544,0.28518914335687384,0.044103372627647866,0.043360536936395945,0.0059738351621692045,0.14524521731411516,0.14669369326265846,0.01857874600057599,2.5108565059341856,2.550770282724871,0.2915295653159353,1.919555021018334,1.9605290124780974,0.28518879020196847,0.14524521736896412,0.14669369326265846,0.018578746071603657,2.51085650671764,2.550770282724871,0.29152956500561306,2.8535073982148242,2.77668279399418,0.5056789562849399,2.7823192963598506,2.7780444678466707,0.34316571332862217,20,1.0,0.9892264628213049,0.9891819411445193,0.0026990815229783064,0,0.0,0.15508013951740346,0.14841448198611415,0.015746174658389008,2.680081467348594,2.630490515858584,0.23090931136316917,17.29881990929407,16.959167149173076,2.6084825832508165,0.9892263091945399,0.9891819409048878,0.002699278556264994,20,20,3903.7,3904.0,0.9787209698591859,57.86453602774689,56.769648321113294,10.26273241405469,110.21152273036941,107.56303876052846,17.228516237118487,17.48290108403199,17.151352085280124,2.6049578918955376
front,log-0055,40.0,oracle-power,training_window,2.177362832415525,2.244519558572997,0.25208747390299474,0.0370526349358629,0.03716445703132956,0.0013590382569131337,0.12655624973504387,0.1263067658088013,0.005523883953583832,2.941736250763166,2.9991028817322603,0.3095624000711671,2.177362831494797,2.2445195585633684,0.2520874744509054,0.12655624973504437,0.12630676580880126,0.005523883953583362,2.941736250763179,2.999102881732382,0.3095624000711697,3.39846511209999,3.25031368745735,0.6793654360762059,2.9782653393989165,2.940730160852876,0.19230635377541566,20,1.0,0.991944578142065,0.9919912284220987,0.0007122376346022717,0,0.0,0.1276439751518173,0.12803818418541052,0.005084137591292035,2.967549318741081,3.021868353444315,0.31281357010242133,23.10032089786874,24.17503182124213,2.608187707729263,0.9919445782267916,0.9919912284974681,0.0007122382557479508,20,20,3903.2,3903.5,0.894427190999916,79.47235726102906,81.85830029439798,8.471241029229489,137.4542520300024,134.93422474103428,5.99083440899573,23.287238229891077,24.36284453575503,2.623120217046737
front,log-0056,40.0,oracle-power,training_window,2.1408713851132477,2.215677252567046,0.2514309976758447,0.039361032473765496,0.03864955253084037,0.004948687080632482,0.13641142425750258,0.13169408500598795,0.018925388163734676,3.006714144092655,2.9690263245246493,0.2720478248361172,2.1408713971805047,2.215677254300088,0.25143097638031775,0.13641142425750294,0.13169408500598798,0.018925388163734156,3.0067141440926637,2.9690263245246493,0.27204782483610035,3.868197300034205,3.6683269857863765,0.806040092132895,3.5322768876432677,3.6683269857863765,0.5155995999418943,20,1.0,0.9904769383417532,0.9912904036202581,0.0027330614982982748,0,0.0,0.1418597491317762,0.13749582239042302,0.016088149876678996,3.1298360283898177,3.1150269193471036,0.20130736517529796,21.994866193191754,22.4744820580013,1.5894730296844881,0.9904769371528799,0.9912904024216553,0.0027330613231323704,20,20,3903.55,3904.0,0.5104177855340405,76.85280237223643,77.92730070832852,5.795677540461451,126.52314572201972,121.80385826835659,9.882175660159035,22.20313636645664,22.668574509535514,1.5578724535510562
front,log-0058,40.0,oracle-power,training_window,2.178525963358839,2.1439724169726757,0.4173915834239201,0.04135314711717379,0.04256838683025666,0.006703332055282405,0.1432100251437406,0.15086446908392043,0.020507098206241973,3.0560276426232433,2.965859684417567,0.4511093235838239,2.178525976507913,2.143972416865079,0.4173915711372222,0.14321002514374223,0.15086446908392043,0.020507098206240335,3.05602764262328,2.965859684417568,0.4511093235837985,4.515513940506831,4.860466098704616,1.4714809638780761,3.5561693600657724,3.5751528011499527,0.489558879359372,20,1.0,0.9894863247262234,0.9885530392834305,0.0029357784100202903,0,0.0,0.15561926992865496,0.15884902296941647,0.021395625666856908,3.3131479011768823,3.3731980368456096,0.4097183664668899,21.17424871679992,20.66282870519491,1.6567600323500415,0.9894863029071891,0.9885530389611296,0.002935762634604578,20,20,3904.35,3904.0,0.5871429486123998,74.36762829983097,76.73761140689521,6.344596143976834,133.05868261702423,134.87784474320284,10.561838467776903,21.398109564247825,20.950747847390794,1.6575113644385961
front,log-0063,40.0,oracle-power,training_window,1.650033413908074,1.5782237740449319,0.13692015500232807,0.03483468450695536,0.0335550016960838,0.0020835823731281226,0.11803006790735551,0.11404256143234895,0.006231553652487828,2.759624273843399,2.6866710973854326,0.1332635279116403,1.6500334145484015,1.57822377461037,0.13692015473165567,0.11803006790735551,0.11404256143234895,0.006231553652487833,2.759624273843399,2.686671097385433,0.1332635279116404,3.912317988856633,3.8476036746037665,0.14227509367871036,3.5806447813779996,3.53675524398342,0.07588503944874404,20,1.0,0.9929911756716235,0.9934758648449955,0.0007521619328308065,0,0.0,0.11986100444592274,0.11535637361463544,0.007448063255510358,2.8023385885304455,2.716436523201514,0.16171874292605146,23.222207559561088,23.201287532397544,0.1586052572860524,0.9929911755403149,0.9934758647657219,0.0007521618186017731,20,20,3904.6,3905.0,0.5026246899500346,79.27293281152338,79.17778919328522,1.0548231744046062,153.14450300523626,153.14450300523623,2.9160058604848984e-14,23.386039905506927,23.359002214188852,0.14638381003965223
front,log-0071_183,40.0,oracle-power,training_window,1.6174974971704548,1.5862048423117638,0.2245894498023009,0.03409767550792251,0.03416591675978157,0.004419548817427567,0.11381838485515275,0.11438530859206236,0.015778912264461743,2.3391242254693614,2.242572454347354,0.34754895353051246,1.6174978621274114,1.5862048443262418,0.22458936824818587,0.11381838485646649,0.1143853086051981,0.015778912264535774,2.3391242254958517,2.242572454347354,0.34754895352834914,2.7744331400006033,2.4741744541712274,0.9281762166569958,2.5644432887039845,2.4329276654542458,0.4636067322895223,20,1.0,0.9933808693825428,0.9934364205459593,0.0018632866047858842,0,0.0,0.11640986139640323,0.11685453907239021,0.015683039600500104,2.392605726394203,2.2632834700595907,0.3483080381811407,20.413469336038155,20.48831121376601,0.8369197947683901,0.9933808441575074,0.9934361698884782,0.0018632861734762724,20,20,3903.8,3904.0,0.8335087534664908,68.52568513311132,68.16102855213721,2.97407510827388,125.23632053611111,121.6173895196421,11.066443243302208,20.54957308727966,20.62371929484685,0.8438399430796154
front,log-0072_184,40.0,oracle-power,training_window,1.6794991387496896,1.6999383874567726,0.21332542385421588,0.03365432049549434,0.03448012232681802,0.002124732983958086,0.11365807299962019,0.11761745569178608,0.00786624553176915,2.431582562811344,2.537307713597222,0.3079238924441969,1.6794991458177448,1.6999383874447704,0.21332541439099692,0.1136580729996276,0.11761745569178608,0.007866245531753054,2.4315825628114975,2.537307713597222,0.3079238924439788,2.6288062234987324,2.595205677450923,0.3267456890959549,2.5882175811950328,2.616577966745344,0.38899312022167654,20,1.0,0.993489979382927,0.99305891833583,0.0008701965274610434,0,0.0,0.11923286470002228,0.12422976022098628,0.00970807361011257,2.553038239799722,2.700929997280303,0.3561163304688723,21.191310438955494,21.75450915741168,1.590397286488464,0.9934899771731018,0.9930589183879974,0.0008701917951517313,20,20,3904.55,3905.0,1.0500626547722611,72.08255520850517,74.57646470008302,6.317234566557067,133.6747040815492,131.93560903518036,9.41310900296924,21.33097440120776,21.909333643081403,1.6113859584448287
front,log-0073_185,40.0,oracle-power,training_window,1.4810802509912766,1.4639082545841173,0.23943616576258656,0.034979379606484375,0.032737134220551065,0.00525652399929203,0.1158899257114201,0.10944187270589167,0.016442477887371944,2.1122237314273216,2.2349924859319215,0.3649099733858491,1.4810804360881602,1.4639084988389985,0.23943635310573586,0.11588992571159154,0.10944187270589448,0.016442477887311402,2.1122237314305283,2.2349924859319286,0.3649099733867192,2.574450337275592,2.663425916444103,0.5122866071350896,2.3970348515235482,2.509016798036961,0.4598001792952766,20,1.0,0.9931307523209153,0.9939930890167084,0.002051081354926824,0,0.0,0.11892751021286493,0.11211364980553795,0.018261893237962238,2.164114550187551,2.3268355442606863,0.37048643323793523,18.248591308848628,18.089177939051233,3.1091222254186306,0.993130705881169,0.9939930807888081,0.0020511056831812808,20,20,3903.6,3904.0,0.5026246899500346,61.26460112963656,58.2912878943225,12.481793105237996,117.41675088769207,115.10837251454872,17.16632213232757,18.372615227315237,18.213970723814057,3.116919070367666
front,log-0046,5.0,oracle-power,full_log,2.0869134529658884,2.00415479869222,0.3807137919767141,0.046983590113685234,0.04325963932440548,0.009779214405719933,0.15500516729083827,0.14271935401691765,0.03226294034286808,3.1881006631183384,2.9354096713913194,0.6635746620514413,2.1857842469593938,2.034996493771886,0.4142652257598008,0.1616483644481405,0.14792883624307118,0.033530040719198566,3.3247359871697126,3.042556768678346,0.6896360096866273,6.175026305591415,4.248385619064447,4.52069503036323,4.178586872885456,3.840634435642104,1.2135246652906733,20,1.0,0.9891463839071403,0.9898698635199792,0.0029953953960731826,0,0.0,0.15500516729083827,0.14271935401691765,0.03226294034286808,3.1881006631183384,2.9354096713913194,0.6635746620514413,20.730228889059067,20.446555690264397,1.1144259734578839,1.0079018627294503,0.9941096973365022,0.05418329052387347,20,20,487.85,488.0,0.36634754853252327,67.85562055611665,67.85562055611663,1.4580029302424492e-14,165.89980059488886,165.8998005948889,2.9160058604848984e-14,20.56770570194259,20.567705701942586,3.645007325606123e-15
front,log-0048,5.0,oracle-power,full_log,2.2200722137951816,2.185229678558634,0.17537208101845567,0.045353860479394055,0.04270194721610942,0.005605926903497424,0.15703967294033144,0.14785731035574928,0.019410760586799823,3.5239971954155997,3.3179434041061153,0.43558079680130707,2.2567883635271087,2.2391031035867845,0.22226954030451584,0.16160935766229775,0.15456320689905712,0.018036834031514935,3.626541704345273,3.468424872698723,0.40474964925191925,4.183561788135849,4.086299973266916,0.36275637063526456,4.183561788135849,4.086299973266916,0.36275637063526456,20,1.0,0.9883916512814859,0.9892501282264108,0.002468214125546275,0,0.0,0.15703967294033144,0.14785731035574928,0.019410760586799823,3.5239971954155997,3.3179434041061153,0.43558079680130707,22.287406593133525,22.077551746460404,0.9695623860849367,0.9931923460742441,0.9838405972904022,0.04320654971124893,20,20,487.95,488.0,0.22360679774997896,77.7000493048807,77.70004930488071,1.4580029302424492e-14,147.02804677703884,147.0280467770388,2.9160058604848984e-14,22.440171514841165,22.44017151484117,3.645007325606123e-15
front,log-0049,5.0,oracle-power,full_log,2.9932619529203643,2.9874781610276173,0.626673093767511,0.056019907851097984,0.05500342977327451,0.008477241595517706,0.1861247036982897,0.1827474814159258,0.028165417271632028,4.510653170902876,4.428807622761765,0.682576929347488,2.702257586440214,2.5961950854383975,0.5661342716707853,0.19518401192025225,0.19004828870589752,0.03518023393763907,4.730201659339005,4.60573958772029,0.8525780329576682,6.535464029540613,4.819152453030371,4.9739147882695605,5.262877316934206,4.7432948070041885,2.0253138380575946,20,1.0,0.9853613947369798,0.9867409698663774,0.005042570817510311,0,0.0,0.1861247036982897,0.1827474814159258,0.028165417271632028,4.510653170902876,4.428807622761765,0.682576929347488,22.88367907271649,22.23340370408166,1.6466344377646502,0.9442574779216647,0.9174249315644756,0.06794566889012192,20,20,488.3,488.0,0.7326950970650465,80.5187538489403,80.51875384894029,1.4580029302424492e-14,128.68361647506669,128.6836164750667,2.9160058604848984e-14,24.23457542860456,24.23457542860456,0.0
front,log-0054,5.0,oracle-power,full_log,2.591421131068658,2.418636768977809,0.39628601136498126,0.05901985784374837,0.05373568663309648,0.014058719437353403,0.19680212063521071,0.17918201550366344,0.046878896354029,3.530754413730996,3.2146385926066374,0.8410370258134927,2.8685776443936173,2.8520320679005815,0.4442337395800918,0.2211765456115044,0.21116685243209,0.04491006517415853,3.968047001277468,3.788466779991033,0.8057149502393987,9.155306031935556,5.065795261585957,9.322794101808828,4.98882964752771,3.9347475668794196,2.8539125384386126,20,1.0,0.9810478715300407,0.9854100239085601,0.010432549478552842,0,0.0,0.19680212063521071,0.17918201550366344,0.046878896354029,3.530754413730996,3.2146385926066374,0.8410370258134927,17.907358220365847,17.622197527000694,1.008084312891105,0.9981453422636368,0.9822506572756866,0.056190011342764,20,20,487.75,488.0,0.4442616583193193,59.823160250207,59.82316025020701,7.290014651212246e-15,135.8929688934449,135.89296889344487,2.9160058604848984e-14,17.940631952211263,17.94063195221126,3.645007325606123e-15
front,log-0055,5.0,oracle-power,full_log,2.791422679897485,2.681676079296526,0.3257669760540918,0.047629034494407294,0.04566564491655035,0.008202971759997978,0.164238119427121,0.1574678076752021,0.02828612147773108,3.892880430645568,3.732406027867778,0.6704563419479777,2.9723773918390757,2.8847548421822578,0.3650096841211209,0.17199583593331838,0.16443387105975,0.02761364135933227,4.076758953358884,3.8975202651893794,0.6545167738255201,5.748355914535775,3.8551434312585764,5.612010876325794,4.28934690755508,3.744489824912815,1.9524542907099638,20,1.0,0.9873293847313477,0.9880158872256235,0.002277401636680811,0,0.0,0.164238119427121,0.1574678076752021,0.02828612147773108,3.892880430645568,3.732406027867778,0.6704563419479777,23.44938936524815,23.159190719044943,1.1846925138349127,0.9893146423775507,0.9770713483021642,0.0499814145433098,20,20,487.9,488.0,0.447213595499958,81.73334756770427,81.73334756770429,1.4580029302424492e-14,144.98409225186288,144.98409225186288,0.0,23.70266077220274,23.702660772202737,3.645007325606123e-15
front,log-0056,5.0,oracle-power,full_log,2.922826151738996,2.757581660275642,0.421910385129781,0.05499355896871809,0.05306015204161946,0.009154408950870063,0.18948153676758894,0.18281993998036994,0.03154172068035305,4.268015222200378,4.117964737192516,0.7104678708789443,3.066630301670222,2.958851833030131,0.436367820345676,0.19799628650873208,0.1948036183178739,0.032412881578701994,4.459807425960052,4.387893525162788,0.7300905108393725,6.007387069062955,4.613813441198752,3.2853117271814574,4.82766680871126,4.477286589404589,1.1347936724913879,20,1.0,0.9833101485520647,0.9858611958492771,0.004401337906013544,0,0.0,0.18948153676758894,0.18281993998036994,0.03154172068035305,4.268015222200378,4.117964737192516,0.7104678708789443,22.450441495537508,22.092124475089648,1.3650703397142283,0.9967031358178172,0.9807953997508776,0.06060325755622696,20,20,487.95,488.0,0.223606797749979,77.60936557366924,77.60936557366922,1.4580029302424492e-14,148.73146404505894,148.7314640450589,2.9160058604848984e-14,22.52470238002855,22.524702380028554,3.645007325606123e-15
front,log-0058,5.0,oracle-power,full_log,2.6822878597335884,2.6086916814656584,0.3532329349288022,0.04879087047960111,0.04683273563300183,0.0085123744566392,0.16755538410099274,0.16083084663899655,0.02923280846751806,3.920220653599401,3.762889567010556,0.6839473415429376,3.0639655088495834,2.9398022993619097,0.5122653901132981,0.18424509964645758,0.18030294476913442,0.03135441467477691,4.310702689942645,4.218469801977344,0.7335856418406332,5.869638650325496,4.623133655436963,3.889888068826738,5.869638650325496,4.623133655436963,3.889888068826738,20,1.0,0.987197659411289,0.9882729882711764,0.0029149672035591796,0,0.0,0.16755538410099274,0.16083084663899655,0.02923280846751806,3.920220653599401,3.762889567010556,0.6839473415429376,23.51915052514328,23.445394572548494,1.3077345421040738,1.0052394107844898,1.0020869844139466,0.05589429342534537,20,20,488.05,488.0,0.223606797749979,80.3474218652934,80.3474218652934,0.0,161.1697294857218,161.1697294857218,0.0,23.396566303333564,23.39656630333357,7.290014651212246e-15
front,log-0063,5.0,oracle-power,full_log,5.7216934231857834,5.571809417076925,1.7900658116647716,0.1009539088272251,0.08701905298422156,0.03352437196633312,0.31238104569788694,0.26926250882838787,0.10373425351098332,8.576083971012427,7.3923111461475886,2.847911808454841,4.59445633651845,4.625693465718275,1.092523626596501,0.3376734983064132,0.2984576113363691,0.10774707179359852,9.270460919905009,8.193831129830954,2.958079397129235,8.572504693813869,8.75556970316327,2.5262742500642483,8.823915394855899,7.539948225572511,2.9918336921521553,20,1.0,0.972416655550125,0.9742426582143084,0.010495469174438376,0,0.0,0.31238104569788694,0.26926250882838787,0.10373425351098332,8.576083971012427,7.3923111461475886,2.847911808454841,30.307465203958337,31.80883270652916,5.166858135562237,1.1039394792384678,1.1586262980726976,0.18820111286399013,20,20,487.85,488.0,0.36634754853252327,84.9504894920883,84.9504894920883,0.0,153.67050225201808,153.67050225201805,2.9160058604848984e-14,27.453919144974673,27.453919144974673,0.0
front,log-0071_183,5.0,oracle-power,full_log,1.9934013795129837,1.8166758149355857,0.33054834382743936,0.036517683854515356,0.0330651313406551,0.005970484503086631,0.12799549540152222,0.11589420302022369,0.020926713884818104,2.893457824316752,2.619896797694901,0.47306792975266576,2.138791650385477,2.118565144860968,0.32804170685933826,0.1347741275810928,0.13311072009178987,0.018978372332359238,3.046695141431824,3.009092260175322,0.4290238476408784,4.383424933816287,3.874189091988697,1.8129517274604707,3.1283796865629596,2.7229129164122634,0.7016238048192336,20,1.0,0.9921598516309741,0.9935427405032295,0.0026031026045526917,0,0.0,0.12799549540152222,0.11589420302022369,0.020926713884818104,2.893457824316752,2.619896797694901,0.47306792975266576,22.656254993535903,22.50018300349862,0.7514173004956117,1.002225972492137,0.9953219452361525,0.0332398242759669,20,20,488.0,488.0,0.3244428422615251,79.2344288822956,79.23442888229562,1.4580029302424492e-14,152.4462174422029,152.4462174422029,0.0,22.60593480450205,22.605934804502045,3.645007325606123e-15
front,log-0072_184,5.0,oracle-power,full_log,1.951301214550091,1.852309224465631,0.24883975960451052,0.03858005520673194,0.03683728934121806,0.005052244802610698,0.12740125475243877,0.12164619409178305,0.016683810422769327,2.732594642906875,2.6091559219816336,0.3578464833264183,2.05984731467678,1.997245563957118,0.2591009512883788,0.13444236202272591,0.1271514761344214,0.0178144710439272,2.8836174255655442,2.7272372096945166,0.3820977135228981,3.967893640665827,2.9918052645656177,2.3952289205282526,2.9265763827739604,2.665601962691367,0.6512848093369096,20,1.0,0.9920308734334695,0.9930393508603654,0.0023804961721830943,0,0.0,0.12740125475243877,0.12164619409178305,0.016683810422769327,2.732594642906875,2.6091559219816336,0.3578464833264183,20.993351536343365,20.970875848594396,0.462088031327062,0.978769146800355,0.9777212669664119,0.02154384483990889,20,20,487.95,488.0,0.223606797749979,70.82920509740634,70.82920509740632,2.9160058604848984e-14,152.19039707482895,152.19039707482895,0.0,21.44872629564559,21.448726295645585,3.645007325606123e-15
front,log-0073_185,5.0,oracle-power,full_log,1.810209788357288,1.7119568561024083,0.2691895554391046,0.041301557306253345,0.03858855752077446,0.006351762847600598,0.14603697515980457,0.13644415813010516,0.022459013502030202,2.8284585602656387,2.6426639324665864,0.4349883919837819,1.9139524100875245,1.6994220456492126,0.5010422398648366,0.15274237954799497,0.13964552199271457,0.02963566399802065,2.9583294948085235,2.7046682639847797,0.5739864676917064,5.3391490569797515,3.4165024765192555,4.640035752800314,3.631648202090209,3.158674858562242,1.1232207990818783,20,1.0,0.9897942146833915,0.9909080137095712,0.0031367804583298233,0,0.0,0.14603697515980457,0.13644415813010516,0.022459013502030202,2.8284585602656387,2.6426639324665864,0.4349883919837819,19.25061794021188,18.903555581965474,0.7745456921245587,0.9939343122925527,0.9760150336783473,0.0399907962555777,20,20,487.9,488.0,0.3077935056255462,68.48309712131342,68.4830971213134,1.4580029302424492e-14,149.9043725573418,149.90437255734173,5.832011720969797e-14,19.368098778891632,19.368098778891632,0.0
front,log-0046,5.0,oracle-power,full_log_excluding_training,2.0938159862832935,2.0041149543508,0.3847533441946094,0.04706346470716204,0.04322389118520424,0.009864077364728696,0.15535336950179152,0.14277092313316944,0.03250759082197652,3.198511725097866,2.9429503250586535,0.6690540404487292,2.1963146574779473,2.0418962986236897,0.41806289719963996,0.16213968877510396,0.14845391664189667,0.03381619765388385,3.338179179704059,3.0535058783927296,0.695493794872107,6.185147817882732,4.258271206416818,4.517345400568931,4.190023088838584,3.8418440422071063,1.2146076247686293,20,1.0,0.9891166824536057,0.9898565360907463,0.0030021779121872905,0,0.0,0.15535449382566807,0.1427717929110538,0.03250774898660249,3.1985348640750124,2.942968253792953,0.6690572142061172,20.75486257323201,20.49474026093381,1.1290931536851883,1.0080462713468497,0.9941945771196439,0.0547154338250673,20,20,487.85,488.0,0.36634754853252327,67.96724348296374,67.98874421585907,0.17122935629234085,165.88456459537832,165.8998005948889,0.068137461221518,20.58908210083256,20.598237833808,0.0382475055867178
front,log-0048,5.0,oracle-power,full_log_excluding_training,2.232443410127806,2.1985852670027066,0.17760664294791684,0.045520305937689035,0.04281742712434963,0.005696873398626675,0.15765115432088667,0.1482549067315157,0.019744918481353464,3.5393508375035103,3.3333393337756885,0.4411219461639774,2.271436733629676,2.2574152026996575,0.22395079036567855,0.1623262255663762,0.15509017736478048,0.01830302704407955,3.644393211155365,3.487843743291389,0.40932249938128323,4.191819129320321,4.094215094790922,0.3619687326551201,4.191819129320321,4.094215094790922,0.3619687326551201,20,1.0,0.988314748693151,0.9892372775218832,0.0025103969376844746,0,0.0,0.15765209340961403,0.14825573957850058,0.019744571916593304,3.539371937803454,3.333367993702357,0.44111426106916635,22.301505577195258,22.12000082767647,0.9587386276975297,0.9933512546364435,0.9838018072430166,0.043758006287292116,20,20,487.95,488.0,0.22360679774997896,77.75713407028185,77.76314580517575,0.25712283486508525,147.02804677703884,147.0280467770388,2.9160058604848984e-14,22.45184980704584,22.4561495545421,0.06954638911200847
front,log-0049,5.0,oracle-power,full_log_excluding_training,3.0367971661315787,3.0341636053604137,0.6322262672068198,0.056411984840401094,0.05536025036542892,0.00847201503133866,0.18697965627122975,0.1833211359352828,0.028512559934563978,4.552260887453148,4.470229458201278,0.6861538879453588,2.7431114912564314,2.6405823592830067,0.5762580847223626,0.19632705128744232,0.19098560758355532,0.03560443065981134,4.7802174653857,4.655657628160682,0.8630607067166755,6.553834435550341,4.8359144759391555,4.956252592100252,5.288631601201394,4.782274286304544,2.0160865303760938,20,1.0,0.9853079909939101,0.9867483892828537,0.005072177069494684,0,0.0,0.1869850603303754,0.18332609325486954,0.028516267490123186,4.552392679842618,4.470350457982475,0.6862470158950532,22.971286540234352,22.381807796200313,1.601129664540435,0.9435178327547584,0.9165552148355145,0.0692158726682302,20,20,488.3,488.0,0.7326950970650465,80.69153160740194,80.77214152137088,0.16473836432600475,128.53980625973344,128.6836164750667,0.6431388346879802,24.35200364543982,24.388907567518018,0.133009849075409
front,log-0054,5.0,oracle-power,full_log_excluding_training,2.595622106929606,2.419131794212324,0.4004276570387176,0.05912085718069693,0.05367506660439474,0.014072772776723096,0.19704643655909468,0.1789851137774118,0.04691820901358586,3.5364993930694206,3.2169280997748917,0.8459392280578547,2.879988099788915,2.8631081214917025,0.4485604803658092,0.2217082965590537,0.21150201338090593,0.04488165336433549,3.979162971756145,3.7981194596462995,0.8098291148920627,9.161606702395968,5.077384811984713,9.31972407825579,4.993738768073014,3.9408499817524847,2.8539787742336493,20,1.0,0.9810227111938445,0.9853640754357116,0.01045001133482416,0,0.0,0.19704782336864896,0.17898766523990178,0.04691779943457845,3.536524285740841,3.2169739630762155,0.8459319222790213,17.911731786384003,17.624127668434205,1.0033837711960165,0.9982215829823943,0.9820713426820709,0.05662155567465849,20,20,487.75,488.0,0.4442616583193193,59.80742390932865,59.85613034412895,0.1895181386260177,135.8929688934449,135.89296889344487,2.9160058604848984e-14,17.944368567913052,17.950696404537595,0.03752764831492425
front,log-0055,5.0,oracle-power,full_log_excluding_training,2.805306341541383,2.6916472642539766,0.3352259858787129,0.0478619515406031,0.04572739033527468,0.008470130681299301,0.16504976079710496,0.1574777240873098,0.02935788179972163,3.91010302822837,3.7426243902796723,0.6829411791905302,2.996187940900158,2.914456133122717,0.37269278438161235,0.1731289377670726,0.1655349984481961,0.02860861852873285,4.10135530541991,3.924570036555732,0.66392230825898,5.749073168551723,3.8737754638652913,5.614429191268091,4.300693796648425,3.763233584080833,1.9548622710550398,20,1.0,0.987247400422743,0.9878951767154774,0.0022999388262669733,0,0.0,0.1650534707866847,0.15748443678947083,0.02935708230176667,3.910190846251274,3.742708290587971,0.6829215282739086,23.444075931755854,23.12906113391631,1.1903556932115458,0.9893544824405339,0.9766150074618121,0.051597213729513994,20,20,487.9,488.0,0.447213595499958,81.71404885055254,81.80939835436388,0.32930449078557983,144.4651753381866,144.98409225186288,2.2445517048735986,23.697849083082403,23.702838838507102,0.11347039414132949
front,log-0056,5.0,oracle-power,full_log_excluding_training,2.9390182613210434,2.7613025617844613,0.43035870111127694,0.05529886824841805,0.053337268672329484,0.009217824118916952,0.1902112028565521,0.18348925276501055,0.03174195702304189,4.289486690466535,4.13859505214199,0.7188278626238466,3.0909675528479905,2.9813883916539776,0.4430155265402833,0.1989523997779796,0.19623317748681368,0.032530982319757096,4.486947299625188,4.416432300097783,0.7385828498061697,6.019932094577748,4.626820776857564,3.2831552401115927,4.84454873126177,4.492924062203126,1.1344519745831256,20,1.0,0.9831944740535608,0.9858747641987025,0.004468757893801974,0,0.0,0.1902138752605898,0.18349376388724634,0.03174175886291247,4.289547063384452,4.138696853927447,0.7188239920965578,22.47258196367183,22.08922463900656,1.4036515762010928,0.9965573155104955,0.9804175808258212,0.0611737608272376,20,20,487.95,488.0,0.223606797749979,77.55960600558006,77.61641865951326,0.2613535401431732,148.73146404505894,148.7314640450589,2.9160058604848984e-14,22.549038274125937,22.574643379384764,0.08114230261842714
front,log-0058,5.0,oracle-power,full_log_excluding_training,2.6879527454851755,2.6074328952599495,0.36120297579271954,0.04882402926169731,0.04682542548554004,0.008511162091218903,0.16779868277014176,0.16074359796646165,0.029260477042031705,3.929596093515264,3.7635952932338546,0.6918901225142426,3.082928324500934,2.9573579344206866,0.5208067174273794,0.18485559036717408,0.180735404212164,0.0314814675739509,4.328721086222134,4.240370269413232,0.7417320465080668,5.880241173248611,4.646475553039596,3.8877733800535172,5.880241173248611,4.646475553039596,3.8877733800535172,20,1.0,0.9871843363568923,0.9882587522610089,0.002924781419466521,0,0.0,0.16780161081004524,0.16075239737092642,0.029259875059293207,3.929664601897813,3.7638013170772053,0.6918759200561475,23.541654006248084,23.40903516119488,1.3398497082324177,1.0054250996092267,1.0023877325281523,0.05637591715515951,20,20,488.05,488.0,0.223606797749979,80.4674783283418,80.54313446188706,0.29571633532350006,161.1286084539115,161.1697294857218,0.18389884486546154,23.41381227869892,23.43613948500475,0.07025754445313803
front,log-0063,5.0,oracle-power,full_log_excluding_training,5.8895078919918165,5.714222968757385,1.8558082721819915,0.1032279396018159,0.08883144028702877,0.035124652926134224,0.31788351662092806,0.27375454577021263,0.10870668265815406,8.71318173452638,7.493520648309668,2.901209634886282,4.739859273857107,4.7831729472094064,1.1296236094667136,0.34478545640705827,0.3048244229139262,0.11312857401446093,9.45240323760211,8.347767103748598,3.0176195254298275,8.59404929809327,8.755059924974557,2.54944967388607,8.85787385979589,7.579320325888904,3.0241440511624957,20,1.0,0.9719631799518968,0.9741382388895583,0.010801802278232223,0,0.0,0.31792696259007636,0.2738053309924501,0.10871266354348026,8.714375744861833,7.494917267200224,2.901365023323677,30.44620214005957,31.811713913870644,5.022741581636118,1.1092768903926087,1.1609363057819657,0.19329319639458215,20,20,487.85,488.0,0.36634754853252327,84.5985098271718,84.88694382067501,0.7252380231099754,153.67050225201808,153.67050225201805,2.9160058604848984e-14,27.491495090214205,27.597316365731473,0.3055198821819722
front,log-0071_183,5.0,oracle-power,full_log_excluding_training,1.9965777503471664,1.8208609148606887,0.3350942759760393,0.036510605217419966,0.03306086669242349,0.006007636821768775,0.12814339092860708,0.11592438862308727,0.021120486135082425,2.8975569795159073,2.6261059572434844,0.4773472314448878,2.1463830541905375,2.1273311689278267,0.33104916979325844,0.13506709415134877,0.13299709673998134,0.019133545115777327,3.0540809257815966,3.004944508285317,0.43207065785294485,4.3927746022496645,3.885733535964828,1.8106150566064876,3.1329425999627913,2.7289470430716145,0.7051777445817878,20,1.0,0.9921476882899377,0.993537179319282,0.002631304959324245,0,0.0,0.12814432048503388,0.11592518034876435,0.021120047474212995,2.897577993822628,2.6261238920509316,0.47733727169574225,22.66407231193791,22.511431265698814,0.7589469671513563,1.0022912816249872,0.995317201351364,0.03355744912610726,20,20,488.0,488.0,0.3244428422615251,79.36052355144587,79.3639116153931,0.09441195789743215,151.6634824930142,152.4462174422029,3.5004971095016773,22.612278959146515,22.607636970572997,0.033253133157509704
front,log-0072_184,5.0,oracle-power,full_log_excluding_training,1.9545127504648154,1.855725460902339,0.2508624614134752,0.03868692810409621,0.03691898715051596,0.0051049159975257,0.12760566314124572,0.12196839854861011,0.016723166471429546,2.7363252859529728,2.6118431932680126,0.36014466956450103,2.067751684402567,2.0121243794342347,0.2627072383144081,0.13481820718472157,0.127725521184705,0.01785617246186529,2.8912110163464417,2.7298035919813635,0.3860796814197732,3.967590961427463,2.9922112616871193,2.395905631124526,2.9271294648551267,2.6612665387826713,0.6514579791309367,20,1.0,0.9920151033012086,0.9930172634423823,0.0023919553483814963,0,0.0,0.12760715759842864,0.12196929018374528,0.01672310820701629,2.736357378947797,2.6118622887027567,0.36014379015469755,20.980860203579226,20.955537870514004,0.506119860112684,0.9784260818362582,0.9775730063544944,0.021863328824291154,20,20,487.95,488.0,0.223606797749979,70.7333228605597,70.83758388992939,0.2504479583125669,151.72642722491187,152.19039707482895,2.074936247849972,21.442789332465786,21.47034147684897,0.07939481711332295
front,log-0073_185,5.0,oracle-power,full_log_excluding_training,1.8164020113448902,1.7205512744932112,0.26905778544446085,0.041365248951677196,0.038944547880717356,0.0063523012576736015,0.14661356175355816,0.13747050817640782,0.02257736289738045,2.839715752648065,2.6505178415828747,0.436167984013591,1.924862838547203,1.7093904145661645,0.5073828953565732,0.15350114530204678,0.14077650486543397,0.029839833396330916,2.973322176498383,2.7176497456518263,0.5787071683978151,5.354199256728018,3.4401486169801125,4.637590707962937,3.645860651928216,3.1711099566432965,1.1212734138357627,20,1.0,0.9897245249730989,0.9908645239566328,0.003188567115349595,0,0.0,0.1466155162435967,0.13747138163189668,0.02257880047613177,2.839753669076397,2.650520703642326,0.436196420458437,19.2504916847557,18.93679595882426,0.809894078733903,0.9937988956934575,0.9757845044110249,0.0405437640295524,20,20,487.9,488.0,0.3077935056255462,68.6530078469637,68.75149186892104,0.46799476480548197,149.49450485627753,149.90437255734173,1.832984082722409,19.36988322477667,19.40673913102505,0.09785424168759341
front,log-0046,5.0,oracle-power,training_window,1.3649848356887067,1.4639222085038655,0.36374380767366044,0.03313345575205788,0.03302629946982645,0.007586259599562813,0.10961233358253156,0.10670716463743996,0.02380343849888099,1.925707665270242,2.029259304518437,0.47494424610263125,1.3649951022647948,1.463922220190806,0.363721773268533,0.10961236064338686,0.1067071646374402,0.023803395158240752,1.9257079749058765,2.029259304518437,0.4749435008942475,2.2261202152630317,2.2471762403245497,0.7283882995521981,1.8122847430051707,1.8772807522594372,0.4045667265431834,20,1.0,0.9937001565962585,0.994290253857844,0.002687535522397596,0,0.0,0.12299345126632064,0.12069722248921269,0.022460949902454588,2.153453951773704,2.1687441362187365,0.46897360711428543,17.55412135245734,16.72909156967662,3.2735612270711494,0.9936979063362065,0.994290252648005,0.002684438559188411,20,20,487.85,488.0,0.36634754853252327,58.87547317752785,59.14625471036349,12.25469578976553,90.6947124041827,83.99381515335487,20.000511030584967,17.664233322928318,16.869941965852753,3.2808326017552982
front,log-0048,5.0,oracle-power,training_window,1.2254033474129666,1.238413897935867,0.35868216259042063,0.03122314209244272,0.02966634812901689,0.00872456148045302,0.10420005671932146,0.09964990026154608,0.02612756800807357,1.9100423736760619,1.9062596667256493,0.5343053336146552,1.2254156197723665,1.2384138731339867,0.3586717379208712,0.1042000592164204,0.09964990026155021,0.026127569617637052,1.9100424018179958,1.9062596667260339,0.5343053027973635,2.247302404684286,2.2051539437705303,0.6648458281977964,1.6918489140195807,1.5835189666563072,0.4673343796415487,20,1.0,0.9942248660583456,0.9950219240437526,0.0033633620056400595,0,0.0,0.1152978758246801,0.11004341396464315,0.030198444845480277,2.09134966157915,1.9735808929934144,0.5173423516964683,18.550027662499073,18.865554786563333,4.432191085879719,0.9942237688285493,0.9950219168852299,0.003363814874738228,20,20,487.95,488.0,0.22360679774997896,62.94096484671691,64.49455167246639,16.822291169123737,93.67939653388106,98.71201161388562,16.23556170515447,18.653458434308646,18.927690997462705,4.440706319174058
front,log-0049,5.0,oracle-power,training_window,1.0062738404220666,0.8965627781320503,0.5220592900348413,0.034041408376181734,0.02956050639130231,0.020649718807586436,0.1117604645992289,0.10264003755739257,0.06771606674395625,1.4827638328921628,1.354228875610906,0.6587950451525938,1.0062786669884347,0.8965626417038421,0.5220580244041185,0.11176046626901108,0.10264003755747352,0.06771606603220388,1.4827638534279903,1.3542288756133902,0.6587950304979986,1.6541207378456328,1.6010331843646965,0.7068111521069007,1.4293857453574206,1.173652405436051,0.6557383546562002,20,1.0,0.9914151580694528,0.994717203587517,0.016202355380744132,0,0.0,0.1652011711405458,0.1364064610318993,0.09248391042241232,2.1064061342494727,1.9764100775083837,0.6888760505098275,13.765035691985394,13.687278624597885,3.1845698812860928,0.9914146057537699,0.9947171796899468,0.016201177978133714,20,20,488.3,488.0,0.7326950970650465,45.97692961664758,45.318605567557114,12.046367217375902,74.44538494769286,74.03418580695316,19.452986637550485,13.867794290826634,13.763620005919574,3.146593092461791
front,log-0054,5.0,oracle-power,training_window,1.2701677427914582,1.2057344250829938,0.4620022522141497,0.03429572628452085,0.03061840636916653,0.013478442971269768,0.11473487242839545,0.10642400873307155,0.04283194053609448,1.679381277599426,1.5946519274056081,0.5453296945951409,1.2701854739706246,1.205734428161366,0.4619953632623778,0.11473487522016249,0.10642400873312954,0.04283194319147887,1.6793813069336203,1.5946522206804756,0.5453296907914086,1.7640341957321983,1.7569879431027935,0.6027681008285432,1.6262799818205949,1.5171617270279085,0.6039032387154775,20,1.0,0.9925047491140306,0.9943196266177601,0.005369081805569962,0,0.0,0.16920588340667525,0.16498074011518096,0.055807592041434734,2.453103641697834,2.4571523757136626,0.5706033682300816,15.536079023005763,15.320331992573347,4.966776979155195,0.9925035016163817,0.9943196036597679,0.005370413379632395,20,20,487.75,488.0,0.4442616583193193,52.71715735533511,50.45973614027931,17.858543989272285,75.86150010159693,74.16759477002029,21.57437702413437,15.638574671092632,15.39562359699974,4.95700127778557
front,log-0055,5.0,oracle-power,training_window,1.858449159640145,1.7712271289200705,0.506321820904562,0.03478462108182977,0.03680094218501401,0.005879842346592711,0.11674733077833754,0.11814644752810312,0.021094941866966303,2.5469029210597656,2.3726088301561816,0.778521887913976,1.8584529431056744,1.7712271289134875,0.5063178031291742,0.11674733290661968,0.11814644752810312,0.021094945109464785,2.5469029461287502,2.3726088301561816,0.7785218603872402,2.7615575067935887,2.514573515301646,0.8964257438889618,2.4635460114603207,2.1768612181238747,0.8869579825942349,20,1.0,0.992945993572002,0.9929793891669578,0.002420939888013081,0,0.0,0.12977237485949417,0.12747114919251049,0.030697889106350747,2.797244908734405,2.5979740977924575,0.8482339348801203,21.77726441512572,22.014728767229034,5.299671521177093,0.9929445451686169,0.9929793892175893,0.002423345028756798,20,20,487.9,488.0,0.447213595499958,73.66381273182228,74.31461867379582,19.212132180499218,108.13598618121686,114.47975087038526,22.27809580394154,21.930133994156698,22.14883462350533,5.337412670401606
front,log-0056,5.0,oracle-power,training_window,1.6647797853191464,1.5740519492011238,0.3822498822940423,0.037200245797920174,0.036005169051254955,0.010247285377867994,0.12607960714660799,0.12602419572266294,0.029078577789475066,2.346875938292089,2.242396266913298,0.4805442544024601,1.6647772647912824,1.574052264521705,0.38225410843748986,0.1260796074173923,0.12602419842703405,0.029078577793765634,2.3468759409783178,2.242396266913298,0.48054424798304735,2.5711508044728353,2.7347100351875,0.6196397414340045,2.156378956665943,2.1932057833576737,0.5440180269556915,20,1.0,0.9916066297372496,0.9920270597670763,0.004222625860631652,0,0.0,0.1484443587057588,0.14195919658989847,0.04857733025533892,2.6875840198238996,2.684657933817864,0.4643144919240768,19.19767526443032,18.942744330039233,5.197851210131759,0.9916055687187667,0.9920171642812172,0.004222590569859597,20,20,487.95,488.0,0.223606797749979,66.46037122338512,72.26732174426492,19.144098747379406,93.82481202085347,97.2151890459368,17.444774968382347,19.347763305643976,19.127350583537883,5.1919962590878805
front,log-0058,5.0,oracle-power,training_window,1.5573486876001301,1.412264703189484,0.4449915431679948,0.03437737195966831,0.03393014099792356,0.006282890856937223,0.11390400687944238,0.11129933902932282,0.014865437776888656,2.2987456892797056,2.136919835137891,0.7495917563659741,1.5573490791218396,1.4122647109152124,0.4449908745464847,0.11390400704374821,0.11129933902932285,0.014865437672374708,2.2987456911939477,2.136919835137891,0.749591753473553,2.7112780172509074,2.4249092453488412,1.0794295578011601,2.0807529795748123,1.9258442183611235,0.8235211657054283,20,1.0,0.9933846665582655,0.993786915078359,0.0017318348408227571,0,0.0,0.1479276862988646,0.13822486562756559,0.031791246218526595,2.9208188111622055,2.8942879683723852,0.7730541444645526,19.989641631701566,19.02704181530403,5.58597438849144,0.9933842038734945,0.9937869143297522,0.0017315817433102658,20,20,488.05,488.0,0.223606797749979,67.29705892515958,63.25373093988032,19.077662394817374,105.41384329285752,102.52863759262749,23.633537473872988,20.12394047147405,19.202193557357198,5.626434700453062
front,log-0063,5.0,oracle-power,training_window,1.0328589046337124,0.9190732119364136,0.31666638613371423,0.024717290142254527,0.022684216169207343,0.005143614889299863,0.08366826568358536,0.0816645325444682,0.013570750194922817,1.5213157885394382,1.3246490335021663,0.47739421634475543,1.0328590211708204,0.919073208544414,0.31666630237659876,0.08366826568642391,0.08166453254446873,0.01357075019366776,1.521315788586371,1.3246490335021832,0.4773942163207435,1.728918276741939,1.8255315628437518,0.48208694341764535,1.341528699963806,1.3954873704651665,0.29219520104293656,20,1.0,0.9964051869046623,0.9966598708156982,0.0011999250806985814,0,0.0,0.2213218592224623,0.18002960663575243,0.09078064443082196,3.803462751558468,4.03311268403398,1.0585253997588688,18.940147540948573,17.25279774657764,7.354090780002887,0.9964051675044086,0.9966598693855817,0.0011999115661013402,20,20,487.85,488.0,0.36634754853252327,65.22489050736792,62.77560735485764,25.6500264451907,91.68864096284237,90.19499626162582,26.55558049906654,19.002458265186334,17.302289488465,7.366011185266804
front,log-0071_183,5.0,oracle-power,training_window,1.470762907759053,1.4713135630502772,0.35732318277616965,0.03217609871115289,0.030083239689940897,0.007001725478028717,0.10757267397128505,0.1045867641557443,0.021575467193372094,2.214123550593527,2.1254096197600347,0.6242852502025698,1.4707629081791032,1.4713135531876627,0.35732318489321596,0.10757267397128514,0.1045867641557443,0.02157546719337214,2.2141235505935284,2.1254096197600347,0.6242852502025705,2.3979587473881403,2.3101629384343685,0.9084141462645686,2.073902135827718,2.0156572813779796,0.5433891507697155,20,1.0,0.9939712042823204,0.9945155774627878,0.002741326386441144,0,0.0,0.1164852105969499,0.11180906104514518,0.022118147557899877,2.397961555034066,2.3241377077516097,0.6447168878750409,20.317825837286883,20.681726171713954,2.9249020671061077,0.9939712037556279,0.9945155776564318,0.0027413273984532287,20,20,488.0,488.0,0.3244428422615251,68.88978085080161,67.33708574988705,12.195913528599137,103.37674455619765,105.24747150105794,16.82408168711376,20.44294877436356,20.857868176731685,2.9557759104067083
front,log-0072_184,5.0,oracle-power,training_window,1.5041591412161401,1.556041593858894,0.39007454457206797,0.03317020432267893,0.03304045192194723,0.007221159933817021,0.10904538101775356,0.10971575658005256,0.02322265438864306,2.199941173406696,2.116265174330107,0.587059450948397,1.5041591411509356,1.5560415920837496,0.3900745444902635,0.10904538101775359,0.10971575658005256,0.023222654388643037,2.1999411734066965,2.1162651743301075,0.5870594509483967,2.583864154894626,2.6073219364059366,0.7729312133566014,2.040044822015781,2.040264186629287,0.505484562995962,20,1.0,0.99377594694508,0.9939582848033589,0.0025433213036095965,0,0.0,0.12100712758322449,0.12418029350525081,0.022791987593368354,2.4121143949099038,2.284140017308939,0.4747026702380299,20.34363835072384,19.072953724508068,4.816481836804766,0.9937759467206275,0.9939582848124651,0.002543321213644893,20,20,487.95,488.0,0.223606797749979,67.37799764460989,61.684930949936565,16.07944448099267,106.1311686450603,105.59853264709399,22.693541420215926,20.467487965964416,19.19303002202842,4.828781944907922
front,log-0073_185,5.0,oracle-power,training_window,1.2499353383016758,1.2183511033731738,0.3026478980663588,0.030366286900426125,0.028642583252202564,0.007759067451128884,0.10094257897670278,0.09880390688510407,0.022717238543416056,1.7625355004531624,1.7154914337714162,0.4931296510164984,1.2499338733188496,1.2183511035338364,0.3026498528783043,0.10094258003895633,0.09880390688510407,0.02271723964647017,1.7625355095027637,1.7154914337714162,0.49312963723070297,1.945835980561886,1.7418179171613626,0.6772611997544835,1.644337867275199,1.5729192736821604,0.40995108836460675,20,1.0,0.9946419873519077,0.9951068423253693,0.0028365112897568885,0,0.0,0.11462137798478562,0.10159842631482763,0.037194420893068104,1.9700225250381795,1.8392477873379556,0.5994622723288223,17.825627272028846,16.58150109732292,5.292173862539893,0.9946401899481734,0.9951068423117071,0.0028377923293506483,20,20,487.9,488.0,0.3077935056255462,60.06378564443272,57.36958179557877,18.011653815116464,88.75050938705462,89.1934626374407,24.769360836739352,17.916752244592267,16.68056402032694,5.30020719914437
front,log-0046,60.0,oracle-power,full_log,1.898649482315712,1.9470917383344468,0.10319712559077099,0.04099112594815845,0.04189108728030891,0.0015927412903151926,0.1352352240358788,0.13820431721304388,0.005254667205272176,2.7814782885062264,2.842545723175805,0.10807644863968732,1.9306194561874666,1.9762972359346425,0.1137947715119114,0.13608564283107966,0.13846581515962733,0.005718353713149406,2.7989694520093193,2.847924135982795,0.1176134162716676,4.646507974114898,4.842031974490762,1.1462409110473075,3.459622556540354,3.4542841942155063,0.22187966476434154,20,1.0,0.9908858447555844,0.9904533681965622,0.0006599664052931334,0,0.0,0.1352352240358788,0.13820431721304388,0.005254667205272176,2.7814782885062264,2.842545723175805,0.10807644863968732,20.439545207855712,20.404795944454875,0.2654803457329749,0.9937688483127817,0.9920793422538944,0.012907630514564413,20,20,5855.4,5855.5,0.8207826816681233,67.85562055611665,67.85562055611663,1.4580029302424492e-14,165.89980059488886,165.8998005948889,2.9160058604848984e-14,20.56770570194259,20.567705701942586,3.645007325606123e-15
front,log-0048,60.0,oracle-power,full_log,2.111984381196186,2.0570665584165457,0.13275479341434135,0.044231242153299384,0.04164061753162514,0.0058679985141250205,0.15315255918853013,0.14418241113500926,0.020318194696815707,3.43676969612748,3.235478035292953,0.45594377386848073,2.14417292158413,2.1743406818562945,0.20048086623809716,0.15571601007237662,0.1481710840299355,0.01962384359413399,3.494293973630865,3.3249845391716963,0.4403624160327839,3.9984856407879557,3.862815669390913,0.5725162226355652,3.9984856407879557,3.862815669390913,0.5725162226355652,20,1.0,0.9887686796823143,0.9900878180928605,0.002679653980937415,0,0.0,0.15315255918853013,0.14418241113500926,0.020318194696815707,3.43676969612748,3.235478035292953,0.45594377386848073,22.52155320808,22.776490015025736,0.7822602582113395,1.0036266074519529,1.014987340892744,0.03485981636521714,20,20,5855.7,5855.0,1.0310954828418377,77.7000493048807,77.70004930488071,1.4580029302424492e-14,147.02804677703884,147.0280467770388,2.9160058604848984e-14,22.440171514841165,22.44017151484117,3.645007325606123e-15
front,log-0049,60.0,oracle-power,full_log,2.6957639204164763,2.775692807402341,0.22703158081151464,0.05125276675257123,0.052429149092404356,0.003385379657666213,0.17028599995015709,0.1741945000322944,0.011247836882634058,4.1268089102274335,4.221529750280698,0.27258655134083554,2.3526183682175184,2.380160614902926,0.09038758590467898,0.1771827667524066,0.18140413877878658,0.013742676286569708,4.293949125510046,4.396252284295553,0.3330479250577687,4.459773029987917,4.554126707339172,0.2761444122965933,4.285994571232167,4.396893481952418,0.29392101698867384,20,1.0,0.9881047024615048,0.9879511563224301,0.0006801697253956385,0,0.0,0.17028599995015709,0.1741945000322944,0.011247836882634058,4.1268089102274335,4.221529750280698,0.27258655134083554,22.265132552475613,22.01817872823286,0.6506247860354167,0.9187341704445797,0.9085440259970207,0.02684696449303052,20,20,5856.5,5856.0,1.3954814298487213,80.5187538489403,80.51875384894029,1.4580029302424492e-14,128.68361647506669,128.6836164750667,2.9160058604848984e-14,24.23457542860456,24.23457542860456,0.0
front,log-0054,60.0,oracle-power,full_log,2.3331852177707373,2.3301261541829286,0.03132612158623956,0.05056336661476646,0.050120035767371555,0.0012130191279860615,0.16860389265230502,0.16712560290207712,0.004044820599038728,3.0248603837851404,2.9983389314575755,0.07256663768007654,2.3833558836565234,2.3352687067610187,0.1178223778168071,0.17560563650577646,0.17289702885502717,0.008115624149729743,3.1504760932839284,3.1018819603188925,0.14559942593277875,3.9102673984670653,3.4052971412316664,1.0446666180876554,3.2909835433903454,3.2102986964161886,0.16069974060245065,20,1.0,0.9860624473097307,0.9862379945548994,0.0004946572160778482,0,0.0,0.16860389265230502,0.16712560290207712,0.004044820599038728,3.0248603837851404,2.9983389314575755,0.07256663768007654,17.50885198983191,17.493282436074267,0.47608877913150793,0.975932845424315,0.975065007892219,0.02653690128640243,20,20,5855.25,5855.0,1.0699237552766379,59.823160250207,59.82316025020701,7.290014651212246e-15,135.8929688934449,135.89296889344487,2.9160058604848984e-14,17.940631952211263,17.94063195221126,3.645007325606123e-15
front,log-0055,60.0,oracle-power,full_log,2.603569466559796,2.5980567007911066,0.013861339915587861,0.04424846173200777,0.04414373798550751,0.0002725037659206571,0.15258096704146343,0.15221985052152673,0.0009396685556763177,3.6165749020784537,3.6080154797071557,0.02227264501350141,2.6135828964177317,2.615057165800116,0.023283878049233767,0.15304307464608718,0.15261148187525564,0.0010507972103896094,3.627528081871106,3.617298184832351,0.024906689818241914,3.652089293608231,3.647258383440181,0.03299497932706863,3.5761874767488004,3.564475696251521,0.026537245246570352,20,1.0,0.9883898586517994,0.98841724000714,7.104182386759315e-05,0,0.0,0.15258096704146343,0.15221985052152673,0.0009396685556763177,3.6165749020784537,3.6080154797071557,0.02227264501350141,23.276153879248948,23.253129157098883,0.30314667546060375,0.98200594873914,0.9810345505332025,0.012789563094794766,20,20,5854.6,5854.0,0.8207826816681233,81.73334756770427,81.73334756770429,1.4580029302424492e-14,144.98409225186288,144.98409225186288,0.0,23.70266077220274,23.702660772202737,3.645007325606123e-15
front,log-0056,60.0,oracle-power,full_log,2.5820211196822322,2.565620080430949,0.07887612102715424,0.04723259769590714,0.04695069691493133,0.0010038167579216426,0.16274097121149428,0.16176967576895596,0.0034586730790099494,3.665691941575703,3.6438138008094496,0.07790558173451612,2.713334566736159,2.7153851857044304,0.1426048193598307,0.16621775285490603,0.16545854034421095,0.004779068164893903,3.744005413333901,3.726904377487299,0.10764708806810443,5.149754779971636,5.369478636785687,1.0653029820421909,4.115850362266485,4.103232029637314,0.12857984345236892,20,1.0,0.9867988655002344,0.98698523080609,0.0006704173669637458,0,0.0,0.16274097121149428,0.16176967576895596,0.0034586730790099494,3.665691941575703,3.6438138008094496,0.07790558173451612,22.33895906790106,22.266006169248705,0.3712674287815691,0.9917537950560368,0.9885149998248492,0.01648267855076087,20,20,5855.1,5855.0,0.7181848464596078,77.60936557366924,77.60936557366922,1.4580029302424492e-14,148.73146404505894,148.7314640450589,2.9160058604848984e-14,22.52470238002855,22.524702380028554,3.645007325606123e-15
front,log-0058,60.0,oracle-power,full_log,2.4874141889731027,2.517535237609244,0.07816351215902183,0.043615300715938894,0.04373210609044795,0.0005837244846199244,0.1497816782587395,0.15018280595329678,0.002004600025952335,3.504376966405175,3.513761977106988,0.046900757418858005,2.643396141933015,2.5791104733481096,0.20134845978549187,0.15518481641945045,0.15314947658724878,0.005880613295796502,3.630791846628321,3.5831718832943986,0.13758615887936787,5.484222374845305,6.031197725566379,1.249757693185322,5.484222374845305,6.031197725566379,1.249757693185322,20,1.0,0.9889923835548803,0.9890637772282775,0.00018402455034494063,0,0.0,0.1497816782587395,0.15018280595329678,0.002004600025952335,3.504376966405175,3.513761977106988,0.046900757418858005,23.44800060576321,23.508124119374216,0.4616152294403573,1.0021983696993308,1.0047681277070453,0.01973004172730193,20,20,5856.3,5856.0,0.6569466853317864,80.3474218652934,80.3474218652934,0.0,161.1697294857218,161.1697294857218,0.0,23.396566303333564,23.39656630333357,7.290014651212246e-15
front,log-0063,60.0,oracle-power,full_log,2.249176280839979,2.2402717758489743,0.020308524775828462,0.03867942425061276,0.03855491905750526,0.000303383721670815,0.11968549940029831,0.11930024376364631,0.0009387583435272415,3.2858360233617043,3.275259246262915,0.025772595659867243,2.3113494887255563,2.3039752967236726,0.021023331413184843,0.12080070283339192,0.12041685221833315,0.0010363581110050043,3.3164527282440543,3.305914524494482,0.028452091784770057,4.376990074296271,4.492081859166706,0.1945808760436044,3.3521951359183837,3.3481135935881463,0.019423696105207347,20,1.0,0.9932116625573448,0.993258586946138,0.00011323933181365096,0,0.0,0.11968549940029831,0.11930024376364631,0.0009387583435272415,3.2858360233617043,3.275259246262915,0.025772595659867243,28.040644823709393,28.042785187805762,0.039588516454980245,1.0213712904025258,1.0214492524626992,0.0014419987268821722,20,20,5855.8,5856.0,0.5231483637805969,84.9504894920883,84.9504894920883,0.0,153.67050225201808,153.67050225201805,2.9160058604848984e-14,27.453919144974673,27.453919144974673,0.0
front,log-0071_183,60.0,oracle-power,full_log,1.7599237878816492,1.7179060042954997,0.12961097627832013,0.03232883086044923,0.03159280725950717,0.0016178285102844744,0.11331344940222896,0.11073366625373818,0.005670533828857919,2.5615564496600283,2.5032380399954937,0.12818771804188547,1.7812013541760519,1.74952308321441,0.13032089313675319,0.11448575710302455,0.11183025523904008,0.005847855674589037,2.5880575611150296,2.528027459104563,0.13219624412589712,3.850822561237674,3.616971297211923,0.7601513605833032,2.66422323823647,2.5786360361782217,0.2321730814469748,20,1.0,0.9935878246963984,0.9938862654275683,0.0006823952286263843,0,0.0,0.11331344940222896,0.11073366625373818,0.005670533828857919,2.5615564496600283,2.5032380399954937,0.12818771804188547,22.448133846567227,22.41219847071392,0.21388193395306274,0.9930194898242657,0.9914298463892968,0.009461317826611955,20,20,5855.6,5855.0,0.8207826816681233,79.2344288822956,79.23442888229562,1.4580029302424492e-14,152.4462174422029,152.4462174422029,0.0,22.60593480450205,22.605934804502045,3.645007325606123e-15
front,log-0072_184,60.0,oracle-power,full_log,1.7733932984832936,1.7654493076986457,0.036950365469826586,0.03504361975329645,0.034784165428269204,0.0007006374243239026,0.11572303626092983,0.11486625141751028,0.0023136847914568682,2.4821117308617535,2.46373478726099,0.04962559182635624,1.8639180499950794,1.8626739816644362,0.09549205067866898,0.12077893607204782,0.12146900593547223,0.0036747978448511166,2.590554342088629,2.605355461714093,0.07881973316603987,2.8981598404941797,2.8843420576254433,0.19292921371547683,2.5357822921901376,2.5015592419436263,0.06747423285009481,20,1.0,0.9934562664959969,0.9935073710539615,0.00012240052961059908,0,0.0,0.11572303626092983,0.11486625141751028,0.0023136847914568682,2.4821117308617535,2.46373478726099,0.04962559182635624,21.343313939680904,21.100588055749242,0.4100449096375921,0.9950853792196472,0.9837688152155207,0.01911744800066929,20,20,5856.6,5856.5,1.1424811411549587,70.82920509740634,70.82920509740632,2.9160058604848984e-14,152.19039707482895,152.19039707482895,0.0,21.44872629564559,21.448726295645585,3.645007325606123e-15
front,log-0073_185,60.0,oracle-power,full_log,1.6933910451884722,1.6179213685027163,0.1252688366641383,0.03807430492040671,0.03707376929507115,0.0017924983434749351,0.13462582731829342,0.13108806250278832,0.006338042755119212,2.6074463216907144,2.5389265432875243,0.12275583814598741,1.703664783091464,1.6708568455184296,0.1371356934674314,0.13587975338849204,0.13223462982006515,0.006810761841120741,2.631732485679749,2.561133372345191,0.13191150809833238,4.601417145486404,3.3705895129166716,2.51081352679889,3.2188933604820953,2.984069276123992,0.4586105543754119,20,1.0,0.9910283966787375,0.9915148031176204,0.0007818814700508832,0,0.0,0.13462582731829342,0.13108806250278832,0.006338042755119212,2.6074463216907144,2.5389265432875243,0.12275583814598741,19.031996685955363,18.944702614473712,0.2963147736098419,0.9826466140650535,0.9781395082061768,0.015299115158003076,20,20,5855.75,5856.0,0.5501196042201808,68.48309712131342,68.4830971213134,1.4580029302424492e-14,149.9043725573418,149.90437255734173,5.832011720969797e-14,19.368098778891632,19.368098778891632,0.0
front,log-0046,60.0,oracle-power,full_log_excluding_training,1.9015011422585673,1.9174695649716096,0.08890360937413724,0.041048043801958825,0.04123806228540534,0.0013464292524844334,0.1357768526531581,0.13605486471822503,0.0041045532725166095,2.7895486406201,2.7925994596115213,0.08861483545944468,1.9440705049898432,1.9578625013580333,0.09999968079944321,0.1369489812928138,0.13777690539559634,0.004887707157565508,2.813702541232863,2.8135478925211066,0.10621912218520692,4.7255234498526075,4.907523622780339,1.1447668608623471,3.460339907527549,3.4146282704593514,0.21627402434793458,20,1.0,0.9908449968689828,0.9907368660948812,0.0004897459367954797,0,0.0,0.13580419489471462,0.13605853918782634,0.004119955008133298,2.79011208617284,2.793669056220032,0.08897520077335802,20.422009681582445,20.37119313595096,0.39435664048512814,0.9939858406416382,0.9922805474454701,0.014952550314489391,20,20,5855.4,5855.5,0.8207826816681233,67.96338217745095,67.88339264503767,0.6651952234310726,164.60233950746485,165.8998005948889,2.957118966871205,20.54451298083722,20.537856340680328,0.12446093943692481
front,log-0048,60.0,oracle-power,full_log_excluding_training,2.2165691149544893,2.1226468718394784,0.22097379306439943,0.0459874986833307,0.041869011313219705,0.007725742181314361,0.16043594833579888,0.1453957191388359,0.027962212946808323,3.583975544096792,3.3128293995621867,0.5627069711203696,2.2656466699224738,2.2818866150968407,0.2561165966144456,0.16405571004542782,0.1530523472580143,0.0264280837858099,3.6656349018069476,3.4728270237902645,0.5288120205359,4.055879225815085,3.947654397184481,0.6230266781433661,4.103337216308432,3.85686853334463,0.602562211273418,20,1.0,0.9878232179122891,0.9898682231503347,0.00389130211842803,0,0.0,0.1605428320276649,0.14561056138536435,0.02789848861209256,3.5863866659972423,3.315460586766376,0.5612401336293862,22.546228344348055,22.505400777180803,0.6274010245377375,1.007301486670248,1.0195117294263216,0.04185891998188089,20,20,5855.7,5855.0,1.0310954828418377,78.06018167374744,77.73990426123005,1.2241175417244494,146.3450379565423,147.0280467770388,1.0359621649186919,22.39787810939162,22.513578517151423,0.47884790143389333
front,log-0049,60.0,oracle-power,full_log_excluding_training,3.245871447033754,3.401231959414218,0.4274509997240144,0.05667230670680852,0.058441626875042514,0.004608179679508261,0.17939132264433622,0.18323609929304707,0.010879358871691471,4.5978728619500355,4.763201464537861,0.4216127827825813,2.7764567489700216,2.8326518435663717,0.2353687635444785,0.1904442179026588,0.19560743323910357,0.014759907085131481,4.8835932013825225,5.0481653974078196,0.5214310465991308,4.683474049284021,4.780542914371292,0.3461143893725018,4.574266355504081,4.622395581708297,0.2873199217558767,20,1.0,0.988054453799942,0.987970510149625,0.0007352264367462638,0,0.0,0.18029966803218675,0.1843050712831391,0.011172042450234735,4.621353742176258,4.784337629801521,0.4293388171712111,23.022410043815473,22.996744385573123,0.2877423041882462,0.9009952974374895,0.8909000457563123,0.03171134027707002,20,20,5856.5,5856.0,1.3954814298487213,81.05893319285701,81.4217450046893,1.108392177328922,123.3453713560142,128.6836164750667,6.1796601500920065,25.581569871893,25.9312710329851,0.93655262316398
front,log-0054,60.0,oracle-power,full_log_excluding_training,2.350275797070108,2.345540500146551,0.03777085562289413,0.050878634229638744,0.05072876566285971,0.0012392100235278335,0.1702204516602696,0.16954204972506592,0.004046194530138566,3.0512612057800776,3.0276712405408075,0.0830884049055094,2.423882842657625,2.364922290817863,0.1487301586343574,0.17848670031848582,0.17412879048620844,0.009673699048755008,3.1990600791989694,3.1397621105449023,0.17037735944490248,3.8889607453522217,3.443834779197805,1.0867519130277097,3.316677725627622,3.2443424216590913,0.1610136124801395,20,1.0,0.9858461143731437,0.9860124954584613,0.00047722150604952645,0,0.0,0.17028357776568784,0.16962908705054056,0.004034240984378872,3.052389742908274,3.0278054841427284,0.0827907133717821,17.470201264318806,17.471362471384424,0.4666533775795352,0.9747455296464752,0.9740516202049423,0.02838019856635691,20,20,5855.25,5855.0,1.0699237552766379,59.973057143905876,59.8221183888146,0.8374122049589295,135.16759532229148,135.89296889344487,1.7227730960769903,17.92480779297973,17.93000438953287,0.18074459339421511
front,log-0055,60.0,oracle-power,full_log_excluding_training,2.7380993364650723,2.710106564319494,0.0755335978044219,0.046635247617370444,0.04644039207628557,0.0006261056112803164,0.1604170992823893,0.15995200300637388,0.003129741521046396,3.8119560038509093,3.7945961663047365,0.06828865783928059,2.7596288462171437,2.727554965926025,0.09075871377090014,0.1611851554220388,0.16055302723716378,0.0030411069795957687,3.830373464911768,3.815571053336794,0.07545989704285877,3.7236845881293137,3.708134975839436,0.14587454695123184,3.7623003964606943,3.758733400045624,0.026081788676273955,20,1.0,0.9872259264222188,0.9871444943635408,0.000379490984730181,0,0.0,0.160465754188201,0.1599698068233091,0.0031203819022738557,3.813122755228089,3.7961026462636056,0.0686622806820479,23.261301109588782,23.06987156897451,1.0904992987052333,0.9779954017392483,0.9767752764566481,0.017261701556606807,20,20,5854.6,5854.0,0.8207826816681233,81.7480449651637,81.72893681448238,1.5301338435137632,138.81342210364906,134.93422474103428,5.409742681952211,23.77509811972318,23.54693194767114,0.7650233481730837
front,log-0056,60.0,oracle-power,full_log_excluding_training,2.622776924376902,2.587401296598653,0.12378767947289011,0.049176024170364395,0.04863968051201607,0.0013827088905596391,0.16820366422067617,0.16601048072958674,0.005038582840317146,3.7667091083169297,3.695726536539901,0.12105412311204686,2.8365511967957238,2.802090137389479,0.2115323290549031,0.17355073775888674,0.17164704441134232,0.0074937999787144036,3.8860944719229678,3.863537364360585,0.1659335025743169,5.257366082863743,5.3333906983251484,1.0740503690481504,4.209358096852833,4.224920537676992,0.1262417792445691,20,1.0,0.9859368137669493,0.9862962977035331,0.0009878122992257753,0,0.0,0.16843327828178006,0.16618814407155819,0.00509540397578984,3.7718358989794067,3.6958458431134567,0.12179519445941125,22.17926483704712,22.202060176651976,0.3661525080102977,0.9905533253064533,0.9858961161492708,0.020072302227907336,20,20,5855.1,5855.0,0.7181848464596078,76.59958119563574,76.71771494413488,1.4021652615536975,147.89901463657944,148.7314640450589,2.562719680097263,22.394520265140386,22.47884671709854,0.3277632316964337
front,log-0058,60.0,oracle-power,full_log_excluding_training,2.4779085095090347,2.470565933877303,0.07910616602451902,0.04357287303746572,0.043599299973439753,0.0007196408790759117,0.1496900399010755,0.14956944331019295,0.002775235175618879,3.524071317834276,3.5411739779042612,0.06846915265869012,2.698847901055524,2.64695387285202,0.21115526131036877,0.15701738480943234,0.158481630971594,0.006460790345329965,3.6968668920969705,3.6933718082895175,0.161069514652585,5.557427485379432,6.067614723255743,1.244995166937064,5.557427485379432,6.067614723255743,1.244995166937064,20,1.0,0.9891121617202179,0.9892417331468374,0.0005548720767803114,0,0.0,0.1498595629961209,0.14960075866703373,0.0027644877985471216,3.5280692051528177,3.543167875709265,0.0686107276389555,23.669885092283028,23.772778910694893,0.7742754211407994,1.0051768989814378,1.0101333654288198,0.023297015323339047,20,20,5856.3,5856.0,0.6569466853317864,80.87892813351807,80.56586276049987,0.9647051921297297,161.00524535848066,161.1697294857218,0.33751430762206763,23.543440951704916,23.49991658111231,0.26573507408299535
front,log-0063,60.0,oracle-power,full_log_excluding_training,2.6096880961236213,2.6023385514797677,0.03908786092669491,0.04110185027158586,0.04077894833034734,0.0008303359868249753,0.11968706657214154,0.11890189815735938,0.0022502600688052146,3.5335229842674094,3.5237126277368285,0.041861688471013035,2.7066918982670063,2.706410463291328,0.032400589429919524,0.12309895900213041,0.12201693798353735,0.0025575425327987625,3.634205543769802,3.619951616294387,0.050158722822466265,4.548808910787693,4.753047136702203,0.38937346208640194,3.396418169737989,3.408224333672192,0.03743465658414774,20,1.0,0.9937001812912145,0.9938301670222289,0.00025416746945060547,0,0.0,0.1204519584738005,0.1195857502290974,0.002312193133772023,3.556094296669375,3.5418128397049324,0.043388389658256,30.582615458048014,30.74004835405275,0.34177327769311516,1.0357265253279322,1.035738746834957,0.0019773943949272844,20,20,5855.8,5856.0,0.5231483637805969,85.98611950548926,86.59697804419193,0.9784912729391041,131.5502176359828,132.7107428223022,2.710831324321653,29.52751965025247,29.67602625427063,0.3084898340772485
front,log-0071_183,60.0,oracle-power,full_log_excluding_training,1.7683038045072688,1.7329891703313152,0.12510915427439592,0.032388370150237177,0.03168468467258227,0.0014236341162784014,0.11302432092969654,0.1104251210466084,0.005277820931679326,2.5819995764908703,2.519832914719979,0.11605770958614442,1.8002715243933316,1.7851126933564287,0.12596015172199032,0.11455303978939302,0.11126440737920729,0.005606029032189815,2.616951960099242,2.539341967496248,0.12449365395336029,4.021787686814976,3.7136704013590682,0.7838037063606582,2.672171549392712,2.57407476916761,0.20670044078537383,20,1.0,0.9936351609115587,0.9939478569872819,0.0006167881082203082,0,0.0,0.11305246791731549,0.11043661842818081,0.0052800605073087875,2.582643140590327,2.5200953201484433,0.11612341168852207,22.68765281806473,22.635939516137107,0.20358363743468538,0.9930718281179376,0.9914067615520216,0.010600240721076886,20,20,5855.6,5855.0,0.8207826816681233,79.71710180586138,79.79088153122652,0.26597077727623547,150.04939735249746,152.4462174422029,5.785679680571518,22.846519721699845,22.82029949013166,0.10400852828874631
front,log-0072_184,60.0,oracle-power,full_log_excluding_training,1.7663078191012773,1.7491564085919022,0.04836905522442963,0.035155489686988395,0.03487766537757117,0.0007451298932288216,0.11508817418314823,0.11420832264682398,0.0026902686963104815,2.464793818386336,2.439294775527461,0.0773064357981514,1.9049152639257088,1.8921991540454406,0.08876292665193779,0.12249802875168576,0.12291761345377455,0.003958794635119048,2.6224323526080964,2.60166310882347,0.06635261896591264,2.8685410050949103,2.761643917136792,0.2602657012862586,2.5045992441972613,2.5006887754673066,0.06556913108625274,20,1.0,0.9935883330298324,0.9936128862244016,0.0001968286140100329,0,0.0,0.11530782622780575,0.1142888246170202,0.002590800978997394,2.46946633036762,2.44625920373056,0.0747037214800695,21.294474073499966,21.287745146370234,0.4363078886501294,0.9945437890051994,0.9818954959107938,0.022233599274933295,20,20,5856.6,5856.5,1.1424811411549587,70.10297616919058,70.04919659817094,1.1871979097520036,149.32964657743634,152.19039707482895,4.317340017738938,21.414201539774584,21.39144745822547,0.3073461024124068
front,log-0073_185,60.0,oracle-power,full_log_excluding_training,1.7352720380068831,1.6846323067537916,0.14987424262301652,0.03883572454876166,0.037754296077420174,0.002642329770665993,0.13833782123042085,0.13570556619190172,0.008381251670942544,2.6918212093099942,2.66450178911023,0.15873256597971017,1.7525294065029833,1.7022323565356845,0.15241931885897675,0.14021155410164032,0.13601538127225765,0.009089656994493892,2.728085231462652,2.690560720412652,0.1675289028129405,4.681654462391284,3.4911909949152324,2.5241457162776646,3.324188201833284,3.140672204059834,0.4681001186725465,20,1.0,0.9905956953710529,0.9909952799724695,0.0009746440623269557,0,0.0,0.13840918321293333,0.13570915510736176,0.008402403449464413,2.6932021489016007,2.665169462960205,0.15894368547504129,19.0789876892728,19.15058905031851,0.9769701671936799,0.9793552115538888,0.9749482049664946,0.019491227558159473,20,20,5855.75,5856.0,0.5501196042201808,69.41473951689797,70.86774493094704,3.046106845580862,147.83352609663945,149.90437255734173,3.904929769419391,19.473553765194403,19.57759085712553,0.7317865367185485
front,log-0046,60.0,oracle-power,training_window,1.8556075228322217,1.9296974620949348,0.22905998178808293,0.03985012259237473,0.04102189183332292,0.004252067140892129,0.13159378374572867,0.1368482607407791,0.014548318645824822,2.7018035282628747,2.8117597595060513,0.32445351716945825,1.8556075256071556,1.9296974621555678,0.22905998412819342,0.1315937837457287,0.1368482607407791,0.014548318645824846,2.7018035282628756,2.811759759506054,0.3244535171694585,4.279069337993311,4.708760529071986,1.2391789911587703,3.4116513225323595,3.5944199904188197,0.4741529532998405,20,1.0,0.9912005574625986,0.9905920210918739,0.0019084489891150814,0,0.0,0.13250607132845096,0.13728384163899884,0.014689507062755036,2.720192874091138,2.8328775903756735,0.3243664091104117,20.340245421140114,20.473247191367335,0.6846127548126797,0.9912005564905979,0.9905920202356516,0.0019084496561276836,20,20,5855.4,5855.5,0.8207826816681233,67.7609517898757,68.67320917405756,2.9672104591817074,137.47091454812778,128.48474116409312,15.143222857260133,20.52099924326507,20.68759980997414,0.6952344703791175
front,log-0048,60.0,oracle-power,training_window,1.5428757163745388,1.5402121572149667,0.33767850346494044,0.03419303135231094,0.035899396093299285,0.006004382039837921,0.11585669359088999,0.12253989569510176,0.02051677027519233,2.399558194259598,2.419659285301245,0.4112743517233449,1.5428757234537194,1.540212169281857,0.33767850881980116,0.11585669359089774,0.1225398956951658,0.02051677027519603,2.399558194259746,2.4196592853012455,0.41127435172334226,3.2449013825797075,3.3337793328970537,0.4873819359929588,3.0534725446390087,3.0032173880112114,0.19454467719267662,20,1.0,0.9930615371497626,0.9924611562206838,0.002537925913604747,0,0.0,0.11911306524226517,0.12660230488807306,0.024157176270176328,2.466589100315434,2.463042879640999,0.4811653406995353,20.630401332879355,20.46589889358522,1.7123990035201657,0.9930615155870288,0.9924609659249352,0.0025379335275191425,20,20,5855.7,5855.0,1.0310954828418377,70.33186800830086,69.62861118821735,5.353471826694977,138.89160921800473,138.76314595072665,7.249508807015334,20.77359651868489,20.63481267189303,1.709239902367156
front,log-0049,60.0,oracle-power,training_window,1.2740822603399224,1.1906369353139987,0.3086313165978919,0.030217730872893665,0.028607572293906633,0.004066096616567164,0.10187290807676978,0.09811740199686583,0.011158866142317043,2.041011169890393,1.86268344995124,0.4790181230070206,1.2740836153545103,1.1906369356147481,0.30863104875094366,0.10187290809679057,0.09811740199686585,0.011158866149258151,2.041011170245131,1.8626834522891178,0.4790181228740317,2.383434089766581,2.212620900209375,0.5145619612743295,2.2014814925257298,2.1418026371103904,0.35077423253500983,20,1.0,0.9947372373212143,0.9951748461540433,0.001233312961538478,0,0.0,0.12034433233635473,0.1204022216181324,0.0061939852627370786,2.390070399703314,2.2450414858144967,0.34570509313618125,19.773468281385856,18.466210645773383,2.748957259184774,0.9947371047556942,0.9951748461214867,0.001233350980676707,20,20,5856.5,5856.0,1.3954814298487213,67.0413332993435,64.64509530782601,7.737506939396019,119.10620370550131,113.38702968087262,6.608112855043488,19.879886575267992,18.555393413710753,2.780170446389553
front,log-0054,60.0,oracle-power,training_window,1.9476286040820032,2.030272953815084,0.2836270939719182,0.0431614173398425,0.04179241008815053,0.0048879959630105255,0.14334818471496427,0.14412341703134904,0.015215252910274741,2.5458728585454677,2.5341763059385256,0.26673668554394947,1.9476287188394952,2.030273156278944,0.2836271275646539,0.14334818471508243,0.14412341703135179,0.015215252910398155,2.545872858547388,2.5341763059385505,0.2667366855442575,3.0161616745245587,2.732827781591696,0.8689343502663092,2.804045944299557,2.798079320554466,0.33128661504861223,20,1.0,0.9895589480656067,0.9895595217544101,0.002166130954985887,0,0.0,0.1521069397285016,0.152050796041589,0.009370307008289948,2.7031887542910034,2.718847139211155,0.18549322357688425,17.68420656106688,17.783421810477634,1.9680064964009154,0.989558930637552,0.9895595166377373,0.0021661457493218636,20,20,5855.25,5855.0,1.0699237552766379,59.62648924377828,60.18852918166102,8.647468196971168,117.71247583067024,120.18887112377558,15.917666267894555,17.868519179554852,17.940717244292873,1.9670043688565286
front,log-0055,60.0,oracle-power,training_window,2.178288479578126,2.2401710316678236,0.19647648338579887,0.036720553727052845,0.03663921476635062,0.0009067567088742684,0.1262792333466639,0.12598496112875487,0.00354063613393326,2.929404389531353,2.9919774085545763,0.2403386410311956,2.178288479592508,2.2401710316801355,0.19647648336450266,0.1262792333466639,0.12598496112875487,0.003540636133933258,2.9294043895313524,2.9919774085545763,0.24033864103119565,3.196735573612778,3.324576877661215,0.26762044316575506,2.914941034727754,2.9441601505111894,0.10827131083705041,20,1.0,0.9919886349945972,0.9920321364774545,0.00045185921615867493,0,0.0,0.1269123935110056,0.12657605300520314,0.0036937770597711157,2.9434167123200234,3.005751296774317,0.2340640616437944,23.064216970436018,23.933204555344965,2.36340804507386,0.9919886350397457,0.9920321365506969,0.00045185918737471734,20,20,5854.6,5854.0,0.8207826816681233,79.86821549059381,82.11265192501037,7.270334697487285,140.06378222883157,143.60286825732166,4.978223136709413,23.249641717985543,24.120824965570165,2.3741949803432836
front,log-0056,60.0,oracle-power,training_window,2.2348170083194465,2.310847879101594,0.19662177358857907,0.039614195793251435,0.039021114649390495,0.0029633460993284777,0.1389267111493835,0.13525005966113912,0.012021978718992262,3.117812201536768,3.1697625761674075,0.2017034470657239,2.234816992044957,2.3108478811657798,0.196621816313228,0.138926711149385,0.13525005966113912,0.012021978718990793,3.1178122015368017,3.169762576167408,0.20170344706568336,4.2038633923511615,3.945351032042601,0.7828697906171427,3.598211237487205,3.6759715840526006,0.3974359470519314,20,1.0,0.9902319219546897,0.9908114416424364,0.0017192707859688804,0,0.0,0.1430967860097796,0.14007448873778774,0.009966977533501451,3.2126012581979806,3.2527630476586844,0.15933301459347382,22.281476895356793,22.222704670815876,1.083571160391026,0.9902319202106824,0.9908114403595258,0.0017192696872827115,20,20,5855.1,5855.0,0.7181848464596078,78.89524410772552,79.8156491242973,4.883144641613185,131.8265503644861,136.14620959402913,9.45583951734317,22.500102538231438,22.456558956969438,1.0684092163758085
front,log-0058,60.0,oracle-power,training_window,2.32708664530406,2.3524986024497405,0.27704297305027453,0.042867860576201414,0.043676029874567146,0.004348162868529457,0.1493220072590789,0.15628264449023344,0.016522388561999588,3.213408511389017,3.281918151719448,0.2805990418482951,2.327086640674243,2.3524986017986302,0.2770429845440953,0.14932200725907996,0.15628264449023344,0.016522388561997305,3.21340851138904,3.281918151719448,0.28059904184824425,5.010574477514783,5.27295225161853,1.3780087410942077,3.725585946987722,3.7843564291065066,0.3014076001392288,20,1.0,0.9886548702520482,0.9877120567312574,0.002327369742309857,0,0.0,0.15579863666619226,0.1592095737210751,0.01917002329189145,3.350318973116552,3.5406371450720666,0.3146279630629353,21.379894252409677,20.81642212482034,1.4670983250102407,0.9886548684576784,0.9877120556169627,0.0023273681658800105,20,20,5856.3,5856.0,0.6569466853317864,75.27874058528668,76.96713116772719,5.583610344405105,138.2364985409216,136.9977429230494,7.282947159354351,21.623021071691138,21.087477020179715,1.4474629704621809
front,log-0063,60.0,oracle-power,training_window,1.8670333021505652,1.8622379658112604,0.02796189442574488,0.03571939431185959,0.035683945094727804,0.0002494190744521819,0.11943186368228234,0.1195583056251423,0.0011075595726506855,2.917995690548854,2.9187975572257905,0.031129346374370332,1.8670333025812624,1.8622379661380912,0.02796189431789233,0.11943186368228234,0.1195583056251423,0.0011075595726506861,2.917995690548854,2.9187975572257905,0.031129346374370287,4.110288145491232,4.184398844585145,0.14484649048208006,3.2500299742602174,3.2391852541915815,0.035938817132518196,20,1.0,0.9928418039848917,0.9928271269764222,0.00013315446451463153,0,0.0,0.12084185607667756,0.12086880852772097,0.001014220107444278,2.9524579042947368,2.946674533557675,0.030609802693502212,24.259637182864275,24.15763079036041,0.36058675184877814,0.9928418038619169,0.9928271265716155,0.00013315446117649287,20,20,5855.8,5856.0,0.5231483637805969,81.69214764111413,81.34616137740744,0.6531850356636139,153.3286027416099,153.14450300523623,0.2574032464777531,24.434512512955116,24.33191015090215,0.36089908706003704
front,log-0071_183,60.0,oracle-power,training_window,1.6588398323944478,1.6483027395391519,0.2344332263577456,0.03447008736731874,0.0345229348626933,0.004105155373416243,0.11510900293398625,0.11547431318178358,0.01469660009416853,2.3764600938716973,2.273243187373382,0.3465680661413385,1.6588398324968316,1.6483027395181353,0.2344332264995237,0.11510900293398625,0.11547431318178358,0.01469660009416853,2.3764600938716973,2.273243187373382,0.34656806614133856,3.0370016628838292,2.446523518255786,1.1991252310247682,2.5878279585531074,2.5293431311116055,0.4878850376537984,20,1.0,0.9932480944453811,0.9933104604160816,0.0017621077544278131,0,0.0,0.11656146752549083,0.11643021214710628,0.01425910921708943,2.40630619046626,2.2890816635231914,0.33844709245417914,20.477345432390614,20.733138344549488,0.7004163601352574,0.9932480943676281,0.9933104605310223,0.001762107898880001,20,20,5855.6,5855.0,0.8207826816681233,68.77905987837455,69.20885850094389,2.444876479223805,129.8242944044611,130.64425526101547,11.701970125479788,20.616978642935237,20.87511092084815,0.7178829377871241
front,log-0072_184,60.0,oracle-power,training_window,1.661335826523652,1.6331718769199972,0.1778201127287592,0.033490610439878214,0.033715928653813586,0.0019137757572160901,0.11373305377975489,0.1136262716353116,0.00743745435752604,2.4174605336032755,2.4549567421341356,0.25134092709187955,1.6613358438094141,1.6331719842800838,0.17782010868468792,0.11373305377977105,0.11362627163531161,0.007437454357514918,2.4174605336036366,2.4549567421362024,0.2513409270919031,2.7591713638997044,2.8714838224890578,0.3352333029309195,2.572480038441976,2.517166021186454,0.3502262987178369,20,1.0,0.9934845619651902,0.9935229809074706,0.0008383403473961238,0,0.0,0.1186918970652729,0.12219391854081041,0.008888138653094128,2.5248932320830506,2.6072712740376938,0.29504607628610663,21.083879685472176,21.48508779711706,1.241972064943983,0.9934845567036612,0.9935229808949163,0.0008383366221837624,20,20,5856.6,5856.5,1.1424811411549587,72.07806799569256,74.19874074710384,4.912085496463841,138.82680796705085,141.31694139341133,10.890117088803164,21.222576640896794,21.6321190284415,1.257285078182413
front,log-0073_185,60.0,oracle-power,training_window,1.5006501384470587,1.5306618073699076,0.22799671615294673,0.03526536182240852,0.033925662447782494,0.004113969736104769,0.11681012049926778,0.11210133130112353,0.012419559213385308,2.154071454738724,2.1145938587324054,0.34768977221298714,1.5006501592742418,1.5306619872410603,0.2279967184192677,0.11681012049927138,0.11210133130112482,0.012419559213382652,2.154071454738806,2.114593858732406,0.3476897722130668,3.093535752904708,2.8301290317858605,1.314580596481961,2.4745473971168486,2.4906427668176,0.4579696385395318,20,1.0,0.9930794075987299,0.9936967172364037,0.0015053496886001192,0,0.0,0.11844189262757951,0.114924935901557,0.012882606513310427,2.183394073878134,2.153071677859244,0.35110751964446396,18.415879009329032,18.32910303849696,3.0319028806324186,0.9930794043760504,0.9936967178362577,0.0015053484447554218,20,20,5855.75,5856.0,0.5501196042201808,61.831027309495724,58.74513284317999,12.426937811790747,125.56570939103646,125.90022639012892,15.707460597510307,18.54272312012761,18.428594148072833,3.0434922668992366
front,log-0046,10.0,self-supervised,full_log,3.298144913112099,3.3070466548700184,0.7424126761242831,0.063724529043556,0.061587787413120175,0.013031698564305872,0.210235770851601,0.20318637353901614,0.04299332194828667,4.324067462896769,4.179077533595459,0.8842739929812291,13.714296567157097,13.142945028712528,1.766593980359117,0.6978989494031336,0.6694049430343222,0.0840956477507431,14.354180201018574,13.76812386375558,1.7296545337515141,6.7440584593240755,5.952131727528553,2.4396345271507007,5.693244233952322,5.389644826528459,1.3423771754855198,20,1.0,0.985372271940825,0.9881105622772179,0.008848200674396789,0,0.0,0.210235770851601,0.20318637353901614,0.04299332194828667,4.324067462896769,4.179077533595459,0.8842739929812291,18.230312054853282,18.263406418434492,1.7260467070929484,0.8863561312592807,0.8879651762378895,0.08392023554333171,20,20,37.45,37.5,12.08075895141134,67.85562055611665,67.85562055611663,1.4580029302424492e-14,165.89980059488886,165.8998005948889,2.9160058604848984e-14,20.56770570194259,20.567705701942586,3.645007325606123e-15
front,log-0048,10.0,self-supervised,full_log,2.8395403045490917,2.9146301053897528,0.4259380064502724,0.050685154009204536,0.0509163905583604,0.00701349551572502,0.17549950377768045,0.17630017017448663,0.024284526836659114,3.938238965540665,3.9562060568111654,0.5449489473713939,5.134642291702518,5.069908820113977,0.5144136379032439,0.26507376623707773,0.25769275939201214,0.02634141258554812,5.9483007784449375,5.78266971888945,0.5911058163628956,5.130166661934429,4.703656284360788,1.6031601530021353,5.130166661934429,4.703656284360788,1.6031601530021353,20,1.0,0.9877606362773552,0.9877899690725201,0.001821315530839499,0,0.0,0.17549950377768045,0.17630017017448663,0.024284526836659114,3.938238965540665,3.9562060568111654,0.5449489473713939,20.66245265316713,20.483899570710552,1.1578993063239738,0.920779622361696,0.9128227721950875,0.05159939644659927,20,20,38.3,37.0,7.705773638540198,77.7000493048807,77.70004930488071,1.4580029302424492e-14,147.02804677703884,147.0280467770388,2.9160058604848984e-14,22.440171514841165,22.44017151484117,3.645007325606123e-15
front,log-0049,10.0,self-supervised,full_log,4.051393232270481,3.765203492527203,1.2166717630432136,0.06967020920159257,0.06436356414707868,0.02069290456000411,0.2314774790189184,0.2138462872463665,0.06875164343584804,5.6097584253072075,5.1824739783991065,1.6661668886865848,14.631179401274384,13.314422417128306,6.345903261882359,0.6398867572302525,0.5843914600751364,0.2734664229888997,15.507383883861726,14.162478919023243,6.6273426551151715,8.545925578654,7.796975696589566,3.8075419385795644,6.858408422277006,6.346609022970665,2.58119321464776,20,1.0,0.9845919555272001,0.9868272936565073,0.005903390677718034,1,0.05,0.2314774790189184,0.2138462872463665,0.06875164343584804,5.6097584253072075,5.1824739783991065,1.6661668886865848,20.53352571350999,20.984018270557407,2.3319532670957517,0.8472822548099547,0.8658710911761855,0.09622422616668994,20,19,31.31578947368421,33.0,9.451940609554724,80.5187538489403,80.51875384894029,1.460026530009149e-14,128.6836164750667,128.6836164750667,0.0,24.23457542860456,24.23457542860456,0.0
front,log-0054,10.0,self-supervised,full_log,3.0570664287463223,3.002806188316055,0.5051593100480793,0.06890256728958988,0.06747996820621358,0.01335913961774882,0.22975608304075132,0.22501241664353008,0.04454614264905947,4.121969324615806,4.036864951679188,0.799185950157477,5.786401791720888,5.763787429726302,0.8886220537023245,0.3732738515718588,0.3675801334068607,0.05420296547518474,6.696768788435053,6.5946198863972025,0.972435454308703,7.56668167897286,5.889623424972006,3.9396621158687344,5.396239330479261,4.543532194978354,1.9065263244319326,20,1.0,0.9754383581413485,0.976546282622595,0.008868343579781732,0,0.0,0.22975608304075132,0.22501241664353008,0.04454614264905947,4.121969324615806,4.036864951679188,0.799185950157477,17.01926653307266,17.322715077896405,1.426631546580657,0.9486436474705654,0.9655576862642961,0.0795195816056423,20,20,32.95,37.0,9.986701684055442,59.823160250207,59.82316025020701,7.290014651212246e-15,135.8929688934449,135.89296889344487,2.9160058604848984e-14,17.940631952211263,17.94063195221126,3.645007325606123e-15
front,log-0055,10.0,self-supervised,full_log,3.3329246766062264,3.2231996462790833,0.4438533856752223,0.0541933526202405,0.05369564388482534,0.007689437300003972,0.1868737087426004,0.1851574709982339,0.026515312246224585,4.429404125569274,4.388724724510105,0.6284834514412942,7.509469742334,7.094337433693634,1.052247518294746,0.3518574244654799,0.33247877787741126,0.04870449782306243,8.339957172286217,7.880631685984823,1.1544261899805355,5.096368697193964,5.097672234738589,0.9097667048209519,4.587142670881415,4.2402710539153325,0.8447374685938741,20,1.0,0.9845773302320471,0.9855635851565995,0.0034815377545094435,0,0.0,0.1868737087426004,0.1851574709982339,0.026515312246224585,4.429404125569274,4.388724724510105,0.6284834514412942,22.35905711814258,22.376128829467746,1.4161717698336813,0.943314226745553,0.944034471256886,0.05974737534507073,20,20,36.6,35.5,10.654378887278424,81.73334756770427,81.73334756770429,1.4580029302424492e-14,144.98409225186288,144.98409225186288,0.0,23.70266077220274,23.702660772202737,3.645007325606123e-15
front,log-0056,10.0,self-supervised,full_log,3.7426464475305488,3.686913926871653,0.9464375254913994,0.06784962741123157,0.06629333853926556,0.01776090960002485,0.2337774079742955,0.22841517987623478,0.061195611059055986,5.265766537795519,5.144983945792875,1.3784129260692202,7.04568216683798,6.658674003487802,1.594559724547018,0.35588962958243964,0.3352298396593866,0.0733038409443897,8.01630798648306,7.550952367232375,1.6511472005853292,7.424182458704988,6.637410308243805,2.564957699901895,6.069344669462806,5.936113133327087,1.7865250511509891,20,1.0,0.9757699517078164,0.9830614347234241,0.014702195768188561,0,0.0,0.2337774079742955,0.22841517987623478,0.061195611059055986,5.265766537795519,5.144983945792875,1.3784129260692202,21.096857289391743,21.346766338494316,2.3235454947497676,0.9366098132376302,0.9477047011915838,0.1031554359985653,20,20,38.25,39.0,12.17363415012348,77.60936557366924,77.60936557366922,1.4580029302424492e-14,148.73146404505894,148.7314640450589,2.9160058604848984e-14,22.52470238002855,22.524702380028554,3.645007325606123e-15
front,log-0058,10.0,self-supervised,full_log,3.3471463677747444,3.2466588476623577,0.598555746225656,0.056527181472765795,0.05527479736791089,0.008933739442730477,0.19412307078586946,0.18982219036155573,0.030679840902013186,4.541813296648312,4.441187462638146,0.7178029318396768,3.610478714208557,3.5537835223084873,0.6635385954308926,0.20343893413412406,0.20040452199647205,0.032625403828178884,4.759772511148546,4.68877768637833,0.7633224238390202,6.791597822830655,6.4980702364272975,2.2003598996868234,6.791597822830655,6.4980702364272975,2.2003598996868234,20,1.0,0.9860626737904014,0.9875860448403283,0.003368743125840413,0,0.0,0.19412307078586946,0.18982219036155573,0.030679840902013186,4.541813296648312,4.441187462638146,0.7178029318396768,21.843168678758254,21.44220453672599,2.1804542523567076,0.933605743490916,0.9164680089689434,0.09319548108416377,20,20,37.6,41.0,10.37912885503758,80.3474218652934,80.3474218652934,0.0,161.1697294857218,161.1697294857218,0.0,23.396566303333564,23.39656630333357,7.290014651212246e-15
front,log-0063,10.0,self-supervised,full_log,3.8505631388961854,3.2110112906098927,0.8363697207753091,0.05933359575711764,0.04989903490419657,0.012037271611850617,0.18359557250373357,0.15440227014255703,0.0372468539073084,5.040418002892837,4.2389474402942975,1.0225721155759289,12.725870317947361,10.826697562986284,3.5227969629286235,0.4942697010992707,0.419682821937983,0.13329213491435635,13.569640409790178,11.521938260020189,3.6593914945997947,6.8741127081228885,5.861932780021688,1.620616733345377,5.79743627404623,4.858049035041172,1.2584658674333864,20,1.0,0.99189215514357,0.9922793022136072,0.0015067281798434497,0,0.0,0.18359557250373357,0.15440227014255703,0.0372468539073084,5.040418002892837,4.2389474402942975,1.0225721155759289,23.71757712462572,24.717049575899328,1.3998533017467656,0.8639049674249195,0.9003104236366807,0.05098919736576128,20,20,24.65,27.0,4.475371198953339,84.9504894920883,84.9504894920883,0.0,153.67050225201808,153.67050225201805,2.9160058604848984e-14,27.453919144974673,27.453919144974673,0.0
front,log-0071_183,10.0,self-supervised,full_log,2.6760011467965357,2.381131335086327,0.6023870949525865,0.046053661232492035,0.043148572890189744,0.009359412104505319,0.16141936076753205,0.15123694550155975,0.03280499918219855,3.649035545695225,3.4188525300402883,0.7415876727745234,8.131659193627202,8.268029990391613,1.227663856581871,0.3882438869696314,0.39419451643791714,0.05579125713735777,8.776615997081949,8.911135538887764,1.2612135215083191,7.051178928664896,6.031653115476376,3.2887428413206323,4.6002226444632335,4.634230631193917,1.4182453825636006,20,1.0,0.9893038862521717,0.9911932648414357,0.004864521583577249,0,0.0,0.16141936076753205,0.15123694550155975,0.03280499918219855,3.649035545695225,3.4188525300402883,0.7415876727745234,22.19641387466948,21.805640410407555,1.767227916909898,0.9818843620768558,0.9645980402484791,0.07817539651392558,20,20,42.4,44.5,8.923062962434981,79.2344288822956,79.23442888229562,1.4580029302424492e-14,152.4462174422029,152.4462174422029,0.0,22.60593480450205,22.605934804502045,3.645007325606123e-15
front,log-0072_184,10.0,self-supervised,full_log,3.3299756516374224,3.024891654973377,1.0314235472527589,0.0619663400887563,0.05532417582665278,0.017817147145101263,0.20462877612332572,0.18269464314375097,0.058836797672561315,4.3890266112821505,3.9185673964709578,1.2619743693910446,3.7164438564225635,3.2711983000587623,1.3638675321914877,0.22560326815785886,0.19650713865743863,0.07191754470204458,4.838902750121049,4.214827832203877,1.5425397321690102,7.0797484219904545,6.18307667866652,3.3967061734528414,5.6621744819097,5.184516473708318,2.2368549806161746,20,1.0,0.9875924941259043,0.9883000214956115,0.0031660986588057365,0,0.0,0.20462877612332572,0.18269464314375097,0.058836797672561315,4.3890266112821505,3.9185673964709578,1.2619743693910446,19.012155213095333,19.37583859059579,2.2370701724226683,0.8864001969643805,0.9033561398249264,0.10429850899243502,20,20,41.15,40.5,8.080353040750008,70.82920509740634,70.82920509740632,2.9160058604848984e-14,152.19039707482895,152.19039707482895,0.0,21.44872629564559,21.448726295645585,3.645007325606123e-15
front,log-0073_185,10.0,self-supervised,full_log,3.2404977694129515,2.73145580919273,1.252959256896287,0.06954838273941069,0.054129240130030745,0.029482017793689974,0.24591410360650284,0.1913940057434964,0.10424460918683429,4.762888649773339,3.7069380089277906,2.0190198878975605,9.42772480929688,9.419932332182015,1.6101043874582477,0.5261318751977176,0.5302500568558073,0.07765283765905573,10.190174129552881,10.269935478696178,1.5039878302418275,8.965235371664388,5.85486948211755,6.012468358077902,6.7781145036974575,4.922987476786524,3.6848084361140425,20,1.0,0.9763843070876073,0.9858701892256451,0.018265077577081398,0,0.0,0.24591410360650284,0.1913940057434964,0.10424460918683429,4.762888649773339,3.7069380089277906,2.0190198878975605,16.944153785809526,17.438942157619483,2.5460306756760693,0.8748485837069435,0.9003951475415519,0.1314548580499221,20,20,35.45,36.5,7.0968858997227935,68.48309712131342,68.4830971213134,1.4580029302424492e-14,149.9043725573418,149.90437255734173,5.832011720969797e-14,19.368098778891632,19.368098778891632,0.0
front,log-0046,10.0,self-supervised,full_log_excluding_training,3.303801286163605,3.302078939983509,0.7394122616510573,0.06371868729210624,0.06179385986054616,0.01299452470255204,0.2103032106185045,0.20354009232046635,0.04285597891888557,4.33277322171609,4.1884908752063765,0.8843568395762446,13.71992255041246,13.146869573652417,1.7654702132956988,0.6969370018255155,0.6682415213926587,0.0826099146020842,14.361049222891726,13.771138823849524,1.7302356784407538,6.748501319668209,5.953668793331006,2.4390449756704484,5.700325332956697,5.396193547879037,1.3418324353419766,20,1.0,0.9853663070039327,0.9881497811681845,0.00882082821999915,0,0.0,0.21030618261367282,0.20354132256203739,0.04285622700081254,4.332834481878969,4.18851621548958,0.8843621991599475,18.26278557311793,18.242423392135876,1.7642420023538798,0.8863110210285224,0.888266937899345,0.08393931547644108,20,20,37.45,37.5,12.08075895141134,68.00052040674498,67.95782065085487,0.25713204324136435,165.88456459537832,165.8998005948889,0.068137461221518,20.602252475399418,20.60449001269179,0.06724233612272018
front,log-0048,10.0,self-supervised,full_log_excluding_training,2.8495269798637137,2.927163327901753,0.4327535994182822,0.05078062250387862,0.05103554293998302,0.007085638553570845,0.17598158025686675,0.1765729370327645,0.024518035002948996,3.9523449568140867,3.9628408063657385,0.5544095932608064,5.1228165559070415,5.0426913687504396,0.5114391420078179,0.2645466819929305,0.25695842751941345,0.026841076958721552,5.9403668336063955,5.789496719004803,0.5919351443769607,5.139691080875187,4.715436635059342,1.6073186996419753,5.148186899604008,4.715436635059342,1.6012594492358294,20,1.0,0.9876970239798544,0.9877252826995172,0.0018671946311689938,0,0.0,0.1759933257892986,0.17658335467561287,0.024513992075159707,3.952608518475641,3.963074703674044,0.5543167028782454,20.680148547029713,20.520325230360093,1.157485687727206,0.9208660045717881,0.9136876598326549,0.05227088160068255,20,20,38.3,37.0,7.705773638540198,77.83281676542376,77.76457297351295,0.39767883905955415,146.92236700141606,147.0280467770388,0.47261432427890737,22.458640409104788,22.452226624125366,0.12514781160325766
front,log-0049,10.0,self-supervised,full_log_excluding_training,4.136112071691246,3.8569860716731315,1.2212283608968568,0.07048729265524056,0.06525638798775485,0.020556238129610268,0.23257321843125753,0.21457297528542613,0.06853723164502658,5.692319326135375,5.277142988022282,1.6684606235201151,14.621790258601791,13.22218969778813,6.384501532781895,0.6343620668292965,0.5750396334349271,0.27393889266259364,15.522429339855556,14.104413359536046,6.665886258227837,8.57004075965942,7.827164898332512,3.7906064197289626,6.902155730978461,6.3799270051660955,2.585831121789268,20,1.0,0.9847032608797441,0.9870051981313279,0.005720774489501002,1,0.05,0.23258578984117473,0.21460090060784692,0.06853956430905091,5.692627131713287,5.27721917017108,1.668517706786144,20.68986621729717,21.065188961607472,2.3554661355839963,0.8452913992420973,0.864704924113817,0.09655920687013071,20,19,31.31578947368421,33.0,9.451940609554724,80.71242688365282,80.86783762859386,0.5757331593858593,128.3260023670496,128.6836164750667,1.5588037576309761,24.477041163348655,24.512286909601894,0.1751399297449588
front,log-0054,10.0,self-supervised,full_log_excluding_training,3.0629429709544294,3.00891204264772,0.5102753498742181,0.06897306226426828,0.0674755918316643,0.013380581070861859,0.2299846459739469,0.225125806637331,0.0446810608029042,4.128772695406566,4.043680055384373,0.8082090327439531,5.791227335990122,5.769403809327356,0.8944924584454967,0.3734456479881706,0.36785776670756043,0.05452646229687349,6.702553339422122,6.581396260122882,0.9773704098158198,7.567425804219473,5.892574014251944,3.941877912433902,5.401009685182034,4.5442361707935275,1.909491047000984,20,1.0,0.9754242719375368,0.9765957710079299,0.008897401855870533,0,0.0,0.22998734343951552,0.22512958422230825,0.044680972858882534,4.128821074043666,4.04374797158906,0.8082072858754319,17.019852880775044,17.287672703016156,1.4158279767226492,0.9483801900894508,0.9646165163837132,0.07999140180456585,20,20,32.95,37.0,9.986701684055442,59.84472586433967,59.86582400427075,0.22914706121705997,135.8929688934449,135.89296889344487,2.9160058604848984e-14,17.948118306194267,17.941642187663014,0.05243071755449171
front,log-0055,10.0,self-supervised,full_log_excluding_training,3.348119777713832,3.2403350570962477,0.45057438496861996,0.05443439231077711,0.054052323810435475,0.007861491666268898,0.1876240432991394,0.18642178483731187,0.027152591153196785,4.448577893079933,4.39780334324891,0.6340377309367974,7.524424843086033,7.07827313877616,1.078719208925364,0.3522541911990281,0.33037152706996753,0.04951277435189217,8.356263312083746,7.883870067140757,1.182687952282874,5.1054998170409265,5.119400146551454,0.9202576632892289,4.598342710758361,4.237563432203795,0.8577972104491483,20,1.0,0.9844722133269135,0.9854550799439734,0.003599645955238463,0,0.0,0.1876360001827953,0.1864347381292839,0.0271542530194415,4.448861078351371,4.398109444009027,0.6340734778603593,22.35878661169446,22.36962303754165,1.481963473910059,0.942550640451955,0.945280814827026,0.06023195514819178,20,20,36.6,35.5,10.654378887278424,81.74929892622666,81.85929411594913,0.4567193821618326,143.92983488637552,144.98409225186288,3.078740183586447,23.71852796707545,23.707631890510285,0.16046508541808693
front,log-0056,10.0,self-supervised,full_log_excluding_training,3.768573745700609,3.702317967366434,0.9698909928740703,0.0684792277807155,0.06672946071129128,0.018117632811534955,0.2351636895374988,0.2293852383693452,0.06199555154719725,5.30502132313908,5.178072319910433,1.4067259485220234,7.086713316401384,6.685010260285485,1.60869060157513,0.3573242589639992,0.33699184630842616,0.07457825824946927,8.056440138595189,7.614053023988827,1.669748979205196,7.444754628554975,6.6264507884820985,2.561550531299424,6.093005826221099,5.961899134730839,1.7973726821850529,20,1.0,0.9754512534235017,0.9827732320425873,0.015022188396081921,0,0.0,0.23517340076777643,0.2294099487124603,0.06199459705819059,5.305240622903119,5.178629632845247,1.4067067925553114,21.112369512721717,21.228676043536097,2.3149270752705715,0.9362739267548935,0.9470090953949815,0.10386607954925835,20,20,38.25,39.0,12.17363415012348,77.47154590819605,77.62754630893585,0.47780187122104784,148.73146404505894,148.7314640450589,2.9160058604848984e-14,22.553869036982128,22.604706452395806,0.1323908890725074
front,log-0058,10.0,self-supervised,full_log_excluding_training,3.3438665561676886,3.253769825268325,0.5982415509995287,0.05643604202768504,0.05566937404389394,0.008943917849132182,0.19395378882524,0.19104303445503162,0.03077773321184763,4.540034596052066,4.455344036644556,0.7204863713968294,3.6117499330420615,3.5561130683950064,0.658934730850085,0.20345199317678025,0.20094230460247411,0.03256615991760039,4.762207671789158,4.681447520191634,0.76161678945407,6.789083771232514,6.50548606618901,2.192839527169089,6.789083771232514,6.50548606618901,2.192839527169089,20,1.0,0.9860959263225146,0.9876021447351764,0.0034370520156999204,0,0.0,0.1939701186396495,0.1910483353696928,0.030777301188733498,4.54041632997513,4.455467713394601,0.7204721711691128,21.85571173040456,21.488345273038526,2.179870833926192,0.9336775644307173,0.9174165846366098,0.0932576262418492,20,20,37.6,41.0,10.37912885503758,80.44636719253812,80.3775305160897,0.3760406932332521,161.1286084539115,161.1697294857218,0.18389884486546154,23.408427701721642,23.395992974167257,0.08090968144470229
front,log-0063,10.0,self-supervised,full_log_excluding_training,3.877616819719485,3.1474485233073297,0.9403138131403906,0.05986940130337187,0.049451263871818515,0.013074089726023483,0.1833609618200465,0.15249411058801396,0.038254446572910515,5.050423324824533,4.140180346947707,1.145500101443314,12.60078514959332,10.757576917866896,3.473034647291445,0.4892574233230155,0.4271373562993691,0.12545566740947017,13.463537039307699,11.42866611476165,3.6395620052654563,6.976723255829748,5.919794461565383,1.6194839331135416,5.78351716014973,4.78109265645077,1.3159249323825877,20,1.0,0.9918222852191523,0.9921645298673716,0.0015818552118036645,0,0.0,0.18342791912903555,0.1525581195433658,0.03826522392875172,5.052270821273487,4.141918538479839,1.145832569164245,23.733343038586852,24.224092959198167,1.1416110143017244,0.865430275332652,0.9048232345889177,0.05340448398992823,20,20,24.65,27.0,4.475371198953339,84.21490015538143,83.76913250070977,0.7476622009166591,153.67050225201808,153.67050225201805,2.9160058604848984e-14,27.44911907005716,27.359687913179087,0.5364857609651799
front,log-0071_183,10.0,self-supervised,full_log_excluding_training,2.682115070758185,2.3863921337849034,0.6094218430011762,0.045961148530570636,0.04283794713679438,0.009464581222814161,0.1614068062688681,0.15051194401883283,0.03318220330964785,3.654853096447078,3.4079912791888924,0.7503002513474936,8.12731746817111,8.263513704407275,1.2197728821146192,0.3874477802826754,0.3934464746986271,0.05518835933905801,8.774587655411528,8.908570033014474,1.254483080081564,7.072232682486385,6.061775197392668,3.2800678412758124,4.599191262594352,4.634113366074131,1.4276031266345635,20,1.0,0.98931089814473,0.9912644505897629,0.004945078543409983,0,0.0,0.16140931229330205,0.15051259223730667,0.03318304985652013,3.6549098759981966,3.40800596353881,0.7503196602498586,22.240318534642476,21.855324433882366,1.76534157963784,0.9821776222568209,0.9650223070296517,0.07846231273919566,20,20,42.4,44.5,8.923062962434981,79.52790511021456,79.52756533995833,0.1105107395237359,151.6634824930142,152.4462174422029,3.5004971095016773,22.644800222022035,22.64976698452253,0.03703623008685657
front,log-0072_184,10.0,self-supervised,full_log_excluding_training,3.336154021776615,3.027243914237543,1.0402391313921908,0.06222976343123175,0.05541261345032997,0.017943852180406335,0.20501001696991472,0.18252337058986134,0.05900770240229172,4.396397448774211,3.920839879947094,1.2733419005043718,3.728050758974109,3.2693466296332843,1.3717014163529166,0.2263312445552735,0.19683298462108018,0.07185221640743443,4.854128576898228,4.237581291052394,1.5518671707666338,7.084169102197265,6.181487971483491,3.4004110023741854,5.665966270539105,5.185830297587714,2.2439225284396485,20,1.0,0.9875535466025948,0.9882518476653857,0.003225978936842099,0,0.0,0.2050150841617246,0.18252809080266882,0.05900603710460895,4.396506191126376,3.920941292892016,1.273306289574745,18.996546581194025,19.383618391226285,2.2395510497168774,0.8860653737047827,0.9030409490625811,0.10450625968998961,20,20,41.15,40.5,8.080353040750008,70.64592922180914,70.64673744235142,0.38609724580049415,151.72642722491187,152.19039707482895,2.074936247849972,21.440541571863143,21.462307783880355,0.11177788116213497
front,log-0073_185,10.0,self-supervised,full_log_excluding_training,3.245637237862676,2.7291408539112743,1.2602083068064038,0.06938223126069241,0.054067330366570535,0.029540255242863578,0.24638365661555808,0.19200380314505555,0.1043189555225681,4.771009885088673,3.7128470192943257,2.0211784229956464,9.424358661526663,9.40698321087507,1.6192513656074694,0.5260401806107765,0.5269803747198121,0.07816593970947879,10.184938311547835,10.27696691512065,1.5136155258335768,8.968296206200568,5.861901083076635,6.01311136835838,6.786845749051535,4.919789117567132,3.670392650351199,20,1.0,0.9763086517172217,0.9857634716869003,0.018480045162081564,0,0.0,0.2463901580182258,0.1920057845695839,0.1043165208322579,4.771135739124539,3.7128852957955116,2.021131001940946,16.91799738978364,17.48878735993694,2.5308692819583323,0.8738321575157931,0.9006277992924578,0.13108348833414632,20,20,35.45,36.5,7.0968858997227935,68.79186250894087,69.08531575241426,0.7699073768809012,149.0846371552133,149.90437255734173,2.52309233106492,19.36180460103441,19.406751790883266,0.15343700771655036
front,log-0046,10.0,self-supervised,training_window,3.0101987778955595,3.0129086241450027,0.9401963126993903,0.06188060846932283,0.05925334013673299,0.016377740777676165,0.2053842792445139,0.19193490709412608,0.055292523210695166,3.823940815169204,3.751551878273496,1.0731654166684608,13.49776778945719,13.220410657031378,2.0232161397423445,0.7750806859413608,0.7190113726038443,0.19649060419961736,14.060025081363538,13.671301194360286,1.9291700956516524,5.4437863405206794,4.736011511202934,2.026923324798109,3.659608119913391,3.405031260487047,1.1925152726543624,20,1.0,0.9862836698956834,0.9886085631745414,0.009382786523031634,0,0.0,0.21132713149979057,0.20676263691614988,0.056989935140933014,3.927642427732278,3.9118605645236313,1.0705355003413324,16.488820444296152,16.35452911801726,1.8434143795357365,0.8920281557184324,0.8775375016143212,0.09276924340142828,20,20,37.45,37.5,12.08075895141134,62.14052512936489,60.26770663873987,10.521430699881389,102.99309390934846,103.57336830570607,20.455235926011834,18.655881031746155,18.571171902595346,2.6647384877694593
front,log-0048,10.0,self-supervised,training_window,2.1384879276924194,2.2204470846514743,0.5528317766834414,0.0467516573578969,0.04438581654339423,0.011359220633425664,0.15830907308133907,0.14739002556138886,0.03487511273481099,2.9321590283598225,2.8873305770621114,0.746641417716727,5.544880044470751,5.749351940506211,1.4011322208166608,0.32702621583677743,0.32142970466263265,0.05122415552874928,6.098810971998773,6.315879907954068,1.3602600039957604,4.037568792149905,3.875778007688897,0.900553113331147,3.225368814669875,3.1326702670642055,1.3475288318981389,20,1.0,0.9890881853370251,0.9915771530566269,0.0059268826368027725,0,0.0,0.1799286285302573,0.17727377951706233,0.045478010248306625,3.3108899110846943,3.2411748764281523,0.7646223004675161,17.53845780770397,18.318110520054525,3.965229445781282,0.9303990930774934,0.9283018696451171,0.034404817669791136,20,20,38.3,37.0,7.705773638540198,64.21717906080882,69.05066580214078,14.613826159623299,103.93637396947045,107.40457314880943,18.49713747470652,18.82179169112078,19.968737807307654,4.065572793625453
front,log-0049,10.0,self-supervised,training_window,2.2734898282695766,1.7781266721840854,1.3307263532235247,0.05696655399814458,0.04964655349385504,0.028296389401124274,0.19548654683520827,0.16324888860672238,0.10792976703686025,3.167927423859697,2.5424132199881386,1.898321399965671,14.821676676574608,13.717345849552325,5.62360340186835,0.9672588937868997,1.0221542463798647,0.36928254307094804,15.170067097877913,13.856225565725019,5.871637256804493,4.737637850395871,4.396510294742278,2.6720929594501017,3.369357192717531,2.96122354486629,1.9073957935621886,20,1.0,0.982192168772251,0.9896204615470836,0.023004061812077453,1,0.05,0.2125047519601907,0.17927697184964897,0.10684021812617152,3.4188656118713987,2.7552475083112773,1.8595659185697504,14.456412222486778,13.825564668860167,2.9201448284515767,0.9025514602011363,0.9404485100801926,0.10966255596657491,20,19,31.31578947368421,33.0,9.451940609554724,54.60869133279516,48.988095644214994,11.436671387531733,92.24100296327224,88.82204263643621,13.93937528086906,16.096550332885833,14.635606787269843,3.072427638314222
front,log-0054,10.0,self-supervised,training_window,2.4246289577301345,2.3204639771460203,0.6180182565093935,0.060178795919877806,0.06046315630181123,0.015108890738865462,0.19747298498769056,0.20254868678222476,0.040527173906343895,3.19605963179709,3.160386767516224,0.7802491129582203,5.450666845503822,5.119488827991747,1.300307247601743,0.396769511060601,0.3926667512289178,0.13006012608815787,6.174464038135523,5.723981226001877,1.2956051933054837,3.930863670050818,3.687091938121944,1.0015679181331203,3.2901930863056172,3.3680855358230684,0.8604653433506481,20,1.0,0.9821586397066344,0.9832263393078526,0.00736662091651483,0,0.0,0.21489917546755258,0.21506059818708956,0.04553135603547455,3.4715455869193748,3.4039958412557896,0.8325216039449215,16.197934543888312,15.98066713264901,3.7795569247190235,0.9860978356211492,0.9804919973769167,0.07321343137935765,20,20,32.95,37.0,9.986701684055442,55.048797589008835,57.15806270452253,14.970301162967687,88.2180712010614,85.66300735757125,21.85751765640141,16.47181147105637,17.683580160551095,3.875013131714773
front,log-0055,10.0,self-supervised,training_window,2.818069231740899,2.773518998866702,0.47528159223953087,0.05179105590498836,0.05063462679533608,0.00571244839411827,0.16776691126889376,0.16658039600544675,0.01867309828877561,3.7402270329816303,3.640039064674212,0.7652363513564711,7.166914237892233,7.371686879515937,1.021092114178581,0.36153417992024367,0.3716811386620021,0.06468833852067628,7.883784568261094,7.946686901139659,1.0240604696035727,4.482051596939142,4.348891775207099,0.9928854852864019,3.9697394315989927,4.070634598229768,0.7961647689135359,20,1.0,0.9875736029778504,0.9879062830399165,0.002238310798973647,0,0.0,0.1766825582754221,0.17259395656917803,0.02336316784029244,3.9192824231233736,3.8631800722460743,0.7456890948087814,21.394762620208404,22.469651989407513,4.032571550001037,0.9571172670645695,0.9512842075967207,0.05543337850642501,20,20,36.6,35.5,10.654378887278424,72.71099604927409,74.54185951541183,14.730850455169847,117.67097535454627,121.9673704968526,18.461962020530144,22.32373632343834,23.158011791061647,3.9271180563651873
front,log-0056,10.0,self-supervised,training_window,2.7656500182125177,2.8250361373754367,0.570830869621078,0.05499067677581469,0.05307686346619502,0.013639941001887238,0.18474274042987532,0.17645264173917186,0.04487478073790224,3.637720424639568,3.6521420523484487,0.7606541956476345,5.8844258284537245,5.9587062510655535,1.6409604385792904,0.3333826524911529,0.34277319936461237,0.0774681474673276,6.65868689168551,6.852121179472793,1.6533326082042092,4.829717080613287,4.417054200101749,1.5400264178653418,3.9712858310070045,3.7795639180517404,1.1303278192443686,20,1.0,0.9846550726682655,0.9874949719115196,0.007759494572859767,0,0.0,0.1998723700972103,0.183928579775369,0.056985385403307,3.8884334878787192,3.7850543538321006,0.7144562954723525,19.288981416345457,19.438241105525048,4.032717070188463,0.9532768304017191,0.9529419900396133,0.07207288220945363,20,20,38.25,39.0,12.17363415012348,68.26240077599793,65.36716489563204,14.739010507648702,108.95886478363305,113.21630469803173,17.404764379842067,20.210340483230404,19.819635599045128,3.9239327524471768
front,log-0058,10.0,self-supervised,training_window,2.8770023506946045,2.723317819436571,0.8269587969383712,0.0527374993734286,0.05141521113705752,0.011271325382997001,0.17811683298102926,0.17181408147038169,0.03584876793228058,3.873081351378679,3.758341864198103,1.1090126541725698,3.560675381979152,3.4566992273730994,1.232302493152233,0.2077484794773518,0.2097997439990263,0.04952675209984363,4.526747148712208,4.308036492918973,1.4162800163000948,5.667493193874281,5.197938212227548,2.533687956902629,4.2354916464255705,4.2707488199007155,1.295459140250653,20,1.0,0.9889275052096778,0.9896040097691289,0.003964015307636033,0,0.0,0.20441023540959544,0.20115938639971867,0.04589471997996885,4.448165919418365,4.419851660602767,1.3324128458175892,20.23562318829469,19.21692401480901,4.076592991899315,0.9349618618352566,0.902430399834888,0.09113635890608701,20,20,37.6,41.0,10.37912885503758,73.27677406472385,72.82838528316915,12.068235056829527,118.41298338917488,118.969163431541,13.599114587831856,21.563304068055977,21.310043611537914,3.000230784572022
front,log-0063,10.0,self-supervised,training_window,3.2344108086999848,2.8996123080666925,0.7837753037099242,0.055404907822630266,0.055794887388071396,0.0073145698957628215,0.18233894101075854,0.17537074128888658,0.021205128040344128,4.243828133842125,3.5393239519329542,1.1802389659275239,14.194609734491786,12.450686112393756,4.154708678607583,0.699403420908887,0.6174863637196228,0.3399804582118891,14.728326325895912,12.911745255512475,4.003534751876055,5.364342958757954,5.36095691294156,0.8271694775055782,4.235019580497417,3.6366575188016954,1.259957351845607,20,1.0,0.9916206580297615,0.9929063605501205,0.002846961297110487,0,0.0,0.20080210333033643,0.18327618166444568,0.027733358417811427,4.595694267662043,4.201817196406314,0.9662433146375848,20.33572479197148,18.390323800742937,6.176400045167625,0.8622035420286689,0.8607059672401409,0.017074744081798095,20,20,24.65,27.0,4.475371198953339,77.26226496421903,72.52002491085736,20.90460869711789,110.87045641026832,119.55737000057597,17.08605041944629,23.576271389863376,20.572575549885403,7.141308982471886
front,log-0071_183,10.0,self-supervised,training_window,2.3303453526155646,2.3743050466296927,0.3845552480210275,0.048847287066562245,0.0488191493986597,0.008278861511092764,0.1624527170570978,0.16276117889971214,0.02720502531211964,3.2166769963163317,3.2451088616501984,0.5112332750177818,8.320588619225711,8.464488430710286,1.7762418127254613,0.4515118223362443,0.433968983883499,0.11889683315366423,8.828847824159997,8.842103706586318,1.7292306060517493,4.548773682967349,4.307535915788966,1.443700919510791,3.2351772100845593,3.1786649670940452,0.6413816878443559,20,1.0,0.9897833524396706,0.9908516831380064,0.0037472902949426882,0,0.0,0.16903041293275378,0.1660038637227118,0.030968722649376595,3.3404190412286043,3.3806209973827888,0.5375618522134399,19.22927353712037,18.757027378480778,2.9179355269488316,0.9629832134258665,0.9378024675535405,0.07991803059512372,20,20,42.4,44.5,8.923062962434981,66.27397344523645,64.52177717641982,7.22507697820569,108.83056735193301,107.54200519072413,13.105646838970587,19.904297823470507,19.801184787662248,1.9036313862511856
front,log-0072_184,10.0,self-supervised,training_window,3.018451493028797,2.907667383112161,0.9564717129468798,0.0579150925140277,0.05648422319940417,0.018095676279552345,0.19457698871927204,0.18507579054069334,0.06086009041026248,3.931636229159912,3.708489159905753,1.0519354170666257,3.314267785686824,3.1584441265485363,1.1879618433489605,0.21260412665346845,0.18793781628420697,0.08764245362351113,4.242367063589343,3.873320443228116,1.3034387515572887,5.313896096875853,5.6676478398862455,1.7791826381879854,4.071620695222507,3.449259799741465,1.327663795982367,20,1.0,0.9886910702336605,0.9895988231471994,0.0032905801271268013,0,0.0,0.2021120804098085,0.19360656363437478,0.05841075950962307,4.077258426480069,3.8345713108229553,0.9892586520281008,18.443135570728792,18.25030174941459,4.027347082043016,0.8894318771773755,0.9102401692195274,0.09869072409751707,20,20,41.15,40.5,8.080353040750008,69.29303865194731,66.3701150396015,12.007902191782302,115.25679578751335,115.18425685060916,17.211800771500307,20.62410612326217,20.040504556595028,3.4920270820180015
front,log-0073_185,10.0,self-supervised,training_window,3.038630690189289,2.557416601301202,1.5906487981866022,0.06945070146914288,0.06146816396224734,0.03703961490660244,0.22582023305961565,0.1980607239684321,0.11500975018291021,4.200533559304878,3.247093751093567,2.3847957431858857,9.528407965796834,10.010487596985755,1.7556495862928512,0.5653851437018576,0.5326124893618414,0.12347075386714562,10.266793636521928,10.276820944627424,1.761128881165455,5.7838305558820515,4.1602531359861645,3.9050784581119515,4.54350013073247,3.77405992128649,2.7825397246549994,20,1.0,0.9786763829473892,0.9828287378315699,0.026390256517348394,0,0.0,0.2322839436679145,0.21566260892385558,0.1143226288828079,4.31529450856568,3.6205974112622226,2.37046528032362,16.988663673061275,16.507988362235857,4.696148211656676,0.9072280369381259,0.9422862035691669,0.14559461026372278,20,20,35.45,36.5,7.0968858997227935,61.70355754644129,58.696165827154935,14.899990242908903,101.5876743949278,94.65161650018908,22.61327854911837,18.79248527977752,18.10030472651728,4.351091948584654
front,log-0046,120.0,self-supervised,full_log,2.726328511181857,2.841728885099598,0.39062703395233894,0.05910727397308657,0.059362998591308815,0.005678131572653862,0.1950028269047715,0.19584649672932108,0.018732917858957695,4.010760754824191,4.0281131074851375,0.3852931414617064,15.36374749443011,15.686745737144877,2.41800628757225,0.7734313767160882,0.7849541966535978,0.10743973120574318,15.90770893694479,16.144706906275964,2.209788772135543,4.933984671731871,4.963227059343628,0.2279392457252852,4.939520649101796,4.964496640593991,0.1935617349197848,20,1.0,0.983145358807332,0.9821805721252856,0.00334767857238816,0,0.0,0.1950028269047715,0.19584649672932108,0.018732917858957695,4.010760754824191,4.0281131074851375,0.3852931414617064,21.63924053578549,21.708790760991704,0.28212427776028104,1.052097927176277,1.0554794528658267,0.01371685699166897,20,20,163.4,163.5,14.787619288124993,67.85562055611665,67.85562055611663,1.4580029302424492e-14,165.89980059488886,165.8998005948889,2.9160058604848984e-14,20.56770570194259,20.567705701942586,3.645007325606123e-15
front,log-0048,120.0,self-supervised,full_log,2.5458914871227982,2.5621027960221268,0.1583103266137692,0.04810236483494095,0.047957429819636826,0.0022130397930684763,0.16655648629442865,0.16605464263304284,0.007662744508051533,3.7375561193562716,3.7262946615211376,0.1719533010350836,6.266962110483084,6.201712455687307,0.2305690708014664,0.32125053022103506,0.31780146943073206,0.013206648339135157,7.2089169973936915,7.1315194816941805,0.2963594538663853,4.045976831766716,4.082414201431922,0.22206351269436236,4.045976831766716,4.082414201431922,0.22206351269436236,20,1.0,0.9866671080045929,0.9865445472914771,0.001130548837537133,0,0.0,0.16655648629442865,0.16605464263304284,0.007662744508051533,3.7375561193562716,3.7262946615211376,0.1719533010350836,22.91492066217118,22.966127003977007,0.24757379899616996,1.0211562174119762,1.02343812251114,0.011032616164828939,20,20,220.25,228.5,51.36953326017691,77.7000493048807,77.70004930488071,1.4580029302424492e-14,147.02804677703884,147.0280467770388,2.9160058604848984e-14,22.440171514841165,22.44017151484117,3.645007325606123e-15
front,log-0049,120.0,self-supervised,full_log,2.4814612068620674,2.571026200365461,0.30913125215942755,0.04829293514679005,0.04977194157712159,0.003426210304290923,0.16045203553009496,0.16536599637317634,0.011383495656387023,3.888486957727225,4.00757471243209,0.27587418412590375,4.799400779067886,4.473486137828484,1.2294344549860654,0.24824330407402048,0.24306672372624638,0.046648634748869926,6.016071077227867,5.890618850327504,1.130509857462912,3.8781628678546767,4.03304643903482,0.22493389292071952,3.99300957390533,4.191240931489809,0.24766865823730014,20,1.0,0.9888099486554751,0.9886386444375046,0.0009217411167256837,0,0.0,0.16045203553009496,0.16536599637317634,0.011383495656387023,3.888486957727225,4.00757471243209,0.27587418412590375,25.2843282590513,25.7019918064496,0.6217620825741742,1.0433163285050868,1.0605505296417537,0.02565599238187174,20,20,133.3,134.0,9.330764057392987,80.5187538489403,80.51875384894029,1.4580029302424492e-14,128.68361647506669,128.6836164750667,2.9160058604848984e-14,24.23457542860456,24.23457542860456,0.0
front,log-0054,120.0,self-supervised,full_log,3.0828765905651716,3.1323071575702315,0.589326037096754,0.07188360125391347,0.07491525761070197,0.01565933560584229,0.23969636123351917,0.24980544014104142,0.052216161942088786,4.300304197174847,4.481667461230565,0.9367909433600756,6.844769065984859,7.196766161126243,1.1361613067361738,0.44773906678166153,0.473603057164579,0.08396764031636778,8.032721807756328,8.49673814003178,1.50643253081161,6.04364156718616,5.716491466571195,0.973212280112994,4.9372126171539445,5.250508679531053,0.9714304015121223,20,1.0,0.9777983237596267,0.9776388638556133,0.006383860755163539,0,0.0,0.23969636123351917,0.24980544014104142,0.052216161942088786,4.300304197174847,4.481667461230565,0.9367909433600756,19.467551808538865,19.825462633092073,1.1629012081694448,1.0851095914789894,1.1050593248833969,0.06481941167217978,20,20,171.5,173.5,13.743898167627162,59.823160250207,59.82316025020701,7.290014651212246e-15,135.8929688934449,135.89296889344487,2.9160058604848984e-14,17.940631952211263,17.94063195221126,3.645007325606123e-15
front,log-0055,120.0,self-supervised,full_log,3.5531438842326915,3.5262790048839117,0.17427222867904402,0.060840232857709876,0.06069767361290694,0.003127704982449962,0.20979399511513758,0.20930241130450766,0.010785194155063888,4.972675898259263,4.961024053954796,0.2556377984198231,7.146203136277018,7.50705199315568,1.34104673524906,0.3286979484633282,0.34236482300942106,0.05483844247736407,7.791015968945248,8.114957260127538,1.2998169993169137,5.075826305040745,5.086486389391355,0.38950951981129533,4.918540794222408,4.908704192511008,0.30612118785728815,20,1.0,0.9847140575852903,0.9847117852587295,0.00029584218462814013,0,0.0,0.20979399511513758,0.20930241130450766,0.010785194155063888,4.972675898259263,4.961024053954796,0.2556377984198231,26.08952238258638,26.10546693302934,0.44138629277015407,1.1007001548612143,1.1013728451805078,0.018621803560880754,20,20,175.75,175.0,7.580272179532175,81.73334756770427,81.73334756770429,1.4580029302424492e-14,144.98409225186288,144.98409225186288,0.0,23.70266077220274,23.702660772202737,3.645007325606123e-15
front,log-0056,120.0,self-supervised,full_log,3.431959451984272,3.565084233184651,0.5120043791883248,0.06512305987160541,0.06776452454258775,0.008365099815869737,0.2243829585660863,0.23348418413797062,0.02882213841127984,5.054159360851372,5.259161758151572,0.6492100896700673,8.120743203929617,8.450526136723926,0.8318899405288066,0.42089425659621194,0.4402119484476893,0.04933048502305896,9.480517863293043,9.915643122916673,1.1111544934068591,5.395916655558166,5.4100050860972235,0.5781944757568107,5.4231237447015985,5.515966896080155,0.5979719459154245,20,1.0,0.981445764749769,0.9816979565923172,0.00297398061424134,0,0.0,0.2243829585660863,0.23348418413797062,0.02882213841127984,5.054159360851372,5.259161758151572,0.6492100896700673,24.679811341897796,24.833446035444815,0.7917088112770743,1.095677577688221,1.1024982979337077,0.035148469352431495,20,20,201.7,207.0,15.825030140488467,77.60936557366924,77.60936557366922,1.4580029302424492e-14,148.73146404505894,148.7314640450589,2.9160058604848984e-14,22.52470238002855,22.524702380028554,3.645007325606123e-15
front,log-0058,120.0,self-supervised,full_log,2.709151669231474,2.715587366918235,0.11566866666473379,0.04950291792094187,0.04886550861923354,0.0033374149395153808,0.1700006649775014,0.16781170299901127,0.011461198306119313,3.9774318297569087,3.9262176356916885,0.2681526860847749,3.212285492079033,3.231920785620736,0.24372115177211645,0.19043807089763337,0.18937253746126775,0.017907198704438756,4.455596952435418,4.430667128743071,0.4189669617953704,4.695249287318768,4.6622497638520635,0.41055807186692655,4.695249287318768,4.6622497638520635,0.41055807186692655,20,1.0,0.9860474682212953,0.9858995250820989,0.0014385502116483241,0,0.0,0.1700006649775014,0.16781170299901127,0.011461198306119313,3.9774318297569087,3.9262176356916885,0.2681526860847749,23.748082573493626,23.585114395152146,0.511404829919686,1.0150242674759486,1.0080587933021483,0.02185811470321696,20,20,279.75,279.5,10.135269321065243,80.3474218652934,80.3474218652934,0.0,161.1697294857218,161.1697294857218,0.0,23.396566303333564,23.39656630333357,7.290014651212246e-15
front,log-0063,120.0,self-supervised,full_log,2.7992465589180724,2.799543226588113,0.000414792671068722,0.043817198461842774,0.04382159642876289,6.1491177849531385e-06,0.13558328185674987,0.1355968904581543,1.9027176521406412e-05,3.722292457505521,3.7226660669481557,0.0005223705657760533,3.278304971211803,3.2780990546441195,0.00028790694690413647,0.1581673801056247,0.15817409913316513,9.394361644128925e-06,4.342314464792295,4.342498928431124,0.0002579120449965494,3.70941518988989,3.709581877253171,0.00023305773979056266,3.7676547729863343,3.7678724900975293,0.0003044061460347779,20,1.0,0.9911345137171306,0.9911338296398275,9.564582877997908e-07,0,0.0,0.13558328185674987,0.1355968904581543,1.9027176521406412e-05,3.722292457505521,3.7226660669481557,0.0005223705657760533,27.952518159624077,27.95368564166578,0.0016323416516340519,1.0181613055686687,1.0182038307191046,5.945750925448842e-05,20,20,177.3,178.0,0.9787209698591858,84.9504894920883,84.9504894920883,0.0,153.67050225201808,153.67050225201805,2.9160058604848984e-14,27.453919144974673,27.453919144974673,0.0
front,log-0071_183,120.0,self-supervised,full_log,2.7802927148224654,2.63211052097508,0.43521674466346005,0.05269342623488068,0.05186458656077735,0.007975971358907229,0.1846919213772417,0.18178681531635515,0.027956000973633804,4.175133533572144,4.109460895359578,0.6319715354045614,8.9723606852449,9.148392788860855,0.9493070253711637,0.42990241262685486,0.4321426763935657,0.05069620817125006,9.718345912140817,9.76898916879597,1.1460351767547428,5.671462007429385,5.434825145102696,0.8951360274086729,4.748987843852268,4.587806222956975,0.6226495684256229,20,1.0,0.9882874776675171,0.9879102503695822,0.0021897356965126335,0,0.0,0.1846919213772417,0.18178681531635515,0.027956000973633804,4.175133533572144,4.109460895359578,0.6319715354045614,24.645136706196926,24.410980983996872,0.7721680331833501,1.0902064842409775,1.0798483316485257,0.034157757237695416,20,20,266.4,270.0,16.197465688707048,79.2344288822956,79.23442888229562,1.4580029302424492e-14,152.4462174422029,152.4462174422029,0.0,22.60593480450205,22.605934804502045,3.645007325606123e-15
front,log-0072_184,120.0,self-supervised,full_log,3.0875111765099446,2.5436149918837,0.7942580776588277,0.06266779032881364,0.05043305412070939,0.0184736393596139,0.206945145041173,0.16654290258389448,0.061004703638893966,4.438709774200797,3.5721331340043183,1.308473191097611,2.966014268255397,2.702487481596129,0.5473279813877481,0.21406252614280472,0.16683263394969827,0.06436493853156765,4.591368533391496,3.5783475027687075,1.3805459495996468,4.723247452486525,4.537008851427437,1.035683638149101,4.7636275037485865,3.8932644148851723,1.3882090157589158,20,1.0,0.9843824252117235,0.9880683992298089,0.005345031704873921,0,0.0,0.206945145041173,0.16654290258389448,0.061004703638893966,4.438709774200797,3.5721331340043183,1.308473191097611,23.13870867086319,22.635669866182788,1.6644922023361801,1.0787917357852943,1.0553386506115363,0.07760331216842918,20,20,246.15,220.5,45.64540099044971,70.82920509740634,70.82920509740632,2.9160058604848984e-14,152.19039707482895,152.19039707482895,0.0,21.44872629564559,21.448726295645585,3.645007325606123e-15
front,log-0073_185,120.0,self-supervised,full_log,5.753047192127665,5.9145965791385535,1.1382162167069858,0.10566880390329285,0.10436706400084539,0.02319663746539234,0.37363125018181814,0.3690284659238632,0.08202031570396966,7.2365269604022275,7.147379780236227,1.5885775764303605,11.169612221538424,10.334411601926861,3.532149640120775,0.6577667822865364,0.6487862431405262,0.17267490132500982,12.739692012799342,12.565756043531714,3.3443845454981553,9.011773824597075,7.113313094292739,4.802922909238,7.55534822985809,6.88634468981836,2.495758210035232,20,1.0,0.9514288371864617,0.9586520928119706,0.022462999744710554,0,0.0,0.37363125018181814,0.3690284659238632,0.08202031570396966,7.2365269604022275,7.147379780236227,1.5885775764303605,18.911062132009576,20.920018430619137,4.856914903986588,0.9764026065697191,1.0801276196205105,0.2507688007704664,20,20,50.45,50.0,0.8870412083230168,68.48309712131342,68.4830971213134,1.4580029302424492e-14,149.9043725573418,149.90437255734173,5.832011720969797e-14,19.368098778891632,19.368098778891632,0.0
front,log-0046,120.0,self-supervised,full_log_excluding_training,2.72414821296259,2.842357998249855,0.43231621507888496,0.05846167661120512,0.058780716865965046,0.006204124741594026,0.19418051013804416,0.1963034071196848,0.021483406843322513,3.993554953070982,4.051412177996677,0.45347920911551304,15.419393310098888,15.800180141174742,2.405819805240928,0.7764600945554327,0.7929674764225069,0.1082987890449747,15.95793507744738,16.263730041906275,2.205912622363621,4.939780069923508,4.931084268714262,0.23958622197319523,4.857192608209571,4.881762749931452,0.20478311428601517,20,1.0,0.9833270490335316,0.9824823563406766,0.0036272890733173137,0,0.0,0.19430499614513635,0.19647167897486625,0.021529962427516626,3.996120970077596,4.053915871098427,0.45447948850095266,21.652197009683672,21.57989022408306,0.3860038541438878,1.0530823824471096,1.0553951543329565,0.01402219003868526,20,20,163.4,163.5,14.787619288124993,68.2667317931337,68.50802713053545,1.3473867107425683,162.9359137893588,165.8998005948889,4.111801382307407,20.56138263146621,20.584879909264238,0.2915337090679282
front,log-0048,120.0,self-supervised,full_log_excluding_training,2.5837703197576554,2.6373074479242136,0.322393328088854,0.04952580870898233,0.05039559411546024,0.005933537057302242,0.17415396315719542,0.17852629371136103,0.022563554618266014,3.8052251360176164,3.8211417598126687,0.3719428942314055,6.252294707259391,6.445532606593817,0.3938547149391381,0.3300968977051903,0.322902904243213,0.0179156768194303,7.2390684238803065,7.2965224268378215,0.39693528899586167,4.077304210020445,3.9522230321787735,0.39257548299310396,4.170829775898198,4.238874962736696,0.23993796571479162,20,1.0,0.9856962538946249,0.9845642118383745,0.003483219593739028,0,0.0,0.1748932564288019,0.18067535160607584,0.022218381643756942,3.8213892909445297,3.8361104162401345,0.36023150860327025,22.670087738024176,23.059550677657263,1.1544444158863447,1.0326416482473535,1.0349949197525383,0.013742500045071673,20,20,220.25,228.5,51.36953326017691,77.06731817529878,77.18580879129624,2.864813618361262,145.88154371508466,145.80814846494485,1.1600967801059974,21.954791248184584,22.13414303858061,1.1106130730349142
front,log-0049,120.0,self-supervised,full_log_excluding_training,2.2283991115137582,2.108901537488231,0.3821680421252519,0.045634414434937945,0.04499035019785939,0.002527776068062324,0.13679710649650795,0.1362788080162594,0.008763395466088082,3.6887140745320446,3.6039226881002886,0.21301117924871849,4.6577024143524515,4.536728263039562,1.1688977840151211,0.21176988259434623,0.20028255808178552,0.04675820095397915,5.698641190108616,5.661302092750326,1.1429532594755494,3.5293488386447507,3.5418317217669806,0.16476042926246245,3.5390156119211427,3.5418317217669806,0.20228668847708503,20,1.0,0.9912636858324035,0.9913125709220282,0.0009903600637326158,0,0.0,0.13863161758871864,0.1374772519752337,0.009268271732212221,3.7367779176827467,3.6814346044912076,0.200842517562379,27.41457541154379,27.693561393360454,1.8030489331698611,1.0146748844658693,1.0221057540142315,0.03027439309621323,20,20,133.3,134.0,9.330764057392987,80.83087914348201,81.11858994066637,1.1369323439939536,115.59927551753417,115.21363121647995,5.708446828225008,26.99924856625089,27.117931975053068,1.213144316841963
front,log-0054,120.0,self-supervised,full_log_excluding_training,3.076710504349184,3.1722908397577254,0.5858389661724019,0.07143936864795641,0.07395365692915908,0.016304628029070175,0.23956248177057105,0.24938669419272957,0.05257570704094028,4.291496055555198,4.525198092190529,0.9182907229614953,6.842839409400655,7.063080208507073,1.0248005502808892,0.4480315558555733,0.46360265111769633,0.0801609740682667,8.02876832014152,8.362260638297283,1.398474610998262,5.958485004013019,5.6976599813990765,0.9958650181020667,4.903352511687288,5.201383709026235,0.962911829418472,20,1.0,0.9777854762866717,0.9779659509857429,0.006551089169874162,0,0.0,0.23978487604425558,0.2495394708333492,0.052378817382984375,4.295485388283234,4.527921684882974,0.9146412958700432,19.46916152197235,19.62933054689611,1.1264101915905325,1.0855991147652344,1.1050206616395686,0.06346924163666551,20,20,171.5,173.5,13.743898167627162,60.27381519548031,60.584076497487985,1.4697781498332005,134.87883981844692,135.89296889344487,1.905405064861418,17.936506753671324,17.940418263356335,0.249462591809672
front,log-0055,120.0,self-supervised,full_log_excluding_training,3.6159369741813037,3.6364045328045216,0.1490227285395624,0.061752563044376076,0.06089058750244113,0.0033089500207548533,0.20565470969670266,0.20089951817468304,0.013256428971841004,5.044383388148774,5.035603062031058,0.2488000847545239,6.887690900235659,6.91516963914596,1.2147762057926828,0.3059105593784639,0.3003903622997872,0.051495856122188495,7.499084216289535,7.487286162571424,1.1764050924498897,5.128015445346505,5.337068236724228,0.5810418998938878,4.839810592670589,4.7746276905792,0.3173343077209034,20,1.0,0.9854145605255296,0.9845870273213551,0.0018228001317538048,0,0.0,0.2075838741573032,0.20280238330774364,0.011833714605033662,5.094044586766873,5.159947271757764,0.25285090841344005,27.031872591216086,26.854531160981445,1.3933343936271771,1.0999677744128804,1.1029483450144681,0.02042092648099201,20,20,175.75,175.0,7.580272179532175,81.7161081263789,81.49087150435659,1.5465641431502843,131.5041153840298,131.53682239896366,1.3344280837957556,24.571931568042032,24.126121303888567,1.1205943794510342
front,log-0056,120.0,self-supervised,full_log_excluding_training,3.573774690463677,3.754849236343193,0.5740838436993398,0.06827929815925853,0.07081577913684285,0.010313775374467043,0.23010839759907603,0.23918552123560938,0.0329605705845326,5.14114257412891,5.319874488675766,0.6569655484237678,8.776782416513234,9.105364003982423,1.1826970531789327,0.45140525300643813,0.47464971132693806,0.0700789713920879,10.08109702605574,10.511351609213929,1.4253294994990977,5.2780438609121,5.2995680293855845,0.4128216981112742,5.331693615602612,5.3619076098285685,0.5605241246926556,20,1.0,0.9818286598365507,0.9825073778690375,0.0030484702144746145,0,0.0,0.2326296818676453,0.24220424333981616,0.033742853352605816,5.197501080796689,5.363734261058417,0.675843118880133,24.790817123108745,24.938528405506148,0.6349931159808737,1.1077391159597128,1.1194062552681752,0.04512648771830679,20,20,201.7,207.0,15.825030140488467,75.57250113090248,75.67260050816239,2.1361010653408887,146.58101998413392,148.7314640450589,3.8257295626078633,22.396359238158226,22.35908744341235,0.5127658915131028
front,log-0058,120.0,self-supervised,full_log_excluding_training,2.689509015306606,2.6611806220352516,0.16264214355153023,0.04848454525731203,0.046407522043765026,0.00458865267088916,0.1680312778063729,0.15889777355129703,0.017778394744952852,3.9755028862964705,3.8228260388523525,0.33097344374332555,3.2671467939542977,3.245676762091678,0.202361376599838,0.19119839219125812,0.1878709087203735,0.020953477457153733,4.523627115399034,4.500650985286583,0.401247205325409,4.718386055793056,4.696297269271428,0.47543755920289565,4.718386055793056,4.696297269271428,0.47543755920289565,20,1.0,0.9865015224096878,0.9873288781499472,0.0022620354204337862,0,0.0,0.16837144377365984,0.15924246214555815,0.017566039394554384,3.9836996809017386,3.8306648225592905,0.3261061319480662,24.12387718707553,24.07608446779158,0.5956610416478361,1.0177182434974723,1.0148814037059228,0.026811770316672926,20,20,279.75,279.5,10.135269321065243,82.0848906072154,81.83696408214371,1.500258069889833,160.32948526586358,161.1697294857218,2.544714200984166,23.71090225908362,23.915143256638103,0.551321323632329
front,log-0063,120.0,self-supervised,full_log_excluding_training,2.906448123093712,3.192184723751348,1.1475093074162221,0.1538935877920077,0.10991573309283496,0.1692358395634241,0.3156229532894793,0.34297229371160753,0.08994681350441905,3.622117319364974,3.859572362726494,0.9652198879070377,4.990453036711237,4.857648911313217,1.461017462720809,0.6374673878304884,0.4282279917463161,0.7022044799934636,5.415032973474718,5.379200049484824,1.2909349292169736,4.587729568604199,4.79310836973244,0.9991331731384842,3.3009914226493926,3.6744267413000866,1.4203800384651162,20,1.0,0.9768670979961227,0.9838529922091392,0.019688999926653256,0,0.0,0.5042999890705431,0.36930934318506925,0.464009877952885,4.712530194209199,4.687831277489943,0.1936328247617546,14.739627181050082,15.105962458777885,4.7663431497928554,1.1985126636478471,1.2025616514844715,0.11778596970922313,20,20,177.3,178.0,0.9787209698591858,36.91866278277267,37.58546101708649,16.146440535070653,44.16310547698208,43.936393029710004,14.007613290947527,12.719507614762966,12.56188848208031,5.1278882051659895
front,log-0071_183,120.0,self-supervised,full_log_excluding_training,2.933435882004764,2.683121952348901,0.5219909908308242,0.054020563605589045,0.0518466117486823,0.008572479064767423,0.18658246610179915,0.18030970838026278,0.028243254623793904,4.306268559203872,4.131703950412293,0.6851627674829764,9.045600345862495,9.088846757730952,0.9953607306127287,0.42621163110570304,0.42646842661047274,0.05266970776122289,9.82560358599838,9.782220121156346,1.2206260915342646,5.642128631597727,5.522488362269549,0.7989438039336151,4.802796132217309,4.725636050680263,0.6371062179103341,20,1.0,0.9886138295010772,0.9887719109975195,0.0019572191740216626,0,0.0,0.18671789182713167,0.18041938727104195,0.028330088608253548,4.309396647190054,4.133956874040967,0.6871237806044485,25.286049540984283,25.08105411832549,1.0304845038271053,1.096479856183151,1.0845439682398683,0.03604344172603096,20,20,266.4,270.0,16.197465688707048,79.70972861198484,79.71621460905016,0.40199040209134135,149.15377035665364,152.4462174422029,6.694691514729446,23.056290820204175,23.079782131432445,0.27040132328584676
front,log-0072_184,120.0,self-supervised,full_log_excluding_training,3.3589624819187356,2.6939739901386375,0.9603138786091264,0.06730609484851188,0.052178552855323905,0.022173140199807186,0.21829622692763725,0.16951714848703847,0.0710828271913002,4.643847256688373,3.6655734954875996,1.3964018765703172,3.172319959197334,2.873135211459155,0.6141302339337431,0.22968657334162876,0.17047899835797625,0.07902293371612958,4.8848979067555565,3.7139718724750104,1.5603923282275902,4.72603575358694,4.410350677301452,1.0847534236263665,4.807641728942531,3.8837612136723036,1.369198999150236,20,1.0,0.9842865346706798,0.9875948343573516,0.005057740483952376,0,0.0,0.21906693600859728,0.16969350112370657,0.07189781915456611,4.659997633700656,3.6693880956162284,1.4134944837876462,23.42178374729816,22.891608936030885,1.3812073818771424,1.094683567416333,1.057035145461303,0.09310947885637239,20,20,246.15,220.5,45.64540099044971,69.63880089306295,70.17702406012175,2.217142240753572,147.86080562979504,151.42108309592837,4.762684402045096,21.442249020086404,21.570410229232657,0.5947365810845573
front,log-0073_185,120.0,self-supervised,full_log_excluding_training,6.012724917562106,6.160373768063252,1.4509560099881844,0.10769981384833434,0.1071691288581193,0.027113484010599164,0.3789228963195343,0.3890048675707558,0.09419516317430443,7.547014617980172,7.126555516729716,1.9963931615559796,11.430365767022087,10.505139888378336,3.4091318660487153,0.6651734245388485,0.6266744153703087,0.20186122958366923,13.047851860600247,12.68683972377013,3.180234375806201,9.11651829899204,7.197005892622217,4.865354318253794,7.7695508028813,6.925798250293901,2.7789750876339303,20,1.0,0.9483155203927611,0.9533183268759506,0.026687428302215405,0,0.0,0.37943798755002167,0.3895683703124093,0.09433050601119157,7.55727029428927,7.129612866515913,1.99929787294867,19.232542601987937,21.428098613829665,4.383898464624583,0.975162530454471,1.0589177528840255,0.2534272680204272,20,20,50.45,50.0,0.8870412083230168,70.13903566297785,72.67975284482876,4.217460306283774,146.03168387167108,149.90437255734173,6.389325536123031,19.940935451502412,20.822873340912043,1.370273484966941
front,log-0046,120.0,self-supervised,training_window,2.7272583854420818,2.7796006399253965,0.3184598834091771,0.05959437684177926,0.059784689609951744,0.004160584846897921,0.19707288813107665,0.1940021287991862,0.012810510277596157,4.022777785215266,4.0726797539669635,0.28018745469693146,15.23641539034015,15.827438916279949,2.474397765878447,0.7736822289299008,0.7917662781310881,0.11342396274455428,15.7865993080873,16.26931927404519,2.2600677366049053,4.9207127134061075,4.897528098919548,0.22679540186673103,5.135139407965525,5.207562221717019,0.20384618712268163,20,1.0,0.9826269623606507,0.9817966836532186,0.0027684754945336374,0,0.0,0.19774517541164724,0.19495587225980526,0.013097100369653468,4.036395455708545,4.0842432898602645,0.28418968008774603,21.4121723098976,21.356336149733774,0.9724852269287427,1.048453326577487,1.0523933779766743,0.016466967877372958,20,20,163.4,163.5,14.787619288124993,67.59828220891802,67.60942457632447,3.671840643016158,147.5200927324659,147.31298516362753,16.31585710327382,20.420604331142663,20.421138607679257,0.8075171116174452
front,log-0048,120.0,self-supervised,training_window,2.3541969544804253,2.365377669549276,0.244493048452287,0.04684684754891009,0.04898652237010494,0.007051165838684671,0.16107319828602717,0.16568940388728778,0.024238616661687105,3.4605024745726567,3.5002766010796593,0.37541897410716374,6.2958067624049665,6.547552377569126,0.6334142232324971,0.32970884380108056,0.32806562717806387,0.022321108143164944,7.1266745340991235,7.175290502503639,0.5330070808055593,4.083054202780151,4.08208740691007,0.3880009606153631,4.2642559596810035,4.202037411461248,0.4181950392164962,20,1.0,0.987175362825754,0.9867198170338617,0.003566603168622672,0,0.0,0.16402472671068513,0.16595151868630262,0.02451111943312023,3.5246304509103723,3.5668617476062834,0.37722847544754906,21.908064699599457,22.004499595505802,1.4837754773536291,1.0120481447029133,1.014016948344374,0.018014407058861058,20,20,220.25,228.5,51.36953326017691,74.49056931177647,75.22611898018312,5.515841800888425,144.6491510043941,145.97124902081106,4.227946842541804,21.660142349754857,21.521057166498586,1.6023516550824908
front,log-0049,120.0,self-supervised,training_window,2.6660792907055573,2.678024364229411,0.3402071774481091,0.05474132227111318,0.05435610238020671,0.007424938547791936,0.18540819029882843,0.19690477095178605,0.02849580938716528,3.9658047297994017,4.123892965144855,0.42908224127892763,4.908686381264713,4.5028071365037405,1.378523557263264,0.28943830080123367,0.3016300657889735,0.05229972120562255,6.23297455529568,5.988506358846228,1.2166450862936589,4.343990374444791,4.462555423893063,0.6738915951803675,4.529097600133032,4.54649571843866,0.7896403624205451,20,1.0,0.9872369091909938,0.9874092623161694,0.0027264686074583437,0,0.0,0.18663717991073203,0.19787767530683517,0.027841051054791885,3.9933186961243288,4.125299143736756,0.4176535569499965,23.241131118611865,23.58289087395882,0.9229522503396363,1.0797832442319346,1.0783232954331248,0.034538281488046906,20,20,133.3,134.0,9.330764057392987,72.77893310897032,73.75742060544003,3.8385133222536227,126.24212007598257,128.6836164750667,3.7248538159492917,21.5584688472084,21.745638215557975,1.3439438042723855
front,log-0054,120.0,self-supervised,training_window,2.985645521240804,2.9855982281297972,0.7641220250969224,0.07081960641065956,0.07353221700481737,0.015994309389418124,0.23573345787398212,0.2557321418315115,0.058352713646673056,4.218005194182631,4.397729826570963,1.1531123421261247,6.854118357001243,7.549230969167263,1.8019157851956713,0.44840110095785307,0.4875088433675863,0.1153281295073022,7.998851042210004,8.8106610142231,2.1667945535508872,5.65777852084519,5.582522383735441,0.8739873930866984,5.006866878197341,5.4632365538742835,1.1400075794096924,20,1.0,0.9788863293982795,0.9768249271553182,0.006806285858873391,0,0.0,0.2411653840924847,0.2575400531768517,0.05324062221666356,4.315072053871541,4.465185431482231,1.0752082261926084,19.30774164602085,19.18352240754875,2.0247095482266255,1.083298871413303,1.1054984468289142,0.0746625110321109,20,20,171.5,173.5,13.743898167627162,59.14677854015853,56.110622267065864,6.592056998608931,124.47759943521471,130.69438509090975,10.123849937701332,17.8142989420409,17.693456622888828,1.2568439974047
front,log-0055,120.0,self-supervised,training_window,3.3998251732701257,3.37905145126349,0.29363634870508853,0.06104540511807055,0.061187031487247405,0.0038679133309223648,0.21146507033421522,0.2120309420342708,0.0127118160462414,4.792026953674702,4.790317121463595,0.35833288451211137,7.402190947028592,7.794265173146129,1.5587646381994842,0.3574789287333094,0.37059936276264427,0.07401080659392126,8.053309105173806,8.422963053645125,1.5067422630612388,5.0397635858025716,5.083701634083924,0.370566287372345,4.966098569713529,5.01015690858795,0.30789796710096606,20,1.0,0.9841224177694963,0.9842535363350686,0.0014052994904012828,0,0.0,0.2140211402995824,0.21470282997758017,0.012987910105859334,4.846336528260661,4.852340756724196,0.31473065704079406,24.906680883449006,25.304748485517848,1.5719916335455164,1.0981902175477798,1.0998396419431093,0.019379148914079488,20,20,175.75,175.0,7.580272179532175,78.55482345341112,80.71656357729181,4.373356621695416,144.98409225186288,144.98409225186288,0.0,22.671086076243473,23.211754620964193,1.2291444672916867
front,log-0056,120.0,self-supervised,training_window,3.144315556511271,3.124380895935168,0.444538562583481,0.06103386290977695,0.061168191778035286,0.006231689874017274,0.2113530739805945,0.2144514100581967,0.023630745308821394,4.706739200822888,4.741823694001134,0.6191269614231079,7.174990353944163,7.061849904540497,0.5128313848630439,0.3827123098842654,0.38072877076845024,0.027012520590507714,8.513199154588232,8.418464002640343,0.7614465106784383,5.62074264365593,5.581970149167555,0.6992102254258,5.484698922589652,5.618032493907041,0.6673399966164101,20,1.0,0.9813440657211803,0.9813290528780239,0.0032992174720234135,0,0.0,0.21721324968103808,0.22457620562797714,0.024782199383184364,4.836499303994652,4.965686751274172,0.6377841893422236,23.775946470713365,23.703347958898213,0.957404690580574,1.0696941224728496,1.0666943905158728,0.01884837582181014,20,20,201.7,207.0,15.825030140488467,76.91784522222676,76.57660436967225,3.588492110371542,140.6317408706713,137.34874644611534,4.85774931886347,22.222113467409898,22.29458283301216,0.6618368914007244
front,log-0058,120.0,self-supervised,training_window,2.6853201019820103,2.594921173703229,0.2770282073876813,0.051699346813960864,0.051179422919570346,0.0032831497321551945,0.1763075381337258,0.17421957084843143,0.013380383299741906,3.904140348849335,4.023200205547527,0.33628361962501907,3.083236472383114,3.2041967481954594,0.38196851542178,0.19281807486864852,0.19798459976925653,0.017369383113068244,4.282555938855827,4.387764195950226,0.5374469226878439,4.6179070996073035,4.6618866956021225,0.35549953320145883,4.566970984587423,4.705405763526027,0.3425424594721782,20,1.0,0.9847823803213128,0.9850264506962123,0.0024435957558715388,0,0.0,0.17848525976280755,0.17850423791342135,0.013084958201523346,3.9502763881249736,4.025058330171366,0.30647215264836636,22.440561723720627,22.022195788139427,1.520316885592523,1.0123564281529034,1.0118921191537993,0.017472541302586016,20,20,279.75,279.5,10.135269321065243,75.48176616909322,75.21241112929567,4.046537529011011,144.40775226605297,144.4361556836395,6.782137522180668,22.152187082696294,21.738515218396714,1.1963594415505385
front,log-0063,120.0,self-supervised,training_window,2.6939755277708786,2.7079394647662536,0.04327398077984811,0.04322027416012546,0.04313553885048759,0.0002369170810617537,0.1373955954453444,0.1380749212048999,0.0013107011423728408,3.6471718817679175,3.652716936892088,0.018440850842820742,3.171869923525942,3.1799629946142263,0.09109332565437141,0.16022183249936567,0.16129258403935237,0.0020923061516342698,4.254034819511903,4.269792403040771,0.10142614023820679,3.7678759025794006,3.7805042604275414,0.06377412909263987,3.829128398038487,3.847388425781684,0.045901782801471225,20,1.0,0.9908199319007951,0.9906975715230331,0.0003676374052484838,0,0.0,0.13756129919067525,0.138206395737263,0.0013471163672849748,3.6515483582979913,3.653542656421129,0.01536007539577994,26.915273241427634,26.882574719517358,0.5656935851354171,1.0137446281611393,1.015496706238587,0.00939893586092313,20,20,177.3,178.0,0.9787209698591858,84.38669341079421,84.12906862175832,0.3882685456676337,153.67050225201808,153.67050225201805,2.9160058604848984e-14,26.547790654231743,26.47234408692121,0.3279228433015833
front,log-0071_183,120.0,self-supervised,training_window,2.3695021043066693,2.3809322803396142,0.3044359749934529,0.05280022508467454,0.053545208142301626,0.00848791208457214,0.17755191021853128,0.17879826582215824,0.028545875436224825,3.744603968344258,3.8096214042425904,0.5621814876222773,8.773985566038366,8.827506528430959,0.8897392380480026,0.44605649021940075,0.4480434928257647,0.05099434097364337,9.414750273952727,9.604338217338132,0.9866143336816847,5.486130604248758,5.162920815845741,0.9148939478788672,4.528899928633148,4.452644666310525,0.6513188945305636,20,1.0,0.9874940783466931,0.9865029126095117,0.003414693022986539,0,0.0,0.1788132320662289,0.1793276263039693,0.029395727717820754,3.770998814719529,3.821185236290904,0.5788848313476466,22.568586736012808,22.37420167990085,0.943026813586206,1.0681786786430285,1.0698126707168416,0.030206091900662004,20,20,266.4,270.0,16.197465688707048,71.12172998087723,70.28002749427384,3.916999220120114,134.28115271681696,135.0365755155744,11.392165565306179,21.136088855318206,20.936366237038378,0.8760638226839603
front,log-0072_184,120.0,self-supervised,training_window,2.5497294593456132,2.2374169491943663,0.485637654119066,0.05374573562485482,0.047282271045555865,0.011194506735693123,0.18231449173186837,0.16133406618155047,0.04015937399801701,3.887413075533903,3.391595277716685,1.001924857089516,2.559479697482804,2.3662168332477878,0.41998222459320783,0.18490686311487908,0.1615368873823812,0.038747498565814095,3.9399557889854067,3.3958591381284045,0.9717463853981005,4.570549940133045,4.7040542794469316,0.8964581913905727,4.519493817078425,3.9130413458606497,1.267775428791406,20,1.0,0.9855583123455289,0.9889387940126715,0.005006828960433925,0,0.0,0.18582296373261192,0.1621579223437164,0.04387513278938998,3.964037449322556,3.4089146088382924,1.0821818538726091,22.157506220301183,22.12083478250407,1.936514724592732,1.045456278537242,1.0522614273564994,0.04743660106669687,20,20,246.15,220.5,45.64540099044971,71.6488326569072,72.47068247026883,4.424559678654689,145.53379548696236,142.1416860975866,5.918423065936581,21.155428822920975,21.190963640285016,0.9320932532707075
front,log-0073_185,120.0,self-supervised,training_window,5.330075190227868,5.43662705660197,0.8141958047316723,0.11032390682307418,0.10453624907744932,0.020508271324840063,0.36732575898949127,0.3410783476208719,0.06310306781810973,6.616528559663808,6.839896232195933,0.9635373128052197,10.758363417247848,10.142144313147245,3.7847271267173914,0.6666737376269983,0.627685547755247,0.18056796554269225,12.196256288673936,12.443578383046852,3.7343860264554487,7.012576767321538,6.990681380607008,1.8201242718740345,7.010271875149721,6.816505075065024,1.8051133027868993,20,1.0,0.9598753649048464,0.9608804206139484,0.011725449689579476,0,0.0,0.36902196087100825,0.3420182815144756,0.06379882815788464,6.646552751652313,6.8965074225116885,0.9714508922374469,18.189962659608916,19.32065514320439,5.890731746516811,0.9876706754375085,1.129300323609111,0.2592454044089137,20,20,50.45,50.0,0.8870412083230168,60.90521894293698,54.996237169468685,9.238703789063788,131.7346901244053,131.1669908802494,13.771237203521322,18.17863882172435,16.808036339306,2.1533491211962703
front,log-0046,20.0,self-supervised,full_log,2.9446334530738496,2.8353126300473805,0.6809703360636736,0.06029501818754592,0.05589978648695092,0.015847491665034436,0.19892135442077263,0.18442089535869935,0.052283001165620215,4.091355875558268,3.793114701026478,1.0753413811887977,14.278640659910618,13.734291598051755,1.5502132783860532,0.7185020807505299,0.6886991722786793,0.07855193707344355,14.777939343110285,14.164961892599331,1.6156331240441002,6.210445303798379,5.014146874634815,2.599884212192142,5.4603296736486575,4.715392477353221,1.895182760977847,20,1.0,0.9826576206624479,0.9865682144247665,0.01040555502147368,0,0.0,0.19892135442077263,0.18442089535869935,0.052283001165620215,4.091355875558268,3.793114701026478,1.0753413811887977,18.692590883417054,18.927583656181913,1.0750939338905792,0.9088320862959242,0.9202574137568602,0.052270970300252705,20,20,50.4,50.0,1.3138933706635725,67.85562055611665,67.85562055611663,1.4580029302424492e-14,165.89980059488886,165.8998005948889,2.9160058604848984e-14,20.56770570194259,20.567705701942586,3.645007325606123e-15
front,log-0048,20.0,self-supervised,full_log,2.6192405411647464,2.514836879066915,0.37320464441739387,0.04778193852739808,0.04674024567063462,0.0051842693835435355,0.1654469965617769,0.161840090693097,0.01795075347105552,3.7126589794616103,3.6317193931305463,0.40281798671111635,5.440563207284981,5.341471882898691,0.5994055444502571,0.2776247415120382,0.26983073437051586,0.030449973344750317,6.229946816293582,6.055047959249924,0.683302624478539,4.794789369637665,4.265156598258912,1.2150064043210238,4.794789369637665,4.265156598258912,1.2150064043210238,20,1.0,0.9882235026009181,0.9887318664932035,0.0017032344875378244,0,0.0,0.1654469965617769,0.161840090693097,0.01795075347105552,3.7126589794616103,3.6317193931305463,0.40281798671111635,21.55093337672988,21.609825615486955,1.3711212955713916,0.9603729348715906,0.9629973461296832,0.06110119500042941,20,20,52.15,51.0,3.645833959899696,77.7000493048807,77.70004930488071,1.4580029302424492e-14,147.02804677703884,147.0280467770388,2.9160058604848984e-14,22.440171514841165,22.44017151484117,3.645007325606123e-15
front,log-0049,20.0,self-supervised,full_log,4.110071035475356,3.979638455567907,1.213594183584864,0.07025032424400798,0.06804069314765811,0.01966537777752043,0.23340489633398231,0.2260634538206564,0.0653377121162862,5.656468565611521,5.478551823267562,1.5834317126145878,15.739127628292337,15.130395065238329,6.828223055325068,0.6863988312727337,0.6610036292321901,0.2895739733359308,16.63458425058508,16.019142311208874,7.017702298970343,8.421844466430905,7.4218848011474545,3.384457194187208,6.833955042809542,6.4162809163017185,2.2415843545846657,20,1.0,0.9833075929970267,0.9887453477437831,0.0097686135262311,0,0.0,0.23340489633398231,0.2260634538206564,0.0653377121162862,5.656468565611521,5.478551823267562,1.5834317126145878,20.521145117025263,20.862240583475625,2.072698157391053,0.8467713898054818,0.8608461346862095,0.08552648935390901,20,20,45.95,50.0,12.04585536933544,80.5187538489403,80.51875384894029,1.4580029302424492e-14,128.68361647506669,128.6836164750667,2.9160058604848984e-14,24.23457542860456,24.23457542860456,0.0
front,log-0054,20.0,self-supervised,full_log,2.836547855887553,2.7072685601356348,0.37706434818354573,0.06477750203138358,0.06230563072989941,0.010530248081376776,0.21600102465476057,0.20775855285218015,0.0351131844254234,3.87519488463157,3.727319731644995,0.6299527184466377,6.093114111947526,6.224147156370352,1.0483685528703839,0.3892388340044127,0.39268655760759763,0.06364281827172145,6.9831906623810225,7.045045002618712,1.1417923790144204,7.56895453590888,7.673217269173144,2.2702429968955378,5.093987886923545,4.954722254858217,0.8858229500044824,20,1.0,0.9800955997917592,0.9830346483721959,0.008196709731866524,0,0.0,0.21600102465476057,0.20775855285218015,0.0351131844254234,3.87519488463157,3.727319731644995,0.6299527184466377,18.208390210355216,18.78904981478616,1.6239703585170535,1.0149246837489998,1.0472902997416615,0.09051912791270947,20,20,49.8,50.0,2.284962282309918,59.823160250207,59.82316025020701,7.290014651212246e-15,135.8929688934449,135.89296889344487,2.9160058604848984e-14,17.940631952211263,17.94063195221126,3.645007325606123e-15
front,log-0055,20.0,self-supervised,full_log,3.606810015154847,3.44668541010786,0.6775547998040676,0.0592067339781784,0.058111609894144586,0.010647584192433819,0.20416123797637878,0.20038494643466848,0.036715823085026245,4.839164566587061,4.749656409196962,0.8702626995565872,8.095840465232687,8.014058693110316,1.2021087683749885,0.37973107104044,0.37346677780638426,0.05089338257433701,9.00063676153677,8.852156344032341,1.2063085827094442,5.6175900006321315,5.411558279781925,0.9920711333167038,5.023023460767191,4.796270683407598,1.1080648971748845,20,1.0,0.9822435503910244,0.9845862374225589,0.006353651616910272,0,0.0,0.20416123797637878,0.20038494643466848,0.036715823085026245,4.839164566587061,4.749656409196962,0.8702626995565872,22.385194537188195,22.066862658347418,1.9813196609971993,0.9444169476297952,0.9309867305794757,0.08359060107381655,20,20,50.55,50.0,1.0500626547722611,81.73334756770427,81.73334756770429,1.4580029302424492e-14,144.98409225186288,144.98409225186288,0.0,23.70266077220274,23.702660772202737,3.645007325606123e-15
front,log-0056,20.0,self-supervised,full_log,3.1522857177049253,3.023651292438492,0.6591047011008591,0.05860778921650013,0.056276246312631506,0.0116701365752694,0.20193444787980108,0.19390106468458193,0.04020971644747577,4.548513338767907,4.367563773190874,0.9057118957647309,6.812367318607772,6.417430592933859,1.1287090070352117,0.34165991307424026,0.3208422715194586,0.0591745790177996,7.695787857183689,7.226876676908116,1.3328897808394182,6.685010214285365,6.227550677508193,1.8012281531673526,5.314086638594218,5.062793454746364,1.0598419701349835,20,1.0,0.9813991210698194,0.9844393710153523,0.008403117738471267,0,0.0,0.20193444787980108,0.19390106468458193,0.04020971644747577,4.548513338767907,4.367563773190874,0.9057118957647309,22.52593400564674,22.530098239418454,1.7592918867694818,1.0000546788853144,1.000239552971616,0.0781050003275227,20,20,50.7,51.0,2.2266330494363245,77.60936557366924,77.60936557366922,1.4580029302424492e-14,148.73146404505894,148.7314640450589,2.9160058604848984e-14,22.52470238002855,22.524702380028554,3.645007325606123e-15
front,log-0058,20.0,self-supervised,full_log,3.016358646556776,2.881439613990791,0.5041496182074345,0.051805548520611935,0.04963842447462495,0.009502773270076285,0.17790825405672725,0.17046601540940368,0.032633990942177914,4.1624422619485335,3.9883194319911954,0.7635233328210528,3.3805572276305185,3.3257315321769996,0.7001401196490238,0.1912213352335752,0.183027214758758,0.036510389271554054,4.473922648404319,4.282208365417754,0.8542177433524331,5.81716558645569,5.134366407124588,1.9512051458444566,5.81716558645569,5.134366407124588,1.9512051458444566,20,1.0,0.9861183201582253,0.9880129611918644,0.005824516160112834,0,0.0,0.17790825405672725,0.17046601540940368,0.032633990942177914,4.1624422619485335,3.9883194319911954,0.7635233328210528,22.69291604005898,22.92955915636343,1.7256527713964356,0.9699250627569936,0.9800395006294746,0.07375666792398347,20,20,51.7,50.0,4.3054433111194435,80.3474218652934,80.3474218652934,0.0,161.1697294857218,161.1697294857218,0.0,23.396566303333564,23.39656630333357,7.290014651212246e-15
front,log-0063,20.0,self-supervised,full_log,4.105263827354696,4.198228989434035,0.4095023849360708,0.0625913390443447,0.06412398132736623,0.005078704783596399,0.19367598708600509,0.1984184324713584,0.015715004297712346,5.317164889782342,5.447363601941291,0.4314384573523244,14.206307586693427,14.786280373528413,2.843609884277651,0.5495415074635158,0.5693047018415658,0.1014320178213861,15.087068112710858,15.629645253212264,2.784706415979965,6.844179910949552,6.920942485550707,0.6806794074373466,6.088342406457139,6.238567110519621,0.5926458553518702,20,1.0,0.9926517314587219,0.9925886855604057,0.00047780048217704727,0,0.0,0.19367598708600509,0.1984184324713584,0.015715004297712346,5.317164889782342,5.447363601941291,0.4314384573523244,23.231784097168408,22.953356849198652,1.139374581321382,0.8462101157393731,0.83606849455591,0.04150134541100444,20,20,45.5,43.0,4.489754418322021,84.9504894920883,84.9504894920883,0.0,153.67050225201808,153.67050225201805,2.9160058604848984e-14,27.453919144974673,27.453919144974673,0.0
front,log-0071_183,20.0,self-supervised,full_log,2.7309558067449102,2.8039679988154598,0.5105788030429638,0.048823224488847204,0.04888098983610887,0.008857596634168536,0.17112675684597198,0.1713292259913114,0.031046122031561235,3.8684803085659167,3.8730573128653827,0.7018266105780878,8.304502137368104,8.485460417524482,1.5231702488242151,0.39826707156552593,0.4089426529544686,0.07174061285051694,9.00319945459023,9.244530951468821,1.6217636169338079,6.533659793096843,6.531601790548617,1.6058391107468126,4.653342215430234,4.693002500534524,0.956984660158486,20,1.0,0.9892802885731132,0.9901580581964631,0.003038129971132387,0,0.0,0.17112675684597198,0.1713292259913114,0.031046122031561235,3.8684803085659167,3.8730573128653827,0.7018266105780878,23.24202124868517,23.322038584875827,2.008998292867414,1.0281380287824438,1.0316776893575386,0.08887039223289789,20,20,53.05,52.0,3.9666371810786765,79.2344288822956,79.23442888229562,1.4580029302424492e-14,152.4462174422029,152.4462174422029,0.0,22.60593480450205,22.605934804502045,3.645007325606123e-15
front,log-0072_184,20.0,self-supervised,full_log,3.0504140745044133,2.9520832118313525,0.6591122885763953,0.05711697300702071,0.053608540677561586,0.012231554813023291,0.18861492006071232,0.17702917507947863,0.04039173667331829,4.045549795657291,3.797050322623659,0.866351304511794,3.2126377951751914,2.9267412546170055,0.6930019164109114,0.20849657306462258,0.20379814140860647,0.04890074929580171,4.471985929243161,4.371210554634475,1.0488587872976345,5.107720342629245,4.5980055290248,1.6786569569856842,4.574624548520931,4.427629164886895,1.1645255142464566,20,1.0,0.9878514335931898,0.9877461362214381,0.003602241871980259,0,0.0,0.18861492006071232,0.17702917507947863,0.04039173667331829,4.045549795657291,3.797050322623659,0.866351304511794,21.10258199722455,20.571975441595185,2.47629761498517,0.9838617783802242,0.9591234070515229,0.11545196581150349,20,20,53.15,51.5,4.715874646787224,70.82920509740634,70.82920509740632,2.9160058604848984e-14,152.19039707482895,152.19039707482895,0.0,21.44872629564559,21.448726295645585,3.645007325606123e-15
front,log-0073_185,20.0,self-supervised,full_log,3.4584618192686607,3.460670771838653,1.2729274562450072,0.07668564836690855,0.0738533348736668,0.029489077950193218,0.2711505535404143,0.2611358586418589,0.1042695729888586,5.251670704921887,5.057705104886205,2.0195033892810637,10.197270807251387,10.25350944026696,0.8720691805620916,0.5594301576288838,0.5631103356747514,0.0473502376246625,10.835098552847136,10.90637660476341,0.9170840795184544,9.445347004732024,6.788168351293233,5.415199223926067,7.187063230688297,6.59787060976749,3.470494615503794,20,1.0,0.9677777074389897,0.968566078405155,0.0185042783746319,0,0.0,0.2711505535404143,0.2611358586418589,0.1042695729888586,5.251670704921887,5.057705104886205,2.0195033892810637,16.700197316671492,16.944833620054403,2.263373112218931,0.8622527955543184,0.8748836844286321,0.1168608823229296,20,20,50.45,50.0,0.6863327411532597,68.48309712131342,68.4830971213134,1.4580029302424492e-14,149.9043725573418,149.90437255734173,5.832011720969797e-14,19.368098778891632,19.368098778891632,0.0
front,log-0046,20.0,self-supervised,full_log_excluding_training,2.9479722411715885,2.8311352295840226,0.6837599601605506,0.06021663555968718,0.055623394464746054,0.015931711287501708,0.19901887182769312,0.18428050357725279,0.0526297540925919,4.096603497514989,3.786475858554878,1.0854342717940992,14.284406484751795,13.728720406015025,1.5531337791474977,0.7182174226888064,0.6901231668606818,0.07795204520483291,14.783912888531002,14.170012832497626,1.6217382773209605,6.20128238381819,5.031613101509923,2.617150815481309,5.459434335054551,4.68444504230827,1.9120921084144258,20,1.0,0.9825966671810764,0.9866615328101345,0.010503447703435987,0,0.0,0.19902385092634153,0.1842974755431031,0.05262806334061386,4.096706127954801,3.7868248110180653,1.0853999871332516,18.7124178290517,19.076602419568363,1.0917469561486242,0.9091198648672776,0.9199866975265387,0.05247276422608802,20,20,50.4,50.0,1.3138933706635725,68.03403798321014,68.03790385295687,0.45123453705301697,165.1117097338507,165.8998005948889,2.3233509427076444,20.58247080231238,20.60274971495456,0.09990255174285599
front,log-0048,20.0,self-supervised,full_log_excluding_training,2.6329634095228136,2.5146345698634924,0.3834275974594755,0.047952492588311434,0.047338176780751584,0.005281952322570878,0.1664135586991398,0.16428279731277384,0.018412938514318977,3.7369314984976354,3.677167336452012,0.40628243164689304,5.428841764017069,5.353220305597711,0.5986886030146917,0.27725802908542974,0.27037843328840977,0.03140578904189521,6.2251663213287465,6.107372976203012,0.6807967979447089,4.816684489951131,4.283941301157391,1.218726019306168,4.59413563373639,4.232952740862604,0.9959135181066948,20,1.0,0.9880706351193552,0.9885827801510573,0.0018106624040809978,0,0.0,0.16644433473578382,0.164303926805899,0.018405201720923966,3.737624826153246,3.677642317450595,0.40611916721462626,21.57616162277672,21.752164948798523,1.3473804059650414,0.9606803592711979,0.96347661848711,0.0615633215476875,20,20,52.15,51.0,3.645833959899696,77.94583472026163,77.91858243894953,0.5032553334059156,146.80037717020667,147.0280467770388,0.6468997549319668,22.46181977144621,22.442797566131862,0.1680282532574992
front,log-0049,20.0,self-supervised,full_log_excluding_training,4.261404063732282,4.1690772818503365,1.2956225440730025,0.0716759650120736,0.06953111655205538,0.02031913310490578,0.2353460974674526,0.22792035511675623,0.0662948651732235,5.803204408794466,5.652122512416868,1.6502022430781798,15.694913136157215,15.062436622300176,6.811866323037767,0.6758532723498252,0.6493460727072788,0.28763584642616247,16.63607128522465,15.937975605140206,7.01778466428488,8.405628336397534,7.521470501388044,3.415016481394985,6.903129724146611,6.480657425994449,2.2632388068865947,20,1.0,0.9837048035671059,0.9892346319597269,0.009562043494850358,0,0.0,0.23542195188336085,0.2280366069042945,0.06632392465789884,5.805073569565918,5.655021515845976,1.650930041180317,20.75955559064454,21.04942453894173,2.213111608376545,0.8418140582949587,0.8582018507568243,0.08717343772561291,20,20,45.95,50.0,12.04585536933544,80.95348686318655,81.21610775297668,0.7014399219533746,127.86630699680413,128.6836164750667,2.464627671458966,24.656770810467286,24.674543183509535,0.3612190412259524
front,log-0054,20.0,self-supervised,full_log_excluding_training,2.8384394614106547,2.707476082129946,0.3806453970484589,0.06480538352479985,0.06247609704956478,0.010635832599409948,0.21615928659327915,0.2086015607334159,0.03550109629349861,3.877616346684994,3.745828338065302,0.6364314714171511,6.098828750681426,6.219405494822379,1.054144068996712,0.3894754967182602,0.3914149533512289,0.06348757870393654,6.989147977014021,7.038959237717199,1.15109705794314,7.565497003825252,7.670391738868388,2.2752432695597338,5.095545926121296,4.947315023965109,0.8918858163746475,20,1.0,0.9800820467059038,0.9830552564952206,0.008273239757113466,0,0.0,0.21616707149858122,0.20860689258287066,0.03550192981208816,3.877755756738896,3.7459244083817813,0.636444975643158,18.21316201758397,18.771506511431934,1.6702406560601566,1.0150378754779443,1.0457923333048875,0.09093037417513952,20,20,49.8,50.0,2.284962282309918,59.83844979236926,59.81859470518546,0.327450041796565,135.6890964124405,135.89296889344487,0.9117454525348168,17.939978619664174,17.942731793238284,0.0761135719680103
front,log-0055,20.0,self-supervised,full_log_excluding_training,3.638288450782613,3.4695899633860425,0.6643772219097482,0.05985103229985186,0.05876176397320146,0.010829311401716656,0.20646425874798235,0.20215267701922943,0.03837746616211388,4.883047870135365,4.7935703729935515,0.8640531993137313,8.130895627311851,8.088337153834926,1.2188280174573627,0.3816233944930815,0.37131072920251607,0.05186385896605478,9.040403206717244,8.944982275281593,1.2238002174293108,5.640339562255873,5.340786890023921,0.9521960159061265,5.066140494186724,4.842607638617356,1.1297193964247987,20,1.0,0.9818387282556454,0.9842971864047529,0.00677723984596804,0,0.0,0.20648216772047595,0.20218723206466924,0.03837490604814385,4.883473596190965,4.794232533158004,0.863991784450223,22.35253936726788,21.9881680097983,2.2105509359873343,0.9428891280379874,0.9276163389774397,0.08501379171511496,20,20,50.55,50.0,1.0500626547722611,81.6459527135001,81.71406554412141,0.5295641973848231,142.38354722752496,144.81985687051449,4.4151323869896215,23.68898010217542,23.60982591207584,0.2589020045872696
front,log-0056,20.0,self-supervised,full_log_excluding_training,3.1700315782394672,2.9981346366437895,0.6858404272010431,0.059192845191748514,0.05670756510384806,0.012259933972297769,0.2034001827027791,0.19473661018054356,0.0418664884648828,4.5803435192411435,4.3785403554122,0.9360247775997145,6.865493672228051,6.448123396329398,1.14458648920056,0.34414101064922137,0.322164331268269,0.06198223974370372,7.745041340110099,7.262418351290007,1.3494423229043695,6.706189366568377,6.221580215342811,1.8138411367631369,5.332298909685358,5.069473868246288,1.0837081221103375,20,1.0,0.9810942714450146,0.9843058631366638,0.008876038167924144,0,0.0,0.2034259852772346,0.19476715203777012,0.041853715113987465,4.580926876169684,4.379228659244255,0.9357416384351777,22.534917313470658,22.641705020288953,1.6779999395156548,1.0006441361483382,1.0002206631069215,0.07897184869509012,20,20,50.7,51.0,2.2266330494363245,77.42565967161894,77.47278408240436,0.6109686127033029,148.73146404505894,148.7314640450589,2.9160058604848984e-14,22.528256089896477,22.498072701689363,0.19811697011891666
front,log-0058,20.0,self-supervised,full_log_excluding_training,3.00039733438056,2.8983276562887763,0.5074439265752496,0.05147768504146312,0.0491220283748362,0.009543102721860491,0.17698019800586814,0.16820823234001098,0.03309275913169611,4.147481728667186,3.952972900779343,0.7771890258418267,3.380895199649052,3.3353550334950413,0.6956610327911102,0.1909814440690556,0.18267492172729,0.03654647083909915,4.475630206169119,4.261088364729368,0.8584957632488303,5.809260728238561,5.114394145953294,1.9584412763009655,5.809260728238561,5.114394145953294,1.9584412763009655,20,1.0,0.9862305480814537,0.9881074074007534,0.005952557984717998,0,0.0,0.17704934015346976,0.16836519016772988,0.033085914690577575,4.149098528001255,3.954081452800284,0.7770092666865228,22.748395360734484,22.980990566150275,1.7710981297857493,0.9706036276565492,0.9814592791413993,0.07336655273831065,20,20,51.7,50.0,4.3054433111194435,80.55410900528477,80.33171735818487,0.6392899558676686,161.04636639029096,161.1697294857218,0.3012917839365238,23.43395970138703,23.40502083218675,0.1289260084869533
front,log-0063,20.0,self-supervised,full_log_excluding_training,4.14893824866392,4.233345695674631,0.3910463599889397,0.06238180674446102,0.06369228070105284,0.0047577561422970935,0.19051732729781873,0.19521763421242155,0.014776224755690105,5.284881370256655,5.395147228787648,0.40607685914132563,14.065258418656375,14.639593512032686,2.796066655823607,0.5393236498675777,0.559526161501685,0.09953743816853458,14.962795132305578,15.499240847858418,2.753173422219143,6.912697191111169,7.040696593365937,0.6822073855138544,6.0169094568965935,6.156361246076305,0.5758612009054798,20,1.0,0.9933125466551698,0.9932250920213758,0.0005741294001130831,0,0.0,0.1905830636907461,0.1952506829724273,0.014763198803440654,5.286715029863189,5.396060577035549,0.4058481377065998,23.498198489396664,23.167363552965725,1.1759039169794496,0.8471059388617188,0.838286203793234,0.04313749156850462,20,20,45.5,43.0,4.489754418322021,84.7130882176572,84.70734538029929,0.09470913750750704,153.67050225201808,153.67050225201805,2.9160058604848984e-14,27.740600882788918,27.645716883527932,0.1726847984627388
front,log-0071_183,20.0,self-supervised,full_log_excluding_training,2.7465862779666823,2.8177788732038795,0.5227965506760232,0.04865966157302579,0.048411840213859664,0.00893203565040155,0.1710879992627496,0.170091840158619,0.03133515222787325,3.8825092960787773,3.870823256668654,0.7107414219080552,8.304662242163475,8.488615567478679,1.5326037782416568,0.3969045354002474,0.4065381508717261,0.0716973697477127,9.00829085937385,9.251664486369656,1.633741797193349,6.570019018495357,6.5594360499540265,1.6458436240115368,4.65379837775326,4.6765228822743214,0.959969040431411,20,1.0,0.9893375296052561,0.9901896089304258,0.0031084709425179317,0,0.0,0.1710985790605153,0.17011289313966335,0.03134157340506123,3.882749455061885,3.8713023395488086,0.7108873989062747,23.349520771884297,23.39610215965513,2.0247981718453554,1.0289523351577088,1.0312356123613937,0.08925654878469715,20,20,53.05,52.0,3.9666371810786765,79.79445619936322,79.78377711603574,0.15618668492792198,151.6634824930142,152.4462174422029,3.5004971095016773,22.69267894541217,22.69794770999864,0.05575322299557092
front,log-0072_184,20.0,self-supervised,full_log_excluding_training,3.072157169583721,2.956562594953289,0.679873517557507,0.05760879363431618,0.05434227095324633,0.012574028195608447,0.18946528098685217,0.17851117765537525,0.041259928219266676,4.061343170654138,3.7921261836449305,0.8907423102775731,3.238336720885923,2.9453830406909662,0.7060136795076389,0.21009854819991874,0.20709261788568795,0.04957789500028963,4.504654402400626,4.386418616899253,1.0768667105513807,5.118482556722029,4.607809462364795,1.696138544327497,4.577586242098722,4.411595938020154,1.1838439890113002,20,1.0,0.9878533321524883,0.9879276245145393,0.003621582427128615,0,0.0,0.1894861746858169,0.17851805064397208,0.04125905092611706,4.061791068707123,3.792296887178233,0.8907257887948034,21.09094268768417,20.508114803572894,2.4686327548866327,0.9844743784936185,0.9602025245866135,0.11715788057017514,20,20,53.15,51.5,4.715874646787224,70.48900653257496,70.56805151561855,0.5752761047291989,151.72642722491187,152.19039707482895,2.074936247849972,21.429266223678137,21.401437875564405,0.16936509193627586
front,log-0073_185,20.0,self-supervised,full_log_excluding_training,3.5012749250853608,3.5033335264402856,1.3116437010868567,0.07672380584521751,0.07354062938125286,0.029211189037453806,0.27338912555104994,0.262379239828327,0.10484332014814014,5.314283708742847,5.1133498664970345,2.078302461004879,10.2051019445317,10.260028940508626,0.8813170531973298,0.5594015811812768,0.5631875247170914,0.04739856241832141,10.846347494848958,10.948896360016205,0.9404337610859715,9.471469347214223,6.872348250342798,5.456842147803253,7.2478987395195915,6.602920326501498,3.515194601424608,20,1.0,0.9674539620876921,0.9683238799491087,0.018588845072058463,0,0.0,0.27339874201553516,0.2623878519862473,0.10483962374942092,5.3144691951978205,5.113518484278441,2.0782326452565067,16.650455237676077,16.912487770372053,2.1871802620593632,0.8596545296364295,0.8739330853791315,0.11799419826307415,20,20,50.45,50.0,0.6863327411532597,68.99831892678944,69.59324433829434,1.2371354222342172,148.9408452697315,149.90437255734173,2.7485403810681617,19.387132139431507,19.394984898926545,0.26323074193430895
front,log-0046,20.0,self-supervised,training_window,2.85937255649612,2.7235139850710297,0.7266061320037657,0.06086048635391779,0.06084601047866478,0.017167274152355413,0.198696347159928,0.20102896570784995,0.05623578200542296,3.91560906056876,3.808022748101258,1.0403541404828802,14.170606107519145,13.9932066414494,1.583164734369457,0.7457019326508287,0.7243677726733191,0.11712872464955831,14.65834047256339,14.241356844775881,1.5693304448329646,5.830461189887627,5.608252955604662,2.247919877312653,5.295041053902056,4.936188303171197,1.8507207159377788,20,1.0,0.9836758625956843,0.9865586059851899,0.011866243821953561,0,0.0,0.20075917913865066,0.20189904322288632,0.0556348383538055,3.9546395068750675,3.8852411692277524,1.0214534414131125,17.864066567990477,18.047660272938344,1.7391824793384016,0.9016608640398381,0.9164167077670429,0.05939828848922742,20,20,50.4,50.0,1.3138933706635725,64.71310155988152,64.33203402255282,6.247995970329316,122.40082600737556,115.63070994301249,20.052588723947455,19.83115646680935,19.706744120175124,1.6773768731760983
front,log-0048,20.0,self-supervised,training_window,2.1550792599021156,2.1095919648259462,0.4235095634919595,0.0446289369612394,0.04371636368089622,0.007376443902844876,0.15096987675510204,0.14718223241138167,0.02382399685788233,2.9941279777443603,2.866675704435786,0.6163194274163899,5.638087799678329,5.808679221675163,1.1530161969403876,0.31525464896937627,0.3106640018339406,0.047919701204224084,6.25004628467586,6.459997286517034,1.1474637414241604,4.160589858151125,3.768116501549544,1.184643480823503,3.652129023008834,3.5969359052388863,0.9123033948304956,20,1.0,0.9905020972020543,0.9921291141971186,0.0035261715718684535,0,0.0,0.16411483083964623,0.1581077415228625,0.027779472455425575,3.2350179693569943,3.2301252330347774,0.5579143745274925,19.151261912314464,19.05456862024865,3.162085569322533,0.9624420252129651,0.9473346480048123,0.06253874805766718,20,20,52.15,51.0,3.645833959899696,67.23633310543809,68.5115704319122,8.43046758740303,122.34506294700643,121.53498344777249,14.046832129981588,19.84736264773273,20.131818835001138,2.483602270791834
front,log-0049,20.0,self-supervised,training_window,2.472587386510039,2.3230801792974645,0.9064581924183966,0.06163192142992646,0.05837564592338484,0.01979046274787826,0.20336165638423925,0.19551705998647056,0.06324818080446512,3.5416685112877686,3.3813072652269023,1.123176710449965,16.165045057645848,15.249498141867084,7.137416085518327,0.9567719299346992,0.9266862373453744,0.4304431118626347,16.571697952984536,15.978766568043714,7.136424878881933,5.77870647226524,5.074740117754511,2.043296972748226,4.314098208496256,4.08097054766421,1.0390900862011112,20,1.0,0.981446982164884,0.9844491553704993,0.014934250575882994,0,0.0,0.22047867824458106,0.20829695587521435,0.06603068516584676,3.83583033090513,3.777180311517121,1.1489632774351353,16.12138737609699,15.643880155802709,2.5943325259267525,0.9223247934499685,0.9148880758556963,0.0763537592964185,20,20,45.95,50.0,12.04585536933544,58.37093760129186,55.83300099845109,11.304280485087139,102.1509728546213,99.79494069090391,13.039754088557052,17.553047569586774,16.8668587151748,3.0325435026506438
front,log-0054,20.0,self-supervised,training_window,2.567324923815602,2.6618966933833685,0.6727974437956202,0.06028053119105057,0.06411489678839989,0.011008869578742328,0.201253050159038,0.21038141404364136,0.03792723187879401,3.5182400827274867,3.543012408218754,0.9062696593409476,5.897081362120106,5.932029306056503,1.3160473374238197,0.3968090640096492,0.39675106509258257,0.10938878838558591,6.694455865216989,6.690428175890878,1.3132996614633448,4.6642342111773605,4.926784286456339,1.4022059492239392,4.158626662205316,4.314001334291483,1.2720854189306627,20,1.0,0.9834167981900117,0.9839414621682079,0.006291773404204593,0,0.0,0.21203952343996577,0.21783238270682426,0.03139449114933136,3.7073520205835613,3.7297974727619296,0.8598289014036659,17.45939239142282,17.871506171110553,2.4349510610103877,1.0096341767046042,1.0209868243840745,0.0945745169223405,20,20,49.8,50.0,2.284962282309918,58.24293313560911,60.146041560827534,10.415209533105278,99.46294360665297,99.33895004070285,19.36082871658151,17.397738027161743,17.618503244761886,2.680162677171985
front,log-0055,20.0,self-supervised,training_window,3.234034521938465,3.2828287369276854,0.8602950844677097,0.05455036325400747,0.05454699246775094,0.007261936682436714,0.17994327397868956,0.17925380623392106,0.024746445070899344,4.246603679223447,4.375396469891399,1.034834656731495,7.712203810417637,7.437292137691813,1.1535754137074947,0.369878140764044,0.37957228704541013,0.05562841657390251,8.53060409774683,8.084372388359533,1.1831562291694853,5.089368943203529,5.397087497520971,1.2297555597678762,4.455453177702994,4.331158809445874,0.8869534973357966,20,1.0,0.9863234452175824,0.9873706540916802,0.003112505887709852,0,0.0,0.18274680720439707,0.1812060563355074,0.024383090331647206,4.306726149784529,4.419371751611118,1.020229515427926,22.164205302115626,21.862430537736593,2.411243239670971,0.9552134688360955,0.9694272549040702,0.07120087098253232,20,20,50.55,50.0,1.0500626547722611,77.07593678725371,80.53965844899051,11.228753853868179,134.57907958390192,133.48267356898805,6.087781796748288,23.329348300624936,24.13548559126675,3.0570026853232135
front,log-0056,20.0,self-supervised,training_window,2.724987979202203,2.6712151231688086,0.5696054541091906,0.05291764343998745,0.05537670708793842,0.009946275573231219,0.18079856697444527,0.18524262359546206,0.03097826633369338,3.9125150831050775,3.8178411179939387,0.7264599265966839,6.087157008276436,6.2955098244556,1.1900661509627162,0.3208929097037827,0.33503572639494494,0.053139092821679786,6.95462370573654,7.092919440534411,1.292993740936377,5.37566631543146,5.02595809250513,1.3423376316653632,4.701100166605354,4.779581691422988,0.8263941804490367,20,1.0,0.9857045449793596,0.9859068133043825,0.004363005737592496,0,0.0,0.1869285553798729,0.1884470091799874,0.028880717309089615,4.037345766918609,3.9687669065501474,0.6575707874229392,21.610557749145276,21.057632213421677,3.2948228948592106,0.9926782128362228,1.0003782491276296,0.07436506742424667,20,20,50.7,51.0,2.2266330494363245,74.75668150812339,76.44295015032884,10.743039795789214,121.37839398293427,120.06269069374967,8.230846730312631,21.73703633782583,22.699427707714452,2.526097229757916
front,log-0058,20.0,self-supervised,training_window,2.6927922757923555,2.5950730307701884,0.4957854890980543,0.05213473935926316,0.04866716158817007,0.01262405111639298,0.17729873455850614,0.1619373808203659,0.03796626347839499,3.77237527248896,3.471273029987201,0.7868306094198212,3.37408629124523,3.4291946549087817,0.9699815739240855,0.20479088212772267,0.19439075919624638,0.045842006925621084,4.3828615067314995,4.213601871182465,1.0634281400699888,5.2164430335961995,4.7051741279796335,1.776861191441481,4.611382174767908,4.067979467390264,1.2424070343137443,20,1.0,0.9863862800856265,0.9877224833071102,0.006381685645934732,0,0.0,0.20283147465685786,0.20228209480967047,0.04579026209637152,4.322541375846984,4.223500351413179,0.9934036649559482,20.765187654527473,19.77360203790835,2.903873103485154,0.9694608302064219,0.9804085056010228,0.07535861949451045,20,20,51.7,50.0,4.3054433111194435,73.39715795583966,76.75806874025247,9.517417280607797,127.91790072313816,126.85292950976654,13.880700211845872,21.429831641718142,21.86444069003035,2.3993105135710584
front,log-0063,20.0,self-supervised,training_window,3.8468294987610996,3.942880634004556,0.49888455559129513,0.0651627427761373,0.06662663377789749,0.006588195903607343,0.21232279698870143,0.218199853261969,0.021276705643390903,5.418263946344263,5.692124575427931,0.63266443469595,14.963754807617075,15.864047891114858,3.1192979476806313,0.6191289729890783,0.6422697083216689,0.12099254764669465,15.734683525919802,16.51026594891163,2.9648228428217207,6.9528922030070275,7.108177292891432,0.7567797333139697,6.705081713479098,6.867211847229694,0.7167673141409168,20,1.0,0.9883911911602332,0.9882059100719377,0.0023351682125399807,0,0.0,0.21455616147265388,0.21907170025057904,0.02101706300169704,5.472316688163447,5.714978835497149,0.6031491152421422,21.4815075204008,21.490396841139194,1.1608227725970122,0.8425166181983395,0.8268019860143085,0.0344846826725038,20,20,45.5,43.0,4.489754418322021,83.16375347095854,85.57952583332143,4.515773458238061,125.17184139532921,125.27300965539557,0.20545824157271755,25.512841592747776,26.096842782327613,1.2419320542560552
front,log-0071_183,20.0,self-supervised,training_window,2.31840241644672,2.2576646023058125,0.33522209424476285,0.05140006904637464,0.05235580836555996,0.00856111866968677,0.17043890867917183,0.17786357757136972,0.02941600674756228,3.3999734649523665,3.3350419042219976,0.5921692417089547,8.301103273594261,8.416104954650528,1.575959669092743,0.44629594511108983,0.43565705077114486,0.0922306160324315,8.856575240513825,8.915313809833256,1.5832011984148577,5.161982472072818,4.635196484132245,1.3967686380741258,4.30694079653257,4.259619347708192,0.9831719282964391,20,1.0,0.9882051745292524,0.988083987354555,0.0036498254133764036,0,0.0,0.17701006087221932,0.19024800479954415,0.03185611429957806,3.528713943861562,3.5147573939226135,0.6260137117045214,20.070179706873358,19.742935649217323,2.2894436483546676,1.0024250848825906,1.0238132905803339,0.08091172415485452,20,20,53.05,52.0,3.9666371810786765,66.2963852717636,65.73376636834499,5.229316455433455,116.93344785331578,116.58164291336837,11.840712295688189,20.004981400675998,19.877035480009262,1.3923823449930155
front,log-0072_184,20.0,self-supervised,training_window,2.610167194139648,2.4919889743006847,0.5764639842330638,0.05107368842817891,0.04923716071087825,0.009788815966165687,0.1720796285802472,0.16850552790794504,0.032013125330032526,3.573961536290144,3.4612991644294544,0.6372153957685016,2.7803497831472974,2.5972155091517406,0.6007807663973488,0.18633043761755813,0.17294075029402084,0.043386410563405337,3.8393232266029096,3.726816527748864,0.6644605642349382,4.592786027558761,4.521751226952219,0.8195402889895803,4.230929957680068,4.3356901737355376,0.9003365136431727,20,1.0,0.9889787158326058,0.9896227230852236,0.0041502191097939805,0,0.0,0.1788608211259342,0.17045288961817812,0.03332433577151374,3.7127462416736376,3.6442193204076347,0.6458592115144436,20.383970358770043,21.00896242987732,3.7284652946668277,0.9668024822459469,0.9612071109182272,0.09223066870857037,20,20,53.15,51.5,4.715874646787224,70.86150114782642,73.9698658824876,9.817752921106791,124.8855385164624,123.08872597145782,10.915596660913087,20.971298181463393,21.827826171126148,2.6177878328680353
front,log-0073_185,20.0,self-supervised,training_window,2.8305119507686434,3.031993803556017,0.8694738079303365,0.06843027786064793,0.07318692127892373,0.024844237745132752,0.22732448987192483,0.23816756972671194,0.08459412876284704,4.083871994440057,4.505732882261144,1.2636445117132395,10.084022267910656,10.097732270685354,1.1052589034315055,0.5903813200145616,0.6094379241281147,0.10179184670782893,10.635867667720401,10.486783219321826,1.0018310819705534,6.224237273556412,5.685521530755089,2.558574547152068,5.121348460590445,5.641706738226301,1.8881038524465104,20,1.0,0.9760264009603643,0.9720647106890719,0.014140908250196007,0,0.0,0.229887389199639,0.24128868191277297,0.0842377099774873,4.130862851658185,4.539043513023648,1.250601196823586,16.952705507708114,17.224411739427307,4.564064973057948,0.904185300751583,0.9122991214556071,0.0914307358030778,20,20,50.45,50.0,0.6863327411532597,61.84740138608024,60.15593034287218,14.147378995754199,110.88242854147093,112.00114700513741,18.53881245126597,18.575416145139158,18.960273121344898,3.8079125938690437
front,log-0046,40.0,self-supervised,full_log,2.730928361061708,2.657073327936624,0.5990373040771041,0.0580174042180578,0.05558923374392187,0.012730496413937522,0.1914072003616595,0.18339634019445222,0.04199961564373999,3.9368069662713707,3.7720419519328376,0.863835734155148,15.048985152540336,15.405763804588226,2.4540148631953502,0.7570476312909801,0.7701887286538849,0.109023286425712,15.570732882745622,15.841015105906418,2.242358869862637,5.160684725545891,4.5487980419405165,2.0372219869741044,4.834411904904996,4.47918743846368,1.428521093538252,20,1.0,0.9827914296447096,0.984417300127244,0.008000123938336394,0,0.0,0.1914072003616595,0.18339634019445222,0.04199961564373999,3.9368069662713707,3.7720419519328376,0.863835734155148,20.951784615583513,20.978016005469122,1.2508850287175468,1.0186738822116,1.019949250026841,0.06081791750838803,20,20,63.5,63.5,11.00956521919869,67.85562055611665,67.85562055611663,1.4580029302424492e-14,165.89980059488886,165.8998005948889,2.9160058604848984e-14,20.56770570194259,20.567705701942586,3.645007325606123e-15
front,log-0048,40.0,self-supervised,full_log,2.730233056279661,2.654002388172583,0.6165390786196554,0.050287264270079526,0.04767935224062133,0.01061048476793953,0.17412179361501645,0.16509178717599804,0.03673925527139281,3.9073229131927443,3.704688019921052,0.8244351896175871,6.038164336410992,5.877427153701905,0.6780730068076467,0.30734673376672744,0.3014420925682413,0.036758862241100296,6.896913420251588,6.7644122590239615,0.8248751733807094,5.068831889353899,4.357057918290256,2.000823206599005,5.068831889353899,4.357057918290256,2.000823206599005,20,1.0,0.985664701889435,0.9869299217064724,0.005292552313011804,0,0.0,0.17412179361501645,0.16509178717599804,0.03673925527139281,3.9073229131927443,3.704688019921052,0.8244351896175871,21.930035954891714,22.037379357192812,1.3705209670413678,0.9772668600321495,0.9820503975478992,0.06107444259661526,20,20,76.75,69.5,24.795744541522062,77.7000493048807,77.70004930488071,1.4580029302424492e-14,147.02804677703884,147.0280467770388,2.9160058604848984e-14,22.440171514841165,22.44017151484117,3.645007325606123e-15
front,log-0049,40.0,self-supervised,full_log,3.18884835501352,2.218884332886012,1.618449378707165,0.058295112789355154,0.0429594231230432,0.023159594294812222,0.19368401361560694,0.1427315789429517,0.07694715666709256,4.6938498372823,3.459039215936789,1.864781672265307,10.75873995362831,5.618531236170616,9.336243107452669,0.4794372630606462,0.25546332890019574,0.39104824448330366,11.618958514926959,6.191045313474209,9.476888177154018,5.300717975709846,3.524729634815156,2.5888963041917354,4.952655622070955,3.5996504966530303,1.988127388414981,20,1.0,0.981511681652764,0.9899198802578679,0.013535341380934545,0,0.0,0.19368401361560694,0.1427315789429517,0.07694715666709256,4.6938498372823,3.459039215936789,1.864781672265307,22.66852077139827,23.615673467922996,1.9844358089594007,0.9353793235693395,0.9744620258562045,0.08188448833385094,20,20,52.35,51.0,3.8835008622850102,80.5187538489403,80.51875384894029,1.4580029302424492e-14,128.68361647506669,128.6836164750667,2.9160058604848984e-14,24.23457542860456,24.23457542860456,0.0
front,log-0054,40.0,self-supervised,full_log,3.2620288926321046,3.276383180728435,0.5872951170445528,0.07533397296010344,0.07426552992061786,0.013346623282431502,0.25120164934444006,0.24763891870375682,0.04450440684312867,4.50671633667703,4.442798697507666,0.7984371834240435,6.468690403423993,6.730989330628034,1.4448468266321637,0.4251843753690941,0.43610739744401317,0.09640262158134384,7.628076390327756,7.824042309179758,1.729523953019188,7.185687900270716,7.08461715496666,2.054990062858389,5.4004640226319145,5.011218207831783,1.05790461315237,20,1.0,0.9760063199287805,0.9770537488950171,0.005924418188804848,0,0.0,0.25120164934444006,0.24763891870375682,0.04450440684312867,4.50671633667703,4.442798697507666,0.7984371834240435,18.479633433017547,18.7227929950458,2.249815542205721,1.0300436173174965,1.0435971845873655,0.12540336082912742,20,20,58.7,57.5,9.02102806604774,59.823160250207,59.82316025020701,7.290014651212246e-15,135.8929688934449,135.89296889344487,2.9160058604848984e-14,17.940631952211263,17.94063195221126,3.645007325606123e-15
front,log-0055,40.0,self-supervised,full_log,3.4439587209245985,3.1675308857889855,0.5265786687285778,0.057872314596147945,0.053868804979813376,0.008397951310021263,0.19955978988577108,0.18575457847481136,0.02895846503796702,4.730098003434486,4.402877760471966,0.6863926732786254,8.092150819196982,8.464434555743777,1.146792261231812,0.3763564953738549,0.39303874299979913,0.054803665653352804,8.920650339261574,9.316063995657213,1.2989926960546399,5.294665508490409,5.411953531878542,0.8684012776285591,4.752507459033791,4.464660669609608,0.6973307842970135,20,1.0,0.9850188896006102,0.9857181022080459,0.004241806052897188,0,0.0,0.19955978988577108,0.18575457847481136,0.02895846503796702,4.730098003434486,4.402877760471966,0.6863926732786254,25.521097511646012,25.495034908341545,1.2548733306949267,1.0767186754651545,1.0756191110088706,0.05294229802953502,20,20,60.85,52.0,12.342801012821413,81.73334756770427,81.73334756770429,1.4580029302424492e-14,144.98409225186288,144.98409225186288,0.0,23.70266077220274,23.702660772202737,3.645007325606123e-15
front,log-0056,40.0,self-supervised,full_log,3.236657892132687,3.258459260252701,0.48998287733782114,0.059988388339782296,0.061776333403158454,0.00784517924205489,0.20669133302135548,0.21285173770542487,0.027030740451755852,4.655660760837399,4.794422042886597,0.6088593837875991,7.520758540534516,7.907734048697815,1.1706533163541462,0.3846387423755405,0.40770665397522377,0.06496354746791358,8.663873195837528,9.1834710391492,1.463284572265611,5.5744865746569525,5.1453271256903985,1.1159701957196535,5.037540987826836,5.036364028469945,0.582496506945791,20,1.0,0.9821952663111139,0.9814504206176861,0.0024459559092735073,0,0.0,0.20669133302135548,0.21285173770542487,0.027030740451755852,4.655660760837399,4.794422042886597,0.6088593837875991,23.688968458794513,23.89226178783926,1.3108221702830027,1.0516884111995306,1.0607137614845135,0.05819487193070475,20,20,69.8,70.5,6.143888705132332,77.60936557366924,77.60936557366922,1.4580029302424492e-14,148.73146404505894,148.7314640450589,2.9160058604848984e-14,22.52470238002855,22.524702380028554,3.645007325606123e-15
front,log-0058,40.0,self-supervised,full_log,2.812132977987695,2.741765354125932,0.21858969771774997,0.04857016520738958,0.04723940377246155,0.003578743214102577,0.16679744811225117,0.16222740783249479,0.012289956869871384,3.902487553985126,3.7955643035709006,0.28754279077105577,3.2381523133595445,3.20382268700628,0.3053427979396854,0.1852214568802258,0.1789989081053509,0.018418762041664944,4.333546096698243,4.187959821711155,0.4309357873331373,4.969937453361723,4.372729870007426,1.0279508435868756,4.969937453361723,4.372729870007426,1.0279508435868756,20,1.0,0.9868318989466914,0.9874633806721547,0.0018967534055684568,0,0.0,0.16679744811225117,0.16222740783249479,0.012289956869871384,3.902487553985126,3.7955643035709006,0.28754279077105577,23.241246931698413,22.96731520194652,1.0224002168588768,0.9933614458796447,0.9816532436502918,0.04369872927521009,20,20,92.55,91.0,13.90371022046766,80.3474218652934,80.3474218652934,0.0,161.1697294857218,161.1697294857218,0.0,23.396566303333564,23.39656630333357,7.290014651212246e-15
front,log-0063,40.0,self-supervised,full_log,2.4639763491666002,2.4540446137259613,0.046766718319632944,0.039664210328655386,0.039528507747029276,0.0006914610066466815,0.12273271677326958,0.12231281312768794,0.0021395834477818025,3.369494082736419,3.3579660820019415,0.058739950979327764,4.246031179641709,4.4358353742624566,1.0825697725242067,0.1832834498742857,0.1880788048538282,0.03523548537590998,5.031849013460658,5.163500301340469,0.96735216654417,3.323472077074485,3.290030882524337,0.17504718249776438,3.481678365093876,3.4549380119444395,0.07369416434619404,20,1.0,0.9926567549539064,0.9927191676190353,0.00017938356945358983,0,0.0,0.12273271677326958,0.12231281312768794,0.0021395834477818025,3.369494082736419,3.3579660820019415,0.058739950979327764,27.100457423166453,26.995471675914953,0.5623175974419677,0.9871252727181969,0.9833012013097723,0.020482234047261624,20,20,55.75,57.5,3.3225703430041214,84.9504894920883,84.9504894920883,0.0,153.67050225201808,153.67050225201805,2.9160058604848984e-14,27.453919144974673,27.453919144974673,0.0
front,log-0071_183,40.0,self-supervised,full_log,2.6972635875271753,2.5931793684874975,0.40960774650925824,0.04918904889705696,0.047726439860245176,0.007324212162885381,0.17240898154963397,0.16728249628317257,0.025671566903015742,3.8974661966216217,3.7815772049117546,0.5803297677389863,8.720649512356932,9.338232467756217,1.7648823619080276,0.4192135745346148,0.4478786208384079,0.0762901053534612,9.476714735091761,10.12471490300334,1.724609147848936,5.551231467355842,5.8094794828203415,1.2873185774694107,4.429752816844256,4.353990294235164,0.7625795198581261,20,1.0,0.9893404783107176,0.9893665373123564,0.0013880980365988966,0,0.0,0.17240898154963397,0.16728249628317257,0.025671566903015742,3.8974661966216217,3.7815772049117546,0.5803297677389863,24.205362504802974,24.263346458548252,1.153332308154068,1.0707525574205583,1.0733175455197776,0.05101900532440615,20,20,93.25,93.0,15.77431289687196,79.2344288822956,79.23442888229562,1.4580029302424492e-14,152.4462174422029,152.4462174422029,0.0,22.60593480450205,22.605934804502045,3.645007325606123e-15
front,log-0072_184,40.0,self-supervised,full_log,2.935498286088989,2.800179670923479,0.5543652682882685,0.05786387880508753,0.05603069898132211,0.009783096359264592,0.191081394910105,0.18502776412904232,0.032306297771104296,4.098452539617008,3.968609869899099,0.6929289385180409,2.976977620049559,2.7853569426200915,0.6788097117686301,0.20129898241233368,0.18625882839284935,0.04084343837060614,4.317606777354119,3.995014630345847,0.8760397305841999,5.478684731343511,5.258364084928993,1.6168876057369646,4.709297275534025,4.532199744222289,0.826311976672498,20,1.0,0.9876503650142885,0.9875708895477124,0.0035759403161110485,0,0.0,0.191081394910105,0.18502776412904232,0.032306297771104296,4.098452539617008,3.968609869899099,0.6929289385180409,22.438026196365527,23.163132043846716,2.1112858435946844,1.0461239463399177,1.079930422187782,0.0984340894882559,20,20,85.05,84.0,21.52226509308075,70.82920509740634,70.82920509740632,2.9160058604848984e-14,152.19039707482895,152.19039707482895,0.0,21.44872629564559,21.448726295645585,3.645007325606123e-15
front,log-0073_185,40.0,self-supervised,full_log,4.510396050037501,4.722031079355065,1.952265985074099,0.09687767440951978,0.1067760176595479,0.039870933346385896,0.34254695110832084,0.3775462150975437,0.14097847351200957,6.63448318547412,7.312352387605895,2.730485000677959,9.640274153553372,10.122495001757535,2.1247718482403446,0.5513169972726458,0.5556291181323713,0.09879396087792909,10.677962061658533,10.761479644416214,1.9134511930416855,12.440389697231907,12.844443298434705,6.51998403091245,9.208435020643185,10.278182916654035,4.389974808998907,20,1.0,0.9534789694794364,0.9530582896143589,0.03195366194636152,0,0.0,0.34254695110832084,0.3775462150975437,0.14097847351200957,6.63448318547412,7.312352387605895,2.730485000677959,16.021528254447308,14.77462698350852,3.979770058164058,0.8272122337535995,0.762833107791183,0.20548067745820361,20,20,50.45,50.0,0.6048053188292994,68.48309712131342,68.4830971213134,1.4580029302424492e-14,149.9043725573418,149.90437255734173,5.832011720969797e-14,19.368098778891632,19.368098778891632,0.0
front,log-0046,40.0,self-supervised,full_log_excluding_training,2.7389270560798584,2.663847674380762,0.585030584739975,0.058075216157135144,0.05572766322873094,0.012763619878988811,0.19187808443763582,0.1839131869663426,0.041516531908312095,3.9439966289722888,3.7757042986539533,0.8455431029855224,15.078890223406981,15.448932253453485,2.464028704366486,0.758803956961826,0.7686763515698436,0.1095232895947001,15.600802376083337,15.886423339488898,2.2537513653028896,5.181829109224309,4.563362645285894,2.054614115272324,4.83550695447026,4.468421033104139,1.4483511649635639,20,1.0,0.9827513383374994,0.9843436214781103,0.007994626099510592,0,0.0,0.19189291288606614,0.18392366518328832,0.04152326191434217,3.9443027842900746,3.775919324761165,0.8456875158600179,20.97008158588725,21.125110132338914,1.2551696115678088,1.0199686891154678,1.021593841773292,0.06047746478169245,20,20,63.5,63.5,11.00956521919869,67.95648525998527,67.87257303949936,0.7076387305497307,164.6871923043105,165.8998005948889,2.78972766360082,20.558875018223517,20.551760555112224,0.13083039718275494
front,log-0048,40.0,self-supervised,full_log_excluding_training,2.767677006527239,2.7250826751166466,0.6431571310532576,0.05062882441647869,0.04860299298394767,0.010545010817360619,0.1761726018820879,0.1699004686016351,0.036786910068814654,3.969123985283102,3.791288509814417,0.8569900850593075,6.027358747049908,5.789308909145115,0.6947499844321513,0.3065909965248609,0.29959619101434354,0.03558029216297217,6.9036605766012284,6.685311614564774,0.8324791391322635,5.107368839222422,4.450965809939207,2.035182184578298,4.952780795353926,4.2600911832855655,2.087610748220386,20,1.0,0.9854151264524404,0.9863354280604826,0.005119696747413399,0,0.0,0.1762605376741994,0.1700263293504181,0.036760444239781566,3.971106388897443,3.7940973208946955,0.8564184203313167,22.002438146139855,21.898134040917896,1.3995291544048,0.9776477774261307,0.9882872910288456,0.06315855473005143,20,20,76.75,69.5,24.795744541522062,78.31220898532187,78.29226327867502,0.749561241565174,146.46702778775173,147.0280467770388,0.9604523441333167,22.509737239593996,22.45820799698266,0.28212165441682896
front,log-0049,40.0,self-supervised,full_log_excluding_training,3.4050625142941575,2.246532473844706,1.8960181186452651,0.0603605751133376,0.04392508645305376,0.025610586489867866,0.1941950642557879,0.14781698705129048,0.08065625467439785,4.883969043813284,3.513684257433437,2.082911847392408,10.54240008530248,5.579474977141958,9.084987635198559,0.4541199720278836,0.2406078895775256,0.3653512330275874,11.445438454513749,6.165874356249892,9.313264531500796,5.295075605547887,3.790789178142577,2.505686720562701,4.966960826417121,3.790789178142577,2.013163846760909,20,1.0,0.9817827042748457,0.9895451629311367,0.0137042983699593,0,0.0,0.19457425095327965,0.14795091701233776,0.08100845994424268,4.893561658941554,3.5150612306804527,2.0919181134223606,23.162946072586813,23.494804317121012,1.9512251853236526,0.9252586032262492,0.9629499451355581,0.0836556823657095,20,20,52.35,51.0,3.8835008622850102,80.83797044654399,80.87941667513564,1.0695688259142524,124.64124277774889,128.6836164750667,5.727649165650397,25.05856595667388,25.347743280955598,0.7238994532162152
front,log-0054,40.0,self-supervised,full_log_excluding_training,3.2622238406050093,3.252093322795057,0.5899335992367817,0.07521446086608195,0.0742449172884698,0.013052408746740693,0.2513123360878641,0.2474590018333349,0.04387637539107657,4.511422697794287,4.4607411326241735,0.7993099426952854,6.467496165711151,6.787650441528902,1.4315683535144985,0.4247789067258907,0.437059077999568,0.09408577340940623,7.628599812649044,7.883277228315585,1.7179618956272844,7.1492448191624405,7.043790049947111,2.088209075768093,5.398478036646898,5.023317185921892,1.0499958408931995,20,1.0,0.9759910650462343,0.9768160849650569,0.005918121657292493,0,0.0,0.2513285137534627,0.2474614925013402,0.04387729176029455,4.511711786327227,4.460786055034431,0.7993209233038966,18.47816240978124,18.791119071771387,2.325237582863856,1.0291994455817517,1.0449491188344322,0.12577907611350828,20,20,58.7,57.5,9.02102806604774,59.95955152596881,60.17680960432782,0.6612304778175134,135.42112759104097,135.89296889344487,1.4522968856582583,17.946929483484883,17.978390290546102,0.15663125926183688
front,log-0055,40.0,self-supervised,full_log_excluding_training,3.4243519671112566,3.248132133830738,0.4545014184912166,0.05771881493898477,0.05455970183175508,0.007882921700436047,0.19878361631569869,0.18542153381327708,0.027628552196183088,4.709516025061353,4.511159753191222,0.6081209063352804,8.125148205316494,8.518195022957988,1.2224839021513794,0.3779913175565915,0.39853262209672297,0.0583662836776427,8.962184695721543,9.431700115962718,1.3758294635930315,5.263948226123922,5.658433519110131,0.91676927762054,4.719363521417873,4.501762700233472,0.630100944674908,20,1.0,0.9850083090459918,0.9855348372302959,0.00467418637041001,0,0.0,0.19893286174167785,0.18563333529779247,0.027629211183900382,4.713101855484097,4.5163176775139355,0.6084917909803538,25.513597326258385,25.866025464255635,1.3671339900332276,1.075449234192087,1.0787250000598787,0.05176430832108258,20,20,60.85,52.0,12.342801012821413,81.66677312821068,81.66331279239847,1.0580713563683417,140.67471368704574,144.53641237003515,5.131132207411813,23.721695787544757,23.532664190255915,0.5002734935083873
front,log-0056,40.0,self-supervised,full_log_excluding_training,3.2709629539026475,3.2585627800351444,0.5134192904939249,0.06113907068325053,0.06287970646040866,0.008072463354055875,0.20948334889398085,0.2157846439572577,0.02710180533435401,4.707435040769128,4.85176896117701,0.6056392079025403,7.67436303940485,8.091284875309288,1.2303908939013521,0.3923308113239842,0.4199038047415924,0.06826117886887331,8.813772340373419,9.36503387217273,1.5189942556705371,5.576676844369581,5.159844857472011,1.119949403798101,5.0584353194970415,5.078394962112245,0.5688665368531541,20,1.0,0.9819167335703494,0.9813118199359083,0.002577617322960893,0,0.0,0.20964474254962134,0.2159095785987673,0.027092254720138067,4.711065709398054,4.855023230262506,0.6054505376080731,23.709139400613843,23.718138307192323,1.32095255031297,1.0549101593127426,1.0682780301079293,0.05930197874511292,20,20,69.8,70.5,6.143888705132332,77.0423398592641,76.99059504858289,0.9734516411061839,148.3074814549624,148.7314640450589,1.896107785464553,22.477672416588316,22.4434557617842,0.2691029047718522
front,log-0058,40.0,self-supervised,full_log_excluding_training,2.7829521819026977,2.7007684160096126,0.24031643343790074,0.0481385116781145,0.047046167081592816,0.0038937183001839116,0.16544691463787478,0.1622704812561615,0.013870956455650382,3.885773902024023,3.8083360999571187,0.30367446872900905,3.2612412959926296,3.2486118708464256,0.2823223126372044,0.18578863764150264,0.18109801025802058,0.018301124886077394,4.363071246915036,4.291280456439061,0.4042207175145147,4.985986238574075,4.393263001766478,1.0718341556090227,4.985986238574075,4.393263001766478,1.0718341556090227,20,1.0,0.9870590402076418,0.9879578361147217,0.0021780859293496044,0,0.0,0.16564264622548666,0.16235903538893542,0.013775961535034966,3.8903753720750793,3.8134033326775496,0.30131334906768437,23.38544770175766,23.240139523986553,1.0677453131094063,0.995209566570199,0.9864158455733463,0.043951437114995016,20,20,92.55,91.0,13.90371022046766,80.74115627331489,80.66507267096593,0.7997104136895024,161.04636639029096,161.1697294857218,0.3012917839365238,23.497166238470506,23.498603720147074,0.19340311483702607
front,log-0063,40.0,self-supervised,full_log_excluding_training,2.661114623597708,2.681365012762326,0.04498451235092809,0.04073170428208686,0.04041214533730769,0.0008373164108511893,0.12154436567973285,0.12106397824203965,0.0025975779067904437,3.4800671523012285,3.4562520047670753,0.07870736449349379,4.29192146425928,4.449356648384056,0.9506127740716643,0.17836955969368773,0.18243288500604968,0.03081501086371165,5.102944099120475,5.212684437745086,0.8592080728416986,3.261791852357857,3.247570856000351,0.20858610661469434,3.4429508675199836,3.4277400405869356,0.09247759547903235,20,1.0,0.9928096881454606,0.9927855472955534,0.00020041703253288385,0,0.0,0.12167641191309227,0.12110904078369411,0.002690426201725364,3.483863541323226,3.4583848996691495,0.08194844705559948,28.53481732251069,28.323224666347002,0.7581560785470912,0.996514674685576,0.9919818826857834,0.021486677710774987,20,20,55.75,57.5,3.3225703430041214,85.44005110038454,85.57720694749167,0.905941007894486,132.9935514667307,132.99355146673068,2.9160058604848984e-14,28.631804219550368,28.576107332571745,0.16142838106794138
front,log-0071_183,40.0,self-supervised,full_log_excluding_training,2.7362335572303227,2.668389749226264,0.4198833443766266,0.04919905231398996,0.04811312227725387,0.007505695789535318,0.1723915490848219,0.1690158016069151,0.026035912248862227,3.924750295044526,3.835793388617312,0.596639073458942,8.748398794815248,9.4670973521593,1.790764331650036,0.41791747714465544,0.4483061405797103,0.0767353995720017,9.515523117935828,10.209220902712694,1.7579274586301468,5.562386141128844,5.844148570233404,1.2927447815315516,4.429825534890955,4.393090167305999,0.7710714999055929,20,1.0,0.9894897672117333,0.9896516472032622,0.0014379063176272117,0,0.0,0.17243040924407294,0.1690175829487836,0.02606002530959498,3.925636098221389,3.835833920064796,0.5971946066346028,24.42280542345639,24.434200481180827,1.1810962792387207,1.0728537482994138,1.0756063951177555,0.05087470307164228,20,20,93.25,93.0,15.77431289687196,79.78017827473386,79.77832854093944,0.20691443595141767,150.8564399227558,152.4462174422029,4.81132268440112,22.763470631443553,22.76730129374366,0.07428257836737263
front,log-0072_184,40.0,self-supervised,full_log_excluding_training,2.9831423369966337,2.839365474911927,0.5884646395274985,0.05891075693214074,0.0575118711649371,0.010374326249624914,0.19336845157349042,0.18778614658887605,0.03404016273023705,4.137463505415122,3.9653923252464485,0.7216396464449503,3.012679002761025,2.8082346592873444,0.7013790891878261,0.20423794184169625,0.19130813026960897,0.042386801309355245,4.372424605848746,4.039765048998844,0.9186855757911482,5.517810519637446,5.341638957914414,1.6456770000700631,4.717050152010819,4.542934900158045,0.8361106555827233,20,1.0,0.9875668103833298,0.987447614982124,0.003592637203229068,0,0.0,0.19343505363852864,0.18791855475388985,0.0340592218340013,4.138879643342007,3.968188338972787,0.7219899998382846,22.438540799269088,23.014758265097278,1.9894208500176964,1.0490849310868415,1.0850025453878587,0.100710959822409,20,20,85.05,84.0,21.52226509308075,70.2637809943138,70.1815898743203,0.8710450485013189,151.18552597710473,152.19039707482895,2.839595846345802,21.40590530430816,21.380185173495867,0.2402218136278032
front,log-0073_185,40.0,self-supervised,full_log_excluding_training,4.589171497660022,4.696272476861622,2.047234926468609,0.0969833893885583,0.10660948312278143,0.03992517881028568,0.34513514196172396,0.3764408595113149,0.14160657856742015,6.737415532598109,7.121510318644646,2.8377352824527486,9.693823918001048,10.108260191564298,2.150085831267412,0.5516585078339811,0.551216974417247,0.09951337807177531,10.742345278041032,10.892693142304022,1.9644472136587403,12.485484677186324,12.672848710649301,6.604162714277768,9.282791799546057,10.297518720987139,4.459986499527057,20,1.0,0.9533553563412862,0.954323146183774,0.03203382278361036,0,0.0,0.3451648146814003,0.3764862363246318,0.14160075340499573,6.7379903377633426,7.1224470596688905,2.837623143586081,15.992056770074296,14.708646269491894,3.817393360077258,0.8248653804578074,0.762262241153742,0.20836672393382233,20,20,50.45,50.0,0.6048053188292994,69.33431370640665,70.18426064186738,1.9313703635892678,148.72515744150877,149.90437255734173,2.9385713759980447,19.455999522967012,19.525377611136033,0.44633809242953154
front,log-0046,40.0,self-supervised,training_window,2.663936884718916,2.560108118707292,0.7534338685281516,0.057003098478309276,0.05482056782127418,0.013409352942657032,0.18709726100303156,0.17955053060810416,0.04604143817111797,3.8341147646737936,3.5599568839895617,1.0445375807858632,14.783870897599366,15.140449389951952,2.3953218436194104,0.7503399723632792,0.7788543481505826,0.1123784794440419,15.296924200577877,15.593154843652634,2.17348237519556,4.9656702079215815,4.656565570597915,1.734323963776725,4.872843136784925,4.621015316921187,1.325284338455062,20,1.0,0.9832758928429085,0.9843120007464823,0.007991765386243655,0,0.0,0.1884092512003893,0.1804695284440256,0.04650407191653308,3.859766824883762,3.6024249443647975,1.0498997764182132,20.57239941772498,20.76631865048288,1.8099707710926853,1.0059060179786043,1.0184984983652996,0.06471495202115007,20,20,63.5,63.5,11.00956521919869,67.13316032638403,66.74367318533224,5.454162010249214,133.38767325668186,128.48474116409312,16.762734794081542,20.451080613159224,20.6791755745095,1.1680286210951492
front,log-0048,40.0,self-supervised,training_window,2.2885312961941833,2.0140678160917003,0.6199719432309835,0.04752332846894738,0.04163329462901476,0.012959824865747422,0.16030597301420257,0.1362718309220336,0.04480151271572209,3.160221338579804,2.8821601093392184,0.799965855986224,6.12374799942199,6.353984982936601,1.066982479623968,0.3446499404913401,0.3577718843183665,0.0648382925479848,6.797959807456533,7.12792661449914,1.108907268182512,4.506888955076213,3.9319615129098033,1.4925964879685796,4.110776257839067,3.73891656545537,0.9012665510838707,20,1.0,0.9876250703932443,0.9908902253040541,0.0073890811787653155,0,0.0,0.16811301497528672,0.14650777593538084,0.04389693439597858,3.3117845547318736,3.0273857216511266,0.7659064362737895,19.546594825219522,19.44544026826455,1.8621805669422145,0.983588596182759,0.9702082578491031,0.0563476113312227,20,20,76.75,69.5,24.795744541522062,66.93665332440173,66.83655086656299,4.815323392461861,135.345103238438,136.6388428579338,9.702333476734035,19.8596153622066,19.946708132117493,1.3295492210003934
front,log-0049,40.0,self-supervised,training_window,2.1757044231882916,2.277281473759098,0.4620670297633194,0.05061518882379449,0.04924066138697955,0.010615820598889908,0.17054190382607856,0.1678217230868829,0.037605917526334035,3.2561189776956523,3.3549889668804216,0.6240407823309004,11.692532486865858,5.792093849320461,10.426487247775757,0.673301630237461,0.3571395348054833,0.5883029690582786,12.326854635307294,6.416422970272091,10.16968597507438,4.270053468178693,3.9510424360097094,1.3911503138516195,4.291151011345142,4.145669968392694,1.3442209112603687,20,1.0,0.9865138373942607,0.988512171529661,0.006292364229796908,0,0.0,0.18880382311407076,0.17686430875386683,0.05082976293189229,3.5791439949026165,3.520481464284458,0.7780512133027873,19.748209968851036,17.561254436565605,3.8709672749417607,1.015178244193339,1.0122012024569562,0.058282076685850545,20,20,52.35,51.0,3.8835008622850102,65.24872307325218,61.1065724994305,11.219573635880968,115.24957629366179,113.38702968087262,9.640451904981505,19.458585044932793,17.890716019813844,3.71078949949122
front,log-0054,40.0,self-supervised,training_window,3.188633323658015,3.0403475697168845,0.7180640011934986,0.07619584559367826,0.0740846198560306,0.021714185354843752,0.24990750846729334,0.2368896015015861,0.06586626631507629,4.299385493533732,4.043373507519622,0.9917327414894155,6.488487736111101,6.316679641661283,1.8467087749557256,0.4483060561476571,0.44788613021655277,0.1616702968442151,7.574114829331018,7.28037379052694,2.0920731326632147,5.773934733594723,5.09723561205721,1.9751181234687993,5.374525010406936,4.926151409859903,1.6628380842330988,20,1.0,0.9770230196385816,0.9781080114427962,0.007654971000212883,0,0.0,0.2541911807572128,0.237223704525588,0.06723526637795761,4.37646651201017,4.068829139289122,1.0215513709526463,18.141169864554843,17.45633984391833,2.668607676756848,1.0460029119507612,1.0420261219985107,0.13024673219965527,20,20,58.7,57.5,9.02102806604774,57.86453602774689,56.769648321113294,10.26273241405469,110.21152273036941,107.56303876052846,17.228516237118487,17.48290108403199,17.151352085280124,2.6049578918955376
front,log-0055,40.0,self-supervised,training_window,3.4584546804783236,2.9904826332022703,1.104595737094241,0.05834070053032829,0.05552920840980462,0.013065317110992205,0.19834670553842745,0.18849797462580314,0.03975407161225175,4.660508008099846,4.17646859577894,1.2686760688483467,7.928035296419071,7.86515008271796,0.9813219802812654,0.37551185057376985,0.38931080222250536,0.0512626885931209,8.676128490412763,8.578442837277857,1.1431770205899665,5.15990008821791,4.810862040651229,1.2208588314003932,4.883043826962186,4.631370105122258,1.079630122552654,20,1.0,0.9856841823314095,0.9858581670253521,0.003316815457852625,0,0.0,0.20309638950673822,0.19360691732917812,0.039686216226431974,4.7596950924903645,4.3603281273667065,1.2311250783438386,25.164780926384495,24.568727690623383,3.6315362229492214,1.078413360328446,1.059584231560721,0.06353731038459473,20,20,60.85,52.0,12.342801012821413,79.47235726102906,81.85830029439798,8.471241029229489,137.4542520300024,134.93422474103428,5.99083440899573,23.287238229891077,24.36284453575503,2.623120217046737
front,log-0056,40.0,self-supervised,training_window,2.8924764366834252,2.8493295342614067,0.48430977907189965,0.05389216882772665,0.050781816975270705,0.010532137034685465,0.1866355174297499,0.18049978008990114,0.03786070824000472,4.114820820952208,4.103879283512874,0.7098755479986438,6.549203955497046,6.74677674508053,0.9472296130418587,0.34491851991559236,0.3341716134095961,0.06121847408906959,7.624956220753655,7.905250764039968,1.2085667530911548,5.163731050600509,5.21993725152665,1.1577706000150143,4.813186619562134,4.657641623693355,0.8190425896635476,20,1.0,0.9843905303863787,0.9852668508254763,0.004395986007891409,0,0.0,0.19418892895842862,0.1851823940572246,0.03710086183485202,4.2814461100672165,4.233350015003597,0.67975330790974,22.743185744918016,23.049741162376613,1.7388792838972997,1.0253071060069705,1.0219611059221232,0.05830543725803355,20,20,69.8,70.5,6.143888705132332,76.85280237223643,77.92730070832852,5.795677540461451,126.52314572201972,121.80385826835659,9.882175660159035,22.20313636645664,22.668574509535514,1.5578724535510562
front,log-0058,40.0,self-supervised,training_window,2.6342352387434107,2.755677230705156,0.3673536065312382,0.048471651365516254,0.04839654793739784,0.005679419062218761,0.16805888783497708,0.16492042848433439,0.017323712811258295,3.604562467846905,3.684003676550828,0.5398338946725705,3.0290377829613337,2.902273362376077,0.640705286530338,0.1864014536331315,0.17982648313695115,0.025863969948567163,4.020031327646924,3.7510811133501862,0.8346898352343523,4.4259405243813505,4.251848934471609,0.969782001021771,4.261262660932028,4.145002022217717,0.5820145760457376,20,1.0,0.9864438738317611,0.9864479358581979,0.002264984811489688,0,0.0,0.18601021699078304,0.18939838212732374,0.022956304734016768,3.976705036510001,4.035004756599985,0.5415829146590627,21.151344996626126,20.4686967170933,2.2210291521637235,0.9871540530934777,0.9675496355391985,0.040644644810701874,20,20,92.55,91.0,13.90371022046766,74.36762829983097,76.73761140689521,6.344596143976834,133.05868261702423,134.87784474320284,10.561838467776903,21.398109564247825,20.950747847390794,1.6575113644385961
front,log-0063,40.0,self-supervised,training_window,2.0411289257154315,2.002465810479417,0.0959893731546012,0.03888424848068488,0.03908485378586293,0.0008985664413041767,0.1318026151337799,0.13211522364922373,0.0031934304777974697,3.0825054593397705,3.0760111342664533,0.084027445861381,4.145752996095846,4.427939541062533,1.3727884238097523,0.207555251053114,0.21706286325696916,0.05138676373244255,4.859638262014414,5.0661476054228,1.226027440873127,3.7222518168494387,3.660000496187596,0.19269355493330317,3.947517916765719,3.8928979005109907,0.1334405716350518,20,1.0,0.9921296809245661,0.9922681118876138,0.00042896397935906296,0,0.0,0.13269909555184115,0.1335879732619984,0.00310478280952867,3.1034082564223238,3.1082178774807954,0.07962938562873999,22.28588294075409,22.244977005964323,0.217199337862306,0.953018894040311,0.9541802285523476,0.013237959119981357,20,20,55.75,57.5,3.3225703430041214,79.27293281152338,79.17778919328522,1.0548231744046062,153.14450300523626,153.14450300523623,2.9160058604848984e-14,23.386039905506927,23.359002214188852,0.14638381003965223
front,log-0071_183,40.0,self-supervised,training_window,2.269476609823804,2.253144966753513,0.4254581955861551,0.05048560248588217,0.05124226174031783,0.008773119451106802,0.16848782108647797,0.17034476453124484,0.029956547219333905,3.457060234295173,3.5298798556812256,0.614752552886787,8.43966133371443,8.482467113674552,1.7034100917138875,0.4413802637707618,0.4407528698293252,0.08233493622525499,9.038046637185246,9.068940806858354,1.5788074006593795,5.036812014862008,4.948411929994043,1.2177050469099,4.376254636262586,4.364446951782904,0.8092260826415243,20,1.0,0.9881147004990289,0.9871709997578295,0.003121461632515264,0,0.0,0.17362939351555332,0.17473689728019942,0.032474526611630104,3.560784774001482,3.611893295198927,0.6558503491311521,21.40609657934558,21.464826412954817,1.221176812980851,1.0422664322558817,1.0537312581557083,0.05278222572867997,20,20,93.25,93.0,15.77431289687196,68.52568513311132,68.16102855213721,2.97407510827388,125.23632053611111,121.6173895196421,11.066443243302208,20.54957308727966,20.62371929484685,0.8438399430796154
front,log-0072_184,40.0,self-supervised,training_window,2.5299768214431517,2.4619561366448197,0.3721754830735488,0.05076117640823251,0.04835846017091522,0.007793212181194629,0.1712911877392753,0.1638207278341937,0.02542443199677712,3.644539827752902,3.706722975009301,0.52726123377683,2.6945528573717072,2.5410382108592877,0.5252502891575804,0.1811222189849601,0.16488840659468723,0.036567869820586865,3.8326911115825917,3.731710636727329,0.5963244042942327,5.090221294872715,4.436671017557674,1.6653342138563492,4.4338125683647505,4.3518439395174005,0.7796423172808561,20,1.0,0.9890381821738604,0.9891439546731285,0.003435451327508724,0,0.0,0.1757129856774177,0.16996981833585545,0.026082595618339664,3.742272552147495,3.811940968073512,0.5672167597515162,21.885945771855503,23.107613339650946,3.08531127112447,1.0215003990660634,1.0391255692931136,0.08563839906124573,20,20,85.05,84.0,21.52226509308075,72.08255520850517,74.57646470008302,6.317234566557067,133.6747040815492,131.93560903518036,9.41310900296924,21.33097440120776,21.909333643081403,1.6113859584448287
front,log-0073_185,40.0,self-supervised,training_window,3.9802715206825545,3.748165420579743,1.6306701462873516,0.09611362289899453,0.10561981549942609,0.03946175147733191,0.31971146324759137,0.3439958769792256,0.13185489422933608,5.725219793801157,5.587952452493825,2.2624430378556433,9.279736511701882,9.2506728979392,2.1086542832714823,0.568359343691706,0.5978545901196479,0.11885364948986389,10.192121051923872,10.089071715516036,1.7969983683072568,9.012709083547659,9.524713015444528,4.53085302285498,7.398578469142461,7.224815574811347,3.110660124522254,20,1.0,0.9566586066833251,0.9553269765126311,0.03023862866754123,0,0.0,0.321350060180664,0.3445571810315904,0.1319735857834356,5.754074957162227,5.597069205557142,2.2606795413756284,15.926899927741923,15.402666013457392,5.361886566380125,0.8509863110583332,0.7900153402997973,0.1836080390355774,20,20,50.45,50.0,0.6048053188292994,61.26460112963656,58.2912878943225,12.481793105237996,117.41675088769207,115.10837251454872,17.16632213232757,18.372615227315237,18.213970723814057,3.116919070367666
front,log-0046,5.0,self-supervised,full_log,3.7102116353052046,3.31845459379886,1.456594032780011,0.07108456402332688,0.06302614956561514,0.02629368673101406,0.23451751370150528,0.2079317232564987,0.0867464001914699,4.8234872037638485,4.276678490037436,1.7841744298410886,13.847756249376918,13.421934811123727,3.538244116244783,0.7116926148983626,0.6763201552384026,0.17093152597201505,14.63788425347548,13.91035391323559,3.515669321376361,7.680155547992483,6.503017117383905,3.9713750939587116,6.320243426358445,5.680988066032713,2.6781528413586986,20,1.0,0.9805199533276975,0.9873397245506347,0.014826750710005348,0,0.0,0.23451751370150528,0.2079317232564987,0.0867464001914699,4.8234872037638485,4.276678490037436,1.7841744298410886,18.726737140320044,18.36968542250901,2.8485183517434214,0.9104922742331603,0.893132451850185,0.13849470587642568,20,20,18.45,18.5,8.009698069084422,67.85562055611665,67.85562055611663,1.4580029302424492e-14,165.89980059488886,165.8998005948889,2.9160058604848984e-14,20.56770570194259,20.567705701942586,3.645007325606123e-15
front,log-0048,5.0,self-supervised,full_log,3.333605185826817,3.1956213741491943,0.8454054231339644,0.05900052103236397,0.05580858996601493,0.013478414727146204,0.204291816138589,0.19323961891856883,0.04666958486294364,4.584343393228333,4.336330191995231,1.0472734888508903,6.111662113044582,5.478257932618847,1.7725954097774304,0.31371933075563574,0.2994864213077599,0.07956137610889853,7.03991558967765,6.720526660512114,1.7853709258404695,6.44174090388656,5.964823053489583,2.6724818389021907,6.44174090388656,5.964823053489583,2.6724818389021907,20,1.0,0.9834488820408438,0.985572682990721,0.008448616810731283,0,0.0,0.204291816138589,0.19323961891856883,0.04666958486294364,4.584343393228333,4.336330191995231,1.0472734888508903,20.863143072733784,20.782233077076874,2.0245951031837253,0.9297229773371212,0.9261173901158559,0.090221908591239,20,20,19.1,18.0,6.025384897074604,77.7000493048807,77.70004930488071,1.4580029302424492e-14,147.02804677703884,147.0280467770388,2.9160058604848984e-14,22.440171514841165,22.44017151484117,3.645007325606123e-15
front,log-0049,5.0,self-supervised,full_log,3.8586100757049953,3.394841341740265,1.5250859671604626,0.06627226203286432,0.05907174083985946,0.02457979445126181,0.22018788690386112,0.19626434034816975,0.08166573517696894,5.336159953636673,4.756382960113037,1.9791344190786984,12.986931158146588,11.510764995736775,5.649062837569183,0.5724353054952611,0.5030656978136617,0.2493312004861025,13.8727265890212,12.191583599208775,6.042435784884977,7.872690740814778,6.700343833079289,4.50698441771014,6.440604835141588,5.435689555524077,3.0939653490455394,20,1.0,0.9862898749004574,0.988123404091497,0.004635624134650324,1,0.05,0.22018788690386112,0.19626434034816975,0.08166573517696894,5.336159953636673,4.756382960113037,1.9791344190786984,20.868423929189976,21.33242624270616,2.719241432885077,0.8611012803037825,0.8802475746089228,0.11220503700987065,20,19,15.157894736842104,16.0,5.649613142062981,80.5187538489403,80.51875384894029,1.460026530009149e-14,128.6836164750667,128.6836164750667,0.0,24.23457542860456,24.23457542860456,0.0
front,log-0054,5.0,self-supervised,full_log,3.4716544840418537,3.4774672893773486,0.7574584869740965,0.08045266232020153,0.07698537905141693,0.019828278191541576,0.26826995411072974,0.2567082742783872,0.06611752957743909,4.812932510537208,4.605508667915846,1.1861902637382766,6.300670957546399,6.178037981376547,1.1788764422689089,0.4136588245697247,0.404451098833678,0.06910406229293999,7.421300725389756,7.256108306842437,1.2397705480003167,10.563875810444532,10.30511561045526,4.7565365643508395,7.0992883744410475,6.724269764338276,2.467331199894084,20,1.0,0.9701181947550687,0.9715497220484406,0.016011034126643515,0,0.0,0.26826995411072974,0.2567082742783872,0.06611752957743909,4.812932510537208,4.605508667915846,1.1861902637382766,16.994952518549333,17.293489988131903,2.5549977257847285,0.9472883989716221,0.9639286973946538,0.14241403160103366,20,20,16.2,17.5,5.978910303813951,59.823160250207,59.82316025020701,7.290014651212246e-15,135.8929688934449,135.89296889344487,2.9160058604848984e-14,17.940631952211263,17.94063195221126,3.645007325606123e-15
front,log-0055,5.0,self-supervised,full_log,3.4762733238863204,3.398371142088428,0.49097135080913,0.056099179350371786,0.05347997447828993,0.008261284452413826,0.19344552783222435,0.18441378307503029,0.028487199812464805,4.585173724106918,4.371097341946026,0.6752224335048108,7.904871303565509,7.344427280706276,1.49407292284191,0.3729025082532848,0.3447650254164414,0.06811749760660193,8.838781654231145,8.171848443565764,1.6145659384206175,5.561381381379298,5.330727073630614,1.256862413423666,4.863844864055318,4.6619522570058685,0.7036653138443857,20,1.0,0.9834331342031014,0.985449294963349,0.006046621910354729,0,0.0,0.19344552783222435,0.18441378307503029,0.028487199812464805,4.585173724106918,4.371097341946026,0.6752224335048108,22.716177987366272,22.327631433522082,1.6497775329080777,0.9583809263307114,0.9419883973408918,0.06960305211146811,20,20,19.1,18.5,7.033004897960533,81.73334756770427,81.73334756770429,1.4580029302424492e-14,144.98409225186288,144.98409225186288,0.0,23.70266077220274,23.702660772202737,3.645007325606123e-15
front,log-0056,5.0,self-supervised,full_log,4.383334575208833,3.9238446163153626,1.459343851413677,0.07856944716376049,0.0697292688090517,0.026123506790639333,0.27071278656538,0.24025375442849622,0.09000912661907448,6.0977249478533775,5.411644314186344,2.027428788580958,7.468999023076156,6.859780631655929,2.5439022259745063,0.38188066398624276,0.3487226062329244,0.12408343419062837,8.601748300977809,7.854872918584513,2.7949424254357633,9.674836550516412,7.215811851961286,5.7693592817949,7.48991591121162,6.780152872391831,3.2183578793596013,20,1.0,0.9704664398328428,0.9829366475416824,0.020952477945327536,0,0.0,0.27071278656538,0.24025375442849622,0.09000912661907448,6.0977249478533775,5.411644314186344,2.027428788580958,20.591702418357585,20.3748623058004,3.4166024996722464,0.9141831075475231,0.9045563382833284,0.15168247029543727,20,20,19.15,17.5,7.080551569356429,77.60936557366924,77.60936557366922,1.4580029302424492e-14,148.73146404505894,148.7314640450589,2.9160058604848984e-14,22.52470238002855,22.524702380028554,3.645007325606123e-15
front,log-0058,5.0,self-supervised,full_log,3.5054225861901807,3.519901723917873,0.5800428485101211,0.06024101797647017,0.05919531753960172,0.010696680845693949,0.20687695887496677,0.20328586208510063,0.03673405393444077,4.840210484950173,4.756191150804382,0.8594507284673751,3.8316436608130573,3.8736593379463216,0.6987689351301143,0.22185391926192816,0.212985888396533,0.04104623897325033,5.190619931666115,4.9831384595438895,0.9603410516401258,7.709357038884912,6.824268777672453,3.6038485327552054,7.709357038884912,6.824268777672453,3.6038485327552054,20,1.0,0.9840072210011902,0.9855825987928399,0.005771022937380183,0,0.0,0.20687695887496677,0.20328586208510063,0.03673405393444077,4.840210484950173,4.756191150804382,0.8594507284673751,22.63888223288331,22.061835285787197,2.633915796164411,0.9676155868076121,0.9429518417257577,0.11257702356901522,20,20,18.3,17.0,6.053272277302409,80.3474218652934,80.3474218652934,0.0,161.1697294857218,161.1697294857218,0.0,23.396566303333564,23.39656630333357,7.290014651212246e-15
front,log-0063,5.0,self-supervised,full_log,4.481535117108058,3.800549918496186,1.864867443038997,0.07019796143005066,0.05815682468849265,0.029855869155952584,0.2172131109346953,0.17995429718082145,0.0923828283173977,5.9633511848295395,4.940450724593016,2.536270699009913,15.295078372688156,12.793357121368473,6.94258139230385,0.5942236749982165,0.4957826192454311,0.2703984151703285,16.31376872743074,13.61117594224783,7.423496227015492,8.723374104145861,7.479951145587222,4.205041902393502,6.847149370533293,5.810265607899156,2.994080373309341,20,1.0,0.9869094675271098,0.9917621776470407,0.008154227211686056,0,0.0,0.2172131109346953,0.17995429718082145,0.0923828283173977,5.9633511848295395,4.940450724593016,2.536270699009913,23.0290583284399,23.803591124046786,2.626159152923396,0.8388258961072694,0.8670379991413333,0.09565698576788094,20,20,14.3,14.0,1.625455401774498,84.9504894920883,84.9504894920883,0.0,153.67050225201808,153.67050225201805,2.9160058604848984e-14,27.453919144974673,27.453919144974673,0.0
front,log-0071_183,5.0,self-supervised,full_log,2.802684280451762,2.6502472271838378,0.6417914030436784,0.04832584408359937,0.044692110008235975,0.010601968386159268,0.16938342472155982,0.1566470859387807,0.03716019343461018,3.8290706562188612,3.541153812047306,0.8400409101054828,8.712316332912822,8.682649357015876,0.9704853051633137,0.4142745013326453,0.40915733298019075,0.048412686307511006,9.365062368293376,9.249383994134126,1.094414030378403,6.803470977931765,5.940388200649982,2.7139419866954855,4.733332343232408,4.290600428805598,1.3794873645430812,20,1.0,0.9888091286036895,0.9895881097522412,0.0038661662878630996,0,0.0,0.16938342472155982,0.1566470859387807,0.03716019343461018,3.8290706562188612,3.541153812047306,0.8400409101054828,22.16701312536323,21.97276354578015,2.0561551040632216,0.9805837854999299,0.971990927860422,0.09095642900172092,20,20,20.65,21.5,7.63147912820382,79.2344288822956,79.23442888229562,1.4580029302424492e-14,152.4462174422029,152.4462174422029,0.0,22.60593480450205,22.605934804502045,3.645007325606123e-15
front,log-0072_184,5.0,self-supervised,full_log,3.7438593698681024,3.6489110740242823,1.4338850964931844,0.06968522330938184,0.0669854306336336,0.024908752344670933,0.23011851174774875,0.2212031026686619,0.08225510010351389,4.935748974038765,4.744524804887718,1.7642671285411982,4.16310897750557,3.7115193790749377,1.8971025541744169,0.2515051726890762,0.23979293180866001,0.10020283118386204,5.394465610947073,5.143252961994355,2.1492231001114375,8.930897833205728,7.644439967959616,4.971763312808548,6.710448015895035,6.258019648861055,3.168429587757202,20,1.0,0.9862774852451702,0.9874519775716843,0.004499626378654252,0,0.0,0.23011851174774875,0.2212031026686619,0.08225510010351389,4.935748974038765,4.744524804887718,1.7642671285411982,18.61496826233782,18.385939694968506,2.9834207664469714,0.867882223203013,0.8572042666562039,0.13909547473001466,20,20,21.4,22.0,5.771071231400176,70.82920509740634,70.82920509740632,2.9160058604848984e-14,152.19039707482895,152.19039707482895,0.0,21.44872629564559,21.448726295645585,3.645007325606123e-15
front,log-0073_185,5.0,self-supervised,full_log,4.1886523457010885,3.6820569007101502,1.8057496320902713,0.08640393377417394,0.07644838872737783,0.034829142037382216,0.3055131562406719,0.2703116340820595,0.12315135027076533,5.917208988320286,5.235422429984937,2.3852075167980655,10.967422597077658,10.944098760234509,2.2524541777559057,0.6181453774036791,0.5948807393133958,0.11911727060164508,11.972300729269705,11.521708920681933,2.3070750632846257,11.428465312322317,10.96081092591664,6.089468057668156,8.180324771379393,7.066371758626832,3.696691149046832,20,1.0,0.9629953758309776,0.968665312511587,0.025308271446290487,0,0.0,0.3055131562406719,0.2703116340820595,0.12315135027076533,5.917208988320286,5.235422429984937,2.3852075167980655,17.60748099600289,17.50519598575877,3.7960381482391825,0.9090970258367561,0.9038159184130582,0.19599436122126265,20,20,16.8,17.0,4.525948577515634,68.48309712131342,68.4830971213134,1.4580029302424492e-14,149.9043725573418,149.90437255734173,5.832011720969797e-14,19.368098778891632,19.368098778891632,0.0
front,log-0046,5.0,self-supervised,full_log_excluding_training,3.7145058436469327,3.314035674314719,1.4550780755903854,0.07106825195361519,0.06294627103171316,0.026315780085226153,0.23459704937801198,0.20765931504738044,0.08681002316210112,4.8297667127055774,4.268942192493819,1.7862607759911484,13.851850326817793,13.413103080136866,3.5359635117099937,0.7112458684138325,0.6762233955228004,0.17097401855635602,14.64284706124659,13.913689268122788,3.5138534602196256,7.682292942981746,6.500474378481995,3.968533071473384,6.324313849520786,5.663368265302921,2.680648087381426,20,1.0,0.9805147896599442,0.9873025196958942,0.014829873611511581,0,0.0,0.23459888885493418,0.20766147961174491,0.08681101840936727,4.829804588980402,4.26898665484268,1.7862813221743057,18.747568925089183,18.40126821820131,2.855449317455947,0.9105601503227735,0.8932159338896227,0.1386771858106943,20,20,18.45,18.5,8.009698069084422,67.96724348296374,67.98874421585907,0.17122935629234085,165.88456459537832,165.8998005948889,0.068137461221518,20.58908210083256,20.598237833808,0.0382475055867178
front,log-0048,5.0,self-supervised,full_log_excluding_training,3.3419897287297573,3.205288213330906,0.8549488283154891,0.05908876728726662,0.05580132133497043,0.013556540555773952,0.20464771507370738,0.1932716136065559,0.046995845208196205,4.594972055807972,4.347247232776942,1.0574315851294849,6.110579582917539,5.4889513070231715,1.7747785270086764,0.3136401036304719,0.29903668297853636,0.08007892547886354,7.040464309752532,6.716675891126581,1.7898031376748231,6.446124607175847,5.971756474753803,2.6711331643706013,6.446124607175847,5.971756474753803,2.6711331643706013,20,1.0,0.9833844679861776,0.9856066305617575,0.008557146831441268,0,0.0,0.2046508358388796,0.1932753845100267,0.04699531091589703,4.59504207139686,4.347355548648821,1.057419325246617,20.87087600375275,20.84974298584106,2.009007387928116,0.9296795355820751,0.9261333826449133,0.09047741721243505,20,20,19.1,18.0,6.025384897074604,77.75713407028185,77.76314580517575,0.25712283486508525,147.02804677703884,147.0280467770388,2.9160058604848984e-14,22.45184980704584,22.4561495545421,0.06954638911200847
front,log-0049,5.0,self-supervised,full_log_excluding_training,3.898587713098618,3.4431059878742376,1.5558858679056917,0.06661794631132756,0.05947896625965368,0.024833086334477335,0.22048555168778589,0.19706945951153768,0.08209919377618534,5.376234299734247,4.780848227110579,2.007886504993472,12.980388068993376,11.493597042546169,5.667593265551542,0.5691384815404938,0.4995697705811289,0.24842363008076082,13.877924514255199,12.184398251960559,6.071498844426939,7.881932239504471,6.713604288450092,4.501481468391941,6.458600778724994,5.458839384558965,3.0947859697652085,20,1.0,0.9863501687508193,0.9882463155801704,0.004713894482278512,1,0.05,0.22049072365820166,0.19707262850610419,0.08209994898555241,5.376360273964872,4.78092510600441,2.007904808823661,20.96036220727002,21.463316071842808,2.7200412706863255,0.8598689757041559,0.8800125918565943,0.11208746118479976,20,19,15.157894736842104,16.0,5.649613142062981,80.68781531954987,80.77224475162805,0.1683890572262029,128.6836164750667,128.6836164750667,0.0,24.37859752498301,24.38978290817507,0.061188096150860974
front,log-0054,5.0,self-supervised,full_log_excluding_training,3.473571791158257,3.4746689380566544,0.760673358280642,0.08052352122648172,0.0769072180984553,0.019803807411928578,0.2683952740630574,0.2564405414697033,0.06608889986598025,4.81701039178825,4.605665636507757,1.1902645366659976,6.303619045842537,6.192945202903916,1.1759562895361515,0.4137579182186479,0.40396194278472214,0.06888138958048344,7.4248453009786335,7.253574127216717,1.237078292068739,10.55905426174195,10.312829349523911,4.757720405380423,7.10037512445908,6.721610299118311,2.4682457722080424,20,1.0,0.9701071249443144,0.9717034093445128,0.015979682669244964,0,0.0,0.26839659357530865,0.25644290001754155,0.06608871407780148,4.817034065644754,4.605687281467297,1.1902612301593032,16.9942850583678,17.320281104119488,2.546440775647065,0.9471464315513606,0.9642447494989923,0.1425297761347522,20,20,16.2,17.5,5.978910303813951,59.80742390932865,59.85613034412895,0.1895181386260177,135.8929688934449,135.89296889344487,2.9160058604848984e-14,17.944368567913052,17.950696404537595,0.03752764831492425
front,log-0055,5.0,self-supervised,full_log_excluding_training,3.4816748601470477,3.4148885930982176,0.49232308038838873,0.05622064857970834,0.05366929775894397,0.008323622939442285,0.19387581730696762,0.18511895278377227,0.028841353841311188,4.593560965976838,4.394276248876034,0.6774499675398803,7.910417660835678,7.347511614721737,1.4917282094823512,0.3732597350678404,0.3450611747483936,0.06825041710260435,8.844923321989098,8.172542218297876,1.6130222841646797,5.557458212919146,5.331227717151085,1.255101621490089,4.867488946919025,4.6688205246517125,0.7004621950179223,20,1.0,0.9833353506402668,0.985491745659725,0.006148266404515505,0,0.0,0.19387972320715927,0.1851213936680967,0.028840394007816274,4.5936532114120805,4.3943118861308745,0.6774249552258782,22.704362126076557,22.39083610329155,1.6397215912022545,0.9580961794565563,0.9414673274355738,0.0695413619958838,20,20,19.1,18.5,7.033004897960533,81.71404885055254,81.80939835436388,0.32930449078557983,144.4651753381866,144.98409225186288,2.2445517048735986,23.697849083082403,23.702838838507102,0.11347039414132949
front,log-0056,5.0,self-supervised,full_log_excluding_training,4.401470503438543,3.9502625144182146,1.474312085168312,0.07892456886618841,0.07002795748073024,0.026302209252648985,0.2714215125590964,0.24080632985058495,0.09030388493910652,6.1221507541352,5.43865805572044,2.0440452854478433,7.492849106223106,6.88414387720934,2.5542693194164547,0.38259324709337666,0.350235342282358,0.12440257028500219,8.62719604089121,7.8763223722245925,2.8050866030529344,9.692020742332778,7.236877355214611,5.776271808202374,7.508445514020079,6.784569479919943,3.226461378792457,20,1.0,0.9703091091611598,0.9828037978383016,0.02107725897262422,0,0.0,0.2714237451265521,0.2408078764507205,0.09030438872684572,6.122201159466601,5.438692994892808,2.044056839890284,20.60299203959501,20.332371632248616,3.421747800002215,0.9137949936190024,0.90463633477987,0.15207187438041372,20,20,19.15,17.5,7.080551569356429,77.55960600558006,77.61641865951326,0.2613535401431732,148.73146404505894,148.7314640450589,2.9160058604848984e-14,22.549038274125937,22.574643379384764,0.08114230261842714
front,log-0058,5.0,self-supervised,full_log_excluding_training,3.506716365684215,3.5133004821584066,0.5825406010018459,0.06018164532742517,0.05917511063582538,0.01074872481220483,0.2068292964623931,0.20358928773327778,0.036930304637586495,4.842329689875891,4.765554856718861,0.8635529072173072,3.83707710966801,3.8837894660377907,0.7002770008814156,0.2219309562037975,0.21311417050124482,0.041179363854102584,5.196058882994799,4.985071813221646,0.9641699525613078,7.70892228100586,6.8221334816497885,3.599482813613551,7.70892228100586,6.8221334816497885,3.599482813613551,20,1.0,0.9840268467590414,0.985523758101208,0.005800799951857218,0,0.0,0.2068337515540435,0.20359089593288388,0.036929595100359314,4.8424339294665435,4.76558645495132,0.8635355216035125,22.660235842619706,22.083272444740647,2.65923376673968,0.9677193394036104,0.9420812438133359,0.11277354322185884,20,20,18.3,17.0,6.053272277302409,80.4674783283418,80.54313446188706,0.29571633532350006,161.1286084539115,161.1697294857218,0.18389884486546154,23.41381227869892,23.43613948500475,0.07025754445313803
front,log-0063,5.0,self-supervised,full_log_excluding_training,4.535882363908192,3.8307201188319286,1.960816468885039,0.07087691598010777,0.0586897733799918,0.030333802880146695,0.21791482661174139,0.18058354581897018,0.09274049926400169,6.011071265838725,4.980317666204763,2.611987993987503,15.192597188446763,12.718448145392504,6.91808364852239,0.588483336488727,0.49105582961397,0.2640718560184727,16.23353622678596,13.553777922307308,7.427068706890306,8.793069950646007,7.521866551237723,4.194991332242626,6.859780341029013,5.8358520940184535,3.0118286802396734,20,1.0,0.9868043674753249,0.9916781042166258,0.008088305722904695,0,0.0,0.2179520674081282,0.1806083019046461,0.0927421045296276,6.012094791452694,4.981000377469057,2.612040339493552,23.042030284557093,23.921590553984203,2.492509971850537,0.8389093856737203,0.8666823125897205,0.09687763753985126,20,20,14.3,14.0,1.625455401774498,84.5985098271718,84.88694382067501,0.7252380231099754,153.67050225201808,153.67050225201805,2.9160058604848984e-14,27.491495090214205,27.597316365731473,0.3055198821819722
front,log-0071_183,5.0,self-supervised,full_log_excluding_training,2.8046652733967496,2.6515932691282424,0.647881120686822,0.04825096758406142,0.044510980192691244,0.010695822443836158,0.16933842438746008,0.15627383418566845,0.03752595593103996,3.829135883667629,3.532566097298529,0.8478365198325591,8.714616218667034,8.695396243044112,0.9671898619783262,0.41425468570770363,0.40962774095088983,0.048053559976077534,9.3678528438405,9.254446267523278,1.09231142660088,6.812026013082819,5.944388303451893,2.705157299341357,4.729754440837453,4.291601580619939,1.3796200341863805,20,1.0,0.9888203357957366,0.9896510330199217,0.0039141955694898395,0,0.0,0.16933937999394805,0.15627386604120233,0.037525559763313315,3.8291574890436437,3.5325668171812783,0.8478275588881455,22.176407409386524,21.95880915559991,2.0468599702461456,0.9807802035189909,0.9719935395837573,0.0911650812618343,20,20,20.65,21.5,7.63147912820382,79.36052355144587,79.3639116153931,0.09441195789743215,151.6634824930142,152.4462174422029,3.5004971095016773,22.612278959146515,22.607636970572997,0.033253133157509704
front,log-0072_184,5.0,self-supervised,full_log_excluding_training,3.749142769271805,3.643063821480938,1.4384522800296202,0.06984605509304151,0.06713489451870047,0.02496485862446178,0.2303848626976769,0.22122120314411586,0.08230991139434429,4.941267239631489,4.746267265740166,1.7715465053685935,4.170788213305737,3.7071041296559635,1.903837221145786,0.2518963788387154,0.24088743489492226,0.10019777528181238,5.402971414491768,5.143752046398181,2.156884046363716,8.932136959120637,7.648201560967989,4.9839865222559645,6.711950470128018,6.259601091682061,3.174128781993358,20,1.0,0.9862468008977974,0.9875038559587164,0.0045668123303098,0,0.0,0.2303861650344788,0.22122290277828008,0.08230999855620788,4.941295170224533,4.7463037003686255,1.7715483900612905,18.603766625153078,18.298876957235144,2.986958938572509,0.8676337846396469,0.856639470496023,0.1391727947990846,20,20,21.4,22.0,5.771071231400176,70.7333228605597,70.83758388992939,0.2504479583125669,151.72642722491187,152.19039707482895,2.074936247849972,21.442789332465786,21.47034147684897,0.07939481711332295
front,log-0073_185,5.0,self-supervised,full_log_excluding_training,4.194700722434808,3.6997901989321873,1.805318412850109,0.08631578998495278,0.07616003715418612,0.03480863663308166,0.3058999645392221,0.27052740559287247,0.12313314096082606,5.926397214017706,5.251058826679438,2.384044264348731,10.962917659045,10.932505590053003,2.2594320391972964,0.6178029687386295,0.5928532799009261,0.1188156063712467,11.967662752522939,11.511388531589233,2.307579350427659,11.44319654635845,10.938240069872556,6.082692323715788,8.188942336973792,7.084831865448653,3.6885719424033585,20,1.0,0.9628609124832858,0.9686223175161938,0.02554344746176282,0,0.0,0.30590322939019304,0.27052939455885594,0.12313432835665422,5.92646033228022,5.25109743251469,2.3840668242753957,17.593143577460147,17.543568750898594,3.7980308578518014,0.9082206027285151,0.9033726086455439,0.19585434697925294,20,20,16.8,17.0,4.525948577515634,68.6530078469637,68.75149186892104,0.46799476480548197,149.49450485627753,149.90437255734173,1.832984082722409,19.36988322477667,19.40673913102505,0.09785424168759341
front,log-0046,5.0,self-supervised,training_window,3.1157043395959394,2.719023769704596,1.572442801123283,0.06571853330399316,0.055062056583681684,0.027827691603793732,0.21800565319188894,0.1906845482504744,0.09156170233009162,3.8966491658483746,3.4116982354239207,1.819357011629855,13.528447544571526,13.701481324246384,4.083253056657931,0.8209005198315831,0.8200209999580466,0.27324758669323335,14.112382218337828,14.242260706093383,4.162608183929892,5.179881277301857,4.43913785561695,2.506110962328408,3.4686920331903144,3.0275721811533964,1.6651147176013081,20,1.0,0.982529741399025,0.9884670868860311,0.01669839225432458,0,0.0,0.23810613230907096,0.20137077155707617,0.10278944951855018,4.200778107426755,3.6325511849907466,1.8724258172923265,16.048305554754947,15.945663754590807,3.6371127998786723,0.9087991378801904,0.8888218071726394,0.12465391386661243,20,20,18.45,18.5,8.009698069084422,58.87547317752785,59.14625471036349,12.25469578976553,90.6947124041827,83.99381515335487,20.000511030584967,17.664233322928318,16.869941965852753,3.2808326017552982
front,log-0048,5.0,self-supervised,training_window,2.3492903398511684,2.3347679047017174,0.5169877787941414,0.05448883699163372,0.05343566419119144,0.01585505868137733,0.18093620222780663,0.18091096495075562,0.046943057886436906,3.2189504648778757,3.088586243772551,0.5475692803877339,6.18796039219694,6.324806308293035,2.220602855165083,0.36840910969440727,0.36584672157335013,0.08849768356563549,6.831936306761621,6.985556208377236,2.1301975355324516,4.258384595278683,3.884466837957108,1.0933618480841114,2.7006686997647362,2.464230407368456,0.8628503012776344,20,1.0,0.9859210330937245,0.987534514086295,0.008183979723972322,0,0.0,0.20520262302100378,0.1850365549948563,0.058610510751653515,3.6398525322853255,3.469640752361128,0.7000496869553796,17.946035731121093,18.082771456025295,4.547318335506476,0.9620419028446495,0.9532184818431406,0.08054983255013508,20,20,19.1,18.0,6.025384897074604,62.94096484671691,64.49455167246639,16.822291169123737,93.67939653388106,98.71201161388562,16.23556170515447,18.653458434308646,18.927690997462705,4.440706319174058
front,log-0049,5.0,self-supervised,training_window,1.9730197925168753,1.9716009846670437,0.703082245748584,0.05779147470838577,0.055321764884076904,0.01706763466291416,0.19026906842092509,0.17697189340492098,0.0548675854134587,2.616119715042865,2.4913319388741755,0.7171274741570516,13.258041293170999,12.222374900072912,5.050114333498728,1.044801707090068,0.8771086569560256,0.6231731418471077,13.554011700197952,12.485778143898456,4.977808127229279,3.991846908956007,4.2270404231016725,1.4160594997281097,2.324277526758701,2.2731804715308104,0.789464066370027,20,1.0,0.9857413527448895,0.9873252638634564,0.00690579823954748,1,0.05,0.22248120797041682,0.20230724056670957,0.08895491300605013,3.0007244529207324,2.836769847198354,0.9080357701159651,13.56638135364583,13.682993673705683,3.0287986114818066,0.9626167441290461,0.9484886162090147,0.1040683989754733,20,19,15.157894736842104,16.0,5.649613142062981,46.726695136868614,46.52348814046647,11.887360075500423,76.40415690325437,74.03418580695316,17.844974106039217,14.099285908221466,14.022087589410557,3.0528341432355828
front,log-0054,5.0,self-supervised,training_window,2.681935707043177,2.5008692905945624,1.0012420922026228,0.06884596008603837,0.0666651225313512,0.024251874881865233,0.22841127349813722,0.2266340376228898,0.07208720737502886,3.4422925571646594,3.2156518632034983,1.259271945071336,5.887349657233233,4.949969366358145,2.277450568364954,0.4748406356165413,0.4317360110197591,0.23002096979525458,6.709123631139946,5.926168842341024,2.3021636656504243,4.413720278085446,3.933555237424467,1.9341349581170288,3.0547375323898804,2.7261351776154914,1.366176555418812,20,1.0,0.9789003915568791,0.9827149568809186,0.014262490696878908,0,0.0,0.27257808203332146,0.2796981746558415,0.0910121108283021,4.039626154837403,3.7968916060098525,1.1983629857271676,15.550837510850863,14.886282530013144,5.65185354835248,0.9927973470739324,1.014126366032309,0.12595945348999749,20,20,16.2,17.5,5.978910303813951,52.71715735533511,50.45973614027931,17.858543989272285,75.86150010159693,74.16759477002029,21.57437702413437,15.638574671092632,15.39562359699974,4.95700127778557
front,log-0055,5.0,self-supervised,training_window,2.936330793558247,2.7894993703888833,0.9312610846060848,0.052114294166870134,0.05187290146204708,0.008138436385746496,0.17480959210986693,0.18039472258677516,0.02780331260064369,3.8261379955437156,3.7531039506901136,1.1512375842547717,7.644815622649579,7.480017493078455,2.078222863983703,0.3997725847167132,0.3912748115710857,0.1151339789647171,8.428994649269601,8.173770896248662,2.221070157950236,4.734377641450142,4.17383889704222,1.65051445187626,3.56959790288766,3.4181315393731664,1.1989849668698556,20,1.0,0.9872024289575796,0.9872951199572633,0.003739871762087194,0,0.0,0.1873041945536857,0.1858652797693934,0.02572488368719648,4.070209512756401,3.8894415468103514,1.085200045579525,21.450202047956004,20.918965912278345,5.892444189962351,0.9722541798258192,0.9758478025850852,0.07639469194996129,20,20,19.1,18.5,7.033004897960533,73.66381273182228,74.31461867379582,19.212132180499218,108.13598618121686,114.47975087038526,22.27809580394154,21.930133994156698,22.14883462350533,5.337412670401606
front,log-0056,5.0,self-supervised,training_window,3.1363214033236355,2.9067059869681344,1.0429480000674798,0.06469087618407932,0.06043898695897282,0.02356727102257685,0.21923261038754913,0.2058967801745622,0.07540995511206715,4.051458723850218,3.807226457509244,1.2764849803674647,6.095387714790244,5.107636630951736,2.1353202977092516,0.37853993335998853,0.33063118695994065,0.15094885330145383,6.909724781115948,6.027153390109579,2.3637589475808802,5.175057805194923,4.831427761765994,1.9730345831257814,3.561531412175056,3.557662402169063,1.375919599254914,20,1.0,0.9812117000854119,0.9851322218199756,0.014277087773773222,0,0.0,0.2342068175537336,0.21095301298810482,0.0853492359743556,4.296915790736325,3.9766005331227054,1.335789917825343,18.224328096080445,18.39593637138966,5.006531728802148,0.9469367903578995,0.9051731795156974,0.12693145894369207,20,20,19.15,17.5,7.080551569356429,66.46037122338512,72.26732174426492,19.144098747379406,93.82481202085347,97.2151890459368,17.444774968382347,19.347763305643976,19.127350583537883,5.1919962590878805
front,log-0058,5.0,self-supervised,training_window,2.679357829340774,2.368814436238565,1.1733703012128953,0.053211019041071006,0.05171867953148922,0.011550485856762997,0.17651134116989117,0.17741779294867377,0.032399357192459094,3.653139930251915,3.215635797257813,1.5725186356050913,3.399977395914081,3.088065642244631,1.514439571692287,0.21310244240774612,0.2129175235481084,0.04545407824837695,4.399858397046857,4.08201108284157,1.8960634687250544,5.276838097948231,4.802567823185253,2.4690305495774734,2.875439829651438,2.5276064574931025,1.3563166961854436,20,1.0,0.9885156528936292,0.9897247007189613,0.0046241121451367434,0,0.0,0.22111438769441488,0.2156518695357479,0.047383442037205147,4.422206128185673,4.218227116056345,1.5665855745670272,19.276663504403338,17.271613244468604,5.623862566401912,0.9605872428680413,0.9547626920261235,0.09379383309338295,20,20,18.3,17.0,6.053272277302409,67.29705892515958,63.25373093988032,19.077662394817374,105.41384329285752,102.52863759262749,23.633537473872988,20.12394047147405,19.202193557357198,5.626434700453062
front,log-0063,5.0,self-supervised,training_window,2.449953211771496,2.3260878860977376,0.745241972124363,0.05228482620769056,0.047284172423285226,0.013282202166491472,0.17693643110476592,0.17554662757784295,0.03729875975590631,3.1727311419899014,3.0783495762840953,0.8528489761712009,17.805318941826176,14.790224731791842,7.568450977928502,1.237697336288115,0.8654968489898517,0.9162410243615562,18.137903858724066,15.127998718807076,7.415519361074467,4.4795732713317165,4.321225396137466,0.6892094363544279,2.472870302339526,2.657315643845952,0.6533351730331458,20,1.0,0.9893622387832919,0.9902982716231423,0.005816165959612481,0,0.0,0.2528046022099407,0.21450514704430837,0.09825947278793658,4.230533310491695,4.26085613163132,0.648619553949464,16.84780613652538,15.235491185527358,6.6688018715833675,0.8835541419757631,0.8797893430010677,0.021167514796795472,20,20,14.3,14.0,1.625455401774498,65.22489050736792,62.77560735485764,25.6500264451907,91.68864096284237,90.19499626162582,26.55558049906654,19.002458265186334,17.302289488465,7.366011185266804
front,log-0071_183,5.0,self-supervised,training_window,2.556627979975987,2.568997919345276,0.4905574111577782,0.052140662969133514,0.0518585256725672,0.011184146185669378,0.17405490861371922,0.17906598758704878,0.033181735835957155,3.531230742369395,3.4873615731737195,0.7503717527668928,8.510079732843424,8.347606831008846,1.5484761129460212,0.4568690024802363,0.39829070685292756,0.12125651255266158,9.077709721970518,9.015954377440323,1.529889877046814,4.811424023433131,4.434591643933502,1.4650724202782386,2.8773127376076664,2.792746034996642,0.666302998838748,20,1.0,0.9896040221457362,0.9899999701268347,0.0038327699329897126,0,0.0,0.18161157220091523,0.18194968499237724,0.03619419097023486,3.683601340974409,3.6650241179574934,0.7979513102207612,19.70448928269402,20.030886626772094,4.155532192757451,0.9582885085074697,0.9312784372570826,0.10214852717933272,20,20,20.65,21.5,7.63147912820382,68.88978085080161,67.33708574988705,12.195913528599137,103.37674455619765,105.24747150105794,16.82408168711376,20.44294877436356,20.857868176731685,2.9557759104067083
front,log-0072_184,5.0,self-supervised,training_window,3.223268096176225,3.1588108074296963,1.2362534890181904,0.06612548582045026,0.06168925336283383,0.025593831067377282,0.2166591384282463,0.19921481272676872,0.08253379173581038,4.2946427691294735,4.377186718451131,1.417714504754196,3.6232859285956414,3.5539254660477786,1.5396862482010962,0.24069140903452232,0.2029076142382928,0.11448055194880644,4.700106252132513,4.634965065331686,1.6978959838757985,6.3430243793908305,6.037266806607045,2.7270396420254466,3.536925876715042,3.3365671525314475,1.2149315161176577,20,1.0,0.9875807781685841,0.9886395701990516,0.004093255403704692,0,0.0,0.22509250505447792,0.20201186118117423,0.08390354762034721,4.451597171419012,4.440548205106843,1.426234652752293,17.991101005380692,15.814065811807794,5.387468365314266,0.8734569007196484,0.8754979945682692,0.12997769155010871,20,20,21.4,22.0,5.771071231400176,67.37799764460989,61.684930949936565,16.07944448099267,106.1311686450603,105.59853264709399,22.693541420215926,20.467487965964416,19.19303002202842,4.828781944907922
front,log-0073_185,5.0,self-supervised,training_window,3.633247239699353,3.151365272855284,2.3142494463895544,0.07853738135255608,0.06918926347307448,0.03414156151363456,0.2660315570774846,0.22708193683669647,0.1280640345181557,4.708929439082476,4.021969370668526,3.0331668286207862,11.241538441867373,11.401527014017748,2.8367271974722508,0.7031333397262777,0.6892301274142214,0.19695256052156734,12.041144333160029,11.82655830010967,3.2482190276819556,6.2798008107915235,5.134287496961458,3.9905210846539605,3.74538599721766,3.2064521115310605,1.7214038176587896,20,1.0,0.9742604358454348,0.9787333038261536,0.015932645486454136,0,0.0,0.28020280617779714,0.24251660000164668,0.13974685805281747,4.945618745125959,4.307705536438464,3.1794954043447854,17.24801316843909,17.099552862465472,5.701047812404499,0.9717166927684963,0.9792101259261783,0.19503890508363594,20,20,16.8,17.0,4.525948577515634,60.06378564443272,57.36958179557877,18.011653815116464,88.75050938705462,89.1934626374407,24.769360836739352,17.916752244592267,16.68056402032694,5.30020719914437
front,log-0046,60.0,self-supervised,full_log,2.7344331766472667,2.7489591825062436,0.4741763730803949,0.057193105995715664,0.05957405930297123,0.007721763924437921,0.18868772993501645,0.19654281433384202,0.02547513516935834,3.8808736988710413,4.0424347630500055,0.5239650828805696,15.694870534925485,16.029190097236963,0.730027216283749,0.7861728676400448,0.8046409129896492,0.04039277709028124,16.169772172472708,16.549617494113495,0.8307867516770733,4.742483494572873,4.5943491378184556,0.5273547969016523,4.570150647347645,4.695839879421744,0.4061839612924555,20,1.0,0.9831847253272832,0.9834327265612373,0.004124475921418404,0,0.0,0.18868772993501645,0.19654281433384202,0.02547513516935834,3.8808736988710413,4.0424347630500055,0.5239650828805696,21.166997546079273,21.10876081074484,0.5570746218986,1.029137515521728,1.0263060506914563,0.027084917976339228,20,20,88.85,88.5,12.708368564805923,67.85562055611665,67.85562055611663,1.4580029302424492e-14,165.89980059488886,165.8998005948889,2.9160058604848984e-14,20.56770570194259,20.567705701942586,3.645007325606123e-15
front,log-0048,60.0,self-supervised,full_log,2.5852342066494693,2.6299462548553234,0.2822107903858117,0.04758438571305217,0.04879114663367335,0.0040113446929449835,0.1647629615309019,0.16894142259878875,0.013889451790266454,3.6973091160466147,3.791074499078084,0.3116816804206968,6.079175226521563,6.126692037982373,0.4977984927822177,0.3111795232474011,0.31528113720213813,0.02823602005950688,6.982921873578187,7.074962794210149,0.6336211330318301,4.318324067623676,4.2326139528952575,0.4466582830445332,4.318324067623676,4.2326139528952575,0.4466582830445332,20,1.0,0.9867434788607904,0.9862295436060975,0.0020585901830241374,0,0.0,0.1647629615309019,0.16894142259878875,0.013889451790266454,3.6973091160466147,3.791074499078084,0.3116816804206968,22.526030463111464,22.356102592057113,0.6074222159499391,1.0038261270959323,0.9962536417010692,0.027068519309142114,20,20,112.0,93.5,34.79564401049739,77.7000493048807,77.70004930488071,1.4580029302424492e-14,147.02804677703884,147.0280467770388,2.9160058604848984e-14,22.440171514841165,22.44017151484117,3.645007325606123e-15
front,log-0049,60.0,self-supervised,full_log,3.002589880566959,2.6078305671338047,0.9028332535733787,0.055366184408523755,0.049453324682291744,0.0125802604723755,0.18395272436599294,0.1643073999309776,0.041797592011253236,4.45801617394496,3.9819200771051726,1.012946896330756,8.25143081925135,5.848874292214916,4.987281411386148,0.3801905979904393,0.2689707629358872,0.2036270103577793,9.213757724245577,6.518392242459075,4.934814141816845,5.190610621864097,4.19616225261079,1.9748284874755073,4.762695371613857,4.12259352026439,1.2108390297521443,20,1.0,0.984769074810141,0.9887938092186861,0.007336856166848361,0,0.0,0.18395272436599294,0.1643073999309776,0.041797592011253236,4.45801617394496,3.9819200771051726,1.012946896330756,23.533307207803812,23.50289923351844,1.9085372722118696,0.9710633172482559,0.9698085820714437,0.07875265972100276,20,20,63.4,58.0,13.827508813954884,80.5187538489403,80.51875384894029,1.4580029302424492e-14,128.68361647506669,128.6836164750667,2.9160058604848984e-14,24.23457542860456,24.23457542860456,0.0
front,log-0054,60.0,self-supervised,full_log,3.282755041496359,3.382838006436553,0.5580760200144326,0.07501884515119449,0.07480934831434585,0.013864075358991902,0.2501508535050364,0.2494522848662007,0.04622985434020303,4.4878643952653725,4.475331632422665,0.8293928019219189,6.693578589546883,6.70308788343517,1.4226729002084433,0.4384017592511563,0.4359862477205083,0.09886921262326429,7.865204609926924,7.821868806579245,1.7737761550789042,7.021926288491398,6.465190287057121,1.6022878062562544,5.371061913014984,5.161924547750305,0.9739418866760022,20,1.0,0.9762249037865208,0.9738874452662535,0.006350013594525393,0,0.0,0.2501508535050364,0.2494522848662007,0.04622985434020303,4.4878643952653725,4.475331632422665,0.8293928019219189,18.807452325904972,18.65477765154138,2.034924980634167,1.0483160446077193,1.0398060503795183,0.11342549058776906,20,20,86.65,86.0,13.565726938443845,59.823160250207,59.82316025020701,7.290014651212246e-15,135.8929688934449,135.89296889344487,2.9160058604848984e-14,17.940631952211263,17.94063195221126,3.645007325606123e-15
front,log-0055,60.0,self-supervised,full_log,3.580988151263962,3.3505568628253037,0.5154684727167379,0.06023118884492588,0.057024462697532474,0.007817014285444956,0.20769384245888886,0.1966361614129396,0.02695523307169227,4.922896692278359,4.660800229519009,0.6389107455339822,7.424904442387077,7.273050824907173,1.2173684967048557,0.34493092830854877,0.33359134054430095,0.05775675241936204,8.175780783538517,7.907002381465927,1.368988709900238,5.263049800889227,5.380411405452975,0.528524494985065,4.897029417885367,4.699150210759544,0.6168500368466371,20,1.0,0.9851128738831395,0.9859396541806044,0.0016699368077820321,0,0.0,0.20769384245888886,0.1966361614129396,0.02695523307169227,4.922896692278359,4.660800229519009,0.6389107455339822,26.056115796256215,25.899624311049372,0.8224577491740739,1.0992907524885767,1.0926884774650754,0.03469896300159729,20,20,84.8,84.5,16.916513265227902,81.73334756770427,81.73334756770429,1.4580029302424492e-14,144.98409225186288,144.98409225186288,0.0,23.70266077220274,23.702660772202737,3.645007325606123e-15
front,log-0056,60.0,self-supervised,full_log,3.197040636716246,3.180186967625561,0.3262975375709061,0.06028256463333448,0.06087870136077498,0.005398956039395373,0.20770492401688578,0.2097589264374835,0.01860222372345829,4.678491596346797,4.7247573895586195,0.41900955297760467,7.6544036823270005,7.822066648513766,0.8343371076800188,0.39242133439612065,0.40280950276249905,0.047849186650194685,8.83917376484628,9.073164165572582,1.0777886884220709,5.330598483000076,5.059989593068467,0.7044593544511052,5.01922576723206,4.970479547357012,0.2644758712867364,20,1.0,0.9820321995308202,0.9814978014520934,0.00219979542284876,0,0.0,0.20770492401688578,0.2097589264374835,0.01860222372345829,4.678491596346797,4.7247573895586195,0.41900955297760467,23.93880681751343,24.145526995959578,0.8249064180094698,1.0627801608041973,1.0719576484778828,0.0366223004456152,20,20,104.1,106.0,7.81967828117325,77.60936557366924,77.60936557366922,1.4580029302424492e-14,148.73146404505894,148.7314640450589,2.9160058604848984e-14,22.52470238002855,22.524702380028554,3.645007325606123e-15
front,log-0058,60.0,self-supervised,full_log,2.7447242305561987,2.6748360571319876,0.18484592224921295,0.04806166039653458,0.04669603097529188,0.0029428399224955843,0.16505116406233591,0.16036138173284037,0.01010616676264544,3.8616305034268295,3.751905700206585,0.23644960073478005,3.194576626584735,3.1553577747761326,0.27187259298921745,0.1837112118143031,0.18139782499290624,0.016059661428949087,4.2982115478791005,4.2440862397270305,0.37574093343149606,4.723879659601158,4.595992031969127,0.7744112616262369,4.723879659601158,4.595992031969127,0.7744112616262369,20,1.0,0.9867121914782866,0.9873411487596351,0.0016389118900639228,0,0.0,0.16505116406233591,0.16036138173284037,0.01010616676264544,3.8616305034268295,3.751905700206585,0.23644960073478005,23.317516064533557,23.25333563365246,0.7015624185634041,0.9966212888773873,0.9938781328924875,0.029985700015452484,20,20,140.0,135.5,12.078689367729648,80.3474218652934,80.3474218652934,0.0,161.1697294857218,161.1697294857218,0.0,23.396566303333564,23.39656630333357,7.290014651212246e-15
front,log-0063,60.0,self-supervised,full_log,2.4848487418145995,2.418733473439591,0.21063478148038614,0.040109635518606954,0.03915701078057196,0.002493866716552762,0.12411099313952086,0.12116329239883593,0.00771675610977252,3.407333170654911,3.3264072328565657,0.21185519829918412,4.3490363187674115,4.451792761690845,1.1350410327586264,0.18858187779803273,0.1902959547733764,0.040699380051017496,5.177311625274685,5.224369755964032,1.1173574891712297,3.5560398306762773,3.184938265369534,0.9114062842009517,3.5235095078650778,3.391311946019341,0.3483564145105158,20,1.0,0.9924049090794655,0.99276529274602,0.0008527475514356022,0,0.0,0.12411099313952086,0.12116329239883593,0.00771675610977252,3.407333170654911,3.3264072328565657,0.21185519829918412,27.25799058394775,27.257769221383302,0.5287107396402183,0.9928633664289498,0.9928553033701465,0.01925811527484581,20,20,85.45,85.0,1.5035046776746235,84.9504894920883,84.9504894920883,0.0,153.67050225201808,153.67050225201805,2.9160058604848984e-14,27.453919144974673,27.453919144974673,0.0
front,log-0071_183,60.0,self-supervised,full_log,2.7012449633113227,2.5544223128401713,0.41308523918854356,0.05005534649141148,0.04766640320691293,0.007433040580907191,0.17544537866058715,0.16707206614701925,0.026053013528545447,3.966106791752408,3.7768202349729703,0.5889527252871081,9.259905981013222,9.154922723016455,0.7965411657443139,0.4426483152942734,0.4369977739347108,0.04147266439903428,10.00647895686501,9.878743187280595,0.9375283475735617,5.393083647613994,5.419147846091714,0.9728570350321152,4.468571844755944,4.415586212806584,0.7214901654516359,20,1.0,0.9890031706790354,0.9887615507492767,0.0013951521135440838,0,0.0,0.17544537866058715,0.16707206614701925,0.026053013528545447,3.966106791752408,3.7768202349729703,0.5889527252871081,24.392037691763615,24.394355574153003,0.871297751910679,1.0790103529320036,1.0791128871739817,0.03854287643690618,20,20,137.7,138.5,13.42072239015785,79.2344288822956,79.23442888229562,1.4580029302424492e-14,152.4462174422029,152.4462174422029,0.0,22.60593480450205,22.605934804502045,3.645007325606123e-15
front,log-0072_184,60.0,self-supervised,full_log,2.8937306427034994,2.582372752247694,0.5718259038796957,0.05759381447582038,0.05317737311804158,0.012448784040719675,0.19018957310663315,0.17560534901709884,0.04110908339636272,4.079324097849851,3.7665110671190685,0.8817374780334524,2.82032410287772,2.6512432271025483,0.39303784253563795,0.19519227210343054,0.17563096714357448,0.04365324125003596,4.186625619371659,3.767060543302052,0.9363064234898067,5.109141725521319,5.111319137620886,1.291660409269376,4.553877696625868,4.785350742234829,0.9704296706987817,20,1.0,0.9869990498707182,0.987877825371718,0.0028544778978040327,0,0.0,0.19018957310663315,0.17560534901709884,0.04110908339636272,4.079324097849851,3.7665110671190685,0.8817374780334524,23.04698436389996,23.470364075050206,1.4011462671263066,1.0745152903824806,1.0942544443683373,0.06532538332641043,20,20,125.95,119.0,31.923386906450688,70.82920509740634,70.82920509740632,2.9160058604848984e-14,152.19039707482895,152.19039707482895,0.0,21.44872629564559,21.448726295645585,3.645007325606123e-15
front,log-0073_185,60.0,self-supervised,full_log,4.919948428727625,4.755545870265708,1.3860356189745255,0.09783072129172284,0.09204169026022613,0.028697335255559016,0.345916801858267,0.32544753541687726,0.10147007302395665,6.699750787669198,6.303300013300912,1.9652823974293394,10.25518946051525,10.102322064941934,2.1948574615190224,0.5932968544482016,0.5762272809936184,0.10468221346873034,11.491032082158458,11.160426897376546,2.0274954508553895,10.36629638223308,7.352349295018133,6.017467277526853,7.9144313052542214,6.227134355975622,3.3878794356778172,20,1.0,0.9550082779843454,0.9652521933434806,0.026030840102029155,0,0.0,0.345916801858267,0.32544753541687726,0.10147007302395665,6.699750787669198,6.303300013300912,1.9652823974293394,17.676817638837697,17.7839087992037,4.382957293919388,0.9126769664197922,0.9182062215928771,0.22629775611719635,20,20,50.4,50.0,0.6805570473787205,68.48309712131342,68.4830971213134,1.4580029302424492e-14,149.9043725573418,149.90437255734173,5.832011720969797e-14,19.368098778891632,19.368098778891632,0.0
front,log-0046,60.0,self-supervised,full_log_excluding_training,2.7466311287656,2.7584169568713186,0.47858937571577703,0.05719358776066854,0.05946619629046332,0.007683776821517588,0.1892184053385519,0.19708501945049073,0.02550513631402845,3.8889133751724523,4.058577649280306,0.5348621454305057,15.728256513149153,16.100144646549907,0.7758939243255084,0.7886445235006266,0.8070209189456554,0.04084444906534802,16.204113002824293,16.608476954354302,0.8784692575501978,4.766528189971064,4.626791025116618,0.5216800915315195,4.552260430857832,4.6748496680540494,0.4260655183043301,20,1.0,0.9831541755133875,0.9833623102312918,0.004124050685697904,0,0.0,0.18925378987451574,0.19709421186780496,0.025514105810881902,3.8896431382563854,4.059827342956777,0.5350685579487205,21.165041685849893,21.104771721012003,0.5650500825929424,1.0302261819872354,1.0269836692228616,0.02769988487108101,20,20,88.85,88.5,12.708368564805923,67.96338217745095,67.88339264503767,0.6651952234310726,164.60233950746485,165.8998005948889,2.957118966871205,20.54451298083722,20.537856340680328,0.12446093943692481
front,log-0048,60.0,self-supervised,full_log_excluding_training,2.6142055513463425,2.759921175817733,0.31884509169627534,0.04808664731501652,0.05003104866244871,0.004616370076664432,0.1676509253135428,0.17330961463662886,0.016543488371019988,3.7509962441833813,3.8734690924069533,0.3373697418910245,6.0507033170060955,5.973965861163983,0.4906732423414305,0.31186599083234484,0.3146944267272853,0.02797524045700592,6.982129550164913,7.045410122099088,0.613332660664861,4.358614701255603,4.377675788954763,0.4838747895173523,4.238667496133749,4.3159987340410915,0.3965902644172094,20,1.0,0.9862938911656084,0.9851300501216865,0.002619504363718326,0,0.0,0.16779524243567423,0.17355561897776617,0.016535569350782733,3.7542064507265467,3.878038866102434,0.3368758579419647,22.555794368426138,22.561247799261405,0.7726531457610828,1.0070629624786522,1.0043628716783393,0.027529440675482596,20,20,112.0,93.5,34.79564401049739,78.06018167374744,77.73990426123005,1.2241175417244494,146.3450379565423,147.0280467770388,1.0359621649186919,22.39787810939162,22.513578517151423,0.47884790143389333
front,log-0049,60.0,self-supervised,full_log_excluding_training,3.2643870617353996,2.6331511334780857,1.3342771798721098,0.05770618484828085,0.049632087284309234,0.016075345570932358,0.18246477853045392,0.16056886545337562,0.048845217567809025,4.689504087104156,3.9964105791746283,1.356874746515379,8.005871642145987,5.669247313746523,4.748822138553499,0.3500608199913603,0.26590923151805557,0.180818085098623,9.01621139415816,6.569956946775386,4.839315558656431,5.145243200832541,4.2817991537360935,1.9873536835737748,4.7594259958648255,4.075321794964959,1.3933564555781928,20,1.0,0.9851096230963539,0.9889313149240473,0.007620798289210036,0,0.0,0.18315741024595375,0.16067071236673386,0.04926200226094752,4.70745451572205,3.9993353041544215,1.3681588800410343,24.443598872265856,23.82514092916881,2.078089131082129,0.9560964329773165,0.966594031960708,0.07997788461340956,20,20,63.4,58.0,13.827508813954884,81.05893319285701,81.4217450046893,1.108392177328922,123.3453713560142,128.6836164750667,6.1796601500920065,25.581569871893,25.9312710329851,0.93655262316398
front,log-0054,60.0,self-supervised,full_log_excluding_training,3.2797790646064184,3.3851455316851404,0.5686206315789089,0.07477558392264386,0.0753246992054511,0.013687666539329419,0.2501120340225371,0.2504801947695876,0.04559690110559,4.486101689232429,4.474605635314297,0.8375727910182619,6.685115557445611,6.647222240057459,1.3953476701625374,0.43793042680433925,0.435699065089188,0.09542616529363715,7.858035515658223,7.823444496527905,1.7520508654986655,6.9543422084222914,6.5318609297329004,1.6621014200442525,5.358090737298054,5.1306238342291755,0.9727331855555771,20,1.0,0.9762044739731722,0.9739774840064808,0.006402044915212315,0,0.0,0.2501449028697681,0.2505029902042348,0.04559135567240776,4.486689523763439,4.475013192926456,0.8374763675548537,18.790912013032532,18.63340940852511,2.1514281035853653,1.047681521102566,1.037994442883054,0.11340303607784986,20,20,86.65,86.0,13.565726938443845,59.973057143905876,59.8221183888146,0.8374122049589295,135.16759532229148,135.89296889344487,1.7227730960769903,17.92480779297973,17.93000438953287,0.18074459339421511
front,log-0055,60.0,self-supervised,full_log_excluding_training,3.534398240524955,3.4411451004507487,0.3832617365442537,0.06002775171851034,0.05755858994455661,0.006936561470601217,0.20663820357469387,0.194248507558754,0.025494510824387466,4.899287089666189,4.806353521266276,0.49337638605245404,7.451323887345443,7.237376794795738,1.3842087691622555,0.3455634859853367,0.3386889619635097,0.06430798551109457,8.207860496847077,7.873316316576821,1.5443241426563465,5.24434918708464,5.2816378897967,0.5501525887941097,4.866974393379442,4.745833904166761,0.5067238636470192,20,1.0,0.985159335378454,0.9855721009916036,0.0018853753625022408,0,0.0,0.20695438185521003,0.19511271435793087,0.025352751339456712,4.907000924420394,4.817890790049759,0.49115256515930206,26.099998448114583,26.097958341539382,0.8081462442798928,1.0982660730226197,1.0952676988543353,0.03213431033755068,20,20,84.8,84.5,16.916513265227902,81.7480449651637,81.72893681448238,1.5301338435137632,138.81342210364906,134.93422474103428,5.409742681952211,23.77509811972318,23.54693194767114,0.7650233481730837
front,log-0056,60.0,self-supervised,full_log_excluding_training,3.257517763987181,3.2656968691648496,0.36085255830978036,0.06204018099167753,0.06329263733963018,0.006332093406941524,0.21211630569334966,0.2162356316273779,0.02092581716889613,4.745966023111701,4.794948290887417,0.42985504085901194,7.910063971141395,8.150567441447052,0.9723519751146811,0.40616838571579866,0.41869748054711897,0.05654446783453435,9.086208743335892,9.412496976796792,1.2100872100868891,5.2784352076362095,5.048543436036921,0.6492311646330373,5.022261867263614,4.987090401699881,0.2583090584890928,20,1.0,0.9817936018156,0.981155625694755,0.0024243432882422983,0,0.0,0.21255156799384145,0.21678641628399936,0.02098902524443991,4.755701787606247,4.803401432751926,0.4312728871819646,23.930948682334975,24.252537049666625,0.83723049900835,1.068879965465306,1.0774877023987854,0.04184735284977319,20,20,104.1,106.0,7.81967828117325,76.59958119563574,76.71771494413488,1.4021652615536975,147.89901463657944,148.7314640450589,2.562719680097263,22.394520265140386,22.47884671709854,0.3277632316964337
front,log-0058,60.0,self-supervised,full_log_excluding_training,2.714338122765139,2.62382094978595,0.21665985266127052,0.04760320217003044,0.045824565226660785,0.0036214482252628754,0.16358360782352746,0.15677113478604104,0.013209738275227489,3.8486803931729225,3.723775861130215,0.27618092571583164,3.2312595218377878,3.2094206064999584,0.24408975785004583,0.18467895544649388,0.18320692165832175,0.016951896888887163,4.344307120815815,4.3194890766884715,0.3574607891969668,4.7470958787668085,4.6419183406543265,0.8212257238157363,4.7470958787668085,4.6419183406543265,0.8212257238157363,20,1.0,0.9869959431925727,0.9879267116539074,0.002149231253672384,0,0.0,0.16384169167464718,0.156997519424729,0.013087620973528329,3.8547665458740226,3.72912167397849,0.2730752116339052,23.52044716258212,23.459843916134194,0.7928650855817237,0.999013975880267,0.9981545726975001,0.0315607530811744,20,20,140.0,135.5,12.078689367729648,80.87892813351807,80.56586276049987,0.9647051921297297,161.00524535848066,161.1697294857218,0.33751430762206763,23.543440951704916,23.49991658111231,0.26573507408299535
front,log-0063,60.0,self-supervised,full_log_excluding_training,2.6686305539529145,2.6592977793963124,0.15205825376814097,0.04027232626829523,0.04017382395540588,0.0022779893514440395,0.11727238548137527,0.11692280302136439,0.0065861120252887085,3.4612775976737034,3.442186236746407,0.16658944674659953,4.590989672038374,4.6898633252053825,1.0396244849044485,0.18364517864227914,0.18530808596567838,0.03546093594412176,5.416618718849018,5.468570930662041,1.0068315105158923,3.437528489120757,3.1028510656309516,0.8421043212015441,3.427683595589273,3.293635371146451,0.33751621807058285,20,1.0,0.993325037547903,0.9934757159756417,0.0006969268696944185,0,0.0,0.11768366263657137,0.11730301255281553,0.006493803687943205,3.47346661403747,3.4535149998952654,0.16445033878767906,29.64157929633123,29.685280123877767,0.7996228972267851,1.0037603250463574,1.0028567051041646,0.020407881304813195,20,20,85.45,85.0,1.5035046776746235,85.98611950548926,86.59697804419193,0.9784912729391041,131.5502176359828,132.7107428223022,2.710831324321653,29.52751965025247,29.67602625427063,0.3084898340772485
front,log-0071_183,60.0,self-supervised,full_log_excluding_training,2.766014254261639,2.5899341388344674,0.4345209884576363,0.0504240454656452,0.048141616612738275,0.007591196628104727,0.17588848863745743,0.16791361796089238,0.026072914670088907,4.019333433094496,3.8318093041819297,0.6018330285599066,9.310559035078368,9.240549810080124,0.8171937448666978,0.4408291375394605,0.438414125854408,0.041678885122701334,10.073135507031697,10.01516055583798,0.9724609308481883,5.416520783768538,5.444774730728817,0.9819913974389367,4.481731010084301,4.495331978205902,0.7262117268418771,20,1.0,0.9892007986952749,0.9891296239706546,0.0013838328429932535,0,0.0,0.17594552145652823,0.1680186821843308,0.026101445808630303,4.020636273493254,3.8342072087715438,0.6024731340528304,24.727633615864175,24.720997647771988,0.915181361397167,1.0822905457757288,1.0824908187503581,0.038443819246421165,20,20,137.7,138.5,13.42072239015785,79.71710180586138,79.79088153122652,0.26597077727623547,150.04939735249746,152.4462174422029,5.785679680571518,22.846519721699845,22.82029949013166,0.10400852828874631
front,log-0072_184,60.0,self-supervised,full_log_excluding_training,2.980924335143656,2.631384604213767,0.6373198590284489,0.059246150568810704,0.05330872755222668,0.013716305866454493,0.193879805086791,0.17396121209568977,0.04465254869999353,4.1451205749568665,3.7385826638100372,0.9298555945088887,2.8870469841326147,2.707564975741475,0.4334144750651386,0.2001326118274478,0.17405950934533337,0.048391122253103,4.2787889467452365,3.7406905182970984,1.0104881974659405,5.104880544063204,5.194836547825748,1.3030931991543555,4.558706426930447,4.73625620259686,0.9834139111919449,20,1.0,0.986893685421401,0.9877023432567803,0.0028234874597711846,0,0.0,0.19405332470220063,0.17410789413225805,0.04475487797414236,4.148796644354019,3.7417356706107503,0.9318964747825693,23.106097595587045,23.47566370538996,1.299945010773238,1.0796389422037262,1.0923900938497133,0.06941249931149608,20,20,125.95,119.0,31.923386906450688,70.10297616919058,70.04919659817094,1.1871979097520036,149.32964657743634,152.19039707482895,4.317340017738938,21.414201539774584,21.39144745822547,0.3073461024124068
front,log-0073_185,60.0,self-supervised,full_log_excluding_training,5.051735352786197,4.931100394555546,1.462679453265045,0.09888389238900624,0.09601080107854765,0.02883450738902744,0.35251648377804823,0.3392862510764977,0.10383564832160126,6.8772127511528875,6.4038097592089,2.117555311398985,10.355220020875686,10.12528606636068,2.2248798248976374,0.5977870834721607,0.5830247892854565,0.1141281805702195,11.6110583339328,11.377846587591854,2.0406943891451,10.45033928785207,7.330354466300186,6.121071494332913,8.059514023532529,6.269144922967928,3.531834090190614,20,1.0,0.9538985055577938,0.9633511787858977,0.027366929241660055,0,0.0,0.3525782145167488,0.3393452303115184,0.10384600580579034,6.878417225863852,6.404233038960097,2.117771816074088,17.648803217596974,17.924529734894424,4.078054491547987,0.9123553024975177,0.9154494759837497,0.2340562805716013,20,20,50.4,50.0,0.6805570473787205,69.41473951689797,70.86774493094704,3.046106845580862,147.83352609663945,149.90437255734173,3.904929769419391,19.473553765194403,19.57759085712553,0.7317865367185485
front,log-0046,60.0,self-supervised,training_window,2.667547064370274,2.6220827589360205,0.47399949525691526,0.056245839742236604,0.05714231377809001,0.007887373898001888,0.1856556580504403,0.18888859039671696,0.026181258312990424,3.802298699647513,3.9188818697171497,0.5017825372180623,15.50870829298951,15.441378911405305,0.5754411795866763,0.7790419548367356,0.7857021817748642,0.039612285567572764,15.970881089629808,15.93656176189544,0.6626958268159769,4.566599443438905,4.585588622616868,0.3219484634912789,4.69518819359949,4.812421701627265,0.3144354385475286,20,1.0,0.9834098401569372,0.9834244619616701,0.004259696823967625,0,0.0,0.18683481397244903,0.1908817992320833,0.026532667550323033,3.8259389293668002,3.920728718302045,0.5046108328374478,20.96945825533428,21.2440480699941,1.0927320746183495,1.0214407078143084,1.0161317021383631,0.027777290111138844,20,20,88.85,88.5,12.708368564805923,67.7609517898757,68.67320917405756,2.9672104591817074,137.47091454812778,128.48474116409312,15.143222857260133,20.52099924326507,20.68759980997414,0.6952344703791175
front,log-0048,60.0,self-supervised,training_window,2.3253392084766347,2.2472304777395706,0.4245104120992992,0.04651988908162277,0.0435163390588335,0.00931256631664193,0.1577825611792819,0.14709816753861638,0.03283642969089295,3.261079856837005,3.220046692220169,0.6239018033600585,6.220034387314053,6.440526805292212,0.9449231280642173,0.3367849694160057,0.3288747683178468,0.053806637775189146,6.9564843372718,7.099433289783456,0.9857085164672729,4.100221498183485,4.060030651769324,0.5856155240942584,4.062799265314097,3.9537341200544542,0.5735845231568532,20,1.0,0.9881699912985533,0.9893853554147516,0.00450719982413159,0,0.0,0.1622187777922087,0.1519300178470293,0.0315443699580265,3.3534667317376736,3.3208365570064564,0.5994621337133693,20.713951225791867,20.353792403541938,1.690118735337359,0.9980520640709509,0.9746716899787893,0.045401629407238235,20,20,112.0,93.5,34.79564401049739,70.33186800830086,69.62861118821735,5.353471826694977,138.89160921800473,138.76314595072665,7.249508807015334,20.77359651868489,20.63481267189303,1.709239902367156
front,log-0049,60.0,self-supervised,training_window,2.2822498097453576,2.38775295833931,0.6129202906066087,0.049663460089530716,0.050159274872037383,0.011575694470686468,0.168181424264079,0.1720959507999078,0.04037196762150102,3.3263033909235,3.5825162734836806,0.8206596608540752,8.876325101423962,6.305602428536049,5.615342466000567,0.5061955379806446,0.3436975212561141,0.3103740786037697,9.669935863676969,6.972868367224845,5.225630636725711,4.2736702347731645,4.212096959447431,0.977674295277038,4.22056775509409,4.2451938101402416,0.8561266199239342,20,1.0,0.9887999881447328,0.9885997029494885,0.003883481303657042,0,0.0,0.17968697291578342,0.17737649377490577,0.03736840395750079,3.5377786112653524,3.7450520886559193,0.703219463031846,20.518881636185235,20.17835076535259,3.035413227773324,1.032820429166503,1.0015313255950122,0.07602727156386489,20,20,63.4,58.0,13.827508813954884,67.0413332993435,64.64509530782601,7.737506939396019,119.10620370550131,113.38702968087262,6.608112855043488,19.879886575267992,18.555393413710753,2.780170446389553
front,log-0054,60.0,self-supervised,training_window,3.2579306774618986,3.3018565340630657,0.5497857873209738,0.07564069715949925,0.06950000514774368,0.018865674237486793,0.2508773172696989,0.24534823240822468,0.05918417451569584,4.419515679200495,4.431315482718762,0.8245580562423864,6.784496095110809,7.17103573972453,1.8335713715379447,0.45389891716149744,0.4579646370723409,0.1502363876364373,7.911438468652852,8.201831800327021,2.115777377719257,5.915415225306118,5.655129372168171,1.3559387591286514,5.418460293524013,4.998267497829449,1.5019711642677178,20,1.0,0.9771721604133454,0.9756656591757895,0.006855982152383472,0,0.0,0.25460389063840266,0.24833083220861363,0.05946646338362001,4.48631937947295,4.4784845145736405,0.8226502120534479,18.726547141534333,18.655389608074458,1.8678101324351521,1.0562362526202667,1.0618759343356978,0.12253898371508433,20,20,86.65,86.0,13.565726938443845,59.62648924377828,60.18852918166102,8.647468196971168,117.71247583067024,120.18887112377558,15.917666267894555,17.868519179554852,17.940717244292873,1.9670043688565286
front,log-0055,60.0,self-supervised,training_window,3.6265892568141753,3.0588157038218284,1.0482825790594161,0.06028652233018147,0.059366458212585904,0.010960789114771476,0.20672385764440357,0.20157743627445046,0.03413227759792157,4.854677601144664,4.154341328983389,1.1872886137798575,7.346120978722877,7.348186702231442,0.7584091378086376,0.3490387571043157,0.3377734078912342,0.04517865323869137,8.054996967194082,8.001778929942631,0.874920499850974,5.096381725014865,4.7043322543957675,0.9721327697302344,4.900650464440086,4.695308153241211,0.982207974899014,20,1.0,0.9854700101180601,0.9855761803628312,0.0018621798374384422,0,0.0,0.2105168343269516,0.2105379288042621,0.03257982661261911,4.933846107890253,4.2812356774889295,1.1321756054811154,25.620958174716115,25.411746850557527,3.4789894728266386,1.0987194025638078,1.0712182510255226,0.046471742660305036,20,20,84.8,84.5,16.916513265227902,79.86821549059381,82.11265192501037,7.270334697487285,140.06378222883157,143.60286825732166,4.978223136709413,23.249641717985543,24.120824965570165,2.3741949803432836
front,log-0056,60.0,self-supervised,training_window,2.8761540916336257,2.8443497545721073,0.31575046822141417,0.05329197044353327,0.05408003506833001,0.005920527640436197,0.18678769774750342,0.1874891571682994,0.021578746347954453,4.194056208352217,4.2171886950009245,0.4411327818347982,6.661552082036755,6.510945252348527,0.4938652697737555,0.3461450484635914,0.34227993576407634,0.030197300506218015,7.778813606123404,7.600672246487878,0.6577070681810661,5.291626877135207,5.127627435457241,0.9033623011830398,4.875017897043854,4.8324210636258105,0.4650700289785238,20,1.0,0.9836042026805686,0.9842735881608407,0.003492674800503638,0,0.0,0.1940603675550295,0.1945859461876222,0.02175050870163136,4.358382037531537,4.353372517404535,0.4497722343378111,23.202564001243154,23.21657489686593,1.0958011714871019,1.031443516330762,1.0301103401214524,0.02185025265532938,20,20,104.1,106.0,7.81967828117325,78.89524410772552,79.8156491242973,4.883144641613185,131.8265503644861,136.14620959402913,9.45583951734317,22.500102538231438,22.456558956969438,1.0684092163758085
front,log-0058,60.0,self-supervised,training_window,2.6686736839237124,2.686479369488612,0.29142484611688685,0.04901514459723676,0.04946657355207266,0.0027773921536699935,0.17078200594094112,0.17323603675619892,0.013541229739226926,3.6872415436791086,3.636355095647117,0.3208117853348743,2.98532578606488,2.8741182581758062,0.47458733394998104,0.1850312714168296,0.18394769826223617,0.015143095755800614,4.015365654307471,3.8883524478029226,0.5484424517862689,4.416241866104878,4.280662872485911,0.45453849921959777,4.375743657022106,4.306902756486325,0.30767124698762804,20,1.0,0.9855804563321291,0.9856986400304033,0.0022912525928924132,0,0.0,0.17981523987747877,0.18260775889949277,0.018499841171104682,3.8777069643604647,3.9868338659781473,0.3693092938859331,21.439515455997988,21.20725462090277,1.7982782903749803,0.9906893388287192,0.9887190654058085,0.02684532345781627,20,20,140.0,135.5,12.078689367729648,75.27874058528668,76.96713116772719,5.583610344405105,138.2364985409216,136.9977429230494,7.282947159354351,21.623021071691138,21.087477020179715,1.4474629704621809
front,log-0063,60.0,self-supervised,training_window,2.2512961388786334,2.189721750688884,0.3125841395073854,0.04049523873254838,0.03976102726514667,0.0036067021139137953,0.13537018607307832,0.13304960923402806,0.011645228524603172,3.3100433588683496,3.250011577733553,0.3209234545006597,4.077107638811475,4.184198807787052,1.2434415845857132,0.19971114144402488,0.20376523500155458,0.049461942714517156,4.887752441828046,4.935384876516158,1.2573592163703393,3.7250638389013346,3.4461851743686456,0.9401925396123304,3.702300916058858,3.629458027573202,0.3963304901462784,20,1.0,0.991055493010568,0.9913777387441016,0.0012673406867491075,0,0.0,0.1360556037144565,0.13363129243289035,0.01133236571110611,3.3267068886675473,3.26192863548775,0.31316860964521176,23.715351569890167,23.825370440915336,0.3844647375382077,0.9706862216476179,0.9712537285939442,0.016809449609422756,20,20,85.45,85.0,1.5035046776746235,81.69214764111413,81.34616137740744,0.6531850356636139,153.3286027416099,153.14450300523623,0.2574032464777531,24.434512512955116,24.33191015090215,0.36089908706003704
front,log-0071_183,60.0,self-supervised,training_window,2.2718555199570294,2.3211817261072167,0.34539891275275175,0.05114891270975051,0.05134405255770518,0.008504550963631188,0.1708386939645094,0.1709923000932214,0.02969499083003084,3.5169150115966423,3.5232378540810085,0.5950056665848766,8.93482614903446,8.774704089723635,0.8896714925603569,0.46439101671297156,0.4511811508147723,0.053073441476434426,9.550300941828478,9.525330579901867,0.8944706661734492,5.071723360444155,5.222902785816901,0.9101541461405043,4.334399456334477,4.143925114307275,0.7979906314146094,20,1.0,0.987801016519084,0.9868660633703081,0.00284756906745135,0,0.0,0.17375930497796746,0.17304711406234985,0.030988512967650504,3.5771826241574765,3.566372989347099,0.624367685168674,21.680487711298,21.376194229458815,0.791488656887088,1.0522714313504502,1.055869700171825,0.03973386153723747,20,20,137.7,138.5,13.42072239015785,68.77905987837455,69.20885850094389,2.444876479223805,129.8242944044611,130.64425526101547,11.701970125479788,20.616978642935237,20.87511092084815,0.7178829377871241
front,log-0072_184,60.0,self-supervised,training_window,2.4282784741613392,2.3881999245962513,0.29394332094047676,0.04978180037209583,0.048754138735376776,0.006638953702301282,0.1692146519932704,0.16525478827192297,0.02455528048627017,3.5987668874615197,3.6747371567486677,0.6028411806046541,2.490677599024419,2.442642025612518,0.24236809782591617,0.17296493643161243,0.16652733605113001,0.023897804445397516,3.675743521916521,3.7090822801816765,0.5781094632582358,4.839493038168535,4.555818747369701,1.3301275068291996,4.3449625950253745,4.460171616428412,0.830748167411705,20,1.0,0.9882324588954624,0.9880516596008987,0.002665007098707778,0,0.0,0.17391001841036097,0.17520229981493068,0.02682014690389511,3.7020324444915564,3.8619173258351704,0.6677026778744019,22.223314459486144,23.132544896180065,2.0840877139030667,1.0454963623185451,1.0537914854711066,0.05130189865188476,20,20,125.95,119.0,31.923386906450688,72.07806799569256,74.19874074710384,4.912085496463841,138.82680796705085,141.31694139341133,10.890117088803164,21.222576640896794,21.6321190284415,1.257285078182413
front,log-0073_185,60.0,self-supervised,training_window,4.388904615488981,4.389970977345698,1.2535277870283057,0.09654607984706713,0.08894437179760858,0.02947282134325909,0.31882752555808047,0.2967146603452384,0.09116640363182556,5.805650707061671,5.848637949010989,1.455780058694899,9.839597216044035,9.589183753035497,2.1205431394076792,0.6006788316319356,0.6260892253834291,0.12173267200763221,10.960395873556243,10.673818180436799,2.0740865014417764,7.445397610024706,5.987366105713768,3.114128262264133,6.737797862363469,6.269251338862835,2.0059319216659284,20,1.0,0.9610418661828055,0.9709099640574579,0.022514928157248742,0,0.0,0.3202623973679245,0.29811753018222864,0.09159701948320872,5.830735569201165,5.864504066339926,1.4590638613667661,17.514072457911627,16.326636473452993,5.978481630504267,0.9257414883070917,0.926709870223779,0.20096117343874376,20,20,50.4,50.0,0.6805570473787205,61.831027309495724,58.74513284317999,12.426937811790747,125.56570939103646,125.90022639012892,15.707460597510307,18.54272312012761,18.428594148072833,3.0434922668992366
