pipeline,log,duration_s,trainer,evaluation_scope,aligned_mae_mean,aligned_mae_median,aligned_mae_std,aligned_nrmse_p90_mean,aligned_nrmse_p90_median,aligned_nrmse_p90_std,aligned_nrmse_std_mean,aligned_nrmse_std_median,aligned_nrmse_std_std,aligned_rmse_mean,aligned_rmse_median,aligned_rmse_std,anchored_mae_mean,anchored_mae_median,anchored_mae_std,anchored_nrmse_std_mean,anchored_nrmse_std_median,anchored_nrmse_std_std,anchored_rmse_mean,anchored_rmse_median,anchored_rmse_std,bin_occupied_rmse_mean,bin_occupied_rmse_median,bin_occupied_rmse_std,bin_rmse_mean,bin_rmse_median,bin_rmse_std,completed_trials,completion_rate,correlation_mean,correlation_median,correlation_std,failed_trials,failure_rate,fixed_aligned_nrmse_std_mean,fixed_aligned_nrmse_std_median,fixed_aligned_nrmse_std_std,fixed_aligned_rmse_mean,fixed_aligned_rmse_median,fixed_aligned_rmse_std,prediction_std_mean,prediction_std_median,prediction_std_std,prediction_to_travel_std_mean,prediction_to_travel_std_median,prediction_to_travel_std_std,scheduled_trials,successful_trials,training_observations_mean,training_observations_median,training_observations_std,travel_p90_span_mean,travel_p90_span_median,travel_p90_span_std,travel_range_mean,travel_range_median,travel_range_std,travel_std_mean,travel_std_median,travel_std_std
front,log-0046,10.0,oracle-power,full_log,1.8975466860081962,1.8364789908187236,0.1720108983886114,0.04331016378926218,0.041399939212212314,0.004785713636880183,0.14288604100504357,0.13658395384201003,0.01578871135849166,2.9388380403074366,2.8092185662301725,0.32473756863437464,1.9619626276728304,1.8369079982664749,0.2295276347444654,0.1461364600517183,0.1410372054964921,0.016631514731772004,3.0056917026674315,2.900811735676249,0.34207210038060915,4.107430774608579,3.7932877157937126,0.9679543088495829,3.782513446008312,3.5714717019484095,0.5992047483645493,20,1.0,0.9903918588138738,0.9911493052489218,0.0018191502029067308,0,0.0,0.14288604100504357,0.13658395384201003,0.01578871135849166,2.9388380403074366,2.8092185662301725,0.32473756863437464,20.34892294600442,20.070067722752075,0.8092958270970328,0.9893628020981697,0.9758048862424402,0.039347890271523876,20,20,975.95,976.0,0.22360679774997902,67.85562055611665,67.85562055611663,1.4580029302424492e-14,165.89980059488886,165.8998005948889,2.9160058604848984e-14,20.56770570194259,20.567705701942586,3.645007325606123e-15
front,log-0048,10.0,oracle-power,full_log,2.2520830588447183,2.211324132061298,0.1644918940736905,0.04624306699181723,0.04427659710064259,0.005084095313319969,0.16011858834932496,0.15330960262478271,0.01760389648779699,3.593088585273101,3.4402937777722675,0.3950344565156745,2.3546388215765397,2.257972602316646,0.3704039796556481,0.16757327714950468,0.1561922851190879,0.023617302172979675,3.760373080538899,3.5049816673673058,0.529976311479495,4.550562143498944,4.3931357181706545,0.8661114360328035,4.550562143498944,4.3931357181706545,0.8661114360328035,20,1.0,0.9882895007608502,0.9889190057050901,0.002041198122281708,0,0.0,0.16011858834932496,0.15330960262478271,0.01760389648779699,3.593088585273101,3.4402937777722675,0.3950344565156745,22.653591575459323,22.577513199048994,1.0555160495403473,1.0095106251962918,1.0061203491299961,0.04703689759422137,20,20,976.1,976.0,0.4472135954999579,77.7000493048807,77.70004930488071,1.4580029302424492e-14,147.02804677703884,147.0280467770388,2.9160058604848984e-14,22.440171514841165,22.44017151484117,3.645007325606123e-15
front,log-0049,10.0,oracle-power,full_log,2.814143197285264,2.874206977009674,0.309412632019183,0.05280111850013939,0.053932982216555556,0.004307131882793371,0.17543035882705588,0.17919094692735704,0.014310334954588121,4.251480263461451,4.342616519434111,0.3468048918655622,2.6030540125770587,2.476927548650623,0.4120941142528374,0.18445754297271316,0.18516629481207536,0.01832099225951534,4.470250238547284,4.48742653845847,0.4440014688401048,4.7515900408355325,4.527884543409339,1.0687882242014342,4.50997335174113,4.543863685638348,0.49345305830052255,20,1.0,0.9873888584662751,0.9877324401978331,0.00199907713560192,0,0.0,0.17543035882705588,0.17919094692735704,0.014310334954588121,4.251480263461451,4.342616519434111,0.3468048918655622,22.66901240119427,22.02672346731019,1.421831261334886,0.9353996098663883,0.9088966106380226,0.05866953458803612,20,20,976.1,976.0,0.8522416262267904,80.5187538489403,80.51875384894029,1.4580029302424492e-14,128.68361647506669,128.6836164750667,2.9160058604848984e-14,24.23457542860456,24.23457542860456,0.0
front,log-0054,10.0,oracle-power,full_log,2.4204658021933336,2.382961022881025,0.12588349185784398,0.05346571722098623,0.05214211907764657,0.004572133556128358,0.17828180064800253,0.17386825356410918,0.015245810690626376,3.198488169203312,3.1193063453674266,0.2735194784136155,2.647108232701954,2.6197849051522484,0.26324309304544036,0.19882071089220718,0.1959484973343853,0.018827067974032094,3.5669691985940895,3.5154398722650555,0.3377694972613735,6.078583742909585,4.245655206149102,3.9857785424195855,3.886339121619175,3.5381196082441337,0.9954021295554965,20,1.0,0.9847936015556723,0.9854737640816191,0.002674516547979637,0,0.0,0.17828180064800253,0.17386825356410918,0.015245810690626376,3.198488169203312,3.1193063453674266,0.2735194784136155,17.44460201113072,17.201367645942142,0.7498917903438616,0.9723515903786542,0.9587938536257636,0.041798515924152464,20,20,975.95,976.0,0.3940344628262062,59.823160250207,59.82316025020701,7.290014651212246e-15,135.8929688934449,135.89296889344487,2.9160058604848984e-14,17.940631952211263,17.94063195221126,3.645007325606123e-15
front,log-0055,10.0,oracle-power,full_log,2.7010108440343887,2.6605232133667664,0.11749078283596433,0.046640313049331264,0.04548481053333348,0.0036967764280723845,0.16082873369213152,0.1568442405728543,0.012747510314541664,3.812068917127526,3.717625828372123,0.30214991267573654,2.8030234531581635,2.7445337883394325,0.20964384870527644,0.1649186263154113,0.15921814171171206,0.015445643885659366,3.90901025457186,3.7738936017732136,0.36610285743003135,4.726831157566694,3.796805726577605,1.9002626711230404,3.916912577941549,3.7097847205647385,0.42512342110337165,20,1.0,0.987286398579184,0.9881320783646124,0.002277051833660937,0,0.0,0.16082873369213152,0.1568442405728543,0.012747510314541664,3.812068917127526,3.717625828372123,0.30214991267573654,23.24986789521748,23.093645367737086,0.6410140250258822,0.9808969599937797,0.9743060321236224,0.02704396907952337,20,20,975.95,976.0,0.22360679774997896,81.73334756770427,81.73334756770429,1.4580029302424492e-14,144.98409225186288,144.98409225186288,0.0,23.70266077220274,23.702660772202737,3.645007325606123e-15
front,log-0056,10.0,oracle-power,full_log,2.7396054436175596,2.6830894649138672,0.3063243906090636,0.05068116262570631,0.048873508846826785,0.0057624774896223325,0.17462307876726924,0.168394767263359,0.019854745006471976,3.933332877917023,3.793042014961337,0.44722222210213936,2.9117670938240905,2.766256248584952,0.4462881245119223,0.18358766111677358,0.1800692155435423,0.021231830392387005,4.135257427300866,4.0560054879235015,0.47824066057176207,5.241002495343688,4.591655618760397,1.451490905217065,4.340150547249232,4.224720460722129,0.49286477868846285,20,1.0,0.9850745161172154,0.9859659151858685,0.003979138817443236,0,0.0,0.17462307876726924,0.168394767263359,0.019854745006471976,3.933332877917023,3.793042014961337,0.44722222210213936,22.060337366289907,22.16382698036808,0.8390944132258084,0.9793841887051802,0.983978682889038,0.03725218646927777,20,20,976.05,976.0,0.3940344628262062,77.60936557366924,77.60936557366922,1.4580029302424492e-14,148.73146404505894,148.7314640450589,2.9160058604848984e-14,22.52470238002855,22.524702380028554,3.645007325606123e-15
front,log-0058,10.0,oracle-power,full_log,2.737519536719713,2.5955793865505674,0.3638870883512891,0.050526508474011876,0.04760748655374006,0.008244138431533644,0.17351583301192908,0.16349146094718287,0.02831164453306693,4.059674691741754,3.825138806079635,0.662395268474312,3.0051123637367563,3.057027704503345,0.42684574685259175,0.18701614611714756,0.18128059027845078,0.02932500222396843,4.375535662423763,4.241343349957221,0.6861043588784819,6.29568969566556,4.811732579869981,3.515318996871601,6.29568969566556,4.811732579869981,3.515318996871601,20,1.0,0.9864144753378064,0.9879075686047092,0.0031102083967794107,0,0.0,0.17351583301192908,0.16349146094718287,0.02831164453306693,4.059674691741754,3.825138806079635,0.662395268474312,23.679035535249586,23.76048751795475,1.3606887606899056,1.0120731062949082,1.015554471109264,0.058157626339213404,20,20,975.9,976.0,0.3077935056255462,80.3474218652934,80.3474218652934,0.0,161.1697294857218,161.1697294857218,0.0,23.396566303333564,23.39656630333357,7.290014651212246e-15
front,log-0063,10.0,oracle-power,full_log,2.9343262711293066,2.464136296542665,1.775288597507985,0.05204042798309253,0.04363517070408663,0.03427631729975209,0.16102836929024394,0.13502003450977274,0.10606099323101802,4.42085983054148,3.7068291103829902,2.9117899326000742,2.7869266070130325,2.440638482119596,1.2949364023829126,0.16679446725966274,0.1370542769415467,0.11978168277293626,4.579161817975907,3.7626770376261898,3.288476633897197,5.3192046824363475,3.810064900945145,2.94169254736567,4.551162809434752,3.8675774975434396,3.0351661456766563,20,1.0,0.9890167189986565,0.9908985318430732,0.011072326357547943,0,0.0,0.16102836929024394,0.13502003450977274,0.10606099323101802,4.42085983054148,3.7068291103829902,2.9117899326000742,28.17039037267109,27.243105576315195,2.99606197077189,1.0260972294670563,0.9923211849082004,0.1091305745802893,20,20,976.0,976.0,0.6488856845230502,84.9504894920883,84.9504894920883,0.0,153.67050225201808,153.67050225201805,2.9160058604848984e-14,27.453919144974673,27.453919144974673,0.0
front,log-0071_183,10.0,oracle-power,full_log,1.9517624018143067,1.7612793714810138,0.4109956936589852,0.03595800944348128,0.0322656818725371,0.007614311182192141,0.12603382105795602,0.1130921104469951,0.026688372016932433,2.849112341998431,2.5565528756683156,0.6033155978530714,2.0671163498154317,1.884701101868571,0.4347651232560669,0.1319254148573985,0.12238586952790624,0.026151105028025517,2.982297327323236,2.766646987540142,0.5911701753292303,5.006089029429687,3.763475495544161,3.8406729968366347,3.235907636469598,2.643865867723034,1.4557353864694624,20,1.0,0.9925403293934091,0.9937878120050898,0.002384828807908939,0,0.0,0.12603382105795602,0.1130921104469951,0.026688372016932433,2.849112341998431,2.5565528756683156,0.6033155978530714,22.781383709749186,22.43057725981909,0.8500082537234122,1.0077611877926942,0.9922428536488552,0.03760111055235505,20,20,975.95,976.0,0.22360679774997902,79.2344288822956,79.23442888229562,1.4580029302424492e-14,152.4462174422029,152.4462174422029,0.0,22.60593480450205,22.605934804502045,3.645007325606123e-15
front,log-0072_184,10.0,oracle-power,full_log,1.925769934544442,1.8288132632464191,0.20045875737806873,0.03788612768846795,0.03585734552829255,0.00453014660864661,0.12510972779478288,0.11841016784234898,0.014959708042444052,2.68344430839302,2.539747280671998,0.32086668326515044,2.0734355053067364,2.006020733725901,0.25339918395156424,0.13330003361486947,0.12569563194472513,0.017820158900011047,2.8591159362056917,2.696011206140615,0.3822197107912497,3.031497057509623,2.775587094426984,0.4352604200311104,2.794315888929236,2.6160907553949464,0.3817364795207695,20,1.0,0.9926691486872059,0.993155639994818,0.0012460339187715785,0,0.0,0.12510972779478288,0.11841016784234898,0.014959708042444052,2.68344430839302,2.539747280671998,0.32086668326515044,21.376372135081702,21.1364257186243,0.7678481115018175,0.9966266453510307,0.9854396679450057,0.03579924051982996,20,20,976.1,976.0,0.718184846459608,70.82920509740634,70.82920509740632,2.9160058604848984e-14,152.19039707482895,152.19039707482895,0.0,21.44872629564559,21.448726295645585,3.645007325606123e-15
front,log-0073_185,10.0,oracle-power,full_log,1.777257267526434,1.674595258547262,0.24130782670254045,0.04085419185110981,0.03808207899473767,0.008023591824914588,0.14445514865927558,0.1346533154415993,0.028370384955195227,2.7978215883523245,2.6079787143781497,0.5494804182074021,1.8605528779811675,1.7410551608762175,0.363405050665114,0.14927167216650256,0.14106047894090962,0.03299649795245242,2.8911084914111504,2.7320732899253,0.6390794317005939,5.126756617873475,3.341688025304206,4.221172783067442,3.581972905066145,3.0773790230796894,1.0824685798097469,20,1.0,0.9902264303310458,0.9911383324183678,0.0024705529989317884,0,0.0,0.14445514865927558,0.1346533154415993,0.028370384955195227,2.7978215883523245,2.6079787143781497,0.5494804182074021,19.288531966159503,18.91941919533589,0.8814524618143189,0.9958918625085265,0.9768340925623152,0.045510531099468156,20,20,976.15,976.0,0.48936048492959283,68.48309712131342,68.4830971213134,1.4580029302424492e-14,149.9043725573418,149.90437255734173,5.832011720969797e-14,19.368098778891632,19.368098778891632,0.0
front,log-0078-valid,10.0,oracle-power,full_log,5.999281482411707,5.741532802605569,0.6121964457346881,0.08701096308163123,0.08206324829467557,0.010908181205898843,0.27932803969576536,0.2634445760094999,0.03501812604960298,7.7528965924761035,7.312042707473765,0.9719464985347172,6.934626214623556,6.314087330458923,1.84450396298553,0.3276006233512164,0.3010829906798093,0.07101566785978974,9.092727530107664,8.356716694236678,1.9710771964112468,7.764832266982791,7.10393519764201,1.6582526386162544,7.764832266982791,7.10393519764201,1.6582526386162544,20,1.0,0.9661102111748747,0.9682204698772805,0.004555934848876806,0,0.0,0.27932803969576536,0.2634445760094999,0.03501812604960298,7.7528965924761035,7.312042707473765,0.9719464985347172,27.652402111243923,27.526077940637748,3.039747665100192,0.996284573446878,0.9917332573651105,0.10951864846052808,20,20,975.55,976.0,0.6863327411532598,89.10252591047126,89.10252591047124,1.4580029302424492e-14,191.14572150135155,191.14572150135155,0.0,27.75552572853157,27.75552572853157,0.0
front,log-0079,10.0,oracle-power,full_log,6.516259587424275,5.399217192995078,2.1248186905748807,0.08640997797566083,0.06869635374355564,0.03199537170163123,0.29888692296134595,0.2376165608427636,0.11067006867654446,8.819084437602132,7.011215121365375,3.2654780299635133,7.042407005802604,6.602583552892696,1.6745326253271844,0.3411008381328939,0.2747011814967281,0.13618536777286694,10.064666140043498,8.105449682193095,4.01834327730069,8.532836761084194,7.118757583469591,3.0998240906370063,8.532836761084194,7.118757583469591,3.0998240906370063,20,1.0,0.9680366048891068,0.973546324754184,0.010679668738142578,0,0.0,0.29888692296134595,0.2376165608427636,0.11067006867654446,8.819084437602132,7.011215121365375,3.2654780299635133,31.793328714218216,29.36102709186417,4.597863239267086,1.0775052963065863,0.9950723461786074,0.1558258349270637,20,20,975.95,976.0,0.3940344628262062,102.06094995286549,102.06094995286549,0.0,190.67881336638962,190.67881336638965,2.9160058604848984e-14,29.506424537491974,29.506424537491974,0.0
front,log-0080-valid,10.0,oracle-power,full_log,7.010010683550318,6.593174535744625,1.179177880087683,0.1045798457749599,0.08690090905318618,0.02712661409430291,0.3523321864610769,0.2927713945768248,0.09139025960793709,10.312766592367488,8.569421623154113,2.6749938051902746,7.503763349652592,6.940170665442684,1.866606441162937,0.39665406272386594,0.3516463839383517,0.10798613525031481,11.610068350191513,10.292693145725101,3.160755249850982,10.714247319098494,8.415047617603019,3.7682807600463764,10.714247319098494,8.415047617603019,3.7682807600463764,20,1.0,0.9506425761563563,0.961180708444328,0.015659956740739965,0,0.0,0.3523321864610769,0.2927713945768248,0.09139025960793709,10.312766592367488,8.569421623154113,2.6749938051902746,32.479298327259656,31.55266760222988,2.689476965299557,1.1096442542231457,1.0779862285646007,0.09188507187993653,20,20,976.1,976.0,0.3077935056255462,98.61141519140322,98.61141519140322,0.0,209.41055645838256,209.41055645838256,0.0,29.270009918627657,29.270009918627654,3.645007325606123e-15
front,log-0081,10.0,oracle-power,full_log,9.066300447575793,9.295449909864214,1.4070961355021516,0.2225296465016066,0.18375069266037874,0.14397045146942675,0.7332713332647858,0.6054883810478306,0.4744060243629493,15.109247882086631,12.476246682442532,9.77526038954898,9.411872394221323,9.3953724738615,1.7745472712072945,0.8137557035241091,0.7069185905262343,0.45594531453985365,16.767649411937022,14.56624271558593,9.394872628371221,25.503371393504455,13.143094918084193,34.29084898037542,25.503371393504455,13.143094918084193,34.29084898037542,20,1.0,0.8527700182403031,0.8703754628525304,0.07799704425420301,0,0.0,0.7332713332647858,0.6054883810478306,0.4744060243629493,15.109247882086631,12.476246682442532,9.77526038954898,27.188448409975393,25.133322732130125,9.334954932449353,1.3194905511226684,1.2197526450679974,0.4530374312939331,20,20,975.85,976.0,0.48936048492959294,67.89768518316299,67.89768518316298,1.4580029302424492e-14,200.25954166451217,200.25954166451217,0.0,20.60526192237035,20.60526192237035,0.0
front,log-0098,10.0,oracle-power,full_log,6.396498986286464,6.113827082150757,0.7341326716601781,0.09952774711074186,0.09307421346104283,0.01926833271206801,0.33334660324058735,0.31173189193166617,0.06453510147808961,8.86333604046786,8.288623570365383,1.7159205620978644,7.082491970498436,7.479549372056617,0.926132599297879,0.36489852685511637,0.3524941782544522,0.06902933917022344,9.702268547954393,9.372449947908713,1.8354176216865274,8.377987961024854,7.563475616891589,1.8629436022078687,8.377987961024854,7.563475616891589,1.8629436022078687,20,1.0,0.9476266771990816,0.9520791938637361,0.01216147195620095,0,0.0,0.33334660324058735,0.31173189193166617,0.06453510147808961,8.86333604046786,8.288623570365383,1.7159205620978644,26.32012343424737,25.790598816983668,2.6582951855522627,0.9898895521528945,0.9699743383224362,0.0999774426320722,20,20,1000.0,1000.0,0.0,89.05392011542133,89.05392011542135,1.4580029302424492e-14,200.15184341259447,200.15184341259442,5.832011720969797e-14,26.58894962271716,26.588949622717163,3.645007325606123e-15
front,log-0099,10.0,oracle-power,full_log,8.508692971261397,7.555054234757833,2.231105086622607,0.19514289047555228,0.14677695115889494,0.1497369996789459,0.649676589556469,0.488654999534066,0.49850969740567164,12.760451615920719,9.59778846685722,9.79134691948053,9.970656144515662,8.852112779308708,3.541076448406946,0.7495992849048289,0.5816290901169565,0.5356971752767008,14.723056918038205,11.423914578661787,10.521754971301132,25.437457726251445,10.587514225348112,54.43014822707609,25.437457726251445,10.587514225348112,54.43014822707609,20,1.0,0.8617223826100666,0.8860333711663451,0.05678414730667281,0,0.0,0.649676589556469,0.488654999534066,0.49850969740567164,12.760451615920719,9.59778846685722,9.79134691948053,22.32549124393052,19.334552478912148,10.521924206482227,1.1366642379203162,0.9843857014769045,0.5357057915967652,20,20,1000.0,1000.0,0.0,65.39029725768751,65.39029725768751,0.0,185.28208510303995,185.2820851030399,5.832011720969797e-14,19.641236610714596,19.641236610714596,0.0
front,log103,10.0,oracle-power,full_log,5.391142091388018,4.824633039366323,1.2568108681037045,0.10333286332816097,0.0988847057431916,0.01298565312210242,0.3455350298899533,0.33066082419610276,0.04342275918007393,7.871357071208624,7.532519691380044,0.9891791365764566,5.585715401118046,4.942952128362528,1.2955732129315465,0.37009734726207644,0.34506868254136447,0.06670252024212242,8.430891572222622,7.860733585360827,1.5194967483976436,8.186466315632728,7.76939005712409,1.0892412065755537,8.186466315632728,7.76939005712409,1.0892412065755537,20,1.0,0.9471557033224043,0.9506701367402325,0.006858498153571773,0,0.0,0.3455350298899533,0.33066082419610276,0.04342275918007393,7.871357071208624,7.532519691380044,0.9891791365764566,23.694682137036512,23.430050105838337,2.221156780539899,1.0401437295229594,1.0285269732276103,0.09750383162788995,20,20,1000.0,1000.0,0.0,76.17476974591364,76.17476974591364,0.0,161.83235720034816,161.83235720034813,2.9160058604848984e-14,22.780199951696673,22.780199951696677,3.645007325606123e-15
front,log104,10.0,oracle-power,full_log,4.640383476054847,4.158787883670042,1.3789319362094155,0.10512857383538224,0.1018106604955229,0.01185965522337112,0.3526016974719991,0.34147340158613165,0.03977733560564965,7.565918056988641,7.327133685302277,0.8535184710549534,4.582348018309196,3.9390482539663347,1.7328306801262692,0.37396230045946127,0.3513223384775473,0.07765612503114971,8.024261204539258,7.538466330616103,1.6662990644155964,9.653207471519877,9.077344498591138,2.58040551465916,9.653207471519877,9.077344498591138,2.58040551465916,20,1.0,0.9398927716194316,0.9413604410777829,0.008552351292453977,0,0.0,0.3526016974719991,0.34147340158613165,0.03977733560564965,7.565918056988641,7.327133685302277,0.8535184710549534,20.56981384809369,19.92284235062423,1.9992060765190207,0.9586346593882702,0.9284832294487118,0.09317090812605407,20,20,1000.0,1000.0,0.0,71.96823642671964,71.96823642671964,0.0,167.6308323463045,167.6308323463045,0.0,21.45740678854635,21.457406788546354,3.645007325606123e-15
front,log106,10.0,oracle-power,full_log,3.1870663509818407,3.1933498613329183,0.3823719608123291,0.0604511677544871,0.06136757148760942,0.0064586872054610165,0.2113321150850754,0.21453578420159503,0.022579018379701644,4.982076420722721,5.057601734794293,0.532292004115378,3.1501520340713087,3.0546429504840598,0.39804351810203853,0.2233454224442486,0.2223545511921077,0.03191069972577607,5.265285696818489,5.241926273669404,0.7522829391479434,6.166778353263156,5.91423393397651,1.5888002684027152,5.757340159262124,5.830823761822039,0.6470377247377006,20,1.0,0.980249559874108,0.9802013507384035,0.0035263207772024564,0,0.0,0.2113321150850754,0.21453578420159503,0.022579018379701644,4.982076420722721,5.057601734794293,0.532292004115378,21.463151923777033,21.40110911992562,0.8508923199505811,0.9104343067836995,0.9078025452737417,0.03609355989339028,20,20,1000.0,1000.0,0.0,82.41489132115095,82.41489132115096,1.4580029302424492e-14,139.2265583706526,139.2265583706526,0.0,23.574630002245993,23.57463000224599,3.645007325606123e-15
front,log107,10.0,oracle-power,full_log,2.605774035611298,2.464362790883543,0.4838632922449489,0.0531233370946077,0.05017633979227811,0.013047844023280906,0.19022796230921388,0.17967513708374788,0.0467226819101529,4.220567262667444,3.9864328686772725,1.0366310993410897,2.648788923534849,2.534144353506173,0.39458150017226895,0.1970409844474063,0.18332510061965662,0.052106181128428825,4.371727049310918,4.067414215596953,1.1560742152922432,6.83639382128702,6.029118361136806,2.157745180344591,5.354763528960445,5.041754926629851,1.3308593396307389,20,1.0,0.9839867426591636,0.9855327117184073,0.006544651590205143,0,0.0,0.19022796230921388,0.17967513708374788,0.0467226819101529,4.220567262667444,3.9864328686772725,1.0366310993410897,22.696843707394883,22.88164836330929,1.5260856609320856,1.0229843669354715,1.0313138190995947,0.06878321029409327,20,20,1000.0,1000.0,0.0,79.44845887883525,79.44845887883525,0.0,143.29596879429766,143.2959687942977,2.9160058604848984e-14,22.186892039599048,22.186892039599044,3.645007325606123e-15
front,log109,10.0,oracle-power,full_log,3.0055597165880785,2.9231859964108198,0.28467525438619345,0.05655049578643938,0.055530140772875464,0.0038614424778791196,0.20061388181281856,0.19699415439484405,0.013698535337509803,4.56728942591566,4.484880658329788,0.31186862560147527,3.106254761885133,2.976483019347655,0.3525209410787555,0.21234939961013127,0.2057945434287809,0.02339787851531642,4.834466880730686,4.68523530684881,0.5326893740662146,6.578133849647275,6.530206664272953,0.4342747459677218,6.578133849647275,6.530206664272953,0.4342747459677218,20,1.0,0.9815441521482748,0.9818185326507938,0.001232699824462867,0,0.0,0.20061388181281856,0.19699415439484405,0.013698535337509803,4.56728942591566,4.484880658329788,0.31186862560147527,22.132061242740125,21.810718598218713,1.412392527641055,0.9721299231075091,0.9580152504214197,0.062038010117277616,20,20,1000.0,1000.0,0.0,80.76479900660539,80.76479900660537,1.4580029302424492e-14,163.1495299547129,163.14952995471293,2.9160058604848984e-14,22.766567221789455,22.766567221789458,3.645007325606123e-15
front,log110,10.0,oracle-power,full_log,3.6399938779188212,3.6160361881233687,0.14082540341337968,0.07623658421801771,0.07642002361878125,0.003118873058949279,0.27603894239831317,0.2767031434338179,0.011292877684615349,6.122518866532266,6.137250785643809,0.2504750093620167,3.641436603041638,3.575460506073861,0.23610991089088532,0.2856689479675642,0.28427724393291176,0.017366634380829436,6.336111522228915,6.305243652156824,0.38519038553397195,9.941190409093855,9.90164386691696,0.39963955479935775,7.2610095628544,7.275807715915996,0.3941064643804166,20,1.0,0.9633517836615477,0.9627168174707798,0.0026236338850903493,0,0.0,0.27603894239831317,0.2767031434338179,0.011292877684615349,6.122518866532266,6.137250785643809,0.2504750093620167,19.9987898028676,20.158545253656783,0.5407922398295762,0.9016623560943746,0.908865065737177,0.024382075612013863,20,20,1000.0,1000.0,0.0,80.30945941942234,80.30945941942232,1.4580029302424492e-14,153.52197901588357,153.5219790158836,2.9160058604848984e-14,22.179909882779206,22.179909882779203,3.645007325606123e-15
front,log112,10.0,oracle-power,full_log,4.050235508712654,3.877565880331851,0.38445456258951877,0.07618280399365093,0.07449794951445428,0.006297374245684433,0.2592732347898685,0.2535391629511906,0.02143187839997442,5.955049972269966,5.823348432110652,0.49225253418425025,4.040218349629941,3.9264430731885893,0.3281368747654903,0.2700616429634998,0.2566109518660874,0.03014831635697892,6.202840724166469,5.893902018204107,0.6924537761528673,6.644462893730376,6.409509601086748,0.6579834255501046,6.644462893730376,6.409509601086748,0.6579834255501046,20,1.0,0.9680023734550629,0.9689359209433686,0.0035409620856278576,0,0.0,0.2592732347898685,0.2535391629511906,0.02143187839997442,5.955049972269966,5.823348432110652,0.49225253418425025,21.602748080783577,21.43811841208982,1.4928182197443047,0.9405486773976419,0.9333809681519809,0.06499488847090605,20,20,1000.0,1000.0,0.0,78.16790220488944,78.16790220488943,1.4580029302424492e-14,168.24758204657732,168.2475820465773,2.9160058604848984e-14,22.968240347278094,22.968240347278098,3.645007325606123e-15
front,log-0046,10.0,oracle-power,full_log_excluding_training,1.9045173754754567,1.8376550922094923,0.17332531869424941,0.04345553811292225,0.04164676961543241,0.004848827631120262,0.14353080563351667,0.1376135947530881,0.016030783534393675,2.952760492153298,2.8225522236982252,0.33006204208896245,1.9727868713626602,1.8426920684019867,0.2307930566826704,0.1469439035591999,0.1412362507248961,0.0169083119914373,3.0228680082833983,2.911069797899951,0.3471203664510472,4.141679280909741,3.847502991720061,0.970260245536151,3.807627069305062,3.585199806541505,0.6117761636034961,20,1.0,0.99033465692978,0.9911745978407409,0.0018462793943445166,0,0.0,0.14353305701175617,0.13761475159402536,0.01603105298994176,2.952806736898121,2.822566653177247,0.33006692156496525,20.350590188429273,20.04541081218828,0.8496717267506679,0.9891981217114111,0.9753146065046308,0.04037839205125602,20,20,975.95,976.0,0.22360679774997902,67.94822795509718,67.87735831017042,0.3589654384058811,165.89980059488886,165.8998005948889,2.9160058604848984e-14,20.572203300277863,20.5554122013796,0.08426803812772737
front,log-0048,10.0,oracle-power,full_log_excluding_training,2.2704729322518444,2.236053390440446,0.17179903810388863,0.04654501686993882,0.04459888095897851,0.005135656878361935,0.16129767028587366,0.1549459359603748,0.017766021964907404,3.6179816100427216,3.4639475055950744,0.4052902822777911,2.381029461161915,2.2579356145564473,0.38127913960776083,0.16909580017654716,0.15850042840493572,0.023808942535839366,3.7935264217433096,3.528304972338396,0.5453675813289909,4.565525316097693,4.405811082616951,0.8777762460653102,4.574557184467793,4.405811082616951,0.8660008267632919,20,1.0,0.9881663240749793,0.9888658437750295,0.0020515022589317417,0,0.0,0.16130411275967765,0.1549520170539354,0.017769890673314706,3.6181266516573762,3.4640721269145924,0.405381992797067,22.6526144357563,22.78469086193737,1.061824650877137,1.010128428189204,1.0068065311623804,0.0482161395706784,20,20,976.1,976.0,0.4472135954999579,77.7202639913912,77.64297547267046,0.557513136835545,146.91421197362277,147.0280467770388,0.47210171362917364,22.427010295883655,22.433233407355566,0.1672997324729892
front,log-0049,10.0,oracle-power,full_log_excluding_training,2.889622508238845,2.9658219639734242,0.3217729048400365,0.05363782584346103,0.05440735560361623,0.004360123897680032,0.17709079716557077,0.1811095784731126,0.01432615965868876,4.325150577242643,4.399143451084752,0.3555863963390583,2.6750213097270388,2.5479900030674925,0.41837593814243135,0.18679494976952626,0.1883400989518891,0.018783838992799468,4.5617119964892066,4.579461681152027,0.4580432100852404,4.7803112598420086,4.553001529468608,1.0620676027843883,4.542608373987559,4.567538252470191,0.5067086626789841,20,1.0,0.9872752165838055,0.9877923658661695,0.001981787654581864,0,0.0,0.17711320086773524,0.18113050521849133,0.014333106406293821,4.325696617050793,4.400473073579707,0.3557396030324384,22.792011957249596,22.30509404747083,1.2709826526852173,0.933731145926709,0.9070103258799782,0.06030901709012354,20,20,976.1,976.0,0.8522416262267904,80.63208725932607,80.80052055381827,0.5205422610189696,128.53980625973344,128.6836164750667,0.6431388346879802,24.42165389823173,24.43281305247862,0.22078047652980512
front,log-0054,10.0,oracle-power,full_log_excluding_training,2.4267801297461555,2.386504821359785,0.1293254495751741,0.053568291908442076,0.05243447190001603,0.004556141267891591,0.17856606520720636,0.17446116526885327,0.015238654278406354,3.2063758540462337,3.1227299434235136,0.2785220143824104,2.6652349827165134,2.6353123263436933,0.26763676965353467,0.19961420951124684,0.19644970603090695,0.018845494979242462,3.5842652956805,3.531903428017918,0.34209037452130336,6.070834270138791,4.258089837868737,3.9954647301600152,3.892590802314217,3.550468716348952,0.9980546678194833,20,1.0,0.9847640827514704,0.9854184565978645,0.0026781767215539563,0,0.0,0.17857067728056183,0.1744669826235013,0.015237889222479515,3.2064586568591524,3.1228340626403193,0.27850845127280316,17.451945168925256,17.183829362399443,0.7476974543828079,0.9720485603639709,0.9582833978398295,0.04221332109137486,20,20,975.95,976.0,0.3940344628262062,59.848222176064496,59.876623096678365,0.20536168781733694,135.68909641244048,135.89296889344487,0.9117454525348168,17.9542983081789,17.966803191315115,0.05243157556542698
front,log-0055,10.0,oracle-power,full_log_excluding_training,2.7316366787383055,2.6890204247741476,0.12117681556137971,0.047075750146313086,0.045868067293353125,0.003856674831320892,0.1624380323648506,0.15810746387775698,0.013716401206778257,3.8548190112422582,3.7485682024407483,0.31233920434216134,2.845070993454457,2.773081519532549,0.22525564253151523,0.1668377539778643,0.16019386605177138,0.01662453768231406,3.9590658163787724,3.824344046255828,0.3807047363016785,4.742155300964073,3.825987706256799,1.9036100015955386,3.959017412328271,3.7418357687824204,0.44460804274847054,20,1.0,0.9870382103706336,0.9878614622718569,0.0025034522058107124,0,0.0,0.1624459909444192,0.15812195927970946,0.013720332024587882,3.855007585139613,3.7487828079123844,0.3124298988057168,23.270188110136676,23.003718280291782,0.7011351273224403,0.9803248211912029,0.9738319306294342,0.027995069430159322,20,20,975.95,976.0,0.22360679774997896,81.89098467157129,81.93783794664189,0.4051867710844622,144.4651753381866,144.98409225186288,2.244551704873598,23.73677774170072,23.71899494070177,0.162589048410061
front,log-0056,10.0,oracle-power,full_log_excluding_training,2.7576975750906008,2.700146596052493,0.3117400630089559,0.05116349086803107,0.04953020226081334,0.005792802323873554,0.1758359765333856,0.17040963395409464,0.01960002472071534,3.961931037240923,3.8268630276719753,0.45692011545651734,2.9482793728609593,2.7836994023578607,0.46199436315206854,0.18533762037177873,0.182026085199079,0.020902296732569256,4.17645189022321,4.097601551919505,0.4900709623547227,5.262534379868161,4.602219721929388,1.448681992105511,4.365890032868347,4.257169852551149,0.4936647772303022,20,1.0,0.9849037693030848,0.9858061237767137,0.003976391877168047,0,0.0,0.17584751503798596,0.1704152566340731,0.01960000663444399,3.962191548974057,3.8269896390917855,0.45692562766182826,22.050374873679743,22.02445550511016,0.8258262779531809,0.9790437909309636,0.9832457868571334,0.03830910269882425,20,20,976.05,976.0,0.3940344628262062,77.42183789891112,77.61824894635905,0.44368324481104165,148.73146404505894,148.7314640450589,2.9160058604848984e-14,22.524254608287556,22.60185572095755,0.141044511896845
front,log-0058,10.0,oracle-power,full_log_excluding_training,2.7492248602917275,2.6048951795582833,0.3721180494959521,0.050656052349401105,0.047828699225803635,0.008436361836087225,0.17414887210672,0.16443561035048787,0.028862293070421124,4.08102283847346,3.8456393792836825,0.6734936671545032,3.036114278974059,3.089639675759255,0.43598265214575643,0.18824448689491738,0.18300019784615695,0.029910275376338984,4.41116968793021,4.281137481576211,0.6966937020463833,6.315513404564788,4.833765394565619,3.507354471414698,6.315513404564788,4.833765394565619,3.507354471414698,20,1.0,0.9863847245511573,0.9877565957712653,0.003145321007219473,0,0.0,0.1741583503010563,0.16443649897803014,0.02886031459117136,4.081244811384709,3.8456601858043684,0.6734463356871495,23.73209145945838,23.810890957610656,1.3657233224147227,1.0127353550143234,1.0161178199768193,0.05955719403297973,20,20,975.9,976.0,0.3077935056255462,80.573782243803,80.63340102186953,0.3606408942683238,161.1697294857218,161.1697294857218,0.0,23.435329253523626,23.430367676534743,0.07179162556889512
front,log-0063,10.0,oracle-power,full_log_excluding_training,3.032488755924689,2.506172544790037,1.9101366017684551,0.0532072819296651,0.044191032238272795,0.03519322494897603,0.1635091164038161,0.1343628951989993,0.10743617309718516,4.512280169025051,3.7586664368858695,3.019347067393339,2.881069443962284,2.542239483574047,1.4131794840244347,0.1699946837216657,0.13668252031155562,0.12271844962656006,4.692851273017233,3.824792814091584,3.447186430620716,5.367266956566521,3.851055995752243,2.9553383847262684,4.594430443994929,3.8888128233560857,3.0451158758133645,20,1.0,0.9888621238655404,0.9909862277523558,0.01106085520907205,0,0.0,0.1635507065930543,0.1343773029613199,0.10753555997186487,4.513438274378864,3.7590694827068267,3.0221297252847115,28.287792065324787,27.55831480263774,3.1426333575849115,1.0279321040292195,0.9916193803046218,0.11195524150827606,20,20,976.0,976.0,0.6488856845230502,84.67628612595485,84.77433312574225,0.6881796162582696,151.56038587682508,153.67050225201805,6.350552016641541,27.52119742239958,27.57878541045513,0.4809374271523853
front,log-0071_183,10.0,oracle-power,full_log_excluding_training,1.9591807856544023,1.7622490867827372,0.42144244820770094,0.03596912582988991,0.032160842898678224,0.007695583275378418,0.12627892469678173,0.11286764485482606,0.02695411847224893,2.858705966656139,2.5522405377759148,0.614821111800053,2.0817354980214215,1.8856007991863513,0.44528329496236363,0.13241663260747422,0.12281186152680824,0.02633566742381299,2.9976930377548157,2.7797545453888644,0.6013005888267698,5.00877339948929,3.8328323422658355,3.845905960595413,3.2424369501591706,2.6544223376260976,1.4601276526415568,20,1.0,0.9925242149305232,0.9937672770862038,0.002399871337942357,0,0.0,0.12628223043844722,0.11287790580462394,0.026953156515202772,2.858780825315716,2.5524567946947334,0.6147996763666242,22.81439076736157,22.425097796463707,0.892548619813549,1.0079686715374883,0.9923396626343532,0.03810209765478627,20,20,975.95,976.0,0.22360679774997902,79.46464567801111,79.44237234666474,0.15672785511098297,152.4462174422029,152.4462174422029,0.0,22.633060393611878,22.637357581203652,0.05304079288161903
front,log-0072_184,10.0,oracle-power,full_log_excluding_training,1.9285765258821006,1.8332970016797814,0.2038148138642305,0.037991438897119666,0.03601470008170538,0.004629235123601688,0.12527036379782214,0.11868068065892723,0.01540140551224453,2.684741684882426,2.5523405149041727,0.32805107319505666,2.0874885911822023,2.0175102023852105,0.25985663191923586,0.13391356048251013,0.1266390964775189,0.018439906143395017,2.870026556940822,2.7008669534925143,0.3935019657836141,3.0492253578786457,2.7767040159833662,0.4405865312401853,2.794357322946356,2.6024624668773315,0.3898341573943191,20,1.0,0.9926833294802748,0.9932001797476762,0.0012728116857712859,0,0.0,0.12527760291732115,0.11868319700513583,0.015402323376034475,2.6848968726596985,2.5525976201651206,0.3280708396225205,21.35993944248769,21.071732684021207,0.7955426236959343,0.9965608126659635,0.9849064749847292,0.03698059492467773,20,20,976.1,976.0,0.718184846459608,70.66647534097368,70.77716840289298,0.40257709481033926,152.19039707482895,152.19039707482895,0.0,21.433758903303797,21.461088020865986,0.1037400147249755
front,log-0073_185,10.0,oracle-power,full_log_excluding_training,1.7858929984092928,1.666661562174993,0.24460633931196524,0.04091265316862607,0.03847461247530557,0.008008279331175996,0.14537836413647315,0.13597958547023362,0.02855469410538315,2.8157431039620047,2.624298926110764,0.5575993645943846,1.8759746104161024,1.7501772851124995,0.3717224062714675,0.15048758123248437,0.1430951340286193,0.03338996589252194,2.9146966660521523,2.7513262528444393,0.6514206123319237,5.1515524508584445,3.359192327587653,4.216702158441393,3.6082045264954665,3.105660814516336,1.0805927258325272,20,1.0,0.990134756093617,0.9908673404931259,0.0024473235971059835,0,0.0,0.14538394325156923,0.1359886449998558,0.02855941134763564,2.815851165586724,2.624473739359944,0.5576909526608709,19.28240908294584,18.979957471204358,0.9642385622438202,0.995581662023791,0.97628436466153,0.04665650620055764,20,20,976.15,976.0,0.48936048492959283,68.81315942851026,69.12643313167972,0.7136296687526983,149.01274121247238,149.90437255734173,2.5189879696179354,19.365737227544106,19.37987548308584,0.1395236759015237
front,log-0078-valid,10.0,oracle-power,full_log_excluding_training,6.018795303095088,5.826007925467852,0.7324075168339966,0.0876816401470657,0.0842759766927125,0.012564766217255606,0.2821453862591036,0.2707580051571269,0.04043777618664872,7.774634355628322,7.399458459597935,1.1113815149407562,7.179849138897512,6.541772970744034,2.0239837753236247,0.33843966991504804,0.30885943325562326,0.07742959748011709,9.320459554406234,8.5781833758729,2.1048188401789445,7.8488366945140395,7.20760011523736,1.7806565878705138,7.8488366945140395,7.20760011523736,1.7806565878705138,20,1.0,0.9669871527491907,0.9678858829795393,0.006099133835425653,0,0.0,0.28253277976269964,0.27091968923182835,0.0402373693925553,7.785269118997296,7.40386544904718,1.1056210428690376,27.254273991055406,27.44449150188835,3.420660734489665,0.9892079960049609,0.9934945954271435,0.1250769472407672,20,20,975.55,976.0,0.6863327411532598,88.67937925752685,88.53692661478824,1.1472007764136756,190.77294749701142,191.14572150135155,1.602352882719772,27.55766509864016,27.460313726473775,0.37028909424100775
front,log-0079,10.0,oracle-power,full_log_excluding_training,6.556380588194587,5.447399217702164,2.223158326770697,0.08705310473643403,0.06865116391972392,0.03320556087493066,0.2994065448533292,0.23675918496285886,0.11348009477084307,8.851138386651959,7.0351139201360935,3.347079732893528,7.160522047085486,6.7181727137596114,1.7758907686681846,0.3444440103557734,0.27575372456301006,0.1400667367179733,10.181953308738587,8.216438902011785,4.1323796402472555,8.527154238308377,7.08116090538348,3.1379365094495393,8.527154238308377,7.08116090538348,3.1379365094495393,20,1.0,0.9680987201538315,0.9736335661705998,0.011132613066920628,0,0.0,0.2994705974822148,0.23677253521358638,0.11351362965057939,8.853031225514048,7.035509269806739,3.348069495983349,31.90167466062301,29.556089926614934,4.634009699902409,1.0788166059090025,0.9949301852670294,0.1577499068115017,20,20,975.95,976.0,0.3940344628262062,101.80017494831209,102.09057405021065,0.8754370640386856,188.05878155565983,190.67881336638965,8.064287758749646,29.575576542544276,29.613151690539755,0.19256280039502108
front,log-0080-valid,10.0,oracle-power,full_log_excluding_training,7.0694227897318385,6.681318660083301,1.2347063485488592,0.10560417796617698,0.08870530920695174,0.027912346567110426,0.35584000477517463,0.2994136182056921,0.09416916885803978,10.387014493310003,8.649742725402003,2.7357834772443677,7.630155780624183,7.064820355808249,1.9273107957578883,0.40251773580675465,0.35714845780306287,0.11035668115043173,11.753926335470245,10.419450440407019,3.2232751492832286,10.757248548686675,8.360999455341322,3.799135458504675,10.757248548686675,8.360999455341322,3.799135458504675,20,1.0,0.9499206437813905,0.961565417025587,0.016280835645643567,0,0.0,0.355887057508421,0.2994324867028674,0.0941638002142729,10.388393512181443,8.650287868294162,2.7356335354044803,32.47641584316992,31.275030923056683,2.6886508913371796,1.112286407306461,1.0809656307526405,0.09393939192626943,20,20,976.1,976.0,0.3077935056255462,98.39548250706423,98.57320467804736,0.9435222891985203,209.41055645838256,209.41055645838256,0.0,29.2031017235441,29.27006959588013,0.23698907673612912
front,log-0081,10.0,oracle-power,full_log_excluding_training,9.10561816381137,9.33728846065345,1.4331752664011528,0.2232250591604689,0.18426619981525055,0.14407209470337054,0.7357384208968976,0.6075039974764807,0.47541149106119984,15.167428162284429,12.515844391502098,9.847235874554816,9.484872138785818,9.47657657114478,1.797390673355301,0.8179813206282246,0.7138649396841434,0.4563885606001698,16.861372787816045,14.648781848799974,9.455990973847095,25.537142797689977,13.180112332509013,34.267518047485396,25.537142797689977,13.180112332509013,34.267518047485396,20,1.0,0.8523259278229606,0.8705525538286776,0.07783046434090224,0,0.0,0.7357527399423478,0.6075275008825143,0.4754064896940339,15.167723098609775,12.516225435224275,9.847133118042674,27.228309324637035,25.141207030128214,9.436316937072434,1.3213483212714547,1.2223194305205505,0.45476559260110583,20,20,975.85,976.0,0.48936048492959294,67.8698253080977,67.93177498792232,0.31847762553541586,200.17012767441506,200.25954166451217,0.2752104546396036,20.596684704368407,20.60864747343846,0.07849706925720944
front,log-0098,10.0,oracle-power,full_log_excluding_training,6.402913428112436,6.142386918434219,0.7877483734264629,0.10017870096109624,0.09358121171751116,0.020071239003183656,0.33568474508743934,0.3132321572138424,0.06769565859129806,8.885389526574057,8.333087604598834,1.787195854936575,7.157580313770296,7.459117805635309,0.9488042241978362,0.3702921296467613,0.35219087371382335,0.07236990284354794,9.798508863162807,9.328773404095895,1.8972684444104606,8.41013693787911,7.621283111213012,1.9185181290675861,8.41013693787911,7.621283111213012,1.9185181290675861,20,1.0,0.9472166423123246,0.9514852876008393,0.012637335840610013,0,0.0,0.3357539665343277,0.3132350909766452,0.06769415375706517,8.887215879516587,8.333165147348222,1.7871282108140705,26.218786748114546,25.464498886835255,2.7016529632372093,0.9906792690319749,0.9666994501763431,0.10386159052706645,20,20,1000.0,1000.0,0.0,88.68534014076991,88.76951216986829,0.48880877404577866,200.1454418196817,200.15184341259442,0.028628793834414603,26.47122492839705,26.436702376967517,0.24539611609046433
front,log-0099,10.0,oracle-power,full_log_excluding_training,8.517198098913704,7.592237225782397,2.242002608655291,0.19560045541370266,0.14585624914986645,0.15075900920957436,0.6511933357610489,0.4855651581841635,0.5020514546547802,12.795712245414279,9.544385993473075,9.869748910663601,10.057369562513491,8.913713336709815,3.612384293715862,0.7539856004956837,0.5846004724555312,0.5400236956553821,14.813589249591292,11.484732859354924,10.614628396022106,25.442113660006537,10.613964737269024,54.390184748608945,25.442113660006537,10.613964737269024,54.390184748608945,20,1.0,0.8615466720941628,0.8861054594604627,0.056912435291927965,0,0.0,0.6512227389349312,0.48565564687872037,0.5020577476533951,12.79628943947796,9.545032403581569,9.869872286262849,22.347301888562505,19.3609440252966,10.60772270979782,1.1374374791050286,0.9844188828836683,0.5396563139577425,20,20,1000.0,1000.0,0.0,65.40682093485098,65.45215107084205,0.2850341795515861,185.28208510303995,185.2820851030399,5.832011720969797e-14,19.6473159512149,19.658811654767767,0.07053502384534198
front,log103,10.0,oracle-power,full_log_excluding_training,5.418366582709696,4.807700013045903,1.2618686687090934,0.10373403796444469,0.09928537481087446,0.013277434425815365,0.34696837532360825,0.33225227321401163,0.04434913945445061,7.892972934490281,7.595891581039961,0.9938465165969724,5.633984225403275,4.948643981478006,1.3173023307328073,0.37271901099575017,0.3471748344232771,0.06883248782737648,8.477500704664223,7.937617195340277,1.5450944032153342,8.212338997155232,7.8414294406209315,1.0763973114546443,8.213928538675711,7.856164988834576,1.097456587376683,20,1.0,0.9469852601221806,0.9508748767291543,0.0069132363863970555,0,0.0,0.3469839425090508,0.3322611238062619,0.044363466306084266,7.8933262700207205,7.596094259003827,0.9941677537462972,23.697396836350862,23.398325713964926,2.2020476508708158,1.041746321234675,1.0290318383425772,0.09967338597705988,20,20,1000.0,1000.0,0.0,76.10694932998962,76.16095983469563,0.35222241409451166,161.72447335874463,161.83235720034813,0.3320594580750416,22.753404098071805,22.76215487519721,0.09025083484587951
front,log104,10.0,oracle-power,full_log_excluding_training,4.67694164677558,4.216534335833425,1.359940380806234,0.10568716702855305,0.10242297861168842,0.012417555791013855,0.35418716214570223,0.34380575557667803,0.04027838461933748,7.603807964839983,7.404084817795746,0.8173226012120408,4.62647477513499,3.9651655959163916,1.7343055574045536,0.3767534371346491,0.3537311375975719,0.08063408603706594,8.08449936554133,7.6128049504494735,1.6696358552765438,9.673941708403856,9.105653319169734,2.543442679847657,9.673941708403856,9.105653319169734,2.543442679847657,20,1.0,0.9396487853517022,0.9408284172323655,0.007863825090338875,0,0.0,0.35420218816939053,0.3438119106656473,0.04030585948597515,7.604127876996283,7.404263200220053,0.8179014310579747,20.59233788669808,19.974934021673224,1.9469890123942555,0.9592050358582366,0.9282647222348358,0.09695619225506857,20,20,1000.0,1000.0,0.0,72.00956147112962,72.14183251672175,0.6684662204128095,167.6308323463045,167.6308323463045,0.0,21.479721161678277,21.490271095825925,0.14664055231202494
front,log106,10.0,oracle-power,full_log_excluding_training,3.2655142382474964,3.286561221351768,0.42690265378390385,0.06130787976246597,0.062456673308858596,0.006656569959854357,0.21305113346736376,0.21594418423300032,0.02247660440011105,5.0665658915828535,5.184945377643772,0.5690500564886731,3.234616308536541,3.1399506604214578,0.4473887867337005,0.22630232723355795,0.22445918651144703,0.03298646068467021,5.3816321142094425,5.389222851191593,0.8093178968116085,6.205417332887013,5.974429760546334,1.595371220620715,5.814979311176763,5.911402782215232,0.665835668723008,20,1.0,0.9802044181458804,0.9801025250366229,0.0034843122082083445,0,0.0,0.21310572064366187,0.21597798233500598,0.022512708917411087,5.0678635880977305,5.185756191462352,0.5698636155695076,21.544560990369412,21.55903149825062,0.8227000349677455,0.906730213780088,0.9036145794883456,0.03743942496020137,20,20,1000.0,1000.0,0.0,82.61059621694966,82.79112530467705,0.7195720919680104,138.94494078021015,139.2265583706526,0.6877994258815486,23.765143526893368,23.794302272892082,0.29018701148952525
front,log107,10.0,oracle-power,full_log_excluding_training,2.649760082631489,2.5163484290513485,0.5163110874360601,0.053731099683332784,0.05134271694712313,0.013351710227547576,0.19191261813967478,0.18243102219021406,0.047327913685196406,4.283509438536051,4.079715736180452,1.0726283914897647,2.7045984891514716,2.588607114905569,0.42701298933523096,0.19943065616226216,0.18660822025711798,0.053177977728897846,4.4510904280873556,4.146278352327155,1.202559497804178,6.874412847977661,6.081037604607761,2.156054567865812,5.399365321028642,5.074489230071874,1.343286769838924,20,1.0,0.9838497234123,0.9853584628521141,0.006606217732112583,0,0.0,0.19193899715249235,0.18243832962257003,0.04734691135800949,4.28409743756843,4.079749342370449,1.073050256919824,22.856695574346638,23.2502823617383,1.653989003091867,1.0244337063366447,1.033423336185454,0.0710094732769169,20,20,1000.0,1000.0,0.0,79.70192393864262,80.05387162776884,0.8395514392166297,143.07182655739734,143.2959687942977,1.0023945566759178,22.308329600217025,22.319879003713616,0.2276053281535294
front,log109,10.0,oracle-power,full_log_excluding_training,3.0375224784545027,2.9488199744171455,0.2864118667790584,0.057193067698636094,0.05607337266411265,0.00405504369018067,0.20316419048634088,0.19993191856484996,0.014180487367414688,4.601016922980372,4.554643416382993,0.31475817486742114,3.155573349874317,3.028602484444555,0.3712071252286513,0.21619030009463178,0.20764106221760692,0.025065879505087107,4.895661662322693,4.756215050895955,0.5593006361013766,6.532853063151302,6.560581683040275,0.537123648202337,5.7420295211359464,5.27835957112871,1.0091068588105392,20,1.0,0.9812218309487729,0.9816559752886616,0.0010882125051911431,0,0.0,0.20320353317019188,0.19996993833748056,0.014208677517888818,4.601906801519268,4.555268344983725,0.315385713567639,22.01791462458964,21.673856568424462,1.4252933118026507,0.9723157648135899,0.9561002430700847,0.06559766217932304,20,20,1000.0,1000.0,0.0,80.46408294834009,80.63093125661379,0.8909052377291001,161.51305047282864,163.14952995471293,3.9968016427471906,22.6493438257269,22.59137004768511,0.20445319719475546
front,log110,10.0,oracle-power,full_log_excluding_training,3.7393785110260724,3.7121787349825435,0.14208497007968368,0.07803020836549253,0.07829938088226403,0.0032018605953823952,0.28123417662872463,0.2812390158699407,0.011411109937871143,6.250187908114254,6.275704853186343,0.2693076362075747,3.747582002522363,3.690877293173335,0.24634189000450712,0.29188280327261307,0.2883508009302907,0.018986641541042036,6.485335718566392,6.474039167084875,0.40678235813440056,9.970032109654465,10.049873842611493,0.902987025504085,7.326985431906579,7.323380712093169,0.39096259844165704,20,1.0,0.9620126164935041,0.9613254280618488,0.002782793152292603,0,0.0,0.28126987734726294,0.2812566256136222,0.011427370690244975,6.250976240348047,6.275755529400848,0.26952396000158185,19.95828748372302,19.981434176938897,0.6013194244610253,0.8980933716415164,0.9056729598414438,0.02509221927003288,20,20,1000.0,1000.0,0.0,80.09507464384932,80.06687993034237,0.6913334838157308,152.4751060093838,153.5219790158836,4.681758412686079,22.22297592519792,22.231534399015207,0.2530213478720085
front,log112,10.0,oracle-power,full_log_excluding_training,4.074251051358937,3.9087679382612297,0.3986854037191903,0.07648545376352697,0.07503566969782002,0.006584772699107231,0.2599108574411747,0.25481369344814553,0.02200074050707397,5.973885357690489,5.8281445634316045,0.5081529576961368,4.07166422672085,3.946399691557446,0.3473457863742034,0.2712573844004626,0.258276177706497,0.030969839003336264,6.23522312776648,5.91156893640793,0.7202745519098218,6.656412192916145,6.4310669392170965,0.6617853888201911,6.656412192916145,6.4310669392170965,0.6617853888201911,20,1.0,0.9679481216994004,0.968697593789875,0.003627664794578934,0,0.0,0.2599212003460472,0.2548198882427731,0.022007604063831048,5.974123589766373,5.8282864065402,0.508318070194052,21.605448862538175,21.448753374436134,1.4652870010861896,0.9402109263738543,0.9324983318043418,0.06680375190438177,20,20,1000.0,1000.0,0.0,78.11337446829452,78.26891192005661,0.3483258241723606,168.22964523848754,168.2475820465773,0.08021584437628439,22.984296292817653,22.989003837537524,0.09596889940842482
front,log-0046,10.0,oracle-power,training_window,1.545697499145086,1.5271735556804373,0.26839529401627465,0.0357987054670997,0.03460018683009959,0.0053839045853950294,0.11780495339428028,0.11633321940815915,0.015234612737158745,2.2107682489998957,2.2534973651633257,0.39551371210544517,1.5456975043451138,1.5271735558677237,0.26839529365852416,0.11780495339428047,0.11633321940815976,0.015234612737158723,2.2107682489998997,2.2534973651633257,0.3955137121054448,2.5427618300132795,2.4853237546200178,0.6444090589098707,2.0616964789702417,2.003603422135599,0.39564748290714374,20,1.0,0.9929239969827124,0.9932102138132484,0.0019030218794707158,0,0.0,0.1218081502809398,0.12156539095379715,0.015087468829898231,2.293197267806908,2.294646521288227,0.4421795261780432,18.94989873434937,20.221614842660237,3.9953967569160898,0.9929239843289368,0.9932102114374329,0.0019030201314138304,20,20,975.95,976.0,0.22360679774997902,63.14973757359154,67.58189233831395,14.068654118462335,107.40527040196434,112.09070938305739,20.570812874352672,19.08028455458042,20.355870527951687,4.005594971356
front,log-0048,10.0,oracle-power,training_window,1.4388006117437948,1.5605182479141906,0.4964458168172807,0.03403371327598605,0.033641110262803586,0.010553163523171549,0.11297193527092204,0.11505252429260962,0.03431084923247615,2.1588592758584015,2.2905547402838,0.7327858144065142,1.4388006378322367,1.5605182490569105,0.4964457833176619,0.11297193527095539,0.11505252429277825,0.034310849232452395,2.158859275858923,2.2905547402838002,0.7327858144058654,2.553792287592711,2.6849592915344394,0.762916329095471,2.331261330866208,2.6207602692588536,0.9470938679335661,20,1.0,0.9930262167645056,0.993358940070389,0.0043409922725969686,0,0.0,0.13206529676865505,0.11847570436631136,0.04522924435759962,2.460881241498744,2.6301599073504676,0.6985442579690713,19.29424533010789,19.1006446337813,4.860727851638176,0.9930262097265702,0.9933589131718479,0.004340989443459037,20,20,976.1,976.0,0.4472135954999579,64.27525787010866,63.222996884267985,16.090297565705672,102.25127522943959,100.90325324706455,24.59764285210284,19.424393748231196,19.287760987373076,4.874960322702761
front,log-0049,10.0,oracle-power,training_window,1.1445307389912502,1.015800408269298,0.44272397142700926,0.031566406644418524,0.030217144712959665,0.01286095940927298,0.1053535434358474,0.10263458648589646,0.03870713827677189,1.7042044183137475,1.5750666133326119,0.5428612254543372,1.1445299505531954,1.0158004090751578,0.4427213434492036,0.10535354366798129,0.10263458648590076,0.03870713917834127,1.7042044213423022,1.5750666133326172,0.5428612344597388,2.1051562280161624,2.1567913966803376,0.7812605467773844,1.6007376460860985,1.5683532944758287,0.44431969187122355,20,1.0,0.993701015600544,0.9947182092259381,0.006120892693932345,0,0.0,0.1400486072280636,0.1323102939692956,0.047602679614281725,2.223330305117214,2.1151760378350573,0.48374766818732134,16.434072267862316,16.399305113676757,3.1508806203222886,0.9937004174452836,0.994718204764499,0.006123419294610862,20,20,976.1,976.0,0.8522416262267904,55.72206837503935,53.725492540434175,11.115059718143867,91.1969570633776,94.03861316123783,14.725737509175223,16.532860771826403,16.49510769304464,3.1387846616226724
front,log-0054,10.0,oracle-power,training_window,1.3873030370619972,1.4364944168084905,0.39940606649354443,0.03695543706767444,0.03507994485243715,0.00833749366793949,0.1229281969062622,0.11988764429580206,0.02423968337510873,1.9440819236712596,2.0576080097358185,0.5247107730877636,1.3873023745389008,1.4364877714005508,0.3994060253413038,0.1229282005255232,0.11988764429580277,0.024239690664119875,1.9440819631460013,2.0576080097358185,0.5247107653666944,2.205114210549245,2.118268011614936,0.6878438590272191,2.0552863729460435,1.983132412671182,0.6430209812380631,20,1.0,0.9921296737163712,0.9927871890184604,0.00310938330315489,0,0.0,0.16256413982131743,0.16076680230777735,0.03777378873131539,2.509853182797779,2.330313922364706,0.53518450139069,15.861113553882557,15.770710510595785,3.9851985002335897,0.9921280490046049,0.9927871829506012,0.0031129666290091312,20,20,975.95,976.0,0.3940344628262062,53.75511110809863,53.11021405671988,14.890262098374022,91.86443083181193,92.48945521204726,21.228203489198783,15.983807767452365,15.895729396952799,4.0028835368322975
front,log-0055,10.0,oracle-power,training_window,1.8410793952283364,1.875475598836783,0.3239371989256633,0.03460680570506632,0.032735069088152935,0.0073882978549493295,0.11360053555856509,0.1113944198201175,0.022684976964030767,2.4540361354554823,2.433678179197708,0.3814021916948511,1.841079395838452,1.8754756200896223,0.323937199395082,0.11360053555856613,0.1113944198201175,0.022684976964030042,2.4540361354555076,2.4336781791977735,0.3814021916948429,2.7523878226009773,2.692292603064698,0.548261232272679,2.532957199150348,2.475241200050349,0.531105984018681,20,1.0,0.9932770283229859,0.9937687519140166,0.002672581209028926,0,0.0,0.12144032061709183,0.1175270732308738,0.02146215696694799,2.6193879039601997,2.6004166823534627,0.30502168902083804,21.988803794889144,22.36706473084071,4.1171871066107455,0.993277015134675,0.9937687517560054,0.002672573073033095,20,20,975.95,976.0,0.22360679774997896,73.14761802618537,73.35901715968505,15.013602350756779,113.5054210869444,111.70310475551263,14.108709347168386,22.13068259874811,22.504419632788185,4.104496806596349
front,log-0056,10.0,oracle-power,training_window,1.8786275202368041,1.8515859807452517,0.39645143449001835,0.03706099262634816,0.03694212381396204,0.008701715121596064,0.12682588776200654,0.12085300442940364,0.031090603582908168,2.66207844725286,2.6703523166183425,0.4975796824710975,1.8786275793933853,1.851585980767323,0.39645151857216054,0.1268258877620282,0.12085300442940364,0.03109060358294387,2.6620784472532466,2.6703523166183425,0.49757968247148127,3.0634554858476877,3.13901124934469,0.6141207740013045,2.911098496170243,2.89509924480139,0.5632795837406241,20,1.0,0.9914533052744016,0.9926703607472885,0.004260381042734182,0,0.0,0.14223802645470485,0.14091076977007,0.03278363533998422,2.9680354918165284,3.0432638917055357,0.42196483206335134,21.31600418971828,19.771671014866527,3.6111505836468667,0.9914533534255099,0.9926703606988962,0.004260297393354644,20,20,976.05,976.0,0.3940344628262062,73.28075746698163,69.74885782889827,11.475364127779285,114.00617321727836,112.88537240457967,11.43845998993774,21.491022240775273,19.923605719738298,3.5862637972670797
front,log-0058,10.0,oracle-power,training_window,1.7889054641294133,1.7366147067184265,0.3553509435559235,0.03942319774896066,0.03897979061982798,0.008139355192678272,0.12879638392410558,0.13263588018075467,0.02471417924558677,2.5735456730134754,2.601153526557799,0.3847669227955085,1.7889054603159764,1.7366147068465336,0.35535094789081256,0.12879638392410572,0.13263588018075467,0.02471417924558667,2.573545673013478,2.601153526557799,0.3847669227955058,3.3771791788427095,3.095717943428072,1.0920446361257028,2.7209065599150075,2.6239848532977237,0.5754743361556875,20,1.0,0.9913729056239976,0.9911645571073523,0.0034031502033053315,0,0.0,0.15216200336710028,0.14016380011865676,0.02700931030431392,3.044649024727165,2.9877431188595542,0.4455861324820775,20.080899198150128,20.052260153782846,2.4504649231301494,0.9913729429220887,0.9911645565313619,0.0034031410201715534,20,20,975.9,976.0,0.3077935056255462,66.54875976460474,67.51175436596193,9.952423278833464,114.37855906191541,114.0210330262397,13.972351837290264,20.250834437502466,20.235491381867888,2.4310534105339254
front,log-0063,10.0,oracle-power,training_window,1.6812948550099645,1.7374110528394648,0.5333666005079396,0.03242675484396602,0.03240625848954729,0.0076124177865567275,0.10307483682969829,0.0947220537081575,0.023489163422528974,2.52171093110572,2.5727813573420972,0.7798102600067831,1.6812946327711813,1.7374110526351685,0.5333668069905388,0.10307483683817673,0.09472205370823533,0.023489163416223275,2.521710931287896,2.5727813573420972,0.7798102598436051,2.7107613553439487,2.7379265355788847,0.7467980478965751,2.3470408681444814,2.4252400905734834,0.7432529331222193,20,1.0,0.9944066982634274,0.9955037119783887,0.002664128783119357,0,0.0,0.12759185192405623,0.10611366511550233,0.07815317589710324,2.971893954410032,2.806092475494347,1.3564982597913682,24.389277429788827,22.83275211993952,6.110197804457594,0.9944066152307668,0.9955034647797227,0.0026640759433016934,20,20,976.0,976.0,0.6488856845230502,77.9878204532902,74.42328097220388,18.286022831442303,110.99024350365218,103.96646229882329,20.458335113549026,24.524905173782066,22.906714554495043,6.136214304974908
front,log-0071_183,10.0,oracle-power,training_window,1.4311277379028058,1.3891120851796015,0.26709215474700676,0.03223428851532007,0.03161863259520897,0.0042114940065395975,0.10690872185705635,0.10656931127779892,0.012718457481772838,2.1500790169287645,2.174512179399303,0.3225951274113088,1.4311277403161067,1.3891120851758638,0.2670921547769303,0.1069087218570564,0.10656931127779892,0.012718457481772836,2.1500790169287654,2.1745121793993105,0.32259512741130875,2.661811061330819,2.397568394991388,0.8086937674314846,2.2318796934789327,2.1800436305587865,0.4278695483914186,20,1.0,0.9941906454802527,0.9943042652671777,0.0013819999882001158,0,0.0,0.11525715096583133,0.11195009390578785,0.016498123063107984,2.3139478276117833,2.2972506727546227,0.37023966508564604,20.058631477770046,20.33838208933929,2.4163257949664128,0.9941906450380105,0.9943042650931099,0.0013820001110219219,20,20,975.95,976.0,0.22360679774997902,67.08869724029705,68.29083479854162,8.911464810810612,109.70495607318594,105.62931454891508,14.992340195660521,20.175110858533834,20.43263426710971,2.4240031677578924
front,log-0072_184,10.0,oracle-power,training_window,1.5866233850746925,1.5372654068056562,0.37760148475889677,0.033017590591487525,0.03204155662131643,0.004723914915889032,0.11192029424646137,0.11033782619402269,0.018263826404043396,2.353636691051394,2.244368913817465,0.5811791062054351,1.5866233857263203,1.537265406838535,0.37760148473287974,0.1119202942464614,0.11033782619402269,0.018263826404043396,2.3536366910513946,2.244368913817465,0.5811791062054349,2.5126862676572315,2.457822261436468,0.7480410286223437,2.418958311408193,2.1547134641069894,0.6924099737002208,20,1.0,0.9935557004093182,0.9938909243268427,0.0020593644301525925,0,0.0,0.12250921811666707,0.12389730347245796,0.014226101401276408,2.571454294294926,2.436128895865595,0.5259171906514125,20.779928531098047,20.06360172200643,2.9535204011654073,0.9935556996859247,0.9938909242036431,0.002059364736382267,20,20,976.1,976.0,0.718184846459608,70.87265297421955,68.47401395822807,11.499109607358493,113.52307815344413,115.13025933206144,15.323654898074802,20.916207716912375,20.178362165021113,2.985101623302214
front,log-0073_185,10.0,oracle-power,training_window,1.3991132125778136,1.3749430646264997,0.25921338862853516,0.033489090524044605,0.03390326601307292,0.006464720339046182,0.1097643917294326,0.10632158971371865,0.02053370687388518,2.005313360555838,1.9758919837604232,0.42898147549286725,1.3991135263325682,1.3749430672750824,0.2592129930406547,0.10976439173505456,0.1063215897137188,0.020533706870290876,2.0053133606385436,1.9758919837604232,0.42898147537637427,2.2128068290665723,2.226494962900574,0.6217144783435145,2.087744540655418,2.0009495970092934,0.5770451249011233,20,1.0,0.9937534199515742,0.9943313898608565,0.0023769021825355025,0,0.0,0.11741256956559161,0.1094668814006595,0.028093069619063417,2.140233201381867,2.1356249690308964,0.5102940638533747,18.480449982019884,18.222408978571718,4.099926623177707,0.993753376694648,0.9943313887938674,0.002376854920420112,20,20,976.15,976.0,0.48936048492959283,61.20149537823208,59.67121593409102,14.33333548434554,98.50807665564874,95.88281682215619,22.129044866554988,18.592717882464974,18.324072532388755,4.104288573297624
front,log-0078-valid,10.0,oracle-power,training_window,3.7817555192331236,3.347741300094415,1.252557289648492,0.061779869103812855,0.06771950544595536,0.02447913305460121,0.20010859339751294,0.22599538180908538,0.07550538712909026,4.871825166893317,4.340864285220014,1.475300300221754,3.7817555563638074,3.3477413001716094,1.252557251532652,0.2001085934227867,0.22599538180908632,0.07550538714891057,4.871825167304273,4.3408642852200146,1.4753003000154297,4.685234306916085,4.503875073436129,1.2411795322822983,4.932507972239861,4.325086368549419,1.4743934913134331,20,1.0,0.9768674726790525,0.9741199884037528,0.016873565761660266,0,0.0,0.2987543632557179,0.23595588682440927,0.1766801666314557,6.85241683886792,6.676438215985948,2.1053204428968906,25.45487799876479,27.75291217268396,6.77661134607003,0.976867260410702,0.974119992032205,0.01687343789291119,20,20,975.55,976.0,0.6863327411532598,85.09796142286461,90.85460651626707,23.411408982101854,133.71315168931542,135.41589678658846,40.47062780877063,25.984028967112927,28.280197957465735,6.665691463004608
front,log-0079,10.0,oracle-power,training_window,3.869412542512962,4.341173915051565,1.775239807823196,0.05987819838604671,0.0641982652756958,0.023644301471266293,0.1960436276418337,0.20992078692945593,0.07805059412153598,4.944255530888168,5.363677593700558,2.2191998583637704,3.869412542565443,4.3411739148874595,1.7752398078141214,0.1960436276418337,0.20992078692945593,0.07805059412153598,4.944255530888168,5.363677593700558,2.2191998583637704,4.900549053715629,5.073910648271205,2.053346050869353,5.051444077767248,5.507672838534999,2.4820767662925984,20,1.0,0.9775167973846143,0.9776916653759558,0.015911148404371703,0,0.0,0.29432078205336526,0.28236736174349386,0.0842486310929375,7.33374510119099,7.531807235098693,2.0701524171716748,24.446096510599826,25.139374036652153,3.7856550392362354,0.9775167973565475,0.9776916652542824,0.015911148489524882,20,20,975.95,976.0,0.3940344628262062,82.23586893298025,85.49212701377598,14.374206380204448,136.8323895636012,141.1315423103631,26.517077025057883,25.017571197434766,25.946397935378627,3.902989315040664
front,log-0080-valid,10.0,oracle-power,training_window,3.2795294654342593,3.086855702677054,1.0318931255174695,0.051219852462690584,0.042128074724549006,0.024961571077706232,0.1679334576529016,0.14122733224670836,0.08367115952533491,4.235771538347438,3.9792580784741025,1.1851973440803696,3.279533942410938,3.0868557026301815,1.0319047603683316,0.16793345773404317,0.14122733224670836,0.08367115976367268,4.2357715397292734,3.9792580784741025,1.185197347271606,4.248855623411712,4.03388339565781,1.1952841369709997,4.147590040018664,3.9316580638209135,1.1579964578515287,20,1.0,0.9822287309759288,0.9899766311741263,0.019848215593425412,0,0.0,0.2680895262935588,0.22591644832671534,0.14639579271525613,6.771207431137252,6.170969794336642,2.1910776355401063,27.270573838815032,26.95857000214827,6.782809310159478,0.9822276699095408,0.9899766312223498,0.01985194688974806,20,20,976.1,976.0,0.3077935056255462,90.43070187133908,85.35378084593316,21.563555803523613,149.31161049749787,153.48373746488812,26.149800444852367,27.67557455418993,27.264128930006265,6.54777827755531
front,log-0081,10.0,oracle-power,training_window,3.508838894926393,3.3599768124487,1.0598812018021486,0.07525915056104335,0.06528498067960586,0.028879938513716397,0.24614044334436969,0.20403672264562417,0.0981267024170938,4.482710121625745,4.312791909015296,1.2843593516852787,3.5088383334686286,3.359976812530867,1.0598827132638686,0.24614044376374206,0.20403672667030334,0.09812670223804978,4.482710127237113,4.312791911116608,1.2843593437195704,4.896602325930218,4.764605322315376,1.6174346299953826,4.598742084553061,4.065248811909207,1.4780012682359125,20,1.0,0.9639442958313318,0.9789560705796552,0.03369943700471756,0,0.0,0.439176974636552,0.38739703542454806,0.1894180174960776,7.911265577665394,7.447550249472646,2.2965189526907612,18.932636162677888,19.03271817063547,5.895236827679752,0.9639434618642853,0.9789498613277037,0.03369930755755227,20,20,975.85,976.0,0.48936048492959294,63.87919829664296,61.557999841745456,19.522082612948683,113.56325470711593,119.53548814307375,32.709321261167034,19.534656975268167,19.316721755840643,5.760125266360203
front,log-0098,10.0,oracle-power,training_window,5.410575512311878,5.3194949307463535,1.9182096144630072,0.07363929847786668,0.06121092148481241,0.03152692280061326,0.2535391664590974,0.19728614548318957,0.12016628563507845,6.733598803042517,6.561768330729267,2.3667665828996474,5.410574919207215,5.319494930744445,1.9182083149753095,0.253539166459697,0.19728614548318957,0.12016628563632742,6.733598803056955,6.561768330729267,2.366766582932518,6.448964248559795,6.140071559488433,2.423765898356614,6.890613977614504,6.495743931765014,2.720044669734124,20,1.0,0.9594786399076731,0.9803239322857391,0.03839807067210578,0,0.0,0.2905088476952235,0.24143592286940374,0.11437154375093404,7.849027146042917,7.566969575422081,2.301974504967856,27.321671452551858,28.004536472347773,5.755826298140459,0.9594789208272095,0.9803239322688829,0.038397383694296586,20,20,1000.0,1000.0,0.0,95.65555284311685,96.30184839898834,15.480406724325809,137.94965705807573,140.12872822977968,18.00991884051206,28.336781525187934,28.62985398130724,5.194752142466228
front,log-0099,10.0,oracle-power,training_window,4.498526500726105,4.83616935621711,1.4017532314855583,0.09755776007736397,0.09552756020396706,0.038607037516755524,0.3210722363406731,0.32205276032202224,0.12000978520705262,5.698453031183923,6.112926691368905,1.788112552958438,4.49851918834476,4.836169353069965,1.401760773187269,0.3210722412937524,0.32205276032263486,0.12000978052190031,5.698453120361336,6.112926691368905,1.7881124547024643,5.924318886536513,5.952556925462407,2.07898787625224,5.911960559723841,6.319976978202441,1.974835670794356,20,1.0,0.9389216848095167,0.9467010297283098,0.04175691299621071,0,0.0,0.5315867851520067,0.46157516867684684,0.21604140519038184,9.559856687834078,8.896548524861247,3.577474282136579,17.45694122968481,17.0563699074259,4.408041198188789,0.9389192442596785,0.9467008497840823,0.04175599020405936,20,20,1000.0,1000.0,0.0,61.358579263454956,61.22204037787778,13.70835774728512,106.47937668019594,104.14482034115306,24.55208762384446,18.492611068112318,17.920288618516082,4.197579922986922
front,log103,10.0,oracle-power,training_window,3.6077060760582405,3.347201551098593,1.6537554444742277,0.0793065972857225,0.07270032651035704,0.03234159028119168,0.26005604470345184,0.2536120434759161,0.09788572200729413,5.7921226407137,5.760294925413957,2.146183681926209,3.607707250733655,3.347205994198563,1.653755485552763,0.2600560447065328,0.2536120434813127,0.09788572200739183,5.792122640787971,5.7602949255150815,2.146183681947135,6.711774912149894,7.096659659111278,1.8386251199602073,6.932317443355407,7.9834284213440085,2.9105048620896006,20,1.0,0.960152136007286,0.9672633088968089,0.03806083068708566,0,0.0,0.29460262928793923,0.29059903999319187,0.0946096676008983,6.589332149457458,6.3856966694778325,2.2689604868088096,21.394395093541895,21.315553219392772,3.049545922253793,0.9601520262104873,0.9672614608188652,0.03806076963672844,20,20,1000.0,1000.0,0.0,73.82445976833814,74.11347704202302,11.548855311316684,113.6179928711492,111.67694399639109,18.809596883972464,22.268500729923993,22.256179884102984,3.0076039522651414
front,log104,10.0,oracle-power,training_window,2.8299426575198914,2.2050759747306685,2.010479669132357,0.07373834990109587,0.0670668330522173,0.034642714925428655,0.23740006762340043,0.21501534906498693,0.10234264409248073,4.565075884997975,3.898738645463505,2.7588382951691455,2.829942124486415,2.205075984840697,2.0104788875305526,0.23740006762750862,0.21501534906498693,0.10234264409370318,4.565075885117794,3.8987386454635056,2.7588382953441526,5.9591286161598696,5.060569923138214,2.7866930034268305,5.226311552691004,4.68524515155978,3.7914676500159348,20,1.0,0.9656685302491775,0.976599909768397,0.03517148398487722,0,0.0,0.27908027248685163,0.2476140761855326,0.11408044678434295,5.267812413071747,4.0405720878078935,3.147572925176112,17.594762623264998,18.222222201264074,4.385996962240098,0.9656688648249613,0.9765999077022082,0.035171429391660715,20,20,1000.0,1000.0,0.0,59.37379925252834,60.46747262498158,16.389175259624693,99.37749810407952,102.07170389219974,25.78116941585789,18.28728190277443,19.05839467568995,4.756829639957021
front,log106,10.0,oracle-power,training_window,1.8804850894251257,1.8535750276940264,0.5762736251897562,0.0439005300682757,0.04358165796849707,0.007340144699537283,0.1474689506772125,0.1517008135097346,0.02215208881247465,2.773509141730502,2.6577662740584156,0.8435621994974298,1.880485060309939,1.853575024855628,0.5762735989751124,0.14746895067760496,0.1517008135097352,0.022152088812907013,2.7735091417381335,2.6577662740584156,0.8435621995026185,3.3827647692551204,3.240825370847121,1.1224311865388255,3.079744051749462,3.0605712742766085,1.1231043183859855,20,1.0,0.9888259065611524,0.9884256982620542,0.003253469924833596,0,0.0,0.1847296894000528,0.17892324627720096,0.04063631864118658,3.3401432394494774,3.4233225140236767,0.6344673624319656,18.621639395129954,19.444585729782098,4.989602798333444,0.9888257696738085,0.9884256896628512,0.003253623130524333,20,20,1000.0,1000.0,0.0,63.988990763300635,69.89838386896989,18.872113685852124,108.74993720148477,111.43490202208741,25.137363262931792,18.83158072223272,19.713434045501074,5.042641687425555
front,log107,10.0,oracle-power,training_window,1.7447296278389754,1.7173231877805164,0.43289928068879485,0.04354666387451158,0.04240640665840857,0.00751125026450342,0.14840988875132408,0.14732301433089445,0.026746870844288468,2.634417013556093,2.707030170844117,0.6581992691105872,1.7447297701111757,1.7173231874210781,0.4328991716241391,0.14840988875472944,0.14732301436437922,0.026746870844685987,2.634417013611451,2.707030170844117,0.6581992690952665,3.2257262519478958,3.176709270407203,0.7630312334276718,2.8815162186542844,2.998221913286148,1.006583541216205,20,1.0,0.988573464800095,0.9890805054685345,0.004277760002423259,0,0.0,0.16412000212054342,0.16177602195848687,0.0306511698915777,2.904103031129852,2.9505633417061725,0.6999982895525575,17.78622389037928,16.38160879882657,4.586336468093228,0.9885734729590601,0.9890800264759214,0.004277736683300327,20,20,1000.0,1000.0,0.0,61.653718865492024,58.02612106129055,17.451689556662753,101.05801062971747,95.69052109053327,23.172200212358195,17.985808388180363,16.60395889512264,4.610621436070059
front,log109,10.0,oracle-power,training_window,2.232377925344634,2.3272618213436713,0.572397431643653,0.04676627238568923,0.045677597562650434,0.009283066532035015,0.15133004736953934,0.14816028330368008,0.025483183393796367,3.431293447312,3.292267291497166,0.9337140956394103,2.2323787013047856,2.3272618203138906,0.5723955851466125,0.1513300476021035,0.14816028330368008,0.025483183478808083,3.431293449667534,3.2922672914971662,0.9337140908428907,4.826697117047417,3.8887739094366447,2.8294606394022828,3.358776781810792,2.8587540583766495,1.2341792217897627,20,1.0,0.9881628785651759,0.9889623631076662,0.004157326594938984,0,0.0,0.16885874377228915,0.17263188732174056,0.0247622027946467,3.810094595036322,3.867298303950143,0.9028174011446302,22.285560848936427,23.092948141113418,3.9818359813879822,0.988162245829197,0.9889623628215999,0.004157349271646286,20,20,1000.0,1000.0,0.0,73.37253226802787,76.1900879673859,13.357098864236525,125.16339750183985,125.74362046372869,27.788526734994083,22.55551933645737,23.430931145866758,4.046970646525229
front,log110,10.0,oracle-power,training_window,1.8805967558208263,1.7141589299756277,0.455080039529229,0.043896416343039125,0.043565663751820784,0.006652723356709846,0.147076072603568,0.14513068719124733,0.02350043222047216,2.7841779706696856,2.5796390326949084,0.7447247928096852,1.8805905710558743,1.7141589299163407,0.4550860279601765,0.14707607341115136,0.14513068719175132,0.023500432486836146,2.7841779808632245,2.5796390326949084,0.7447247808422894,3.8528412907616905,3.369039748055931,2.4735669286744457,2.6293730708259266,2.345648101932194,0.8349061288540147,20,1.0,0.9888538431950383,0.9894122552151072,0.003561323919521911,0,0.0,0.1696796358539958,0.16924366826324638,0.023727288433644644,3.220275307072936,3.358568972460916,0.8277407477264029,18.677322365483754,18.787122377971855,3.634133341396831,0.988853013042004,0.9894122024265837,0.003561500838924698,20,20,1000.0,1000.0,0.0,63.42288504817871,62.61510605558768,13.337966970884644,105.82366887968176,107.73867274952951,18.758297238561035,18.88904207213065,18.936224410927146,3.680936486193207
front,log112,10.0,oracle-power,training_window,3.0081325523917437,2.951862151313135,0.7338961558188751,0.06871321535768134,0.06851797861210618,0.013209107974213532,0.22352097928109424,0.23345496805652108,0.041059372720917954,4.810250014264271,4.907353216897434,1.190893082842778,3.0081332176292213,2.9518621512863277,0.73389669230771,0.22352097928332043,0.23345496805708157,0.04105937272402411,4.810250014313832,4.907353216897457,1.190893082903167,5.815091398657012,5.607406707891499,1.313887744158389,5.17760588660619,5.704516793126644,2.299198264388682,20,1.0,0.9738352958164411,0.9723666482444695,0.009268507017207803,0,0.0,0.24418454114600804,0.23949966239529236,0.037247278233806976,5.192334682309058,5.127318521038978,0.8964404691783132,20.830225720278587,20.809031009371576,2.772158556858172,0.9738355154281348,0.9723670446295993,0.00926807645511952,20,20,1000.0,1000.0,0.0,69.8262912735519,71.10277134883297,10.365792490365841,119.66422072497934,120.57417744038884,17.06917893272371,21.396438504259045,21.561665409280494,2.8794985884697537
front,log-0046,20.0,oracle-power,full_log,1.957634649437385,1.8692182635656969,0.294353027638437,0.04368611018742384,0.040992765271372064,0.008110356856274975,0.14412633861104673,0.1352406323830986,0.02675715538666599,2.9643481164505334,2.7815895258001784,0.5503332974140938,2.011559716844179,1.949283967010474,0.3057820759441515,0.1478976713145746,0.14012125262135927,0.03127886623339221,3.0419157776008063,2.8819726865036683,0.6433345153788403,5.3610360627293625,3.770571225093239,4.3286202320567995,3.8625228543370946,3.5059044658455294,1.0854260102500126,20,1.0,0.9900669071274735,0.9909804544062113,0.003189571228317073,0,0.0,0.14412633861104673,0.1352406323830986,0.02675715538666599,2.9643481164505334,2.7815895258001784,0.5503332974140938,20.566685303538286,20.39593230996394,0.7918857487239748,0.9999503883214252,0.9916483931427302,0.03850141382804709,20,20,1951.8,1952.0,0.5231483637805969,67.85562055611665,67.85562055611663,1.4580029302424492e-14,165.89980059488886,165.8998005948889,2.9160058604848984e-14,20.56770570194259,20.567705701942586,3.645007325606123e-15
front,log-0048,20.0,oracle-power,full_log,2.173713390059967,2.1252877386760654,0.15971693165513162,0.04495731208370821,0.04280346642482276,0.0054160688680700755,0.1556666072364359,0.14820882493830057,0.018753369055550775,3.4931853655190372,3.3258314516285337,0.4208288180876743,2.2567277471886453,2.1780211222820935,0.31039561692801093,0.1610758386020184,0.15416318574067,0.021549921877012296,3.614569445126167,3.4594483292949505,0.4835839430515838,4.4096584089697135,4.223444020977702,0.8383848716549824,4.4096584089697135,4.223444020977702,0.8383848716549824,20,1.0,0.9886299285621508,0.9896167156241787,0.002257530072372951,0,0.0,0.1556666072364359,0.14820882493830057,0.018753369055550775,3.4931853655190372,3.3258314516285337,0.4208288180876743,22.547556869077546,22.592368427762462,0.9173731624040303,1.0047854070172928,1.0067823417847157,0.04088084450679493,20,20,1951.85,1952.0,0.5871429486123998,77.7000493048807,77.70004930488071,1.4580029302424492e-14,147.02804677703884,147.0280467770388,2.9160058604848984e-14,22.440171514841165,22.44017151484117,3.645007325606123e-15
front,log-0049,20.0,oracle-power,full_log,2.7353031821214495,2.8134347643721966,0.2857849659845964,0.05209150731242579,0.05296038476884357,0.003790088812069849,0.17307269389827298,0.17595951691047318,0.012592472644041976,4.1943432549094855,4.264304184947682,0.30517322812467473,2.416552993481581,2.425002206561439,0.1500667851042635,0.17902136952069167,0.1808883336244722,0.015023273859011692,4.338506882981292,4.383751965376859,0.36408266352080204,4.392029876066533,4.413438081197359,0.3035898962097934,4.344104303645747,4.391051479771092,0.30828313213307296,20,1.0,0.9876419303583969,0.9874211764051886,0.0010315431792812958,0,0.0,0.17307269389827298,0.17595951691047318,0.012592472644041976,4.1943432549094855,4.264304184947682,0.30517322812467473,22.370786872261842,22.108423432764255,0.9421509723183914,0.9230938226323184,0.9122678256896234,0.03887631434245598,20,20,1952.2,1952.0,0.9514531821875087,80.5187538489403,80.51875384894029,1.4580029302424492e-14,128.68361647506669,128.6836164750667,2.9160058604848984e-14,24.23457542860456,24.23457542860456,0.0
front,log-0054,20.0,oracle-power,full_log,2.3786485335525693,2.3634154030116385,0.07423658361868972,0.05202144369308069,0.051398269269326724,0.003007925122629789,0.173465860666893,0.17138788127824225,0.01002994694451254,3.1120871624982867,3.074806899082223,0.1799435866317054,2.5540541545704465,2.544086188732776,0.16698291423634806,0.19156711862751152,0.19325252679799118,0.013129547456969981,3.4368351694417774,3.4670724571176033,0.2355523786245896,4.8097785485651485,3.6212511175787965,2.6975612666672744,3.571296513818262,3.4023832454268765,0.6585594741702053,20,1.0,0.9854945903156873,0.9857492838945459,0.0011432718448847567,0,0.0,0.173465860666893,0.17138788127824225,0.01002994694451254,3.1120871624982867,3.074806899082223,0.1799435866317054,17.38902684336933,17.40035814733491,0.6268991936378155,0.969253864060572,0.9698854641065329,0.03494298279501506,20,20,1951.7,1952.0,0.6569466853317862,59.823160250207,59.82316025020701,7.290014651212246e-15,135.8929688934449,135.89296889344487,2.9160058604848984e-14,17.940631952211263,17.94063195221126,3.645007325606123e-15
front,log-0055,20.0,oracle-power,full_log,2.677787153195388,2.634246814996075,0.08840794307656161,0.045935648522637096,0.044950968043278125,0.0021265164920647476,0.15839885498642642,0.15500340362187057,0.007332818590485656,3.7544743264486002,3.6739930945860193,0.17380731155438328,2.7060318512040555,2.6888550177598525,0.10858457318608075,0.15992652190052892,0.15636938228146108,0.008315754735947744,3.7906840970864897,3.706370423376361,0.19710551357100772,4.295195339529962,3.8445820176373973,1.1675441807192959,3.77967717509864,3.6845891435181337,0.2339583750997925,20,1.0,0.9876264466288862,0.9882167375437159,0.0012115546073888938,0,0.0,0.15839885498642642,0.15500340362187057,0.007332818590485656,3.7544743264486002,3.6739930945860193,0.17380731155438328,23.140960760812142,23.14178430581964,0.4974268240638104,0.9763022380993895,0.9763369829331203,0.020986117501507112,20,20,1951.7,1952.0,0.47016234598162726,81.73334756770427,81.73334756770429,1.4580029302424492e-14,144.98409225186288,144.98409225186288,0.0,23.70266077220274,23.702660772202737,3.645007325606123e-15
front,log-0056,20.0,oracle-power,full_log,2.659257223243606,2.6834017491499282,0.11064748687617713,0.04877017660941172,0.04890430455473392,0.0018497556089831,0.16803873372942862,0.16850087456336862,0.0063733743006877674,3.7850224655722458,3.795432050314402,0.14355835927951457,2.806700519193516,2.741681988621676,0.21224706574785024,0.17484828313287312,0.1741608771323864,0.009822812702019726,3.9384055392269337,3.9229219236517245,0.22125593264775842,4.814536110921445,4.318588479100189,1.086894197005085,4.1998004859012035,4.203201057861294,0.17065594570499798,20,1.0,0.9863356981530625,0.9862608765915117,0.0008358369005566066,0,0.0,0.16803873372942862,0.16850087456336862,0.0063733743006877674,3.7850224655722458,3.795432050314402,0.14355835927951457,22.172498364104293,22.26286819671399,0.7866371196324526,0.9843636550671345,0.9883756873277616,0.03492330803579993,20,20,1951.9,1952.0,0.5525062514530825,77.60936557366924,77.60936557366922,1.4580029302424492e-14,148.73146404505894,148.7314640450589,2.9160058604848984e-14,22.52470238002855,22.524702380028554,3.645007325606123e-15
front,log-0058,20.0,oracle-power,full_log,2.556065017713158,2.5011897788233868,0.2195759056227847,0.04645916360493055,0.044033203202864316,0.004983561426083621,0.1595479426031065,0.15121681993637826,0.017114319558767563,3.7328740176740403,3.537954353820728,0.4004163122931439,2.786921820034358,2.6909061791853235,0.34788028907723734,0.17047498377818743,0.16623978984718213,0.019502647815252787,3.988529261026077,3.889440265411836,0.45629499270012547,5.149636234042974,4.307557044444476,1.5446655654279748,5.149636234042974,4.307557044444476,1.5446655654279748,20,1.0,0.9878735400343587,0.988998307766425,0.0025162630848137245,0,0.0,0.1595479426031065,0.15121681993637826,0.017114319558767563,3.7328740176740403,3.537954353820728,0.4004163122931439,23.62456766040477,23.784003124172983,0.8212927492184465,1.0097450777227386,1.016559559031712,0.035103131740379684,20,20,1951.85,1952.0,0.48936048492959294,80.3474218652934,80.3474218652934,0.0,161.1697294857218,161.1697294857218,0.0,23.396566303333564,23.39656630333357,7.290014651212246e-15
front,log-0063,20.0,oracle-power,full_log,2.398668211937149,2.2751854912415768,0.37436217930060145,0.042016989481844534,0.03858051331254707,0.007584424068663291,0.1300129065223089,0.11937943990618997,0.023468435735757565,3.569363823466619,3.2774334907569025,0.6443005371485224,2.387300387648264,2.2699586156050335,0.323242360323446,0.13133165370792244,0.1197469784059961,0.0254010670266619,3.6055686020731157,3.287523863013245,0.6973588403460582,4.989239282324055,4.389722202525915,1.615366481242881,3.660169592469199,3.463862593104846,0.6725014459370122,20,1.0,0.9920568740530392,0.9928986591057007,0.0023878935742994217,0,0.0,0.1300129065223089,0.11937943990618997,0.023468435735757565,3.569363823466619,3.2774334907569025,0.6443005371485224,27.8770759172644,27.550492597756296,0.8753767048136017,1.015413346635691,1.0035176563415829,0.0318853093502257,20,20,1951.8,1952.0,0.8335087534664908,84.9504894920883,84.9504894920883,0.0,153.67050225201808,153.67050225201805,2.9160058604848984e-14,27.453919144974673,27.453919144974673,0.0
front,log-0071_183,20.0,oracle-power,full_log,1.7712750980307574,1.709548915741177,0.14085073156241806,0.03266537618848485,0.03192466219243076,0.002117782338468689,0.11449305011728525,0.11189682700375223,0.007422885872083503,2.588222426519935,2.5295323760774666,0.16780127408557904,1.8651079423646375,1.820261650140186,0.2031889030602899,0.11892240403295792,0.11688787343855644,0.00857085360876069,2.688352112363698,2.6423596463888934,0.19375215789857517,3.777471481229592,3.5938829688033707,0.6334130848616906,2.7086785174771717,2.606899190531146,0.2556727099129373,20,1.0,0.9935098040242941,0.9938541510426768,0.0008299229956104558,0,0.0,0.11449305011728525,0.11189682700375223,0.007422885872083503,2.588222426519935,2.5295323760774666,0.16780127408557904,22.595768747458266,22.52919998886098,0.3095646026955853,0.9995502925611485,0.9966055455655927,0.013693952732887394,20,20,1952.0,1952.0,0.0,79.2344288822956,79.23442888229562,1.4580029302424492e-14,152.4462174422029,152.4462174422029,0.0,22.60593480450205,22.605934804502045,3.645007325606123e-15
front,log-0072_184,20.0,oracle-power,full_log,1.835352039990384,1.7961419663419904,0.1301171479919206,0.036098769604241875,0.0353636567742692,0.002446253555423493,0.11920741217076107,0.11677988073200893,0.008078157761401692,2.5568471560628643,2.5047796986589947,0.17326619479734995,1.9569228303946986,1.934565056245897,0.2146705802648247,0.12586183560789893,0.1217407881601265,0.012224108463632043,2.6995760630213637,2.611184844262724,0.2621915566447284,2.903843335785504,2.8281833535572654,0.202929384269893,2.620586210029834,2.573995638754192,0.22578517535347897,20,1.0,0.9932009760276388,0.9933428225767933,0.0003202860376754063,0,0.0,0.11920741217076107,0.11677988073200893,0.008078157761401692,2.5568471560628643,2.5047796986589947,0.17326619479734995,21.282592993394523,21.11759118153976,0.5858950034212703,0.9922543977688415,0.9845615488052057,0.027316074406722,20,20,1952.15,1952.0,0.812727700887249,70.82920509740634,70.82920509740632,2.9160058604848984e-14,152.19039707482895,152.19039707482895,0.0,21.44872629564559,21.448726295645585,3.645007325606123e-15
front,log-0073_185,20.0,oracle-power,full_log,1.7055403561995632,1.660814086775436,0.11171570576151688,0.03901427547357061,0.03783050568334595,0.0029037014843718172,0.13794944185673502,0.13376378468724637,0.010267113619962484,2.6718184163742125,2.5907501948609797,0.19885447076553706,1.7748775101907992,1.696096647573248,0.199124227432784,0.1419096003358489,0.13772360142088091,0.012852401683239104,2.7485191569777543,2.667444316504321,0.248926585346968,4.103542426398336,3.10940438056047,2.8511307934858974,3.2895861330939637,3.046793467574321,0.5842825026459155,20,1.0,0.9908650554032349,0.991249723285798,0.0008683373426154139,0,0.0,0.13794944185673502,0.13376378468724637,0.010267113619962484,2.6718184163742125,2.5907501948609797,0.19885447076553706,19.28123723476239,18.998366210621832,0.5931979911336462,0.9955152260879677,0.9809102291096968,0.03062757981078373,20,20,1952.2,1952.0,0.6958523739384594,68.48309712131342,68.4830971213134,1.4580029302424492e-14,149.9043725573418,149.90437255734173,5.832011720969797e-14,19.368098778891632,19.368098778891632,0.0
front,log-0078-valid,20.0,oracle-power,full_log,5.796799332429792,5.719437326784087,0.22864748641623237,0.08257224528739128,0.0820360879376327,0.003662973474006101,0.26507859001360795,0.2633573841313557,0.011759106711550837,7.357395625205568,7.309622651056615,0.32638018887699755,6.054833161735689,5.80742675275768,0.7000040992428097,0.28528988703631686,0.285576803258076,0.028151750474442586,7.918370799726358,7.9263343103013275,0.7813666345965918,7.023857992780077,6.906999168794964,0.9549656051844976,7.023857992780077,6.906999168794964,0.9549656051844976,20,1.0,0.967361227853295,0.9678189952182324,0.0016004914087867522,0,0.0,0.26507859001360795,0.2633573841313557,0.011759106711550837,7.357395625205568,7.309622651056615,0.32638018887699755,27.135171609676593,27.411499528769912,2.2426246970085315,0.977649347199456,0.9876051276013837,0.08079921522449145,20,20,1951.25,1951.0,0.7863975156570492,89.10252591047126,89.10252591047124,1.4580029302424492e-14,191.14572150135155,191.14572150135155,0.0,27.75552572853157,27.75552572853157,0.0
front,log-0079,20.0,oracle-power,full_log,6.068794542147069,5.219460088724716,1.4211101848967989,0.07887992558689394,0.0661999753533832,0.020436839986031,0.27284092409706884,0.22898173795464766,0.07068980182125185,8.050560137609736,6.756432371422573,2.08580330300903,6.361746246057854,5.995167504250755,0.9966434476300957,0.29953205781371967,0.26514284153028495,0.0836386007394284,8.8381200604402,7.823417245269546,2.467876061139364,7.520416206155481,6.305508500740909,2.028305887347601,7.520416206155481,6.305508500740909,2.028305887347601,20,1.0,0.9701676046537548,0.9739431523105011,0.007114335426425859,0,0.0,0.27284092409706884,0.22898173795464766,0.07068980182125185,8.050560137609736,6.756432371422573,2.08580330300903,30.435778351983622,28.203556708254307,3.7387410484557737,1.031496659763394,0.9558446050424648,0.12670938980442,20,20,1951.95,1952.0,0.5104177855340405,102.06094995286549,102.06094995286549,0.0,190.67881336638962,190.67881336638965,2.9160058604848984e-14,29.506424537491974,29.506424537491974,0.0
front,log-0080-valid,20.0,oracle-power,full_log,6.8502534881795984,6.438878794447446,1.0134080881267777,0.10177947753807862,0.08500550584052963,0.024762704383314148,0.34289767394592474,0.28638573247155014,0.08342618707658647,10.036618317471568,8.38251322999572,2.4418853232049718,7.216978793169508,6.741102858695013,1.8009502406617839,0.382111469571096,0.31941284873189224,0.10273024654677643,11.184406504367367,9.349217250519601,3.00691533536721,10.367964588953928,8.354083500679415,3.559829057765333,10.367964588953928,8.354083500679415,3.559829057765333,20,1.0,0.9521708019100897,0.9603182429857778,0.015198361609500312,0,0.0,0.34289767394592474,0.28638573247155014,0.08342618707658647,10.036618317471568,8.38251322999572,2.4418853232049718,32.155859186717166,31.378947183883483,2.537338570101856,1.0985940652603918,1.072051129163222,0.0866873150079486,20,20,1952.05,1952.0,0.5104177855340404,98.61141519140322,98.61141519140322,0.0,209.41055645838256,209.41055645838256,0.0,29.270009918627657,29.270009918627654,3.645007325606123e-15
front,log-0081,20.0,oracle-power,full_log,8.43126544912388,8.221234057397929,1.0998290788433602,0.17060566391443802,0.14992671857811005,0.06534655576089433,0.5621733760322167,0.49403289203082146,0.21532751622245855,11.583729658927023,10.179677138561189,4.436879870857209,8.847789306719843,8.217823779171813,1.7089868160393145,0.6385886078324516,0.5776374229798982,0.22460866152816858,13.158285525029507,11.902370396663832,4.628120300820942,14.79007728275146,11.0432163925642,17.49393890432385,14.79007728275146,11.0432163925642,17.49393890432385,20,1.0,0.8813220448326607,0.894071902230952,0.04025760423388066,0,0.0,0.5621733760322167,0.49403289203082146,0.21532751622245855,11.583729658927023,10.179677138561189,4.436879870857209,23.80635144171027,22.901769699483467,4.513277932404285,1.1553530128080838,1.1114524913958936,0.21903521291832698,20,20,1951.9,1952.0,0.5525062514530825,67.89768518316299,67.89768518316298,1.4580029302424492e-14,200.25954166451217,200.25954166451217,0.0,20.60526192237035,20.60526192237035,0.0
front,log-0098,20.0,oracle-power,full_log,6.087729334133354,6.078875373838156,0.15108868421539495,0.09353571991912356,0.09375040729311565,0.004375279523305568,0.31327760772088853,0.313996656518399,0.014654049847015937,8.329722529616053,8.348841281869335,0.3896357931510928,6.260214765106117,6.243667978410391,0.28120135043686734,0.3210140816477797,0.31964616877754004,0.012768722296807393,8.535427245115631,8.49905587872056,0.33950691389627696,7.76718935878375,7.153473121060346,0.9993563827253227,7.76718935878375,7.153473121060346,0.9993563827253227,20,1.0,0.9504503759822043,0.9522898986770244,0.004722401241586213,0,0.0,0.31327760772088853,0.313996656518399,0.014654049847015937,8.329722529616053,8.348841281869335,0.3896357931510928,25.90306194742181,25.502634882000557,0.9209631577387688,0.9742040326892291,0.9591441273111264,0.03463706429952062,20,20,2000.0,2000.0,0.0,89.05392011542133,89.05392011542135,1.4580029302424492e-14,200.15184341259447,200.15184341259442,5.832011720969797e-14,26.58894962271716,26.588949622717163,3.645007325606123e-15
front,log-0099,20.0,oracle-power,full_log,7.696539221954495,7.482497511548068,1.1837859254714926,0.15956316511818158,0.14069675820050706,0.043678395414954836,0.531223313748154,0.46841260681648156,0.14541565363377587,10.433882798455368,9.200202841924138,2.8561432599227117,8.609179165862221,7.839901341485474,1.8145370960151606,0.5992918290224997,0.529105982916287,0.17065163972584135,11.770832612698834,10.392295802603506,3.3518092338616725,14.869617648894357,9.45800000273765,15.248784359543293,14.869617648894357,9.45800000273765,15.248784359543293,20,1.0,0.8713602758224288,0.8868585008716044,0.03946221904676403,0,0.0,0.531223313748154,0.46841260681648156,0.14541565363377587,10.433882798455368,9.200202841924138,2.8561432599227117,19.575388825575864,18.694320569353582,3.800898365829787,0.9966474725373038,0.9517893878003355,0.19351624549730942,20,20,2000.0,2000.0,0.0,65.39029725768751,65.39029725768751,0.0,185.28208510303995,185.2820851030399,5.832011720969797e-14,19.641236610714596,19.641236610714596,0.0
front,log103,20.0,oracle-power,full_log,5.051342433901955,4.968427382716708,0.8207243311474302,0.09861085037489745,0.09555863242184032,0.007897231441496087,0.3297450785192552,0.3195387589838047,0.026407572714977377,7.511658821756553,7.279156821968083,0.601569786686154,5.274488867704868,5.312016930774164,0.8734878296681066,0.3486493254851904,0.34012192734620766,0.038543581818896354,7.942301347576814,7.748045512903061,0.8780305006890395,7.710637526741152,7.44696641849473,0.6137097570758034,7.710637526741152,7.44696641849473,0.6137097570758034,20,1.0,0.9493504308143053,0.9514525710829431,0.005599599729525399,0,0.0,0.3297450785192552,0.3195387589838047,0.026407572714977377,7.511658821756553,7.279156821968083,0.601569786686154,23.31452733136787,23.719314053473617,1.6274351403960459,1.023455780932748,1.0412250157491263,0.07144077505232053,20,20,2000.0,2000.0,0.0,76.17476974591364,76.17476974591364,0.0,161.83235720034816,161.83235720034813,2.9160058604848984e-14,22.780199951696673,22.780199951696677,3.645007325606123e-15
front,log104,20.0,oracle-power,full_log,4.46945244800342,4.0990684724979065,0.9261225241170941,0.10182779707792837,0.1002292273551149,0.005871270401762222,0.34153087775863733,0.33616926790103585,0.019692266664058072,7.3283669749163804,7.213320731160345,0.4225449763992249,4.373053007769434,3.869662010418187,1.0811415946078997,0.3546582981769191,0.34303874460755923,0.0373512673526671,7.610047374915721,7.360721887276661,0.8014613376539289,8.62499585532284,8.473125860595639,0.5858242725853695,8.62499585532284,8.473125860595639,0.5858242725853695,20,1.0,0.943214189996761,0.9426762469271026,0.0023979648857799444,0,0.0,0.34153087775863733,0.33616926790103585,0.019692266664058072,7.3283669749163804,7.213320731160345,0.4225449763992249,20.53834513889522,20.122662154103562,1.7702504871683895,0.9571680931107801,0.9377956223882906,0.08250067236052602,20,20,2000.0,2000.0,0.0,71.96823642671964,71.96823642671964,0.0,167.6308323463045,167.6308323463045,0.0,21.45740678854635,21.457406788546354,3.645007325606123e-15
front,log106,20.0,oracle-power,full_log,3.0748453049960576,3.1367804466955773,0.3239845783175069,0.0584332165767281,0.059426819860151525,0.00501323970758575,0.20427753026272386,0.20775108240805462,0.01752585748443116,4.815767193716324,4.897654900336004,0.4131656056675582,2.9949334552256475,3.0457078376312303,0.2708792495578153,0.21138790728593193,0.2199292963097314,0.022378378351378122,4.983391701214924,5.184751787156243,0.5275619896840109,5.996670499974604,5.6432001373659535,1.2556052192105,5.538226797837327,5.626276896108222,0.48929041101608545,20,1.0,0.9808124628870709,0.9807214360340187,0.0027974811513816547,0,0.0,0.20427753026272386,0.20775108240805462,0.01752585748443116,4.815767193716324,4.897654900336004,0.4131656056675582,21.752880851584667,21.49138492903913,0.6444962989966772,0.9227241678665683,0.9116319079871714,0.027338554154838268,20,20,2000.0,2000.0,0.0,82.41489132115095,82.41489132115096,1.4580029302424492e-14,139.2265583706526,139.2265583706526,0.0,23.574630002245993,23.57463000224599,3.645007325606123e-15
front,log107,20.0,oracle-power,full_log,2.444988370819957,2.386689704024473,0.21017346474574997,0.04948603399705182,0.048403209058227245,0.005761220712412998,0.17720323919521203,0.1733257798164204,0.02063020390801477,3.9315891370914144,3.845560364466234,0.457720106862038,2.467548655991142,2.45458878863049,0.1735632386656096,0.18080426298626026,0.17551633978914424,0.023423274112452225,4.0114846631754295,3.894162082087325,0.5196896539469127,6.0567383631996545,5.164687429892119,1.6953907899965752,4.857993470017908,4.644395657585244,0.660694892821531,20,1.0,0.9854034539667955,0.9862964413541477,0.0028442208972880904,0,0.0,0.17720323919521203,0.1733257798164204,0.02063020390801477,3.9315891370914144,3.845560364466234,0.457720106862038,22.486404930833515,22.400016484461787,1.0036438996968915,1.0134995424640776,1.0096058719933536,0.04523589414441612,20,20,2000.0,2000.0,0.0,79.44845887883525,79.44845887883525,0.0,143.29596879429766,143.2959687942977,2.9160058604848984e-14,22.186892039599048,22.186892039599044,3.645007325606123e-15
front,log109,20.0,oracle-power,full_log,2.9591582777377665,2.9056718143749594,0.15469117914224864,0.055573051412519225,0.05511611175969279,0.002990677544786248,0.1971463806462728,0.19552537916374124,0.010609481369991281,4.488346327515862,4.451441688297187,0.24154147079822927,3.033658414637412,2.976317557596381,0.1828275740991564,0.20652658386719125,0.20598861340034696,0.017612512912750455,4.701901354698948,4.6896536139022,0.40097645917276814,6.544842740319046,6.545548917885956,0.4339852826803428,6.544842740319046,6.545548917885956,0.4339852826803428,20,1.0,0.9818075530665468,0.9819893421606023,0.0006858028245272758,0,0.0,0.1971463806462728,0.19552537916374124,0.010609481369991281,4.488346327515862,4.451441688297187,0.24154147079822927,22.030823078932567,22.01181226300011,1.2118632242321679,0.9676831322135941,0.9668481000479077,0.05322994953197497,20,20,2000.0,2000.0,0.0,80.76479900660539,80.76479900660537,1.4580029302424492e-14,163.1495299547129,163.14952995471293,2.9160058604848984e-14,22.766567221789455,22.766567221789458,3.645007325606123e-15
front,log110,20.0,oracle-power,full_log,3.57917249048837,3.583920364963638,0.10693145000505015,0.07410682577055697,0.07592774588684292,0.0035358071163691454,0.26832747059732465,0.2749206944182391,0.012802520823018406,5.951479116922748,6.097716227107622,0.2839587581269525,3.5479466171502834,3.5454960465884033,0.13343576334586757,0.27332331669161947,0.27629140116244444,0.014190388185949579,6.06228653308244,6.128118379169815,0.3147415311660164,9.83690280762514,9.769835494662923,0.548769876430403,7.003055165979868,7.25619999538349,0.4742589243311645,20,1.0,0.9643601361913101,0.9628523148504142,0.0032759496256201904,0,0.0,0.26832747059732465,0.2749206944182391,0.012802520823018406,5.951479116922748,6.097716227107622,0.2839587581269525,20.46698637245671,20.475394213939378,0.4892541024612377,0.9227713945018131,0.923150469147612,0.022058435090446492,20,20,2000.0,2000.0,0.0,80.30945941942234,80.30945941942232,1.4580029302424492e-14,153.52197901588357,153.5219790158836,2.9160058604848984e-14,22.179909882779206,22.179909882779203,3.645007325606123e-15
front,log112,20.0,oracle-power,full_log,3.912463918089867,3.8243068945561616,0.23389514881911988,0.07404645011362747,0.0727056265047587,0.0041178440446964495,0.25200257327449915,0.24743934304234588,0.014014274742599671,5.788055671101256,5.683246302369195,0.3218832305808183,3.8946565247031053,3.8319556129850345,0.22753092889931997,0.2606032974191198,0.2548829822758972,0.023408232304719116,5.985599170415544,5.854213597343829,0.5376459056797083,6.479426326189753,6.396390189623905,0.49797729747913994,6.479426326189753,6.396390189623905,0.49797729747913994,20,1.0,0.969171685486552,0.9696482084070911,0.00201020886149116,0,0.0,0.25200257327449915,0.24743934304234588,0.014014274742599671,5.788055671101256,5.683246302369195,0.3218832305808183,21.430540628764582,21.400315320465022,0.9898841377513825,0.9330510437341474,0.931735082744426,0.04309795277236772,20,20,2000.0,2000.0,0.0,78.16790220488944,78.16790220488943,1.4580029302424492e-14,168.24758204657732,168.2475820465773,2.9160058604848984e-14,22.968240347278094,22.968240347278098,3.645007325606123e-15
front,log-0046,20.0,oracle-power,full_log_excluding_training,1.9698401777858827,1.8837581087471458,0.306888659275884,0.04385196120081421,0.04117896980999795,0.008061905668771734,0.14496335360854434,0.1355868031718237,0.02691466971585066,2.986786647207947,2.786213731257493,0.5669130282446861,2.0315282431172785,1.964645316843432,0.32223790674134856,0.1490697346101616,0.14058898682134563,0.03174596106956755,3.071754327070603,2.8889201752760574,0.668477857962938,5.403874034270976,3.8947194361371116,4.304647627741275,3.8870610723594368,3.520857307175211,1.076804862125545,20,1.0,0.9899797708717821,0.9908880575021093,0.0032394744653309964,0,0.0,0.1449742484392103,0.13560302319184578,0.026927046849257803,2.9870120976539223,2.7865346400636284,0.5671740291589342,20.594657307830705,20.304001384524433,0.8840957929775836,0.9998677001581546,0.9916552296772498,0.03950556845928085,20,20,1951.8,1952.0,0.5231483637805969,68.07282514503747,68.07864061083968,0.6113006455431668,165.47528316534869,165.8998005948889,1.6869919643216984,20.595165313167076,20.60251814292407,0.1298153290317109
front,log-0048,20.0,oracle-power,full_log_excluding_training,2.208138913363075,2.159147178759952,0.18130263290354987,0.04544428364379287,0.043509084967904,0.005831529698088397,0.15777344882876537,0.15135384995461126,0.020188347318892748,3.5400077572794837,3.366776567509472,0.44770181585766194,2.302761679681823,2.235238422496904,0.3291015428292793,0.16372052467905776,0.15704533397899126,0.02280718167749451,3.6742223448723714,3.514567885424059,0.5138821676678982,4.4399922887855885,4.271700078273931,0.8420703367910434,4.470098320057912,4.270527158775963,0.8615018889982483,20,1.0,0.9883857863304769,0.9895379175994647,0.002451951410913735,0,0.0,0.15779316053409403,0.15136390063952843,0.020191344257965878,3.5404527080824963,3.367250208105711,0.44779305940279956,22.567114169806565,22.663427755566047,0.9199909282583344,1.0057629244334951,1.008150083539103,0.043056426647304816,20,20,1951.85,1952.0,0.5871429486123998,77.91261893442694,78.03415616036705,0.6857319199606725,146.808532198,147.0280467770388,0.6487818854817569,22.440950702986534,22.496111767799874,0.2463990858322528
front,log-0049,20.0,oracle-power,full_log_excluding_training,2.888226507290171,2.9893878408893757,0.3412719956093998,0.05391591672933861,0.05489310067010645,0.0041754290678168195,0.1770131768773698,0.1789651864478533,0.012445987023566885,4.337836971697247,4.429148154877581,0.34229888594703006,2.532561249868318,2.560953054742173,0.18039515183200153,0.1838783391495033,0.18489334921543082,0.015102788291080868,4.506847195856971,4.566398272948295,0.4114842872507295,4.472338457040656,4.493893071996344,0.3006033114582411,4.429286300653164,4.435075019897196,0.30509781549376075,20,1.0,0.98737731745345,0.9872896687579849,0.0009810064173584692,0,0.0,0.17707538331564404,0.17902703648344248,0.012467033149215849,4.339368446398622,4.430691097477828,0.3428647010812842,22.48125250119981,22.24959834003475,0.7685095132816752,0.9183898127277434,0.9076950899165217,0.04211936286897615,20,20,1952.2,1952.0,0.9514531821875087,80.44975775382439,80.44698260697609,0.6848206503359778,127.43389048297863,128.6836164750667,3.3063974460181806,24.491931251165276,24.510680293649163,0.38433231462185424
front,log-0054,20.0,oracle-power,full_log_excluding_training,2.38989381503408,2.374662726965487,0.07871676740951072,0.05220436777760269,0.05176579808788937,0.003001418271487274,0.1741098666054666,0.17226865193760743,0.010061512694803734,3.1261698459747604,3.0837910845517182,0.18534297651185153,2.584417316747256,2.5805897983161756,0.17743191455690924,0.19312171037644693,0.19522055477496122,0.013288776910636695,3.467673973863401,3.4955338836466705,0.2444956318598877,4.816883713099972,3.639009363510884,2.6900952903791926,3.5835973463173403,3.4101307984662004,0.6544809194230427,20,1.0,0.9854124727759253,0.9856707525090769,0.001130981512357562,0,0.0,0.17412635234824708,0.17228153027231116,0.010058036405996146,3.1264659737282825,3.084057563987848,0.1852846696702544,17.39008976461421,17.433535233690506,0.6263087634807277,0.9686234244030073,0.9688736679417733,0.03560074805930894,20,20,1951.7,1952.0,0.6569466853317862,59.879057446258116,59.814176068261794,0.33012889850861976,135.68909641244048,135.89296889344487,0.9117454525348168,17.954065001266592,17.954614359547207,0.0858698881941656
front,log-0055,20.0,oracle-power,full_log_excluding_training,2.7372053324591676,2.6915749480104454,0.09907499726307788,0.04689177343864977,0.045857463311829896,0.0023083471688350307,0.16129857239398074,0.158432097258969,0.008126877947762465,3.8323192424249397,3.741722396279979,0.18325316246784676,2.772497264272733,2.7823229409022883,0.1243485964785262,0.16309083863377194,0.16003455257957894,0.00940687729581284,3.8746014051664006,3.7795736670556392,0.20839409196546818,4.313531955409346,3.8847755116330926,1.174537584651449,3.848521401848353,3.7689124712171216,0.2492725550372417,20,1.0,0.9871976321819217,0.9877452218126196,0.0013924847018539697,0,0.0,0.1613112971723887,0.15844339694128895,0.008134832823586555,3.832619432116669,3.7419893039774106,0.18339849285604123,23.169635584693637,23.120744932036843,0.5627634414573934,0.9750613474398939,0.9752191575395018,0.022708926740657557,20,20,1951.7,1952.0,0.47016234598162726,81.7338957627076,81.72719168369225,0.6088726982927676,144.4427913440952,144.98409225186288,2.2413343517310844,23.76319157813905,23.703049240845083,0.27125091673044394
front,log-0056,20.0,oracle-power,full_log_excluding_training,2.6897304748860096,2.698402360346635,0.11791729125025797,0.04955394654276691,0.049642935686527806,0.0019156885371065253,0.1702828247477184,0.17064340383633508,0.006436676739226421,3.8324931433572766,3.844828771616016,0.15102183163581218,2.8659181955205453,2.7905469570116868,0.23137586019068493,0.17799742462011708,0.1755047970674659,0.010241454579445752,4.006382088630601,3.975240995865483,0.2387971085003167,4.849644287457601,4.44085481715858,1.0857911319614635,4.241927087884029,4.215864165263211,0.17226895280177484,20,1.0,0.9860417701193608,0.9857346149008182,0.000835639457477805,0,0.0,0.17032007502182372,0.17069972975088993,0.006445915895583994,3.83333277814078,3.846098434732154,0.15125333671287366,22.135220906301743,22.20649923839315,0.8582230964485316,0.9835299450569982,0.9869007361287236,0.037503856397848756,20,20,1951.9,1952.0,0.5525062514530825,77.33954846245096,77.36841501495519,0.49431394974623183,148.31291081325412,148.7314640450589,1.8249010762687816,22.506023718957557,22.474341497005213,0.17452878116497164
front,log-0058,20.0,oracle-power,full_log_excluding_training,2.566220547074991,2.5095767970809835,0.22604544725093054,0.04651319663152838,0.04408034190077133,0.004985711117979495,0.15997718017153423,0.1516790256117478,0.017316446738188107,3.7575703757424117,3.561172593639772,0.41484298404951453,2.8278275158141595,2.7198570889568843,0.369211270317929,0.17194192108510553,0.1672869616874293,0.020084256744830293,4.038041829514916,3.939702334374857,0.4739341241272786,5.1800106624119495,4.369135981893353,1.5370686934567896,5.1800106624119495,4.369135981893353,1.5370686934567896,20,1.0,0.9878840907317125,0.9890087845981004,0.0025344959674328126,0,0.0,0.16000949240089687,0.15168367831899998,0.01730794000153136,3.7583277626606852,3.561281758997848,0.41463421040546755,23.74262481009398,23.890180017324035,0.8617101338650693,1.0110280511983327,1.0188044983660858,0.03676828220850254,20,20,1951.85,1952.0,0.48936048492959294,80.7641502243109,80.84547320006453,0.4988758534729387,161.1286084539115,161.1697294857218,0.18389884486546154,23.48391676811044,23.45818763761021,0.09713726877410007
front,log-0063,20.0,oracle-power,full_log_excluding_training,2.509117166205891,2.372058784742439,0.46942385672579284,0.04348012530168064,0.039228922540286294,0.008530872947877365,0.13277303770074134,0.12049039978377252,0.025525843783987617,3.684983098025119,3.364397512338642,0.7250435641275436,2.493708458124518,2.3663992206751465,0.3999720630442631,0.1345175738571899,0.1207522284332044,0.028068525202595285,3.733508501346885,3.373233749089807,0.7947403742286847,5.047925502401984,4.480244840467574,1.5962019590358885,3.728293511037788,3.47222241998506,0.7119073387424513,20,1.0,0.991871001371439,0.9928797348025944,0.002546058100515623,0,0.0,0.13281674053532805,0.1204968516324198,0.02558892736142735,3.686198646455767,3.3646361816289776,0.726771033915638,28.25896625039083,28.14857675541445,1.1153957276241708,1.0186257645692152,1.0048342457453416,0.03598993797789299,20,20,1951.8,1952.0,0.8335087534664908,84.74908739861593,84.6977777300375,0.8686779863249521,148.0803342610682,153.38769360758957,9.830978217321771,27.745060719721515,27.593282383730035,0.6350752779712651
front,log-0071_183,20.0,oracle-power,full_log_excluding_training,1.7750019355955775,1.707808777231126,0.14366402057325814,0.03256874362381805,0.0317266065978464,0.002178716844712819,0.11450155577342744,0.11160563892463984,0.00764356757900552,2.595364097833565,2.52827576588618,0.17405672834095653,1.8803375904333783,1.830518742782485,0.2091830102222071,0.11932822128348915,0.11692617742133538,0.008786767980443099,2.7047651726742528,2.653840144665798,0.19987191488125525,3.78707316996967,3.5755498394641765,0.6308911435513957,2.7133269297590954,2.605814705718669,0.26046468260250094,20,1.0,0.9935139781943295,0.9938644072009026,0.0008586079681448455,0,0.0,0.11451183036119594,0.11161400080616354,0.00764100393264509,2.5955969769626,2.528465149889822,0.17399897333102976,22.660408807282078,22.5815154591524,0.3395199815948823,0.9997338746777444,0.9968791687435672,0.014131022675551181,20,20,1952.0,1952.0,0.0,79.6880180167513,79.72937505612822,0.1898621370510876,152.42190982113328,152.4462174422029,0.10870698616600472,22.666263798682206,22.655945374501965,0.06562052066546305
front,log-0072_184,20.0,oracle-power,full_log_excluding_training,1.8384866113239475,1.8032306047378992,0.13610177857421304,0.03624908486372704,0.03563255338269615,0.002553920368068172,0.11927843236353766,0.11739494941561415,0.008539222821626181,2.5562717667499077,2.5263659675694874,0.1840155166796683,1.9790439761061882,1.950839567991083,0.22828946301680522,0.12671789941208716,0.1229242613129039,0.012947214962561059,2.7158216648634523,2.6259570298102766,0.27980716472436507,2.9490439367378394,2.8716795255704324,0.20039049032583953,2.6151935773976103,2.5540465227795233,0.23860029439916128,20,1.0,0.9932297622519549,0.993339165902374,0.0003356521291854535,0,0.0,0.119303361642024,0.11740960184702925,0.008545135136554098,2.5568064609816155,2.5269509323789143,0.18414870864888655,21.25524979252804,21.078974016514792,0.6440747074845166,0.9917835080013255,0.9833609172285098,0.028844424297087688,20,20,1952.15,1952.0,0.812727700887249,70.51573966985833,70.5821328748771,0.5758572939052005,152.15193137588395,152.19039707482895,0.1720238352862545,21.431177232385206,21.42563797886381,0.16002150877595342
front,log-0073_185,20.0,oracle-power,full_log_excluding_training,1.719051779914119,1.6816867298740674,0.1148538647379658,0.039130010811191863,0.03785453837899508,0.0029573935201972538,0.13946580526236768,0.13522745109977213,0.01046435828273161,2.703034313203395,2.6259081885937823,0.20335420052661377,1.7990101580684315,1.7059342308303262,0.20260049957801587,0.1439541022537782,0.14038009611794214,0.013216270767862824,2.7898732021291694,2.720215936828838,0.2551896244339472,4.140297774121786,3.211909017555966,2.843129449534453,3.32981370983021,3.0858513953011393,0.5837070978466078,20,1.0,0.9907008035065642,0.9909811247922247,0.0009035089071877533,0,0.0,0.13948534582163627,0.1352497512706557,0.010470874626824481,2.703412415617948,2.6262519900446684,0.20347246465291197,19.290215964325228,19.052640474309666,0.7089972820531326,0.9951605645796475,0.9797163781320268,0.03241476835128307,20,20,1952.2,1952.0,0.6958523739384594,69.08926597987599,69.39244150390826,1.0238345134488647,149.01274121247238,149.90437255734173,2.5189879696179354,19.38251557292198,19.406812195383424,0.21934143101810744
front,log-0078-valid,20.0,oracle-power,full_log_excluding_training,5.884878259141289,5.943572683099201,0.3494846322452063,0.08436007786223444,0.08542509107946206,0.005141346336880403,0.27064679807695036,0.2732846124076014,0.015488390947562592,7.440712778754852,7.539062692227528,0.4798509481567031,6.31056605066188,5.978364440510964,0.8570764344109165,0.29812805469610926,0.3002941463843426,0.03515593063223053,8.191336779890694,8.204025223560691,0.9423630442371675,7.178276902803843,7.107895195546384,1.086812645644504,7.178276902803843,7.107895195546384,1.086812645644504,20,1.0,0.9678187803444575,0.9673853857368772,0.002909123925300102,0,0.0,0.2713005911600558,0.2734630675173134,0.015183440772656178,7.458549731083703,7.549565739207869,0.47074875148801926,26.689292137464292,26.869186606449325,2.843097796980226,0.9711003749168583,0.9906407569877671,0.1019939429383634,20,20,1951.25,1951.0,0.7863975156570492,88.19867362836148,87.8195481657808,1.74847533543519,190.75907416043012,191.14572150135155,1.6319603983626447,27.485296696652775,27.245046582612133,0.5263592813711611
front,log-0079,20.0,oracle-power,full_log_excluding_training,6.1454752130959545,5.204501357760298,1.5910063022477947,0.08018780975668785,0.0666883316448939,0.022896611824883638,0.274052746576446,0.2283534101369743,0.0767883281165971,8.108560628023293,6.74889800673257,2.235933200582958,6.523073512341175,6.110398412813143,1.1297558628698097,0.3046367315684283,0.26903736976666737,0.09057040104464294,9.013059927885688,7.923354962899784,2.6395247297617717,7.5382541213069745,6.216038587361494,2.136688711196699,7.5382541213069745,6.216038587361494,2.136688711196699,20,1.0,0.9703101873096506,0.9741452586314718,0.008066744691118679,0,0.0,0.2742233537287642,0.22837341546291318,0.07684954146448411,8.11360612593497,6.749489194075773,2.2377142780175037,30.591876532204946,28.327187114805866,3.8798715391631475,1.0331800981552937,0.9554715569812087,0.13248716883438735,20,20,1951.95,1952.0,0.5104177855340405,101.34389472609905,101.61712958196424,1.1599652317058782,185.43874974493005,190.67881336638965,10.752383678332862,29.613709530751464,29.571559832779656,0.236412096361592
front,log-0080-valid,20.0,oracle-power,full_log_excluding_training,6.967622337523935,6.5205382788562805,1.1049968405920292,0.10353896145361399,0.08779220372106186,0.02583259953684621,0.3487531147001296,0.2959106408395399,0.0869861634083403,10.183642285121637,8.531013659515004,2.5348143129852687,7.448448730783722,6.827329279383182,1.9014335648713063,0.3923167843440776,0.33262521330624173,0.10683944568370995,11.45754749821089,9.590017523616877,3.1265448374855938,10.472232178301944,8.41663355087913,3.602131347739563,10.472232178301944,8.41663355087913,3.602131347739563,20,1.0,0.951053722045836,0.9605236225783256,0.01591907039521241,0,0.0,0.348921500882589,0.2960388208156074,0.08700929053375374,10.188570729046273,8.534709037118542,2.5355176448402195,32.22071769341308,31.279830975869082,2.570926201950949,1.1035432321498966,1.0809657076990187,0.089509849723904,20,20,1952.05,1952.0,0.5104177855340404,98.36491844816699,98.55137388245873,1.2557601310807744,209.41055645838256,209.41055645838256,0.0,29.20242258466218,29.246977939563983,0.3214655617156463
front,log-0081,20.0,oracle-power,full_log_excluding_training,8.490021153146376,8.305168384577412,1.1395580797554128,0.1718319577242759,0.1525132737669847,0.06572480538189353,0.5662028530322308,0.5018335598063759,0.2169420015544098,11.64796553534204,10.244705516418101,4.507241905314169,8.970990016082538,8.3236433857529,1.7605575966950444,0.6460486287637547,0.5872342808366032,0.22600681747462048,13.292281708470986,12.018961804849805,4.696448675147471,14.844479362231422,11.10370455466687,17.472857911332508,14.844479362231422,11.10370455466687,17.472857911332508,20,1.0,0.8803253091175556,0.8913357954242516,0.04043009957876062,0,0.0,0.5662593534750047,0.5018742888634153,0.21693248471312412,11.649129620727638,10.245537120470479,4.507049253914647,23.822512422105888,22.6989651523635,4.60302750464984,1.1581999906989295,1.1139134338461085,0.22154772985077884,20,20,1951.9,1952.0,0.5525062514530825,67.76770729789318,67.96010151645919,0.6356512030268983,200.17012767441506,200.25954166451217,0.2752104546396036,20.567402645964926,20.61402621570671,0.16957760168470778
front,log-0098,20.0,oracle-power,full_log_excluding_training,6.127959462548921,6.072295082812255,0.17722793001397394,0.0946908975411627,0.0934926451728221,0.004290034698366166,0.3170200606700119,0.3128780460047355,0.014261518021748588,8.402435370784413,8.327579967249687,0.38533131437701723,6.335083455947055,6.229641846719191,0.3124534630462556,0.326197212497214,0.32141656518068307,0.013973530647589515,8.6447666692557,8.5954927386313,0.3567275112528312,7.82480613923954,7.216936846949344,0.9478253938601866,7.82480613923954,7.216936846949344,0.9478253938601866,20,1.0,0.9494189634786421,0.9509162434484243,0.004075002714472886,0,0.0,0.3170895060876139,0.3128819756558635,0.014244036458133574,8.4042691520311,8.328966393415246,0.38472691596538666,25.854338704296367,25.75643088788558,0.9382392043777446,0.9755771139890304,0.9600308952953669,0.03741192201555634,20,20,2000.0,2000.0,0.0,88.73607538840352,88.89270794474547,0.7806546163119641,195.55434834869712,200.15184341259442,9.339126778201717,26.505373261665266,26.4255178413346,0.34194845382213945
front,log-0099,20.0,oracle-power,full_log_excluding_training,7.7102614022076565,7.3745833578540125,1.2093639696915595,0.1599364931939409,0.14044117285520052,0.04425702950272608,0.532682790703715,0.4673353313178938,0.14782060949939294,10.47289041141497,9.173148895995222,2.9245318792517856,8.718515957778981,7.906032147817703,1.905495327127804,0.6048554233646584,0.5316035170861478,0.1743193028991981,11.888960642717247,10.461123726678379,3.4340807333603314,14.901168675439564,9.48667944924984,15.244939541843172,14.901168675439564,9.48667944924984,15.244939541843172,20,1.0,0.8709858979165718,0.8874739158561902,0.039959529456825786,0,0.0,0.5327658098129014,0.4673544375755621,0.14781832033599163,10.474519374862169,9.17471943705199,2.9244774301344103,19.587052400262277,18.56445248735967,3.879914997037086,0.9965183803591501,0.9441149427946196,0.19684861806062343,20,20,2000.0,2000.0,0.0,65.45964359638211,65.42456045130315,0.4702359373924248,185.26614126907708,185.2820851030399,0.049074085485313744,19.655712935484893,19.658470873276322,0.11156877621930522
front,log103,20.0,oracle-power,full_log_excluding_training,5.094994626534765,5.045788400382191,0.8315089851965989,0.09924678243511685,0.09598202469185767,0.008441284685949308,0.33162842182341506,0.3208822060713792,0.02807877642370827,7.541411151381828,7.263718976451227,0.6280664332918935,5.354039626257568,5.452424105377053,0.9059938927057883,0.3524720881929591,0.34276395431061824,0.041167354102440885,8.013956991818143,7.786109971619769,0.9120365287215245,7.750320769268674,7.485394956963691,0.6304535981406791,7.7202241025047185,7.485394956963691,0.6516859599517479,20,1.0,0.9491096504125232,0.9511004178740956,0.006244772603802267,0,0.0,0.3316780347015507,0.3209131743365974,0.028105226006442285,7.5425357701796045,7.264419709604883,0.6286226688544301,23.330853898828796,23.592250921207622,1.6030597006075895,1.0261150798168404,1.0419043866556148,0.07455844106246308,20,20,2000.0,2000.0,0.0,76.00087304076344,76.03124162715844,0.7082555209171234,161.72447335874463,161.83235720034813,0.3320594580750416,22.743604449204394,22.754789349719328,0.14948158622857777
front,log104,20.0,oracle-power,full_log_excluding_training,4.516398189659979,4.202208487075058,0.8837047172322012,0.10261562404682725,0.10052274673753626,0.006140495428955184,0.34337615310212116,0.3362846327035539,0.01899543489507121,7.369512012866766,7.282041844704363,0.36436343328161835,4.4220570699981865,3.926415334486028,1.0499126473524945,0.3580873866551392,0.34515818799617426,0.039168689003293095,7.681807034882802,7.4730404986224555,0.772446760365807,8.667682995913044,8.506308860154064,0.6402061920060188,8.667682995913044,8.506308860154064,0.6402061920060188,20,1.0,0.9430501551931268,0.9427600942378906,0.0023375246331044887,0,0.0,0.3434136587465349,0.3362903977259941,0.01904618419797851,7.370307829663105,7.2821624789089965,0.36533916947843703,20.557957600987837,20.23385408820713,1.6665249083693656,0.9585130916093278,0.9372652959925625,0.08907365806043756,20,20,2000.0,2000.0,0.0,71.86013459866118,72.2798378472731,1.1629320672115058,167.6308323463045,167.6308323463045,0.0,21.468956088924678,21.516393915816238,0.2655431986521548
front,log106,20.0,oracle-power,full_log_excluding_training,3.2262377114431735,3.2786145172558907,0.39627378456594387,0.060250171306801416,0.06126074793150495,0.005336157018139971,0.20781076042836516,0.21139801736199731,0.017570664207734843,4.985790842909151,5.057490536168758,0.4686347476603321,3.138363904503473,3.2104586940545747,0.33862589054438486,0.21653411115941085,0.2252921928979132,0.02371453479513827,5.195455601419512,5.416373490642615,0.6083896193708073,6.04171807810395,5.776152411068631,1.2457771636070158,5.635087854692305,5.713493545255048,0.5044089954008645,20,1.0,0.9805337890382642,0.9806332962337933,0.002784961581406465,0,0.0,0.2079511380539206,0.21166438352239547,0.01766014932560946,4.989164544557651,5.062785931324726,0.4706449268489414,21.959716899573543,21.798951164916488,0.6921734758666914,0.916103673206319,0.9039357307996636,0.029612860859338175,20,20,2000.0,2000.0,0.0,82.71448784199201,82.99243906924833,0.8981969153915752,138.7085332379508,139.2265583706526,0.8336450693298031,23.974514874514686,24.05222793761866,0.3975420998771683
front,log107,20.0,oracle-power,full_log_excluding_training,2.512844877755721,2.446134381380931,0.24047067485410772,0.05050983814043839,0.04923435929757312,0.006070779426674918,0.17962944329144265,0.1756490551572239,0.021462203383950555,4.033037798358114,3.9641441360244802,0.4966049747959403,2.5476714286301467,2.528217068310129,0.20609198098532042,0.1840452685421743,0.1780044611925819,0.024819601604046972,4.132246925856222,4.010569058300015,0.571715427896966,6.121467223594085,5.272237203523849,1.705766658702485,4.922475387731014,4.722116517487738,0.7050712994010417,20,1.0,0.9852175340474079,0.9864903785358001,0.0029744053657130127,0,0.0,0.1796904620480115,0.17567810466090933,0.021505976568439444,4.034408726549828,3.964790412688058,0.49758436365958847,22.810180121174625,22.929975404602544,1.1867757647925714,1.0161621450714076,1.0118924232315976,0.04929496460165669,20,20,2000.0,2000.0,0.0,79.83558149912932,80.30841385773492,1.388220655174247,142.3993998466964,143.2959687942977,1.8397206627812968,22.446819256875425,22.58527140881288,0.3668799722668128
front,log109,20.0,oracle-power,full_log_excluding_training,3.0260888526350667,2.9928757863161253,0.1782812685065185,0.056616557125118094,0.056149934735546705,0.0034190113532667757,0.20110228035250732,0.19985107859644446,0.011559520093658127,4.560045608710387,4.530474453366321,0.2792155900898623,3.1305055385014717,3.051860131335925,0.22304947432872047,0.21260108671853578,0.20904343684516669,0.019844421736137458,4.821289718947854,4.824046812375261,0.4651002645148143,6.518927125602042,6.69040648875366,0.7384547209044203,5.395808308446217,5.125516491008657,0.8611620285613834,20,1.0,0.9812886465901196,0.9811598543149405,0.0007496225027860335,0,0.0,0.20123949170795216,0.19989587681676796,0.01164662495039607,4.563162778351477,4.5339540760921775,0.281167567625325,21.918091205785267,21.834553330998705,1.3278876139093292,0.9668345924324374,0.9663538259153375,0.058884477863710996,20,20,2000.0,2000.0,0.0,80.54892247247173,80.70844038088674,1.2736274042341276,160.96755731220054,163.14952995471293,4.477313392119459,22.672930052761597,22.708970727613977,0.3429508829613428
front,log110,20.0,oracle-power,full_log_excluding_training,3.7598530083879247,3.7842803293837073,0.12564886688135304,0.07706380867780376,0.0782512163425486,0.0031734381046231615,0.27740178169774243,0.2799395418994288,0.011128183138000548,6.197867101859597,6.367199938217526,0.3131283263926032,3.725471480901112,3.7227190950032973,0.144020053346121,0.28345637361236287,0.2836342295035291,0.01349811470103989,6.332874883258117,6.418399699200757,0.35301977635478815,9.73742274670048,10.190179074162518,1.3917877966699346,7.1630711177682205,7.451320442044653,0.5034083681671857,20,1.0,0.9619985207064813,0.9618701874726564,0.003008107010188372,0,0.0,0.27748163685278915,0.27994375448095266,0.011142918147067225,6.199647709348394,6.367296002786254,0.3133376158433259,20.48054287593509,20.420196364225763,0.43044600309621006,0.9171792186591932,0.9180124686277165,0.023511523665839855,20,20,2000.0,2000.0,0.0,80.39945221704359,80.40396833482365,1.1638183341675397,150.3813599963843,153.5219790158836,7.670387191121177,22.335649361019723,22.27170872531942,0.4014551775946501
front,log112,20.0,oracle-power,full_log_excluding_training,3.957661953790752,3.873739225222693,0.2541983180728564,0.07464208674926481,0.07281823486188893,0.004517852671061424,0.25333983815368843,0.24756397212223102,0.014850993971794508,5.826360566234059,5.688077290428614,0.3418296346756523,3.950837395889726,3.8867540566111582,0.2566032927125282,0.2629306581909462,0.2561295707014737,0.02519877154529327,6.046893254688311,5.933408692130365,0.5794250559788745,6.519257006611269,6.429854555203864,0.5017849289895497,6.519257006611269,6.429854555203864,0.5017849289895497,20,1.0,0.9689808317342716,0.969701114045666,0.0021033090256232386,0,0.0,0.2533747128809466,0.24758856034366516,0.014887102749261328,5.8271624831468625,5.688309006412492,0.3426577596508529,21.40936582830513,21.468514711064163,1.0270148259286869,0.9309481011024647,0.929396185704894,0.04541242615889047,20,20,2000.0,2000.0,0.0,78.06646783102616,78.07230227898637,0.5021339699902398,168.21170843039775,168.2475820465773,0.11041666083379235,22.998416290696206,22.958757753698777,0.11036867345867492
front,log-0046,20.0,oracle-power,training_window,1.6375091673751854,1.5946056758467724,0.2645826299128027,0.03797193205249219,0.03687222089258489,0.006344024552471166,0.1255068016497404,0.1180253174286116,0.021398004466478264,2.3388882490182343,2.3170595774952947,0.4251004523605739,1.6375091874097625,1.5946056127579165,0.26458261982186915,0.1255068016497482,0.11802531742868246,0.021398004466476335,2.338888249018384,2.317059577496669,0.42510045236057176,2.953785554900143,2.732231537409576,0.7994644309828232,2.7747738490677905,2.730719496056473,0.7180757334042265,20,1.0,0.9918696649234853,0.9930084864248745,0.0028339444148056977,0,0.0,0.13533818294421154,0.12341045435920825,0.04116115338941435,2.464011887256736,2.3785776635578704,0.38671682857767026,18.841576847947977,19.325701952658925,3.4779324958756535,0.9918696050569187,0.9930084639498122,0.0028339636985578003,20,20,1951.8,1952.0,0.5231483637805969,62.979911922325186,64.1013973617226,12.741880713306777,117.34456591557384,115.15579560693384,21.83342237067157,18.989817639216838,19.4491887539551,3.4830680460422236
front,log-0048,20.0,oracle-power,training_window,1.4809329025105098,1.6002958848005826,0.35019820414601616,0.03415814611852451,0.03420312494363535,0.006355823774453519,0.11198667808430243,0.11137638872852382,0.02096537447204488,2.2771178204976072,2.253745447281648,0.5530658858642169,1.4809329068641683,1.6002958852517097,0.35019819126666846,0.11198667808431376,0.11137638872852437,0.020965374472053808,2.2771178204978333,2.2537454472818705,0.5530658858643431,2.7800076655981507,2.8260083825035904,0.4843066705722314,2.638266316238128,2.613510448060319,0.646900780370513,20,1.0,0.9934969453418562,0.9937699733207042,0.002347215075136004,0,0.0,0.12239693882339105,0.11986142077041434,0.03170205664839528,2.4628119261271317,2.5379966256696873,0.5867827976422118,20.32087257363254,20.624014656141625,3.860958972075843,0.9934969264300599,0.9937699683756274,0.002347255300550532,20,20,1951.85,1952.0,0.5871429486123998,66.95303859831962,69.34364801168725,11.95320409863078,116.69793403554388,112.96845569720844,16.73792187881246,20.4520591395494,20.73978129651195,3.8782308494905147
front,log-0049,20.0,oracle-power,training_window,1.2988502489108158,1.2017261756274125,0.47027139819987646,0.030928417361787492,0.030100787197397665,0.007807093424958749,0.10365016754520526,0.10485459245861284,0.027330827282062636,1.9820184207368896,1.9915337945659752,0.5963932625686886,1.298850251734649,1.2017261921509323,0.47027139717653005,0.10365016754520555,0.10485459245861287,0.027330827282062504,1.9820184207368956,1.9915337945659752,0.5963932625686864,2.2046411926617724,2.303690332493483,0.5145816061065317,2.3128344998935115,2.432125220864978,0.5442894843918066,20,1.0,0.9942504025321999,0.9944875324112044,0.003721122988915761,0,0.0,0.12189465574769372,0.11969383834005042,0.023759645285125648,2.30795418717018,2.2086768008607214,0.4670468784814538,19.04495724052051,18.47723984468545,2.8887757536186847,0.9942504017418112,0.9944875324586495,0.0037211226828322477,20,20,1952.2,1952.0,0.9514531821875087,64.01622197401386,62.06150154734841,9.598491063941426,107.59987539893184,105.53590735929743,8.3259675992148,19.15501701947269,18.595645532954105,2.9000529272744893
front,log-0054,20.0,oracle-power,training_window,1.5139629042805074,1.4907073696090825,0.3372488047058588,0.03678254623513948,0.03541049449942602,0.005161660849877924,0.12294518553983635,0.1223694071717567,0.01684988875265255,2.060573711374914,2.167007877547958,0.4416567170302834,1.51396268359501,1.4907073696024966,0.33724931794184015,0.12294518554076864,0.1223694071717567,0.01684988875103171,2.0605737113890075,2.1670078775479724,0.4416567170094983,2.3424632795613562,2.354093477740707,0.5790048740025037,2.2808351109336114,2.2780309333276616,0.4798845934293747,20,1.0,0.9922754523302422,0.9924846232542492,0.0020989325542645995,0,0.0,0.1547673941453164,0.14741803196953351,0.0221602750490586,2.5501610850525163,2.5137801391459655,0.28404143710790813,16.700570428336253,16.978027596807927,3.205460937465092,0.9922754213174427,0.9924846231177336,0.0020988955403659026,20,20,1951.7,1952.0,0.6569466853317862,56.47387832562606,58.447597607159125,11.834458203174952,100.51901709472301,103.57684397709245,19.737580317076038,16.829383013784984,17.112857926274806,3.22383184777137
front,log-0055,20.0,oracle-power,training_window,1.9788704237077372,2.0074591111969555,0.24254536047243572,0.0360982880982223,0.03702525640318126,0.0033635418054143535,0.12080202895618224,0.12348717092870139,0.009584541648916102,2.690868290312527,2.7496547788796275,0.29102567570986876,1.9788704236911752,2.007459111165335,0.24254536047215447,0.12080202895618224,0.12348717092870139,0.009584541648916096,2.6908682903125274,2.749654778879629,0.2910256757098688,2.9542559637210024,2.8288107195696695,0.4292593753243924,2.836878982122868,2.8332146329946735,0.2599406170450325,20,1.0,0.9926320273991796,0.9923450029778305,0.0011506130061046805,0,0.0,0.12284677254086954,0.12468458660009693,0.009129257869969267,2.7398336528660643,2.7973063514487215,0.31782624568192513,22.283203810603105,22.561422087239457,3.216181712864801,0.9926320271493181,0.9923450029971805,0.0011506128364916007,20,20,1951.7,1952.0,0.47016234598162726,75.34743782179102,75.2242919631348,11.851080131783062,122.49763501015896,124.59720821226813,10.670801559250616,22.446094387770337,22.741877408975494,3.2219454667362237
front,log-0056,20.0,oracle-power,training_window,1.9983958504970218,1.9963025359577942,0.2974557388865892,0.03718745176901502,0.03504091123128185,0.00814333927577175,0.12929626810753916,0.1254378075838194,0.02472603896476423,2.8206651857844856,2.89155532952077,0.36330649743026683,1.998395878930371,1.9963025360073225,0.2974557449754164,0.12929626810754108,0.1254378075838194,0.024726038964766595,2.820665185784523,2.89155532952077,0.36330649743028354,3.418477015182198,3.4252693906778635,0.6009420237129001,3.22832438724585,3.179381341982527,0.4922078459319888,20,1.0,0.9913074110675515,0.9921014021160657,0.0034463807513128485,0,0.0,0.13906194697671956,0.13553541385571552,0.023914818441673223,3.033311519980498,3.0990035043308803,0.31142571391583757,21.925622563220394,22.714302871468224,2.2493058226207574,0.991307408832794,0.9921014020820459,0.003446383354499684,20,20,1951.9,1952.0,0.5525062514530825,77.52531678664083,79.95598060450438,10.01545719783511,121.64771822042557,120.1247054718233,9.359324505500782,22.11224840271516,22.917309800587375,2.2170034696577914
front,log-0058,20.0,oracle-power,training_window,2.0050497174126045,1.938440795788101,0.3065360043617965,0.041159685538142844,0.03906558415984632,0.0088506572785758,0.13963998652070714,0.1281377261602109,0.02430914439738131,2.849810931420793,2.9259207593282337,0.30917432000448886,2.0050496355889647,1.9384408047495276,0.3065360463533225,0.13963998652088966,0.12813772616021096,0.02430914439726017,2.8498109314251336,2.9259207593713477,0.30917432000602163,3.9781228623203964,3.389966447759406,1.5922812880112647,3.423680901308721,3.3072010053608847,0.5276299364017499,20,1.0,0.9899123313431255,0.9917527720431797,0.0036796228555545456,0,0.0,0.15548193098251598,0.1532930425812527,0.022771064941817663,3.182749363017243,3.196439687166633,0.32739931450302334,20.44207210845205,20.83891373790481,1.8353062507605598,0.9899122736018076,0.9917527703935575,0.0036795455689422577,20,20,1951.85,1952.0,0.48936048492959294,70.77200026008414,72.11434187873378,8.254836936538322,124.8435675460128,124.23673492869304,10.415618748791692,20.645192955177652,21.02886579442887,1.7966504338385634
front,log-0063,20.0,oracle-power,training_window,1.8156995150867636,1.852829653961921,0.22526488815724233,0.03599862429795976,0.03449369970222493,0.006047246398498423,0.11509810628098897,0.1107815378139054,0.020986099688789298,2.7592164135674815,2.784597330176239,0.2577382128936493,1.8156995174902302,1.8528296541337332,0.22526488572591186,0.1150981062811364,0.1107815378139054,0.020986099688876048,2.7592164135707677,2.784597330176239,0.2577382128945708,3.447710025911193,3.488348104071073,0.3488235369019912,3.2113274700797576,3.420467669125485,0.6476403079450849,20,1.0,0.9931404747716709,0.9938320482599257,0.0025189262163088314,0,0.0,0.11762442730460479,0.11513193451863346,0.021341262050933608,2.8182443230517724,2.857614386565949,0.2539642766712093,24.413693695740466,26.220019823512285,4.1243713155771236,0.9931405547846076,0.9938320481137745,0.002518885394576161,20,20,1951.8,1952.0,0.8335087534664908,78.27869311980052,85.70026597624329,12.42605214127925,125.41577172927585,125.27300965539557,19.101121349593903,24.573935660007855,26.39785214669966,4.102162031435988
front,log-0071_183,20.0,oracle-power,training_window,1.54147790835402,1.5448119872269013,0.2268022314727609,0.03354943341002226,0.034648374789833125,0.003963036152065562,0.11143678653367098,0.11488238101867973,0.013802780567687866,2.2901334456161893,2.2618154412904463,0.3053234897583239,1.5414779209039093,1.5448119898022468,0.2268022246961368,0.11143678653367543,0.11488238101867973,0.013802780567690473,2.290133445616267,2.2618154412904463,0.3053234897582681,2.9681322554348695,2.831896828453452,0.8827985391064014,2.5535628610828143,2.584932530488292,0.372425763266406,20,1.0,0.9936792945451316,0.9933790852649498,0.0015597859236038843,0,0.0,0.11682607815473131,0.11824519322988868,0.014033974469099163,2.402200240301887,2.3453054032313827,0.3243809734880559,20.459254735194612,20.093859322520977,1.5739726182886276,0.9936793197434902,0.9933790849471953,0.0015597722853582252,20,20,1952.0,1952.0,0.0,68.39279747961447,67.67758501049856,5.792866738962146,119.50281171291154,118.82662896909042,12.21124780426397,20.588940809153733,20.23494347038708,1.5772722001933925
front,log-0072_184,20.0,oracle-power,training_window,1.5847682529129257,1.6291725227761713,0.2126035154173841,0.03289007655120024,0.03335475240253859,0.002735979492317915,0.11223515427693517,0.11232389939074662,0.010338872721633662,2.364286960382427,2.4131435835394814,0.37095786096764866,1.5847682577724487,1.6291725228262206,0.21260350499231442,0.11223515427694755,0.11232389939074662,0.010338872721607975,2.3642869603826187,2.4131435835394814,0.37095786096713806,2.4100926690329616,2.4869609652535316,0.4158430827523734,2.530406644549552,2.688157425859747,0.4217576710485747,20,1.0,0.9936299341203279,0.9936701677296214,0.001159169290927331,0,0.0,0.12019366281606665,0.12057216463384404,0.01159122662815524,2.5262211297739796,2.5868861693975793,0.3639256008299071,20.871540561060158,21.170148438359067,2.2789440271327934,0.993629947478644,0.9936701677608251,0.0011591963500361094,20,20,1952.15,1952.0,0.812727700887249,71.76842928913209,71.9992615634277,8.997611206447027,122.5421514959886,125.94064273936429,14.84135325046918,21.00604856884988,21.313068142293957,2.299109926282902
front,log-0073_185,20.0,oracle-power,training_window,1.4258779195501554,1.3683429827596028,0.2589048515319807,0.033704702452113273,0.033490533344443754,0.005846562454380323,0.11010604419538754,0.10451855661307727,0.018066802018142217,2.0292711379710564,2.0125189231970038,0.3835900982159389,1.4258779617027666,1.368342736968542,0.25890489864261107,0.11010604419544537,0.10451855661307728,0.01806680201816728,2.0292711379720956,2.0125189231970038,0.38359009821627305,2.399041537823252,2.332032483199187,0.7022742677309589,2.270605777797567,2.1454516931432845,0.544427212235788,20,1.0,0.9937617198321769,0.9945228228224164,0.0021062212326691887,0,0.0,0.11522977838173573,0.10750169039103842,0.02188244333391689,2.124225368789131,2.082205828806911,0.4382208154399013,18.492521078143366,18.474124173913665,3.2485163368371635,0.9937616585068959,0.9945228225374928,0.0021062452286365295,20,20,1952.2,1952.0,0.6958523739384594,61.132446459674064,59.49100626997367,12.120110081437582,109.65243986836688,108.62037152257744,19.542074401432703,18.60656845365667,18.580423434891358,3.2528396470735097
front,log-0078-valid,20.0,oracle-power,training_window,4.539188542802996,4.572548637372659,0.7738008304163742,0.06675065190254884,0.06475120026714605,0.016186305652965107,0.21725317868385022,0.21230608173001247,0.04993404288314304,5.902479195912534,6.024569764017172,0.9280394445947217,4.53918855387919,4.572548638962763,0.7738008320165002,0.21725317868385674,0.21230608173001247,0.049934042883147636,5.902479195912688,6.024569764017173,0.9280394445947308,5.478463390071684,5.401691800085899,0.5325360406618749,5.735693998464314,5.791089865071777,0.9747172847667956,20,1.0,0.9748261921815946,0.9771762089651772,0.012405990988598603,0,0.0,0.24296189179308159,0.22798756723236085,0.04958845740361551,6.618149131194896,6.671029049391487,0.9764008836468773,27.03796241344286,28.5371721541069,3.848393411742662,0.9748261481713701,0.9771762089479791,0.0124060142634147,20,20,1951.25,1951.0,0.7863975156570492,90.63563493772003,95.16078381993756,13.212995512752258,160.51134601304355,170.2594713905345,21.427664639761318,27.70432850936163,29.189014077068894,3.7344376112370066
front,log-0079,20.0,oracle-power,training_window,4.275648107875518,4.4165329644524745,1.2900268605106313,0.06317152200389209,0.06833041308869678,0.016478466785984653,0.20750519375226467,0.2227084616594351,0.0558862050943252,5.501924482797647,5.630956518166013,1.6146737085828657,4.275648108604228,4.416532964332818,1.2900268602875546,0.20750519375226473,0.22270846165943511,0.0558862050943252,5.501924482797647,5.630956518166013,1.6146737085828657,5.339839684363935,5.65961191776793,1.5280710840566758,5.5233527582323765,5.496992899533815,1.581865084438326,20,1.0,0.9766502787246463,0.9748653219751071,0.011640361228493507,0,0.0,0.2553498009602508,0.2546899892155111,0.04656506648745404,6.771846592020279,6.5166116440238415,1.3931305322977217,25.957596961376574,26.671787645743812,2.6720456761897973,0.976650278617506,0.9748653217724472,0.011640361271473361,20,20,1951.95,1952.0,0.5104177855340405,86.99555738584496,89.41339435876057,8.362297051174675,155.98369284599863,149.51274976490922,19.082979303435362,26.57766295472127,27.289636565819887,2.7058405366222043
front,log-0080-valid,20.0,oracle-power,training_window,3.464356692807242,3.150811798208749,1.1777819106677512,0.05180674061348715,0.045149331973664435,0.02314101319002498,0.16962866886890532,0.14782356125281365,0.0788545341463711,4.506715647787098,4.123916293149552,1.3785076489986001,3.4643566890345077,3.1508117982363664,1.1777819021622267,0.16962866886891206,0.14782356125281365,0.07885453414639008,4.506715647787233,4.123916293149552,1.3785076489989259,4.529127975572906,4.022478652851538,1.3658053846274207,4.57923938059434,4.087387653183587,1.521933682468406,20,1.0,0.9823451872403564,0.9890108931792876,0.0182644931869441,0,0.0,0.25128826671749394,0.21646067381795076,0.12306957410582349,6.700571358891892,5.957525422212827,2.1764629417623635,27.67176265354437,27.17806392294429,4.606048202821875,0.9823451746757295,0.9890108930360433,0.01826453446419792,20,20,1952.05,1952.0,0.5104177855340404,91.19729221739468,91.32752522472063,12.549149058811949,164.34937625514323,167.10994382037052,21.105071772568383,28.110959549727152,27.5282412641587,4.325087435110162
front,log-0081,20.0,oracle-power,training_window,3.9288321250979203,4.039269605025102,1.197674699214069,0.08007767552190753,0.0795757890721824,0.029002677345438432,0.2657692365607089,0.2535961500465484,0.09872534779032249,5.093453390045524,5.084327558661522,1.4045755704889247,3.928833535752829,4.039269605371761,1.197673801098951,0.265769236638471,0.25359615004654834,0.09872534787212583,5.093453390953554,5.084327558661523,1.4045755699186833,5.269784298655772,4.956084680499349,1.2142207549981114,5.387094318427058,5.4449444195877765,1.4493492637037106,20,1.0,0.9586996099343613,0.9667273241952017,0.03248337623101605,0,0.0,0.4205975404213863,0.3630776205240891,0.1858584362787256,7.980929082427105,7.5056589886989125,2.2307057928981493,19.745457069552575,19.38713291027151,5.833115955511626,0.9586986962817159,0.9667273239269989,0.032484191896838384,20,20,1951.9,1952.0,0.5525062514530825,67.98124789738864,66.15727219424642,19.165786605218727,127.69183452469422,128.07468120217573,29.78618732327711,20.480151269641347,19.930868129835254,5.674332691941501
front,log-0098,20.0,oracle-power,training_window,5.464136253305582,4.898731190910604,1.3001647338627769,0.07813647054594178,0.06829230842618855,0.020980990521213157,0.2686352751973631,0.22130784137688037,0.08731758914292076,7.053734034468087,6.182882758784949,1.8101895986560392,5.464135975394403,4.898731191749192,1.3001641225568956,0.2686352751981979,0.22130784137688037,0.08731758914478104,7.0537340344876585,6.182882758784949,1.810189598696754,6.541734787298043,6.230701841074072,1.5067960348061311,6.952877722526194,6.530196126796534,1.6272769749250735,20,1.0,0.9590759997609941,0.9752022700803914,0.02838035455512368,0,0.0,0.2781446044345641,0.23917508790604264,0.08323260169418947,7.318224581201667,6.616040651357492,1.700222903482043,25.948048676379823,27.473655573859467,3.9670426385763307,0.9590760996056087,0.9752022699962708,0.028380104524937392,20,20,2000.0,2000.0,0.0,91.25659356282122,91.35165721897563,9.747481802177935,155.51123831455666,152.3357110024309,26.32431348426641,26.992405964303526,28.149226691406522,3.6317054848672012
front,log-0099,20.0,oracle-power,training_window,5.2139430471061985,5.288990179244495,1.369673730618884,0.10948197484176811,0.11626879169161755,0.029862544510593364,0.362491980908825,0.38642592824199784,0.0952324767129055,6.5869317591233685,6.842996300200412,1.647502837090739,5.213943766471052,5.288990184487146,1.369683714273638,0.3624919883457231,0.3864259784111782,0.09523247828026457,6.586931905259415,6.842996300200412,1.6475029391036262,6.7571984297673024,7.1335845618169085,1.8105342200267776,7.4181024062332925,7.841584968663754,2.0453150200538133,20,1.0,0.9267528270878982,0.9222893503511065,0.034228305958930394,0,0.0,0.4694945472237798,0.45255503738786274,0.0922362040211975,8.648906042796565,8.713130058234704,1.9933860880393917,17.26491771731866,18.076599001113905,3.5477438143477205,0.9267476027398169,0.9222531585278004,0.03422867216892837,20,20,2000.0,2000.0,0.0,61.865805733041405,62.61751026242663,12.286380601570535,116.80969218433684,116.67404977656058,21.192649732851883,18.566782882755952,18.66253566352542,3.445691979521279
front,log103,20.0,oracle-power,training_window,3.6843097820591852,3.568006034784249,1.285489609842522,0.08164418115964236,0.07606543196622866,0.022132008183054958,0.26813476671434755,0.26346390712050904,0.07133168628879526,6.044987850163269,6.285667949201134,1.8523293935822105,3.6843089796156945,3.5680060347512885,1.285488842234525,0.26813476671676645,0.2634639071208177,0.07133168628886828,6.044987850218368,6.285667949201134,1.8523293935961462,6.882583117295927,7.612696726226513,1.6783590550179754,7.321090690075399,7.828749684675699,2.0576676412309824,20,1.0,0.9606509177488842,0.964660999714962,0.021020343857853355,0,0.0,0.29242068698956325,0.2817547281466485,0.06987814610202259,6.594151661250528,6.4353328456651315,1.8812957746953691,21.49131026563868,21.72970636386929,1.9810788650870892,0.9606510424095175,0.964661325096065,0.021020328692731113,20,20,2000.0,2000.0,0.0,73.76970998777814,73.50843214715289,9.706602451098739,119.66588454736934,115.9843029183263,16.235159020383822,22.383506919201608,22.163895639935618,2.1483789486391993
front,log104,20.0,oracle-power,training_window,3.4245058892364875,2.5894182579217047,1.8743774053243478,0.08192051046499235,0.08459074030946145,0.023104772165558885,0.26499183236362417,0.26523343050764314,0.07681642386574147,5.586762537066773,4.619679763739997,2.69702423455527,3.4245058772385635,2.5894182580794443,1.874377738746435,0.2649918323651554,0.2652334305076432,0.0768164238671246,5.5867625371105705,4.619679763740001,2.697024234622244,6.344289657598673,6.623901552674196,2.018844454786445,7.0071507663478085,7.591323040465713,2.9372613159922207,20,1.0,0.9611122861588932,0.9641474207517116,0.021442146116961422,0,0.0,0.28418056008310344,0.26840880087264296,0.07062214897019939,5.9570940817857885,4.716386346214694,2.7689286683271153,19.28950765165326,19.07005580338017,4.30978560357934,0.96111226785163,0.9641474189713433,0.021442206439545048,20,20,2000.0,2000.0,0.0,65.22370449029809,64.46941561755877,16.364283768393825,116.6197146020186,123.10968391410245,17.874977316753544,20.14325827763006,19.98912177370979,4.8233965686259275
front,log106,20.0,oracle-power,training_window,1.9886254573666586,1.9150386483949358,0.3130172618564644,0.045425349269762855,0.04517715527859864,0.003916156366748217,0.1531809193397531,0.150847122925835,0.011080603187891738,3.0189707310810734,3.0280798873861476,0.4898343792158404,1.988625423092417,1.91503864845317,0.3130172918703636,0.1531809193398333,0.15084712292663682,0.011080603187883639,3.018970731082382,3.0280798873861476,0.48983437921433237,4.157830089574143,4.030378530997563,0.7018421794270528,3.7836778888408213,3.9280797182328575,0.5268348322846312,20,1.0,0.9881377389133353,0.9885562669694232,0.001708833685579548,0,0.0,0.1686500928816927,0.16893512377950862,0.013439113784331701,3.30557773488266,3.4455882315930255,0.41051397029714076,19.53640466990729,19.672707976901634,3.178206700181108,0.988137817302649,0.9885570564698798,0.00170884459440301,20,20,2000.0,2000.0,0.0,67.05129030646553,66.49443605138755,12.830588515592547,124.26439824122312,126.96082408719141,15.437792786353466,19.76947420752564,19.893794901266745,3.2080538341350424
front,log107,20.0,oracle-power,training_window,1.8586556566920645,1.8236593100229481,0.3149332863440694,0.046047709357325065,0.0442902605193218,0.007673491256999349,0.15524053776868946,0.15174983536357656,0.02254608055711379,2.869963765422841,2.8080294100594614,0.49009954918534115,1.8586556453210263,1.8236593099517102,0.3149332950925897,0.1552405377686908,0.15174983536357656,0.022546080557113334,2.869963765422866,2.8080294100594614,0.4900995491853343,3.786067842561055,3.6276018434984914,0.6692953766085166,3.699452612090796,3.747857735255103,0.6120144391081814,20,1.0,0.9876251675585316,0.9884188710053983,0.003838088505496759,0,0.0,0.16246965749977213,0.15806913309249404,0.021323755480053986,2.994515038985644,2.923456572561676,0.447115077179299,18.484195591959864,18.41788006991672,3.495393921015152,0.9876251652794863,0.988418870951989,0.0038380878695809632,20,20,2000.0,2000.0,0.0,63.82313416900926,62.007182186947304,15.00664348912526,117.02318653603916,115.08212680689665,18.450756124726027,18.709638731684482,18.6159448858227,3.5073871306554367
front,log109,20.0,oracle-power,training_window,2.224064887788833,2.200681241444362,0.44193473581164616,0.047734802329789945,0.0473814709889858,0.007696048224098643,0.15749965876124045,0.1586471220129635,0.023441786421292573,3.443014400757152,3.5440729248542353,0.6964779677286275,2.224064882695802,2.200681241244438,0.4419347376055952,0.15749965876124108,0.1586471220129635,0.023441786421293354,3.443014400757165,3.5440729248542353,0.696477967728635,5.332829971480082,3.983343279396829,2.83434774822629,3.9240736681570736,3.9631888498358885,0.7565598725457812,20,1.0,0.9872477066931301,0.9873353445131768,0.003808803674275933,0,0.0,0.17178543126516602,0.16426421613328748,0.022415024080741086,3.741602205934794,4.025135378086518,0.6287249941337323,21.588958308187088,21.832722140236132,2.884792706408906,0.9872477035967002,0.9873353439340626,0.003808807601398827,20,20,2000.0,2000.0,0.0,72.28721868166822,73.61379874421613,10.03531168340588,131.81972756227069,136.68113952278767,24.69069114318478,21.867461414005707,22.225707168208352,2.923292666935817
front,log110,20.0,oracle-power,training_window,2.1642290915086306,2.111314494977367,0.34717627304639087,0.04879326493154738,0.04640088868650926,0.0066036789134654526,0.16506333732921386,0.15690694196495034,0.023397068709260345,3.1940567548652328,3.284933775665719,0.5726311121462924,2.164229066644451,2.1113144703235154,0.3471762743043441,0.1650633373292208,0.15690694196495034,0.02339706870926369,3.1940567548653727,3.2849337756657206,0.5726311121463923,5.598775293595315,4.47727812589904,3.666914629248228,3.840205149513858,3.888991818003345,0.6700676194084222,20,1.0,0.9860114286437671,0.9876112742886247,0.004040006597551662,0,0.0,0.17643926279210126,0.16773979672596762,0.019102443417468813,3.4097097621542725,3.4860101698534063,0.4985373432901339,19.135054765568775,19.08072171977362,2.6365025251142375,0.9860114231179946,0.9876112732234041,0.004040008042333394,20,20,2000.0,2000.0,0.0,65.74404022508006,63.84642725465514,10.240736769178381,118.55492062637613,117.18893773276788,17.240069872428315,19.404786512726396,19.327445281071057,2.659973003894037
front,log112,20.0,oracle-power,training_window,3.000790321554752,2.8494460413514378,0.43816102822138453,0.06758320891169642,0.06773759597141711,0.00840669034735911,0.22008523591280782,0.21838417432684704,0.027662827687227613,4.8108497027947585,4.756695461430208,0.7384128776892365,3.0007907736883768,2.8494446903611967,0.4381608722497482,0.220085235915709,0.2183841743274758,0.027662827687179623,4.810849702855648,4.756695461430214,0.7384128776714115,5.580666536669341,5.302341197470584,0.7845898576572988,5.851389001473226,6.122849163712086,1.273357132768072,20,1.0,0.975089490378647,0.9758628713601889,0.006156233838058131,0,0.0,0.23251974401165332,0.23360740545317865,0.0251179048802773,5.076101773178733,5.176918591218364,0.646809934209767,21.29448903458864,21.973159607714948,1.5516414888247008,0.9750894536005061,0.9758633077188286,0.006156168425862133,20,20,2000.0,2000.0,0.0,71.14833068726526,71.35043033063762,5.810869045923597,132.5071955923211,135.8307853987169,10.177842535419087,21.83956578866185,22.316380367630224,1.6020362079893224
front,log-0046,40.0,oracle-power,full_log,1.917529763104627,1.9529457707714362,0.11830231236958857,0.041791173508984036,0.04259408688621842,0.002126699502701482,0.13787468827661323,0.14052360723016966,0.007016266985897411,2.835766012220454,2.890248197685501,0.14430851449219367,1.9393573799603323,1.9676340646603312,0.11121795796968185,0.13861403511288112,0.14084489764891017,0.007123947789716225,2.850972680360475,2.8968564044630103,0.14652326157488776,4.60899238402773,4.460941262693009,1.2186557787365546,3.583468270688298,3.4419330456919903,0.3384410940658662,20,1.0,0.9907563269432013,0.990473887831262,0.0007144441704356254,0,0.0,0.13787468827661323,0.14052360723016966,0.007016266985897411,2.835766012220454,2.890248197685501,0.14430851449219367,20.473444177618216,20.41544431574627,0.5270052221352922,0.9954170131715048,0.9925970651076588,0.025622946466290486,20,20,3903.4,3903.5,0.8825799501580878,67.85562055611665,67.85562055611663,1.4580029302424492e-14,165.89980059488886,165.8998005948889,2.9160058604848984e-14,20.56770570194259,20.567705701942586,3.645007325606123e-15
front,log-0048,40.0,oracle-power,full_log,2.1402001616861455,2.1144573691305717,0.16886975363431897,0.044329596741968756,0.04152319091390477,0.005515834154260254,0.15349311613943928,0.14377581647148174,0.019098810606688905,3.4444118525164527,3.2263539813063757,0.4285805857435667,2.2015655708923902,2.138291862145142,0.27953111915143747,0.15797954301807157,0.15280760409021332,0.020669969739152996,3.545088041161754,3.429028844556332,0.46383766615316985,4.241475075590726,4.07111608001197,0.7678830421306251,4.241475075590726,4.07111608001197,0.7678830421306251,20,1.0,0.9887866154561612,0.9897050751065357,0.0021351297108368208,0,0.0,0.15349311613943928,0.14377581647148174,0.019098810606688905,3.4444118525164527,3.2263539813063757,0.4285805857435667,22.46859290825244,22.520897671593268,0.8393609116597823,1.0012665408280177,1.003597394819318,0.037404389316037866,20,20,3903.8,3904.0,0.8335087534664908,77.7000493048807,77.70004930488071,1.4580029302424492e-14,147.02804677703884,147.0280467770388,2.9160058604848984e-14,22.440171514841165,22.44017151484117,3.645007325606123e-15
front,log-0049,40.0,oracle-power,full_log,2.6604633431820215,2.7125258472024365,0.25391465274509123,0.050806255243414235,0.05145946721173064,0.0035920410479310747,0.16880247693971903,0.17097275691194294,0.011934464039022185,4.090856359930903,4.143452173618953,0.2892266689536518,2.352112573190317,2.368720325296173,0.11135161662092177,0.1751346787762133,0.17661419872743683,0.01456813142322255,4.244314582966572,4.280170120822623,0.35305247982991117,4.382065574080972,4.513034652833051,0.2747814818999739,4.240420228182857,4.3110126499175765,0.2964398956914441,20,1.0,0.9880969697996145,0.987979773326086,0.0008282714440792074,0,0.0,0.16880247693971903,0.17097275691194294,0.011934464039022185,4.090856359930903,4.143452173618953,0.2892266689536518,22.55035219487109,22.132784479580465,1.0245200371817005,0.930503291105915,0.9132730443239657,0.04227513868357019,20,20,3904.4,3904.0,1.2311740225021848,80.5187538489403,80.51875384894029,1.4580029302424492e-14,128.68361647506669,128.6836164750667,2.9160058604848984e-14,24.23457542860456,24.23457542860456,0.0
front,log-0054,40.0,oracle-power,full_log,2.35488601424385,2.3619200514971457,0.04355267494561538,0.051028477138086704,0.05043326442865219,0.001793950465312568,0.17015480688123302,0.16817006602069318,0.0059819401263677095,3.0526847651557856,3.017077259856325,0.10731978616732721,2.481415602899621,2.3666655112754316,0.2139910507580847,0.18277412626366302,0.1782641745323405,0.01354635668231113,3.2790833296833677,3.1981719455494724,0.2430301995307216,4.272225392563195,3.6278304066461473,1.2515543074857864,3.3945246411066208,3.342700793829515,0.1894299059070954,20,1.0,0.9858664397832981,0.9861890766515066,0.0006885182307159812,0,0.0,0.17015480688123302,0.16817006602069318,0.0059819401263677095,3.0526847651557856,3.017077259856325,0.10731978616732721,17.549256815564526,17.518733970106133,0.5461256882554766,0.9781849860311917,0.9764836610422116,0.030440716342111016,20,20,3903.25,3904.0,0.9665456669582609,59.823160250207,59.82316025020701,7.290014651212246e-15,135.8929688934449,135.89296889344487,2.9160058604848984e-14,17.940631952211263,17.94063195221126,3.645007325606123e-15
front,log-0055,40.0,oracle-power,full_log,2.627176419663062,2.6124922031135185,0.04084980696871161,0.04495314566235219,0.04481470886103192,0.0008527094292602532,0.15501091265633554,0.15453354417407045,0.0029403785855856954,3.6741710786826687,3.662856175484199,0.069694796155987,2.6366543982659065,2.6198096651899974,0.049340310395550285,0.15575475568827585,0.1552248029879485,0.0029651451128449645,3.6918021377365178,3.679240848655345,0.07028182875011893,3.7506656007585706,3.723034450773675,0.12335010366234238,3.6300296771754774,3.5979805116134402,0.08318543201118973,20,1.0,0.988163095810258,0.9882778839775238,0.0003186076829825799,0,0.0,0.15501091265633554,0.15453354417407045,0.0029403785855856954,3.6741710786826687,3.662856175484199,0.069694796155987,23.055243369151718,22.918547206120547,0.3971116752533529,0.9726858765236063,0.966918753399966,0.01675388594849508,20,20,3903.55,3904.0,0.6863327411532597,81.73334756770427,81.73334756770429,1.4580029302424492e-14,144.98409225186288,144.98409225186288,0.0,23.70266077220274,23.702660772202737,3.645007325606123e-15
front,log-0056,40.0,oracle-power,full_log,2.6200303862694243,2.633922704821532,0.08762009791684702,0.04795197000949059,0.047894750905782726,0.0016076267817955237,0.16521958459898906,0.16502243489807233,0.005539114013999776,3.721521970444177,3.7170812321067173,0.12476689461439022,2.7326935017277476,2.7072499687061082,0.14707941860588578,0.17074633393526764,0.17074437133085335,0.009263315078275927,3.846010354372873,3.8459661472925517,0.20865341519059616,5.366069432374587,5.72819561846404,1.0704933842922477,4.196136428123298,4.180512722082264,0.1658367772205437,20,1.0,0.986673238034838,0.986594113980636,0.0008436656892018351,0,0.0,0.16521958459898906,0.16502243489807233,0.005539114013999776,3.721521970444177,3.7170812321067173,0.12476689461439022,22.211059841525177,22.338419406632987,0.6867413632266873,0.9860756189710426,0.9917298364145876,0.030488365690264738,20,20,3903.6,3903.5,0.6805570473787206,77.60936557366924,77.60936557366922,1.4580029302424492e-14,148.73146404505894,148.7314640450589,2.9160058604848984e-14,22.52470238002855,22.524702380028554,3.645007325606123e-15
front,log-0058,40.0,oracle-power,full_log,2.493407361733743,2.5084864472225146,0.06268047271511781,0.04402432780710307,0.043769340182807426,0.0011777636421858963,0.15118634045668858,0.1503106735765964,0.004044622231717467,3.5372412386532774,3.5167536404335666,0.09463027221631476,2.672666629212339,2.5515795016491642,0.2445152518260132,0.15805127391506918,0.1552631556541728,0.009701088376502298,3.697857109480252,3.6326247157276548,0.22697215741533466,5.3396565648081005,5.486532985620592,1.0829882693357145,5.3396565648081005,5.486532985620592,1.0829882693357145,20,1.0,0.9888093898544014,0.9889873839477324,0.0004941086162505098,0,0.0,0.15118634045668858,0.1503106735765964,0.004044622231717467,3.5372412386532774,3.5167536404335666,0.09463027221631476,23.520449499104217,23.59684079219327,0.4427994692510235,1.0052949306391596,1.0085599949267412,0.01892583140235978,20,20,3904.0,3904.0,0.5619514869490163,80.3474218652934,80.3474218652934,0.0,161.1697294857218,161.1697294857218,0.0,23.396566303333564,23.39656630333357,7.290014651212246e-15
front,log-0063,40.0,oracle-power,full_log,2.3144457365647746,2.311912587943774,0.13094837852886326,0.03949310985851251,0.03924811615662194,0.0029367975537843015,0.12220328166368796,0.12144519919144857,0.00908731421607653,3.3549590140454555,3.3341466791473726,0.24948238973314396,2.313968418062033,2.299492676834678,0.1330823510930871,0.12286228165723952,0.12177162911253323,0.009808176422157575,3.3730511465849595,3.3431084598073313,0.26927288245356107,4.82156029969574,4.1003980467659975,1.3924981586889207,3.447520861683345,3.450490283839395,0.28512316521713876,20,1.0,0.9928149020012131,0.9928527078516587,0.0008479170173170957,0,0.0,0.12220328166368796,0.12144519919144857,0.00908731421607653,3.3549590140454555,3.3341466791473726,0.24948238973314396,27.82087139946603,27.64321180803989,0.4497875033180974,1.0133661155099063,1.0068949231643622,0.016383362278548474,20,20,3903.65,3904.0,0.8750939799154206,84.9504894920883,84.9504894920883,0.0,153.67050225201808,153.67050225201805,2.9160058604848984e-14,27.453919144974673,27.453919144974673,0.0
front,log-0071_183,40.0,oracle-power,full_log,1.7482567889486043,1.6990785896139418,0.12463866929941461,0.03216520122889703,0.03145209051436752,0.0017177697458582936,0.11273992300235285,0.1102404501566496,0.006020830633257509,2.5485913492557692,2.4920884290601784,0.136106504764368,1.7865214060874812,1.7549835000403151,0.11952955629860375,0.11455135123560493,0.11160222053486235,0.006123068113346706,2.5895403777997,2.5228725214487575,0.13841767857384094,3.813651538423778,3.461433149072511,0.7364458042936206,2.654179701563428,2.5595352546655707,0.24202889573647865,20,1.0,0.9936540932808235,0.9939736116779113,0.0007089205897029206,0,0.0,0.11273992300235285,0.1102404501566496,0.006020830633257509,2.5485913492557692,2.4920884290601784,0.136106504764368,22.480272416816796,22.487538560022454,0.21775583412479324,0.9944411771168952,0.9947626034710136,0.009632684337452235,20,20,3903.65,3904.0,0.7451598203705947,79.2344288822956,79.23442888229562,1.4580029302424492e-14,152.4462174422029,152.4462174422029,0.0,22.60593480450205,22.605934804502045,3.645007325606123e-15
front,log-0072_184,40.0,oracle-power,full_log,1.7854042910581627,1.768784192601657,0.05491149101898085,0.035196191144884106,0.034853619372249914,0.0007618131441759911,0.11622686619646092,0.11509560618549163,0.0025157027364228917,2.492918241248512,2.468654154904023,0.05395861943474124,1.8891251251751133,1.869146745655902,0.15175981498991892,0.12180102803830392,0.12128753861565356,0.006216044094251457,2.612476912921834,2.6014632188396973,0.13332622841926367,2.912124936854813,2.908643582287043,0.20285504327264764,2.538539722952784,2.5166399482225605,0.08580916373209165,20,1.0,0.99337102009122,0.9934119260446008,0.00016257215996922674,0,0.0,0.11622686619646092,0.11509560618549163,0.0025157027364228917,2.492918241248512,2.468654154904023,0.05395861943474124,21.218355021979242,21.053394166186404,0.3700478119505273,0.9892594427057839,0.98156850322905,0.017252670711064674,20,20,3904.05,3904.0,0.9445132413883327,70.82920509740634,70.82920509740632,2.9160058604848984e-14,152.19039707482895,152.19039707482895,0.0,21.44872629564559,21.448726295645585,3.645007325606123e-15
front,log-0073_185,40.0,oracle-power,full_log,1.7158435074391432,1.6716531715707836,0.1084139339589325,0.03854603673251347,0.0381612472533225,0.0017262689485074791,0.13629381011167568,0.1349332441843987,0.0061038641638376965,2.6397519771944333,2.6134004019197388,0.11822024405814532,1.7479338289470037,1.7354503226758502,0.13357151430156072,0.13791594154703649,0.13687528566276358,0.006598388893651831,2.671169579066846,2.6510140531054147,0.12779824787379018,5.444340182385145,3.251079388689659,3.227046665674996,3.3670857037740767,3.1137870359717033,0.5239703133908421,20,1.0,0.9907721506075241,0.990968111204193,0.0008200332137920704,0,0.0,0.13629381011167568,0.1349332441843987,0.0061038641638376965,2.6397519771944333,2.6134004019197388,0.11822024405814532,19.187676743500056,19.237959162173325,0.30109701348958684,0.9906845768678023,0.9932807232034493,0.015546028390651242,20,20,3904.0,3904.0,0.6488856845230502,68.48309712131342,68.4830971213134,1.4580029302424492e-14,149.9043725573418,149.90437255734173,5.832011720969797e-14,19.368098778891632,19.368098778891632,0.0
front,log-0078-valid,40.0,oracle-power,full_log,5.582756081300344,5.5467523563532595,0.15326037411845325,0.08005099610072884,0.07856962025320952,0.0034325585576556834,0.2569847180697445,0.25222911260480985,0.011019414325426524,7.132745954224225,7.000751624387487,0.30584963782272523,5.723014740049883,5.65491902387628,0.21446999093917535,0.2686245449430789,0.27060992443678095,0.013195614006678897,7.455815468482712,7.510920720101058,0.36625120406614753,6.607531717161393,6.407528635280956,0.8149947359524213,6.607531717161393,6.407528635280956,0.8149947359524213,20,1.0,0.9680041314353487,0.968232930843747,0.0022424170302662886,0,0.0,0.2569847180697445,0.25222911260480985,0.011019414325426524,7.132745954224225,7.000751624387487,0.30584963782272523,27.308744790594567,27.74321412621336,1.5056516258003054,0.9839029913428112,0.9995564269818333,0.0542469143091228,20,20,3903.1,3903.0,0.7880689256524124,89.10252591047126,89.10252591047124,1.4580029302424492e-14,191.14572150135155,191.14572150135155,0.0,27.75552572853157,27.75552572853157,0.0
front,log-0079,40.0,oracle-power,full_log,5.98131150762395,5.590567248875056,1.1614066266896146,0.07757468454606017,0.07245032995266279,0.016678909839327852,0.2683261737458124,0.25060133903963083,0.05769134719176271,7.917345997064774,7.3943494993673085,1.7022653823799956,6.048347559686631,5.829817567793498,0.8332475053452199,0.28121166038140993,0.25294506683446216,0.06843065399334922,8.297550636106894,7.4635045266819215,2.019143928105982,7.306352045243609,6.6438948295999705,1.6413251016895527,7.306352045243609,6.6438948295999705,1.6413251016895527,20,1.0,0.9695339404684453,0.9692523297448825,0.0058342307018013,0,0.0,0.2683261737458124,0.25060133903963083,0.05769134719176271,7.917345997064774,7.3943494993673085,1.7022653823799956,29.52448379412756,27.621425034842332,3.4794820015104775,1.000612044899328,0.9361156245734048,0.11792286107350339,20,20,3903.6,3904.0,0.6805570473787206,102.06094995286549,102.06094995286549,0.0,190.67881336638962,190.67881336638965,2.9160058604848984e-14,29.506424537491974,29.506424537491974,0.0
front,log-0080-valid,40.0,oracle-power,full_log,6.347959423431944,6.005920259412557,0.6133500411064261,0.08990298191711533,0.08199639342895182,0.017285601657932158,0.3028854551611146,0.27624795547042724,0.058235635951690026,8.865460276773875,8.085780396620015,1.704557641923556,6.640966215526579,6.694473099421447,0.7808838521278849,0.33444778218199395,0.3052428485658698,0.0585153330752237,9.789289901729983,8.934461205113166,1.7127443795035984,8.719747365866695,7.320107114954569,2.6171209169907925,8.719747365866695,7.320107114954569,2.6171209169907925,20,1.0,0.9583658778622777,0.9648749534283685,0.011761086554779499,0,0.0,0.3028854551611146,0.27624795547042724,0.058235635951690026,8.865460276773875,8.085780396620015,1.704557641923556,30.675276861046047,30.303434664332816,1.962405785761775,1.048010470318429,1.0353066072945702,0.06704493067195326,20,20,3903.85,3904.0,0.9333020044867296,98.61141519140322,98.61141519140322,0.0,209.41055645838256,209.41055645838256,0.0,29.270009918627657,29.270009918627654,3.645007325606123e-15
front,log-0081,40.0,oracle-power,full_log,8.04919806938646,7.72792227512876,0.9932697746816577,0.14949590369189486,0.14008965086459682,0.02464340344278979,0.49261328699854073,0.4616181559670955,0.08120401745457326,10.15042580504473,9.51176301182361,1.6732300488002159,8.469429361226645,7.755778318425346,1.6832068483959357,0.5577648906652701,0.49507284717642763,0.1258167232067948,11.492891663260151,10.20110568672392,2.592486535890379,9.684646152118836,8.840960033886567,2.2018210920066283,9.684646152118836,8.840960033886567,2.2018210920066283,20,1.0,0.8938594216601293,0.8996130337046491,0.015510155763226076,0,0.0,0.49261328699854073,0.4616181559670955,0.08120401745457326,10.15042580504473,9.51176301182361,1.6732300488002159,22.10928487186408,21.34950303917671,2.381999422462811,1.0729921781708034,1.03611898356887,0.11560151147007575,20,20,3903.85,3904.0,0.5871429486123998,67.89768518316299,67.89768518316298,1.4580029302424492e-14,200.25954166451217,200.25954166451217,0.0,20.60526192237035,20.60526192237035,0.0
front,log-0098,40.0,oracle-power,full_log,6.04441655789751,5.996427907766667,0.14170883368132287,0.09239219685961425,0.09061693801216063,0.004849230756434599,0.30944762524182595,0.3035017807527207,0.016241446711223646,8.227887318424369,8.069793558839041,0.431843008404771,6.207039724770211,6.114222721118294,0.2705332914252203,0.31427000900302715,0.30529924818243914,0.017312880681747102,8.356109437312359,8.117586329776298,0.4603313122710868,7.562653671252614,7.27961397351578,0.5292119644899986,7.562653671252614,7.27961397351578,0.5292119644899986,20,1.0,0.9512381014956814,0.953672321741021,0.004986810483522316,0,0.0,0.30944762524182595,0.3035017807527207,0.016241446711223646,8.227887318424369,8.069793558839041,0.431843008404771,25.29393034464961,25.333885245740046,0.7447975773718575,0.9512948312572259,0.9527975194663271,0.02801154569624347,20,20,4000.0,4000.0,0.0,89.05392011542133,89.05392011542135,1.4580029302424492e-14,200.15184341259447,200.15184341259442,5.832011720969797e-14,26.58894962271716,26.588949622717163,3.645007325606123e-15
front,log-0099,40.0,oracle-power,full_log,7.479326171762315,7.238163585565836,0.9635534098062603,0.14382153937857559,0.13811064552681634,0.019262091833626944,0.47881573845981523,0.4598028293454307,0.06412803510134564,9.404533212023267,9.031096165449629,1.2595539108057408,8.124823889500316,7.265164198688703,1.5961741929789055,0.5291912104871084,0.4676865401171465,0.11883125214709835,10.393969777487769,9.18594199408734,2.333992740168645,9.549544880050579,8.919652725689286,1.7633075351133662,9.549544880050579,8.919652725689286,1.7633075351133662,20,1.0,0.8864206353568385,0.8895847908972692,0.00834943068177535,0,0.0,0.47881573845981523,0.4598028293454307,0.06412803510134564,9.404533212023267,9.031096165449629,1.2595539108057408,18.44789384764363,18.170858064049842,2.426076207045333,0.939242992347031,0.9251381888112564,0.12351952451516578,20,20,4000.0,4000.0,0.0,65.39029725768751,65.39029725768751,0.0,185.28208510303995,185.2820851030399,5.832011720969797e-14,19.641236610714596,19.641236610714596,0.0
front,log103,40.0,oracle-power,full_log,4.722708761841718,4.277447365625665,0.7918323411363869,0.09315661008501747,0.09110994417242363,0.0054690077873809926,0.3115066302571034,0.30466277879973136,0.018287829335375396,7.096183323536063,6.940279018897416,0.4166004089423558,4.900419097506029,4.7406678957939015,0.7991683137019389,0.32531627955699793,0.3129220022937499,0.0318375150697628,7.410769895850467,7.128425781536908,0.7252649592543527,7.359143338554323,7.3719565613300055,0.20330978317113835,7.359143338554323,7.3719565613300055,0.20330978317113835,20,1.0,0.953211202794933,0.9535475734698613,0.0013230068043913737,0,0.0,0.3115066302571034,0.30466277879973136,0.018287829335375396,7.096183323536063,6.940279018897416,0.4166004089423558,22.657529866968563,22.249182336811423,1.5058073875501508,0.9946150567164367,0.9766895103637707,0.06610158781499184,20,20,4000.0,4000.0,0.0,76.17476974591364,76.17476974591364,0.0,161.83235720034816,161.83235720034813,2.9160058604848984e-14,22.780199951696673,22.780199951696677,3.645007325606123e-15
front,log104,40.0,oracle-power,full_log,4.58071869617197,4.03582745773566,0.9582531339350259,0.10170827288226507,0.10125541273823468,0.006124229500730393,0.34112999308245173,0.33961109817427415,0.020540692590836372,7.319765029344171,7.287173483430353,0.4407499966400561,4.483396153082577,3.8123163632791184,1.1020853300729845,0.35381127555906094,0.3438026426384351,0.0376566705301345,7.591872466045238,7.377113158070134,0.8080144978673613,8.492495020090859,8.54764237412731,0.49651649386561,8.492495020090859,8.54764237412731,0.49651649386561,20,1.0,0.9438272974857419,0.9439578558424313,0.00208793900651232,0,0.0,0.34112999308245173,0.33961109817427415,0.020540692590836372,7.319765029344171,7.287173483430353,0.4407499966400561,20.775432785616015,20.02071778344475,1.8350369519643186,0.968217314904317,0.9330446116224778,0.0855199777889206,20,20,4000.0,4000.0,0.0,71.96823642671964,71.96823642671964,0.0,167.6308323463045,167.6308323463045,0.0,21.45740678854635,21.457406788546354,3.645007325606123e-15
front,log106,40.0,oracle-power,full_log,2.9669833477369947,2.9669368661528908,0.15837979504705757,0.05658074674295897,0.05736838025031748,0.0030894145268839123,0.19780145407356425,0.20055495348813251,0.010800329101872029,4.66309609369053,4.728008823600378,0.25461376247912265,2.906928954465587,2.880991933165562,0.16513362900184242,0.20384829780977837,0.20537062972582104,0.014870893670722656,4.805648197453177,4.841536609114492,0.35057581609002836,5.65439605416516,5.569157844016675,0.4856426724456809,5.34571469892851,5.43981557497581,0.30545062228561415,20,1.0,0.9819543332690642,0.9815892292867681,0.0012380501436881175,0,0.0,0.19780145407356425,0.20055495348813251,0.010800329101872029,4.66309609369053,4.728008823600378,0.25461376247912265,21.884920666900495,21.698122038364993,0.6154260051949777,0.9283250962927301,0.9204013821764235,0.026105436443174094,20,20,4000.0,4000.0,0.0,82.41489132115095,82.41489132115096,1.4580029302424492e-14,139.2265583706526,139.2265583706526,0.0,23.574630002245993,23.57463000224599,3.645007325606123e-15
front,log107,40.0,oracle-power,full_log,2.3429785819799998,2.297249507492522,0.09224899084478667,0.046092677275970544,0.04565741809038562,0.0013416207365767796,0.16505205725251948,0.16349344906864857,0.004804174452675577,3.661992175175371,3.6274115036677905,0.10658969992091288,2.360841334799016,2.364925475638741,0.07802721088298764,0.16638998692381432,0.16509282529852565,0.0055708415645957755,3.6916766763489646,3.662896691410775,0.12359966036339746,5.5871971276162755,5.323588838062743,0.8923741846222706,4.410100133697829,4.418519973929765,0.1783865021924228,20,1.0,0.9865809914506085,0.9867684153911825,0.0007690213615123775,0,0.0,0.16505205725251948,0.16349344906864857,0.004804174452675577,3.661992175175371,3.6274115036677905,0.10658969992091288,22.176768369082875,22.202792995640856,0.48232114562027445,0.9995437093893953,1.000716682445357,0.021739013502180948,20,20,4000.0,4000.0,0.0,79.44845887883525,79.44845887883525,0.0,143.29596879429766,143.2959687942977,2.9160058604848984e-14,22.186892039599048,22.186892039599044,3.645007325606123e-15
front,log109,40.0,oracle-power,full_log,2.915579986001403,2.902128265020848,0.12783968861527972,0.05471282993568026,0.05403173279547061,0.0020329487563843286,0.19409472977588732,0.1916785256509036,0.007211921591014601,4.418870712837799,4.3638620392047915,0.16419069770010866,2.9624331341374157,2.9441476742062784,0.1474824574568694,0.20031032873159332,0.1969550206818235,0.011424857898955781,4.560378564286564,4.483989718021668,0.2601047953559691,6.461544604695608,6.443876700256437,0.38613013988598355,6.461544604695608,6.443876700256437,0.38613013988598355,20,1.0,0.9818798712397305,0.98190985773086,0.0008471878919191107,0,0.0,0.19409472977588732,0.1916785256509036,0.007211921591014601,4.418870712837799,4.3638620392047915,0.16419069770010866,22.120291371809692,21.827580584981824,0.9544537147488583,0.9716129426239881,0.9587558972918434,0.04192347952375398,20,20,4000.0,4000.0,0.0,80.76479900660539,80.76479900660537,1.4580029302424492e-14,163.1495299547129,163.14952995471293,2.9160058604848984e-14,22.766567221789455,22.766567221789458,3.645007325606123e-15
front,log110,40.0,oracle-power,full_log,3.529506445336459,3.515009995151776,0.09034726056783869,0.07407504480687134,0.07567039312541371,0.00288996757613751,0.2682123974510896,0.27398886641444165,0.010464052153767356,5.948926804909325,6.077048365957145,0.2320917337792615,3.4894401283181957,3.4466788573233806,0.1301850915954015,0.27178938413927656,0.27466531917989867,0.012153237349923005,6.028264047305214,6.0920520273349394,0.2695577092053186,9.840888425053326,9.821694932705615,0.5160386599624393,7.016002179282118,7.219024649926426,0.39973148550255233,20,1.0,0.9641790672198539,0.9629029704071401,0.0025546712636041087,0,0.0,0.2682123974510896,0.27398886641444165,0.010464052153767356,5.948926804909325,6.077048365957145,0.2320917337792615,20.649099170331887,20.742516187151335,0.560549111931235,0.9309821040510242,0.9351938892797811,0.02527283090390071,20,20,4000.0,4000.0,0.0,80.30945941942234,80.30945941942232,1.4580029302424492e-14,153.52197901588357,153.5219790158836,2.9160058604848984e-14,22.179909882779206,22.179909882779203,3.645007325606123e-15
front,log112,40.0,oracle-power,full_log,3.8656565457090735,3.785474206106511,0.22161554833533958,0.07357248442451017,0.07201969098398824,0.004363241413524247,0.25038952399100084,0.24510489600174795,0.014849436567704044,5.751006767465863,5.629628161662749,0.34106542810868684,3.837849043936501,3.763374094926539,0.18684320150738076,0.2580185593623361,0.24917102632274835,0.023168618391314948,5.926232285492576,5.723020020158842,0.5321423957260893,6.514150632085245,6.357605507795876,0.5379186859412664,6.514150632085245,6.357605507795876,0.5379186859412664,20,1.0,0.9693330073103942,0.9703037621550289,0.0022145364191103476,0,0.0,0.25038952399100084,0.24510489600174795,0.014849436567704044,5.751006767465863,5.629628161662749,0.34106542810868684,21.400158002010034,21.606121904428313,0.8234898575560561,0.9317282333535886,0.9406955682170399,0.035853415198767974,20,20,4000.0,4000.0,0.0,78.16790220488944,78.16790220488943,1.4580029302424492e-14,168.24758204657732,168.2475820465773,2.9160058604848984e-14,22.968240347278094,22.968240347278098,3.645007325606123e-15
front,log-0046,40.0,oracle-power,full_log_excluding_training,1.9336813771494163,1.9582866588218826,0.11681684489532984,0.04193919408607207,0.042626289541307746,0.002086820017264999,0.13878075894450775,0.14057007629943513,0.006860626175757015,2.8618080628506806,2.8849240702021524,0.14707121082920063,1.9603148560041164,1.9770746393766256,0.10877268342365257,0.13968218296186097,0.14177088060753712,0.007006555621054371,2.880420488014208,2.9032789919041893,0.15049383264479993,4.666428833447423,4.529865736769998,1.2127294971401887,3.6039613842164626,3.40632351471966,0.35081565966888506,20,1.0,0.9906908897483133,0.990650944101068,0.0006945681686255066,0,0.0,0.1387900836791053,0.1405831061663584,0.006861457771149252,2.8620005991072786,2.885157978059448,0.1470931948487999,20.52698781977793,20.500797312746244,0.686324298791617,0.9953673950870752,0.9924058149170958,0.027924645017862588,20,20,3903.4,3903.5,0.8825799501580878,68.2358854820487,68.31262046689537,0.6920104111321214,165.0812377348296,165.8998005948889,2.3143463552505326,20.61983031052897,20.5880984516442,0.14361101148964928
front,log-0048,40.0,oracle-power,full_log_excluding_training,2.1970296430198224,2.1370519611580177,0.21465444345992704,0.04511245463243664,0.042066322875972076,0.006636788586329583,0.15706328763890393,0.14700113133502465,0.023370877360098154,3.5265276366592118,3.2776328689437415,0.4874027534871269,2.2795709867323897,2.2091371835044944,0.3092421490302308,0.16262792429278447,0.15515983476224446,0.024686666992666768,3.6518175027826034,3.5308331549339895,0.5197651948631203,4.285675471511953,4.139704598117643,0.7880139758930296,4.342591242415825,4.086953218735928,0.815076859633941,20,1.0,0.988357860665577,0.9893205856502288,0.002744246654712533,0,0.0,0.15713752382291862,0.14701603390243254,0.023365366543417847,3.52819925869142,3.278038623022012,0.48727651946237477,22.54208882133205,22.328322008971817,0.7671737993094438,1.0031300565684875,1.0057311899605672,0.041731994202636506,20,20,3903.8,3904.0,0.8335087534664908,78.2520875455542,78.23185465650525,1.0800133535803624,146.67838733899728,147.0280467770388,0.8092213637588879,22.4810263546647,22.444320278245108,0.39346256486482245
front,log-0049,40.0,oracle-power,full_log_excluding_training,2.9718857697059318,3.0715084847833762,0.37703499408165786,0.054242862654741056,0.055462482875418856,0.004618067282827345,0.17548828686155227,0.17859237664636157,0.012286435626673663,4.367883746669344,4.458420452588028,0.37670161181235434,2.5883847475112285,2.621991184022071,0.18976630326386743,0.18413435510316706,0.18474132055549242,0.015463131659828787,4.584166563903805,4.662494129121374,0.45655614879914563,4.50864723460675,4.58814158562434,0.28009684904812004,4.393277042896923,4.432541748648456,0.30730453805470076,20,1.0,0.987760454397727,0.9874941176798977,0.0008292092401038493,0,0.0,0.17580343380089983,0.17879725971686394,0.012381820326408052,4.37576664893456,4.4657520655348915,0.37920313122834165,22.89912285978611,22.68720248695407,0.9018189578471867,0.9217873463920687,0.9033458163646588,0.04931226864848348,20,20,3904.4,3904.0,1.2311740225021848,80.5218023286748,80.39197904802126,0.9160993003890124,126.18416449089057,128.6836164750667,4.310045991251326,24.86478417329337,24.853053347735468,0.6506999557124254
front,log-0054,40.0,oracle-power,full_log_excluding_training,2.3667841940993246,2.3717226656322357,0.05040008696799485,0.051257126889914496,0.05109139130120502,0.001775518359316823,0.17107274534339717,0.169607111943581,0.006012686690187572,3.070697232903556,3.027343731245442,0.11740872675609956,2.5220421637311388,2.3898720562303253,0.24337876369663422,0.1850723282280694,0.18048695147362454,0.01449275628349766,3.3221505590472136,3.2325618875395055,0.26646045488680153,4.2611161680740794,3.6577493414598146,1.2597578035381236,3.4144076454879895,3.369458602247265,0.18933519878897587,20,1.0,0.9857550440770826,0.986055170087058,0.0006798643584930206,0,0.0,0.17112181609469396,0.1696412606300271,0.005993590828176414,3.0715786329227486,3.027483666501113,0.11710960074916835,17.54293828738537,17.531729982386707,0.5628386011527294,0.9774528853872366,0.9752368515308167,0.03186896624314376,20,20,3903.25,3904.0,0.9665456669582609,59.903831868815516,59.89579876578388,0.5989491259359919,135.28135145043166,135.89296889344487,1.4937636725842232,17.94836863590733,17.949386578712687,0.13446651033206317
front,log-0055,40.0,oracle-power,full_log_excluding_training,2.73480592478866,2.7039113575632423,0.09051853542001446,0.04664094385435537,0.046512899367162804,0.0009273754769825791,0.15982739137029914,0.16027986578296777,0.00292174043155252,3.817065810145892,3.785478628725624,0.11202688693950215,2.7501914652908903,2.7083553055365637,0.10310147712196761,0.16086183578859908,0.1612802757211162,0.0031593044679522142,3.841607229154261,3.8070107035220513,0.1098959171075764,3.8160494041876545,3.8481552974894955,0.18773609288740847,3.7483177614569896,3.7287893966360612,0.09216122091978991,20,1.0,0.9874955280793731,0.9874328311199582,0.0002882297052548338,0,0.0,0.15985664804694016,0.16033606174301426,0.0029207097242468613,3.817759877609322,3.7855781016593086,0.11185004743058065,23.147045420138568,23.062612152803112,0.8042542566894061,0.9690720080037009,0.960146703368491,0.019612282029465678,20,20,3903.55,3904.0,0.6863327411532597,81.83096363820708,81.6944094049849,1.2532414597499384,142.7905954372281,144.98409225186288,4.260928044275233,23.884394769650093,23.7669342208521,0.6225070510609
front,log-0056,40.0,oracle-power,full_log_excluding_training,2.658928285984768,2.6712941737863023,0.11809885553236563,0.049165767975048326,0.048721616687582195,0.0018980912854969208,0.16864889294551358,0.16802001633209673,0.006696982452883831,3.7915027481401706,3.7874276941877647,0.15050937935530445,2.823996706911417,2.81455452993319,0.19069806907179981,0.17587151237075382,0.17418565604261815,0.01190568236266245,3.953554789736009,3.970497351952373,0.2626520245832981,5.450517376353887,5.770445582219738,1.0470277791753184,4.259147312111556,4.203588635946653,0.1582683332094116,20,1.0,0.9862342682093287,0.9866918546278325,0.0010355790528602453,0,0.0,0.16878884265775346,0.1682587837040566,0.0067643547412733415,3.794642693038192,3.7915353025617993,0.1518643299261125,22.13549912756086,22.29031623562269,0.746302184028253,0.984662698982407,0.9917205550294005,0.03515249649797759,20,20,3903.6,3903.5,0.6805570473787206,77.11875742492074,77.26383033283162,0.9040225200841372,147.8889282231576,148.7314640450589,2.5933303684639584,22.483031872083803,22.44671849947096,0.2501682961129243
front,log-0058,40.0,oracle-power,full_log_excluding_training,2.4916693613510064,2.4908241612510125,0.05403962212892777,0.04391347228594312,0.04375010919918881,0.0013249634886390897,0.15105799685938534,0.15038851979741918,0.004679462575930074,3.5558964353973295,3.5317475576413635,0.11067346964006784,2.7192258318456526,2.6035044697772625,0.26793555802120583,0.15938184418354473,0.15514773788824432,0.011091312782718564,3.751673036760386,3.6741094155219245,0.2589942863654259,5.384138958085284,5.502488009872275,1.066554954305678,5.384138958085284,5.502488009872275,1.066554954305678,20,1.0,0.9889036886350905,0.9891083940237239,0.0006788472831295617,0,0.0,0.15114541138999876,0.15042577213572106,0.0046891959691039,3.557952432553175,3.5338683111057647,0.11084784249865805,23.717104093798344,23.95564962991454,0.6143989610559293,1.007422759062949,1.0114009947213396,0.021288996621296196,20,20,3904.0,3904.0,0.5619514869490163,80.97604743202064,80.95220104494035,0.7247934256902786,161.04636639029096,161.1697294857218,0.3012917839365238,23.54045998880961,23.545822217884158,0.17910253098020573
front,log-0063,40.0,oracle-power,full_log_excluding_training,2.544940633820967,2.583303164854262,0.24449393081235443,0.041952981547224065,0.04189402719180717,0.0038798367873445986,0.1259183146312629,0.12235203691680979,0.01144017772636623,3.567261674421167,3.5870446366848583,0.35302924058601465,2.5376973792619815,2.561362751236236,0.23125156278048567,0.1271707372722804,0.12277635377282556,0.012589378683886127,3.6030445225941143,3.605972318104677,0.38545783690978963,4.862819396962683,4.45438849105229,1.3876485768679103,3.5294762565820057,3.49916294355166,0.3741875401817652,20,1.0,0.9925920676465655,0.9927231861200019,0.0010223640062259,0,0.0,0.1260436030622184,0.12239245171637385,0.01154344754469969,3.570841389957048,3.5889143740047076,0.3559616049584762,28.907330800104052,29.762480263030604,1.5987533846708772,1.020118727036301,1.0123336634202174,0.02150936656823902,20,20,3903.65,3904.0,0.8750939799154206,84.99146349609117,84.4577276895307,1.9138498679003837,137.70796902615035,132.99355146673068,12.145921589749975,28.335289437215856,28.520343995430387,1.4278649294679795
front,log-0071_183,40.0,oracle-power,full_log_excluding_training,1.7526130793014598,1.7039166340312708,0.1283357595062739,0.032111063627170214,0.0314200072301106,0.001725928975752337,0.11250659736485272,0.10972203097031938,0.00613521175144552,2.5607791317859867,2.504431929399632,0.137198085303928,1.8004122536016633,1.753147853567735,0.12197369676596201,0.11465567475765812,0.11118677973342239,0.006349405772625372,2.6097434183299053,2.5318717971928866,0.143101641337497,3.8616819847949735,3.5259368193109664,0.7456574930107627,2.659645208789349,2.5585395828484323,0.23811378510048167,20,1.0,0.9936872357831378,0.9940228154539343,0.0007188470352061377,0,0.0,0.11252433438290295,0.10974187989780393,0.0061329557869090135,2.5611832547341806,2.5045849440656376,0.13715364102208719,22.637461945514296,22.62064967929136,0.22931702653709954,0.9945247980145752,0.9949800548294543,0.010401966868415073,20,20,3903.65,3904.0,0.7451598203705947,79.74843793357746,79.8290300760683,0.24335098295034444,151.63917487194453,152.4462174422029,3.496461295632256,22.762304332250203,22.746477972925106,0.08279265270327606
front,log-0072_184,40.0,oracle-power,full_log_excluding_training,1.785116526938959,1.7618018878067923,0.05061842570135579,0.03541700985026933,0.0349106596260068,0.0009724525799380239,0.11602170705396508,0.114354277619268,0.003049143813819266,2.48693110826357,2.4796677742155646,0.06015073188069628,1.9236906992277103,1.8887911791596255,0.16360171855338235,0.12310197808203376,0.12231926563959408,0.0066879728603210665,2.638591942215645,2.6067207381926387,0.13934676123365788,2.9644863551098926,2.9114895133728385,0.23241305894852152,2.519146741875931,2.4986511849481774,0.08705777904153368,20,1.0,0.993433502660082,0.9934991623041158,0.0002656950589038675,0,0.0,0.11611591371842074,0.11437048284525644,0.0030266618184776363,2.488949196409074,2.4798034749409243,0.05956889577037413,21.179690593202025,21.152098254967214,0.5019959075433387,0.9879512417060556,0.9793472703823526,0.019232352280223675,20,20,3904.05,3904.0,0.9445132413883327,70.22993489471679,70.40315519110477,0.9253288702664882,151.64949582702178,152.19039707482895,2.0703344943512407,21.437251402697225,21.44102254543769,0.22665958200741018
front,log-0073_185,40.0,oracle-power,full_log_excluding_training,1.7293532098073734,1.6960397101381555,0.1302087657475498,0.0387065573445604,0.038363182555724684,0.0019942397993640217,0.13806830030990105,0.13703867265819475,0.006998029665755338,2.676894695401014,2.6370381663140057,0.14795326662249056,1.7712643903973242,1.7255950285442707,0.147478712696498,0.14016202416684617,0.13764818536966725,0.007497749489357873,2.7176287962686776,2.6737302659892572,0.15933554233145591,5.508311348971591,3.343692589382659,3.2109956953778127,3.4208454250182916,3.2118613924554227,0.523180348552287,20,1.0,0.9905549771822356,0.9907674974486408,0.0009449609558210232,0,0.0,0.13810391745897704,0.13704891150194454,0.006999772744059683,2.6775876621972925,2.6374416607608495,0.1480274831349977,19.19549708545559,19.194685239318563,0.6509299606660813,0.9898784734114606,0.9929481688170934,0.017861046640572902,20,20,3904.0,3904.0,0.6488856845230502,69.16883440722708,69.63552219297934,1.7731582724222423,148.38718568318546,149.90437255734173,3.5134773643161727,19.388540264614225,19.329063108013433,0.421841827923656
front,log-0078-valid,40.0,oracle-power,full_log_excluding_training,5.6262001427558666,5.611577232025159,0.42880011827468856,0.08228269772385989,0.08214418995841752,0.00788548651005278,0.2634649421721412,0.2649937817071464,0.02330709099608108,7.200566971261378,7.135684518706853,0.5565258832883946,5.999993602404722,6.008346890975105,0.3293933253991496,0.28597757478333485,0.2835940315044394,0.022883708365512748,7.82202983694892,7.844629020423637,0.6090943566917466,6.72443896322306,6.365868948059973,0.8876010607120448,6.72443896322306,6.365868948059973,0.8876010607120448,20,1.0,0.9680725396453355,0.9660831044905134,0.00566019929972946,0,0.0,0.26547107825244926,0.26506970696377574,0.022595987677197164,7.255959278215377,7.13772629841826,0.5399432116309201,26.849316838167688,26.26147530483428,2.0336426508646546,0.9819893044412267,1.0080011131050668,0.08033881254962472,20,20,3903.1,3903.0,0.7880689256524124,87.69901053855729,88.41991961816149,3.09081514789456,188.67738581763905,191.14572150135155,6.5058295433934985,27.369879977437183,27.612661676692582,0.9014666538690329
front,log-0079,40.0,oracle-power,full_log_excluding_training,6.159301578553404,5.687662415571238,1.4679034120159764,0.07997665850756316,0.07317626936646635,0.020664672562078826,0.2702640153349771,0.2496747389529123,0.06698961387350458,8.071802327987523,7.537897858506723,1.9673522113987147,6.288968649543648,5.941950801785776,1.1026961138591,0.2870618116556309,0.2543297482858164,0.08001609327947067,8.573233944612697,7.7151920744150555,2.353601414392507,7.357821602372451,6.745729534155693,1.7989673621857691,7.357821602372451,6.745729534155693,1.7989673621857691,20,1.0,0.969848494645076,0.969491220375609,0.007180627175289647,0,0.0,0.270626943534212,0.24981089222023561,0.06725674746398923,8.082635252746975,7.542208006979351,1.9752643161594559,29.930816926939155,28.034983171088943,3.7210106284858444,1.0017935571788654,0.9333236502552156,0.12817536679554487,20,20,3903.6,3904.0,0.6805570473787206,101.24854808278619,101.29384508810728,1.9297064447456744,182.71242145208583,190.67881336638965,12.488166746588272,29.89062365348271,29.85977912416756,0.34945285047754987
front,log-0080-valid,40.0,oracle-power,full_log_excluding_training,6.522110399518081,6.155291999534782,0.7873442786246068,0.09219193459267296,0.08249559828919437,0.01859922073601777,0.3104354926131101,0.27740374533468315,0.0632526148250591,9.068979628654798,8.088180722755343,1.9077337628254474,6.992550939806984,6.973338459537496,0.7910679807227937,0.34999184387986226,0.32642792755142613,0.06193404557426409,10.222358313688748,9.3736429215613,1.8649045240677544,8.924947362700163,7.320379788831266,2.8008785533184657,8.924947362700163,7.320379788831266,2.8008785533184657,20,1.0,0.9570352774129776,0.9630236584129761,0.012433450974438646,0,0.0,0.31102643810849234,0.27800880355697344,0.0631133282186613,9.086213689070794,8.108991833326105,1.9037000727239308,30.757561810383265,30.051522352342353,2.2039618779769086,1.0538824101736064,1.0486159134898414,0.07417085411582099,20,20,3903.85,3904.0,0.9333020044867296,98.25809049164347,99.11338633542513,2.0489337496617095,209.41055645838256,209.41055645838256,0.0,29.18872174813611,29.446435283007098,0.5398654474272556
front,log-0081,40.0,oracle-power,full_log_excluding_training,8.139209717172118,7.809361311787246,1.0740033916476206,0.15170946144016983,0.14464535366312403,0.025836452416504636,0.49940675466346124,0.4767603608994173,0.0849001124061452,10.231950250527799,9.60118979346678,1.739552575352701,8.67540762798606,7.881213643209607,1.790864102321121,0.5705739723305767,0.508833492301977,0.1286189989111696,11.700822536065612,10.300421348478782,2.6938314503716883,9.78510637378895,8.955317019701408,2.283975561916281,9.78510637378895,8.955317019701408,2.283975561916281,20,1.0,0.8917415203059276,0.8941353435243156,0.016708853372720236,0,0.0,0.4996106959364077,0.47679012471668203,0.0848956426668889,10.236164122594186,9.601650179593504,1.7396378332469602,22.063307217177186,21.204670708933293,2.47218455475107,1.076735008210044,1.041588184743914,0.12019730564189358,20,20,3903.85,3904.0,0.5871429486123998,67.47407049268953,68.05151651625619,1.3041233072080338,197.43749990778176,200.25954166451217,8.384733875152497,20.49456702725753,20.646579988158145,0.3329071494796709
front,log-0098,40.0,oracle-power,full_log_excluding_training,5.984030361584265,5.96254494152121,0.1460674942880723,0.09285545710437468,0.09114028219484077,0.005425314215251017,0.3103770514758514,0.3062591503545836,0.017656620438841746,8.198782243082753,8.105363812013547,0.5086036539385035,6.2177485047606655,6.267162765939307,0.23822325503546518,0.31758301029381875,0.31078920347932837,0.017671471253787124,8.388408564432414,8.239342119741323,0.49912044514862297,7.601200589809298,7.34593805518617,0.5801247297276183,7.601200589809298,7.34593805518617,0.5801247297276183,20,1.0,0.9511115174118834,0.9519483170325825,0.0055023097839283575,0,0.0,0.3105949410185368,0.3063635911919045,0.01761075857860873,8.204515738969636,8.10616054636763,0.5072094030651787,25.11892783073869,25.20450360010002,1.1176835154637568,0.9508299328549589,0.9511439575723125,0.032658364241116046,20,20,4000.0,4000.0,0.0,88.28510422628382,88.53503652975343,1.0838188836432863,193.24941782936054,200.15184341259442,10.762644510209409,26.41142078908325,26.413996745439874,0.43351846720079446
front,log-0099,40.0,oracle-power,full_log_excluding_training,7.51623472280819,7.2007662507977415,0.9917870918302691,0.14402877869136077,0.13798582463795359,0.0196023663178118,0.48016036212538776,0.46076575873731107,0.06495479475199559,9.452935722290421,9.144874981230545,1.2984783930069663,8.309177226063476,7.372194362584635,1.7546441634282106,0.5367158410107493,0.4692375578441531,0.12508370175706612,10.564752541584948,9.286338569626313,2.4712263686647145,9.613361542852548,8.969840618877033,1.849716768489449,9.613361542852548,8.969840618877033,1.849716768489449,20,1.0,0.8859540838776347,0.8880858292471636,0.007934958742726775,0,0.0,0.480419025984021,0.46079366410784667,0.06509807820273718,9.458021041340604,9.145008427951455,1.3012452937076655,18.43391796006199,18.02766995256662,2.5399924542874217,0.9363616818005269,0.9193391231202046,0.12729315373593877,20,20,4000.0,4000.0,0.0,65.63040424776642,65.7546634160239,0.7677543454411491,184.75430052032942,185.2820851030399,1.570717239270007,19.684371988212686,19.721114094635567,0.18389109284528116
front,log103,40.0,oracle-power,full_log_excluding_training,4.773543208641131,4.342859739539535,0.8028794265196751,0.09404113488741628,0.09154086215576578,0.006392758439525417,0.3140850989741992,0.3063785216261816,0.019670088944331546,7.121655127518625,6.988962469415812,0.3625023517379021,5.011188184216427,4.8359349245561205,0.8383912526173875,0.33112353036911546,0.3186080875303071,0.03617836859525938,7.504732293438646,7.244671831215486,0.7301735103103999,7.434354269172614,7.4558067937343715,0.32631057367187405,7.319334557041668,7.3997351673648435,0.31642113646354164,20,1.0,0.9530477364018737,0.9530467982926608,0.0021296827394864264,0,0.0,0.31424750455199957,0.3064244252813154,0.01982252808503357,7.125305491507609,6.990006404509139,0.3658698620707632,22.628176944389313,22.180135325075224,1.4307541324292619,0.9981098393201663,0.9742189804154304,0.07469802719345983,20,20,4000.0,4000.0,0.0,75.80845914208948,75.92547356629886,1.4033136845172802,160.79885125156054,161.83235720034813,3.632972009293732,22.689102340433543,22.738521369467456,0.2869361379968303
front,log104,40.0,oracle-power,full_log_excluding_training,4.64308313640637,4.206239435413371,0.9028468935135436,0.10276058962749783,0.1013918592497359,0.007363149452561298,0.3429810670976862,0.3370178619629818,0.02262675618037702,7.3412636527276,7.202432856404389,0.4018425305880841,4.549525624526521,3.9110199811326005,1.085105947496605,0.3591576209737364,0.34918583303734,0.043959838662411994,7.679256130932731,7.652438916967586,0.796236775028434,8.50131079035731,8.622340090996394,0.6303201445610959,8.501594873725445,8.622340090996394,0.6299035544934959,20,1.0,0.9441855588332725,0.9443616773439496,0.0032098884116298918,0,0.0,0.34314648316511104,0.33718753385210154,0.02283901644307291,7.344717729517997,7.203928806417788,0.40524934514076716,20.78476846952133,20.215860011240984,1.6139073739326417,0.972328576568365,0.9313829365530235,0.09796481526943304,20,20,4000.0,4000.0,0.0,71.53037088266888,72.57813198804475,2.0975603777731546,166.57856187526062,167.6308323463045,4.338823418432149,21.42128300321304,21.65852362916766,0.5017203390037619
front,log106,40.0,oracle-power,full_log_excluding_training,3.2663255367502613,3.2647906574969503,0.2129801884169164,0.06044868739294772,0.061559307705669766,0.0037709739340082435,0.2051939154042417,0.20937320035690737,0.012665278871094938,4.997570548874595,5.067828797454975,0.31272712395767155,3.191569688221154,3.1482457369707344,0.24271243221491762,0.21472809727534486,0.21611150055815326,0.018302956596001122,5.23070861417902,5.260444037238731,0.4619138198821372,5.76799889705455,5.609582064226576,0.49347094634864674,5.526691793392077,5.680464368693393,0.38736242178190927,20,1.0,0.9814689320868689,0.9813277596580694,0.001512340738899509,0,0.0,0.20580751192825927,0.20989836242520635,0.012967688521447833,5.0125759514596435,5.0811297391581345,0.3211490088692066,22.25896726499557,21.998764693200233,0.7998735598840049,0.9139716921034304,0.9047471929812582,0.032972509703498416,20,20,4000.0,4000.0,0.0,82.67892863486064,82.73169837907761,0.9275250850444016,138.19396053903023,137.34910776770286,0.9582841792071606,24.35821786903584,24.396707161324308,0.45994813508064236
front,log107,40.0,oracle-power,full_log_excluding_training,2.4301619797321696,2.390641502806839,0.10644189558191974,0.047324364047739244,0.04652652130184501,0.0018341850067103483,0.16628830651129295,0.1635509144329694,0.006181883063290987,3.800469204050221,3.755542564715326,0.13291786710840456,2.46379934854036,2.4462094506500556,0.09804094470847893,0.16843882008750583,0.16612866492193645,0.007135128146609325,3.8492999568926947,3.781968700700612,0.14582160118166562,5.666126852553727,5.399160100508221,0.9615344748988195,4.470053679878562,4.494655892088199,0.27750060421529493,20,1.0,0.9865208574778697,0.9868287492025353,0.0011007061017656932,0,0.0,0.16640638266808352,0.16372934454411409,0.006207759891421736,3.8031500986009,3.75829575213549,0.13293827991749188,22.907449766708154,22.952393789917004,0.6592035938313937,1.0021930037697309,1.0034717878753507,0.026849806635132166,20,20,4000.0,4000.0,0.0,80.32546475530195,80.54471556030639,1.2365943013229561,141.61824502429656,143.2959687942977,2.9761291702193278,22.858908710364222,22.89874708201375,0.36267048776356364
front,log109,40.0,oracle-power,full_log_excluding_training,3.0586606166327233,3.0361150246572173,0.13559166493184707,0.05674099212720043,0.05844393326160265,0.003153440741895673,0.20041409152300732,0.20330520968101506,0.010346800254994761,4.565947459928584,4.655486860267047,0.27181063055717486,3.149151401635165,3.0686842853590686,0.1888055315505211,0.20988358841177632,0.2111498388302689,0.015171320784786996,4.783661571097483,4.83661084628162,0.4003395875679707,6.277613321886164,6.796656024582807,1.074868996779441,5.058576822778888,4.9085671658291,0.572600512776595,20,1.0,0.9809642553910569,0.9805445563108928,0.0016806509898174454,0,0.0,0.20086104767408403,0.20367001271045082,0.01051830768029546,4.576225177260926,4.663911284283991,0.2770539188091891,22.078219548477016,21.60266457311097,1.0783528834646505,0.9696527271404671,0.9534781134943549,0.050191278858597595,20,20,4000.0,4000.0,0.0,80.46943056944421,80.51274958590193,1.671751203333513,158.39446594544435,163.14952995471293,6.795585319082572,22.78132857095817,22.855379382185685,0.6354724072467858
front,log110,40.0,oracle-power,full_log_excluding_training,3.924565009770112,3.95811264944292,0.13562731046221413,0.0802700064394621,0.08015567087641746,0.002647971625240519,0.28840696972092,0.28750697979954865,0.00909353990015579,6.495590392263777,6.663570391190515,0.28990661943408147,3.866685789515981,3.8262234927099557,0.13012462248905612,0.2938016081568321,0.29024996190391084,0.012741318538848488,6.616656988015603,6.67513504799283,0.34684910627280147,9.867257943507173,10.566269566581497,1.7747296169333655,7.40548521457616,7.581519512587236,0.4471009024533493,20,1.0,0.9587486293817751,0.9583513654468971,0.002149449809100067,0,0.0,0.2886906041279097,0.2875075289390667,0.009246407055169823,6.501956059348449,6.669135706667695,0.29197385462743053,20.694201280608606,20.29464070367358,0.9835803701403399,0.9187991402218803,0.9234428909360566,0.030665693636148027,20,20,4000.0,4000.0,0.0,80.90667245917226,81.47598543438343,1.8845657059650354,148.1456371182863,153.5219790158836,9.571760850112053,22.52160721821565,22.593758827839956,0.6947432232203592
front,log112,40.0,oracle-power,full_log_excluding_training,3.9427361010693183,3.8697015965424475,0.28653751895562274,0.07470670122559828,0.07287167231109062,0.005715414391338521,0.2531527557002806,0.24738926857612237,0.018297045808621175,5.820821163111566,5.700037799342315,0.4052322492497971,3.9329778504791677,3.823692878384695,0.25855184517968616,0.26271877442763647,0.25354858962956917,0.02854447616181411,6.040343091779359,5.841473056862398,0.6390619089543162,6.568348280546635,6.467698910654503,0.5088458426453241,6.568348280546635,6.467698910654503,0.5088458426453241,20,1.0,0.9688523743554793,0.9701958028572647,0.0028671194531060653,0,0.0,0.25329143083043393,0.24747800269750359,0.018445299226877265,5.824003128610853,5.702082303110563,0.4086114942130835,21.32274539875747,21.522227831737613,0.9504426252263879,0.9271415504820808,0.9356516008171412,0.040027600583334315,20,20,4000.0,4000.0,0.0,77.95456953644343,77.91001720627915,0.9153368965395212,167.30148896761187,168.2475820465773,4.06367301549198,22.997835090697492,22.983618833725423,0.22044207180882305
front,log-0046,40.0,oracle-power,training_window,1.753553135267134,1.7029411074117253,0.19849416207478976,0.040144504979610876,0.039053897680587035,0.006031635234360639,0.13223467626503643,0.12725604535449792,0.019246278677052718,2.556741592219576,2.4389642063276975,0.3328357855895429,1.7535531334293837,1.7029411073278318,0.19849416442867995,0.13223467626503718,0.12725604535449792,0.019246278677051854,2.5567415922195913,2.4389642063276975,0.33283578558952814,3.7160588795709777,3.6380764392792346,1.0177699347355078,3.291546605707354,3.3336605153003314,0.4842341740191487,20,1.0,0.9910373680162448,0.991869866119041,0.002719773161302635,0,0.0,0.1331507301593366,0.12810499010158413,0.01919767495575605,2.5741707214168863,2.447025282625604,0.3291162067916888,19.32239081050802,19.7674236274218,2.111831520787205,0.9910373662225289,0.9918698658504718,0.0027197714393886845,20,20,3903.4,3903.5,0.8825799501580878,64.35472408145269,64.30314799191183,7.865595818361947,130.39872265582983,126.6203009938281,17.55529175361567,19.49392504082246,19.91914049736386,2.1078009495771672
front,log-0048,40.0,oracle-power,training_window,1.5833119499509682,1.6252461819122896,0.3435216041549,0.03650332715523165,0.03852695003091823,0.006254255741315093,0.12075742633572406,0.12332098528111354,0.020604668145773247,2.4627586753151554,2.5247144915663027,0.4641684731204734,1.5833119697472138,1.6252461845959199,0.3435216033041988,0.12075742633573323,0.12332098528119037,0.02060466814577342,2.4627586753153468,2.5247144915663027,0.4641684731205069,3.18715404667956,3.1244693044537617,0.5199046887721748,3.1211769069313755,3.1712230624496387,0.34519993643054026,20,1.0,0.9924758087198624,0.9923667198776143,0.002531560513041246,0,0.0,0.12771016524987577,0.12796119139656897,0.02520829499662486,2.598867824689762,2.5601198203272433,0.5122843943797583,20.369445504727267,19.951759664215732,2.838373585807126,0.9924758037739736,0.9923666915792783,0.002531559506619025,20,20,3903.8,3904.0,0.8335087534664908,67.78731664907086,66.48110509382494,8.330601251055468,130.54775469788981,131.908029530372,11.85761826005192,20.52178118826533,20.040943985462476,2.845905248638405
front,log-0049,40.0,oracle-power,training_window,1.3321526763261007,1.230882557705669,0.339228073383214,0.031848719496688396,0.0319259986835454,0.0057991734194100435,0.10506909628579839,0.10564204814531565,0.017004730862643046,2.1268952155388705,2.016001407821031,0.574077592729646,1.3321535361370813,1.2308825577190206,0.3392280800554956,0.10506909630408486,0.10564204814531564,0.017004730869586086,2.1268952158771572,2.0160014078210304,0.5740775926863837,2.407602543532092,2.416340503666266,0.5525367443917087,2.379133612547881,2.3217699759743375,0.597662136655834,20,1.0,0.9943246850644586,0.994403543591158,0.0021033430138180653,0,0.0,0.12162746919443368,0.12151350719647624,0.014315731372658055,2.4376850114728024,2.324886460232858,0.47297372513686,20.014948190791497,18.88152870046619,3.4303833929942185,0.9943245414270516,0.994403543500863,0.0021033846309820767,20,20,3904.4,3904.0,1.2311740225021848,66.42227046233636,63.35832026480199,9.72697590692664,113.69535806501176,113.38702968087262,7.465610356799715,20.130718782966532,19.001617899473416,3.45928698012119
front,log-0054,40.0,oracle-power,training_window,1.8058429688326114,1.897244238174103,0.32129115001412256,0.04157933767647801,0.041019670197285675,0.006156296999763009,0.13733209692638698,0.14056380810362387,0.01940312698907164,2.3972612980106507,2.4873523155670627,0.391607709724267,1.805843985079927,1.897255126884539,0.32129122910518954,0.13733209695780535,0.14056380810362926,0.01940312704083209,2.3972612984633637,2.4873523155670676,0.39160770974903747,2.8277282120488128,2.8290207234431524,0.5820729279707677,2.6482191194242715,2.745278496123155,0.47633606738602813,20,1.0,0.9903412128009906,0.9900712171480831,0.002619785407502654,0,0.0,0.15563441751878818,0.1539964687942555,0.011756614486819857,2.7066492338385926,2.7238880374241434,0.21834284062088563,17.35448120231743,17.571344461456505,2.2584031711280415,0.9903410756955504,0.9900712079074367,0.0026199985675136555,20,20,3903.25,3904.0,0.9665456669582609,58.166856149724524,57.86375110950827,9.5000506188592,112.05301598457993,110.32669743436372,17.074977479259534,17.522239549182217,17.720101968970756,2.2681128888515967
front,log-0055,40.0,oracle-power,training_window,2.072363454253676,2.1972531512520637,0.27135602666276293,0.03710150607063954,0.03667089432318563,0.0020377592817200805,0.12649319475796464,0.12513042162635543,0.005888497734356077,2.807607119841559,2.8220980714155095,0.338487414660532,2.072363454249193,2.1972531512442544,0.27135602667518943,0.12649319475796464,0.12513042162635543,0.00588849773435608,2.807607119841559,2.8220980714155095,0.33848741466053195,2.987889671710424,2.9950544205296294,0.34097297644457136,2.8656414907892076,2.875119634136883,0.1481960035502322,20,1.0,0.9919505880774135,0.9921401362160931,0.0007690099638033746,0,0.0,0.12748818282872518,0.12679674503491808,0.005611426188904601,2.8302095102644222,2.904133244923913,0.34238310638838354,22.139933724399476,23.02933064402987,3.3867056179532793,0.9919505880730668,0.9921401362173503,0.0007690099201937249,20,20,3903.55,3904.0,0.6863327411532597,76.13105661681197,80.91543901950702,11.565644441855346,130.79317103794853,133.2539275936189,9.997916598867382,22.317575005420373,23.214529519112745,3.4012846164104467
front,log-0056,40.0,oracle-power,training_window,2.1551856284368665,2.203365651673926,0.32831369062996296,0.03933325084471727,0.03868277751863957,0.0062900931521773715,0.13717799753291235,0.1315029862937749,0.020794232347338248,3.042064594803893,3.0639718814483556,0.3562771869513068,2.155185636918664,2.203365652059002,0.3283136817666101,0.13717799753291263,0.1315029862937749,0.020794232347338074,3.042064594803899,3.0639718814483556,0.35627718695129784,4.076049930629253,4.011782204211986,0.8816723530694671,3.555798583820797,3.6595883296787797,0.5807324402534974,20,1.0,0.9903351033295928,0.9913157095359644,0.002865403811944152,0,0.0,0.14451150168137258,0.1394704961780882,0.01578844421991826,3.208200180764205,3.234044873045292,0.23132654114960194,22.10472320321236,21.992967912631652,1.521024447216969,0.9903351017410739,0.9913157080138864,0.0028654043873106968,20,20,3903.6,3903.5,0.6805570473787206,78.03104067597239,78.39897120443638,6.398200708656423,130.37007500448456,133.62128330270525,10.483749603195175,22.317630365519772,22.283227828599504,1.4919953063171958
front,log-0058,40.0,oracle-power,training_window,2.25099949282738,2.2388410466982185,0.33327210098513466,0.0434843553285521,0.04323333005349485,0.006272629962883916,0.14794979145801296,0.15123714410630817,0.018714076715406057,3.13891303869227,3.129530076879646,0.33341292098332537,2.250999507819606,2.238841052442298,0.3332720835961049,0.1479497914580376,0.15123714410630842,0.018714076715365173,3.138913038692847,3.1295300768796466,0.3334129209826478,4.865180177943225,5.259313380620762,1.3700991689097624,3.6825030452798857,3.580708150873159,0.43877324485768787,20,1.0,0.9888229776170876,0.9884974686489989,0.00276677849202133,0,0.0,0.15687928789171293,0.1597337429236347,0.019740734841222123,3.3255727574398444,3.204771536175649,0.32678992563888176,21.07755179142569,20.656427224732067,1.4621394270975212,0.9888229702021853,0.9884974645955071,0.0027667716509179523,20,20,3904.0,3904.0,0.5619514869490163,72.76266847444322,74.68040295746503,5.855195186562945,135.8967720534893,136.96458072441416,10.312746944285879,21.313693740756637,20.941050252482924,1.4433135284840561
front,log-0063,40.0,oracle-power,training_window,1.8249462033314614,1.753406126650109,0.17922229874683282,0.03673884692411068,0.03516035354031666,0.004657818599700941,0.1182704342661546,0.11334823134614976,0.01549388999127437,2.7825145957686184,2.7606769301536245,0.20236761372619042,1.8249462065571016,1.7534061283771205,0.17922229653382876,0.11827043426615465,0.11334823134614977,0.015493889991274384,2.7825145957686184,2.7606769301536245,0.20236761372619008,3.6494396661732003,3.749931678464284,0.2935989630307974,3.3898896681451105,3.5279305895631263,0.39301309254455274,20,1.0,0.9928649309831205,0.9935549355782735,0.0018568809926507459,0,0.0,0.11923350344348863,0.1144013178178902,0.015840684073936174,2.8051667291867224,2.7671893109386776,0.21474409592583316,23.869811429766937,23.375306790017177,4.316149842341502,0.9928649303514552,0.993554935403129,0.001856881522585667,20,20,3903.65,3904.0,0.8750939799154206,77.1934535316494,80.48963875665257,12.83940290587627,138.77352979180264,152.94565276856372,19.9654573564593,24.034099104418857,23.56685498640031,4.305316535566985
front,log-0071_183,40.0,oracle-power,training_window,1.6458562080632937,1.712192473307598,0.241422158939784,0.03450955561766843,0.03500233603410734,0.0038700576860874253,0.11495219099473497,0.11774968757163629,0.013917508138319485,2.3558505841963644,2.35195605989472,0.3203809723289795,1.6458562781311425,1.7121924732319567,0.24142216185377768,0.11495219099494954,0.11774968757163629,0.013917508138421053,2.3558505842003563,2.35195605989472,0.3203809723276575,3.003251592503678,2.869774203200084,0.922961477205005,2.5948264821861833,2.6200939307737316,0.40678705101957324,20,1.0,0.9932771462810541,0.9930432653053631,0.0016197076205446104,0,0.0,0.1172449167107152,0.11846910546061712,0.01276009291482523,2.4027763676959624,2.382856725603446,0.2994976844461061,20.34893581084489,20.31385274859222,0.9801511843440327,0.9932771335913776,0.9930432653556649,0.0016197126443961759,20,20,3903.65,3904.0,0.7451598203705947,68.17873225766142,68.05484807246181,3.425335220057238,126.57281948085479,129.9356483210314,10.76623849042981,20.486799140139237,20.407855043439568,0.9896643032043604
front,log-0072_184,40.0,oracle-power,training_window,1.6156325656386443,1.6798379136856325,0.1374571930075246,0.033471095139735535,0.03388728234325473,0.0018181248769321013,0.11371845095118294,0.11514933129785021,0.0071054162140813185,2.385324599597824,2.5197290085932535,0.24025360150938382,1.615632566090665,1.679837913703698,0.13745719222411082,0.11371845095118296,0.1151493312978502,0.007105416214081309,2.385324599597825,2.5197290085932535,0.24025360150938319,2.5019011806699014,2.566858267470976,0.26612802578589445,2.53488595260355,2.621518775389095,0.30046307042137005,20,1.0,0.9934886026736083,0.9933481045068886,0.0007592782638216589,0,0.0,0.11949238206648809,0.11882800660764627,0.010124660197372683,2.507265215213909,2.6389419536057384,0.2951283305744446,20.810805559106527,20.877088176480882,1.285710574097661,0.9934886026241273,0.9933481046560731,0.0007592782069966569,20,20,3904.05,3904.0,0.9445132413883327,71.18005077571613,72.34547933234924,5.14036368001393,130.61126290621937,125.95036342756083,9.538780062335901,20.947551447853634,21.027709071167074,1.2996860427963985
front,log-0073_185,40.0,oracle-power,training_window,1.5908738292603235,1.5745838937602437,0.27395634552793474,0.037260015904276106,0.03766659971290628,0.005405245655542758,0.12264511346606415,0.1274552575564859,0.017465255686150247,2.2914448172602757,2.2737321128467682,0.4060816804360123,1.5908739982340685,1.5745838974218325,0.2739563823606784,0.12264511346625742,0.1274552575571623,0.0174652556863357,2.291444817263577,2.273732112846803,0.40608168043671283,3.255764377637938,2.6911145611802647,1.5287924220739526,2.697541430659107,2.628518375425873,0.5704504313233847,20,1.0,0.9923023447978192,0.9918430331579211,0.002164122108635525,0,0.0,0.1248263845099354,0.12792701189152525,0.01802285348167437,2.329223843744571,2.347912634858048,0.39892813159545276,18.65097265056518,18.776995329306985,2.922172582703309,0.9923023265303437,0.9918429361943586,0.002164134926413147,20,20,3904.0,3904.0,0.6488856845230502,62.124089152222396,58.65037269543673,11.361416311517486,120.08649678450226,115.10837251454872,18.284254366008877,18.793942330986784,18.94176109919445,2.931864693429553
front,log-0078-valid,40.0,oracle-power,training_window,5.040982346922256,5.204080088732059,0.5681813707360189,0.0703872731082966,0.07568995822632724,0.010413284618343479,0.23091644085883098,0.2403081318929839,0.033807473468347504,6.408542614281188,6.598030596835877,0.5773715248991409,5.040982346693885,5.204080088731684,0.5681813706255917,0.23091644085883098,0.2403081318929839,0.033807473468347504,6.408542614281188,6.598030596835877,0.5773715248991408,5.817421135048031,5.9047518592417685,0.6687066091903039,5.968938756655612,6.030624403712611,0.505123390168061,20,1.0,0.9723820000956142,0.9706963802642099,0.008274579457956139,0,0.0,0.24408391473155117,0.24840884354602538,0.03329843745599216,6.774006970645596,6.796621606663262,0.5136285537224613,27.239921794163376,27.172011844029825,2.256292142404373,0.9723819996662317,0.9706963804014415,0.008274579565468445,20,20,3903.1,3903.0,0.7880689256524124,91.95988484462914,89.36416941601479,7.523834488825131,173.79811516453694,176.35813647945355,15.41365841399422,27.999071938430358,27.882900537219165,2.1244765471313882
front,log-0079,40.0,oracle-power,training_window,4.612651139324447,4.879801828084593,1.0272832884258567,0.07004308895142229,0.0716415007001272,0.01641498526103588,0.2296769994650262,0.23723246357832375,0.051768749140305596,5.934018673002557,6.220662732605916,1.2436381139022028,4.6126511394298095,4.879801825156999,1.0272832881697,0.2296769994650262,0.23723246357832378,0.051768749140305596,5.934018673002557,6.220662732605916,1.243638113902203,5.689949253351171,5.798744762302604,1.24207991534426,5.7034933102211225,5.878567163331779,1.1935532152688184,20,1.0,0.9718881176884139,0.971290098479144,0.011963074531769192,0,0.0,0.25490976135464205,0.249548845552288,0.03653435044700342,6.585761521474311,6.370110477747485,0.7913204978410203,25.25286851043132,25.687425439622885,1.8652171684533467,0.9718881172168192,0.9712900983266193,0.011963074748626755,20,20,3903.6,3904.0,0.6805570473787206,85.4535028364044,86.78373952547675,7.553161581756575,163.4327393321491,154.66811937893152,17.77160370299145,25.97488615276515,26.21430811808304,1.7769349332256783
front,log-0080-valid,40.0,oracle-power,training_window,3.9666492356735894,3.3171932667973985,1.3231167596307458,0.05735164601238252,0.048983743189477416,0.022490618204579423,0.18870554099709647,0.1610372457134677,0.07678271989825669,5.158360105075618,4.38682056022942,1.5065809903938807,3.9666492361423713,3.317193266898099,1.3231167620383213,0.1887055409970965,0.1610372457134677,0.07678271989825672,5.158360105075618,4.38682056022942,1.5065809903938814,5.10585726538781,4.56962308784799,1.5252402822074596,5.199941124138236,4.545175313652979,1.6725095864646908,20,1.0,0.979009607955831,0.9869481716062801,0.018626510703479725,0,0.0,0.23985859294450002,0.21151819141211148,0.07917511273127807,6.623668125015908,6.128170550846632,1.505213819649678,27.86780833898029,27.478972712170783,3.6840507008980863,0.979009606829958,0.9869481716396282,0.018626512874242062,20,20,3903.85,3904.0,0.9333020044867296,93.08566559565458,91.31296971045379,10.625187863652435,176.06164060595535,178.3285346971846,11.753488986200743,28.417851120421982,27.85201835206839,3.3559177336184485
front,log-0081,40.0,oracle-power,training_window,4.460479930950777,4.032159475312854,1.3322941748418666,0.08267715771214976,0.07826765520213991,0.023960802189033858,0.2730213486431603,0.25540451093771743,0.0804750089367647,5.69752317699239,5.2262160860199085,1.5357240701515746,4.460479882029315,4.03215947222692,1.3322940836089896,0.27302134864316524,0.25540451093771743,0.08047500893677809,5.6975231769924735,5.226216086019909,1.5357240701517116,5.689657593720406,5.265887291699267,1.2115335583172462,5.811948785249863,5.508626894111933,1.5916352318655331,20,1.0,0.9584100095733673,0.9668342423102485,0.028231766812274715,0,0.0,0.3975571498083148,0.30464666686101205,0.17552601939947146,7.950271953350418,7.55161360933873,2.1215956302041747,20.63747837669065,19.165020924774723,5.281253560767321,0.9584100490904577,0.9668342425037113,0.02823164515456832,20,20,3903.85,3904.0,0.5871429486123998,70.90790645736124,65.02990498339557,17.472681410584887,148.250622444759,147.2801331156678,24.52896405330761,21.47092255385473,19.63924088937111,5.2419695417776895
front,log-0098,40.0,oracle-power,training_window,6.155460887705955,6.2229766835329485,0.7901558654760319,0.08858760912704815,0.09160557434295916,0.009960395059189702,0.29891095418637653,0.3023077238061216,0.03315263720845586,8.128667907600821,8.31253553901721,1.1123324389719627,6.1554608859461855,6.222976660634172,0.7901558655951622,0.29891095418637653,0.3023077238061216,0.03315263720845588,8.128667907600821,8.312535539017215,1.1123324389719627,7.376591040834112,7.365467416719627,0.7850817814092533,7.830011847695223,7.883661062222892,1.0083326076058838,20,1.0,0.9536810747665431,0.9531774482647271,0.010285739404355114,0,0.0,0.30349583442263317,0.30404523018631285,0.03510215642971242,8.2533222747181,8.434723245737278,1.1625351460350133,25.929594056713427,26.11260935581592,1.9679714750723571,0.9536810727665612,0.9531774480083158,0.010285740882169159,20,20,4000.0,4000.0,0.0,91.66895682430109,91.6015504403934,5.630657442681559,169.6417636447385,156.85476308404887,21.309722763987004,27.189058518604885,27.262417306186585,2.059349613385434
front,log-0099,40.0,oracle-power,training_window,5.354638477823641,5.298061676977678,1.320085856571703,0.11204685624017903,0.11911849301279885,0.023325271752094662,0.37164493087469047,0.3891110918420835,0.0719674303317652,6.886297131666238,6.972771912925581,1.6509633240773205,5.354638477634028,5.298061679755936,1.320085856717647,0.3716449308746906,0.3891110918420835,0.07196743033176523,6.88629713166624,6.972771912925594,1.65096332407732,7.176151096230212,7.054024260222034,1.7135602836982766,7.542690921172808,7.650237340299584,1.8722968732985514,20,1.0,0.9253978892132002,0.9211864713979131,0.025098679306220548,0,0.0,0.45393900742303706,0.4263812383195788,0.08056759147649944,8.392196940862831,8.039145252310483,1.7286657258847613,17.177664829633876,16.521045005581914,2.712707866794009,0.9253978887017906,0.9211864713077874,0.02509867962875827,20,20,4000.0,4000.0,0.0,62.00888380316329,60.60775908489538,11.359462021664909,135.09113964305067,128.5606284413164,27.23264507130553,18.555915110704444,18.181790436819824,2.856481565059245
front,log103,40.0,oracle-power,training_window,3.8486938063658194,3.535414248278536,0.8753964575473692,0.08509994112258161,0.08530399933816814,0.012634155398348631,0.2797882564927682,0.273126267207074,0.04158858209801751,6.359634969521904,5.962673074309222,1.2989732959584785,3.848694311462471,3.5354142497238756,0.8753977035217597,0.27978825649708317,0.2731262672088782,0.04158858210436526,6.359634969626601,5.962673074309222,1.298973296113692,7.3002990932574106,7.272601215683568,2.235844036799843,7.43909112941233,7.705925208721548,1.2517529226490978,20,1.0,0.9591296586056673,0.9619767152148693,0.012384194506207515,0,0.0,0.2937893210550118,0.2832920829530903,0.04353377817221952,6.699100103907194,6.217321141669117,1.4755741583739312,21.745291531079925,22.05500214491561,2.585559067972883,0.9591297720536541,0.9619772577519982,0.012384125885154305,20,20,4000.0,4000.0,0.0,74.79534212350237,77.02809319366088,10.37819031684095,130.396126849611,132.3672959390751,15.275912020799144,22.676742436405778,22.813203872939162,2.7186848516490394
front,log104,40.0,oracle-power,training_window,3.8764432418438126,3.4596904429241864,1.541694839362697,0.09262581169871084,0.08875542583889948,0.013024425327415545,0.3028005783210338,0.29883382570481154,0.05070445683425399,6.462568500941517,6.119935211796351,2.1542701752216016,3.8764433318022014,3.4596925892451296,1.5416950736827284,0.30280057832190344,0.2988338257066082,0.05070445683491312,6.46256850096322,6.119935211796351,2.1542701752446662,7.747225008431293,8.166712444154992,1.9839923628478195,8.081567294106316,8.822822606399656,1.6783896175341035,20,1.0,0.9516302974734747,0.95430133408026,0.016833295749802853,0,0.0,0.31499017874624363,0.31209966367747316,0.05213395777422396,6.743225709412593,6.124721737108134,2.338644721770608,19.872536393741296,18.4814819072972,4.013167527880825,0.9516302745440705,0.9543007361369108,0.016833144914589444,20,20,4000.0,4000.0,0.0,68.67093615715581,61.76565171807984,16.976583363553562,135.8264970287699,138.32788295861081,13.416008757530626,20.92541775596302,19.41368225020328,4.415107425889911
front,log106,40.0,oracle-power,training_window,2.0507296568598523,2.036248573727957,0.14475665984409863,0.04554418319501325,0.04441392318929231,0.0028547934515591165,0.15341418909950302,0.14952185656156528,0.00834016219290917,3.1728873326655975,3.1420680219160686,0.23618688947989241,2.0507296273288405,2.036248650931495,0.14475667938975106,0.15341418909958718,0.1495218565615653,0.008340162192875353,3.17288733266736,3.1420680219236834,0.2361868894796526,4.740540195181812,4.857953004584991,0.7163858006094216,4.03209703317951,3.9613991692234416,0.31128178328693396,20,1.0,0.9881277019806445,0.9887584198816453,0.0013182010318313242,0,0.0,0.1639927689300989,0.1642849883698342,0.009249890595295922,3.388764590802647,3.4184854953129467,0.20887411402964162,20.45522270141951,20.51840715807794,1.3212690531804452,0.9881276834550932,0.9887584189439115,0.0013182009674774361,20,20,4000.0,4000.0,0.0,69.86716593414006,70.04439747004102,6.045838888773357,133.80088713581068,138.19637007657434,5.859101150290384,20.700539774197185,20.73961546139602,1.3308001328315344
front,log107,40.0,oracle-power,training_window,2.0211056289660627,1.971062437896691,0.20002828636317374,0.04704836417637569,0.04626275954888365,0.003604541299903597,0.1585336759052626,0.15539431783422003,0.011278056848121,3.097332762105342,2.983161185204703,0.33804101830042,2.021105628956016,1.9710624378271806,0.20002828624185814,0.15853367590526263,0.15539431783422006,0.011278056848120999,3.097332762105342,2.983161185204703,0.33804101830042,4.639819848898915,4.72705267292776,0.6360631793586978,4.021591535762381,3.923727529363939,0.3823908506885627,20,1.0,0.9872907262317447,0.9878522750552647,0.001852640449506028,0,0.0,0.1602914781312818,0.1594022491041089,0.011924257146934113,3.1316840697356794,3.00035168664553,0.35032765727569465,19.27323381433514,19.24639929909015,1.2739128199539986,0.9872907256331457,0.9878522748118339,0.0018526405460050366,20,20,4000.0,4000.0,0.0,65.92274599342028,64.55762281960972,6.078844286168416,128.62044024127408,129.21277352489818,11.227658975126605,19.521793310789956,19.50952890702203,1.2981231778908224
front,log109,40.0,oracle-power,training_window,2.2753567725046064,2.336342252222881,0.4086657428981911,0.04884034829007279,0.04674263277074144,0.007727387614301319,0.16035202627979545,0.159195710220561,0.022796713784680785,3.5224863971644202,3.569032601469182,0.6900366099221973,2.275356589312575,2.336342251744714,0.4086659522703136,0.16035202628012932,0.159195710220561,0.022796713784327488,3.522486397171403,3.569032601469182,0.6900366099152968,5.592666971270447,4.6459079744356035,2.1697655985471047,4.221470077267983,4.1449957216562545,0.5578056239648215,20,1.0,0.9868028726421405,0.9872467237683716,0.0037853681982008194,0,0.0,0.16964919797342828,0.1707584973869617,0.02073079973209887,3.7159545658381807,3.933677164420914,0.6166415866776492,21.567902076541227,21.116543008143687,2.094562670886649,0.9868028515314595,0.9872467228045674,0.0037853487183461248,20,20,4000.0,4000.0,0.0,71.96663482291747,69.8283345494833,7.570503698967081,143.72389033385443,149.79375517128187,17.45006619979663,21.859002172407084,21.52110162306656,2.148813354930575
front,log110,40.0,oracle-power,training_window,2.207842360926443,2.281659013560434,0.30928348347975004,0.05048534992920215,0.04914607993487616,0.008658589051541253,0.1670478879214568,0.16287003221360213,0.0276904266694384,3.283383815788361,3.34661772220351,0.45706726923939167,2.207842305814019,2.281659013104478,0.3092835092558861,0.1670478879214824,0.16287003221360213,0.027690426669435046,3.283383815788875,3.346617722207018,0.4570672692393934,6.709219757929245,5.2053754714740315,3.934565247802795,3.956826066706906,4.26774327584476,0.5476071284718844,20,1.0,0.9855680185140718,0.9866464907799215,0.004840865575905276,0,0.0,0.17465348293860666,0.1719459869371326,0.023722387248267873,3.4355211792414835,3.5410079729809443,0.3898211549897828,19.567673918248623,19.815058526802623,2.310566784748337,0.9855680104752246,0.9866464892479488,0.004840864094709412,20,20,4000.0,4000.0,0.0,65.83784604867284,65.49953538802819,8.59239191658524,127.84191365252552,120.66993459677639,14.42275945992266,19.8480142118451,20.079928836826348,2.2944000476097495
front,log112,40.0,oracle-power,training_window,3.1286400355537163,3.1720632423988535,0.5289473727062427,0.0664088056754564,0.0658295508709861,0.009150424951461658,0.22091473336226458,0.21919271248588668,0.032350207002791204,4.874027931002258,4.9259854952358975,0.7718303909241959,3.1286400089592847,3.172063242787888,0.5289470607609738,0.22091473336398404,0.21919271248588668,0.03235020700237149,4.874027931041855,4.9259854952358975,0.7718303909297182,5.629065736486958,5.708205084272096,0.6070592481729631,5.955571958790039,6.169538182766261,0.5829508623868861,20,1.0,0.9747543818858576,0.9756795348002327,0.007702800581114725,0,0.0,0.23207554001308917,0.2271923830696247,0.0253605549944278,5.115717365058782,5.137175452178937,0.6123223403200613,21.512205552264174,21.787575969207364,1.6374196651049122,0.974754231789295,0.9756795333512769,0.007702700735776937,20,20,4000.0,4000.0,0.0,73.36498608373799,73.57330346806663,6.022215727913524,137.96593176576246,138.81808940642793,9.476776581289736,22.068453431049495,22.323338209125097,1.6631268674457855
front,log-0046,60.0,oracle-power,full_log,1.8949008012925976,1.9464132527978752,0.09915013096570298,0.04103884552553418,0.041852791222792535,0.0015736084677418233,0.1353926573238901,0.13807797338134561,0.005191545456666868,2.784716330041732,2.839947120428179,0.10677817909098129,1.9200498402494446,1.9459550382682462,0.09518184160119264,0.136273091683978,0.13847225182709297,0.00536754833885654,2.802824844849899,2.8480565234649298,0.11039815457455208,4.568566756298892,4.790452910722838,1.1294569307491795,3.4705835102241656,3.4434644306927362,0.22365576641149443,20,1.0,0.9909312648328452,0.9904762182324306,0.0006169745122085801,0,0.0,0.1353926573238901,0.13807797338134561,0.005191545456666868,2.784716330041732,2.839947120428179,0.10677817909098129,20.467004944104907,20.42436565686767,0.35349047186660565,0.9951039382176612,0.993030819910002,0.017186674925692796,20,20,5855.1,5855.0,0.967906041546987,67.85562055611665,67.85562055611663,1.4580029302424492e-14,165.89980059488886,165.8998005948889,2.9160058604848984e-14,20.56770570194259,20.567705701942586,3.645007325606123e-15
front,log-0048,60.0,oracle-power,full_log,2.0944987021082935,2.0765839005890196,0.0976038706688217,0.04206847423512201,0.041043942822921155,0.00258525630764454,0.14566388318771364,0.14211639955151434,0.008951560037626403,3.2687225222500835,3.189116381007678,0.20087454256973455,2.1480228873370715,2.1326918798017958,0.2259885918750304,0.14967858757302763,0.1465193218755838,0.01001004595989292,3.358813177237914,3.28791871312632,0.22462714821144003,4.132320270666839,4.047270756055033,0.6415681134956737,4.132320270666839,4.047270756055033,0.6415681134956737,20,1.0,0.9897355988391554,0.9902398828190409,0.0010364018604498981,0,0.0,0.14566388318771364,0.14211639955151434,0.008951560037626403,3.2687225222500835,3.189116381007678,0.20087454256973455,22.308361571216526,22.12288837706717,0.6558738893612063,0.9941261614895647,0.9858609308059809,0.029227668287982282,20,20,5855.7,5856.0,1.3803127029389888,77.7000493048807,77.70004930488071,1.4580029302424492e-14,147.02804677703884,147.0280467770388,2.9160058604848984e-14,22.440171514841165,22.44017151484117,3.645007325606123e-15
front,log-0049,60.0,oracle-power,full_log,2.5889165541390273,2.782664728243972,0.2767860877991716,0.04986331872610155,0.05252493854579157,0.0037365672787079236,0.16566959460157574,0.17451275802865712,0.01241464872535676,4.014932286598226,4.229242597699307,0.30086374095428786,2.3251262829475676,2.391910899323566,0.12022221599524417,0.17142259960225004,0.1803759100587332,0.01448622588766193,4.154353920228207,4.371333597821563,0.3510675339503471,4.380253664408874,4.5479403977094925,0.3369776445765828,4.157477350445285,4.403344359783318,0.3396945564782121,20,1.0,0.9882724301119765,0.9879306469231324,0.0005983022053167882,0,0.0,0.16566959460157574,0.17451275802865712,0.01241464872535676,4.014932286598226,4.229242597699307,0.30086374095428786,22.702140657534436,22.01387665927953,1.0147571808141578,0.9367665930197662,0.9083665081788932,0.04187229043082055,20,20,5857.05,5856.5,2.0124611797498106,80.5187538489403,80.51875384894029,1.4580029302424492e-14,128.68361647506669,128.6836164750667,2.9160058604848984e-14,24.23457542860456,24.23457542860456,0.0
front,log-0054,60.0,oracle-power,full_log,2.3609382159728787,2.344664985489361,0.06709601335270846,0.05138732675484261,0.05033677519470557,0.0021226394744483664,0.1713513933886703,0.16784832200854333,0.007077955880906895,3.0741522832846995,3.011304968951517,0.12698300143333982,2.4607201723261016,2.3675373663075163,0.24726763322882508,0.18110496414862762,0.1755156558107503,0.01594523757716119,3.249137506508943,3.1488617827516605,0.2860676387624178,4.731750898655082,3.480068661207383,2.3360951960871996,3.5071463384394925,3.271001244642548,0.5657248853504538,20,1.0,0.9858284714657092,0.986053821048628,0.0007528557722638019,0,0.0,0.1713513933886703,0.16784832200854333,0.007077955880906895,3.0741522832846995,3.011304968951517,0.12698300143333982,17.60485932734649,17.60815992337038,0.6499590589763689,0.981284236488482,0.9814682097193403,0.036228325775127385,20,20,5854.85,5855.0,1.0894228312566052,59.823160250207,59.82316025020701,7.290014651212246e-15,135.8929688934449,135.89296889344487,2.9160058604848984e-14,17.940631952211263,17.94063195221126,3.645007325606123e-15
front,log-0055,60.0,oracle-power,full_log,2.620113153748277,2.6140370876636774,0.021091333985207142,0.04473229537159406,0.04465584232774538,0.0004872974052423006,0.15424935960756853,0.1539857283104096,0.001680336590658976,3.656120245107707,3.649871481902214,0.03982844819150942,2.6289163414448242,2.6308467050598727,0.02824385685091606,0.15543946255360902,0.15556666486211423,0.0025123077098250972,3.6843288515217045,3.6873438846896454,0.059548377401373816,3.745178724479372,3.687951661857883,0.14031351296788835,3.616055410532558,3.60425534214938,0.04605487866438782,20,1.0,0.9882596166090455,0.9883167560348429,0.0001606302186260219,0,0.0,0.15424935960756853,0.1539857283104096,0.001680336590658976,3.656120245107707,3.649871481902214,0.03982844819150942,23.072458592714803,22.88797818903776,0.3718941690357263,0.9734121757238745,0.9656290662472631,0.015689975594295517,20,20,5855.05,5855.0,0.887041208323017,81.73334756770427,81.73334756770429,1.4580029302424492e-14,144.98409225186288,144.98409225186288,0.0,23.70266077220274,23.702660772202737,3.645007325606123e-15
front,log-0056,60.0,oracle-power,full_log,2.596478220448917,2.589986238093412,0.0977964696873916,0.04759816616536804,0.04757707324467174,0.0016491721006579648,0.16400054554503812,0.16392786941526216,0.005682259338855585,3.694063478564302,3.6924264703709664,0.12799120045385995,2.6994537260543763,2.6886847543941825,0.12752539095908813,0.16758070414647325,0.1651973916539209,0.007940321863042428,3.774705485534927,3.7210220809615806,0.1788533867666645,5.2178767192445346,5.488999321938959,0.9147488777671241,4.149617125291279,4.188012743374341,0.14222189506579178,20,1.0,0.9867125867590932,0.9867860616148072,0.0007588729960804103,0,0.0,0.16400054554503812,0.16392786941526216,0.005682259338855585,3.694063478564302,3.6924264703709664,0.12799120045385995,22.166847959499705,22.220060202439516,0.5412865681803986,0.9841128013817336,0.9864751963222764,0.024030797790266404,20,20,5855.2,5855.0,0.8335087534664908,77.60936557366924,77.60936557366922,1.4580029302424492e-14,148.73146404505894,148.7314640450589,2.9160058604848984e-14,22.52470238002855,22.524702380028554,3.645007325606123e-15
front,log-0058,60.0,oracle-power,full_log,2.481651288683395,2.5202917369864757,0.07746235172372595,0.04362241087430616,0.04343531737290226,0.0006906580714916078,0.149806095640609,0.14916358766355547,0.0023718264772424986,3.5049482492990394,3.4899157688134856,0.05549259543480622,2.6150666254113064,2.5734170399895335,0.20004995275537776,0.15443241220070023,0.15183229124277747,0.006379583200030019,3.613188171437423,3.552354269048696,0.14926034132713528,5.308128557447514,5.289941611902397,1.1654555743321868,5.308128557447514,5.289941611902397,1.1654555743321868,20,1.0,0.9889919093111436,0.9890245085414824,0.00025027758393918664,0,0.0,0.149806095640609,0.14916358766355547,0.0023718264772424986,3.5049482492990394,3.4899157688134856,0.05549259543480622,23.45329861090596,23.49729981543554,0.46187709322847487,1.002424813403679,1.0043054827275069,0.019741234129841766,20,20,5855.95,5856.0,0.3940344628262061,80.3474218652934,80.3474218652934,0.0,161.1697294857218,161.1697294857218,0.0,23.396566303333564,23.39656630333357,7.290014651212246e-15
front,log-0063,60.0,oracle-power,full_log,2.261545689552473,2.260261989717571,0.16805348865975378,0.038958429930705626,0.03858651454734438,0.0032082612054784338,0.12054882492296055,0.11939800948931203,0.009927302487658054,3.3095376924566664,3.277943298590491,0.2725433598238702,2.2846327110866675,2.289294476902468,0.17334148704238778,0.12116150512633037,0.12032925539804733,0.010489273687708281,3.326358165221708,3.3035096484729984,0.28797167171185345,4.4861332285432365,4.148882030955452,0.9922452460163539,3.3900447846764488,3.3368521422318356,0.34059119550828254,20,1.0,0.9931042016033619,0.9931798158130476,0.000701036546918472,0,0.0,0.12054882492296055,0.11939800948931203,0.009927302487658054,3.3095376924566664,3.277943298590491,0.2725433598238702,27.864428934304403,27.942149085334357,0.5513258654763478,1.0149526844295695,1.0177836154387105,0.020081863815690052,20,20,5855.0,5855.0,0.9733285267845752,84.9504894920883,84.9504894920883,0.0,153.67050225201808,153.67050225201805,2.9160058604848984e-14,27.453919144974673,27.453919144974673,0.0
front,log-0071_183,60.0,oracle-power,full_log,1.7309085441992988,1.6952515559960049,0.11344125975839263,0.031916652754766774,0.03131651036234863,0.0014203448755194352,0.11186875370245045,0.10976523796100739,0.004978348208155714,2.528897752858492,2.481345813147186,0.1125402150276777,1.757083874723678,1.7340038061141438,0.11302079208761956,0.11311722312977295,0.11091603424396868,0.005262916220652268,2.557120571337958,2.507360638893072,0.11897314096562149,3.7078396589316696,3.5091722295400714,0.6074187894367936,2.609193058201879,2.538549635687718,0.19111545627144602,20,1.0,0.9937356166209608,0.9939680815349533,0.0005927614697550912,0,0.0,0.11186875370245045,0.10976523796100739,0.004978348208155714,2.528897752858492,2.481345813147186,0.1125402150276777,22.440752634225024,22.40214911158771,0.15909874633864415,0.9926929732521333,0.9909853012194942,0.007037919365624235,20,20,5855.5,5855.5,0.6882472016116853,79.2344288822956,79.23442888229562,1.4580029302424492e-14,152.4462174422029,152.4462174422029,0.0,22.60593480450205,22.605934804502045,3.645007325606123e-15
front,log-0072_184,60.0,oracle-power,full_log,1.779442681214011,1.7639705319403423,0.07807699567720112,0.035125793547643634,0.03479073370586859,0.0013352199568701058,0.11599439524296092,0.1148879415577457,0.004409239358632799,2.4879320353952026,2.4642000131422135,0.09457256817530278,1.8865232253910498,1.8704959586536396,0.11784128900097764,0.12183704365810333,0.12131071799215806,0.0054505714394165634,2.61324940209328,2.6019603869420465,0.11690781495890878,3.0524980049018584,2.7597993318986243,0.8782864863251841,2.560125418816572,2.515567703572301,0.19382279793977641,20,1.0,0.9933223530462472,0.9934871026338521,0.0005720307669733071,0,0.0,0.11599439524296092,0.1148879415577457,0.004409239358632799,2.4879320353952026,2.4642000131422135,0.09457256817530278,21.2768721463039,21.222553117037418,0.27872218319885667,0.9919876757727766,0.9894551697154117,0.012994812808788647,20,20,5856.4,5856.5,0.9403246919632545,70.82920509740634,70.82920509740632,2.9160058604848984e-14,152.19039707482895,152.19039707482895,0.0,21.44872629564559,21.448726295645585,3.645007325606123e-15
front,log-0073_185,60.0,oracle-power,full_log,1.6722368264910106,1.6183200328125742,0.120532460816527,0.03772465499742565,0.037000112212575556,0.0018131845138677162,0.13338951032573096,0.1308276205672218,0.006411186383321934,2.583501212056743,2.5338822781533064,0.1241724911620642,1.6914800215341965,1.6390669740039425,0.13104325099008268,0.1344246329125025,0.13127198583741398,0.006907741435302987,2.603549568565595,2.5424887886002976,0.1337898184579909,4.149803714895046,3.082368974142904,2.4482815414136025,3.138048707130861,2.960755988625178,0.4297117516551655,20,1.0,0.9911393798846809,0.9915338481784401,0.0008168949265212306,0,0.0,0.13338951032573096,0.1308276205672218,0.006411186383321934,2.583501212056743,2.5338822781533064,0.1241724911620642,19.118286527354876,19.141539040114353,0.25950839418086863,0.9871018702254339,0.9883024275452275,0.013398754164951643,20,20,5856.0,5856.0,0.6488856845230502,68.48309712131342,68.4830971213134,1.4580029302424492e-14,149.9043725573418,149.90437255734173,5.832011720969797e-14,19.368098778891632,19.368098778891632,0.0
front,log-0078-valid,60.0,oracle-power,full_log,5.44799540325347,5.394863469449049,0.09515923339500194,0.07764414306703263,0.07696263704466615,0.001516183786538983,0.2492580878161817,0.2470702745277585,0.0048673480894023576,6.918289269426613,6.857565361410559,0.1350958051251261,5.4764796396093764,5.486738006361401,0.06858429966952555,0.2522823353679282,0.2511231216574574,0.005515694203595865,7.002228850158562,6.970054264192724,0.15309099237861754,6.279683832765496,6.357037589521987,0.17932591039171947,6.279683832765496,6.357037589521987,0.17932591039171947,20,1.0,0.9690641412937477,0.9694604091160384,0.0007400889612545457,0,0.0,0.2492580878161817,0.2470702745277585,0.0048673480894023576,6.918289269426613,6.857565361410559,0.1350958051251261,27.035582965374584,26.483160965244622,0.9732632725796239,0.9740612816994162,0.9541581458145825,0.03506556791965744,20,20,5854.8,5855.0,0.6958523739384593,89.10252591047126,89.10252591047124,1.4580029302424492e-14,191.14572150135155,191.14572150135155,0.0,27.75552572853157,27.75552572853157,0.0
front,log-0079,60.0,oracle-power,full_log,5.71502073015099,5.512814443858295,1.1077952398226958,0.07480967794207657,0.07126811251907295,0.01451509037111062,0.2587621820032705,0.24651211995550543,0.05020682563707058,7.635146796436262,7.27369126504429,1.4814239119272408,5.726992915868002,5.477374719230632,0.9233155623844179,0.2685770829088193,0.24773231824233216,0.06408981758844759,7.924749429348803,7.3096949537153195,1.891061366295155,7.131458303138645,6.518639193603693,1.3951327399333306,7.131458303138645,6.518639193603693,1.3951327399333306,20,1.0,0.9705193592837379,0.9698663925479107,0.005551717230439724,0,0.0,0.2587621820032705,0.24651211995550543,0.05020682563707058,7.635146796436262,7.27369126504429,1.4814239119272408,29.210228904881355,28.61272544520218,3.097390454921117,0.9899616562408549,0.9697117117272469,0.10497342539708447,20,20,5855.35,5855.0,0.6708203932499369,102.06094995286549,102.06094995286549,0.0,190.67881336638962,190.67881336638965,2.9160058604848984e-14,29.506424537491974,29.506424537491974,0.0
front,log-0080-valid,60.0,oracle-power,full_log,6.18270287648906,5.954933754878541,0.5678110731294226,0.08555070123532646,0.07884819221317518,0.01586139412916392,0.28822250975950514,0.2656415847155797,0.05343744420769924,8.43627571943247,7.775331819424986,1.5641145219854689,6.460414473659815,6.262160988339533,0.6768942104935586,0.31779970681240083,0.30469578970491135,0.05243906332266618,9.302000570535931,8.91844878682684,1.5348919035779827,8.041028918387795,6.933050597754352,2.373973796583011,8.041028918387795,6.933050597754352,2.373973796583011,20,1.0,0.9614018031617846,0.966230652513177,0.010589942381008093,0,0.0,0.28822250975950514,0.2656415847155797,0.05343744420769924,8.43627571943247,7.775331819424986,1.5641145219854689,30.35186146622769,30.16557539013753,1.752367221617192,1.036961092620318,1.0305966917674303,0.05986903408946139,20,20,5855.5,5855.0,0.8885233166386386,98.61141519140322,98.61141519140322,0.0,209.41055645838256,209.41055645838256,0.0,29.270009918627657,29.270009918627654,3.645007325606123e-15
front,log-0081,60.0,oracle-power,full_log,7.777478986547502,7.589656327060247,0.7774572129030448,0.14337999807152282,0.13535854136352704,0.01925526249752291,0.4724603845027405,0.44602838163270775,0.06344921778240507,9.735169970622774,9.190531628352904,1.3073877511759748,8.06315626716285,7.449792114152411,1.378995071904048,0.5244734187141964,0.4736837535584305,0.10008129513259736,10.806912163927034,9.76037781044299,2.062201299737217,9.396217697703031,8.589512058740073,1.7462276165686466,9.396217697703031,8.589512058740073,1.7462276165686466,20,1.0,0.8975370396058995,0.9030128376422815,0.012868498769127556,0,0.0,0.4724603845027405,0.44602838163270775,0.06344921778240507,9.735169970622774,9.190531628352904,1.3073877511759748,21.375043158104326,21.375681551944037,2.2098354431951424,1.0373584785592196,1.0373894606375895,0.10724617097907443,20,20,5855.7,5856.0,0.7326950970650465,67.89768518316299,67.89768518316298,1.4580029302424492e-14,200.25954166451217,200.25954166451217,0.0,20.60526192237035,20.60526192237035,0.0
front,log-0098,60.0,oracle-power,full_log,5.9596044764559135,5.950266615867514,0.0717820881266295,0.08968198843746478,0.08965105872627036,0.00048613088569242336,0.300370369925353,0.3002667775657831,0.0016281899689299512,7.98653263410213,7.983778222072228,0.04329186106009204,6.0084469210914895,5.985352397140436,0.12101565445133397,0.30121306868198816,0.3009661999968734,0.0019355201146651975,8.008939108889425,8.002375129857485,0.05146344682258888,7.243311659351839,7.258308081790091,0.145473443256196,7.243311659351839,7.258308081790091,0.145473443256196,20,1.0,0.9539761562992053,0.9541120645784347,0.00047390274284336896,0,0.0,0.300370369925353,0.3002667775657831,0.0016281899689299512,7.98653263410213,7.983778222072228,0.04329186106009204,25.382490091814443,25.450748189575798,0.46689594453700634,0.9546255287244618,0.9571926890948371,0.01755977393473633,20,20,6000.0,6000.0,0.0,89.05392011542133,89.05392011542135,1.4580029302424492e-14,200.15184341259447,200.15184341259442,5.832011720969797e-14,26.58894962271716,26.588949622717163,3.645007325606123e-15
front,log-0099,60.0,oracle-power,full_log,7.165057739642636,7.055942825650032,0.19639875462986403,0.13724436274871749,0.13711770645926952,0.0015215424975283534,0.45691877018501137,0.45649710160167767,0.005065572915572328,8.974449677080534,8.966167584663973,0.09949411620358342,7.731428100405752,7.069798505053822,1.2017145752875287,0.4971675392343907,0.4680183369774869,0.06388809824154335,9.764985273269401,9.192458894727977,1.2548412541707323,9.152263373866045,9.009217715475415,0.8368487900129596,9.152263373866045,9.009217715475415,0.8368487900129596,20,1.0,0.8901675193864904,0.8904044415618751,0.002536266006325965,0,0.0,0.45691877018501137,0.45649710160167767,0.005065572915572328,8.974449677080534,8.966167584663973,0.09949411620358342,17.8699437088553,17.90139868184059,0.5626279730451489,0.9098176486050258,0.9114191248057724,0.028645241854997405,20,20,6000.0,6000.0,0.0,65.39029725768751,65.39029725768751,0.0,185.28208510303995,185.2820851030399,5.832011720969797e-14,19.641236610714596,19.641236610714596,0.0
front,log103,60.0,oracle-power,full_log,4.695959959452083,4.480274899147774,0.5308904163705264,0.09270127104117369,0.09182876364697246,0.0027577665162428046,0.30998402084653315,0.3070664411064162,0.009221702611619954,7.0614979767149375,6.995034926860052,0.21007222938778602,4.864219841408088,4.985019087944911,0.6174828367644987,0.3234288580997099,0.31875082590016546,0.016340255939267065,7.367774057660324,7.261207548774225,0.3722342975584028,7.2869210952397525,7.256268895925503,0.2442491470742991,7.2869210952397525,7.256268895925503,0.2442491470742991,20,1.0,0.9533662733045084,0.9536463697901287,0.0011381611741033916,0,0.0,0.30998402084653315,0.3070664411064162,0.009221702611619954,7.0614979767149375,6.995034926860052,0.21007222938778602,22.63796814616501,22.892625053511395,1.3638050244243303,0.9937563407769353,1.004935211370098,0.05986800060210857,20,20,6000.0,6000.0,0.0,76.17476974591364,76.17476974591364,0.0,161.83235720034816,161.83235720034813,2.9160058604848984e-14,22.780199951696673,22.780199951696677,3.645007325606123e-15
front,log104,60.0,oracle-power,full_log,4.458262965556318,4.019588130726692,0.7501167692079893,0.10054659056713926,0.10046939201915497,0.0033234666320150416,0.3372337055053182,0.3369747812369813,0.011146921652100338,7.236160801836458,7.230604958483325,0.2391840323291721,4.362525539273168,3.8237103578035168,0.8791737970372725,0.3466944936830771,0.34477049194977505,0.0214509226848799,7.439164782306899,7.397880694453569,0.46028117403912483,8.468974535979509,8.558033094909195,0.5343911965088525,8.468974535979509,8.558033094909195,0.5343911965088525,20,1.0,0.9440659349249488,0.9443334607972539,0.0017696982556334529,0,0.0,0.3372337055053182,0.3369747812369813,0.011146921652100338,7.236160801836458,7.230604958483325,0.2391840323291721,20.70977201715224,20.01754497775945,1.511002981162981,0.9651572634679608,0.9328967463321112,0.0704187135031402,20,20,6000.0,6000.0,0.0,71.96823642671964,71.96823642671964,0.0,167.6308323463045,167.6308323463045,0.0,21.45740678854635,21.457406788546354,3.645007325606123e-15
front,log106,60.0,oracle-power,full_log,2.943977937135437,3.0068785816756485,0.19330395894032748,0.055758246590200414,0.056653421599651754,0.0033792070987035015,0.19492606384708908,0.19805551916029285,0.011813419161394185,4.595309832989304,4.669085584106646,0.2784969857913109,2.8799656007019223,2.9457420723326253,0.15781165070942618,0.20030284861206354,0.20532287142048372,0.013446136726697911,4.72206554442529,4.840410724736631,0.3169876982915142,5.714061304420705,5.662656939051121,0.5075656497402635,5.287369344210598,5.3678354285089185,0.3398126187066784,20,1.0,0.9822252728021656,0.9820688111167408,0.0016413086192808956,0,0.0,0.19492606384708908,0.19805551916029285,0.011813419161394185,4.595309832989304,4.669085584106646,0.2784969857913109,22.023973391002322,21.749790179264494,0.6200461686598107,0.934223501658523,0.9225930662408003,0.026301416760336753,20,20,6000.0,6000.0,0.0,82.41489132115095,82.41489132115096,1.4580029302424492e-14,139.2265583706526,139.2265583706526,0.0,23.574630002245993,23.57463000224599,3.645007325606123e-15
front,log107,60.0,oracle-power,full_log,2.3164216685819885,2.322226983031773,0.06102024941892951,0.04561852874951347,0.0454859592522914,0.0008756292484952004,0.16335419124950057,0.16287947661935603,0.0031355177740989043,3.6243218054686843,3.6137893632200493,0.06956739434217635,2.3276071413647985,2.3276284566149363,0.05364603721788683,0.16475937838953608,0.16430321309440346,0.00380977659379421,3.6554985408400853,3.6453776506847655,0.08452710198150355,5.1949700787796695,5.036307014768581,0.5672660803219677,4.312088726626545,4.3090248716798545,0.11083026138169262,20,1.0,0.9867795714837907,0.9869047831692411,0.0005241054972663769,0,0.0,0.16335419124950057,0.16287947661935603,0.0031355177740989043,3.6243218054686843,3.6137893632200493,0.06956739434217635,22.137090479109247,22.199855124737837,0.40663230164951136,0.99775536112039,1.0005842677341044,0.018327591846742503,20,20,6000.0,6000.0,0.0,79.44845887883525,79.44845887883525,0.0,143.29596879429766,143.2959687942977,2.9160058604848984e-14,22.186892039599048,22.186892039599044,3.645007325606123e-15
front,log109,60.0,oracle-power,full_log,2.9083681587780195,2.922415270535373,0.08656433829961711,0.05455629966169724,0.05473561790778781,0.001456414974586297,0.19353943586646605,0.1941755705091039,0.005166657825343725,4.40622857672111,4.420711178824832,0.11762706269267252,2.9681285777766098,2.949926996721463,0.10887043031026368,0.19982529285863307,0.20002202949846165,0.009525031167738863,4.5493359624798355,4.553814980415481,0.21685226236996655,6.417027983604505,6.3886997582389125,0.2177193992259812,6.417027983604505,6.3886997582389125,0.2177193992259812,20,1.0,0.9818825324306942,0.9818333976052632,0.0006589160315842655,0,0.0,0.19353943586646605,0.1941755705091039,0.005166657825343725,4.40622857672111,4.420711178824832,0.11762706269267252,22.08113020066517,21.814058615522896,0.877743499855084,0.969892825104161,0.9581619575324059,0.03855405565995968,20,20,6000.0,6000.0,0.0,80.76479900660539,80.76479900660537,1.4580029302424492e-14,163.1495299547129,163.14952995471293,2.9160058604848984e-14,22.766567221789455,22.766567221789458,3.645007325606123e-15
front,log110,60.0,oracle-power,full_log,3.5551719277582485,3.5281678789839237,0.1288081382530692,0.07393738309572555,0.07439388525957,0.003494080917778955,0.26771394918582153,0.26936686131197085,0.012651437772180241,5.937871267304454,5.974532709306597,0.2806077496745466,3.4741323692520565,3.4621177288378995,0.10595490012615322,0.2714536053466728,0.2729479665380875,0.014855246415583011,6.0208165039447135,6.053961300502613,0.32948802678410977,9.873998229844256,9.964281930241107,0.5288347039784419,6.987318227127039,7.092321045867562,0.4683449002977541,20,1.0,0.9646027932093691,0.9642787418863319,0.002893707988775557,0,0.0,0.26771394918582153,0.26936686131197085,0.012651437772180241,5.937871267304454,5.974532709306597,0.2806077496745466,20.473461930524625,20.354165363262958,0.5819071851623769,0.9230633505152568,0.9176847638621932,0.026235777703234844,20,20,6000.0,6000.0,0.0,80.30945941942234,80.30945941942232,1.4580029302424492e-14,153.52197901588357,153.5219790158836,2.9160058604848984e-14,22.179909882779206,22.179909882779203,3.645007325606123e-15
front,log112,60.0,oracle-power,full_log,3.8370951770580013,3.7612624033880606,0.17713439429476122,0.07292240320944259,0.07127128738758667,0.0035645163161035966,0.24817710004923113,0.24255785111503603,0.012131132319761642,5.7001912826212235,5.571127022529444,0.2786307628049187,3.8213809539224792,3.7613199939754995,0.156850075884885,0.25500092667360424,0.24761990757111157,0.01820727781080605,5.85692257261798,5.687393551864078,0.41818913282825676,6.474134520147315,6.309142386807443,0.4618243908217369,6.474134520147315,6.309142386807443,0.4618243908217369,20,1.0,0.9696798522761794,0.9705830931662321,0.0019992586975087373,0,0.0,0.24817710004923113,0.24255785111503603,0.012131132319761642,5.7001912826212235,5.571127022529444,0.2786307628049187,21.505141376392498,21.710813162385186,0.7384292772695035,0.9362990395100514,0.9452536560972584,0.032150015242983686,20,20,6000.0,6000.0,0.0,78.16790220488944,78.16790220488943,1.4580029302424492e-14,168.24758204657732,168.2475820465773,2.9160058604848984e-14,22.968240347278094,22.968240347278098,3.645007325606123e-15
front,log-0046,60.0,oracle-power,full_log_excluding_training,1.9094816926562426,1.9258965702297148,0.09372383185722745,0.04110658961387505,0.04133398644475815,0.0013308732126923978,0.13620969748929693,0.13635115148297472,0.004339129028366992,2.807544525177625,2.8147211152246343,0.09864878603062559,1.9434994322622496,1.949021622057338,0.08444882294451861,0.13742011646797744,0.13722988451472196,0.004703632663726815,2.83246882308032,2.8296838855778086,0.1048042593550251,4.648505916826784,4.918814117335824,1.1327956396271954,3.481723748990846,3.392441669489619,0.2221728667422685,20,1.0,0.9908670981418559,0.9907435346047161,0.00046343652296126377,0,0.0,0.1362379308993366,0.13635560950250297,0.004343749873792886,2.8081258915621095,2.814856248436393,0.09871785063608544,20.51379740209124,20.464595513631103,0.5400496203483018,0.9951957827026254,0.9927245844026842,0.019613258416955708,20,20,5855.1,5855.0,0.967906041546987,68.2992150057678,68.25798110318408,0.9031674576656105,163.14476418136417,165.8998005948889,3.823653906071746,20.610660896849517,20.59166920443331,0.18223420204044427
front,log-0048,60.0,oracle-power,full_log_excluding_training,2.1562654377080106,2.1148000208543394,0.16039659840892548,0.04298533958064371,0.04130453489162649,0.0038662769760373574,0.14995078738424739,0.14404744185369325,0.01422561649365248,3.352739754146191,3.2968525347935835,0.28723906470104216,2.240424845025397,2.173591378799622,0.24042560777514127,0.15580942347081164,0.15186633738087946,0.014057419795813441,3.4825244645736597,3.398223843221398,0.26702947600862087,4.174707520504704,4.1334382464635375,0.6723378007193507,3.9017453686519326,3.8653038425100554,0.31326530104959827,20,1.0,0.9892643530342223,0.9899712910298856,0.0018392519299656692,0,0.0,0.15012643258450467,0.14418594482515557,0.014141688058838772,3.3566304150226087,3.298185277403736,0.28473714836104136,22.27840373991293,22.373568253169687,0.7075481038535132,0.9958974165285864,0.9859295164664514,0.0356820164298022,20,20,5855.7,5856.0,1.3803127029389888,78.03544166519153,77.98790391565336,1.7712180495765912,146.35319298433564,147.0280467770388,1.023321313059661,22.380903125135056,22.16190180449432,0.614778982653832
front,log-0049,60.0,oracle-power,full_log_excluding_training,3.0356177132706157,3.4115360189532176,0.5089702138713249,0.05457990348586915,0.05875923978145184,0.005498154116585275,0.174504340242958,0.1843207492070228,0.013592479731561543,4.405667877539749,4.773407134334592,0.48807572202196514,2.67033917228037,2.8367681733979833,0.25750740132370586,0.18412390789949282,0.19376620995652521,0.016357289030907465,4.64900678582878,5.016365476147917,0.5557638921211797,4.575544082254399,4.721787383712808,0.40508984121778313,4.40700235593659,4.575569672421084,0.35112065390622443,20,1.0,0.9879662441526037,0.9878161789678326,0.0011182256256769142,0,0.0,0.17529533545119852,0.18509000091666894,0.01375294923560768,4.425668529931877,4.793712257351915,0.49246532277498106,23.240361645123908,23.11136921210759,0.5611990028621517,0.9244501491308782,0.8935343942218489,0.05326531882217857,20,20,5857.05,5856.5,2.0124611797498106,80.64436393700262,80.94646455207145,1.287633357243748,124.11712902053993,128.6836164750667,5.763335884212508,25.19241858871025,25.843802101034196,1.0594542739476873
front,log-0054,60.0,oracle-power,full_log_excluding_training,2.373518228898159,2.364186174877842,0.05872069921646579,0.051704483906971056,0.051128745694161766,0.0021025384308091316,0.172778381644265,0.1703392912171257,0.00679746621613479,3.0984288202550085,3.044323512248413,0.12925331680982402,2.5083563027357996,2.4008718367773962,0.28390928038809504,0.1842692085242974,0.17807969446926847,0.017224089220478172,3.30449272918789,3.195548584409998,0.3126913364413344,4.71139050803041,3.4865891198297096,2.3407218105202925,3.5346068450380748,3.3097441494885826,0.5559504599883884,20,1.0,0.9856839675651488,0.9858841760529968,0.0006870543534546164,0,0.0,0.17286865794003042,0.1704219897150962,0.006814520064394546,3.1000477848379897,3.044925256128,0.1295552060323882,17.5838167071624,17.637213197793592,0.6773933446316565,0.9806600046940602,0.980527592727893,0.03907511376913344,20,20,5854.85,5855.0,1.0894228312566052,59.92882945847261,59.84623624647965,0.8080051225265028,134.9781593939371,135.89296889344487,1.7960283755506627,17.932175717993935,17.866734123339437,0.16505534754236198
front,log-0055,60.0,oracle-power,full_log_excluding_training,2.7843104938128405,2.742453020077204,0.09195986748568631,0.04733686075606335,0.0475394660545911,0.0008119272119305085,0.1613689078495126,0.16128039035029101,0.002669152417306056,3.879313136179608,3.8526132615097914,0.09786686846131044,2.808295875963698,2.79132705489106,0.09853662348748507,0.16336925703661972,0.16173615445917566,0.004303076809357061,3.9268359334972915,3.9453863736505026,0.10665532505326103,3.843086541139148,3.8613878788315366,0.18467480203306474,3.7979788149666227,3.8077669200071815,0.03635545509651193,20,1.0,0.9872689509062742,0.9873334912730812,0.000316434752710649,0,0.0,0.16149713021365358,0.1612835972106943,0.0027268102835563265,3.882359278286779,3.8624023584180542,0.09724744400149322,23.28052738506095,23.103311583336424,1.0417851491267303,0.9678459271566784,0.9573716316176935,0.01987498009297337,20,20,5855.05,5855.0,0.887041208323017,81.95118666828655,81.81445343142886,1.4995003063678647,141.69016352030687,144.53641237003515,4.93502751119611,24.049090210552993,23.886536519884974,0.8173012667187675
front,log-0056,60.0,oracle-power,full_log_excluding_training,2.6443181161765543,2.6155276749820837,0.16477232054092386,0.049419761691847135,0.048740925898787084,0.0019849923833492856,0.1688933864906113,0.16615809512822263,0.006694221686848054,3.793602586076845,3.713544573531982,0.18314107100630375,2.8189961095340625,2.8165324428898275,0.21258422368840477,0.17434262959178054,0.17151803681373315,0.01079924351392865,3.9157480880438236,3.8290744320003367,0.2636246555847358,5.333009433525082,5.545957751893184,0.9199449936770993,4.234015754808739,4.2530430463143,0.17156112635063267,20,1.0,0.9860295576719433,0.9864209915923454,0.0009068645513879308,0,0.0,0.16912873127894607,0.1665437031313003,0.006828415598829073,3.7988783582838286,3.7138155123957852,0.18558203070062054,22.031405327671635,22.103877140928276,0.4573055160116035,0.9814005757631747,0.9844210786230894,0.029344486998979374,20,20,5855.2,5855.0,0.8335087534664908,76.75034273518877,77.13458466826134,1.4054405637254475,147.4750320464829,148.7314640450589,3.0691557103321627,22.456527344506224,22.560090102539768,0.3474407426949063
front,log-0058,60.0,oracle-power,full_log_excluding_training,2.4760946498612717,2.4760302795101445,0.06877469398880988,0.043471675996117974,0.04356601016875863,0.0009141249030046595,0.1496047469262901,0.14941371403529446,0.0032710622217013677,3.5252822455404953,3.541052873270401,0.08516985167137549,2.6630388028289302,2.610383099085019,0.21663388787500118,0.15586222909655978,0.15551659288549258,0.007292323215579008,3.6731138198121487,3.630444018532124,0.18413038136396992,5.365472628657345,5.304738883710529,1.1574576722007084,5.365472628657345,5.304738883710529,1.1574576722007084,20,1.0,0.9891217833144811,0.9893460204875713,0.0006200948726771096,0,0.0,0.14974972225536756,0.14952263067417057,0.003274832400975565,3.5287072589690434,3.5436667094764767,0.08564867611003471,23.687180461992924,23.846150871237292,0.7789828868765483,1.0050179936917123,1.0085902184807745,0.02324967592049885,20,20,5855.95,5856.0,0.3940344628262061,81.09389058357988,80.97527242516261,0.9701070193416957,161.04636639029096,161.1697294857218,0.3012917839365238,23.564316636160775,23.603205204489363,0.2779986824054232
front,log-0063,60.0,oracle-power,full_log_excluding_training,2.6354911750370076,2.632403270818487,0.47737984379328385,0.04261106852059213,0.04159127999811786,0.004692652379483355,0.12770607807553697,0.12291542135172104,0.011581611640132427,3.6383804925454646,3.5343051917378334,0.543487335867517,2.6711667926078255,2.7132428746774995,0.47215015127644666,0.1294748570386087,0.1255023252131929,0.012392269609124118,3.691313038468965,3.613582495072639,0.5808603869153987,4.461359117336654,4.200642626789132,1.2259849412315535,3.4933577048995845,3.389088999821502,0.39706115440036077,20,1.0,0.9926365578020591,0.9930576387087605,0.0010515377190417887,0,0.0,0.12810247142227899,0.12360191645730614,0.01174049901247305,3.6502446630332903,3.555288339039519,0.5515344863021212,29.162940536630032,30.206972161104527,3.4173818628628343,1.0232367675349239,1.0302200912922346,0.029783094851267688,20,20,5855.0,5855.0,0.9733285267845752,85.07454633008788,84.46983469638653,3.775936023256894,132.73829509557396,129.49127013152165,16.987124395955078,28.435574516998145,29.18709290448463,2.634949863912429
front,log-0071_183,60.0,oracle-power,full_log_excluding_training,1.7373015585296112,1.7021372637643406,0.10994582907679364,0.03199436867098852,0.03166696525372138,0.0012856291602428684,0.11187143227497791,0.11077819401810268,0.004693337592420984,2.5477607416220462,2.5128135539634844,0.10560061909325523,1.7746525587095199,1.7605472859244455,0.11094147286729528,0.1134967108962019,0.11192764593006979,0.0051807078298332565,2.5848973229766576,2.5410662946237492,0.11982831768793677,3.8495885819337046,3.611074738825183,0.6735436987045199,2.6208866960269503,2.55631070404935,0.17135693962266435,20,1.0,0.9937426712206416,0.9938583717819156,0.0005442885321532214,0,0.0,0.1119014540622042,0.1107969754231332,0.004695968610556144,2.5484467506999224,2.5131238550189576,0.1057215702087157,22.605614239754335,22.61631929254758,0.22577092515943453,0.9925713402020087,0.9906192648708063,0.007820930086477107,20,20,5855.5,5855.5,0.6882472016116853,79.62900323431776,79.73586757773376,0.4441367776196195,150.8564399227558,152.4462174422029,4.81132268440112,22.774866520756934,22.756920231709174,0.15090033398396152
front,log-0072_184,60.0,oracle-power,full_log_excluding_training,1.7680951965878235,1.7488380050609957,0.09584852683615235,0.03528314383401534,0.03492359255069716,0.0015113420283679006,0.11549944810955844,0.1144917369663756,0.005489067101162462,2.468545498772092,2.442531388825098,0.13016242443034667,1.933805183343259,1.87651635295923,0.1254572528451115,0.1240440962916246,0.12310279464811838,0.006418779041365082,2.6502604197626196,2.6123925562741377,0.1322211055953174,3.0126969522073375,2.726954455221972,0.8999513542803281,2.5275834554293453,2.4671946606319577,0.2228109696685685,20,1.0,0.9934060003185445,0.9935642629814387,0.0007212374908751475,0,0.0,0.11575360338524096,0.11469727922609077,0.005441650382320499,2.4739501585614256,2.448771384854719,0.12874960443581843,21.165035602052228,21.08808802071012,0.37551523227639705,0.9904783137396261,0.9879929326836876,0.015104660873019298,20,20,5856.4,5856.5,0.9403246919632545,69.94899848240212,70.15606799646554,1.441280613997999,149.29118087849133,152.19039707482895,4.293873805228209,21.37062250024748,21.362612774472886,0.36588198624044993
front,log-0073_185,60.0,oracle-power,full_log_excluding_training,1.699450898814618,1.67104122436016,0.15539786306425954,0.038272766137589384,0.03763775338798313,0.0023957647091670128,0.13635853846033474,0.13478990661498547,0.00802200731521126,2.6514762498287565,2.62870070944365,0.1724938766636364,1.728476076582813,1.7018462921237572,0.16088894031168174,0.13789361968723557,0.13493568146743673,0.00861624302279464,2.6814493454973656,2.6671707369945667,0.18389335865500422,4.204807166876528,3.109254249405381,2.4581478603878324,3.215777489338861,3.0510685175420913,0.4370586667482247,20,1.0,0.990778900715884,0.9909794225654507,0.0009767896196393418,0,0.0,0.13641697214436935,0.13479539736697604,0.008038938496484968,2.6526171086809915,2.6294379182679215,0.17282837324808548,19.16630282140108,19.061126951826935,0.8719309476352278,0.9851864028741095,0.9871011975491268,0.01695114782168323,20,20,5856.0,5856.0,0.6488856845230502,69.33454145009773,70.94242446983901,3.099752912996918,147.1123448410075,149.90437255734173,5.204840723340472,19.450454101854852,19.576625962475,0.71223887233834
front,log-0078-valid,60.0,oracle-power,full_log_excluding_training,5.478597813904098,5.345373589600851,0.40103165991109196,0.08012672182142686,0.07611136899168353,0.0077745189958023115,0.2558030248414288,0.24298532627174838,0.024779844128119344,6.963425571166643,6.847326744142832,0.4478525074570731,5.628057007631334,5.659247238935128,0.2733083376608005,0.2651510587661953,0.25539020299902815,0.025828131733227427,7.2189118472937235,7.14719912977122,0.4814008231190877,6.311554472355587,6.321233726920962,0.16422400491634745,6.397941991755905,6.402614495900579,0.21979598789136448,20,1.0,0.9685738777969624,0.9715067055955016,0.00531725070803947,0,0.0,0.25759690216741976,0.24519158736064128,0.024834077938913464,7.0124594804488,6.921001900652788,0.44828168511098276,26.4990358501717,26.009843611804506,0.9984448832041569,0.9723318978186708,0.9377242519926423,0.06129432898180497,20,20,5854.8,5855.0,0.6958523739384593,87.17614912539727,88.37963693579798,3.413680296934641,185.90334896877536,191.14572150135155,9.266764506308537,27.30452736122753,27.633696085800082,1.0324205130270327
front,log-0079,60.0,oracle-power,full_log_excluding_training,5.972366067326687,5.841739124647626,1.5191703207699108,0.07801344373528402,0.07477745237494832,0.01952634351948873,0.2616119867960634,0.25305818679143344,0.060421353078483085,7.870372352923302,7.667156580036722,1.818099351049471,6.057771991197574,5.9106558631710495,1.3881186524292426,0.2760833560775357,0.2582660434828965,0.0799316150456638,8.307055182438228,7.7445573883579595,2.411704325087086,7.240431341287307,6.844330976814154,1.576818756802123,7.240431341287307,6.844330976814154,1.576818756802123,20,1.0,0.9706236994242712,0.9695173743184596,0.0070759304145621245,0,0.0,0.2623220061378052,0.2532612395344753,0.06136602501632193,7.891797041019247,7.671457570699959,1.8469221999949021,29.7467875006528,28.520960411239862,3.6371084581836532,0.9882274351961104,0.9694075677648865,0.11788322618096515,20,20,5855.35,5855.0,0.6708203932499369,101.35137748261945,102.0336020433852,2.806460268323255,181.18981258249204,190.67881336638965,13.269183784054286,30.09811291706576,30.222258571382604,0.6704259905312627
front,log-0080-valid,60.0,oracle-power,full_log_excluding_training,6.41979419934852,6.250465256512275,0.8447235580626616,0.0887611986365097,0.08393936156591911,0.017949644611122372,0.29841796477453636,0.2822065060535409,0.06129959906344172,8.688463175540956,8.035775676650573,1.8664457466098612,6.9746229487573475,6.825003321928394,0.6551585590260391,0.3406833366994488,0.32896296328173175,0.0579353539890157,9.91382061377656,9.494558686566048,1.7506403808096263,8.277132650267758,7.140549176940733,2.593263161036648,8.277132650267758,7.140549176940733,2.593263161036648,20,1.0,0.9595424480433689,0.96291070905716,0.011745863911859696,0,0.0,0.29983026697689935,0.28354250471568615,0.06098896149229393,8.72941719286504,8.05653729261019,1.857085350754123,30.37853094471253,30.101033228137617,2.159857255009306,1.0443569953378071,1.0427622157556438,0.07045819138732166,20,20,5855.5,5855.0,0.8885233166386386,97.77306677142538,98.3071401594577,2.8088143571186484,209.110789257886,209.41055645838256,1.3405996754701357,29.09268499201437,29.30291870705446,0.7331649093475129
front,log-0081,60.0,oracle-power,full_log_excluding_training,7.913026513983404,7.797892063670512,0.886751905171927,0.14625158502483301,0.13932799422397932,0.02097401989091899,0.48126663842387735,0.45963682605348466,0.06883359480961712,9.851849541953056,9.38395089592022,1.3968877156919919,8.32795543594013,7.617072866003582,1.499530812952393,0.5408140387799812,0.49059359586237383,0.10353513177280252,11.082827861758606,9.99333098407717,2.184603747465493,9.546754294813644,8.54982339190102,1.8357285421539462,9.546754294813644,8.54982339190102,1.8357285421539462,20,1.0,0.8947885882707075,0.9005207838147276,0.014881355139069335,0,0.0,0.4816439610161747,0.45969419789662347,0.06878966678530217,9.859661402088323,9.386607851838773,1.3964723037919784,21.317418572603955,21.0158599894856,2.3296134310962766,1.0412714433033614,1.0417150186733688,0.11466656104778201,20,20,5855.7,5856.0,0.7326950970650465,67.40843480236,67.82863346833747,1.6725481362777344,197.43749990778176,200.25954166451217,8.384733875152497,20.48117264527698,20.581144647573964,0.42303628304500435
front,log-0098,60.0,oracle-power,full_log_excluding_training,5.911225736689674,5.988170957811226,0.18706313715965747,0.090456099422992,0.09135016160153281,0.003269552449426875,0.30237446086275893,0.30296724766557054,0.011105246857604886,7.955286111245478,8.030054300011823,0.3627405283377484,5.988614114239769,5.987426582028423,0.16172292608737915,0.3039847148573074,0.3034456976877189,0.010122361596795063,7.997315827647583,8.070192624485616,0.3350232120427524,7.295957235463144,7.238733309818647,0.17360740573234368,7.295957235463144,7.238733309818647,0.17360740573234368,20,1.0,0.9534225846533013,0.9530459963657669,0.003607095659421397,0,0.0,0.30248206694042995,0.3029898559606976,0.011035417043434624,7.958094705710444,8.032730146367252,0.36081266031205966,25.09681437059496,25.26285381090687,0.9299125894417946,0.9538583268362325,0.9573345409755769,0.021500492732895015,20,20,6000.0,6000.0,0.0,87.92359712389711,87.63972444450832,1.3622168647812622,188.62719081591158,188.62719081591155,11.773732688726993,26.30659949613368,26.334477954551648,0.6057373104454215
front,log-0099,60.0,oracle-power,full_log_excluding_training,7.1988934949643495,7.19541150147261,0.16884366601276066,0.13720183193283036,0.13773941552294938,0.0022188362846159884,0.45751012783285344,0.45903324225614683,0.006754444237518453,9.019899071782614,9.04880810229792,0.15406688538322558,7.9503131990017435,7.275730670448746,1.3436679570550727,0.5057835129185111,0.4723957562497185,0.06977380320663983,9.971137529722284,9.398287331553245,1.3758959524172916,9.224619301490083,9.070587500405107,0.908672048936016,9.224619301490083,9.070587500405107,0.908672048936016,20,1.0,0.8897649067171101,0.8889477878745594,0.0033482783684638515,0,0.0,0.458004557417708,0.4591190862326574,0.006338888379817332,9.02964459440891,9.069414209374461,0.1467331473769372,17.831817582344886,17.847986901914958,0.6386896253861819,0.9044054836525497,0.9087963775619787,0.02941993907193952,20,20,6000.0,6000.0,0.0,65.74837196741024,66.02400132412149,1.0131750862169888,184.75430052032942,185.2820851030399,1.570717239270007,19.71590773413427,19.803551279595155,0.24046758170848903
front,log103,60.0,oracle-power,full_log_excluding_training,4.756365939505438,4.436485873714002,0.5505456343977277,0.09360509322298896,0.09232899722534077,0.0041064871345741,0.312088554088702,0.3105245579538209,0.012182153054091982,7.063888457997327,7.110659556627988,0.19962184058195226,5.013148907738944,5.109615888686327,0.6716154654931374,0.3304946571242002,0.32251137124434837,0.02091517888709779,7.478653068277252,7.338770105894271,0.3899425198788317,7.450079448137506,7.4548014707440124,0.488932152105246,7.23890529394878,7.1265832813405785,0.4754314795568471,20,1.0,0.9535433929236184,0.9543590956242831,0.0030176679087068506,0,0.0,0.3124790252204962,0.3107940045467316,0.012326010420289546,7.072686207173829,7.11690897118746,0.2023089039947218,22.60253973301451,22.8953374341051,1.3178022181840854,0.9990501587993552,1.011705579578746,0.07102547546482196,20,20,6000.0,6000.0,0.0,75.5251159803561,75.5048194160729,1.8204635387396544,160.79885125156054,161.83235720034813,3.632972009293732,22.644637935358706,22.756028425716906,0.3589078972625229
front,log104,60.0,oracle-power,full_log_excluding_training,4.54383891919531,4.271370831831851,0.6580004291532846,0.1020036015955152,0.10123738034352618,0.004561402023370705,0.34014220053957334,0.34096357974684455,0.013081673035346563,7.270559952176541,7.244626571074154,0.27022213932231764,4.447750813019362,3.9598204347457324,0.8264976085787444,0.353957605344755,0.35232362563150366,0.026760180350178915,7.555731267400889,7.50822244339736,0.3858775574241031,8.528533143953629,8.549506141696199,0.7337996707045125,8.526229257049971,8.549506141696199,0.7367148173917637,20,1.0,0.9441797393160043,0.9444071534617557,0.0039554414487225084,0,0.0,0.3404556631386958,0.3409927063789199,0.013327656657611604,7.277027128245251,7.247039385064841,0.26887936958552006,20.694336495228534,20.168672165562164,1.1315188390534996,0.9703072718385355,0.9283577661817586,0.0863801449104756,20,20,6000.0,6000.0,0.0,71.3618481919603,73.11435703147266,3.1100058620508775,166.4991299858209,167.6308323463045,4.3254128352556815,21.388151636173696,21.814814048304626,0.7424026886866744
front,log106,60.0,oracle-power,full_log_excluding_training,3.3838061612816737,3.43640984021392,0.36076730234071386,0.06176057347798099,0.06300004996804501,0.005331465313261398,0.20537437145596452,0.20817905515551768,0.01602024351428284,5.1013911966839425,5.1519936084603835,0.44983116533057915,3.3096293523264135,3.4061336743499364,0.3231153835608539,0.21679363260773016,0.22411378568811874,0.018552650846857057,5.387085514482434,5.558053259671601,0.5306935934705413,5.799046007767324,5.756879953550576,0.4811305467101912,5.541856996453855,5.649313697106996,0.4649312097626328,20,1.0,0.9815571853034062,0.981672171914716,0.002129688728490329,0,0.0,0.2070178809851056,0.21048365821543918,0.016316732296311375,5.142511396872214,5.210779824499864,0.4602654277655593,22.66706769201943,22.29355413395335,0.787981299528333,0.9135482238663691,0.8979535981795526,0.03777414588029014,20,20,6000.0,6000.0,0.0,82.59230780633338,82.10845534179647,1.1791503067687794,137.99855926826774,137.34910776770286,0.9086276835525057,24.827253022227143,24.77300405807247,0.7177542049016482
front,log107,60.0,oracle-power,full_log_excluding_training,2.407928713058514,2.4025134579959353,0.12501326589918646,0.04714563310916837,0.04615277988482974,0.002771440825485565,0.1629328346474948,0.16023474366242738,0.007455019187418952,3.7650925739687056,3.728910530634315,0.17123606999762084,2.4438906238085156,2.420296560513543,0.11218254218326472,0.16607653431467764,0.16474536557250125,0.007717459623544345,3.8368189417687097,3.8202125869734007,0.15581956700858873,5.246405763074433,5.18808128366173,0.6891851055849172,4.331681512783599,4.384322096531082,0.2502632701714241,20,1.0,0.9870400016342883,0.9875963690789983,0.0013699781185096363,0,0.0,0.16332211954896247,0.16134494167775132,0.007407635384735918,3.7739742872852426,3.732824559065781,0.16755709089242257,23.176996979451545,23.433787194418933,0.788985522304605,1.0027331607530239,1.0056212999943452,0.02612704281516968,20,20,6000.0,6000.0,0.0,79.97381409976218,81.25466963107746,3.181948668702763,140.15769319227374,143.2959687942977,4.507239402538472,23.12083343304905,23.448572014022233,0.7637361664043667
front,log109,60.0,oracle-power,full_log_excluding_training,3.1016666930286045,3.0857092173178993,0.10846708198654167,0.056609066820418316,0.0561059984724169,0.0030153568587991124,0.19950841811097583,0.20100304073732095,0.008441211614657499,4.588448423722972,4.5056061881229645,0.27848030282388575,3.245861809969784,3.1310472181610773,0.20289568557551638,0.21188249025334627,0.21257777486539775,0.016217829362435886,4.875708102794495,4.788549243421488,0.45801688370734883,5.932829387409988,5.203721027327768,1.1607866159229858,4.92853504294448,4.828538664225549,0.32542433167669765,20,1.0,0.9812278517362355,0.9809374956837491,0.0011323675417997633,0,0.0,0.20083708712271942,0.202491238056428,0.00903182935296896,4.61929058706904,4.535512757021589,0.29364057793756637,22.202841869374105,21.877463769359487,0.8820739301924179,0.9667993093557887,0.9499037072886212,0.051210439477338686,20,20,6000.0,6000.0,0.0,81.03505624624665,81.360549190304,1.3805345076592797,154.80757547562408,149.89813702997125,7.809081718045692,22.989544920663498,23.019841889918652,0.714753860955757
front,log110,60.0,oracle-power,full_log_excluding_training,4.165473689086923,4.234961809938669,0.2942019937069294,0.08260641882605216,0.08252174062374744,0.005823929885327871,0.29564428994216135,0.297396946409487,0.01878714818753322,6.748825984525131,6.806547232147975,0.4906072768857455,4.010360906563351,4.066256996877051,0.17868118364346117,0.30285518389373056,0.302384638521515,0.024184396988737915,6.912859338523672,6.955771132810105,0.5963401877965679,9.566606241172602,10.719747569148183,2.1889619597812047,7.5676572368594135,7.753481153754761,0.5996064348186563,20,1.0,0.957360727055425,0.9566139508526945,0.004477973507573727,0,0.0,0.2964985459567294,0.2980772360118042,0.019393511759432772,6.768258479171417,6.824335631266783,0.5020636545510588,20.531532864896413,20.185798668728843,0.9239369265126686,0.8997281620563277,0.8880866009025583,0.03502840763437727,20,20,6000.0,6000.0,0.0,81.71067512980923,81.03373310344715,2.091385351966123,144.43711063839308,153.5219790158836,11.450495451834586,22.82470817463086,22.843177763571845,0.7150273996969366
front,log112,60.0,oracle-power,full_log_excluding_training,3.9583152189592106,3.8226639538466136,0.2704219584277611,0.07467677936699471,0.0723794824617986,0.0057891708995583355,0.25286295144317367,0.2455730733949097,0.018080929709820677,5.811337914464548,5.608784575791427,0.3664444868429388,3.972212728885226,3.9256187414956973,0.24286617304219593,0.2626609536090748,0.2531514355084874,0.026664215361922584,6.034906642093166,5.814725903581513,0.5549355093526859,6.486426275497149,6.458444400298179,0.4734462403223809,6.486426275497149,6.458444400298179,0.4734462403223809,20,1.0,0.9687669288179974,0.969949708923243,0.0032873037946521935,0,0.0,0.25318187442860485,0.24583364528715537,0.01834292238184825,5.81861332294278,5.610241922125954,0.3720516571721203,21.38844871181853,21.522036398948316,1.0791775998755329,0.9298416125998298,0.9404902955803686,0.03879366941384672,20,20,6000.0,6000.0,0.0,77.90418940994832,77.82175446114601,1.6360761612828028,164.4336513526151,168.2475820465773,7.753956568526665,22.99582018357704,22.961768203273692,0.3626464344916821
front,log-0046,60.0,oracle-power,training_window,1.7892697190722902,1.7332367694817248,0.2122837974770023,0.040598929097129186,0.040123379724875424,0.005458298885979764,0.13283545215515227,0.13246371703200988,0.016629807448688822,2.6163852643854764,2.496972522075562,0.3190215815350416,1.7892697515714158,1.7332367644549715,0.21228378259824446,0.1328354521551724,0.13246371703200993,0.01662980744867513,2.6163852643858614,2.496972522075562,0.3190215815346788,4.030480329816038,4.643350239393242,1.2136584107235118,3.343230669210923,3.4678950201245726,0.49250315047602206,20,1.0,0.9910030922465299,0.991187777416767,0.0022689755538891133,0,0.0,0.13381456268196695,0.13436004743746222,0.01646886955458828,2.6358964253259076,2.5228585710711866,0.31811372414691264,19.60629484438551,19.89099567500127,1.713730258006933,0.9910030885973683,0.9911877753412273,0.0022689735339644045,20,20,5855.1,5855.0,0.967906041546987,64.90859656005809,66.4543900459962,6.787910033191818,143.31256241066123,144.4588043170217,19.343424474405488,19.78260295871787,20.048318199655824,1.7129863476535359
front,log-0048,60.0,oracle-power,training_window,1.6906153120265732,1.5727606601439144,0.354680444078686,0.037311356373295565,0.03687393542149221,0.0059690888796312645,0.12368990175158949,0.12550159607007344,0.01865215050609557,2.612248377694866,2.5061067610585956,0.47902758347744073,1.6906153336575944,1.5727606638387344,0.3546804362350883,0.1236899017516064,0.12550159607007444,0.018652150506092677,2.612248377695228,2.5061067610615115,0.47902758347741464,3.6776779258339864,3.3995579933816247,0.7118985742267449,3.1704226148053927,3.163889998304974,0.24026570217677523,20,1.0,0.9921516487457808,0.9920933617032908,0.002385595619587111,0,0.0,0.12817300033102602,0.128190928025269,0.021754843787484355,2.7105063165717493,2.5966155312178545,0.5635154958580092,21.059015960549566,20.723730174135632,2.843846445979026,0.9921516315368917,0.9920933627353284,0.0023856220097882093,20,20,5855.7,5856.0,1.3803127029389888,70.3568414622348,69.73832384386326,8.421717341090075,138.07255088436528,138.91881339701115,7.795155319083278,21.223830724016658,20.893034480190003,2.857326080143347
front,log-0049,60.0,oracle-power,training_window,1.4467660010535972,1.255389061651812,0.31939023268505773,0.03386939315407371,0.032808287105037,0.005947939370043479,0.1127791288644133,0.10736125524179016,0.02020197155058969,2.347946603352779,1.9590640216250677,0.5933326957025018,1.446766545783802,1.2553890612834993,0.3193897856368353,0.11277912887056643,0.10736125524179016,0.020201971547892023,2.3479466034620264,1.9590640216250677,0.5933326956065694,2.655706715019698,2.5810925195420125,0.7009725177665623,2.5179019077988416,2.2979711793474777,0.6756204085051604,20,1.0,0.9934211577608476,0.9942198662081403,0.002820551258646554,0,0.0,0.12607069318454678,0.1247261642127066,0.01694251710406654,2.604722685628969,2.3277006310117576,0.49502160440710974,20.569373824398248,19.3224792055803,3.1202225799851564,0.9934211036057998,0.9942198661684147,0.0028205293463652212,20,20,5857.05,5856.5,2.0124611797498106,68.7343195789434,66.48757264787,8.208895037187432,118.00832386735064,113.38702968087262,6.932464723291291,20.706919927744966,19.408357768532248,3.148756652377237
front,log-0054,60.0,oracle-power,training_window,1.9485013518651049,2.010107988459503,0.25310701594584856,0.043100250202383804,0.043320220336879614,0.0044181015666477814,0.14423044650784297,0.14236060444224624,0.014727174325700261,2.548462012134605,2.5081610402428955,0.2836860854361021,1.9485019352807433,2.010107990712083,0.25310749682878714,0.14423044650865316,0.1423606044422463,0.014727174326887523,2.54846201214731,2.508161040249154,0.28368608543952983,3.2348967116315785,2.868295410766665,1.2409577351639958,2.7904068827176407,2.7825309887409935,0.33608183387722007,20,1.0,0.9894378174723888,0.9898148260026898,0.00213701103432417,0,0.0,0.15670078906123883,0.1514960702308087,0.01624407922468793,2.7678110290185276,2.747472130076517,0.2888222115241753,17.559955834637147,18.1648139276611,1.8027667065757722,0.9894378545390516,0.9898148245887398,0.0021368253029806056,20,20,5854.85,5855.0,1.0894228312566052,59.666234705494176,59.738784040314556,8.513771939997895,116.71127395844822,120.18887112377558,16.778537717171872,17.745806114771526,18.338541957574336,1.8055365069368465
front,log-0055,60.0,oracle-power,training_window,2.0943403478515306,2.204539292124524,0.2108881905616936,0.03726631749717786,0.03655047804488601,0.0019372672567362702,0.12756899311120554,0.12701943628161516,0.005546211360083174,2.827006146722167,2.9405325863722265,0.2573937862087954,2.0943404440891693,2.2045392722533315,0.21088825407796183,0.12756899311136627,0.12701943628161516,0.005546211359897076,2.82700614672608,2.940532586373999,0.25739378621086356,3.158387345732275,3.32436586127596,0.3780192283877883,2.8528556576926047,2.816347637482379,0.13385884552668215,20,1.0,0.9918147210515361,0.9919002170699397,0.0007172056682873527,0,0.0,0.1291200795100365,0.12898387823740542,0.0051803217869049204,2.862663542693361,2.9853243926954143,0.2694785452921857,22.076806117173476,22.742152324803776,2.731781271983597,0.9918147725730085,0.9919002169945607,0.0007173098965284934,20,20,5855.05,5855.0,0.887041208323017,76.22275657215951,79.58910193781853,9.323965729253677,135.64093172924706,134.93422474103428,6.404356302625639,22.257387461331263,22.92751904351538,2.7411881173636172
front,log-0056,60.0,oracle-power,training_window,2.2351881141810575,2.3133393459765945,0.2947179477080473,0.040084092692474066,0.0392384209512225,0.004005321243544636,0.14054530601716733,0.1358604853849208,0.015338124879983324,3.1347269311159986,3.1525088710764164,0.32661239773023387,2.235188159367556,2.3133393494669106,0.2947179691735724,0.1405453060171862,0.13586048538492082,0.015338124880002156,3.1347269311163948,3.1525088710764164,0.32661239773038747,4.438416953006816,4.5368644578331585,0.7988100223493099,3.634755658010716,3.6879037767309404,0.45602641370905184,20,1.0,0.9899590679145659,0.9907275685430021,0.002192244512431146,0,0.0,0.14526057182175361,0.14180054132047132,0.011329184504300151,3.2392693500510505,3.2721909727516243,0.23421107445688186,22.111494022960397,21.830789756667738,1.171343389191304,0.9899591060322818,0.9907275663512793,0.0021922064105674515,20,20,5855.2,5855.0,0.8335087534664908,78.3234955467705,79.31292292252859,5.533430064779662,133.7550052839744,137.14353759988396,9.985471366186937,22.335073794691,22.127674384168746,1.1670526610101595
front,log-0058,60.0,oracle-power,training_window,2.3414050482665725,2.3674033819136864,0.28087398214295256,0.04339226676789311,0.04328634556837385,0.004658939166304188,0.14913989694987803,0.15567814898841814,0.015525960917615399,3.2311073200994196,3.2759250936176274,0.29451240573138665,2.341405022076633,2.367403389450173,0.2808740328316773,0.14913989695009894,0.1556781489884182,0.01552596091714808,3.2311073201046114,3.2759250936176296,0.2945124057228701,5.063369174140069,5.072399325628554,1.289488414313834,3.7496009149182425,3.807853028844682,0.35112222787078573,20,1.0,0.9886979015911725,0.9878078174972651,0.0022355589678793603,0,0.0,0.15469941690152864,0.1608107508399364,0.017928521655902512,3.3488163428561797,3.4734112551056597,0.3188617771334801,21.498664191694434,21.237866389550405,1.4207829711302165,0.9886978817003979,0.987807815632719,0.0022355222475012606,20,20,5855.95,5856.0,0.3940344628262061,74.78840541112933,76.93201499462532,5.471102515701733,141.4265618911493,137.69541477619148,7.405779855295472,21.742739085126594,21.475707337330505,1.409004469493383
front,log-0063,60.0,oracle-power,training_window,1.8501544964268153,1.8514551482675574,0.188678547219471,0.03601883896901877,0.03558318909928398,0.0030111384929864494,0.11603699705103096,0.11883750377165256,0.011652586326144512,2.819168026917274,2.907505071611812,0.21785580561757464,1.8501544999979138,1.8514551489011932,0.1886785423155235,0.11603699705103102,0.11883750377165256,0.011652586326144531,2.8191680269172745,2.907505071611812,0.21785580561757384,3.9924121618886814,3.7802403120015757,0.620401379067874,3.362955670924646,3.313768157753806,0.39614877270510146,20,1.0,0.9931790903453658,0.992913711064419,0.0013440654931366088,0,0.0,0.11699918440170416,0.12026870354639474,0.012378834991359992,2.8406250036875975,2.9279352253076265,0.21393644177339127,24.493877311003722,24.64430851223748,4.048924637538509,0.9931790897277061,0.992913710968502,0.0013440659000077645,20,20,5855.0,5855.0,0.9733285267845752,79.10859652739438,82.3539910266719,11.299964861031603,141.60342384145721,153.14450300523623,16.747545256715437,24.65724345349736,24.82019434244424,4.044134048462689
front,log-0071_183,60.0,oracle-power,training_window,1.6443420078352162,1.6197636839287157,0.21623272889800318,0.03302200216367094,0.03205436730679384,0.004271833839357702,0.11119753320748556,0.10723367049925145,0.014389797305831533,2.3506838018646072,2.248029171057965,0.33839506562304267,1.6443420038028733,1.6197636546506857,0.21623273024133416,0.111197533207486,0.10723367049925145,0.014389797305831563,2.3506838018646152,2.248029171058027,0.3383950656230385,2.961652108513664,2.671426465451297,0.9474182888657577,2.496833801597178,2.313853270803465,0.44694964775202883,20,1.0,0.9936979731920441,0.9942297454737052,0.0016963519420200716,0,0.0,0.11275958086001892,0.11120274337841796,0.0139978567912906,2.3829311101698143,2.264498395379945,0.3262158093920098,21.00183681629985,21.019687542518906,1.0934006943672203,0.9936979733353661,0.9942297454347722,0.0016963519128667922,20,20,5855.5,5855.5,0.6882472016116853,71.20908472523493,71.07914744389714,4.434778655758261,130.27792057729187,133.14672275125437,10.494930131785463,21.135150731305224,21.1634458634258,1.101578743416985
front,log-0072_184,60.0,oracle-power,training_window,1.6528861981835241,1.6454598356297343,0.17471474059990946,0.03341737105616159,0.03380468680505842,0.0017820143140714003,0.1126794958325928,0.11348402013998306,0.005987685788197565,2.4085735851415917,2.3935695486065507,0.25198000346767935,1.6528862003390536,1.6454598383496046,0.17471473906888457,0.11267949583259318,0.11348402013998307,0.005987685788197169,2.408573585141599,2.3935695486065525,0.25198000346767385,2.9013101486946473,2.8973254960770127,0.7159806967891643,2.5683018157083266,2.5128166376022385,0.3406276369262632,20,1.0,0.9936140288952373,0.9935395654767789,0.0006751525705295153,0,0.0,0.11853086188439359,0.11848447965456793,0.007711803181493488,2.5348723004012634,2.6045278373662146,0.2896865479157855,21.201966122652337,21.71911431888705,1.4333426856399318,0.993614028065959,0.9935395655398713,0.0006751516962979569,20,20,5856.4,5856.5,0.9403246919632545,72.010761319746,74.34392450739354,5.692759244419465,139.94742893422,141.8042368091234,10.156724456314288,21.338702989070278,21.861248183868533,1.4496520745856716
front,log-0073_185,60.0,oracle-power,training_window,1.5377772528643963,1.551979929718324,0.22807630541145532,0.03616736513916912,0.03442972621968602,0.004259142437567199,0.11975291496373597,0.11938095835238896,0.013673671321281127,2.2127765586500745,2.148547410026823,0.36398205122588667,1.5377772541460293,1.5519799303564965,0.22807630442241056,0.119752914963736,0.11938095835238896,0.013673671321281111,2.2127765586500745,2.1485474100268225,0.36398205122588606,3.000095010994788,2.8745194082354213,1.1614428156880805,2.594979717052281,2.5657793255062034,0.5070097520776713,20,1.0,0.9927129128243252,0.9928485215444096,0.0016831194408565657,0,0.0,0.1211796523701876,0.11966318147898361,0.01419965622188498,2.23715160782505,2.195537882449787,0.360905703636707,18.43958003020871,18.17857001368292,2.9973415141616906,0.9927129124622314,0.9928485216501185,0.001683119327782263,20,20,5856.0,5856.0,0.6488856845230502,61.7795799006872,58.37264128473766,11.831435613415302,126.0155575909813,120.90383082168586,16.847785004707802,18.57342735104138,18.327870234410437,3.0092839744648914
front,log-0078-valid,60.0,oracle-power,training_window,5.278221665466996,5.266338809550195,0.28791825863500603,0.073547677140509,0.07646418731218144,0.0064063573972664364,0.23954994143501285,0.24550146050633226,0.018185433527711306,6.682774077892253,6.689380659962254,0.3320511737117661,5.278221665236074,5.26633880841171,0.28791825890200934,0.23954994143501285,0.24550146050633226,0.018185433527711306,6.682774077892253,6.689380659962254,0.3320511737117663,6.07433219989638,6.180958929049778,0.33281129631668016,6.204962426573148,6.298648882783427,0.44447992261366476,20,1.0,0.9707129257748992,0.9693954629348964,0.004360926875874312,0,0.0,0.24271194735685903,0.2508046303372769,0.01795237202511975,6.7709373122623875,6.767504336650601,0.3112479117259897,27.150639514667034,26.816754512608732,1.2119028866176835,0.9707129256048527,0.9693954628726745,0.004360926791440973,20,20,5854.8,5855.0,0.6958523739384593,91.23892979871789,89.97956879063571,5.160445361854855,180.11395278835124,183.14288817436707,8.791506015327279,27.965786857261378,27.6739844778388,1.1385491256248774
front,log-0079,60.0,oracle-power,training_window,4.521476215999321,4.822747757308029,0.8940259561001714,0.06912191785677961,0.07191602037119707,0.013896659970108636,0.2278660621287975,0.24146545980377748,0.04568085011232718,5.889562958584067,6.209335638805788,1.0952352675833292,4.521476216909869,4.822747757884873,0.8940259563845969,0.2278660621287975,0.2414654598037775,0.04568085011232718,5.889562958584067,6.209335638805788,1.0952352675833292,5.700064881991897,5.865139313757002,1.150697844370374,5.725561720881875,6.030251246646834,1.1493861926738176,20,1.0,0.972620062130819,0.9704051081510425,0.010506609795304149,0,0.0,0.2497313848351143,0.25428493244885964,0.030850105698823824,6.434649493606939,6.4655154328762166,0.5030531994897349,25.250705001874667,24.797623167852436,2.043863268384709,0.9726200619262372,0.9704051074301244,0.010506609717368264,20,20,5855.35,5855.0,0.6708203932499369,85.55634390079476,82.99052144040695,5.98369769630151,167.9558445474608,159.4099079755794,16.620301442649442,25.954485332566975,25.34556520448875,1.9888684530275273
front,log-0080-valid,60.0,oracle-power,training_window,4.024170290298725,3.5431343002850486,1.2670195081694147,0.05630138020206127,0.050969274909967596,0.020117892659125634,0.18656839555411878,0.1664386702251281,0.06821481526721282,5.279500966809169,4.661582098783651,1.4517498640956856,4.024170289332608,3.543134300814616,1.2670195084424176,0.18656839555411878,0.1664386702251281,0.06821481526721282,5.27950096680917,4.661582098783651,1.4517498640956856,5.113266097317725,4.7236727658975735,1.4179797709025754,5.13730497241154,4.7236727658975735,1.4635998211729477,20,1.0,0.9800739728495154,0.9860516678338147,0.01544578131760816,0,0.0,0.2301059732386967,0.20503646069611808,0.06851990010106176,6.57245666847551,6.039786359382463,1.4321776275458924,28.649841999012597,28.30604014675397,3.469090694862509,0.9800739724978615,0.9860516673107588,0.015445781428248099,20,20,5855.5,5855.0,0.8885233166386386,96.54617527728115,95.57174127312663,10.302397693186286,181.78681915398508,179.30905361918406,13.289006726373811,29.196838282631415,28.69302197978552,3.18983111875631
front,log-0081,60.0,oracle-power,training_window,4.715606337516636,4.452482449661247,1.0393888043153015,0.0911876015495776,0.0827460529563298,0.023581954524366438,0.29749141476515184,0.2672464952809409,0.07947455859492511,6.0717391045802716,5.753436449994803,1.2000586203791517,4.715606474240266,4.452482449687561,1.0393888869654047,0.2974914147654548,0.2672464952809409,0.07947455859545145,6.071739104584497,5.753436449994803,1.2000586203787107,6.0884321555917875,5.764019423836567,1.2625475212171902,6.184399037798913,5.9354942140243505,1.3710689158083267,20,1.0,0.9511553917960635,0.96362815993346,0.02905319331722531,0,0.0,0.38899406050690616,0.3018456471059693,0.1670116782797013,7.709374257670907,7.542747733263765,1.8444084881231024,20.20944071409661,20.12709415284328,4.7494471719889715,0.9511542773539224,0.9636281598758278,0.029053783358831988,20,20,5855.7,5856.0,0.7326950970650465,69.14163161688212,68.08500074808757,15.938961707722639,152.6103795455444,152.39430331936035,22.14744806816064,21.16075157008799,20.855152390293043,4.623515983477032
front,log-0098,60.0,oracle-power,training_window,6.065519128264617,5.874985735353128,0.7583634073422008,0.08608010384503502,0.08447019529945224,0.00840434810354485,0.29117533541935353,0.2923499449676458,0.02794990037512047,7.958874969620564,7.939734092036463,1.045142168206487,6.065519128275121,5.874985735214363,0.7583634073301919,0.29117533541935353,0.29234994496764577,0.027949900375120476,7.958874969620564,7.939734092036463,1.0451421682064872,7.13740815566171,7.115308862502854,0.5926316052401019,7.3415461807880735,7.064875279261245,0.8549686165172814,20,1.0,0.9562440462856561,0.9563110064141603,0.008712417166120296,0,0.0,0.29194705383888186,0.29260450730079945,0.0282699803401773,7.980194433035514,7.962158055025421,1.0548291741610045,26.081332704993464,26.18112288899654,1.548915484396724,0.9562440459212935,0.9563110061169489,0.008712417193131495,20,20,6000.0,6000.0,0.0,92.19860006257451,91.71896653794246,3.8212533786947716,179.41970911265668,187.81000156851593,22.142344321983487,27.27988258280204,27.296362304157505,1.687259210869353
front,log-0099,60.0,oracle-power,training_window,5.611671864922465,5.492728606341441,1.0165222703143397,0.11809437417252948,0.11663852597300527,0.008937798213587483,0.3917385752465211,0.38655467874737437,0.028434985013146168,7.294096311853667,7.067828683805604,1.176510213192254,5.611671843902614,5.492728608342564,1.0165222870096537,0.3917385752465364,0.38655467874737437,0.02843498501313067,7.29409631185392,7.067828683805604,1.1765102131919722,7.509783070484609,7.581297797414074,0.9908633306094637,7.685325947400351,7.834169034305017,1.0578429750449698,20,1.0,0.9195847757304036,0.9222664430092561,0.011991574151667924,0,0.0,0.4463193007870931,0.4228401864551824,0.07025652636560607,8.280434098280681,8.207630233676195,1.540298905187255,17.084468743061514,16.419002041754393,2.203579076588105,0.9195843576380593,0.922266442506564,0.011991145433265628,20,20,6000.0,6000.0,0.0,61.91290223912182,59.44209454701364,10.046354503285729,143.90833217872503,141.3851149710591,22.708204971762612,18.584556174897713,17.83847126081413,2.433394900291578
front,log103,60.0,oracle-power,training_window,3.971165041218749,4.122694124119115,0.6313324577998332,0.08618187581965163,0.088608935580887,0.010466908617423236,0.2873541855824831,0.29250953495095716,0.034258479263674715,6.579329301830512,6.978526590159572,1.1145368342164599,3.9711666951551186,4.1226941216155755,0.6313336060271358,0.2873541855839917,0.29250953495095716,0.03425847926481036,6.579329301865923,6.978526590159572,1.114536834241064,7.155294628179118,7.117560820902133,2.306280569020431,7.33419366266604,7.9200228565527855,1.3180374038940688,20,1.0,0.9571927115625174,0.95626204434497,0.009985448828815111,0,0.0,0.3013306352663096,0.3068934654548962,0.032890962869428504,6.906489798266788,7.21945803689224,1.159422813716414,21.909974056105828,22.097383633701575,2.6088457279660124,0.9571930669321711,0.9562620422338464,0.009985218645852187,20,20,6000.0,6000.0,0.0,76.52241019813667,78.34764683597395,9.920454199645349,132.79267620757656,132.76596404379356,14.109382308563697,22.890388847794775,22.858497839977872,2.71644173215498
front,log104,60.0,oracle-power,training_window,3.8694550890663484,3.231735574445472,1.2996819748308448,0.09288637438184658,0.09640274734272736,0.00808201850560853,0.30783424294286704,0.3074302816583826,0.03727872959588847,6.527468207446361,5.82822373529039,1.8261652915163025,3.869454718014564,3.231735574244338,1.2996815515082296,0.3078342429437235,0.3074302816583826,0.03727872959634588,6.527468207468703,5.828223735290391,1.826165291542267,7.717393074562464,8.16437781164969,1.7134218300700153,8.031634797850543,8.315789727202302,1.3081177972970295,20,1.0,0.9506736411788121,0.9515701506518017,0.012030152627677456,0,0.0,0.31625188042122043,0.3129496851739182,0.038519078383581214,6.724945325322854,5.83272653169441,1.967412391661999,19.934936093803596,18.497363636170782,3.8861341482599685,0.9506735170188694,0.9515701497166411,0.012030209614272461,20,20,6000.0,6000.0,0.0,69.8608242675617,61.56870241152831,16.56631583025137,140.27895972620567,143.10863662876258,9.725964089989658,20.991744067711142,19.19355630249752,4.214189786916651
front,log106,60.0,oracle-power,training_window,2.1615676868139184,2.1353903362675957,0.1454676509965836,0.04659248303969733,0.046101315409803556,0.002164503677350763,0.15651952568806976,0.1554425744255803,0.0076654174753476734,3.2848869361017874,3.220865631095271,0.28028509842597354,2.1615678079857714,2.1353903360310693,0.1454680157360779,0.15651952568838962,0.1554425744255803,0.007665417476394326,3.284886936109347,3.2208656310952737,0.2802850984537381,5.141292253740966,5.3419623625901895,0.5219865683156724,4.151281504141014,4.113142245687186,0.27196863177406,20,1.0,0.9876458432699307,0.9878449268969625,0.0012589286871632446,0,0.0,0.16539651197279964,0.16555994429185972,0.008260591977268934,3.466509340010988,3.4245950576027786,0.23223060189885808,20.72745816462251,20.754727398592394,1.375382967191266,0.9876457468345926,0.987844926188581,0.0012592458802266086,20,20,6000.0,6000.0,0.0,70.57348524758069,69.88985475683491,5.861838047241706,136.3059775175351,138.22633641030194,4.0356380820864315,20.98679282150426,20.998363195611915,1.393353683936963
front,log107,60.0,oracle-power,training_window,2.1105640213610743,2.076967650524352,0.14881893625148573,0.04846622170559546,0.04893860431602087,0.0029386665914703756,0.16269567049354144,0.16308861367252775,0.00984765759025345,3.2760687203471646,3.2135792390238285,0.2729734706535029,2.110564021383598,2.0769676512178608,0.14881893629298623,0.16269567049354144,0.1630886136725278,0.00984765759025346,3.2760687203471646,3.2135792390238294,0.27297347065350297,4.889885404321483,4.91994487162677,0.37958328139393843,4.1955234874542295,4.109854484638034,0.2692493952026927,20,1.0,0.9866283568793699,0.9866112572316299,0.0016146246614668213,0,0.0,0.1643113041256262,0.16385567576145,0.010238873180114854,3.309425541152347,3.226945136696306,0.29067728214419597,19.885137193498473,19.261734500140136,1.4563186814537663,0.986628356004822,0.9866112562571123,0.0016146250482785233,20,20,6000.0,6000.0,0.0,67.69988193534155,65.00842787922733,5.453242390519488,134.31361467715746,131.11377426480078,7.270226295418264,20.15414575868588,19.53590121276425,1.4680192604684037
front,log109,60.0,oracle-power,training_window,2.379381497214836,2.483053619896059,0.404770338662405,0.050850980726302376,0.0524185806888419,0.006029342126844901,0.16763425420497158,0.17299931870391444,0.018471800062487494,3.673375896875821,3.820854290734361,0.6480086185428808,2.3793804143991126,2.4830536195880537,0.40477194787025506,0.16763425422706868,0.17299931870391444,0.018471800026402918,3.673375897310355,3.8208542907343612,0.6480086178787882,6.095286798986143,6.792136218626226,1.4879327968475986,4.401396825626255,4.36552021175333,0.36029461590388123,20,1.0,0.9856802421524357,0.9849124955426397,0.003089885039507372,0,0.0,0.17662296369890565,0.1815473601801892,0.013381912154573003,3.862038110666023,3.9888324813737546,0.5529323447896686,21.45265608480768,21.580361266573007,1.6392790241606245,0.9856800715501594,0.9849124945899507,0.0030896162408975657,20,20,6000.0,6000.0,0.0,71.85097942379716,70.9014767234369,5.989708672316245,153.06226959650724,159.87225157311838,9.236415883086632,21.768404424592248,21.93293868972001,1.7163720295421292
front,log110,60.0,oracle-power,training_window,2.438407024663335,2.457802683383899,0.4699753141750758,0.05446770122871518,0.0509703934877825,0.010652724168096794,0.18246864855701173,0.16937331451957993,0.03977083436871736,3.62729906193033,3.6999100984116717,0.6945332471730666,2.4384069494352922,2.4578026828267956,0.46997539204247346,0.18246864855705588,0.16937331451957993,0.03977083436868194,3.6272990619312195,3.6999100984116717,0.6945332471723085,7.684025698827874,6.31335783681132,3.582599567663556,4.348893402583034,4.269637970626751,0.8367503589406108,20,1.0,0.9824158102028557,0.9855519449286931,0.008061268946734595,0,0.0,0.1903865045478538,0.17278265449206448,0.03443335487650595,3.7846661933953007,3.812629505694236,0.5731785449597924,19.674472434263215,19.782065204779222,1.6611663852450351,0.9824157990520404,0.9855519427244993,0.008061263195942537,20,20,6000.0,6000.0,0.0,66.77882380376066,65.09400094519526,4.906151247129289,133.288036673565,129.9554021484882,14.735676677931082,20.020971923771537,20.01605150524196,1.6165635630095567
front,log112,60.0,oracle-power,training_window,3.121999264976592,3.1316545403174616,0.4362083392029124,0.06686784316997803,0.06537516022552534,0.007367835645947672,0.22196006607044122,0.22293398456117425,0.026275266489544737,4.87861331974167,5.121256452047463,0.5316470633217513,3.1219991520493884,3.131655350533176,0.43620855657160407,0.22196006607201593,0.22293398456267344,0.026275266487573692,4.878613319777912,5.121256452071718,0.5316470632866578,5.997952701061828,5.724697561791402,0.7274753912193538,6.060049481156255,6.1408735535211925,0.3681024457823041,20,1.0,0.9747010198839451,0.9748334999633642,0.006137096852218997,0,0.0,0.2311382464988804,0.2284077722534353,0.02038164445670546,5.081515698521997,5.153848148198946,0.39914554408619163,21.494657153373243,22.008403960357136,1.5471625193004535,0.9747010498484648,0.9748341772124047,0.006137040100008043,20,20,6000.0,6000.0,0.0,73.21916972700761,75.10546313204358,6.493514045334289,144.1946841478054,138.81808940642793,12.208342836611191,22.04861398705922,22.626767789754602,1.5294600209681242
front,log-0046,10.0,self-supervised,full_log,3.2805940829830598,3.363983358927541,0.8900614318405426,0.06500748246406715,0.06438835947146665,0.017015214851861686,0.21446840631201378,0.21242583649541547,0.056135476625362196,4.411123063390145,4.3691120885266805,1.1545779626687267,14.057568938313736,13.966379100297063,1.2944950880434332,0.7152475248108459,0.7006141089712499,0.057123644167611363,14.711000594352353,14.410024803949401,1.1749023018619198,7.333441508429,6.0359309511204335,3.4825301632393537,5.892832667145297,5.200912621321202,2.07551005927828,20,1.0,0.9840731692504869,0.9856622501179595,0.0053557410686557085,0,0.0,0.21446840631201378,0.21242583649541547,0.056135476625362196,4.411123063390145,4.3691120885266805,1.1545779626687267,18.316550412358474,18.442808106510597,1.9870104916092692,0.8905490324391654,0.8966876701648208,0.09660827125806258,20,20,35.75,36.5,7.369031929564925,67.85562055611665,67.85562055611663,1.4580029302424492e-14,165.89980059488886,165.8998005948889,2.9160058604848984e-14,20.56770570194259,20.567705701942586,3.645007325606123e-15
front,log-0048,10.0,self-supervised,full_log,3.0898724229899477,3.0807582488643006,0.6553209930867783,0.05466058895364917,0.052672667570081474,0.009848082829226777,0.18926461653483578,0.18238135410454281,0.034099406097827495,4.247130456732359,4.092668867214922,0.7651965213894697,4.9748929141457365,4.7551903304234235,0.573690569411628,0.2633792190013847,0.26193395797846153,0.025323093017694198,5.910274847835987,5.877842942597876,0.5682545506033345,6.308699398501376,5.328846976319669,2.0478488648155824,6.308699398501376,5.328846976319669,2.0478488648155824,20,1.0,0.988670895715941,0.9896405549005508,0.0017474238370372439,0,0.0,0.18926461653483578,0.18238135410454281,0.034099406097827495,4.247130456732359,4.092668867214922,0.7651965213894697,20.234460777332444,19.90491326766357,1.9008414222043915,0.9017070463989126,0.8870214407451893,0.08470708082365766,20,20,33.3,32.5,11.585380987761212,77.7000493048807,77.70004930488071,1.4580029302424492e-14,147.02804677703884,147.0280467770388,2.9160058604848984e-14,22.440171514841165,22.44017151484117,3.645007325606123e-15
front,log-0049,10.0,self-supervised,full_log,3.7450306603958063,3.4667641805541147,1.2811375813850183,0.06541296846132531,0.05863014536460652,0.02235303983233556,0.21733290610279207,0.19479715073399853,0.07426740020008762,5.2669707060659485,4.7208262427403405,1.799838912035385,13.575583051212405,12.13049784797844,6.097497013921964,0.5953637448089866,0.5291701754026144,0.26408979802116384,14.428387581029863,12.824214530362564,6.400104130068838,7.555632578225347,5.562750278287984,4.088987819399194,6.29248939235758,5.236723560036467,2.7392475388551305,20,1.0,0.984952466193092,0.9873469933843455,0.0067043128818273555,0,0.0,0.21733290610279207,0.19479715073399853,0.07426740020008762,5.2669707060659485,4.7208262427403405,1.799838912035385,20.945374881953967,21.50861555837944,2.3241821371561286,0.8642765351371379,0.887517737694401,0.0959035632377058,20,20,37.3,40.5,12.814876223810318,80.5187538489403,80.51875384894029,1.4580029302424492e-14,128.68361647506669,128.6836164750667,2.9160058604848984e-14,24.23457542860456,24.23457542860456,0.0
front,log-0054,10.0,self-supervised,full_log,3.1050721553955305,3.07719089366491,0.3782582123475474,0.06936980242839524,0.06978488307062639,0.009162822285153149,0.23131408181458135,0.23269817106200014,0.030553493732494916,4.149920807199088,4.174752242976041,0.5481489859088847,5.501544002001868,5.211920968533563,0.905643875541268,0.3600269582993484,0.34171722572741464,0.05630077570675592,6.459111151722721,6.130622978506242,1.0100714955789047,6.573262149201733,6.333618733109249,1.9726916683513662,5.350391544492117,4.965611378566255,1.2352733462420336,20,1.0,0.9766965115556415,0.9776220915748998,0.006780365160013529,0,0.0,0.23131408181458135,0.23269817106200014,0.030553493732494916,4.149920807199088,4.174752242976041,0.5481489859088847,16.730442834988175,16.128965559380784,1.496840147569605,0.9325447888097431,0.89901880838667,0.08343296666230939,20,20,33.95,34.5,8.088165493647592,59.823160250207,59.82316025020701,7.290014651212246e-15,135.8929688934449,135.89296889344487,2.9160058604848984e-14,17.940631952211263,17.94063195221126,3.645007325606123e-15
front,log-0055,10.0,self-supervised,full_log,3.8438832060065735,3.8054003889444745,0.8667867393979777,0.06143281139642607,0.06056513847826851,0.01268826364177739,0.21183737025059296,0.20884539340561256,0.04375265174786878,5.021109325925318,4.950191513730461,1.0370542622640566,7.458885632851052,7.26042684877721,1.5380174954470769,0.3573738210336366,0.3434444212908448,0.06558119754415638,8.470710448826178,8.140546611962378,1.5544488784239536,6.026125155217435,5.788371456800264,1.275165050548492,5.393845745016332,5.055865631059161,1.365260474714807,20,1.0,0.9839471209049122,0.9856500696316526,0.004112056096459713,0,0.0,0.21183737025059296,0.20884539340561256,0.04375265174786878,5.021109325925318,4.950191513730461,1.0370542622640566,22.18117718476456,22.278179676552146,2.6782022850381995,0.935809586861974,0.9399020595476288,0.1129916303818117,20,20,36.6,36.0,11.343442343950372,81.73334756770427,81.73334756770429,1.4580029302424492e-14,144.98409225186288,144.98409225186288,0.0,23.70266077220274,23.702660772202737,3.645007325606123e-15
front,log-0056,10.0,self-supervised,full_log,3.6617805812047237,3.5944848441511352,0.575258065899539,0.06575228803777393,0.06369061254012043,0.011652613371280924,0.22655097827855633,0.2194474292641403,0.04014933985641505,5.102993359628795,4.942988032237128,0.9043519310203674,6.768257379848483,5.98564053836672,1.7051515835719906,0.3445606516934272,0.29845839040436084,0.09036429038425149,7.7611261312631274,6.722686416680597,2.0354287466877414,7.102303455444604,7.020181306171535,2.0586588520846414,5.875192816889209,5.518298368705026,1.1963207352601888,20,1.0,0.9787439573938095,0.9818322762067822,0.007563289093353891,0,0.0,0.22655097827855633,0.2194474292641403,0.04014933985641505,5.102993359628795,4.942988032237128,0.9043519310203674,21.54818991141848,20.832249425049763,2.3389316436549272,0.9566470423389081,0.9248623610459157,0.10383851489770327,20,20,36.5,36.5,10.733616646582337,77.60936557366924,77.60936557366922,1.4580029302424492e-14,148.73146404505894,148.7314640450589,2.9160058604848984e-14,22.52470238002855,22.524702380028554,3.645007325606123e-15
front,log-0058,10.0,self-supervised,full_log,3.3286964810973907,3.3380346953446005,0.5586892497900134,0.05659116929385551,0.05589384480692008,0.009633542211771158,0.19434281484526178,0.19194809486787695,0.03308307168287357,4.546954553103647,4.4909263283748455,0.7740302801462888,3.592214083145838,3.3632745832044795,0.6729454949582501,0.20336978561465976,0.19378811545251895,0.03733709490323511,4.7581546732281215,4.533976491982921,0.8735598164773982,6.511297025763499,5.798976860478705,2.961327460927564,6.511297025763499,5.798976860478705,2.961327460927564,20,1.0,0.9847135837817997,0.9869039493506968,0.004858268548019012,0,0.0,0.19434281484526178,0.19194809486787695,0.03308307168287357,4.546954553103647,4.4909263283748455,0.7740302801462888,21.66054353787913,21.624480630990902,1.6722785417849408,0.9258001048979955,0.9242587288507296,0.07147538318674876,20,20,39.2,42.0,11.076765630909831,80.3474218652934,80.3474218652934,0.0,161.1697294857218,161.1697294857218,0.0,23.396566303333564,23.39656630333357,7.290014651212246e-15
front,log-0063,10.0,self-supervised,full_log,4.645691110408288,4.036914569813659,2.2593658048893914,0.07145426488279796,0.06383811303824001,0.0324681299438749,0.22110048281402195,0.19753387202068834,0.10046593045823027,6.070074778091021,5.423078950849753,2.758183531624902,9.777782917581305,9.165459746174808,5.985893897184695,0.39718372356393156,0.3640371098710905,0.23003695296674914,10.90424983242415,9.994245380171181,6.315415907105472,8.091210238261883,5.841337111263039,4.461001675193068,6.60299397920919,5.600400626334375,3.1500240831200395,20,1.0,0.9847907473671608,0.9908774652133422,0.012418134295746189,0,0.0,0.22110048281402195,0.19753387202068834,0.10046593045823027,6.070074778091021,5.423078950849753,2.758183531624902,26.66563144801134,25.739827611571904,4.670317059731112,0.9712868791956202,0.937564778115968,0.17011476704177567,20,20,24.25,24.5,10.192231303663021,84.9504894920883,84.9504894920883,0.0,153.67050225201808,153.67050225201805,2.9160058604848984e-14,27.453919144974673,27.453919144974673,0.0
front,log-0071_183,10.0,self-supervised,full_log,3.1387212049608366,2.9829201673056147,1.0704148524294634,0.0529023743948572,0.047907353375536976,0.01874192427310046,0.1854242904769902,0.1679166031752432,0.06569096473013823,4.191689421693889,3.7959117839729895,1.485005665934348,8.79068098026474,8.41865167978266,1.1895643255220867,0.42493459491739455,0.4116706833717075,0.06288684740526365,9.60604374888011,9.306200629225623,1.421615972504059,7.218798296239038,6.015843902837927,4.530325397123353,5.200207542950329,4.631558958918999,2.638999369261056,20,1.0,0.9887509959064321,0.9905539437492025,0.0045503115503004185,0,0.0,0.1854242904769902,0.1679166031752432,0.06569096473013823,4.191689421693889,3.7959117839729895,1.485005665934348,21.65281617419418,21.173730523101703,2.8784062121779024,0.957837681186356,0.936644766350688,0.12732966971154225,20,20,44.7,49.5,10.543643632664734,79.2344288822956,79.23442888229562,1.4580029302424492e-14,152.4462174422029,152.4462174422029,0.0,22.60593480450205,22.605934804502045,3.645007325606123e-15
front,log-0072_184,10.0,self-supervised,full_log,3.0821460615386354,2.7370548348789407,1.235635041002565,0.05720813771804567,0.050279922316265824,0.0214205603800227,0.18891596935966967,0.16603722202112506,0.07073619400728791,4.052006919672124,3.561286930020449,1.517201264458004,3.4815574932951976,3.086898939576967,1.5717797591010927,0.2126350862748842,0.18868182745210518,0.08358236470706183,4.560751766360976,4.0469848739824315,1.7927352637445966,6.45787174883727,5.579576179512458,3.8744699954712654,5.076034592260863,4.159676326649821,2.631591429815884,20,1.0,0.9888235979884563,0.989003381523817,0.0019028439534585556,0,0.0,0.18891596935966967,0.16603722202112506,0.07073619400728791,4.052006919672124,3.561286930020449,1.517201264458004,19.249682372309618,19.73511083586058,2.1995917411854062,0.8974743817873042,0.920106423282911,0.1025511590229932,20,20,41.1,40.5,7.8666517989749485,70.82920509740634,70.82920509740632,2.9160058604848984e-14,152.19039707482895,152.19039707482895,0.0,21.44872629564559,21.448726295645585,3.645007325606123e-15
front,log-0073_185,10.0,self-supervised,full_log,2.8806364994585474,2.5742803097940685,0.9010504875181585,0.06160730094012792,0.05031926596206457,0.02123252152801564,0.21783546345100815,0.17792242890194881,0.07507545529033512,4.219058773664764,3.446019177953268,1.4540688339334729,9.594663504791313,9.378715599261925,1.5647918723894236,0.5286641519626971,0.5139026289200217,0.07590673642374521,10.239219516072492,9.953316879655073,1.4701691690383885,7.99195660345895,5.737478712663156,4.49579800490621,5.987185679867766,4.848445885700379,2.7062879666138486,20,1.0,0.9817462511695503,0.9866054181442752,0.011857785194961222,0,0.0,0.21783546345100815,0.17792242890194881,0.07507545529033512,4.219058773664764,3.446019177953268,1.4540688339334729,17.85535460660741,18.1003408257841,2.4124307656634234,0.9218950610716169,0.9345440165511134,0.12455692183337154,20,20,36.6,37.5,7.088909054216126,68.48309712131342,68.4830971213134,1.4580029302424492e-14,149.9043725573418,149.90437255734173,5.832011720969797e-14,19.368098778891632,19.368098778891632,0.0
front,log-0078-valid,10.0,self-supervised,full_log,6.774275512913863,6.0916836586710525,2.044996452216016,0.09641138401986377,0.08623322531297953,0.027152818069931046,0.30950585936347863,0.27683129723227806,0.08716767606139458,8.590497842694306,7.683598192793262,2.4193846756183426,11.2061090681843,11.003911438405876,2.668255520378934,0.47856491795898093,0.478461371651479,0.09847345355211783,13.282820893183095,13.279946910981131,2.733182473643164,9.601030503334611,7.302836297389512,5.142178688550389,9.601030503334611,7.302836297389512,5.142178688550389,20,1.0,0.963608126996041,0.9645943639592993,0.003526995963950709,0,0.0,0.30950585936347863,0.27683129723227806,0.08716767606139458,8.590497842694306,7.683598192793262,2.4193846756183426,26.73391516420786,26.55304944847065,5.003960063325601,0.9631925341888394,0.9566761483164838,0.1802869854553585,20,20,25.7,30.5,14.015405058269577,89.10252591047126,89.10252591047124,1.4580029302424492e-14,191.14572150135155,191.14572150135155,0.0,27.75552572853157,27.75552572853157,0.0
front,log-0079,10.0,self-supervised,full_log,6.046255353392933,6.004337667013127,0.650553171158014,0.07711187947928723,0.07623659527465915,0.008736627977602805,0.2667253588216651,0.2636978033382966,0.03021947134414529,7.870111672306928,7.780779334903848,0.8916685507789243,8.910161594597804,8.530474562747152,2.5863620129550116,0.3717340154011258,0.3668392627957341,0.08814798846094553,10.968541673452195,10.824115025071515,2.600931969654602,7.865784816520981,7.203842149115331,1.7533449171498685,7.865784816520981,7.203842149115331,1.7533449171498685,20,1.0,0.9682167782228998,0.9684990137255297,0.005520005579450187,0,0.0,0.2667253588216651,0.2636978033382966,0.03021947134414529,7.870111672306928,7.780779334903848,0.8916685507789243,27.538111142242165,27.40141805610029,2.839830762768271,0.9332920397471816,0.9286593847140989,0.0962444893707767,20,20,35.6,36.0,10.333389926274004,102.06094995286549,102.06094995286549,0.0,190.67881336638962,190.67881336638965,2.9160058604848984e-14,29.506424537491974,29.506424537491974,0.0
front,log-0080-valid,10.0,self-supervised,full_log,6.600809960765268,6.566536714680921,0.5136683108360935,0.08673513569069659,0.08677483252658509,0.00771435292985033,0.2922128998608482,0.2923466395205364,0.02598985315732191,8.55307447727798,8.556989038443565,0.7607232596984886,16.94493719270144,16.462398863606367,4.660231731524576,0.6353633398162368,0.6118809441486621,0.15513355534542275,18.59709125835365,17.909761304250594,4.540760703672496,8.933979070378614,8.449348711687147,1.4556526800100869,8.933979070378614,8.449348711687147,1.4556526800100869,20,1.0,0.9594652715374533,0.9607531360370924,0.006509827319697616,0,0.0,0.2922128998608482,0.2923466395205364,0.02598985315732191,8.55307447727798,8.556989038443565,0.7607232596984886,27.962174227298032,28.233053079166424,2.478772018597612,0.9553182354578806,0.9645727199155711,0.08468640856250965,20,20,30.35,31.5,9.223967635858683,98.61141519140322,98.61141519140322,0.0,209.41055645838256,209.41055645838256,0.0,29.270009918627657,29.270009918627654,3.645007325606123e-15
front,log-0081,10.0,self-supervised,full_log,8.10791718877531,7.784358323594079,0.8308705415779806,0.14657516658477632,0.13855204124427756,0.01661072596349736,0.48298898378176797,0.45655148249658273,0.05473504032039961,9.952114516442814,9.40736287788857,1.1278298421333355,17.713036539574354,17.35318621928532,5.8693501214428485,0.9897785045635074,0.9449849011991174,0.2358824486943993,20.394645331663106,19.47166140189308,4.8604196382381835,9.445795404894707,9.141801594684036,1.4559680400429518,9.445795404894707,9.141801594684036,1.4559680400429518,20,1.0,0.8942438810644988,0.8974974326840448,0.009895624473898584,0,0.0,0.48298898378176797,0.45655148249658273,0.05473504032039961,9.952114516442814,9.40736287788857,1.1278298421333355,21.52368890537698,21.484089580617386,2.3140025889291107,1.0445724488466477,1.0426506424212412,0.1123015372309772,20,20,34.1,35.0,11.41052146047673,67.89768518316299,67.89768518316298,1.4580029302424492e-14,200.25954166451217,200.25954166451217,0.0,20.60526192237035,20.60526192237035,0.0
front,log-0098,10.0,self-supervised,full_log,6.653357624563289,6.639115518700149,0.2403181086349633,0.09725484797531389,0.09719569302500697,0.003060409081391585,0.325734020535783,0.3255358938593323,0.010250176472631382,8.660925462431052,8.655657482211987,0.27254142585475644,7.644023863892427,7.613570438987237,0.9026391730102764,0.3634385891652578,0.35964031018756204,0.03335955701652185,9.663450338266436,9.56245808987546,0.8869955809484603,9.475698876407908,9.829573929502075,1.1104965897509513,9.475698876407908,9.829573929502075,1.1104965897509513,20,1.0,0.9483147759471173,0.9504579978010149,0.004230062310630185,0,0.0,0.325734020535783,0.3255358938593323,0.010250176472631382,8.660925462431052,8.655657482211987,0.27254142585475644,23.68173298060928,23.258578491332212,1.2180814359526733,0.8906607187060898,0.8747460438023646,0.045811566580725875,20,20,31.7,31.0,7.692101211803677,89.05392011542133,89.05392011542135,1.4580029302424492e-14,200.15184341259447,200.15184341259442,5.832011720969797e-14,26.58894962271716,26.588949622717163,3.645007325606123e-15
front,log-0099,10.0,self-supervised,full_log,8.762730716946349,8.55033600295226,0.8843655586296088,0.1624384361645657,0.15526620456968887,0.018931435447847964,0.5407957674661097,0.5169177212266924,0.06302720220651432,10.62189762687485,10.152903270884874,1.237932191449501,10.819603337760613,10.303579822027068,3.019560532080529,0.6824817496113391,0.6378879959626919,0.17205831960082618,13.404785526610786,12.528909059837787,3.37943816612178,13.069345199955313,11.468960953922586,9.193590401575129,13.069345199955313,11.468960953922586,9.193590401575129,20,1.0,0.870353066680418,0.8695089866674117,0.004146650649132691,0,0.0,0.5407957674661097,0.5169177212266924,0.06302720220651432,10.62189762687485,10.152903270884874,1.237932191449501,20.211204771056693,20.314302611376803,3.386086245987609,1.0290189549486497,1.0342680053197384,0.17239679522726423,20,20,26.7,29.0,7.004509825443665,65.39029725768751,65.39029725768751,0.0,185.28208510303995,185.2820851030399,5.832011720969797e-14,19.641236610714596,19.641236610714596,0.0
front,log103,10.0,self-supervised,full_log,4.98421065444237,4.885630984903392,0.5612859132999266,0.10157046467474815,0.1007449824178765,0.008314305493139183,0.33964174045839013,0.33688140819704615,0.027802227718808532,7.737106759584395,7.6742258387378595,0.6333403065370622,16.896593744048598,17.02165307367497,2.5003162242882913,0.7837234591443307,0.7825041360895693,0.0996781953730101,17.853377106143235,17.825600683150054,2.2706892214214562,9.610217233610896,9.076026902069007,2.1112062688068356,9.610217233610896,9.076026902069007,2.1112062688068356,20,1.0,0.9473018849980639,0.9476362687297041,0.004545570497107487,0,0.0,0.33964174045839013,0.33688140819704615,0.027802227718808532,7.737106759584395,7.6742258387378595,0.6333403065370622,21.47998613045251,21.200084987883933,2.67895573058465,0.9429235114704373,0.9306364752213223,0.11760018508464058,20,20,37.95,41.5,11.636942083409695,76.17476974591364,76.17476974591364,0.0,161.83235720034816,161.83235720034813,2.9160058604848984e-14,22.780199951696673,22.780199951696677,3.645007325606123e-15
front,log104,10.0,self-supervised,full_log,4.530033288010413,4.446485555580462,0.3917575798054727,0.10595407066534937,0.10427023308652794,0.004645383078769717,0.3553704174582508,0.3497228188378294,0.015580635209098841,7.625327608017223,7.504144787040407,0.33432002770558183,28.19042293463117,28.417507775756746,1.8455198641890458,1.3470338044850898,1.3557418786278093,0.0856163058588838,28.90385230075979,29.090704989984943,1.8371039025466747,10.23505967272983,9.882099521263775,1.4299655426940472,10.23505967272983,9.882099521263775,1.4299655426940472,20,1.0,0.9400867429980215,0.9392538232685326,0.003140265072924134,0,0.0,0.3553704174582508,0.3497228188378294,0.015580635209098841,7.625327608017223,7.504144787040407,0.33432002770558183,19.11839073386989,18.761102607179517,1.9719137049270155,0.8909926032662533,0.8743415638274572,0.0918989756944718,20,20,39.75,43.0,10.00460420322353,71.96823642671964,71.96823642671964,0.0,167.6308323463045,167.6308323463045,0.0,21.45740678854635,21.457406788546354,3.645007325606123e-15
front,log106,10.0,self-supervised,full_log,3.953812858450793,3.7835708041362457,0.6953557148813003,0.0707940252877718,0.0679202879758371,0.01160894263715704,0.24748986091076158,0.23744352091619658,0.04058387112347563,5.834481900278526,5.597643152029891,0.9567497457947732,6.451089638075636,6.438146883575353,0.6938158480577825,0.31651326526082235,0.30963980672228203,0.03131509014628962,7.461683119326625,7.29964387744476,0.738241663685757,7.404882943174272,6.480946953180517,2.525005301626381,7.0362170067581475,6.536748353115805,1.618173185318241,20,1.0,0.9777141354556218,0.9779783958165644,0.004043310536088088,0,0.0,0.24748986091076158,0.23744352091619658,0.04058387112347563,5.834481900278526,5.597643152029891,0.9567497457947732,20.194142441165248,20.441202643876338,1.5591275869978274,0.8566048518785374,0.8670847704472509,0.0661358242674132,20,20,42.15,41.5,7.5552352013268536,82.41489132115095,82.41489132115096,1.4580029302424492e-14,139.2265583706526,139.2265583706526,0.0,23.574630002245993,23.57463000224599,3.645007325606123e-15
front,log107,10.0,self-supervised,full_log,3.090150383991566,2.8129044105706273,0.7139833341628951,0.0567996300112007,0.05166430944467184,0.011960825956780847,0.20339230304198513,0.18500336852464394,0.04283020747061702,4.512643069277937,4.104649764418431,0.9502691891842083,4.867605839528895,4.729285867757289,0.6857091114586871,0.26971646803447813,0.2589031907592812,0.03574713781163936,5.984170157582934,5.744257142083889,0.7931178873515115,6.84309156185994,5.626398396754425,3.1459994078547764,5.748397560301531,5.12784437211314,1.7917890459499468,20,1.0,0.9835840666460035,0.9846964296492964,0.004037217466941124,0,0.0,0.20339230304198513,0.18500336852464394,0.04283020747061702,4.512643069277937,4.104649764418431,0.9502691891842083,20.747167856598036,20.732208919942842,2.094400112070573,0.9351092446643096,0.9344350205941467,0.0943980846137665,20,20,34.55,37.0,8.780810416980163,79.44845887883525,79.44845887883525,0.0,143.29596879429766,143.2959687942977,2.9160058604848984e-14,22.186892039599048,22.186892039599044,3.645007325606123e-15
front,log109,10.0,self-supervised,full_log,3.872073225732662,3.8980727484830804,0.5284266969077405,0.06693381866442324,0.06616171242037525,0.008556228059283572,0.23744890296868432,0.23470984244169374,0.03035337004172203,5.405896411176715,5.343537405564433,0.6910420394627149,11.338727494861597,10.77832003511175,1.6570317534985215,0.5391522351495595,0.5123613258713136,0.07197605344684244,12.274645604310482,11.664708567294435,1.638647659156649,8.224707766751838,7.899045552884473,1.8649475601658885,8.224707766751838,7.899045552884473,1.8649475601658885,20,1.0,0.9788367043337445,0.9810868724283066,0.004956944197101239,0,0.0,0.23744890296868432,0.23470984244169374,0.03035337004172203,5.405896411176715,5.343537405564433,0.6910420394627149,20.36055607989652,19.609963881051492,2.1074905775433037,0.8943182290745091,0.8613491744281572,0.09256953659338961,20,20,42.35,46.5,11.2590314625053,80.76479900660539,80.76479900660537,1.4580029302424492e-14,163.1495299547129,163.14952995471293,2.9160058604848984e-14,22.766567221789455,22.766567221789458,3.645007325606123e-15
front,log110,10.0,self-supervised,full_log,4.176158718003989,4.2573843253827315,0.19325638280971588,0.0798765033517944,0.0797793283278897,0.002585447192886156,0.2892184340873655,0.28886658082555783,0.009361438685526921,6.4148388044962825,6.407034730857427,0.20763586641814996,8.04166991771392,7.876044665765697,0.6205966189399387,0.40840004420394227,0.3992393434472538,0.02146949532735979,9.058276176566483,8.855092659320025,0.47619147158958935,11.074633446955001,11.241281223297207,0.5832995239277499,7.908457134020308,7.912389446229209,0.3723692282025826,20,1.0,0.9637309601359192,0.9642345594557533,0.003560027567940114,0,0.0,0.2892184340873655,0.28886658082555783,0.009361438685526921,6.4148388044962825,6.407034730857427,0.20763586641814996,19.10818834471034,18.7407272091586,0.9849032658238033,0.8615088359554701,0.8449415398080208,0.044405196911485034,20,20,40.8,40.5,4.685925174054971,80.30945941942234,80.30945941942232,1.4580029302424492e-14,153.52197901588357,153.5219790158836,2.9160058604848984e-14,22.179909882779206,22.179909882779203,3.645007325606123e-15
front,log112,10.0,self-supervised,full_log,4.475614125760416,4.2360909449005115,0.7120885135768517,0.08277184161577736,0.07916199328949762,0.011890902157082467,0.2816977322996116,0.2694123213723195,0.040468353817661167,6.470101220740682,6.187926949797563,0.9294868769427308,20.51819054480044,21.337605040418346,3.171189803913925,0.9311535428711842,0.9633811260731313,0.1395524147973237,21.386958372884884,22.127169249679103,3.2052734041079796,8.895623446875979,8.040795429246774,2.886269980641726,8.895623446875979,8.040795429246774,2.886269980641726,20,1.0,0.9669649615088216,0.969246865917442,0.006733375224539031,0,0.0,0.2816977322996116,0.2694123213723195,0.040468353817661167,6.470101220740682,6.187926949797563,0.9294868769427308,19.980628342698175,19.959896943085653,1.9366310703226692,0.869924210152478,0.8690215985767079,0.08431778146871288,20,20,33.35,34.5,12.053717487279926,78.16790220488944,78.16790220488943,1.4580029302424492e-14,168.24758204657732,168.2475820465773,2.9160058604848984e-14,22.968240347278094,22.968240347278098,3.645007325606123e-15
front,log-0046,10.0,self-supervised,full_log_excluding_training,3.2810353116591515,3.3596088417761107,0.8911180965619032,0.06497399295155698,0.06412951796217506,0.017030224996042176,0.2145875850515353,0.21165059486142176,0.05621244211039698,4.413755239645898,4.356631375916889,1.1573993340548303,14.059775426520194,13.956334109894236,1.302934989073164,0.7152471945269453,0.7016232765814788,0.05813513283880284,14.713232159492701,14.409612860838287,1.1823885359820543,7.359423697968623,6.047471268104954,3.5169219333273163,5.899184296316408,5.192153490978969,2.081752822886342,20,1.0,0.9840904814442833,0.9855313873460623,0.0053489725136145,0,0.0,0.21459195528747205,0.21166100634448884,0.05621246991307963,4.413845022682622,4.356845567464633,1.157399348964087,18.327437250663575,18.460999497196585,2.013749596891799,0.8908563421596988,0.8960564238984757,0.0974311843874098,20,20,35.75,36.5,7.369031929564925,67.94822795509718,67.87735831017042,0.3589654384058811,165.89980059488886,165.8998005948889,2.9160058604848984e-14,20.572203300277863,20.5554122013796,0.08426803812772737
front,log-0048,10.0,self-supervised,full_log_excluding_training,3.0920860970683672,3.087055429350438,0.6527001708360525,0.054723531581148975,0.053087148028538506,0.009889295129800796,0.1896647436994156,0.18383050785880906,0.034401265162857,4.2514453550654405,4.1099254316923926,0.7610627543183477,4.972554985501436,4.734216244599304,0.595207608031032,0.26350377419408444,0.26183212285579643,0.02609415939865374,5.909967477269533,5.874883627510611,0.5894829897230702,6.308246474628619,5.357662456731177,2.048130074126748,6.331297754891472,5.357662456731177,2.0286840243296695,20,1.0,0.9886011387603281,0.9894747670067445,0.0017822884895384217,0,0.0,0.18968426714727488,0.18383586972517246,0.034409859463136946,4.251881171896304,4.110045333918022,0.761238672983795,20.232814310535655,19.89048358559519,1.9812641343523945,0.9019129834839749,0.8874568469448589,0.08525451759767542,20,20,33.3,32.5,11.585380987761212,77.7202639913912,77.64297547267046,0.557513136835545,146.91421197362277,147.0280467770388,0.47210171362917364,22.427010295883655,22.433233407355566,0.1672997324729892
front,log-0049,10.0,self-supervised,full_log_excluding_training,3.8129488283952107,3.5402787258706687,1.322549994063631,0.06617681047117914,0.059426073710679844,0.022552782041281142,0.21839929748514328,0.19546979787718705,0.07432311612505224,5.338862026450085,4.783747627086398,1.8320044574363332,13.55730763761637,12.151368250832965,6.087053285217509,0.5903031678561783,0.52832317311444,0.2606632507755256,14.432253134663672,12.874399723948528,6.400786260013685,7.577981075245671,5.595264386249566,4.089702376812586,6.320887178710304,5.2730344951512045,2.7434123100397674,20,1.0,0.9850152001446949,0.9870101802940459,0.006526684999926709,0,0.0,0.21841591531025353,0.19549976116627865,0.07432920082532517,5.339267261656966,4.784484902783419,1.8321510330763577,21.06276093645902,21.787794239883155,2.2945396292732188,0.8628019520958874,0.8851993412077931,0.09681462654600131,20,20,37.3,40.5,12.814876223810318,80.63208725932607,80.80052055381827,0.5205422610189696,128.53980625973344,128.6836164750667,0.6431388346879802,24.42165389823173,24.43281305247862,0.22078047652980512
front,log-0054,10.0,self-supervised,full_log_excluding_training,3.110213583331787,3.0808945899002262,0.3811631539200006,0.06943920700223141,0.06969529813055206,0.009173661060164937,0.23145782101002738,0.23236215722017656,0.030507860032254624,4.15610861823482,4.173988292679354,0.5514004635772292,5.500974597352315,5.196919938667206,0.9095875339379293,0.35979123008720104,0.33981386176527284,0.05630183519055791,6.460420686460833,6.121204656496352,1.0146743517163326,6.571830555861328,6.348272075212435,1.9789473357218728,5.357312977258873,4.972186841964565,1.235946847330688,20,1.0,0.9767218230555169,0.9776339217945866,0.0067166503641318655,0,0.0,0.2314617580373571,0.2323697994732818,0.030507739602919956,4.156179316399297,4.174125526844007,0.5513984036800783,16.734218950520848,16.168127866903333,1.5019609640176192,0.9320619008099731,0.8980890293014276,0.08385088931904404,20,20,33.95,34.5,8.088165493647592,59.848222176064496,59.876623096678365,0.20536168781733694,135.68909641244048,135.89296889344487,0.9117454525348168,17.9542983081789,17.966803191315115,0.05243157556542698
front,log-0055,10.0,self-supervised,full_log_excluding_training,3.863425197060418,3.840008563135421,0.8619728702130242,0.06167783725903109,0.06084736885913144,0.012728119301877276,0.2128408699359122,0.2097444047172535,0.04420918455772552,5.049957030947039,4.998293731874119,1.035913254826805,7.4756930122495815,7.282251696430153,1.5395585285638735,0.3575247890572516,0.3415402686073075,0.06560310051558858,8.486895078391203,8.15943776418184,1.5589815593615217,6.0270005781810605,5.738924004393622,1.2666409064820534,5.418773676781808,5.070318106243525,1.3836493140203876,20,1.0,0.983808557965818,0.9855552719398589,0.004115549767039674,0,0.0,0.2128459231480973,0.20975598740047233,0.0442094125122783,5.050076737323708,4.9985710021291965,1.0359177675237279,22.186402098794623,22.332690767217155,2.696062476033195,0.9346398756652213,0.9396549488064787,0.11345849441542623,20,20,36.6,36.0,11.343442343950372,81.89098467157129,81.93783794664189,0.4051867710844622,144.4651753381866,144.98409225186288,2.244551704873598,23.73677774170072,23.71899494070177,0.162589048410061
front,log-0056,10.0,self-supervised,full_log_excluding_training,3.6672884215709987,3.5894280514638943,0.5757819836797925,0.06606407954357452,0.0640165136765086,0.011819831061640402,0.22712658941552671,0.21968634830329223,0.04094489939924181,5.11194796625831,4.9724252692992605,0.8953592309165583,6.785145670298528,6.0517734098679625,1.7037292226751823,0.3455488997018374,0.2980689376707777,0.09218172513397808,7.773315882009449,6.7472286039939595,2.0280630111128777,7.107862180809993,7.028387230770765,2.059714387557054,5.875455790325274,5.520360290088033,1.1825304822274956,20,1.0,0.9785996880180848,0.9815272773079529,0.007852913676958841,0,0.0,0.2271375916745419,0.2196966738123956,0.040941164691285975,5.112195950588378,4.9726525606583065,0.89527301110193,21.537988043175513,20.80484557764834,2.2455167821537336,0.9565908406084496,0.9237989494605274,0.10388563275806285,20,20,36.5,36.5,10.733616646582337,77.42183789891112,77.61824894635905,0.44368324481104165,148.73146404505894,148.7314640450589,2.9160058604848984e-14,22.524254608287556,22.60185572095755,0.141044511896845
front,log-0058,10.0,self-supervised,full_log_excluding_training,3.3293840337799785,3.3414903412064954,0.5688329365154369,0.056529676120750175,0.056159817932856376,0.009839275847401826,0.19434482546009596,0.19305660281562131,0.03372606159600343,4.553994935129617,4.513884301146174,0.7864770656727336,3.599269275837911,3.373331970225311,0.6791306555743819,0.20357150462101964,0.19507672369116125,0.03780679722424615,4.770231137217694,4.5611784503690265,0.882434472561617,6.517630447775628,5.7852843614221925,2.9631960430957016,6.517630447775628,5.7852843614221925,2.9631960430957016,20,1.0,0.9847308771828679,0.986980746748543,0.004895670779323469,0,0.0,0.19435730502528553,0.19306190738129603,0.03371848599961428,4.5542873173532135,4.51400836840572,0.786297626919508,21.711760908171055,21.639101994893245,1.684644315167102,0.9265040539210079,0.9255031632984713,0.07259670128819147,20,20,39.2,42.0,11.076765630909831,80.573782243803,80.63340102186953,0.3606408942683238,161.1697294857218,161.1697294857218,0.0,23.435329253523626,23.430367676534743,0.07179162556889512
front,log-0063,10.0,self-supervised,full_log_excluding_training,4.680219973119437,4.1751199499005125,2.2950396500167667,0.07207317149386468,0.06550950808141275,0.0331454801128819,0.22223095035192716,0.1996417718911258,0.1038183644936276,6.1033740710161535,5.562688568651975,2.803709804442083,9.81259939205571,9.131451716160182,6.00775472951171,0.3994754998676133,0.36539229233795734,0.23437191657374312,10.941588198789713,9.955884921864119,6.32527057453199,8.161366352615449,5.890725032049797,4.49277534105409,6.6278207638608055,5.6360113339331885,3.234064050551126,20,1.0,0.9845710133832645,0.9907751555848687,0.01285905119165865,0,0.0,0.22227777795784848,0.19970519669207626,0.10381458144120634,6.104670000683017,5.564443758385046,2.8036065942527784,26.788254037634562,26.14420667857413,4.595738433504409,0.9741905173822165,0.939128896619705,0.1724417449953983,20,20,24.25,24.5,10.192231303663021,84.67628612595485,84.77433312574225,0.6881796162582696,151.56038587682508,153.67050225201805,6.350552016641541,27.52119742239958,27.57878541045513,0.4809374271523853
front,log-0071_183,10.0,self-supervised,full_log_excluding_training,3.1470180559293537,2.988385080995176,1.0858027624517568,0.05285485158690502,0.04788540415393126,0.018834280232142793,0.18555575204677938,0.16824794761815187,0.06602184284818777,4.200938422434385,3.803778632586445,1.5022657459225164,8.786032655342334,8.417338845897515,1.200819358759429,0.424309820130982,0.41077062551613086,0.06316250913991624,9.604363137181563,9.286916422236533,1.4372678691801506,7.218469046290409,6.048620193454825,4.541952418325511,5.206238417202357,4.629353932261964,2.6489211806665027,20,1.0,0.9887509296147824,0.9906230876119129,0.0046256152752136535,0,0.0,0.1855596251330641,0.16825237670493884,0.06602092865018096,4.201026081713305,3.803878693663858,1.5022451758777362,21.690994417904644,21.18392385448304,2.9196819519908357,0.9582773756554281,0.9365177262666213,0.12786916159428524,20,20,44.7,49.5,10.543643632664734,79.46464567801111,79.44237234666474,0.15672785511098297,152.4462174422029,152.4462174422029,0.0,22.633060393611878,22.637357581203652,0.05304079288161903
front,log-0072_184,10.0,self-supervised,full_log_excluding_training,3.082141192021865,2.7355965373140148,1.2486243953395457,0.05731851664169024,0.05041114304840371,0.021547978151133546,0.18895162496679144,0.16603228393390568,0.07099040342420465,4.051582576596582,3.5626785922017934,1.5334693946300886,3.4819609490443257,3.0858069052360313,1.5851340415643953,0.21272529169615056,0.18870497227097527,0.08373650320413166,4.561797698471753,4.028286416565203,1.8095621767177688,6.4621252564845575,5.586509859790926,3.881802362587678,5.072187775800488,4.147338053943498,2.6418608372862367,20,1.0,0.9888441125432539,0.9890624610832215,0.0019595386184930617,0,0.0,0.18895618447516252,0.1660323699638665,0.07098857783116731,4.051680144534894,3.5626804383527713,1.5334300025774723,19.238719432232912,19.690141315000773,2.200147537301332,0.8977027305593023,0.9191197206060749,0.10322737585594707,20,20,41.1,40.5,7.8666517989749485,70.66647534097368,70.77716840289298,0.40257709481033926,152.19039707482895,152.19039707482895,0.0,21.433758903303797,21.461088020865986,0.1037400147249755
front,log-0073_185,10.0,self-supervised,full_log_excluding_training,2.879534425660187,2.5672565501288087,0.8978025474903915,0.06139312101119145,0.050061879948667246,0.021233637370320038,0.21819650572460877,0.17715396940677358,0.07551075383827585,4.223558505718428,3.4208184681022287,1.4529314088350682,9.592598827301249,9.360411759463378,1.5735191215355313,0.528609272918944,0.5150812138433609,0.0770918794637458,10.2349170696184,9.953018641344261,1.480869550319859,7.993257612462789,5.738260216679995,4.508089656564093,5.998174498929833,4.83212264630988,2.7069011397271634,20,1.0,0.9816476468218138,0.986505962450324,0.012015115823616732,0,0.0,0.21820404588152603,0.17716605498908217,0.07550867628039795,4.223704544807922,3.4210531770035315,1.4528908914984966,17.844848462616554,18.207092387502136,2.415702591140214,0.9214288789861941,0.9338021116643829,0.12460461729456142,20,20,36.6,37.5,7.088909054216126,68.81315942851026,69.12643313167972,0.7136296687526983,149.01274121247238,149.90437255734173,2.5189879696179354,19.365737227544106,19.37987548308584,0.1395236759015237
front,log-0078-valid,10.0,self-supervised,full_log_excluding_training,6.78765983766486,6.0388556837777685,2.061298415797193,0.09685595488620345,0.086215948176492,0.026875684220702814,0.3120011692286271,0.27740559754266014,0.08841850155021867,8.59251986517322,7.723902138402567,2.4118408717714814,11.2149431812823,10.98560250299025,2.736692399303783,0.4823959137944466,0.48181885151091314,0.10262321024598708,13.288629593451233,13.267011146429198,2.813872666373128,9.57992774890563,7.350013130141303,5.015095558852352,9.57992774890563,7.350013130141303,5.015095558852352,20,1.0,0.9642612742450923,0.9643327215094564,0.0048537316565495725,0,0.0,0.31220594991166195,0.2774138682635163,0.08868360777507975,8.598166960243052,7.723984947403782,2.4191056122031998,26.540884928493256,26.33263227110387,5.146238883698656,0.9632810041560385,0.9520342902703816,0.1877552241004484,20,20,25.7,30.5,14.015405058269577,88.67937925752685,88.53692661478824,1.1472007764136756,190.77294749701142,191.14572150135155,1.602352882719772,27.55766509864016,27.460313726473775,0.37028909424100775
front,log-0079,10.0,self-supervised,full_log_excluding_training,6.063239137250389,6.0613315215429004,0.6828284435452378,0.0774886405345073,0.07596572233836062,0.009123252523879495,0.2666896702117751,0.26192016799825696,0.031220297469380476,7.887158470524135,7.755658463428947,0.9233592947463583,8.922538709701067,8.37153414155707,2.65089379982473,0.3711177682224392,0.3625715203120936,0.09035805606761653,10.97539913913796,10.711374175055013,2.672270162021737,7.877582857757501,7.259746958019379,1.7654196607544892,7.877582857757501,7.259746958019379,1.7654196607544892,20,1.0,0.9683098730649894,0.9694056424324425,0.005807146572303323,0,0.0,0.2667350267289092,0.2619377300259887,0.031205949346768878,7.888501688198109,7.7561785761945155,0.9229501111464914,27.555400925410765,27.08303997859474,2.879078175088679,0.9316708950873623,0.9239943140158811,0.09673799382804264,20,20,35.6,36.0,10.333389926274004,101.80017494831209,102.09057405021065,0.8754370640386856,188.05878155565983,190.67881336638965,8.064287758749646,29.575576542544276,29.613151690539755,0.19256280039502108
front,log-0080-valid,10.0,self-supervised,full_log_excluding_training,6.630906985067197,6.52512818362972,0.5220919784050593,0.08725112275647631,0.08675137111015246,0.00802437957933679,0.29394863643183344,0.29254779785536045,0.026678883702648936,8.583447788587737,8.609712996841262,0.7710068817076277,16.921827430551378,16.44041723806798,4.704039027759726,0.6362503297233719,0.6175719609063102,0.15473756565579816,18.585368813108524,17.870940572287125,4.5744114377547564,8.96444070370629,8.483833389416871,1.4547703612135472,8.96444070370629,8.483833389416871,1.4547703612135472,20,1.0,0.9590661739380961,0.9600001733806989,0.007214325642565397,0,0.0,0.2939799872394969,0.29266124540302374,0.02668258167281975,8.584365347666377,8.612727503433128,0.7711407154646355,27.897598289117507,28.130339287065862,2.525723758560784,0.9553290949143507,0.966667656608243,0.08621859135537689,20,20,30.35,31.5,9.223967635858683,98.39548250706423,98.57320467804736,0.9435222891985203,209.41055645838256,209.41055645838256,0.0,29.2031017235441,29.27006959588013,0.23698907673612912
front,log-0081,10.0,self-supervised,full_log_excluding_training,8.135191096637513,7.825841569238107,0.8398423504728674,0.14699073562689605,0.13904653789363014,0.017097960567572817,0.4843412715942536,0.45749383690996365,0.05616361280686419,9.973717905626131,9.420503575142998,1.1356597611886567,17.741017169933656,17.376708604343982,5.873995402354617,0.9918366118698531,0.9439590523194608,0.2363681404725746,20.429309115153462,19.51502016618528,4.866569897263999,9.46199047815961,9.148832956393608,1.4522400239730375,9.46199047815961,9.148832956393608,1.4522400239730375,20,1.0,0.8937906744371154,0.896982889927715,0.010218001685653146,0,0.0,0.48435362698423806,0.45749990202762614,0.056162565042197875,9.973972314413968,9.420926343725224,1.1356370328181478,21.518169368787177,21.47557623295124,2.291875746391281,1.0449562961739,1.0429457007557814,0.11335952597533082,20,20,34.1,35.0,11.41052146047673,67.8698253080977,67.93177498792232,0.31847762553541586,200.17012767441506,200.25954166451217,0.2752104546396036,20.596684704368407,20.60864747343846,0.07849706925720944
front,log-0098,10.0,self-supervised,full_log_excluding_training,6.623934378336736,6.594655843412181,0.2013853841944432,0.09739572209212863,0.09697966090832766,0.0031921198713508064,0.32631213012110166,0.3272260624111752,0.01077665061187317,8.637693122974843,8.59694975746258,0.29110683296023493,7.671588014197721,7.546852137306674,0.9028128198654803,0.36631424241532445,0.36409840572695285,0.03308858489770567,9.697260815795309,9.61725467379619,0.8880184920826082,9.490357520316605,9.81076693786813,1.102683155718171,9.490357520316605,9.81076693786813,1.102683155718171,20,1.0,0.9481962617428481,0.9496893843811108,0.004950385551650518,0,0.0,0.3263739819949861,0.327307291158961,0.010748081352450478,8.639327380249787,8.598916340186971,0.290262889988558,23.592123752894445,23.17138226485028,1.3499666708561813,0.8910939602387519,0.8741067027207738,0.04749452339895062,20,20,31.7,31.0,7.692101211803677,88.68534014076991,88.76951216986829,0.48880877404577866,200.1454418196817,200.15184341259442,0.028628793834414603,26.47122492839705,26.436702376967517,0.24539611609046433
front,log-0099,10.0,self-supervised,full_log_excluding_training,8.766307891166887,8.526902636407048,0.898960658482614,0.16246833375545983,0.1548603162041316,0.019025593891319026,0.5408520074799212,0.5159491405884011,0.06323236423124558,10.627210914558923,10.159826654434628,1.2525763910455419,10.864747349948935,10.351942649730866,3.026784440586966,0.684532175963163,0.6446299159520825,0.1722650506396303,13.44930886440974,12.59601154733473,3.393035794417929,13.092240529840657,11.513321580923883,9.187735363026013,13.092240529840657,11.513321580923883,9.187735363026013,20,1.0,0.8704292168028303,0.8701893252470365,0.004506451853916658,0,0.0,0.5408811156417992,0.5159699606246111,0.06323053718339273,10.627782410330642,10.160236680889554,1.252537604881127,20.193088803877043,20.342589276821556,3.4547427885440483,1.0275726603598332,1.0330635195905802,0.17453298982670146,20,20,26.7,29.0,7.004509825443665,65.40682093485098,65.45215107084205,0.2850341795515861,185.28208510303995,185.2820851030399,5.832011720969797e-14,19.6473159512149,19.658811654767767,0.07053502384534198
front,log103,10.0,self-supervised,full_log_excluding_training,4.990476781154132,4.8629475459624505,0.5673564642634288,0.10160839802685076,0.10103994693779034,0.00848049747129864,0.3398515915454026,0.33817776539200406,0.028158468178116288,7.7329862292241005,7.722352080483474,0.6434113209176847,16.929183100822872,17.035985815277456,2.505239848811192,0.7862472513317541,0.7843944960652937,0.10040710671577324,17.8893147297541,17.84720966928237,2.281439326519356,9.620260012990073,9.125738738719495,2.0793819446417046,9.541011617302994,8.863277099976198,2.1333979481668552,20,1.0,0.9472510087403709,0.9479385011001831,0.005035316090185964,0,0.0,0.3398669650202276,0.3381795715073328,0.028163098355939862,7.733335517311657,7.722536199826035,0.6435105086182982,21.476734777442463,21.18449393573492,2.6734829376181883,0.9438894776391447,0.9305155314871205,0.11744336109353379,20,20,37.95,41.5,11.636942083409695,76.10694932998962,76.16095983469563,0.35222241409451166,161.72447335874463,161.83235720034813,0.3320594580750416,22.753404098071805,22.76215487519721,0.09025083484587951
front,log104,10.0,self-supervised,full_log_excluding_training,4.556764830764941,4.478159802775263,0.36250145414508145,0.10617716226927558,0.1047367324180982,0.004714222473432821,0.35596537427593744,0.35154864484381654,0.016242894338184814,7.64692060773652,7.568398353796473,0.3717418102655052,28.191796187722325,28.37241846322199,1.8202227990108077,1.3456771631270548,1.353422119481897,0.08131191810922647,28.90835879985496,29.057197861013492,1.8184853650367732,10.24533517673498,9.919524461094255,1.482644763445461,10.24533517673498,9.919524461094255,1.482644763445461,20,1.0,0.9400106876355124,0.9393628688357896,0.0036016182805447055,0,0.0,0.3559832020396715,0.35155581200713204,0.016222059924054087,7.647299213698629,7.568512826382104,0.3712404595549772,19.135137486466313,18.758920150282627,1.945406021334209,0.8911995265836017,0.8738052918040271,0.09427124901669694,20,20,39.75,43.0,10.00460420322353,72.00956147112962,72.14183251672175,0.6684662204128095,167.6308323463045,167.6308323463045,0.0,21.479721161678277,21.490271095825925,0.14664055231202494
front,log106,10.0,self-supervised,full_log_excluding_training,4.0409548849292936,3.8609188176836584,0.7601359044836926,0.07170871019957922,0.06876875306484012,0.011901193875499252,0.24916962375899127,0.23936299976438913,0.04056700167004836,5.92860114778395,5.702305940366742,1.0175272458334923,6.482523963603761,6.554757445479742,0.7215096743866782,0.31546549225071685,0.31028211510135234,0.03157062058406962,7.500141314223765,7.3290651744094735,0.7878713894701935,7.438335712075114,6.55004589433489,2.5426653952772984,7.096144618958851,6.632345593284256,1.6447013621475317,20,1.0,0.9779011577936256,0.9780516107264614,0.0039503909265557555,0,0.0,0.24920656551275866,0.23946890651692798,0.04054854436461741,5.929471780786805,5.702681318879561,1.0170784588778938,20.246734376569698,20.601450061854425,1.425788187241076,0.852512586418529,0.8636670152864632,0.06679890612435663,20,20,42.15,41.5,7.5552352013268536,82.61059621694966,82.79112530467705,0.7195720919680104,138.94494078021015,139.2265583706526,0.6877994258815486,23.765143526893368,23.794302272892082,0.29018701148952525
front,log107,10.0,self-supervised,full_log_excluding_training,3.112791518159831,2.8311591626289996,0.7193449063203025,0.05704251134466437,0.052308612006235974,0.011777660961950305,0.20387488236142204,0.18631119682763567,0.042702793804198044,4.548663113816255,4.166901204391001,0.9569901281476535,4.904152798635003,4.722212271401381,0.7031902197209144,0.27032664706215526,0.25688992232513186,0.03727839794884395,6.028572338919151,5.804046815949922,0.8179288614764313,6.848921571617349,5.6127577355875795,3.1424527769739665,5.76707443961501,5.1550772244340255,1.798197362035156,20,1.0,0.9835659194980421,0.9846179114251165,0.00399035566343067,0,0.0,0.20392081292740794,0.1863282771982564,0.04272653969502485,4.549687653580021,4.16728063308744,0.9575198191081792,20.867294579633505,20.763794710523136,2.0994965146779725,0.9355787265493216,0.9344743772905448,0.09546704552555374,20,20,34.55,37.0,8.780810416980163,79.70192393864262,80.05387162776884,0.8395514392166297,143.07182655739734,143.2959687942977,1.0023945566759178,22.308329600217025,22.319879003713616,0.2276053281535294
front,log109,10.0,self-supervised,full_log_excluding_training,3.880262000426009,3.857202394863358,0.5555947513137981,0.06720863623482262,0.06754156307617507,0.008655827831667504,0.23874944027527767,0.23800452264709349,0.03060352109845409,5.410676858763229,5.3627662627516095,0.7309015855234944,11.286735081091738,10.702162416439533,1.7344781940550105,0.5399458336236778,0.5163888770794571,0.07640437595763398,12.227372167220384,11.614165999903179,1.7169282166659146,8.17765759879961,7.649589602349636,1.906547757229158,7.188793143784234,6.727119835577124,2.2346069648943776,20,1.0,0.9786061530160515,0.9810390787306997,0.004930350656128414,0,0.0,0.23881694815974766,0.2381173835721731,0.030601105436912888,5.412203645306585,5.365310985859597,0.7308261261390566,20.25535121486474,19.45619587662364,2.071537397375449,0.8945983746053786,0.8650603799975155,0.09387898951752861,20,20,42.35,46.5,11.2590314625053,80.46408294834009,80.63093125661379,0.8909052377291001,161.51305047282864,163.14952995471293,3.9968016427471906,22.6493438257269,22.59137004768511,0.20445319719475546
front,log110,10.0,self-supervised,full_log_excluding_training,4.249684784791876,4.319940061360612,0.18363560147318886,0.0814488394217593,0.08109732239786818,0.003021912830306416,0.2935731711368933,0.2921492599130264,0.01121831197491271,6.522358793272102,6.514842431718662,0.20899533871542764,8.038040273956742,7.8648653964749355,0.6535228503734043,0.408001201595945,0.4015691335836308,0.020903001746359805,9.06827703766509,8.893242811133428,0.5001137050118962,11.104504057415415,11.387254876717709,1.1178975456509825,7.970820790899533,7.976653853405411,0.37887213341213477,20,1.0,0.9625604721032625,0.962924578333261,0.004004391061734582,0,0.0,0.293625152942684,0.29221657900677867,0.011241662120194966,6.52350490799609,6.514866335060958,0.2092967146493665,19.087051145851,18.68133374585575,1.1068836632252341,0.8586753823338823,0.8414931871274938,0.04435458194856712,20,20,40.8,40.5,4.685925174054971,80.09507464384932,80.06687993034237,0.6913334838157308,152.4751060093838,153.5219790158836,4.681758412686079,22.22297592519792,22.231534399015207,0.2530213478720085
front,log112,10.0,self-supervised,full_log_excluding_training,4.4782868511543175,4.255045495025568,0.6732468491913765,0.08276140496692728,0.07926650966005247,0.01149032129443416,0.2812799000450536,0.2695876794697838,0.03918039548742951,6.4629057636292,6.220248758755903,0.8806118586976532,20.500793795812307,21.307372192210067,3.1665257755478917,0.9298664140632292,0.9595925695773857,0.14005869337384905,21.369901170984676,22.097333517438727,3.201694726997056,8.889981167885548,8.078800116711559,2.85230833631257,8.889981167885548,8.078800116711559,2.85230833631257,20,1.0,0.9670985328163022,0.9695335929186301,0.0065519783498066645,0,0.0,0.28129725708239917,0.2696044679160282,0.03919756910101999,6.463303817766231,6.220636094852058,0.8810036558984982,19.994135005953158,19.9698492078847,1.9478176170763764,0.8697543079127483,0.8687810340110909,0.0831967149830595,20,20,33.35,34.5,12.053717487279926,78.11337446829452,78.26891192005661,0.3483258241723606,168.22964523848754,168.2475820465773,0.08021584437628439,22.984296292817653,22.989003837537524,0.09596889940842482
front,log-0046,10.0,self-supervised,training_window,3.1786803100047445,3.453658440791854,1.023501691667039,0.06453717379750959,0.06538532042027423,0.01589412141589084,0.21271484525834258,0.2234095386890454,0.05025601127143039,4.093746631294278,4.284716442844545,1.310340220154775,13.972807137290413,14.112838058799895,1.4222551868142967,0.800021570666333,0.73875382395392,0.19481786906225604,14.58610205227412,14.652351517798092,1.3777667342258313,5.689098508291936,5.3834316369867,2.4401067247779347,3.9066696797080835,4.360283520616135,1.3542088645244443,20,1.0,0.9840174650058808,0.9862055027518979,0.006412846946653109,0,0.0,0.22027923511551478,0.22713018880460045,0.050210005954637406,4.2302190322277635,4.4072323574049594,1.3248876562507108,16.70001385544826,17.0003711028369,3.6312053379041584,0.8769321629496624,0.8905734873276907,0.06998442575859165,20,20,35.75,36.5,7.369031929564925,63.14973757359154,67.58189233831395,14.068654118462335,107.40527040196434,112.09070938305739,20.570812874352672,19.08028455458042,20.355870527951687,4.005594971356
front,log-0048,10.0,self-supervised,training_window,2.5654754432311995,2.535802834344047,0.8933594473167256,0.053086682649223026,0.04577593914887079,0.016098985063780893,0.17461248412224295,0.15188366973434025,0.04618102305057629,3.3750524689778025,3.449832079644511,1.140024079211494,5.05599156822545,5.38286226404231,1.0872561084149364,0.3108632415469294,0.2897056677551134,0.08563877656420855,5.78274690865238,5.985008557802576,1.0824511990710493,4.379674196948647,4.326266399814638,1.3607050762728303,3.6328989536215124,3.921025654208946,1.4243484294001734,20,1.0,0.9898777677442482,0.9912264557137076,0.0060980864300200065,0,0.0,0.20527036930583673,0.18390929815313467,0.06911797168488244,3.925574063746738,3.814924020600556,1.4434221268325684,17.3551327625887,16.973995007891418,4.288592701325516,0.8978998838375712,0.9021884980736928,0.06405220093000567,20,20,33.3,32.5,11.585380987761212,64.27525787010866,63.222996884267985,16.090297565705672,102.25127522943959,100.90325324706455,24.59764285210284,19.424393748231196,19.287760987373076,4.874960322702761
front,log-0049,10.0,self-supervised,training_window,2.318599694594973,2.3739968442432535,0.8690501328354951,0.05773146832069241,0.05067744904991524,0.025353534309971046,0.19467127118703614,0.17924854322252926,0.09039792844189408,3.100431058794784,3.0468040549562723,1.2213235120162507,13.946146771764266,12.083254590952462,6.441990342480035,0.9073477380720453,0.8442459721781096,0.4660379596148665,14.312822409808101,12.50575571140861,6.472891601994072,4.46453051737352,3.8806001094288116,1.8934990037051014,3.1205903519675564,2.9463939843166838,1.4499447873474385,20,1.0,0.9819101651309807,0.9864572972225891,0.02137504586493306,0,0.0,0.21295079711103565,0.18513018652458424,0.09169216625509312,3.4018029463557227,3.13108068515541,1.232856671562524,15.165105993383952,14.648057057545607,3.4040491825925376,0.9152487792121102,0.9297636674363492,0.09195272259798434,20,20,37.3,40.5,12.814876223810318,55.72206837503935,53.725492540434175,11.115059718143867,91.1969570633776,94.03861316123783,14.725737509175223,16.532860771826403,16.49510769304464,3.1387846616226724
front,log-0054,10.0,self-supervised,training_window,2.3721425812277426,2.366370760138472,0.5887909374028281,0.06309584822595436,0.06107149328949987,0.019810965662153086,0.2085410308191224,0.20648069445009376,0.0536068993942332,3.213120830738986,3.0252292740742144,0.7299576478360487,5.541037757701028,5.725434027782482,1.597145664291942,0.41845024698177846,0.4096405516780438,0.166950904005078,6.219740007769991,6.403241507537657,1.5260515546928062,4.272087267557831,4.308949186388077,0.928447799836477,3.3990183850158466,3.506020625026479,0.8544660583107363,20,1.0,0.9801913344004294,0.9818017164887997,0.010801846080431804,0,0.0,0.23678737370272668,0.24910202248694208,0.06353359542842162,3.621505620779326,3.516250108892242,0.7559572099580374,15.550802288904654,15.162767111109822,3.7341145546281744,0.981510179435122,0.9722695839491746,0.0825773169388281,20,20,33.95,34.5,8.088165493647592,53.75511110809863,53.11021405671988,14.890262098374022,91.86443083181193,92.48945521204726,21.228203489198783,15.983807767452365,15.895729396952799,4.0028835368322975
front,log-0055,10.0,self-supervised,training_window,3.321749161556491,2.8666875964267122,1.1419170879245915,0.05733309257942585,0.05562399029821688,0.011391208678814574,0.18877812284012624,0.18766316024813126,0.03982746513983404,4.181912754183044,3.8342549932820553,1.2499512645990964,7.074354376586756,6.563445254587327,1.6644624586066032,0.3730880051567308,0.3807120502098482,0.08526748667782441,8.057290885242777,7.498578055295019,1.6359812119182382,5.0265238748519465,4.756368184794503,1.41806455889868,4.2925930312270335,4.020698948914351,1.279508261816558,20,1.0,0.9875612149140569,0.9878069157478552,0.00555617593769015,0,0.0,0.19262371955066077,0.19465042580819394,0.03932185987656104,4.261577570168774,4.028109492509245,1.235027522220444,21.320441005275274,21.51401985637917,4.590922416545124,0.9639574166279268,0.9558240391086008,0.10903047513287817,20,20,36.6,36.0,11.343442343950372,73.14761802618537,73.35901715968505,15.013602350756779,113.5054210869444,111.70310475551263,14.108709347168386,22.13068259874811,22.504419632788185,4.104496806596349
front,log-0056,10.0,self-supervised,training_window,3.3362790700681244,3.3707417517236236,0.9483252354764206,0.06146397110708487,0.059295142981284556,0.014315837215533119,0.20997234186936095,0.20817826832121006,0.04921725903791956,4.537592753757296,4.168183446792264,1.4849173881481024,6.290352053619615,6.140179758611964,2.0673703406690964,0.3368908051203551,0.3277353432023434,0.08664807701526481,7.310036061214528,6.926857922973141,2.5506027596254692,5.672025667375522,5.060867546773714,2.003303970557536,5.105024495801624,4.463160186868608,2.1196148346483557,20,1.0,0.9825483109562569,0.985253897098029,0.009566450591882932,0,0.0,0.22038300165672897,0.22082643065813562,0.047295758103018816,4.752847732379834,4.43409564581375,1.4536471845629084,20.811812398680882,18.04001011028774,5.523071239147059,0.9590024382894416,0.9284682973060667,0.11141842517789106,20,20,36.5,36.5,10.733616646582337,73.28075746698163,69.74885782889827,11.475364127779285,114.00617321727836,112.88537240457967,11.43845998993774,21.491022240775273,19.923605719738298,3.5862637972670797
front,log-0058,10.0,self-supervised,training_window,2.7776562726492555,2.591676744091637,0.6147753613874832,0.056263807139760404,0.0579686015395328,0.010843631281636876,0.18413299699954583,0.1895911111380255,0.03486741800527602,3.7014773778429153,3.512616734326447,0.7438827763335526,3.3153939602667357,3.2062877500767577,0.6713080107833276,0.20911667810681217,0.2214143953759073,0.0368429405680342,4.204016919073361,4.170775050740032,0.7919068708422834,5.037600262439721,4.745895382610887,1.375303756598314,3.8739307377529775,3.3570800058557633,1.1555480499597854,20,1.0,0.9880613380614077,0.9882975746753556,0.004913675924778694,0,0.0,0.20733389453355108,0.2097703318590226,0.03852064944958204,4.162570939434981,4.021287447594702,0.7846375323232008,18.183882481971825,17.699128907301635,2.56222990944726,0.897537623372596,0.881882292871665,0.058259149571749685,20,20,39.2,42.0,11.076765630909831,66.54875976460474,67.51175436596193,9.952423278833464,114.37855906191541,114.0210330262397,13.972351837290264,20.250834437502466,20.235491381867888,2.4310534105339254
front,log-0063,10.0,self-supervised,training_window,4.053759578917967,3.2523531056994903,2.3575731231090953,0.06528577826922817,0.05800317790355669,0.025882407623723753,0.20725272467655514,0.1869862949334805,0.07559119307951104,5.189933604518153,4.175258782107266,2.7651212120581428,9.368804118444123,9.564600952762909,5.833132987048874,0.42158646272207934,0.36063869336016685,0.24332045581004888,10.394480717577796,10.432718126517758,6.305930056777876,6.927978860524656,5.8128947456642,4.210520633135328,4.723877555855848,3.785170704099812,2.5042964960497653,20,1.0,0.9872529224222264,0.990480695807568,0.009939375442147597,0,0.0,0.21841885652122847,0.2030267545251746,0.0730453595955514,5.428340753765015,4.544552447837197,2.6828987167149188,23.089965443446186,21.388072522473706,7.737537606473351,0.9324056950663586,0.8996370720398322,0.14425394383024487,20,20,24.25,24.5,10.192231303663021,77.9878204532902,74.42328097220388,18.286022831442303,110.99024350365218,103.96646229882329,20.458335113549026,24.524905173782066,22.906714554495043,6.136214304974908
front,log-0071_183,10.0,self-supervised,training_window,2.59944933500367,2.56370405463318,0.7760392259951331,0.05296877708701407,0.04838238752507051,0.017382806721061694,0.17480016706975102,0.1687488634086151,0.053002163581443724,3.4745173780878544,3.3413747930863282,0.902092394634688,8.992775288231167,8.977531364628124,1.3545183806035725,0.4840730572877977,0.470393318561139,0.10019345702526661,9.59460613232741,9.483657749592329,1.3348671843790163,4.891941088811199,4.506502883178382,1.9648412495369065,3.6413014183578243,3.2791881138029555,1.2305269339871279,20,1.0,0.9898844744035044,0.991275499636709,0.003655938585957371,0,0.0,0.1842922421652728,0.17004966622014142,0.05167825923545651,3.6642144656929156,3.386752540531938,0.8595540278414243,18.739351015787683,19.2725919137375,2.5939698241533735,0.9315023104493612,0.9383508302188197,0.10100596420065502,20,20,44.7,49.5,10.543643632664734,67.08869724029705,68.29083479854162,8.911464810810612,109.70495607318594,105.62931454891508,14.992340195660521,20.175110858533834,20.43263426710971,2.4240031677578924
front,log-0072_184,10.0,self-supervised,training_window,2.991765908275666,2.7230831096604953,0.9472041269337271,0.056160312253970446,0.049607098109557685,0.020541511819649014,0.18903343150162458,0.17239652007612669,0.06423608464116397,3.888642681195011,3.5112855840632875,1.0938378567036053,3.46761798659008,3.2053573852544694,1.2036159920596046,0.21833665626453547,0.19757882906841373,0.08452418098816712,4.458999970593903,4.264912511760583,1.3165495248768655,5.15378702085845,4.603832520087872,2.1804704640484105,4.106784048616542,3.829056869389162,1.3808730334081212,20,1.0,0.9891451965128841,0.988806286646015,0.0019406926696137307,0,0.0,0.1941108623572542,0.17772744529119597,0.06169018300830374,4.000383943713873,3.588051729750096,1.0592363189945757,18.576661111855614,18.766183851593325,3.435409872177921,0.8844930109157119,0.8944226780487791,0.08728879579711252,20,20,41.1,40.5,7.8666517989749485,70.87265297421955,68.47401395822807,11.499109607358493,113.52307815344413,115.13025933206144,15.323654898074802,20.916207716912375,20.178362165021113,2.985101623302214
front,log-0073_185,10.0,self-supervised,training_window,2.8260661844622024,2.7283092626952254,1.2891914161135032,0.06228239022367765,0.06169606067957538,0.020780719046202822,0.20442425942417425,0.2040196408609587,0.06872869233062506,3.8285925763202173,3.4222277389171127,1.7986848064225036,9.656487142701126,9.616793764292083,1.6438648314653728,0.5699119956033666,0.5582667697337028,0.10454447295400866,10.30956032982465,10.24456265279222,1.5721205449241618,5.268542991114114,4.18216392359076,2.6147502396912263,4.1313379394557215,3.7763478664059784,2.1455362679762064,20,1.0,0.9848314510899068,0.9876005927989518,0.008877591827184613,0,0.0,0.21224759212995173,0.2066191819282318,0.06730027309052626,3.968723671865051,3.5323021772962995,1.772708445272286,17.280762259818857,15.689112166658504,4.747371412360686,0.9292880318129091,0.9445387219851831,0.12114711731678879,20,20,36.6,37.5,7.088909054216126,61.20149537823208,59.67121593409102,14.33333548434554,98.50807665564874,95.88281682215619,22.129044866554988,18.592717882464974,18.324072532388755,4.104288573297624
front,log-0078-valid,10.0,self-supervised,training_window,5.861289864613919,5.664858285158531,1.7808877617300356,0.09746287427140746,0.07750948344047712,0.055166091005119156,0.3134366497576192,0.26460921282189465,0.16768763870935616,7.232781468189384,7.280028055907895,1.9967249838819738,11.093484246592379,10.831179210580009,3.4428714113328076,0.5477470789350236,0.43803919537623215,0.3006871862355155,12.764483126947912,12.424334548757912,3.724912405769568,7.391061305694903,7.407099106480805,1.9592699891089562,6.759985251996772,6.477819321762376,1.7589787609830834,20,1.0,0.9571219613867876,0.9671052157280496,0.03588006532378675,0,0.0,0.36560211388206787,0.27992012849398407,0.24345687078204264,8.320112896931821,7.70927912071439,2.9841802574155283,22.94531425242366,25.76864722884443,8.50764635404643,0.8562859190058246,0.9113936055555436,0.19614885841411267,20,20,25.7,30.5,14.015405058269577,85.09796142286461,90.85460651626707,23.411408982101854,133.71315168931542,135.41589678658846,40.47062780877063,25.984028967112927,28.280197957465735,6.665691463004608
front,log-0079,10.0,self-supervised,training_window,4.538779947707339,4.468806892391769,1.862230924168812,0.07020096811271617,0.06961467882619037,0.025349340508435677,0.22953186728612449,0.2252077068051459,0.08391603890278201,5.77280368871336,5.6432607975447295,2.375336930058095,8.578169229826804,7.945691830627593,3.623635163583892,0.39922246034186176,0.35320938363300347,0.16176764394641813,9.93985739312264,9.520401217277302,3.880322612903599,6.3383658138895695,5.594232663663769,2.410332244047722,5.953418503725136,5.957454489774053,2.738481999113701,20,1.0,0.9724116253484347,0.974629317414835,0.01903542677756269,0,0.0,0.2769383433420091,0.27245355209439837,0.08866940005759232,6.909710142676964,6.996882369922966,2.453306435045755,23.761893064376398,23.634576310261558,3.743397356585079,0.9525961548631724,0.9640592700670769,0.07358281071202989,20,20,35.6,36.0,10.333389926274004,82.23586893298025,85.49212701377598,14.374206380204448,136.8323895636012,141.1315423103631,26.517077025057883,25.017571197434766,25.946397935378627,3.902989315040664
front,log-0080-valid,10.0,self-supervised,training_window,4.7627401041068085,4.281117734753021,1.3079720912865689,0.06959657542699368,0.06332092964552488,0.02555449121420286,0.22660688800370915,0.207639449740332,0.07992893533584454,5.935389220939496,5.356623557575231,1.5326971782557326,17.717170259996774,17.891067138485244,4.797030321763605,0.6988480839770684,0.6235515528042734,0.22598913997129377,18.6553956595463,18.755456024443575,4.838370554861166,7.161350603555112,6.665654849669247,1.569373645593515,5.524224485022739,4.963153963731729,1.4158021245002828,20,1.0,0.9760662037442674,0.98775182663624,0.02062161147703547,0,0.0,0.27690035332626733,0.22906926230133368,0.13429461377419477,7.081076512311725,6.069116213077432,2.324975120470746,25.334937316266817,24.752903105672075,6.1889534879928,0.9167667222333732,0.9106391123806739,0.07974344105120579,20,20,30.35,31.5,9.223967635858683,90.43070187133908,85.35378084593316,21.563555803523613,149.31161049749787,153.48373746488812,26.149800444852367,27.67557455418993,27.264128930006265,6.54777827755531
front,log-0081,10.0,self-supervised,training_window,4.213186230187304,4.230961081255192,1.2294390348523885,0.0897673022965361,0.08422125826313319,0.03243473023977586,0.2928093821188319,0.2766610568978687,0.109143701937811,5.372994531465264,5.253539672944972,1.429436430778659,15.451169434414911,15.451439948579829,7.543639241086178,0.9410352351158597,1.0047013648202445,0.5430396957257799,16.409666321441385,16.3668274836848,7.263268262941963,5.818582632513858,5.3799759732147825,1.467991051783717,5.682755933290594,4.898327747175001,1.993223363727078,20,1.0,0.9556121851478684,0.9637970574370494,0.032897860546170395,0,0.0,0.4190884265624075,0.38198260864891564,0.15565574620924838,7.684978288390181,7.796076726492309,2.2063517466321763,19.133828091362382,18.556978476992487,5.8019109630078916,0.9805493103397923,0.9809209848042655,0.0824274662475931,20,20,34.1,35.0,11.41052146047673,63.87919829664296,61.557999841745456,19.522082612948683,113.56325470711593,119.53548814307375,32.709321261167034,19.534656975268167,19.316721755840643,5.760125266360203
front,log-0098,10.0,self-supervised,training_window,6.611402241044118,6.402467766365692,1.6737325989661158,0.08769056949710091,0.08117587281118882,0.02775955271433284,0.2999032167438581,0.26843455818208434,0.10755101454124341,8.10628581240302,7.730400989803277,1.9766887952905445,7.030280493194782,6.713797611253465,1.7183583029487237,0.3226013724653834,0.3112749862508295,0.11862376661396833,8.685686850351214,8.313928777918733,2.0710849186337725,8.71179669762793,8.652168031839016,1.8471756346735735,8.002688622763014,7.907239002802692,2.3295789900322226,20,1.0,0.9539538122309423,0.9745143008394859,0.04211063222334975,0,0.0,0.3259542846338749,0.28166340966088077,0.11034540759313767,8.875025318528001,8.477786818195383,2.1581890657218956,24.560156898278326,24.74040584771202,4.283823988784504,0.8696616666045305,0.8707314041717461,0.05522848220083285,20,20,31.7,31.0,7.692101211803677,95.65555284311685,96.30184839898834,15.480406724325809,137.94965705807573,140.12872822977968,18.00991884051206,28.336781525187934,28.62985398130724,5.194752142466228
front,log-0099,10.0,self-supervised,training_window,5.765777345807314,5.720042364494947,2.3621927427762923,0.12312352648497342,0.11105766475876011,0.06453898122634903,0.40450922735657374,0.3711564142636927,0.20121259704279418,7.041832539646274,7.075801206959707,2.6386450576692533,7.970745304604404,7.080174761630891,3.9943737173237093,0.5669329519274561,0.48257997866640323,0.39185885987964963,9.57849903813333,8.738059050840537,4.330758351290487,7.594564630112826,7.303621708307602,3.1604218406742275,6.775558347511532,6.790151366647205,2.1892111922390423,20,1.0,0.9211690850958334,0.9295921069243418,0.05893198071065358,0,0.0,0.5652429538370705,0.5462270814345878,0.1578013175658859,10.03844100285419,10.53164420638356,1.902410112441573,18.671122345239553,17.87436480966216,3.2827240673452653,1.0295121226999868,0.9774686651653615,0.1558675023868418,20,20,26.7,29.0,7.004509825443665,61.358579263454956,61.22204037787778,13.70835774728512,106.47937668019594,104.14482034115306,24.55208762384446,18.492611068112318,17.920288618516082,4.197579922986922
front,log103,10.0,self-supervised,training_window,4.467567217221375,3.3701405770572537,2.451268908926474,0.09205025352281622,0.08201316526292604,0.0385758480874253,0.30107464481468327,0.27603473931337197,0.11248440426551375,6.756878204126346,6.050506960627315,2.752670242495995,15.561114492795639,16.496491957424183,2.9356851514410924,0.7390669129793793,0.7363652915796148,0.16400996797676007,16.175373204456527,16.916182659056044,2.8014468767915575,8.597165845053404,7.565377181509913,2.7821653516802556,8.106116668046663,8.08864147634668,3.444996875592316,20,1.0,0.9544486387557821,0.9624861397320361,0.039778437079188766,0,0.0,0.3291641223568797,0.29425072757848453,0.11879313963958782,7.368187231124187,6.595288166968205,2.872554678708625,19.662664085378896,20.722739658462192,3.593263042658471,0.8847876896686641,0.921594382482227,0.1309519814326084,20,20,37.95,41.5,11.636942083409695,73.82445976833814,74.11347704202302,11.548855311316684,113.6179928711492,111.67694399639109,18.809596883972464,22.268500729923993,22.256179884102984,3.0076039522651414
front,log104,10.0,self-supervised,training_window,3.36247930614509,2.862343024479368,2.3738819875688155,0.08278474972562147,0.07491219983276384,0.037759364621377065,0.26655902432055256,0.23988859645151167,0.111713862584794,5.135398573673561,4.4257104298661325,3.0772919570404835,28.13588693462183,28.91705989604143,3.7794216046441975,1.6885246265968068,1.5926749301749519,0.5245053506666028,28.64820133273822,29.370201676127046,3.267185367232668,7.404003832828005,7.527994893514817,3.149790190477334,5.936009226466426,5.294528991910772,4.365346098265797,20,1.0,0.960688670992978,0.9738918867088653,0.039757834945148056,0,0.0,0.29752461391174995,0.2603262266234644,0.1266437787134241,5.677563291272831,4.575740992449347,3.5105910178623034,16.59740187720406,15.533948626416723,4.170761823515297,0.9166796044137071,0.911643446368258,0.10095806705680954,20,20,39.75,43.0,10.00460420322353,59.37379925252834,60.46747262498158,16.389175259624693,99.37749810407952,102.07170389219974,25.78116941585789,18.28728190277443,19.05839467568995,4.756829639957021
front,log106,10.0,self-supervised,training_window,2.600182620804202,2.6081002522690713,0.5476373312224035,0.05971790139782794,0.05991989660581498,0.012594908896469009,0.20034139772518578,0.20119185514885096,0.03683339737244625,3.673576848507397,3.4919602017543387,0.9065257062224381,5.9785688567368735,5.940003408020001,1.1746477251365832,0.3737108748404139,0.3508512616296813,0.08977040515174356,6.716674810682162,6.78095124419135,1.191926858508469,4.805962646538937,4.215754372133204,1.5330194028436979,4.058028269136331,3.734458714152616,1.5462514524146322,20,1.0,0.9813647810665793,0.9821187283337971,0.007054165928721996,0,0.0,0.21625009423848435,0.20565272039662044,0.030445500077764663,3.969934229763619,3.913461269021897,0.8286368449076962,18.061561925696388,17.72458134132728,4.9190647266434,0.9611522294343032,0.9569475603933479,0.0631560369343449,20,20,42.15,41.5,7.5552352013268536,63.988990763300635,69.89838386896989,18.872113685852124,108.74993720148477,111.43490202208741,25.137363262931792,18.83158072223272,19.713434045501074,5.042641687425555
front,log107,10.0,self-supervised,training_window,2.4304912421440967,2.266716463945987,0.6956610205622853,0.05784710085029321,0.053508359968916314,0.016278854699993395,0.1965695845278415,0.18828161170821484,0.05508043678529213,3.4494951585261497,3.2145545089986443,1.0119719311021744,4.275581648969053,4.343249105916074,1.008709032121443,0.2912419083846842,0.290938930597908,0.057994421949963994,5.105795233437216,5.4947820519445285,1.0678012854798502,4.451394690889762,3.985288047212902,1.1715944363297914,3.75980649260748,3.5244598522314114,1.440699168591653,20,1.0,0.9827890956003296,0.9846693213812803,0.00847384268778234,0,0.0,0.21762077571573163,0.20307400079754628,0.07247110636768936,3.7885850096519347,3.573670465880553,1.1320171250865267,16.915761779862965,15.470001214547114,4.92097934119493,0.9345509918500021,0.9577581085840652,0.07796039091658676,20,20,34.55,37.0,8.780810416980163,61.653718865492024,58.02612106129055,17.451689556662753,101.05801062971747,95.69052109053327,23.172200212358195,17.985808388180363,16.60395889512264,4.610621436070059
front,log109,10.0,self-supervised,training_window,3.2542280855280965,3.1558665803209927,0.8941161392070602,0.06265423955968102,0.061294946487086124,0.013813255971203569,0.2024493663257471,0.20028501045632957,0.03827098186343623,4.56337761319732,4.519029945931049,1.271820444856207,12.25998107444974,12.614536812128563,1.1136257157222311,0.6004422536654804,0.5781758100769456,0.15449878070386527,12.977411201190625,13.264451710611555,0.977003405900504,6.453404653241502,5.6962806762295255,2.823099741397065,4.581455969980418,4.257810254358568,1.6411272658661242,20,1.0,0.9845043922718608,0.9856498371585793,0.00556563721551216,0,0.0,0.22873438731675902,0.21756696954716043,0.03198264526740614,5.130309591196094,5.010599047833526,1.1220687386554697,20.647627269435745,20.32651703040807,3.8402239868220933,0.920128859620989,0.9224749559417764,0.08786851093983715,20,20,42.35,46.5,11.2590314625053,73.37253226802787,76.1900879673859,13.357098864236525,125.16339750183985,125.74362046372869,27.788526734994083,22.55551933645737,23.430931145866758,4.046970646525229
front,log110,10.0,self-supervised,training_window,2.7320644585052163,2.711353292392216,0.5384562547915426,0.05827539618357621,0.05934858255383156,0.009299043175343026,0.1948686241780096,0.19338903804387403,0.030285268724852155,3.635463364558473,3.5253200539107574,0.7199849171085282,8.101882078001767,8.50424596157638,1.1036698831840006,0.48105985735448964,0.4555051240909751,0.09191653489102901,8.827054985519908,9.068772944496867,1.0133553072663035,5.255960167464098,4.8213214000191,2.4990381482298867,3.4380961649271677,3.142335448352638,0.944544532504487,20,1.0,0.9839102293259483,0.9839400269165759,0.005587039442236784,0,0.0,0.22126121898598744,0.22225377953316983,0.02073011600439105,4.154268172686776,4.2735768159772975,0.7939220003906882,17.59234397714801,17.215387469860023,2.8262717145249456,0.940629844461552,0.9180934008950213,0.07067247444116842,20,20,40.8,40.5,4.685925174054971,63.42288504817871,62.61510605558768,13.337966970884644,105.82366887968176,107.73867274952951,18.758297238561035,18.88904207213065,18.936224410927146,3.680936486193207
front,log112,10.0,self-supervised,training_window,4.107609697766517,3.3262707352924767,2.3327860957034616,0.08495527599627058,0.07628211661737287,0.03055131475152011,0.2748273503830349,0.25873867206904017,0.08915100943158583,5.987902585919066,5.3691539555296846,2.554945261963496,21.089169243340123,22.928838133343625,4.037674484241111,1.0474587672215594,1.0777299436898296,0.27399744261727055,21.861938403813,23.480799278364486,3.8209115414812227,7.598672539287058,6.832267846557157,2.743308825297443,6.493388215235558,6.486633121664805,3.2261369007117966,20,1.0,0.9675750372415333,0.9699788056279586,0.015702433286911743,0,0.0,0.29686342130116283,0.2677509301992583,0.09652950747170264,6.440514174716222,5.413366698958626,2.6803521368090584,19.000572604734565,19.203747165688497,2.6209532051383246,0.8981892032608382,0.9370106403378206,0.1339070371336147,20,20,33.35,34.5,12.053717487279926,69.8262912735519,71.10277134883297,10.365792490365841,119.66422072497934,120.57417744038884,17.06917893272371,21.396438504259045,21.561665409280494,2.8794985884697537
front,log-0046,20.0,self-supervised,full_log,3.3734009765275212,3.461181811738634,0.9060308005870773,0.07172666292335167,0.07130885650463445,0.02111155346618635,0.23663588411923575,0.23525748468931257,0.0696498472951414,4.867057223083431,4.838706709269045,1.43253756135171,14.618439718274038,14.275911521439784,1.4870882901208708,0.7416067679561315,0.7156234888996762,0.07062452949890442,15.253149749890536,14.718733313085917,1.452584538071629,8.242836992044188,7.627371634954905,3.903587847007508,6.952052703139168,6.859697169372115,2.65338281328657,20,1.0,0.9791874418872426,0.9840729091601875,0.01105795041240069,0,0.0,0.23663588411923575,0.23525748468931257,0.0696498472951414,4.867057223083431,4.838706709269045,1.43253756135171,18.078838929413845,18.62339371621713,2.1323855666941,0.8789915215339905,0.9054677262548627,0.10367639432397653,20,20,50.4,51.0,0.9403246919632545,67.85562055611665,67.85562055611663,1.4580029302424492e-14,165.89980059488886,165.8998005948889,2.9160058604848984e-14,20.56770570194259,20.567705701942586,3.645007325606123e-15
front,log-0048,20.0,self-supervised,full_log,2.8187695714454617,2.708447643883556,0.6678916074528486,0.05070886183616609,0.048452463717613775,0.010007692564866858,0.17558159313794253,0.16776871858183662,0.03465206160318187,3.9400810648644886,3.764758819801534,0.7775982057182431,5.167183176138054,5.156204398850231,0.5786113316111693,0.2669356531195762,0.2589385027468184,0.024846576069523677,5.990081839429436,5.810624413434776,0.5575614285566595,5.451319085652658,5.427991241974185,1.62388481003372,5.451319085652658,5.427991241974185,1.62388481003372,20,1.0,0.9883812607737257,0.9897121588517579,0.0031477533359446554,0,0.0,0.17558159313794253,0.16776871858183662,0.03465206160318187,3.9400810648644886,3.764758819801534,0.7775982057182431,20.77656215506812,21.01977641444043,1.6407623372837765,0.925864677162882,0.93670301942829,0.07311719236186016,20,20,48.15,50.0,11.458276714373671,77.7000493048807,77.70004930488071,1.4580029302424492e-14,147.02804677703884,147.0280467770388,2.9160058604848984e-14,22.440171514841165,22.44017151484117,3.645007325606123e-15
front,log-0049,20.0,self-supervised,full_log,3.603740198841957,2.9372763667912807,1.3509437245814213,0.06406942421511067,0.051798392387637796,0.019946291869812838,0.21286901488403248,0.17209882709594404,0.0662710419663026,5.158790197619831,4.1707420064310305,1.606050565264579,12.675114580917825,9.71405953178575,8.140723762241912,0.5605094465153406,0.4272750439535363,0.3403892709947307,13.583708460021418,10.354829281452304,8.24918946300952,6.554061662055919,5.040296607164297,3.351171618238694,5.773528770866202,4.629555344281098,2.1967928884820798,20,1.0,0.9825922849493759,0.9878689365694282,0.009161440081446872,0,0.0,0.21286901488403248,0.17209882709594404,0.0662710419663026,5.158790197619831,4.1707420064310305,1.606050565264579,21.715741073753808,22.253069937754127,2.2312936701929535,0.8960644323119551,0.9182364264359414,0.09207067302525598,20,20,48.1,50.0,8.843076387773658,80.5187538489403,80.51875384894029,1.4580029302424492e-14,128.68361647506669,128.6836164750667,2.9160058604848984e-14,24.23457542860456,24.23457542860456,0.0
front,log-0054,20.0,self-supervised,full_log,3.167456148406856,3.023713560713353,0.5434797465613995,0.07269548663331608,0.07069353032875242,0.014516721096711281,0.24240359859763094,0.23572806157413922,0.0484061060273343,4.34887374633165,4.229110393509826,0.86843613247612,6.054037122082128,5.937244278883769,1.251851373269317,0.3920365903393483,0.3830087421653152,0.07086629210410138,7.033384179078068,6.871418877667298,1.2713860644575776,8.796063274057623,7.4344510472545124,4.779070368401962,6.208587742121355,5.489612059348158,2.223987995391213,20,1.0,0.9759046597258957,0.9781507399941356,0.010129812086391394,0,0.0,0.24240359859763094,0.23572806157413922,0.0484061060273343,4.34887374633165,4.229110393509826,0.86843613247612,17.350918390530097,16.744726630040052,2.2178271882040526,0.9671297218931869,0.9333409589273801,0.12362034927820342,20,20,49.5,50.0,4.639646084506197,59.823160250207,59.82316025020701,7.290014651212246e-15,135.8929688934449,135.89296889344487,2.9160058604848984e-14,17.940631952211263,17.94063195221126,3.645007325606123e-15
front,log-0055,20.0,self-supervised,full_log,3.4719246170610156,3.3141718674834024,0.6881582874223071,0.05648683776096408,0.054627844180258296,0.00974392503602491,0.1947822815374304,0.18837195613480104,0.03359975571084663,4.616858343717402,4.464916575259443,0.7964036116430792,8.32134581620925,7.833582161604121,1.4899856589141207,0.39406115191764146,0.3664929340835321,0.0638919515156324,9.340297807407305,8.68685769199122,1.5144092528490591,5.03558122385814,4.909828868997728,0.7738463815400783,4.541099811310248,4.6043089391135545,0.6121910761546236,20,1.0,0.9824946196631071,0.9850162293572128,0.005243902812009633,0,0.0,0.1947822815374304,0.18837195613480104,0.03359975571084663,4.616858343717402,4.464916575259443,0.7964036116430792,23.724069961513745,23.5112180243543,1.5162149983768343,1.0009032399154156,0.9919231537046274,0.06396813475704691,20,20,49.8,50.0,1.5423836644690752,81.73334756770427,81.73334756770429,1.4580029302424492e-14,144.98409225186288,144.98409225186288,0.0,23.70266077220274,23.702660772202737,3.645007325606123e-15
front,log-0056,20.0,self-supervised,full_log,3.207546629382726,3.0085274771198014,0.5848770875616373,0.05911991564371858,0.05762869467906683,0.009816141832998835,0.20369899093299476,0.1985609557641309,0.033821736118283326,4.588259145877843,4.4725264328810646,0.7618245400401941,6.221671471344509,5.839210828614277,1.0026485713397695,0.31767356438585753,0.301483529134983,0.04992907397778508,7.15550249179428,6.790826766246159,1.1246375314600372,6.633715790325262,6.125824933707232,1.9270284788729846,5.512205481264183,5.312230913506146,1.1703985323115251,20,1.0,0.9840191392498674,0.9846246353877667,0.0027731922540238075,0,0.0,0.20369899093299476,0.1985609557641309,0.033821736118283326,4.588259145877843,4.4725264328810646,0.7618245400401941,21.649103797509742,21.854989803372696,2.3847111332393083,0.9611271852677105,0.9702676392630317,0.10587092752682513,20,20,50.35,50.0,1.9269556026896009,77.60936557366924,77.60936557366922,1.4580029302424492e-14,148.73146404505894,148.7314640450589,2.9160058604848984e-14,22.52470238002855,22.524702380028554,3.645007325606123e-15
front,log-0058,20.0,self-supervised,full_log,2.834106783688841,2.7911296926578717,0.25400412368528935,0.048283399939659424,0.04701706319542468,0.0033734028390576543,0.1658126518971183,0.16146385595443957,0.011584786310832509,3.879446704042498,3.7776998114299465,0.2710442210313439,3.088582205946838,3.0710402383048017,0.27637820958814524,0.1752114261719842,0.17047636138529626,0.015069058128106438,4.099345749534465,3.9885614923021384,0.35256421762303003,5.42042640909982,4.971938127203307,1.576080688551278,5.42042640909982,4.971938127203307,1.576080688551278,20,1.0,0.9877782093524529,0.988138963735246,0.0010142306224336828,0,0.0,0.1658126518971183,0.16146385595443957,0.011584786310832509,3.879446704042498,3.7776998114299465,0.2710442210313439,22.91310412484297,22.658272957860934,1.3728958679280296,0.9793361909511603,0.9684443718834312,0.058679374149548526,20,20,53.5,50.0,6.9698599245911,80.3474218652934,80.3474218652934,0.0,161.1697294857218,161.1697294857218,0.0,23.396566303333564,23.39656630333357,7.290014651212246e-15
front,log-0063,20.0,self-supervised,full_log,4.497270578708401,3.9859382131121333,1.4775738619326595,0.0699796370739035,0.06332353574060554,0.02057841166400666,0.21653755125140167,0.19594161872218013,0.06367564989886174,5.944804423906791,5.379365357534189,1.748146143827065,9.695846569655867,11.301371519018822,4.803417921396244,0.38892841198503897,0.4394325691674851,0.175113027174274,10.677609175820658,12.064146223592626,4.807538889274271,7.074141405469345,6.468456463461711,2.754323237647934,6.285108938714499,5.798648252115003,1.8323545816474842,20,1.0,0.9829530265807925,0.989449952770378,0.01236844593944804,0,0.0,0.21653755125140167,0.19594161872218013,0.06367564989886174,5.944804423906791,5.379365357534189,1.748146143827065,27.529812925031376,27.054317311967047,3.48388632119272,1.0027644060454879,0.9854446343016651,0.12689941653851017,20,20,43.6,43.5,7.782571622068863,84.9504894920883,84.9504894920883,0.0,153.67050225201808,153.67050225201805,2.9160058604848984e-14,27.453919144974673,27.453919144974673,0.0
front,log-0071_183,20.0,self-supervised,full_log,2.9745588892214396,2.6806245447216783,0.844613658569461,0.0510673032076638,0.04772860258930301,0.012240380999966065,0.1789923150363343,0.16729007670854348,0.04290287511759359,4.0462886042182635,3.78174856751348,0.9698595978340137,8.141542009386542,8.284712513366244,1.4060579612149557,0.39216641323636414,0.3927122051484351,0.06248669337433001,8.865288370136655,8.877626506517757,1.4125701165690139,6.423390235696341,5.371821883133599,2.9117232547775096,4.780961145665539,4.373293624376831,1.4370949422928616,20,1.0,0.98832997007682,0.9901935699304596,0.0054627396623684165,0,0.0,0.1789923150363343,0.16729007670854348,0.04290287511759359,4.0462886042182635,3.78174856751348,0.9698595978340137,21.97595232640011,22.006509385950302,2.3677515995378426,0.9721319873055428,0.9734837146202702,0.1047402648912487,20,20,53.8,51.0,5.366563145999495,79.2344288822956,79.23442888229562,1.4580029302424492e-14,152.4462174422029,152.4462174422029,0.0,22.60593480450205,22.605934804502045,3.645007325606123e-15
front,log-0072_184,20.0,self-supervised,full_log,2.694954562888269,2.558273281250705,0.5260776247771647,0.05241219026693831,0.04934052488981227,0.009659397959071519,0.17307851864261575,0.1629350903574951,0.03189781387156033,3.712313774021257,3.4947501570341943,0.6841674791605444,2.87488197091119,2.6134537523049897,0.6102354546965149,0.18811264956239004,0.17570650767240248,0.03975033763598906,4.034776733212397,3.768680791429112,0.8525941121138289,5.710549973671225,5.142014372087783,2.2520009628230353,4.455191138323785,4.183558311046179,1.0525420992478798,20,1.0,0.9895531072735906,0.9897219291459678,0.001408052474609912,0,0.0,0.17307851864261575,0.1629350903574951,0.03189781387156033,3.712313774021257,3.4947501570341943,0.6841674791605444,21.55712865337766,21.819913362471283,2.1781349874570584,1.0050540230798732,1.01730578598045,0.1015507847614827,20,20,53.2,51.0,6.287832862382965,70.82920509740634,70.82920509740632,2.9160058604848984e-14,152.19039707482895,152.19039707482895,0.0,21.44872629564559,21.448726295645585,3.645007325606123e-15
front,log-0073_185,20.0,self-supervised,full_log,3.3061252960473326,3.2684163522606458,1.1937923714354708,0.07205798385671698,0.07020344835049422,0.02749190825807771,0.2547877292015743,0.24823033104714137,0.09720783876526244,4.934753906825582,4.807749571638004,1.8827310232881742,10.280197233852489,9.974859434377667,1.517732472856955,0.5635825121970756,0.5502853424742813,0.08195723969296494,10.915521766288858,10.65798086961809,1.587355914018643,10.048321018757534,10.397373473027317,4.654788409625154,6.978515663563525,6.586642380903621,3.1257994513149963,20,1.0,0.9730462328360645,0.9763189065248443,0.01749556207391771,0,0.0,0.2547877292015743,0.24823033104714137,0.09720783876526244,4.934753906825582,4.807749571638004,1.8827310232881742,17.38723057691292,17.24996513568586,2.704584303778626,0.8977252117209579,0.8906380193850403,0.1396411870186362,20,20,50.25,50.0,1.446411166701189,68.48309712131342,68.4830971213134,1.4580029302424492e-14,149.9043725573418,149.90437255734173,5.832011720969797e-14,19.368098778891632,19.368098778891632,0.0
front,log-0078-valid,20.0,self-supervised,full_log,5.815516960790251,5.755336595078578,0.2566518354285007,0.08419606505778755,0.0825819909835363,0.0046668124270549775,0.27029147787531904,0.26510987625735527,0.014981693348849953,7.502082068371237,7.358263991348846,0.41582477520097516,10.639134648674418,9.593654097462794,2.471661256938042,0.45506242954160897,0.41842277873972256,0.08606828244162201,12.630496971230214,11.613544200714042,2.3888704277189614,7.082111245967806,7.1442345737888315,0.7261327744947438,7.082111245967806,7.1442345737888315,0.7261327744947438,20,1.0,0.9649228992458101,0.9650028683132643,0.002722170778612742,0,0.0,0.27029147787531904,0.26510987625735527,0.014981693348849953,7.502082068371237,7.358263991348846,0.41582477520097516,27.045631092696702,26.44734417212396,1.8707553348308243,0.9744233042898147,0.9528677075259702,0.06740118537577411,20,20,46.55,50.0,6.605221220248498,89.10252591047126,89.10252591047124,1.4580029302424492e-14,191.14572150135155,191.14572150135155,0.0,27.75552572853157,27.75552572853157,0.0
front,log-0079,20.0,self-supervised,full_log,6.085778135861164,5.840112675636565,0.7310011696222427,0.07812417624279341,0.07457661870261398,0.01092073405711736,0.2702268325155168,0.25795604409440176,0.037774163068649017,7.973427641624582,7.611360549061417,1.1145804920520086,7.833186415461682,7.799690589410788,1.4022284593060348,0.3375513750344843,0.34643093604827735,0.04720239219604187,9.95993417498166,10.221938271961204,1.3927738233216098,8.041028753755821,7.454315616029692,2.02517161121001,8.041028753755821,7.454315616029692,2.02517161121001,20,1.0,0.9665149574530526,0.9676624891570418,0.006350710400926616,0,0.0,0.2702268325155168,0.25795604409440176,0.037774163068649017,7.973427641624582,7.611360549061417,1.1145804920520086,26.577900001325027,26.854042331389724,2.1026117172686956,0.9007495966701808,0.9101083154710246,0.07125945451632196,20,20,50.35,50.5,1.1821033884786185,102.06094995286549,102.06094995286549,0.0,190.67881336638962,190.67881336638965,2.9160058604848984e-14,29.506424537491974,29.506424537491974,0.0
front,log-0080-valid,20.0,self-supervised,full_log,6.326119683335923,6.329522506696669,0.27747760217924494,0.08266838224871594,0.08124327892732047,0.004242199186270378,0.27851190306367923,0.2737106933713197,0.014292078015857215,8.152046165129754,8.011514709812978,0.4183292652819411,15.832294979662123,16.29699806544235,3.237093517474474,0.5908034795933623,0.6046404077641135,0.10876488003667996,17.292823707657444,17.697830732458673,3.183549117471969,7.955901299708811,7.789173994875586,0.6947468638375957,7.955901299708811,7.789173994875586,0.6947468638375957,20,1.0,0.962481097653677,0.9630305769415137,0.002805496776771118,0,0.0,0.27851190306367923,0.2737106933713197,0.014292078015857215,8.152046165129754,8.011514709812978,0.4183292652819411,28.90310611344977,28.945771205946613,1.750302314706076,0.9874648554545115,0.9889224939252688,0.0597984872424717,20,20,49.0,50.0,8.182137154866853,98.61141519140322,98.61141519140322,0.0,209.41055645838256,209.41055645838256,0.0,29.270009918627657,29.270009918627654,3.645007325606123e-15
front,log-0081,20.0,self-supervised,full_log,8.258029693384538,7.962310385500609,0.8444624039072176,0.1484516527978142,0.14119325498326435,0.01697441529526416,0.4891723106728989,0.4652547108091758,0.05593345574679938,10.079523586586202,9.58669517683974,1.1525235058861123,15.360548338114544,15.778040379733351,4.939368621698967,0.8885104829784488,0.8896985422168118,0.19743321571048422,18.307991222542718,18.33247149432848,4.068163121890373,9.600996979692823,9.26004169972757,1.7570634180432783,9.600996979692823,9.26004169972757,1.7570634180432783,20,1.0,0.8929830967528563,0.8919516838083735,0.009857155883170775,0,0.0,0.4891723106728989,0.4652547108091758,0.05593345574679938,10.079523586586202,9.58669517683974,1.1525235058861123,21.47492591825624,21.56759628859541,2.6950550685558192,1.0422059180398835,1.0467033309186082,0.13079450669976195,20,20,47.4,50.0,5.519343973221531,67.89768518316299,67.89768518316298,1.4580029302424492e-14,200.25954166451217,200.25954166451217,0.0,20.60526192237035,20.60526192237035,0.0
front,log-0098,20.0,self-supervised,full_log,6.429236609126789,6.383166551792695,0.152609947994063,0.09591593504041343,0.09528510060397735,0.004016735099340697,0.3212496220455073,0.3191367789168551,0.013453183060525151,8.541690016884921,8.485511737376486,0.3577060066614954,7.291205940645844,6.56269738522718,1.9152644522165756,0.3578494377736963,0.33344302231239675,0.08302099969960708,9.514840673482473,8.865899722310871,2.2074411786404693,8.464609376060533,8.424537248302652,0.5534203875215374,8.464609376060533,8.424537248302652,0.5534203875215374,20,1.0,0.9483180355511788,0.948130547876977,0.0035010956816355007,0,0.0,0.3212496220455073,0.3191367789168551,0.013453183060525151,8.541690016884921,8.485511737376486,0.3577060066614954,24.96891646239689,24.635619376513922,1.3532972981619413,0.9390711862142856,0.9265360131212425,0.05089698229394161,20,20,53.2,51.0,7.824388323158492,89.05392011542133,89.05392011542135,1.4580029302424492e-14,200.15184341259447,200.15184341259442,5.832011720969797e-14,26.58894962271716,26.588949622717163,3.645007325606123e-15
front,log-0099,20.0,self-supervised,full_log,8.821080517145571,8.678139460268461,0.8203777144645608,0.16117487976272898,0.15674958663659377,0.01541180147752324,0.5365890909540572,0.5218562490915175,0.05130951272904839,10.539273298156893,10.249902065186507,1.0077822798917122,9.852734945064395,9.607289305803256,1.4436489044491208,0.6370130236073344,0.6032712564259759,0.12551830406923647,12.511723520778379,11.848993487905673,2.465334709199494,10.219011513736136,9.763082881235452,1.5520668743489738,10.219011513736136,9.763082881235452,1.5520668743489738,20,1.0,0.870667315927065,0.8689917173068633,0.005530330792595885,0,0.0,0.5365890909540572,0.5218562490915175,0.05130951272904839,10.539273298156893,10.249902065186507,1.0077822798917122,20.65747214289742,20.425718746340635,2.48277441023401,1.0517398956249246,1.039940567448696,0.12640621664725618,20,20,49.05,50.0,3.979883626968322,65.39029725768751,65.39029725768751,0.0,185.28208510303995,185.2820851030399,5.832011720969797e-14,19.641236610714596,19.641236610714596,0.0
front,log103,20.0,self-supervised,full_log,4.94665184239395,4.7416695838692915,0.6941253773890794,0.10109094981690318,0.10063372712491306,0.008870995089461667,0.3380382894806316,0.33650938133413566,0.02966374350487399,7.700579825698311,7.665750992413356,0.675746008356873,16.472962756234324,16.554751156607345,1.6822770840317962,0.7592383242208292,0.7585617338584187,0.07196637873518644,17.295600836741603,17.280187973000498,1.6394084973870784,9.24537538125183,8.660253526842395,1.4680263288312623,9.24537538125183,8.660253526842395,1.4680263288312623,20,1.0,0.9448315687011994,0.947871883720704,0.008704091440395505,0,0.0,0.3380382894806316,0.33650938133413566,0.02966374350487399,7.700579825698311,7.665750992413356,0.675746008356873,20.331676522314233,20.477871801972494,1.7211970181252187,0.8925152792963049,0.8989329261988017,0.07555671248605628,20,20,47.95,50.0,6.8015091204665366,76.17476974591364,76.17476974591364,0.0,161.83235720034816,161.83235720034813,2.9160058604848984e-14,22.780199951696673,22.780199951696677,3.645007325606123e-15
front,log104,20.0,self-supervised,full_log,4.320814641086361,4.207409111379878,0.4086028303076931,0.1035983645448461,0.10326335709189738,0.0032104544922492637,0.34746936880391177,0.3463457523382261,0.010767878439940407,7.455791592984973,7.4316816974064475,0.2310507479354192,27.470977242999048,27.227615118786098,2.4418174099725896,1.3114515004638356,1.29695124235689,0.1153517450735172,28.140348328902007,27.82921039216236,2.475149317811157,9.673374762869999,9.54397931055172,0.8756895405087364,9.673374762869999,9.54397931055172,0.8756895405087364,20,1.0,0.940458807860478,0.9397627808394298,0.0033968750338300834,0,0.0,0.34746936880391177,0.3463457523382261,0.010767878439940407,7.455791592984973,7.4316816974064475,0.2310507479354192,19.328659009096516,19.168252197900593,1.3668347535665135,0.9007919363030329,0.8933163446447928,0.0636999040488019,20,20,50.4,50.0,0.6805570473787205,71.96823642671964,71.96823642671964,0.0,167.6308323463045,167.6308323463045,0.0,21.45740678854635,21.457406788546354,3.645007325606123e-15
front,log106,20.0,self-supervised,full_log,3.890340142763043,3.9608085399126267,0.9647908946354542,0.07096400088501165,0.07039449427996736,0.01614481017337653,0.2480840810691452,0.24609313465951194,0.05644087630273194,5.848490420652295,5.801554595690892,1.3305727758394392,7.070397376361916,6.787981945012962,1.0353991005383427,0.3398205282034973,0.32409254906180274,0.042875795513276804,8.011143219565248,7.640361930616756,1.0107810152774592,7.569899140162607,6.725705264474559,2.509591208482621,7.046636176053281,7.08433059755272,1.846728985670626,20,1.0,0.9750640072234333,0.9796099448276594,0.010637972888150169,0,0.0,0.2480840810691452,0.24609313465951194,0.05644087630273194,5.848490420652295,5.801554595690892,1.3305727758394392,20.92695151635576,20.83228046187365,2.233159606190369,0.8876894998717699,0.8836736975252181,0.0947272388146755,20,20,50.25,50.0,0.6386663736585051,82.41489132115095,82.41489132115096,1.4580029302424492e-14,139.2265583706526,139.2265583706526,0.0,23.574630002245993,23.57463000224599,3.645007325606123e-15
front,log107,20.0,self-supervised,full_log,3.5103243551548537,3.2575746954200726,0.6712454400636312,0.06584204807388262,0.06186014136115883,0.011018452705220878,0.23577206034805634,0.22151335520086574,0.039455687849236594,5.231049248896157,4.914692897170964,0.875399086659132,5.591859539369668,5.325689958896641,1.0299809108595395,0.3105314278459121,0.30592420880585447,0.05086734119901559,6.889727264519793,6.787507393075248,1.1285882075240075,8.72494671563594,8.571131909233205,2.5017585246311436,6.884330786711274,6.687520359217025,1.6074557978197113,20,1.0,0.9810814137037507,0.9811559010425543,0.004628408331312877,0,0.0,0.23577206034805634,0.22151335520086574,0.039455687849236594,5.231049248896157,4.914692897170964,0.875399086659132,21.230528804000862,21.007049622158007,3.2047189981631456,0.9568951237563483,0.9468225466038568,0.14444199721364218,20,20,50.35,50.0,0.489360484929593,79.44845887883525,79.44845887883525,0.0,143.29596879429766,143.2959687942977,2.9160058604848984e-14,22.186892039599048,22.186892039599044,3.645007325606123e-15
front,log109,20.0,self-supervised,full_log,3.5532992259340888,3.103126985452924,0.7809253726628668,0.06573007662079869,0.05825907021210243,0.014739871767846753,0.23317860682513186,0.20667507974099958,0.05228995522758961,5.308676426967578,4.705282095992163,1.19046278071328,12.24191589714044,12.23621109097289,1.1009504648396626,0.5706839144621064,0.5731750127984788,0.05075081085499436,12.992513700995492,13.049227458726602,1.1554217468905512,8.310763063540026,7.727392316194209,2.4486334544135904,8.310763063540026,7.727392316194209,2.4486334544135904,20,1.0,0.9755594362151807,0.981155630457817,0.010328417712083666,0,0.0,0.23317860682513186,0.20667507974099958,0.05228995522758961,5.308676426967578,4.705282095992163,1.19046278071328,21.171997532625028,21.04338350850722,2.0865340508305463,0.929960029826618,0.9243107800796154,0.09164904091617128,20,20,50.8,51.0,1.2396943596157717,80.76479900660539,80.76479900660537,1.4580029302424492e-14,163.1495299547129,163.14952995471293,2.9160058604848984e-14,22.766567221789455,22.766567221789458,3.645007325606123e-15
front,log110,20.0,self-supervised,full_log,4.019685273796263,3.8802975186082307,0.4741328061681413,0.07896712499361991,0.07771748308820516,0.008397233962371681,0.2859257388176964,0.2814010105197859,0.030404871962986628,6.341807120143567,6.241449054251853,0.6743773201364834,8.999767586100175,8.930923430983555,0.7376803078467299,0.4445496415781265,0.44521081541470925,0.03362982990826054,9.860070988624642,9.874735764736897,0.7459065967384116,10.469170938617001,10.323977384755793,1.282530818914683,7.552485604753668,7.465342852700941,1.092052091203892,20,1.0,0.9613291268775208,0.9632892064221131,0.007611850284718419,0,0.0,0.2859257388176964,0.2814010105197859,0.030404871962986628,6.341807120143567,6.241449054251853,0.6743773201364834,19.97141516128668,19.496365173433915,1.3534762317805216,0.9004281472213181,0.8790101166538631,0.06102262087328769,20,20,50.7,50.5,0.8645047258706176,80.30945941942234,80.30945941942232,1.4580029302424492e-14,153.52197901588357,153.5219790158836,2.9160058604848984e-14,22.179909882779206,22.179909882779203,3.645007325606123e-15
front,log112,20.0,self-supervised,full_log,4.330134001281194,4.0701908004456655,0.5262900448979748,0.08074509753954845,0.07779563470801612,0.007209172552747287,0.2748001062581906,0.2647621878680037,0.024535005144532312,6.311674887995681,6.081121565823506,0.5635258950813229,20.723235000315924,21.231043485562516,2.284603648663504,0.9375290820670091,0.9608742533693679,0.09866407406556335,21.533393289478077,22.069590794899035,2.2661401667795062,8.123475058940494,7.0875982284124674,1.85386671877082,8.123475058940494,7.0875982284124674,1.85386671877082,20,1.0,0.9680650265512929,0.9682179258247199,0.001566976119369504,0,0.0,0.2748001062581906,0.2647621878680037,0.024535005144532312,6.311674887995681,6.081121565823506,0.5635258950813229,20.04106486627498,20.605445731648977,1.4932459148897188,0.8725555185445449,0.8971277477114554,0.06501350962511497,20,20,50.05,50.0,2.258900524358558,78.16790220488944,78.16790220488943,1.4580029302424492e-14,168.24758204657732,168.2475820465773,2.9160058604848984e-14,22.968240347278094,22.968240347278098,3.645007325606123e-15
front,log-0046,20.0,self-supervised,full_log_excluding_training,3.3869231352310956,3.444548543096123,0.9250989647296941,0.07174832150467346,0.07129871626453749,0.021261783735165473,0.23711009796942997,0.23564653096578328,0.07022451879667142,4.883116117988144,4.843573626714363,1.4484763277133466,14.631825650517154,14.303177984099726,1.4751375857224993,0.741594702718317,0.7141345557561766,0.07148613179283705,15.270441733201597,14.783351622000259,1.4436747634034508,8.276122398137842,7.647254505810458,3.9222947007776314,6.960091385295476,6.8456564686197225,2.6626825048881058,20,1.0,0.9791574626814157,0.9841222339697929,0.011138509546859146,0,0.0,0.23711888765482142,0.23564667062671452,0.0702263419285744,4.88329755889862,4.843576487011055,1.448515965048792,18.10336295013611,18.646489271517787,2.1578924885641,0.8790806093318693,0.905988779116278,0.10506310699854761,20,20,50.4,51.0,0.9403246919632545,68.07282514503747,68.07864061083968,0.6113006455431668,165.47528316534869,165.8998005948889,1.6869919643216984,20.595165313167076,20.60251814292407,0.1298153290317109
front,log-0048,20.0,self-supervised,full_log_excluding_training,2.822889458849442,2.7408679938808245,0.6599502283397242,0.05075955820485537,0.04919013601197299,0.009973746369244819,0.17630748911030808,0.17084534715789215,0.0350853554575399,3.952648363401692,3.8103202313956137,0.7645468313913429,5.162387921281253,5.240797811228871,0.5980262825650811,0.2669556953445434,0.26129059821866985,0.025808109752564177,5.989606151629598,5.836670657168863,0.5682643118003563,5.473752052723029,5.485644547828306,1.6217686480027456,5.316469239844725,5.275646682272793,1.4873825857125762,20,1.0,0.98821974057836,0.9897526864059618,0.0033133986925348333,0,0.0,0.17634544880125239,0.17088346021472867,0.0350828398316619,3.953503916478379,3.811173949383149,0.7644986723763211,20.790513723086512,20.92457596000228,1.742033767191611,0.9261642867203829,0.936160079147127,0.07340014627164611,20,20,48.15,50.0,11.458276714373671,77.91261893442694,78.03415616036705,0.6857319199606725,146.808532198,147.0280467770388,0.6487818854817569,22.440950702986534,22.496111767799874,0.2463990858322528
front,log-0049,20.0,self-supervised,full_log_excluding_training,3.7403810276601113,2.9216807631351673,1.4543636275780143,0.06565233654841487,0.05210107802854832,0.02090143529680792,0.21544073354224125,0.17416238422303554,0.06776493709519806,5.285052891292436,4.198479231891842,1.6924325268160318,12.621880471566183,9.749609892238134,8.060880792837757,0.5527302835982357,0.43863034084781666,0.33261213382345556,13.566040376962684,10.382634460044457,8.200775154178748,6.551503480196817,5.075394685660241,3.342701282546839,5.796689169074362,4.727234124814042,2.2255278396763156,20,1.0,0.9824866342335044,0.9870918848538428,0.009310390093159477,0,0.0,0.2155265329490686,0.17429848271638515,0.06780525111574452,5.287149495111663,4.199597302748657,1.6934097358778157,21.823052934570278,22.6049159589055,2.2374029721564113,0.8913974804139502,0.9137027357455825,0.09370586628806427,20,20,48.1,50.0,8.843076387773658,80.44975775382439,80.44698260697609,0.6848206503359778,127.43389048297863,128.6836164750667,3.3063974460181806,24.491931251165276,24.510680293649163,0.38433231462185424
front,log-0054,20.0,self-supervised,full_log_excluding_training,3.1743373822285053,3.026245699537797,0.5492317091868644,0.07281358669829704,0.07079637359419196,0.014548439793147034,0.24286184271863945,0.23630021164233425,0.04865464968167303,4.360860068952411,4.239871182727944,0.8768276027520234,6.056718256301304,5.94048135119866,1.2585057815718665,0.3919953394027054,0.38161847469938154,0.07080083046342606,7.038920685448177,6.872799621416794,1.2786572533256966,8.786569506222051,7.448909646066015,4.783445912527016,6.213126295537329,5.503279255396546,2.2250562021951086,20,1.0,0.9758651375183257,0.9780555049769224,0.010196396151099765,0,0.0,0.24287732898711836,0.23632851509975916,0.04865304975833288,4.361138306700798,4.240379790296968,0.876799794059876,17.3538266814455,16.793648558964946,2.2437769932727494,0.9665085170153187,0.9338564096976286,0.12430251294966538,20,20,49.5,50.0,4.639646084506197,59.879057446258116,59.814176068261794,0.33012889850861976,135.68909641244048,135.89296889344487,0.9117454525348168,17.954065001266592,17.954614359547207,0.0858698881941656
front,log-0055,20.0,self-supervised,full_log_excluding_training,3.4945816094242224,3.344895704786891,0.6746177488262912,0.056921975960467955,0.054810480258575246,0.009899121359224753,0.19582291618653752,0.18823692512495416,0.03422610202736372,4.64857145669768,4.501861665133433,0.78391038962395,8.350902488155644,7.879597824059925,1.4833561626906366,0.3947050103181209,0.36711811240979775,0.06532937812777165,9.372847570933756,8.793745489504124,1.504421053116135,5.036477697555755,4.877269023561247,0.774358717428861,4.558114139823074,4.63170870318773,0.6075709440901719,20,1.0,0.982276910732304,0.9846610517479741,0.005496144128654772,0,0.0,0.19585446564264455,0.1882846777005563,0.034203759511305325,4.649324691355382,4.503001262100192,0.783375559426161,23.75303440694303,23.634148547239356,1.536142281414658,0.9996288744318184,0.9889648223529313,0.06460978342177645,20,20,49.8,50.0,1.5423836644690752,81.7338957627076,81.72719168369225,0.6088726982927676,144.4427913440952,144.98409225186288,2.2413343517310844,23.76319157813905,23.703049240845083,0.27125091673044394
front,log-0056,20.0,self-supervised,full_log_excluding_training,3.2122993597034935,2.9906286776919306,0.5921286145582044,0.059568886397124175,0.05821632307094517,0.009943630408813988,0.2047484343595063,0.19979196861623705,0.034440333413836365,4.605232305929453,4.4661015421480705,0.7601374111756923,6.261010320436625,5.896974495372074,1.0250284453231366,0.3197501756031952,0.30407878754439455,0.05241059646969846,7.191341667537449,6.8158842858619115,1.142903113761959,6.657788023584561,6.159724065699864,1.9242839647205687,5.519123099504969,5.32636530111283,1.1579930704894903,20,1.0,0.9838928370765636,0.9844244768608854,0.0028411802214861927,0,0.0,0.20478456297922337,0.19982700993290792,0.03442363975542495,4.606048535244339,4.466885770418747,0.7597665908036905,21.62822211191338,22.035510276255437,2.3734927119677973,0.9611414654712686,0.9717143212282682,0.1069021517094863,20,20,50.35,50.0,1.9269556026896009,77.33954846245096,77.36841501495519,0.49431394974623183,148.31291081325412,148.7314640450589,1.8249010762687816,22.506023718957557,22.474341497005213,0.17452878116497164
front,log-0058,20.0,self-supervised,full_log_excluding_training,2.8240272521332166,2.754724723721825,0.2573066397396707,0.04799438534429692,0.04697634664082455,0.0034319671555497135,0.16507297129391,0.16142346942643,0.012047558315310753,3.876518807563192,3.7814406433132044,0.28250825751164027,3.097006403412659,3.0616121085448293,0.2710313857051652,0.17510357758733192,0.1696030959748196,0.014921304156964247,4.112421307789534,3.9807219000102627,0.35486690174244245,5.424496662052056,4.963787512256852,1.5962971966356378,5.424496662052056,4.963787512256852,1.5962971966356378,20,1.0,0.9878961018729427,0.9881512279142304,0.001126771088533636,0,0.0,0.16512357781401188,0.16143060262119868,0.012035917474385021,3.877704841866401,3.7814768874860105,0.2822025255553726,23.026827860380013,22.734492551853577,1.4504028601531185,0.9803778375759918,0.9690799885992039,0.058837671190454174,20,20,53.5,50.0,6.9698599245911,80.7641502243109,80.84547320006453,0.4988758534729387,161.1286084539115,161.1697294857218,0.18389884486546154,23.48391676811044,23.45818763761021,0.09713726877410007
front,log-0063,20.0,self-supervised,full_log_excluding_training,4.629444508266649,4.132355478200491,1.4944455217758519,0.07192029437622054,0.06384975101337567,0.021553570246757102,0.22043838534214394,0.1954839025393965,0.06851578631362064,6.087767478041651,5.449565325929337,1.7984559627659193,9.761288193751884,11.475869297970762,4.7463343746700435,0.38920974909588135,0.44413141785433174,0.17491251544979422,10.7451204000516,12.180983698451616,4.738459795324959,7.205016483168924,6.595316573059597,2.88743007748516,6.38564839227553,5.835987642590187,1.9587778097743076,20,1.0,0.9825498218014248,0.9890189699747338,0.013126965711718322,0,0.0,0.22049509782068225,0.19551448073520739,0.06849426457009551,6.089355069221572,5.450086939592274,1.7978583614346997,27.92280597942598,28.061186812591572,3.230665446337322,1.0083127593335957,0.9860268729641734,0.13114269217988522,20,20,43.6,43.5,7.782571622068863,84.74908739861593,84.6977777300375,0.8686779863249521,148.0803342610682,153.38769360758957,9.830978217321771,27.745060719721515,27.593282383730035,0.6350752779712651
front,log-0071_183,20.0,self-supervised,full_log_excluding_training,2.989283755069175,2.7048232831559273,0.8459756405644158,0.05097698726194411,0.04742016160283505,0.012294172954116517,0.17922462460294897,0.16664867182383558,0.04325229870919201,4.061230005338837,3.7801769595214756,0.9741074618250352,8.141049364799352,8.24773892577701,1.4073592482751076,0.3912500678694918,0.3904512025788494,0.06228986498079754,8.869048317483736,8.855151674865763,1.4167086786956147,6.4333679230224545,5.369036977401942,2.925698745519253,4.790132387278707,4.3941294374559146,1.4480612678136975,20,1.0,0.988340557726018,0.9903762090510175,0.005540334450033739,0,0.0,0.17923710045265645,0.16668775416607046,0.043251255642072606,4.061512697909716,3.781133972255533,0.9740831023531189,22.05390015037671,22.0408255749455,2.4290652439328047,0.9728108370457603,0.9738988159334583,0.10558343248497915,20,20,53.8,51.0,5.366563145999495,79.6880180167513,79.72937505612822,0.1898621370510876,152.42190982113328,152.4462174422029,0.10870698616600472,22.666263798682206,22.655945374501965,0.06562052066546305
front,log-0072_184,20.0,self-supervised,full_log_excluding_training,2.7015060655310554,2.574045145883157,0.5507167455743599,0.05266801866520392,0.049383833840774445,0.009847942100066513,0.17332534697727978,0.16252048224308227,0.03262874878591209,3.7166259161596775,3.4749496117760454,0.7120299655619722,2.8824955035292024,2.6125071567718594,0.6310131062892724,0.1886479764674598,0.17595754748819048,0.04053631386287925,4.0456526336822405,3.776503365314057,0.8859844628286271,5.73694270627129,5.139170439370191,2.269324410209819,4.456236469727196,4.183964966348979,1.076556785538052,20,1.0,0.9895736322372995,0.989717817732433,0.0014439033367747876,0,0.0,0.17334465262444854,0.16254809423514732,0.03263535095552124,3.717040142155782,3.475531906482351,0.7121725588708622,21.546916087313722,21.753647932420087,2.193174944163274,1.0054638038661405,1.017121561553214,0.1024012819777319,20,20,53.2,51.0,6.287832862382965,70.51573966985833,70.5821328748771,0.5758572939052005,152.15193137588395,152.19039707482895,0.1720238352862545,21.431177232385206,21.42563797886381,0.16002150877595342
front,log-0073_185,20.0,self-supervised,full_log_excluding_training,3.3459292995990007,3.2986914591669105,1.231252541389546,0.07204341663083215,0.07001347923640788,0.027364799646769227,0.257038187000758,0.2499081364054463,0.0981549580273129,4.992377911768701,4.858405440685335,1.9379067539131614,10.292991847207057,10.030535794334604,1.5350806392020857,0.5639375217142492,0.5518051089124208,0.08284141071056567,10.931293489603744,10.651033583648958,1.6096938556867415,10.082231841885623,10.410294642547417,4.693579663083183,7.03672854510763,6.663281412010023,3.17027375664727,20,1.0,0.9727133162152448,0.9764877649013992,0.017677019435379398,0,0.0,0.25704973684034044,0.24992662801745053,0.09815048838399304,4.992600687344305,4.858763313245222,1.9378208216003816,17.34548753877911,17.04895481028491,2.675900038875458,0.8955200607350259,0.8870494163748732,0.1413671978406816,20,20,50.25,50.0,1.446411166701189,69.08926597987599,69.39244150390826,1.0238345134488647,149.01274121247238,149.90437255734173,2.5189879696179354,19.38251557292198,19.406812195383424,0.21934143101810744
front,log-0078-valid,20.0,self-supervised,full_log_excluding_training,5.701799292983727,5.664788430835486,0.4482320107971289,0.0833266350694716,0.08311553401147109,0.007621204714469631,0.26726755172349614,0.26628766345255306,0.023061055264589334,7.345941565411846,7.3340433877874265,0.6522298238646564,10.470792864526327,9.328431443175557,2.7499304787006165,0.4520520118404419,0.4096365869385001,0.10091560846964386,12.410276232394965,11.319997245521812,2.716190530601737,7.07299500262847,7.112033090570898,0.8234173418276877,7.07299500262847,7.112033090570898,0.8234173418276877,20,1.0,0.9663801982288719,0.966314572997277,0.004749909809765566,0,0.0,0.267960352748069,0.2665601881483475,0.022561121430686046,7.364934630712656,7.335153314492143,0.6385436413166505,26.67772146207521,26.294045896956824,2.1684970885554886,0.9706482743693392,0.9435712964676612,0.07633017951955832,20,20,46.55,50.0,6.605221220248498,88.19867362836148,87.8195481657808,1.74847533543519,190.75907416043012,191.14572150135155,1.6319603983626447,27.485296696652775,27.245046582612133,0.5263592813711611
front,log-0079,20.0,self-supervised,full_log_excluding_training,6.143882265547683,5.844257091686128,0.721054711990208,0.07937921977347859,0.07570210985084043,0.011031324925812897,0.2716442623366742,0.25863356116798086,0.03788173887522719,8.042013197620928,7.642263037482925,1.1055484555453174,7.861121063155051,7.766004615218768,1.5216298720267782,0.33793121702127765,0.3502829993561566,0.05246536573217449,10.001524907135684,10.352617748074465,1.51252816493026,8.091160060291942,7.3857949599719035,2.0004823258843887,8.091160060291942,7.3857949599719035,2.0004823258843887,20,1.0,0.9664143733166674,0.9673736609291841,0.006583115325459138,0,0.0,0.2717402932079199,0.25866378357009545,0.03788190418718643,8.044859745673305,7.642404422853392,1.1055630382124824,26.583874622199126,26.994249128543267,2.1568987782669433,0.8976579565196152,0.9062858548716908,0.07215068394957141,20,20,50.35,50.5,1.1821033884786185,101.34389472609905,101.61712958196424,1.1599652317058782,185.43874974493005,190.67881336638965,10.752383678332862,29.613709530751464,29.571559832779656,0.236412096361592
front,log-0080-valid,20.0,self-supervised,full_log_excluding_training,6.373836898921192,6.258335030732067,0.319928986043356,0.08338025788449345,0.08196538843056439,0.005407974638640961,0.28083166864077513,0.2763858443028153,0.017898254173520697,8.197493944133933,8.089021284496527,0.4704655764928132,15.77604370824829,16.11639782679952,3.355590676963626,0.5903396267548978,0.6041277184284304,0.10936385496867561,17.252207318836305,17.55005045986266,3.2811591432579474,8.003368198455664,7.878796315161796,0.7052384277358876,8.003368198455664,7.878796315161796,0.7052384277358876,20,1.0,0.9619199028238361,0.9616783658450663,0.004210122287039794,0,0.0,0.2809666588207644,0.2764771496193863,0.017853019531421408,8.201447153924239,8.090712153712566,0.4691412431393955,28.830816468604894,28.71050166797371,1.7068741745856995,0.987518031460557,0.9922409806802488,0.061454909165100186,20,20,49.0,50.0,8.182137154866853,98.36491844816699,98.55137388245873,1.2557601310807744,209.41055645838256,209.41055645838256,0.0,29.20242258466218,29.246977939563983,0.3214655617156463
front,log-0081,20.0,self-supervised,full_log_excluding_training,8.308321572371517,8.008222630191817,0.8711462089907774,0.14940061696596058,0.1418411001918982,0.01826816176330384,0.49221771224130223,0.46740153378169635,0.05981580494428957,10.11764256342189,9.625413978989052,1.1772002652101976,15.421658866426815,15.834635168929434,4.953033474902573,0.8937015594600137,0.8896192055506837,0.19789034237161351,18.382409617738666,18.411725418239655,4.0821128429143485,9.627603025157054,9.282825820650203,1.7775896923415002,9.627603025157054,9.282825820650203,1.7775896923415002,20,1.0,0.89210682256375,0.8925586471908619,0.010746786036827126,0,0.0,0.4922675518542,0.46742589741737384,0.05980378274490059,10.118668527419198,9.625911591829414,1.1769455164440925,21.442850904805173,21.522901337954856,2.6289078701258655,1.0433093417622796,1.0499381824870615,0.1336590962564708,20,20,47.4,50.0,5.519343973221531,67.76770729789318,67.96010151645919,0.6356512030268983,200.17012767441506,200.25954166451217,0.2752104546396036,20.567402645964926,20.61402621570671,0.16957760168470778
front,log-0098,20.0,self-supervised,full_log_excluding_training,6.4232746923201205,6.426465018869056,0.22270296394335848,0.09632350337158721,0.09606938461500789,0.005241553877842507,0.3225261775042516,0.32397202737907804,0.01820835620641316,8.547118102946063,8.534079224209336,0.46663293401873285,7.277259435865472,6.601534661042043,1.9788682853363089,0.35883297869688563,0.33631734580512074,0.08510909500724614,9.517258744243303,8.87833942029669,2.3068445028259528,8.502693700919409,8.32229294804474,0.5759115771625651,8.502693700919409,8.32229294804474,0.5759115771625651,20,1.0,0.9478382932419173,0.9466324378914142,0.0053927779688101,0,0.0,0.32261177212409137,0.3241245274000233,0.01821873194313291,8.54937654295307,8.538097148791422,0.4667296160742937,24.897122517672994,24.52158626654648,1.5267812981235058,0.9390868671872701,0.9252942347199412,0.05153914786624489,20,20,53.2,51.0,7.824388323158492,88.73607538840352,88.89270794474547,0.7806546163119641,195.55434834869712,200.15184341259442,9.339126778201717,26.505373261665266,26.4255178413346,0.34194845382213945
front,log-0099,20.0,self-supervised,full_log_excluding_training,8.83490136826972,8.661328536968254,0.8601585461802899,0.16120324314462378,0.1559896349663324,0.015687911935807593,0.536853875275323,0.5193652361251493,0.052263255327909666,10.553113522692785,10.232134073704824,1.0394059987425024,9.929564666772487,9.697316550819192,1.5171493928753914,0.6403625462809239,0.6067623085019129,0.12880767721096403,12.586181112048425,11.930184331416452,2.5326700097201362,10.25186972980813,9.816382990280616,1.5675648103294428,10.25186972980813,9.816382990280616,1.5675648103294428,20,1.0,0.8706817513957184,0.8696308717083729,0.006257702318406974,0,0.0,0.5369367916310709,0.5193785322677742,0.052257138760557195,10.554740756879976,10.232395101720847,1.039264146326154,20.649378816550687,20.45186681007288,2.5844534914148474,1.050382209464109,1.0380464286010116,0.12984895441387964,20,20,49.05,50.0,3.979883626968322,65.45964359638211,65.42456045130315,0.4702359373924248,185.26614126907708,185.2820851030399,0.049074085485313744,19.655712935484893,19.658470873276322,0.11156877621930522
front,log103,20.0,self-supervised,full_log_excluding_training,4.955317100335127,4.783424684105723,0.7092826314420448,0.1011806014896692,0.10116497589102466,0.009123734416228171,0.3381132233850596,0.33942186898964316,0.03060463499587505,7.689557719720104,7.741120047432632,0.6932499972133437,16.505884350663262,16.58478834409719,1.7137729517304936,0.7622115644283562,0.7598013822673988,0.07390854253490083,17.334645712908472,17.31735677234093,1.6743456807897898,9.250567455270588,8.751575330635733,1.4915551216255452,9.055307811608241,8.419160264337147,1.3692045643516155,20,1.0,0.9449120220231835,0.9469699332995688,0.008941465179477418,0,0.0,0.33814328016229106,0.33943361451274207,0.030586335369518075,7.690239134203449,7.7412753237269065,0.692812493688754,20.320227723934497,20.47176912645658,1.7611985246678692,0.8935623679604922,0.8976573206215719,0.0787435915569708,20,20,47.95,50.0,6.8015091204665366,76.00087304076344,76.03124162715844,0.7082555209171234,161.72447335874463,161.83235720034813,0.3320594580750416,22.743604449204394,22.754789349719328,0.14948158622857777
front,log104,20.0,self-supervised,full_log_excluding_training,4.3338665500048785,4.252637769486802,0.40481553798194786,0.1037732741546038,0.10373468498341931,0.003475438246483384,0.34734760140550014,0.3480562363081085,0.01220237250900142,7.458004948580639,7.521393864204088,0.29832853284408783,27.473666081914367,27.213585231348937,2.395651084400898,1.3106589233603936,1.2972692989370942,0.10848446064461101,28.14476118857605,27.813265164564292,2.4358219224021376,9.70200833902842,9.605936285452398,0.9060305709101386,9.70200833902842,9.605936285452398,0.9060305709101386,20,1.0,0.9406540113985216,0.9392709442910572,0.003923112426239371,0,0.0,0.3473898711189307,0.3480764529792505,0.012172852794341169,7.458901060578147,7.52153225613549,0.2974979327394,19.34418783980551,19.25527284622575,1.2758308086409438,0.9015588873011385,0.8944476871287418,0.06720776814546901,20,20,50.4,50.0,0.6805570473787205,71.86013459866118,72.2798378472731,1.1629320672115058,167.6308323463045,167.6308323463045,0.0,21.468956088924678,21.516393915816238,0.2655431986521548
front,log106,20.0,self-supervised,full_log_excluding_training,4.043749937320571,4.096801649417108,1.0621831947281155,0.07260628602130517,0.0722689430462865,0.016618645081659753,0.25033021648820664,0.2494382610170715,0.05651758376320653,6.015789767263515,5.947573100719698,1.4222799761063123,7.09215320497781,6.73148495298121,1.004790792615467,0.3355749555916893,0.32292673270443284,0.03998481160953211,8.04900050833532,7.8494311999677775,1.0001333701615396,7.643095724970439,6.851753689851039,2.5861926648231806,7.13949235968847,7.184010875710644,1.923473873488667,20,1.0,0.975599138075569,0.9794224133755707,0.010091547836561993,0,0.0,0.25045333669399794,0.24960398833991032,0.05659242758993782,6.018755775636846,5.951489313885692,1.4240743399896914,21.085223001564575,21.21905669063923,2.1758725693899126,0.8803732919596357,0.8774719339388591,0.09816397922777056,20,20,50.25,50.0,0.6386663736585051,82.71448784199201,82.99243906924833,0.8981969153915752,138.7085332379508,139.2265583706526,0.8336450693298031,23.974514874514686,24.05222793761866,0.3975420998771683
front,log107,20.0,self-supervised,full_log_excluding_training,3.609642760355188,3.3491185104571173,0.7094884943863554,0.06688305106003,0.0635384103613526,0.01087726593945039,0.2379289013663357,0.22515312019540618,0.039131919475100446,5.348267770595955,5.008700595888456,0.9317722106796271,5.717855681318812,5.487710419605444,1.035350279202276,0.3136571035400375,0.3107610037388273,0.053059888437305754,7.036173821764071,6.946754674923859,1.1663804663651296,8.780970354839013,8.526878973890526,2.501634157779743,6.937095444469081,6.759740778371148,1.6571205838571297,20,1.0,0.9811862096122317,0.980782181345728,0.004557923789213176,0,0.0,0.2380249416219621,0.2252700356815459,0.039145649643195224,5.350427929018532,5.011304872465959,0.9321037918685298,21.449900639930057,21.131852260528852,3.193235829262412,0.9567012546113756,0.9462776546159997,0.14840439717410914,20,20,50.35,50.0,0.489360484929593,79.83558149912932,80.30841385773492,1.388220655174247,142.3993998466964,143.2959687942977,1.8397206627812968,22.446819256875425,22.58527140881288,0.3668799722668128
front,log109,20.0,self-supervised,full_log_excluding_training,3.6008788111282923,3.1296510999361162,0.8417027914896853,0.06646577511487346,0.05829734285920482,0.015207175283471203,0.23612381309077324,0.20871036895073236,0.05388773044155963,5.360965424907753,4.697156966370386,1.271256279904807,12.20417682272498,12.382095609940079,1.1643666735374747,0.5718250372909766,0.5817185654766196,0.05507901647891288,12.961228934987918,13.168221030654776,1.2240930207286511,8.234897022895009,7.971819641297653,2.651061538920712,6.906720348433375,6.162008893493376,2.576770039427487,20,1.0,0.9748979062055639,0.980589861048887,0.01089731051187158,0,0.0,0.23625180427086795,0.208753178343968,0.05386823796682103,5.363871332466255,4.698119155323283,1.2708561257818183,21.041235802101212,20.854191449843256,1.9570403976274082,0.928796459732995,0.9229029280219317,0.0931359066150647,20,20,50.8,51.0,1.2396943596157717,80.54892247247173,80.70844038088674,1.2736274042341276,160.96755731220054,163.14952995471293,4.477313392119459,22.672930052761597,22.708970727613977,0.3429508829613428
front,log110,20.0,self-supervised,full_log_excluding_training,4.158086420746275,3.9912784019684575,0.48509553074948664,0.08150395000498797,0.07931814023822498,0.0089183909130917,0.2934730082803379,0.28529879523880114,0.032897638947648696,6.548697974201787,6.441170961444547,0.6767421625291298,9.056308325579943,8.927390215204966,0.6850979304752943,0.44486786559956065,0.44222954547001275,0.037850707480272916,9.924046273142606,9.896947424588507,0.6953275653529631,10.409888585844154,10.052487792837884,1.9680768516227425,7.660542286673428,7.608976631197876,1.0767521741859192,20,1.0,0.9591802950274664,0.9628418550805486,0.008949390654218594,0,0.0,0.29354038317803427,0.28541484393240224,0.03292936977477547,6.550203889316632,6.44378180320604,0.677512041149713,19.992058136775725,19.919303290246194,1.3819281953499147,0.8951452491886442,0.8761013853003452,0.06135033366783348,20,20,50.7,50.5,0.8645047258706176,80.39945221704359,80.40396833482365,1.1638183341675397,150.3813599963843,153.5219790158836,7.670387191121177,22.335649361019723,22.27170872531942,0.4014551775946501
front,log112,20.0,self-supervised,full_log_excluding_training,4.3642441828824845,4.127119626616521,0.5066097209656609,0.0811456499475173,0.07863240100057482,0.006855654527173561,0.2754496737564855,0.2666378181635796,0.023386050217169746,6.334778275897999,6.134769061622993,0.5367692730768906,20.654865197184172,21.197130938719866,2.2574444575227117,0.9338116550133183,0.9603828091448482,0.0979484660861469,21.474573635133233,22.00124354081515,2.2388588992545193,8.156000886113025,7.14840306867974,1.8375434809043971,8.156000886113025,7.14840306867974,1.8375434809043971,20,1.0,0.9680150195286206,0.9680510247326505,0.0016261911811068087,0,0.0,0.2754829700772638,0.2666811496112944,0.023379404296767135,6.3355432850540145,6.1349072614396025,0.5366075641666619,20.027745375982402,20.41097417754696,1.4790909689690235,0.8708016777525465,0.8923363661933796,0.06377253116976227,20,20,50.05,50.0,2.258900524358558,78.06646783102616,78.07230227898637,0.5021339699902398,168.21170843039775,168.2475820465773,0.11041666083379235,22.998416290696206,22.958757753698777,0.11036867345867492
front,log-0046,20.0,self-supervised,training_window,3.06526810712342,2.7990542615323584,0.9967916313349595,0.06888444414547129,0.0746204396941216,0.019853238861056128,0.22775765028092482,0.24969804401913073,0.06597728998493724,4.334007014654793,3.5194962079133587,1.5920825500593287,14.36762773725604,13.985221717184718,1.9139039624327319,0.8040002786428054,0.777639493269076,0.14030674916966698,14.887194591455742,14.710016786292023,1.9478462104933565,6.676019379332236,5.43742969975214,3.1087474050304427,5.993401204337507,4.811368376166605,2.8784513302304404,20,1.0,0.9791849304057729,0.9837214528492425,0.01392276271346913,0,0.0,0.23398513060365272,0.253839473847392,0.06826786925947946,4.422529742866923,3.582289444451089,1.5535622129655369,16.73333550662594,17.282390046142538,3.0415046066179574,0.8856211433849758,0.9029853437919522,0.08182185297012663,20,20,50.4,51.0,0.9403246919632545,62.979911922325186,64.1013973617226,12.741880713306777,117.34456591557384,115.15579560693384,21.83342237067157,18.989817639216838,19.4491887539551,3.4830680460422236
front,log-0048,20.0,self-supervised,training_window,2.4948255594722,2.050698824475429,1.1002671184914505,0.04931054347127294,0.04808628061426748,0.013484453582138081,0.16059475759149439,0.15248065738025524,0.03874726928225593,3.3367258893617056,2.83628611463764,1.298125053294906,5.247996500418093,5.440500108678483,1.0516248177344105,0.29382617400528777,0.2983898573123155,0.05479539261492983,5.913810316890444,6.037192532274391,1.0790446588491995,4.417977958907623,4.045335854713756,1.4013016940785135,3.807970143471902,3.616120963554339,1.2128907542987266,20,1.0,0.9910096587088167,0.991376827733913,0.003982551659506453,0,0.0,0.1762915174052724,0.1809551251775575,0.042547811619188164,3.623869310509979,3.3522022864579304,1.2578475810822725,18.828237591092595,19.35230278505741,3.157020439869486,0.9270659745406628,0.9328699762467046,0.07343144981436012,20,20,48.15,50.0,11.458276714373671,66.95303859831962,69.34364801168725,11.95320409863078,116.69793403554388,112.96845569720844,16.73792187881246,20.4520591395494,20.73978129651195,3.8782308494905147
front,log-0049,20.0,self-supervised,training_window,2.1977631820218186,2.2730924656461315,0.5508217083572193,0.05150914604150283,0.052729644080399464,0.014618024747294766,0.17296100574987486,0.17398235122070377,0.050531500638419276,3.2450415204534977,3.223743179086436,0.8112301733779025,13.188354255287962,9.695302417695169,8.989984987550894,0.7495467511671172,0.4691692858537942,0.5084893549734035,13.697005351576411,10.206033611799963,8.7944651582451,4.985120888497711,4.733380711468616,2.013811743439134,4.25995396185289,4.3282326688569395,1.0743980796613541,20,1.0,0.9862877395328218,0.9865275923229504,0.00647211912978544,0,0.0,0.19059254549629775,0.18350317556171136,0.0566000004990876,3.5725335193179233,3.557607078729946,0.883679197404829,18.61427112612541,18.55647988402822,3.5456061178984655,0.9679826810068777,0.9787364758586858,0.07314141409628017,20,20,48.1,50.0,8.843076387773658,64.01622197401386,62.06150154734841,9.598491063941426,107.59987539893184,105.53590735929743,8.3259675992148,19.15501701947269,18.595645532954105,2.9000529272744893
front,log-0054,20.0,self-supervised,training_window,2.5065798079654735,2.4728293207968894,0.5781323727974441,0.06278448827102386,0.061730737378642694,0.015203986349666465,0.20934726738120507,0.20879500409034724,0.047587727534231405,3.4697707095647665,3.2574359925552896,0.8351046061975359,5.962049406251337,5.888043912128408,1.74384267266266,0.415643428416264,0.390283775709809,0.1458330202993269,6.704799668117512,6.650381680236245,1.7093240911042888,5.022208028907073,4.635373970997575,1.7526863827689971,4.203550065879561,3.912885047904162,1.198395908289269,20,1.0,0.982364490760389,0.9850805616193948,0.009649574348769617,0,0.0,0.23501507247976247,0.2174303311768348,0.04977078961066385,3.868761460113526,3.754951752104075,0.7453988891252711,16.613189058681378,16.08811182655548,3.236097294622055,0.993810402686601,0.9848386849033486,0.11000336369391273,20,20,49.5,50.0,4.639646084506197,56.47387832562606,58.447597607159125,11.834458203174952,100.51901709472301,103.57684397709245,19.737580317076038,16.829383013784984,17.112857926274806,3.22383184777137
front,log-0055,20.0,self-supervised,training_window,3.105877545591787,2.6040400540008024,0.9731528666881953,0.05451873944379485,0.05423178297119181,0.010461850592100707,0.18308289611719558,0.18392284039482026,0.03799054012383089,4.114105202322145,3.568313157537112,1.1104249875625263,7.997920923012337,7.633015162696841,1.7761686914156494,0.3982365797388864,0.38680388072213456,0.0572275383094316,8.932735062414956,8.253647748950971,1.8565439261011976,4.715190742610408,4.621556159455512,0.9749435360925048,4.405869695275862,4.186306125326939,1.0752555877048389,20,1.0,0.984651071176985,0.9844064706730603,0.004899189168279255,0,0.0,0.1881441604973118,0.18669324376657087,0.03708263186296292,4.216909907906812,3.7562114431790725,1.0552441304965632,22.788321885220718,23.582646251441005,3.9435795542428846,1.0122452218304532,0.9983758786667966,0.06051171396226041,20,20,49.8,50.0,1.5423836644690752,75.34743782179102,75.2242919631348,11.851080131783062,122.49763501015896,124.59720821226813,10.670801559250616,22.446094387770337,22.741877408975494,3.2219454667362237
front,log-0056,20.0,self-supervised,training_window,2.9407168211122836,2.7064359078288716,0.8052811324845023,0.053359197460455476,0.05494377031963252,0.012009708898922557,0.18655517003567879,0.18654738723740077,0.044533741414392834,4.12280968977541,3.8449161411364807,1.0823458147879523,5.684611319015608,5.840932530612196,1.0553567416163896,0.29858793880073337,0.301761920300934,0.04190174214813176,6.602834106316282,6.8305996174239185,1.1464499980085376,5.552989271684903,5.116305256973608,1.6800328625544871,5.005184518108171,4.863340229589186,1.3167515773432603,20,1.0,0.9868114746385288,0.9860628084868535,0.004634059521829751,0,0.0,0.19491321608163806,0.19523903866149891,0.041703041967149114,4.2978462400596715,4.1275485661027815,0.9947752834148915,21.172365203947617,20.342805103947853,3.213879772555026,0.9574762342519414,0.9667630349250496,0.1022552713282647,20,20,50.35,50.0,1.9269556026896009,77.52531678664083,79.95598060450438,10.01545719783511,121.64771822042557,120.1247054718233,9.359324505500782,22.11224840271516,22.917309800587375,2.2170034696577914
front,log-0058,20.0,self-supervised,training_window,2.543615316059606,2.51251038268443,0.30679237691567035,0.04957181177084433,0.04655632354412402,0.009436611039887082,0.16856757063189814,0.16103554997338693,0.026185035392027243,3.4455279049605294,3.351633983878652,0.3147787860296446,2.927537205204472,2.8941127487701364,0.5760793152158873,0.18573850115113116,0.17985059372756843,0.031418742679357695,3.8113080035876683,3.7523165667897924,0.5753637524153274,4.523531372911752,4.3472512859669346,0.9617427058713772,4.266953731868613,4.21889327879914,0.7536081221324444,20,1.0,0.9871681359129024,0.9881549710527466,0.004468137572875283,0,0.0,0.18866299808447445,0.18317974212089877,0.03279537228687357,3.8658593043472593,3.7634966575295996,0.5811252554002805,19.86862955299404,19.695561399819994,1.5030862112998193,0.9648984334184,0.9413498127736369,0.054072194969064485,20,20,53.5,50.0,6.9698599245911,70.77200026008414,72.11434187873378,8.254836936538322,124.8435675460128,124.23673492869304,10.415618748791692,20.645192955177652,21.02886579442887,1.7966504338385634
front,log-0063,20.0,self-supervised,training_window,3.7622513440305076,3.250869375584044,1.512656039060558,0.06313960330795877,0.06395115999035518,0.015263569940620862,0.2004505449578599,0.2052303283247408,0.04403379791004755,4.988371783873979,4.3871853711499895,1.6590719927257747,9.344112456475695,10.363823385306631,5.183877894240618,0.4111026706522428,0.4472120082260943,0.20353265463064862,10.256190353668456,11.415608877723214,5.268566336151177,6.608627525281297,6.299318513742403,2.350782065939675,5.865528560046193,6.338673219147357,1.4072426422170765,20,1.0,0.9853211396901962,0.9881830065492712,0.008521565719326976,0,0.0,0.20314003082039594,0.21061503222516012,0.0430593866632548,5.047254113604183,4.505138456326987,1.629645605516905,24.111819658300362,21.663775745293485,6.12495535852826,0.9708795345818805,0.9693593170801749,0.11391001584264533,20,20,43.6,43.5,7.782571622068863,78.27869311980052,85.70026597624329,12.42605214127925,125.41577172927585,125.27300965539557,19.101121349593903,24.573935660007855,26.39785214669966,4.102162031435988
front,log-0071_183,20.0,self-supervised,training_window,2.5549722109149076,2.265966322112342,0.9101888604836136,0.051114140446702226,0.04821482589038347,0.01281633816730977,0.16987498698772813,0.15617901466633222,0.04342282690945664,3.5218566755956227,3.2379307044019003,1.0549735532446531,8.15201070686433,8.515686020453744,1.689045412446308,0.4283897698325295,0.4264965000187807,0.09231387711869227,8.740172816291205,9.093610199512526,1.6042612989268896,5.29106357480279,4.442621085342549,2.784633801223615,4.295361855283895,4.115377826470635,1.2342028383209485,20,1.0,0.9886396543460119,0.9899556665351024,0.0048090965852903445,0,0.0,0.17683225799926994,0.16815275371146177,0.042583742986258485,3.6658497421883283,3.335290943821856,1.045732186119304,19.498025281200192,19.138100535380143,1.5470512856917769,0.9505065207452235,0.9633393369566408,0.08321455121775394,20,20,53.8,51.0,5.366563145999495,68.39279747961447,67.67758501049856,5.792866738962146,119.50281171291154,118.82662896909042,12.21124780426397,20.588940809153733,20.23494347038708,1.5772722001933925
front,log-0072_184,20.0,self-supervised,training_window,2.4388185483040017,2.374406909261429,0.29002439654557793,0.04876499693912526,0.045727651205980144,0.006912580063642498,0.16605464539639375,0.1565145941987276,0.021695991137376445,3.457958403972391,3.4093796064606314,0.3666624370600042,2.74690729403485,2.6950217102570546,0.40455201645264,0.18343565344801174,0.17464225480294956,0.036082467204008345,3.792347571049219,3.7905079624263367,0.4393244053807642,5.009208157433473,4.511782667876645,1.8310646458519506,4.094954191755734,4.1793515975167805,0.5414643477940407,20,1.0,0.9900233346204399,0.9898721425512993,0.0021144889846066058,0,0.0,0.17211115279164527,0.16182395207178812,0.02536931970812017,3.5821818998089356,3.469334509502824,0.43457337822005987,20.881430013632347,21.854959429209906,3.2828995921837323,0.9903839141467584,0.9784441996182326,0.09209879260095329,20,20,53.2,51.0,6.287832862382965,71.76842928913209,71.9992615634277,8.997611206447027,122.5421514959886,125.94064273936429,14.84135325046918,21.00604856884988,21.313068142293957,2.299109926282902
front,log-0073_185,20.0,self-supervised,training_window,2.713504391912349,2.7721964709484883,0.7855003629971141,0.06547906113269003,0.06378752334190438,0.022820983892657423,0.2141172642694003,0.21401391174987075,0.0747019368645863,3.8729067435958635,3.8730656816610676,1.088077426823943,10.09520792291168,9.662868075224972,1.4434833435591718,0.5877654374252408,0.5792867080445568,0.12254948646050468,10.658306085997815,10.289224440800396,1.443468089081526,6.372565433571469,6.100233188900557,2.4761956719011575,4.708642585398961,4.608882167445137,1.7193807920148927,20,1.0,0.9800947676780905,0.9818446993794757,0.012946042785006183,0,0.0,0.2172339101609937,0.21559840988686452,0.07373291716582572,3.9291615402966285,3.900946605256081,1.0686363218336712,17.448100952116917,16.39730814447899,4.301859289657333,0.9302756411504175,0.9249020211575735,0.10681919801473697,20,20,50.25,50.0,1.446411166701189,61.132446459674064,59.49100626997367,12.120110081437582,109.65243986836688,108.62037152257744,19.542074401432703,18.60656845365667,18.580423434891358,3.2528396470735097
front,log-0078-valid,20.0,self-supervised,training_window,5.938518691661187,6.225786402886767,1.154722773742612,0.08519572767644137,0.07903157116775544,0.023010022303823128,0.2765073407242851,0.2606396664924028,0.06713847437739137,7.507504378813462,7.9510167901711455,1.3074582014949034,11.637421487264609,11.644336078398,2.414686684628784,0.49631613910325456,0.4898240143818987,0.1231175259492229,13.494453259657845,13.93802108297098,2.5425269025322557,6.685146176028381,6.863567870744948,1.1459236734413765,6.919595803496921,7.413908538923765,1.108759663876174,20,1.0,0.9603468493195144,0.9666199366889097,0.019380522530883963,0,0.0,0.29841874308881533,0.2688763343017896,0.07250696985668015,8.092202191877323,8.252623773783844,1.3489699138136078,26.638465848108858,27.55046011039718,3.3860695446300717,0.9641856731536388,0.9504453129219728,0.05732699775362504,20,20,46.55,50.0,6.605221220248498,90.63563493772003,95.16078381993756,13.212995512752258,160.51134601304355,170.2594713905345,21.427664639761318,27.70432850936163,29.189014077068894,3.7344376112370066
front,log-0079,20.0,self-supervised,training_window,4.842726597500603,4.838121863110819,1.5528990726526741,0.07123621979490852,0.07194030961064121,0.02063116093881789,0.23417148980616992,0.2355137329406966,0.07000806335350124,6.212713264859091,5.9543367860973255,2.0376641367186217,7.472149146867683,7.346911154649392,1.6961851102878307,0.34196958983040615,0.33915716061258516,0.0672520031070785,9.07211490820266,8.687557652796965,1.9825575391640526,6.6909834010426525,6.043659538653212,2.6333272585858802,6.388532530974263,6.069049686835321,2.2327968301361043,20,1.0,0.971970510910268,0.9724967424484177,0.014811055421388808,0,0.0,0.2524261647822947,0.25212558894069725,0.08196720466543111,6.6970643937206855,6.540699681538171,2.3744724078170822,24.748921172641154,25.56257503630256,2.922620442341934,0.9316509969741089,0.9531663616156398,0.06308650349656307,20,20,50.35,50.5,1.1821033884786185,86.99555738584496,89.41339435876057,8.362297051174675,155.98369284599863,149.51274976490922,19.082979303435362,26.57766295472127,27.289636565819887,2.7058405366222043
front,log-0080-valid,20.0,self-supervised,training_window,4.5783927562535025,4.390714344830098,1.1891356068140135,0.06583288346990045,0.05442291025245022,0.023397727821692433,0.21512712797984843,0.1740275211241644,0.07984337390236222,5.818953334124023,5.566792488086013,1.5354762331149692,16.744308397457786,17.03493335926713,3.3120854995924534,0.6361202625849158,0.6229003347534768,0.11101919147030145,17.682811365511235,17.79316210602784,3.0812098092632447,6.163430043680952,6.620067939405903,1.1885338934619936,5.992006935103503,5.9985381062130365,1.2078644052835468,20,1.0,0.9758045459188975,0.9865389899811549,0.019754781048667337,0,0.0,0.26267549173978477,0.22392626324997542,0.10152807504331936,7.078042170634821,6.5659081781124495,1.6957512623112767,27.000337744469817,26.338208041061144,4.251206566425396,0.9616188854249564,0.9536579458722307,0.060738475040172546,20,20,49.0,50.0,8.182137154866853,91.19729221739468,91.32752522472063,12.549149058811949,164.34937625514323,167.10994382037052,21.105071772568383,28.110959549727152,27.5282412641587,4.325087435110162
front,log-0081,20.0,self-supervised,training_window,4.538958370183412,4.248399536256608,1.3015247974922484,0.09288559117020725,0.08387906748442583,0.033507902359682464,0.3086372618525357,0.2705165314606211,0.11575781390373419,5.9018838158937115,5.359044574544804,1.4908943233243677,12.921170277985942,13.518539810251115,6.407706204293686,0.7737220742787432,0.7938222825552617,0.41845778524298854,14.212151978578225,14.825929610286405,6.123049916561241,6.460865440134444,6.3628415565768295,1.2981532889777423,6.218487804078369,5.755149911679853,1.4360050326038378,20,1.0,0.9500586925017052,0.9626071253713624,0.036444771825977496,0,0.0,0.4245344995307508,0.38797732921311484,0.16378222249811836,8.102914519212707,7.950050544822124,1.9138890825059864,20.198922862591925,19.06135706749874,5.961183239321015,0.9863894379667821,0.9790214547734002,0.08610460466152016,20,20,47.4,50.0,5.519343973221531,67.98124789738864,66.15727219424642,19.165786605218727,127.69183452469422,128.07468120217573,29.78618732327711,20.480151269641347,19.930868129835254,5.674332691941501
front,log-0098,20.0,self-supervised,training_window,6.2756461969236375,5.893715527825032,1.3517152884852084,0.08811852205272311,0.08128284593754509,0.019031620811379678,0.30213837108938996,0.2731597261951032,0.08258731881447402,7.982430711635059,7.5914504594451975,1.6805053296858512,7.43949912597556,7.025531642617466,1.7184140791212446,0.3539173329249963,0.3347124319847078,0.10245231137936833,9.299836851898931,8.876952023432512,1.9607233023889659,7.833370646162685,7.713291211943397,1.1009985568431473,7.930418599635471,7.696083593097768,1.0867599444486546,20,1.0,0.9515891303140039,0.9662618739079512,0.031918790659982,0,0.0,0.312519482809429,0.28323721209318764,0.0776654920402316,8.27276620147875,7.712732288170293,1.5689612500272796,25.23704339474622,26.471721784618254,3.305747467520178,0.936943623358415,0.929196664084587,0.05551578761942921,20,20,53.2,51.0,7.824388323158492,91.25659356282122,91.35165721897563,9.747481802177935,155.51123831455666,152.3357110024309,26.32431348426641,26.992405964303526,28.149226691406522,3.6317054848672012
front,log-0099,20.0,self-supervised,training_window,6.47626839384737,6.781036525252864,1.9822680012925247,0.1332707915166747,0.13764530078568,0.04874397540449368,0.440385954127787,0.45192599930144817,0.15325385110849785,7.907381662523489,8.27077028475994,2.207854739149075,7.46694159686294,7.492959693222041,2.3431068375402617,0.5171617185278542,0.5119738768747735,0.17888279552119019,9.321694787677256,9.466927916139575,2.8032770426660414,7.619184007315452,7.522863538998381,2.0479925899357223,7.8345270364970885,8.354340182296738,1.9832312542002672,20,1.0,0.9047532341890154,0.9018701577760341,0.05384873572662814,0,0.0,0.5443461757977308,0.5262664572157093,0.10895321391360753,9.890249534336196,10.407838151929708,1.5187451103656193,19.030212944760553,18.0107369049883,3.0118798509644757,1.034297441282312,1.0195183718396779,0.1014503968586479,20,20,49.05,50.0,3.979883626968322,61.865805733041405,62.61751026242663,12.286380601570535,116.80969218433684,116.67404977656058,21.192649732851883,18.566782882755952,18.66253566352542,3.445691979521279
front,log103,20.0,self-supervised,training_window,4.726890890862736,4.172715138526327,1.5685656339317955,0.09865068806481966,0.09487249578848367,0.023534997951550108,0.3245602769946699,0.33374521857968886,0.07782883323515144,7.3448580012758455,7.445152627483602,2.19237946064563,15.814876544397109,16.36105406588495,1.5993111162693634,0.7426871261793258,0.7089340841595019,0.11103784170863581,16.444216358052458,16.855238368574653,1.4696296885028606,9.289694123061572,9.626645174820263,2.1861928401349884,9.244306714775057,10.066780923033045,2.7548518845622008,20,1.0,0.9475997195844444,0.9454236232630802,0.027910467685907752,0,0.0,0.3347106441398117,0.34428094431679557,0.08363667575013031,7.573102022329455,7.562850688139973,2.3212245769162325,19.31587402848157,19.348062002665902,1.7228754730926261,0.8654675268958872,0.8719724930721657,0.06149381916289984,20,20,47.95,50.0,6.8015091204665366,73.76970998777814,73.50843214715289,9.706602451098739,119.66588454736934,115.9843029183263,16.235159020383822,22.383506919201608,22.163895639935618,2.1483789486391993
front,log104,20.0,self-supervised,training_window,4.054231155387111,3.0795746297444317,2.4514036279364206,0.0919714977111562,0.08682451613181041,0.027803357142861657,0.2972971806321093,0.2722265420423377,0.09126527258583549,6.286080709275517,5.098559021340309,3.20345579316645,27.418930732534637,27.958029773126732,3.6657125083917075,1.4815079785445517,1.3783873381620144,0.4374245475244613,28.02198138489179,28.447924460648764,3.4353555957071618,7.519736985201915,7.448164503501683,2.458290578162736,7.997266125637504,8.027337972000208,3.570838504162785,20,1.0,0.9529019436168745,0.96255963842793,0.02908311244822236,0,0.0,0.31458046695680164,0.281160890287075,0.08766359623701118,6.620988700844497,5.151047017178898,3.2861014682611325,18.216905197372213,18.352790771609477,3.695903622633323,0.9163766679720483,0.9335063024230545,0.08516574305909215,20,20,50.4,50.0,0.6805570473787205,65.22370449029809,64.46941561755877,16.364283768393825,116.6197146020186,123.10968391410245,17.874977316753544,20.14325827763006,19.98912177370979,4.8233965686259275
front,log106,20.0,self-supervised,training_window,2.826698662058702,2.659137136872257,0.46287410165079673,0.06412697402091863,0.0647101566381239,0.014286999116816508,0.2156247253442841,0.21373151847815647,0.04452526301570326,4.180447399118076,3.9852845956358105,0.7409929170416139,6.917758482792797,6.549410625024201,1.3883354825432397,0.3991566265462742,0.3946984056467445,0.09357448957523866,7.6983707221674775,7.250866182548982,1.3615501292503005,6.173979407843254,5.877566162471794,2.0087213647275046,5.4152942549961764,4.829227316875567,1.3189058094540862,20,1.0,0.9777466177327516,0.9824127072203596,0.010587536583033713,0,0.0,0.2276318849377585,0.22257236368226452,0.05244804985665154,4.396983405893298,4.103930168591378,0.8336161009281322,19.083091339102463,19.542663716835577,3.470524493319247,0.9646682820044447,0.9492344296558972,0.06836495837688544,20,20,50.25,50.0,0.6386663736585051,67.05129030646553,66.49443605138755,12.830588515592547,124.26439824122312,126.96082408719141,15.437792786353466,19.76947420752564,19.893794901266745,3.2080538341350424
front,log107,20.0,self-supervised,training_window,2.6089396934134186,2.8139557654406158,0.47529159366473,0.06527936277837067,0.06115407446337105,0.016638305671873126,0.219633514866659,0.19996285480147785,0.05246011138587732,3.9948688665919816,4.348055097076218,0.6685592639698998,4.634351858627147,4.799106260546412,1.1892683271142677,0.3020210600786747,0.2949312187168442,0.04425398149618352,5.604586889326915,5.379056799208724,1.096591270398852,6.560142149850755,6.576280119711003,1.3133365468006737,5.280538891013739,5.558520015195271,0.9761805861229629,20,1.0,0.9788541829812939,0.9832283792281133,0.010194395990255779,0,0.0,0.22992313782513696,0.2084469628733287,0.05951836287385249,4.161818561852971,4.4919137645796505,0.6739381215015371,18.245965309015496,19.26097040195195,4.553236306931152,0.9663682670201087,0.9931621712885284,0.10581559901815309,20,20,50.35,50.0,0.489360484929593,63.82313416900926,62.007182186947304,15.00664348912526,117.02318653603916,115.08212680689665,18.450756124726027,18.709638731684482,18.6159448858227,3.5073871306554367
front,log109,20.0,self-supervised,training_window,2.9590419834503763,2.850244086344693,0.6666634967320091,0.06215520156043077,0.061968635355366286,0.011400813971275604,0.205580728292421,0.19825907123513686,0.03933827149647177,4.473912403736609,4.5758551816615025,0.9767826018241691,12.557395689716488,12.470090693533416,1.264847205444907,0.618673603002468,0.5921042186123793,0.1340814066650181,13.195756894495341,13.075088181741746,1.2292637334629382,7.479884984301928,7.299738783785645,2.660101186398084,5.511735250513055,5.569370581536759,1.4325279811060134,20,1.0,0.9816056215879051,0.9828354283080663,0.006729836060679089,0,0.0,0.21737308957802867,0.2037873080132481,0.037689093522753445,4.7186862345102645,4.701489991285641,0.8983233960267856,20.930069723241225,20.4983531079547,3.557405156060642,0.9565880310696906,0.978190549954236,0.08639618522189711,20,20,50.8,51.0,1.2396943596157717,72.28721868166822,73.61379874421613,10.03531168340588,131.81972756227069,136.68113952278767,24.69069114318478,21.867461414005707,22.225707168208352,2.923292666935817
front,log110,20.0,self-supervised,training_window,2.9337294700609924,2.9277392997977145,0.619850559129064,0.0635014240064366,0.06525781308898204,0.00824456310614838,0.215018772481061,0.2241461412745368,0.0306966941788902,4.188985171032693,4.056257292745855,0.957992614373721,8.559060792225122,8.874622038658675,1.3595118558264039,0.48212900542423165,0.4770157083982851,0.0550768267730562,9.313715994028412,9.590700614628407,1.3292563207291845,6.825869168001039,4.732678013902537,3.6152514095397237,5.3346734208340845,4.904807797163267,1.6572224909696833,20,1.0,0.9789789979316191,0.9769321480378954,0.005043087513616361,0,0.0,0.2229135557810881,0.2277037016600352,0.03130868899163234,4.337806380742856,4.065216770360873,0.9522818580072628,18.563391133646086,18.657020191332762,2.460179894962474,0.9601869302467021,0.9346571161022704,0.0769939118538052,20,20,50.7,50.5,0.8645047258706176,65.74404022508006,63.84642725465514,10.240736769178381,118.55492062637613,117.18893773276788,17.240069872428315,19.404786512726396,19.327445281071057,2.659973003894037
front,log112,20.0,self-supervised,training_window,3.6353011280449836,3.3568057932684283,1.0302230066801736,0.07890860404517161,0.07443414563202753,0.01626429090032592,0.2568567457879926,0.24042289818567789,0.0520985120036455,5.629669623744492,5.163956850276421,1.3292301754131826,21.81103275304362,22.443646253348426,2.9075719761991086,1.0316360328758065,1.0484375022155017,0.14868296861684632,22.427722540850144,22.996904655165537,2.8413455703203785,7.233660603866211,6.687548102968341,1.9424503565964462,7.01903956660843,7.482192103511486,1.8130466010975475,20,1.0,0.9714563480031988,0.9706684729563392,0.006738593563750555,0,0.0,0.26745018085569916,0.2501659776287794,0.04804369376006035,5.857992111282952,5.541448568098973,1.2429078498655048,19.805782730998963,19.829107915061883,2.2335944484841157,0.909120486972497,0.9512947988648881,0.09919314710630982,20,20,50.05,50.0,2.258900524358558,71.14833068726526,71.35043033063762,5.810869045923597,132.5071955923211,135.8307853987169,10.177842535419087,21.83956578866185,22.316380367630224,1.6020362079893224
front,log-0046,40.0,self-supervised,full_log,2.9795741161794846,2.7148164603203107,0.8248234079324241,0.06348936143532145,0.055228143936966484,0.02039799793022497,0.20945992136101124,0.1822050564760581,0.06729573184854888,4.3081100189053165,3.747539979005391,1.384118807657798,15.064742340886374,15.249288923031965,1.0656159437874893,0.7578569733151207,0.7612955861210198,0.046282774848190544,15.587379191310356,15.658103567525021,0.9519304921468537,8.293685735067765,4.834276198663996,9.058472644738167,5.659090360082771,4.580719838900061,2.6958030998790066,20,1.0,0.9785449755423041,0.984476303668133,0.01499809967382762,0,0.0,0.20945992136101124,0.1822050564760581,0.06729573184854888,4.3081100189053165,3.747539979005391,1.384118807657798,21.138039039702257,21.17321490653358,1.029063621565371,1.0277295555481334,1.0294398030274132,0.05003298065803115,20,20,58.2,53.0,10.684962379560893,67.85562055611665,67.85562055611663,1.4580029302424492e-14,165.89980059488886,165.8998005948889,2.9160058604848984e-14,20.56770570194259,20.567705701942586,3.645007325606123e-15
front,log-0048,40.0,self-supervised,full_log,2.710695201632108,2.5706844628716157,0.6174319105205601,0.04978077065282952,0.04655528409900088,0.010585320525625096,0.1723680379003195,0.16119965337621,0.03665212301096163,3.867968334159812,3.6173478698950974,0.8224799267490357,5.714247014356319,5.68040217099277,0.8016387815097332,0.2909016936155405,0.2846278995571662,0.04136835882307913,6.527883898690507,6.387098883971794,0.9283130672773885,5.21191447649818,4.203461857097068,2.108084987317877,5.21191447649818,4.203461857097068,2.108084987317877,20,1.0,0.9865322657807548,0.9886180668064317,0.005495593153394522,0,0.0,0.1723680379003195,0.16119965337621,0.03665212301096163,3.867968334159812,3.6173478698950974,0.8224799267490357,21.574623804981236,21.510472541210515,1.4636650254956147,0.9614286499865884,0.9585698811162926,0.06522521561511221,20,20,65.8,59.5,22.070699795740147,77.7000493048807,77.70004930488071,1.4580029302424492e-14,147.02804677703884,147.0280467770388,2.9160058604848984e-14,22.440171514841165,22.44017151484117,3.645007325606123e-15
front,log-0049,40.0,self-supervised,full_log,3.0863903963548758,2.744774204880909,1.1787535418108184,0.056120208349419956,0.050204676599426526,0.01705221277271072,0.18645794952548006,0.16680374736020873,0.05665553856598796,4.51872924203819,4.042417997174877,1.3730229228256499,9.001729515092533,6.469408556384693,6.448629762668969,0.40908515888379043,0.2964959993710876,0.2691558065663502,9.914005139691902,7.185454661038114,6.522876696279114,4.9584252452092255,4.150145569184266,1.8948053601299548,4.724072402963295,4.131282270973268,1.471101330231844,20,1.0,0.983895380849928,0.9876363269182289,0.009793173507224744,0,0.0,0.18645794952548006,0.16680374736020873,0.05665553856598796,4.51872924203819,4.042417997174877,1.3730229228256499,23.18584061759066,23.269126413063088,1.9778427815588608,0.9567256783968222,0.9601623301226918,0.08161243787355042,20,20,55.7,51.0,7.547045430951248,80.5187538489403,80.51875384894029,1.4580029302424492e-14,128.68361647506669,128.6836164750667,2.9160058604848984e-14,24.23457542860456,24.23457542860456,0.0
front,log-0054,40.0,self-supervised,full_log,3.3173907599591446,3.206141515974887,0.7085078420187341,0.07661575613263995,0.07479874947380427,0.01709614620875696,0.2554757641214961,0.24941694295974642,0.05700721674864854,4.583396656813699,4.47469757628648,1.0227454943074366,6.790272722464972,6.823137326644271,1.5638417720660607,0.44561390954734026,0.44408744833360037,0.1073408435546416,7.9945951439747915,7.967209465149757,1.9257625676537131,7.004427850075992,5.761022078727338,2.7029360593780787,5.49922627767012,4.92263936267634,1.6566195476494336,20,1.0,0.9756719427224206,0.975758631701308,0.0073321388582746165,0,0.0,0.2554757641214961,0.24941694295974642,0.05700721674864854,4.583396656813699,4.47469757628648,1.0227454943074366,18.87950434520136,18.809853996203543,2.239373733654975,1.0523321806885617,1.048449912261042,0.12482134072088596,20,20,56.75,52.0,9.14718823636963,59.823160250207,59.82316025020701,7.290014651212246e-15,135.8929688934449,135.89296889344487,2.9160058604848984e-14,17.940631952211263,17.94063195221126,3.645007325606123e-15
front,log-0055,40.0,self-supervised,full_log,3.5453274021006016,3.5712336940957847,0.35438740864085133,0.05945738037933971,0.06043370345151772,0.005306890237691692,0.20502553627687753,0.20839216898379612,0.018299629247092438,4.859650736009775,4.939448889006468,0.43374990430091187,7.419830030328852,7.875287626256318,2.1144632427393724,0.3491819787814609,0.35938649498622677,0.09352936876419288,8.276541990823464,8.518416176769472,2.2168949000559186,5.204446915346576,5.254265741887146,0.5000147513472675,4.771102270622333,4.798350193480234,0.4096719168010872,20,1.0,0.984442743473916,0.9849201497995488,0.002759298889462977,0,0.0,0.20502553627687753,0.20839216898379612,0.018299629247092438,4.859650736009775,4.939448889006468,0.43374990430091187,25.784733674611225,25.926091301823092,0.6978336826945823,1.0878413154716469,1.0938051027683728,0.02944115386037024,20,20,58.5,54.0,10.490597293717235,81.73334756770427,81.73334756770429,1.4580029302424492e-14,144.98409225186288,144.98409225186288,0.0,23.70266077220274,23.702660772202737,3.645007325606123e-15
front,log-0056,40.0,self-supervised,full_log,3.3159628551795963,3.220814367023043,0.47805599502375246,0.06069037571644827,0.06178711387783044,0.007244912921873589,0.20911004622007345,0.21288888207189688,0.02496250942705573,4.710141555781171,4.7952587086864735,0.5622730955030874,7.2962354032754915,7.692194040989904,1.2750907611350766,0.3735469036874529,0.39444822157979464,0.06900278465026166,8.414032830541066,8.884828795416432,1.5542671876403467,6.165302059176463,5.666797833853696,1.5009192685838375,5.259434327154963,5.082304313474467,0.6508380583893599,20,1.0,0.9817661475749435,0.9816630277323344,0.003442125159746123,0,0.0,0.20911004622007345,0.21288888207189688,0.02496250942705573,4.710141555781171,4.7952587086864735,0.5622730955030874,23.208529738114272,24.025171734856617,1.7810139230612199,1.0303589963831015,1.0666143920355835,0.07906936540215287,20,20,65.4,67.0,9.236084839253847,77.60936557366924,77.60936557366922,1.4580029302424492e-14,148.73146404505894,148.7314640450589,2.9160058604848984e-14,22.52470238002855,22.524702380028554,3.645007325606123e-15
front,log-0058,40.0,self-supervised,full_log,2.741852067138545,2.6655268992484142,0.27004117722595944,0.047412648291057596,0.04604395877596282,0.004603520427465966,0.1628223562638594,0.1581220650994993,0.015809200079004868,3.8094840539923873,3.6995133801204627,0.36988099785110373,3.093295275764044,3.1129131758799016,0.2654997783353381,0.17710665186384786,0.17285944402871806,0.018516108849942384,4.1436875230939325,4.044317443375281,0.43321336838741853,4.829856750207559,4.330781859204455,1.3283303225894596,4.829856750207559,4.330781859204455,1.3283303225894596,20,1.0,0.9868937872047792,0.9877265745258086,0.002862451134595348,0,0.0,0.1628223562638594,0.1581220650994993,0.015809200079004868,3.8094840539923873,3.6995133801204627,0.36988099785110373,23.04281026038463,22.977180595568043,0.660898532433329,0.984880001690738,0.9820749035423297,0.02824767206712566,20,20,96.1,95.0,10.547636302932867,80.3474218652934,80.3474218652934,0.0,161.1697294857218,161.1697294857218,0.0,23.396566303333564,23.39656630333357,7.290014651212246e-15
front,log-0063,40.0,self-supervised,full_log,2.920666476182265,2.4861344975054287,1.1967128819121935,0.04658470743424477,0.040286104292028356,0.016546139104520897,0.14414676747925087,0.12465703935620319,0.0511986142565195,3.9573936993848178,3.4223242793371282,1.4056026161332338,5.378260320050507,4.876377081303881,2.9893159284913424,0.22726035132957167,0.20310379109858992,0.10647231499385337,6.239187310260599,5.575995058858514,2.9230823270195248,4.271829579116618,3.4833640389841922,1.371298634146853,4.124602127691082,3.569904868843646,1.4140206013743588,20,1.0,0.9916516973211655,0.9925729613676114,0.002297330637102761,0,0.0,0.14414676747925087,0.12465703935620319,0.0511986142565195,3.9573936993848178,3.4223242793371282,1.4056026161332338,27.77342761161817,27.57222005707999,2.17547514826027,1.011637991099059,1.0043090719208652,0.07924096872189125,20,20,60.2,56.0,10.288470808577307,84.9504894920883,84.9504894920883,0.0,153.67050225201808,153.67050225201805,2.9160058604848984e-14,27.453919144974673,27.453919144974673,0.0
front,log-0071_183,40.0,self-supervised,full_log,2.5869168345956544,2.5283900858024353,0.2862272547411485,0.04705990892468281,0.044791823016863165,0.005891360036242348,0.16494628685549836,0.15699658280139828,0.02064938043255253,3.728765006900089,3.5490545153380166,0.4667985478116428,8.736477312218316,9.009046166896965,1.2960612661848105,0.41657512468139013,0.42710678573555977,0.05830389363184011,9.417070109724817,9.655148152898487,1.3180140182899993,6.014205169116528,4.463769464613034,2.852303862064794,4.436629244924991,3.9670118640285303,1.0388585135804427,20,1.0,0.989553134793943,0.9896668438113561,0.0015032653788699243,0,0.0,0.16494628685549836,0.15699658280139828,0.02064938043255253,3.728765006900089,3.5490545153380166,0.4667985478116428,23.878639708249885,23.628445263245823,1.1323360631963366,1.056299591888338,1.0452319476096226,0.05009021183989387,20,20,94.7,96.5,15.444637972618949,79.2344288822956,79.23442888229562,1.4580029302424492e-14,152.4462174422029,152.4462174422029,0.0,22.60593480450205,22.605934804502045,3.645007325606123e-15
front,log-0072_184,40.0,self-supervised,full_log,2.8491747275850057,2.6563580003024985,0.7215324138843096,0.05539578764402912,0.04974946848652596,0.013735273689290745,0.18293112376411189,0.16428552718463602,0.045357402756605075,3.923639604571305,3.5237153069191,0.9728585172077827,2.8558375209823175,2.7008689069046,0.5475658526225102,0.19089721823229777,0.17676142854602095,0.04836686596512606,4.094502184464679,3.791307500510918,1.0374076698641645,5.557848236492118,5.409489507518938,1.9315578946158143,4.574063338859829,4.138017168359438,1.1762295103344556,20,1.0,0.98752752269905,0.9880821451108233,0.0036037425029327563,0,0.0,0.18293112376411189,0.16428552718463602,0.045357402756605075,3.923639604571305,3.5237153069191,0.9728585172077827,22.47697775081823,22.281381626189333,1.8121494379384468,1.047939977460638,1.0388207355097254,0.08448750816062864,20,20,83.0,83.0,20.32887497858002,70.82920509740634,70.82920509740632,2.9160058604848984e-14,152.19039707482895,152.19039707482895,0.0,21.44872629564559,21.448726295645585,3.645007325606123e-15
front,log-0073_185,40.0,self-supervised,full_log,4.325413254948165,3.948057313534769,1.9416430203680095,0.09248466883123868,0.07939278132928285,0.038474403500114475,0.3270138504614069,0.28072262624094374,0.13604052424879892,6.333636557802225,5.4370635545044745,2.63484631158294,10.549382107766576,10.793506999598605,1.91813362491256,0.5916062694270805,0.5958584845863575,0.0911033028986267,11.458288664475273,11.540645987709249,1.7644977696238857,12.061919856489036,10.871790326325097,6.238524143421828,8.679554835345353,7.709831322263174,4.24212913063966,20,1.0,0.957458870173132,0.9709701330481841,0.031661179940667514,0,0.0,0.3270138504614069,0.28072262624094374,0.13604052424879892,6.333636557802225,5.4370635545044745,2.63484631158294,16.707678857591265,16.351781024156693,4.1697037630061695,0.8626390771922419,0.8442636115620041,0.21528720039111585,20,20,50.55,50.0,0.8255779474818964,68.48309712131342,68.4830971213134,1.4580029302424492e-14,149.9043725573418,149.90437255734173,5.832011720969797e-14,19.368098778891632,19.368098778891632,0.0
front,log-0078-valid,40.0,self-supervised,full_log,6.1490392195720975,6.1269907563173,0.2754438177881541,0.0901212850579866,0.08987742313041028,0.004545099800728178,0.2893129899791328,0.28853012915592335,0.014590963857829466,8.030034136964217,8.008305423243769,0.40497987276006003,11.016219205405156,10.472953721343426,3.173748141740264,0.47324314521929767,0.44283115596038064,0.11262845329685728,13.13511229298542,12.29101154265372,3.126061933245639,7.925605345745543,7.189924399386172,1.6188441803716098,7.925605345745543,7.189924399386172,1.6188441803716098,20,1.0,0.9630274496381921,0.9630316788574111,0.002632349206668645,0,0.0,0.2893129899791328,0.28853012915592335,0.014590963857829466,8.030034136964217,8.008305423243769,0.40497987276006003,27.497310250961107,28.308277017660288,2.9861709511002053,0.9906967902501294,1.0199149997926544,0.1075883404373977,20,20,52.9,51.0,4.632834757978838,89.10252591047126,89.10252591047124,1.4580029302424492e-14,191.14572150135155,191.14572150135155,0.0,27.75552572853157,27.75552572853157,0.0
front,log-0079,40.0,self-supervised,full_log,6.311265186309718,5.423155870900765,1.2678273354815313,0.08267754389072164,0.07172664263870683,0.01725340829205374,0.2859766576778881,0.24809814809430525,0.05967850282822937,8.43814866925678,7.3204892846361265,1.7608992402116512,9.345533017994473,8.89637998898367,1.8766017094337029,0.3958293692291425,0.4027270779584702,0.06229931180450666,11.67950941288274,11.883036134986249,1.8382299424973587,8.82271244009366,6.353967235084841,3.517108612615819,8.82271244009366,6.353967235084841,3.517108612615819,20,1.0,0.9659812882652288,0.9709293176164563,0.00919994185133677,0,0.0,0.2859766576778881,0.24809814809430525,0.05967850282822937,8.43814866925678,7.3204892846361265,1.7608992402116512,26.922410594099563,27.69987184331191,4.008904112911103,0.9124253790862031,0.9387742594198566,0.1358654657672006,20,20,50.5,50.0,0.8271701918685112,102.06094995286549,102.06094995286549,0.0,190.67881336638962,190.67881336638965,2.9160058604848984e-14,29.506424537491974,29.506424537491974,0.0
front,log-0080-valid,40.0,self-supervised,full_log,6.461951879833701,6.285623834169455,0.489689788290684,0.0848600013808608,0.08324975107728608,0.006258580413734949,0.28589552420976644,0.28047054957910067,0.021085318160238523,8.368164829311118,8.209375768063225,0.6171674716876012,15.640848019813959,14.081463907237698,3.6091135915322514,0.5836784662233259,0.5411449610999797,0.1237277211002688,17.084274495646127,15.839318378811779,3.621511623814064,8.101270704098583,7.817304523122761,1.0352557859373321,8.101270704098583,7.817304523122761,1.0352557859373321,20,1.0,0.9624714759656182,0.9632444247449018,0.002643057989104506,0,0.0,0.28589552420976644,0.28047054957910067,0.021085318160238523,8.368164829311118,8.209375768063225,0.6171674716876012,29.245427073004272,30.082251125413144,2.5028740406778387,0.9991601353845889,1.027749946414216,0.08550984600401487,20,20,69.35,59.0,25.083597072694005,98.61141519140322,98.61141519140322,0.0,209.41055645838256,209.41055645838256,0.0,29.270009918627657,29.270009918627654,3.645007325606123e-15
front,log-0081,40.0,self-supervised,full_log,8.767958805813548,8.819422423451453,0.8827908761194929,0.1584290035405016,0.15868059132047233,0.016314049195151656,0.5220493021055347,0.522878324708826,0.05375744217609133,10.756962606275188,10.774044834155573,1.107686176315041,14.163582218458282,12.272328038577625,4.15893787841081,0.8622226701550233,0.7920125479265309,0.15107972739490355,17.766323953949787,16.319625995830066,3.1130373541322984,9.836085344771801,9.675301419365173,1.1238693741551786,9.836085344771801,9.675301419365173,1.1238693741551786,20,1.0,0.8899040797264519,0.8883927413643304,0.0070535715760681765,0,0.0,0.5220493021055347,0.522878324708826,0.05375744217609133,10.756962606275188,10.774044834155573,1.107686176315041,23.14211304874674,23.70730425683967,2.3120321886727955,1.1231166648564765,1.150546124876071,0.11220591115916416,20,20,51.55,50.0,3.3162280411715708,67.89768518316299,67.89768518316298,1.4580029302424492e-14,200.25954166451217,200.25954166451217,0.0,20.60526192237035,20.60526192237035,0.0
front,log-0098,40.0,self-supervised,full_log,6.503769422908287,6.484840953966023,0.06674992962606736,0.09966465459550186,0.0999781981363976,0.002570727215520608,0.3338051451681182,0.3348552912566188,0.008610093265734536,8.875528188678883,8.90345047012252,0.22893333608951183,7.726889771228821,7.051827092912777,1.5890619978990206,0.3935930037633925,0.36850852582566895,0.0695943385382549,10.465224548918771,9.798254628720478,1.8504403614199834,8.495384074918205,8.296555649025429,0.47952418750525794,8.495384074918205,8.296555649025429,0.47952418750525794,20,1.0,0.9446483897756126,0.9433428542279354,0.0028201395622891447,0,0.0,0.3338051451681182,0.3348552912566188,0.008610093265734536,8.875528188678883,8.90345047012252,0.22893333608951183,25.9065339453484,25.869415958774425,1.4451884428719852,0.9743346131738235,0.9729386202105562,0.05435297232039733,20,20,98.75,97.5,12.27266967911349,89.05392011542133,89.05392011542135,1.4580029302424492e-14,200.15184341259447,200.15184341259442,5.832011720969797e-14,26.58894962271716,26.588949622717163,3.645007325606123e-15
front,log-0099,40.0,self-supervised,full_log,9.6521502417632,9.782059274280599,0.9334970766303636,0.17560811905619886,0.17711678487503826,0.017731215118366537,0.5846407399666491,0.5896634433896406,0.05903138637907822,11.483067105948221,11.581719212304643,1.1594494273299905,10.1721917839197,10.470679772914934,0.8027667395917296,0.6875300790282647,0.6728434072814602,0.08165093969136572,13.503940959177452,13.215476564374569,1.6037254259653022,10.40204923233173,10.206403261098718,1.5659328950474805,10.40204923233173,10.206403261098718,1.5659328950474805,20,1.0,0.8670316216798499,0.8663427199154048,0.0019486783850199447,0,0.0,0.5846407399666491,0.5896634433896406,0.05903138637907822,11.483067105948221,11.581719212304643,1.1594494273299905,22.535866716651633,23.156190717751468,2.7086311243531793,1.147375145634057,1.1789578821691609,0.13790532531315158,20,20,55.6,52.0,7.7078224107584035,65.39029725768751,65.39029725768751,0.0,185.28208510303995,185.2820851030399,5.832011720969797e-14,19.641236610714596,19.641236610714596,0.0
front,log103,40.0,self-supervised,full_log,5.464506139396173,5.1539889871991615,0.8310278289989669,0.10446191666816027,0.10164738346495251,0.010922571141026228,0.34931047428410567,0.33989894940060206,0.0365240139886948,7.9573624494139255,7.742966030717347,0.8320243417010341,17.278645769039997,16.976160807733564,2.980941344425541,0.8003387336985182,0.7792678576731951,0.13125510015989886,18.231876382739962,17.75187761372569,2.9900174263224697,9.448000732821905,8.949129717947173,2.0387116292509333,9.448000732821905,8.949129717947173,2.0387116292509333,20,1.0,0.9439201403957375,0.9473362079690726,0.011144864744235827,0,0.0,0.34931047428410567,0.33989894940060206,0.0365240139886948,7.9573624494139255,7.742966030717347,0.8320243417010341,20.387551270299827,19.843747001948884,2.6924069061036957,0.8949680561860631,0.8710962609645976,0.11819066170677593,20,20,50.1,50.0,1.4104870379448817,76.17476974591364,76.17476974591364,0.0,161.83235720034816,161.83235720034813,2.9160058604848984e-14,22.780199951696673,22.780199951696677,3.645007325606123e-15
front,log104,40.0,self-supervised,full_log,4.433078840962508,4.261382422580193,0.5989014442177083,0.10362965535378152,0.10260246568942069,0.004457814523286757,0.3475743183142435,0.3441291196773205,0.014951529451807537,7.458043537320421,7.3841185087006185,0.3208210495583658,26.594463832449815,26.407901145541064,2.3880553142276684,1.2714989716196317,1.2647806366995122,0.11321200883168923,27.283070665260794,27.138912619938093,2.4292361268500584,9.271612182601347,9.034041516328976,0.8116265289533844,9.271612182601347,9.034041516328976,0.8116265289533844,20,1.0,0.940586365792287,0.940244816964392,0.002684086913317804,0,0.0,0.3475743183142435,0.3441291196773205,0.014951529451807537,7.458043537320421,7.3841185087006185,0.3208210495583658,19.857620810061412,19.877075838214786,1.6434085185878027,0.9254436477692691,0.9263503290073651,0.07658933508521772,20,20,50.5,50.0,0.8271701918685112,71.96823642671964,71.96823642671964,0.0,167.6308323463045,167.6308323463045,0.0,21.45740678854635,21.457406788546354,3.645007325606123e-15
front,log106,40.0,self-supervised,full_log,3.412436529217105,3.333601286840672,0.9727355420812913,0.06332668189173363,0.06134839732371598,0.01437039953219092,0.22138466670904688,0.21446875296363704,0.05023768837832025,5.219061605836325,5.056021498160841,1.1843349156870333,6.318068578539522,5.98126023986124,0.7844969689973589,0.31037382872109326,0.2940089192295129,0.03796680061977079,7.316948174480244,6.931151488195992,0.8950532769801405,6.7045442981439605,5.729712138128421,3.5200950736286356,6.121601025194848,5.6871154250835865,1.6011216050609782,20,1.0,0.9779013115964525,0.9824915336943206,0.013140080895122272,0,0.0,0.22138466670904688,0.21446875296363704,0.05023768837832025,5.219061605836325,5.056021498160841,1.1843349156870333,21.808186828139128,21.823238445843963,1.7395666329043005,0.9250701633943539,0.9257086301572848,0.07378977454740837,20,20,54.3,51.0,6.921362810740002,82.41489132115095,82.41489132115096,1.4580029302424492e-14,139.2265583706526,139.2265583706526,0.0,23.574630002245993,23.57463000224599,3.645007325606123e-15
front,log107,40.0,self-supervised,full_log,3.029475574783488,2.8311149245502443,0.5985507005335009,0.05775962975896455,0.05590713725294856,0.00803472454977185,0.20682994092059287,0.20019639916878385,0.028771334076715185,4.588913569761842,4.441735895074283,0.6383464829953168,5.6017358388946,5.255293379173867,1.1636726724489375,0.30286376088127426,0.2805202913245546,0.06344933809169769,6.719605565379773,6.223873418534765,1.4077436142245154,7.380144189555621,7.43225586287916,1.6367802591451612,5.731889134495223,5.747168714274249,0.7612582202538765,20,1.0,0.9821821541856417,0.9846015371505545,0.005585436321710777,0,0.0,0.20682994092059287,0.20019639916878385,0.028771334076715185,4.588913569761842,4.441735895074283,0.6383464829953168,22.98884728092266,23.123477560441824,1.7508434990856592,1.0361454520034752,1.0422134618571708,0.07891341860593916,20,20,53.55,50.0,5.510516261992538,79.44845887883525,79.44845887883525,0.0,143.29596879429766,143.2959687942977,2.9160058604848984e-14,22.186892039599048,22.186892039599044,3.645007325606123e-15
front,log109,40.0,self-supervised,full_log,3.9645439300444663,3.4578504787856303,1.1093982017894424,0.07068251384554664,0.0617280426592592,0.017817992089526172,0.2507474652811744,0.21898132071816023,0.0632096413918108,5.708659024017176,4.985452958446231,1.4390665498118658,10.747041498144139,10.366209115392888,1.1896264304895516,0.5063340848846507,0.48565582308083644,0.04961913123396566,11.527488980209649,11.05671594282335,1.1296572867248724,8.411339987386542,7.744337105862597,2.4452150437653133,8.411339987386542,7.744337105862597,2.4452150437653133,20,1.0,0.9701213816651284,0.9774481992850336,0.01621720133677534,0,0.0,0.2507474652811744,0.21898132071816023,0.0632096413918108,5.708659024017176,4.985452958446231,1.4390665498118658,20.4404790179504,20.16140704298913,1.4884307852975986,0.8978287687740293,0.8855707953939153,0.06537791889297431,20,20,51.0,50.0,1.9735087641318605,80.76479900660539,80.76479900660537,1.4580029302424492e-14,163.1495299547129,163.14952995471293,2.9160058604848984e-14,22.766567221789455,22.766567221789458,3.645007325606123e-15
front,log110,40.0,self-supervised,full_log,3.8546709401874524,3.666362947300374,0.4535639489301157,0.07537791997510782,0.07337638042656405,0.005519798880576394,0.2729298738071725,0.2656826595488789,0.019986197714319885,6.053560005361384,5.892817446211241,0.4432920642030227,9.444959791209543,9.26881720586165,0.8673855889127285,0.4746631563693451,0.4690943418300452,0.044304103887547665,10.527986032947606,10.404470228312025,0.9826610316630948,9.463277664425158,9.262087493819445,0.46992213569222807,6.793772422524261,6.693420770414255,0.5947097934514387,20,1.0,0.9639153414870592,0.9659614958253155,0.004622039086511664,0,0.0,0.2729298738071725,0.2656826595488789,0.019986197714319885,6.053560005361384,5.892817446211241,0.4432920642030227,21.97644218102028,21.764735935780863,1.3557383699024481,0.9908264865441632,0.9812815313861717,0.06112461128415415,20,20,51.35,51.0,1.7252002172135512,80.30945941942234,80.30945941942232,1.4580029302424492e-14,153.52197901588357,153.5219790158836,2.9160058604848984e-14,22.179909882779206,22.179909882779203,3.645007325606123e-15
front,log112,40.0,self-supervised,full_log,4.480289815037428,4.1710485954697445,0.7537976269765535,0.0834086798710609,0.07994177585877656,0.011444492765338236,0.28386508642455366,0.27206615844015125,0.03894908698878795,6.519881531200019,6.248880917414037,0.8945919912655237,17.92055329698696,19.721042180033557,4.144533361444801,0.8189169223934855,0.8990108353266377,0.1773594509732369,18.80908069798686,20.648696940589467,4.0736344978145915,7.72929512389175,7.285949406134774,1.5783904698390685,7.72929512389175,7.285949406134774,1.5783904698390685,20,1.0,0.9649028449688484,0.966060836182583,0.006160033593112886,0,0.0,0.28386508642455366,0.27206615844015125,0.03894908698878795,6.519881531200019,6.248880917414037,0.8945919912655237,20.29392261733478,20.69503481759021,1.987006348458409,0.8835645356584644,0.9010283114719635,0.08651103952305529,20,20,55.15,51.5,7.24950089026098,78.16790220488944,78.16790220488943,1.4580029302424492e-14,168.24758204657732,168.2475820465773,2.9160058604848984e-14,22.968240347278094,22.968240347278098,3.645007325606123e-15
front,log-0046,40.0,self-supervised,full_log_excluding_training,3.0021648602646738,2.7245994537478544,0.8485608980738119,0.06341108216809725,0.055046321645668445,0.02033860353700709,0.20987851679589714,0.18252747993827587,0.06758117521982437,4.331791122054216,3.7755943610555045,1.41251524371771,15.066741987096233,15.278514249012602,1.1113528131808843,0.7564912073306346,0.7595631143275241,0.05027698241346163,15.59533750396418,15.69069796767741,0.991341359212404,8.292044461698092,4.891033093718149,8.987752657211619,5.628630139423804,4.55599586117124,2.662128909381217,20,1.0,0.9786802099658021,0.98438595094627,0.014545991605921434,0,0.0,0.2099050619034323,0.1825526686675839,0.06760226247557923,4.332343642003708,3.7761155811762634,1.4129743046079641,21.23384138413057,21.227956318086115,1.157119618429174,1.0296238242451172,1.030715524381323,0.05247702003661426,20,20,58.2,53.0,10.684962379560893,68.2358854820487,68.31262046689537,0.6920104111321214,165.0812377348296,165.8998005948889,2.3143463552505326,20.61983031052897,20.5880984516442,0.14361101148964928
front,log-0048,40.0,self-supervised,full_log_excluding_training,2.7252354331310404,2.5593035970799054,0.6454194244500335,0.0497538934487415,0.04696353935433573,0.010677873622046545,0.17318252607659237,0.16336317752094826,0.03707491865010516,3.898032846376659,3.708865936511824,0.8703286174664159,5.708821150940157,5.636854178729132,0.79180351673913,0.29042895281180076,0.2803894402229707,0.039769908440215315,6.5312516719324005,6.337468749613688,0.9209266402521767,5.224873939223523,4.191340413563694,2.146196623931805,5.15794944133212,4.181169151153458,2.1563628116828073,20,1.0,0.9864284286578057,0.9887638927596125,0.0053500831860743,0,0.0,0.1733094331910073,0.16366299290708386,0.037017276885240764,3.9008949535067856,3.708979344137595,0.8691067979349207,21.62158046038158,21.482832324106525,1.4650478122364756,0.9620441451616619,0.9600870686093348,0.0663278361747885,20,20,65.8,59.5,22.070699795740147,78.2520875455542,78.23185465650525,1.0800133535803624,146.67838733899728,147.0280467770388,0.8092213637588879,22.4810263546647,22.444320278245108,0.39346256486482245
front,log-0049,40.0,self-supervised,full_log_excluding_training,3.272922454279582,2.7349258937378895,1.392164952215417,0.05805655392659168,0.05052167296050476,0.018921421733780003,0.187646042507532,0.16454372688423838,0.05930446787541095,4.6795272997806965,4.074851459070521,1.5473817667789596,8.8852323729363,6.487722109389793,6.2259666223388885,0.3942241222052387,0.29140560507004143,0.25000732814353904,9.833559286599856,7.279752730191259,6.37834863295615,4.959094438050974,4.188595352807699,1.8347900278634623,4.724106819887562,4.133756880297309,1.4965492175565607,20,1.0,0.9839961312835938,0.9871416955322723,0.009889784569445498,0,0.0,0.188014405454982,0.16471076317066405,0.05954947696592592,4.688735190161271,4.079361600935382,1.5536563797083975,23.571427713566987,23.382137746265535,1.9886671012869765,0.9487369573461162,0.9518824727283033,0.08454382889769411,20,20,55.7,51.0,7.547045430951248,80.5218023286748,80.39197904802126,0.9160993003890124,126.18416449089057,128.6836164750667,4.310045991251326,24.86478417329337,24.853053347735468,0.6506999557124254
front,log-0054,40.0,self-supervised,full_log_excluding_training,3.311224493069522,3.216372761598758,0.7121147641319882,0.07639462402647676,0.07452012465349975,0.01683001480629661,0.25498535683267093,0.2492763418853402,0.056355914895337526,4.57704429407148,4.457194311785101,1.0182385642031118,6.797527341678338,6.904913056358165,1.553118447309214,0.4455596378562,0.44684165903595474,0.10587870053902926,7.999238769260688,8.04184449102784,1.9190021972644205,6.964649201384413,5.7452079432238605,2.7262172915445264,5.486613231757437,4.924716559642345,1.6424108511549227,20,1.0,0.9757599889278301,0.9758535326132991,0.007128222197982209,0,0.0,0.25502681680881295,0.2492764669743684,0.05632974089166266,4.577788209444739,4.457363557261605,1.0177698556103778,18.89520403577524,18.748439732039692,2.2789725752235426,1.0524674218484287,1.0490917994001454,0.12405951279280761,20,20,56.75,52.0,9.14718823636963,59.903831868815516,59.89579876578388,0.5989491259359919,135.28135145043166,135.89296889344487,1.4937636725842232,17.94836863590733,17.949386578712687,0.13446651033206317
front,log-0055,40.0,self-supervised,full_log_excluding_training,3.5262468127020234,3.4975464442347777,0.3115964902583299,0.059159678430619714,0.05983258529024414,0.005004551495468988,0.2027765202796845,0.20184463128430002,0.017775329419128648,4.838160802561125,4.906983458775801,0.3773117970940449,7.379813542561406,7.869737327989592,2.156117957994086,0.3468076993569756,0.3668915601892797,0.09880588393680617,8.246129494451486,8.488696962437368,2.241222476777913,5.168094592378862,5.24320471274161,0.548029731309972,4.720649445147445,4.747295303748853,0.3669121132097849,20,1.0,0.9846765366004471,0.9851454267553738,0.0030018210122491375,0,0.0,0.20298104177836587,0.20242832608631683,0.017719948066342642,4.843147220603569,4.9081382236919975,0.37722008255735956,25.937703164308893,26.0018823728087,1.0074893575876538,1.085908200676569,1.092260582792169,0.02922447942007697,20,20,58.5,54.0,10.490597293717235,81.83096363820708,81.6944094049849,1.2532414597499384,142.7905954372281,144.98409225186288,4.260928044275233,23.884394769650093,23.7669342208521,0.6225070510609
front,log-0056,40.0,self-supervised,full_log_excluding_training,3.3441917470231304,3.2449774674325136,0.4925832217615556,0.061598939691747914,0.06282655410530436,0.0075643534001910455,0.21119579441522912,0.21590339659751917,0.02513741025141208,4.7477812155854195,4.829575749236157,0.5654480598166842,7.405372282602644,7.8874842333845026,1.3486925275345876,0.3790900042473603,0.40554536111949013,0.07263385866919554,8.520026951690648,9.072582159832871,1.6237670571874445,6.14265618479773,5.594672809352591,1.506560680909854,5.271305070328394,5.114387165554298,0.6340070080141178,20,1.0,0.9816081672935824,0.9814749160798253,0.0034993649277042164,0,0.0,0.21135426208390423,0.21605646394052289,0.02507731128544364,4.75133952680297,4.832999437369027,0.5640485121671823,23.196782734781955,23.795878404019838,1.8419407360859086,1.0318144572049142,1.071327758075813,0.08175454101091498,20,20,65.4,67.0,9.236084839253847,77.11875742492074,77.26383033283162,0.9040225200841372,147.8889282231576,148.7314640450589,2.5933303684639584,22.483031872083803,22.44671849947096,0.2501682961129243
front,log-0058,40.0,self-supervised,full_log_excluding_training,2.7247075324289325,2.608392447899675,0.2930316848751514,0.04696190016874302,0.045664329600761305,0.004806795164490533,0.161565062418697,0.15687654789500655,0.01681963345958149,3.8027909088498126,3.6801885580237212,0.3936139673679312,3.1142978966144206,3.1345986706848974,0.2587487052216772,0.1772738620524894,0.17321062216879463,0.018796682072345878,4.172081063854199,4.079808353909282,0.4344518930232351,4.835124262889637,4.382334929223476,1.3530189629336424,4.835124262889637,4.382334929223476,1.3530189629336424,20,1.0,0.987088902445786,0.9878441885685523,0.003033334653349832,0,0.0,0.16170187575250067,0.15690875024079926,0.016774362560424246,3.806009753894326,3.686835635762927,0.39251554734836613,23.230496479861294,23.286861126062632,0.7034293726212129,0.9868215075854561,0.9849983448573815,0.0285558481680315,20,20,96.1,95.0,10.547636302932867,80.97604743202064,80.95220104494035,0.7247934256902786,161.04636639029096,161.1697294857218,0.3012917839365238,23.54045998880961,23.545822217884158,0.17910253098020573
front,log-0063,40.0,self-supervised,full_log_excluding_training,3.0069570400758985,2.663322392049363,1.049414502386143,0.04761036066065709,0.04116870810002823,0.01694469251106173,0.1439761187954114,0.12205232649012938,0.055979315011450016,4.032238001210324,3.5807288894834146,1.3711202011413082,5.514114563842044,4.836554317360314,3.0463715237150533,0.22855733471434242,0.19830816688106606,0.11714682929863524,6.345691856752412,5.570641123566144,2.9287246550603627,4.2494260672776765,3.4161538356907952,1.4691226086667815,4.155401410137365,3.549040892374563,1.5957294569956249,20,1.0,0.9917013256540672,0.9929195599994743,0.002854472775299801,0,0.0,0.144207835530728,0.12209085962707804,0.056069454152541914,4.038823499651732,3.588879126772415,1.3735442968982263,28.823425851744616,29.905447573478142,2.395749912717378,1.0178643255713655,1.0073840747399547,0.08068878975047217,20,20,60.2,56.0,10.288470808577307,84.99146349609117,84.4577276895307,1.9138498679003837,137.70796902615035,132.99355146673068,12.145921589749975,28.335289437215856,28.520343995430387,1.4278649294679795
front,log-0071_183,40.0,self-supervised,full_log_excluding_training,2.617146569227149,2.5713482742224367,0.29818100587463175,0.04710963538401168,0.045256637034316705,0.006002749819190829,0.1650297703967723,0.1583228819753491,0.020843849816236538,3.7570477168775334,3.6040192157552386,0.47972307516738366,8.766742527540941,8.99687794266909,1.2963982869059112,0.41532679746152307,0.4274339241944134,0.057853909599210974,9.455082283093272,9.708706952809717,1.3255116928545483,6.012668894947202,4.4933380490589965,2.841458853980365,4.444138904523934,3.9454964987007033,1.0604969971278726,20,1.0,0.9896657304834344,0.9897836901533383,0.001515383206999453,0,0.0,0.16505735390951842,0.15833749641916886,0.0208566491602563,3.757676475166202,3.604352279918952,0.480019972484922,24.090336860187648,23.828725498444275,1.1900917110191658,1.0582554641150181,1.0447552977221943,0.05024306353284174,20,20,94.7,96.5,15.444637972618949,79.74843793357746,79.8290300760683,0.24335098295034444,151.63917487194453,152.4462174422029,3.496461295632256,22.762304332250203,22.746477972925106,0.08279265270327606
front,log-0072_184,40.0,self-supervised,full_log_excluding_training,2.877652578066019,2.6462390296914426,0.7666324624846134,0.05612662203519969,0.050292516891278775,0.01429301434102159,0.18385738706152704,0.16485079724128937,0.046823382136122,3.9415988834599616,3.566507916027523,1.0061568123609272,2.878848334627208,2.72142743149612,0.5807984628355,0.19265329898760816,0.177329175093567,0.05093696852388375,4.130674585918486,3.8266335224144097,1.0965058894302748,5.592210578164125,5.397408176359754,1.9700139548725426,4.560133668949867,4.115972784788362,1.2015440804593378,20,1.0,0.9875556923956808,0.9880400636966178,0.003532580706190099,0,0.0,0.18393521716867714,0.1648880274218708,0.04689392454358425,3.9432643994015786,3.5667151640747075,1.00766054561811,22.508499661324286,22.297940805873772,1.8131108108103933,1.0501659082604955,1.0390948154206474,0.08601025038396821,20,20,83.0,83.0,20.32887497858002,70.22993489471679,70.40315519110477,0.9253288702664882,151.64949582702178,152.19039707482895,2.0703344943512407,21.437251402697225,21.44102254543769,0.22665958200741018
front,log-0073_185,40.0,self-supervised,full_log_excluding_training,4.391808574081313,3.912652384989242,2.0447066360372435,0.09252142109699757,0.08030573254905465,0.03857767957840806,0.32952954048761274,0.28538498924592665,0.1365383769461301,6.413943912724176,5.523438046250797,2.7496264305461433,10.603796198512507,10.869914311736803,1.937767842177674,0.5943170640787288,0.6058681416030699,0.09459900601106543,11.518862850697698,11.571665939607023,1.805907241001478,12.104248468662023,10.786043048845546,6.302020824437934,8.749822080206064,7.82413256645492,4.312054831479007,20,1.0,0.9571565789077333,0.9697869034687334,0.03178628821960097,0,0.0,0.32955934386878233,0.285405914886188,0.13653566775162876,6.4145208679417625,5.52384309380671,2.7495741115159165,16.649997803567395,16.31085732745842,4.066772126318423,0.8611558003360041,0.8382861420036379,0.217865833029412,20,20,50.55,50.0,0.8255779474818964,69.16883440722708,69.63552219297934,1.7731582724222423,148.38718568318546,149.90437255734173,3.5134773643161727,19.388540264614225,19.329063108013433,0.421841827923656
front,log-0078-valid,40.0,self-supervised,full_log_excluding_training,5.98705715404107,5.863219348535063,0.6012752388200614,0.08953830439874985,0.08884134736249882,0.010345410345890054,0.28676241958959003,0.28713845090657497,0.032075475490730206,7.83393735741961,7.829594455521786,0.7709004038226125,10.835777781755809,10.779910770454897,3.6233480612794873,0.47453928615345564,0.4587042952763404,0.1421705099626979,12.911158635693283,12.665866206017688,3.6040393775288044,7.867028058229397,7.3670463509171675,1.719133330889326,7.867028058229397,7.3670463509171675,1.719133330889326,20,1.0,0.9648771966785713,0.9649244728205156,0.004852617921108368,0,0.0,0.28877132834502295,0.2878670069128447,0.03088940062661963,7.889196550492942,7.85328015114911,0.7353725215409563,26.980323607616402,27.01303719310698,2.752207438692104,0.9881340284062571,0.9868834080942908,0.11770708059722736,20,20,52.9,51.0,4.632834757978838,87.69901053855729,88.41991961816149,3.09081514789456,188.67738581763905,191.14572150135155,6.5058295433934985,27.369879977437183,27.612661676692582,0.9014666538690329
front,log-0079,40.0,self-supervised,full_log_excluding_training,6.421411109566307,5.629087382317535,1.268072879575606,0.08471902011220195,0.07550545940766007,0.016932651013965194,0.2872140023539911,0.2528065429158991,0.05919173842468526,8.581481589310002,7.5453309611534385,1.7576420920822384,9.52264461008528,9.1202273637542,2.0308215480738876,0.39845274641607004,0.39947387418809277,0.06938294451554881,11.899071025047649,11.943349999106006,2.0155766040478733,8.920778677691924,6.490774903354619,3.4911531361369637,8.920778677691924,6.490774903354619,3.4911531361369637,20,1.0,0.9663442476782205,0.9696036252089724,0.008792256967708571,0,0.0,0.28744307209875997,0.2529796964075747,0.059227163994112195,8.588326121071145,7.550523590068295,1.758747706416025,27.17749759945311,28.40843382283101,4.1174251485342355,0.9093740051488087,0.9362153245585182,0.13847474002425492,20,20,50.5,50.0,0.8271701918685112,101.24854808278619,101.29384508810728,1.9297064447456744,182.71242145208583,190.67881336638965,12.488166746588272,29.89062365348271,29.85977912416756,0.34945285047754987
front,log-0080-valid,40.0,self-supervised,full_log_excluding_training,6.567733225380944,6.440139152365588,0.6029805169114226,0.08627293750296733,0.08572225378962581,0.008933839671774234,0.2903982126328048,0.288962491815192,0.029897937347586747,8.466824216633777,8.428574058342935,0.7782275311486686,15.53133025461158,13.784148802463491,3.8686416379318693,0.5811547528058131,0.5291175388925433,0.12260197005167817,17.005838091437965,15.636901857057122,3.843909498476407,8.195277361571337,8.015720996850662,1.055025395764695,8.195277361571337,8.015720996850662,1.055025395764695,20,1.0,0.9616743740558068,0.960542486549043,0.005172635860237055,0,0.0,0.29095663364661695,0.2892321392426646,0.029763971141564566,8.483120845379176,8.439188009008202,0.7731671228707643,29.190794593113793,29.91547522241261,2.2282778382026125,1.0013882479309693,1.0347398654193094,0.09061772250666394,20,20,69.35,59.0,25.083597072694005,98.25809049164347,99.11338633542513,2.0489337496617095,209.41055645838256,209.41055645838256,0.0,29.18872174813611,29.446435283007098,0.5398654474272556
front,log-0081,40.0,self-supervised,full_log_excluding_training,8.859904337149912,8.922525526009718,0.968822227775422,0.16064754610769108,0.16217727968120443,0.018308636596544803,0.5288255218721328,0.534861733652602,0.05979474763463246,10.831367357775495,10.904943745510767,1.1758079437961253,14.265077041852402,12.43326521351,4.036769469114521,0.8733292726838847,0.821719319920795,0.14873870962167535,17.887993041398012,16.562317129561432,3.0115045841522052,9.90621686745927,9.74169668705338,1.1911032166386903,9.90621686745927,9.74169668705338,1.1911032166386903,20,1.0,0.8879635261617327,0.8865726629351212,0.008098962642441808,0,0.0,0.5290490834476221,0.5350608042972298,0.05970906828429915,10.83598292880143,10.906068626209658,1.1742249486086176,23.07953767984504,23.51479563690896,2.2958050815611077,1.126798256015985,1.1537572393411866,0.11696571460028096,20,20,51.55,50.0,3.3162280411715708,67.47407049268953,68.05151651625619,1.3041233072080338,197.43749990778176,200.25954166451217,8.384733875152497,20.49456702725753,20.646579988158145,0.3329071494796709
front,log-0098,40.0,self-supervised,full_log_excluding_training,6.409968054034978,6.3882604376222645,0.18286116281588363,0.09934094021046434,0.10100122100880518,0.00436197469890383,0.332049065256674,0.33459162768099215,0.013753012618126182,8.771893799185325,8.895048976208258,0.4345538184632547,7.575797028907094,6.952287410680503,1.715416686737243,0.3896683936132025,0.37016146059236077,0.07425577486231277,10.307580734643514,9.845524353818995,2.061181114308782,8.486034429721508,8.374915609131687,0.4996233571169278,8.486034429721508,8.374915609131687,0.4996233571169278,20,1.0,0.9452040079594302,0.944170750776159,0.004323538644706314,0,0.0,0.3323102641304002,0.33475387094061293,0.013685331293170185,8.778786500849305,8.90342486044428,0.43301777341684916,25.715497203653662,25.619066433971447,1.7099784981664357,0.9731926340107743,0.9692819741667331,0.054509717905833574,20,20,98.75,97.5,12.27266967911349,88.28510422628382,88.53503652975343,1.0838188836432863,193.24941782936054,200.15184341259442,10.762644510209409,26.41142078908325,26.413996745439874,0.43351846720079446
front,log-0099,40.0,self-supervised,full_log_excluding_training,9.687163909927317,9.982220243879631,1.0045800389509352,0.17525195444094405,0.17791272550310777,0.01767970629291863,0.5843585110902796,0.5947827627447202,0.059482968233166296,11.506732888674156,11.748728537843284,1.2146893096908637,10.363891144476137,10.56470502005753,0.8925333549926241,0.6947807402539219,0.6883464930929135,0.08045567894555351,13.683806051850544,13.551878289206169,1.6498644910038844,10.495904526537453,10.333823737546115,1.5853754726150215,10.495904526537453,10.333823737546115,1.5853754726150215,20,1.0,0.8673818341837043,0.867237112063544,0.0033191985048074586,0,0.0,0.5846888675564175,0.5949619276335936,0.05926941635397192,11.513235062588354,11.752256038310179,1.2106812920560472,22.55641347394575,23.336357691378687,2.9047782667890414,1.1454389251118005,1.1813852282501693,0.1434583050571713,20,20,55.6,52.0,7.7078224107584035,65.63040424776642,65.7546634160239,0.7677543454411491,184.75430052032942,185.2820851030399,1.570717239270007,19.684371988212686,19.721114094635567,0.18389109284528116
front,log103,40.0,self-supervised,full_log_excluding_training,5.515482673432532,5.2526784799309905,0.8589741811164688,0.10510513556423877,0.10406894645735057,0.011345188007624752,0.3511544282748057,0.3464703488498514,0.03797131044658911,7.9671415996634565,7.828238770608973,0.8671904890374963,17.36102751014465,16.961037523045267,3.08804864254055,0.8086052246310365,0.7758514865092507,0.14392938924760487,18.321940322654424,17.728209381649805,3.0954376451207617,9.497429977951619,8.871696443377232,1.980407640789334,9.247814969305864,8.77106796208159,1.9014373281567123,20,1.0,0.9438338139951741,0.9486759365924404,0.011773072774669434,0,0.0,0.351282204549034,0.3468109076513929,0.03792921310956221,7.970003111964248,7.834673389421027,0.8659019970148544,20.32420507507738,19.925090241611912,2.6562364927353657,0.8967044192627609,0.8782577935622284,0.12493756858664014,20,20,50.1,50.0,1.4104870379448817,75.80845914208948,75.92547356629886,1.4033136845172802,160.79885125156054,161.83235720034813,3.632972009293732,22.689102340433543,22.738521369467456,0.2869361379968303
front,log104,40.0,self-supervised,full_log_excluding_training,4.417572592457346,4.2917573884176194,0.6472216582229935,0.10328789868264758,0.1033447819978146,0.005640487297463191,0.3448922659756225,0.3468721308689622,0.019604985913448655,7.391214153183934,7.458401506672734,0.5019984731799862,26.629579259300193,26.62990295161128,2.3649766674354944,1.2755199279357299,1.3161050116768558,0.11159197000643234,27.315393457814185,27.313961708650915,2.412738465585196,9.213653063198233,8.97263869690393,0.9505115762209573,9.207103800078752,8.97263869690393,0.958083919395168,20,1.0,0.9416649160865953,0.9401304948079452,0.004458187114340648,0,0.0,0.345029802998471,0.34691343220534776,0.0195151356029894,7.394086899356033,7.4594185583415005,0.4993967141892687,19.86903438075135,19.954709998486464,1.5553301940691562,0.9282453832720758,0.9312838005778299,0.07864241860550776,20,20,50.5,50.0,0.8271701918685112,71.53037088266888,72.57813198804475,2.0975603777731546,166.57856187526062,167.6308323463045,4.338823418432149,21.42128300321304,21.65852362916766,0.5017203390037619
front,log106,40.0,self-supervised,full_log_excluding_training,3.7029672189904965,3.571879523754877,1.1863707212298187,0.06696641000123114,0.06539425313317682,0.016025953135260677,0.22715857912497434,0.2224829210076493,0.05346956816537515,5.539863512445793,5.334179180049565,1.3492353507624333,6.32467190254958,6.098806593221884,0.8280495299778141,0.3029437994834977,0.2922089155850426,0.04230112108303823,7.372182887670384,7.063967027397692,0.9647009911900034,6.756108383044707,5.825241738638917,3.4851081421070287,6.251852927360758,5.782664549909466,1.6467465170126263,20,1.0,0.9774002959751401,0.9820938730477617,0.013792905051395032,0,0.0,0.22779256553098612,0.22338654810540165,0.05360061273658494,5.555339089911849,5.341682569919721,1.3526486626859688,22.182530120860456,22.06306203449491,1.695372843903199,0.9113078991396364,0.9126629382178731,0.07663760982311783,20,20,54.3,51.0,6.921362810740002,82.67892863486064,82.73169837907761,0.9275250850444016,138.19396053903023,137.34910776770286,0.9582841792071606,24.35821786903584,24.396707161324308,0.45994813508064236
front,log107,40.0,self-supervised,full_log_excluding_training,3.206566060132584,2.9926281779677364,0.6335839355885418,0.05976523873839036,0.05798506511688659,0.008120105290862215,0.21008633680709027,0.2032158074923508,0.029135185259452214,4.796929505597534,4.662605790572018,0.625572185473166,5.803008750661769,5.496929311014709,1.2414480474015621,0.30599322468431145,0.2815545320503898,0.06888053632227188,6.980904423670085,6.5325876589743075,1.4888245995438847,7.538343262468861,7.666087587559924,1.6294903662880071,5.848787903944062,5.848517934848243,0.7305113330561245,20,1.0,0.9820502341047035,0.9847501345082843,0.0056374082261623154,0,0.0,0.2103252860019332,0.20331754038846314,0.029182031590830604,4.802365106360944,4.665381389834429,0.6263330526035512,23.800677692321308,24.413787275732428,1.8010651979308323,1.04157225843695,1.0534262920145352,0.08244888854482987,20,20,53.55,50.0,5.510516261992538,80.32546475530195,80.54471556030639,1.2365943013229561,141.61824502429656,143.2959687942977,2.9761291702193278,22.858908710364222,22.89874708201375,0.36267048776356364
front,log109,40.0,self-supervised,full_log_excluding_training,4.078869879554541,3.640278942461139,1.1599706216043908,0.07223813720757156,0.06422520594543732,0.018197516619365958,0.2555523034526812,0.22319269721023655,0.06591353790847823,5.816086456378604,5.214651360365909,1.4869622430236324,10.701550277182516,10.30704095397498,1.3060669370205957,0.5050842673717181,0.4752361164209528,0.0545306340791009,11.504699970167579,11.022290305724624,1.2682851699265807,8.347942547476974,7.765250137601325,2.149070215702444,6.888444685929585,6.29530390687045,1.95997884927601,20,1.0,0.9696121543686089,0.9774703831343303,0.016342524121131265,0,0.0,0.25596783093181313,0.2236614395791981,0.06583804939977729,5.825585304719084,5.224144994461994,1.485396626284686,20.325476375914157,20.386185656824864,1.8365667709530726,0.8920083519467268,0.8831968509036399,0.07479664320483592,20,20,51.0,50.0,1.9735087641318605,80.46943056944421,80.51274958590193,1.671751203333513,158.39446594544435,163.14952995471293,6.795585319082572,22.78132857095817,22.855379382185685,0.6354724072467858
front,log110,40.0,self-supervised,full_log_excluding_training,4.142637147819143,4.0556353360629025,0.4565057360766341,0.08001660720739574,0.07699371271732967,0.006026943856783087,0.28766326195388703,0.27484256498279225,0.023859595943797603,6.468797338830481,6.244511948007544,0.43292789726615805,9.553108174553545,9.45325064985731,0.9724556824019815,0.47568032816708994,0.4667489056577405,0.055517836897686135,10.693678533424116,10.446416983191543,1.0752271738229615,9.447201691511022,9.843357303599529,1.810021290982698,7.056321644242013,6.956527574537633,0.6202476011263012,20,1.0,0.959468742318341,0.9618909286211585,0.006221003263161937,0,0.0,0.28785114737529616,0.27500502528152193,0.02384797725894295,6.473031020865771,6.245074161042661,0.43264699897663494,22.118407829469778,21.948027180123013,1.751447784019287,0.9815237656176231,0.9760705545463055,0.0632283512741886,20,20,51.35,51.0,1.7252002172135512,80.90667245917226,81.47598543438343,1.8845657059650354,148.1456371182863,153.5219790158836,9.571760850112053,22.52160721821565,22.593758827839956,0.6947432232203592
front,log112,40.0,self-supervised,full_log_excluding_training,4.525302538075372,4.189588913709338,0.7210688575812343,0.08389069525539813,0.07921900724075151,0.010728685045583972,0.2844057084851404,0.26967975108218684,0.03681462873950922,6.5416519835749485,6.215263402785625,0.8547941085054103,17.804001404620273,19.71534204142513,4.149737436662972,0.8129160900884772,0.8941148350932544,0.17554177971446588,18.70586119085531,20.61289320889955,4.088442388203483,7.745091828751562,7.281345239966219,1.5739808910649524,7.745091828751562,7.281345239966219,1.5739808910649524,20,1.0,0.9648725734128114,0.9653486417775927,0.00565263553588899,0,0.0,0.2845166161815139,0.2697346710433425,0.03677999187422371,6.54420151058927,6.216539724772091,0.8540147491674396,20.251438953968506,20.564561529720237,1.8571463429178516,0.8808537286138332,0.8990237671892886,0.08357643421680168,20,20,55.15,51.5,7.24950089026098,77.95456953644343,77.91001720627915,0.9153368965395212,167.30148896761187,168.2475820465773,4.06367301549198,22.997835090697492,22.983618833725423,0.22044207180882305
front,log-0046,40.0,self-supervised,training_window,2.7567958688685317,2.6534079679543496,0.656823887908019,0.06407592157065925,0.05451509101526124,0.023440227177580198,0.2109316219734314,0.18182167018551237,0.07651071575611583,4.014407898691963,3.759165622883522,1.149052326583275,15.047082097906943,15.118705880933522,0.801461155491751,0.8043025077415645,0.7832637895663153,0.09465785408570526,15.506916597286715,15.586517250207361,0.73934789918454,7.119525585792021,4.728485577829137,8.175456444441911,5.307243122774441,4.836292547287457,1.3969534036470306,20,1.0,0.9753895527153007,0.9835317159454571,0.023545008343210053,0,0.0,0.2143435143100081,0.18295979259880712,0.08029224796146711,4.068256331720818,3.7830838922662986,1.166357303676131,19.446122707923685,19.62281884188676,2.5746091980542194,0.9950561143298449,0.9906520770814635,0.042707080576363236,20,20,58.2,53.0,10.684962379560893,64.35472408145269,64.30314799191183,7.865595818361947,130.39872265582983,126.6203009938281,17.55529175361567,19.49392504082246,19.91914049736386,2.1078009495771672
front,log-0048,40.0,self-supervised,training_window,2.406369247233588,2.3289570199643763,0.5624519402788114,0.04974347895394983,0.04567106718184397,0.01137714555197683,0.16538657262923578,0.15232685275511992,0.04189666965966914,3.344237499387913,3.2030172702071384,0.7417877904722184,5.757164360002207,6.196317618375118,1.2822579676520576,0.31950236753724276,0.3334942210902977,0.07988701431438038,6.444594017843249,6.705609836341339,1.3189444188974297,4.807110507290218,4.05595655206561,1.588936082928564,4.1203225754110795,3.7770563751994737,0.820638360420244,20,1.0,0.9874896409808087,0.9899014888398081,0.007210557244578395,0,0.0,0.17464988119936684,0.16481018918226104,0.04578102604859915,3.522549514005303,3.4076562219429287,0.7772726591621418,19.84609050054484,19.08020649888676,3.0086852766937597,0.9674686220072977,0.9490442372147128,0.06374252253182507,20,20,65.8,59.5,22.070699795740147,67.78731664907086,66.48110509382494,8.330601251055468,130.54775469788981,131.908029530372,11.85761826005192,20.52178118826533,20.040943985462476,2.845905248638405
front,log-0049,40.0,self-supervised,training_window,2.2053418462855916,2.2376659607167286,0.4125220569021518,0.05055465914667112,0.050415526437522604,0.009952131601824203,0.1675750319062848,0.16984511684091008,0.03446792493804069,3.318057735208505,3.2666735994497422,0.5836570320715709,9.504474502440381,6.055192361127332,7.44586756935827,0.5311757290848482,0.3937347705687637,0.41940811721929705,10.215946543089931,6.9236846867615185,7.17036282397256,4.33825232133069,3.647887796954442,1.1598136795754856,4.335071775518013,3.842455719411756,1.1661257408288972,20,1.0,0.987509463684208,0.9876136727466827,0.004618540750343674,0,0.0,0.1823653386683333,0.19224357081853172,0.041870115761749045,3.5918778405747305,3.6767309632964613,0.6351804134012204,20.427461195020413,20.98256941920178,3.350147108454816,1.0171041673313153,1.014824639446913,0.06163416893008471,20,20,55.7,51.0,7.547045430951248,66.42227046233636,63.35832026480199,9.72697590692664,113.69535806501176,113.38702968087262,7.465610356799715,20.130718782966532,19.001617899473416,3.45928698012119
front,log-0054,40.0,self-supervised,training_window,3.165690642464804,3.226923347402766,1.0435347287227639,0.07651292370408484,0.07163575170561416,0.02616464495759967,0.2523657524927211,0.2486090789951667,0.08343482466627027,4.403066364871735,4.254770120217261,1.449528834222194,6.669506270163202,6.924186351990764,2.1611717951353246,0.4534966192505784,0.4526063616154559,0.16196046205138973,7.803097583209923,7.902443050852021,2.4543121968919785,5.871732162318283,5.03481842594827,2.338961823922599,5.52432249432046,5.321244365696561,2.0954402330407866,20,1.0,0.9769977542408415,0.9770046077352587,0.012055627150942626,0,0.0,0.26549329566663327,0.2504511848209756,0.07406295772523078,4.629182359333337,4.3342164175479105,1.2922460817264496,18.291518339477676,18.424376971024138,2.7480923015278513,1.0503418835632106,1.0429903156428821,0.14391928086305328,20,20,56.75,52.0,9.14718823636963,58.166856149724524,57.86375110950827,9.5000506188592,112.05301598457993,110.32669743436372,17.074977479259534,17.522239549182217,17.720101968970756,2.2681128888515967
front,log-0055,40.0,self-supervised,training_window,3.4875417175258447,3.3680714348096057,0.8731028702748006,0.06296859465497752,0.06530772960803541,0.009795398512049963,0.21439411812442924,0.22159188186299905,0.03107940129161371,4.770737991626737,4.733648076183735,0.9490692879794563,7.618647614114225,7.589689320342268,2.0352979659236587,0.37549802655316356,0.3757186051191086,0.07501088602432905,8.393156053778265,8.312079974264043,2.2263240929151156,5.179716237209872,5.17994181066149,0.7015213455159878,5.178668833678127,5.321008121009362,0.7723292125330888,20,1.0,0.9830441144463057,0.984700416670137,0.004469781157115241,0,0.0,0.22145266080433412,0.22474235177130078,0.0349030158180098,4.90495726396137,4.975363752387361,0.8872588083919284,24.42188546250186,25.07173465824414,4.090838937264735,1.0925474702287028,1.0878129753848023,0.03574869613657107,20,20,58.5,54.0,10.490597293717235,76.13105661681197,80.91543901950702,11.565644441855346,130.79317103794853,133.2539275936189,9.997916598867382,22.317575005420373,23.214529519112745,3.4012846164104467
front,log-0056,40.0,self-supervised,training_window,3.0076489339904313,2.9705780054317046,0.6586835046095261,0.055217861840554494,0.053367068231830586,0.013027267158900097,0.19222634615366047,0.1876886599044971,0.0423473335280701,4.257929931573878,4.316532382150687,0.7853902736084799,6.6059678132049715,6.823346304220083,1.0411320663016552,0.345944417385008,0.343106381455151,0.06939277325559882,7.670960980210408,8.07612648071629,1.2845507964414422,5.860712185866924,5.413573555802197,1.5767513872067906,5.089120639992529,4.934254454937906,0.9897078066856475,20,1.0,0.9837362888105556,0.9850518192859206,0.0061129947091303405,0,0.0,0.19953257940780653,0.19534300140857225,0.03857195573977805,4.422008574592334,4.4556956530499585,0.6912952971579689,22.644779429249184,23.066602358916846,1.8041957239070359,1.0162951034391383,1.0299037413304262,0.07402011789306139,20,20,65.4,67.0,9.236084839253847,78.03104067597239,78.39897120443638,6.398200708656423,130.37007500448456,133.62128330270525,10.483749603195175,22.317630365519772,22.283227828599504,1.4919953063171958
front,log-0058,40.0,self-supervised,training_window,2.5973605952798797,2.713088731716643,0.2881194484166653,0.04918911088029773,0.04867688402264421,0.006290305702020502,0.16750955551296412,0.16765765254313897,0.01901102777552741,3.558611856681778,3.5724970306967325,0.3671117432917217,2.9030913862873318,2.88039316212335,0.4245983234027596,0.18130294286578322,0.1786621216950972,0.02035776373083047,3.864979265298083,3.7223858820737723,0.5259899156302218,4.381623533916091,4.412160111356646,0.6788636017880931,4.281186671649712,4.2281825326639515,0.5214502176703283,20,1.0,0.9861776502191276,0.9862542292237939,0.0031160772647412416,0,0.0,0.17970920175136168,0.17675978258713082,0.02542885244185658,3.812300929529523,3.8172616672595803,0.45811603290099423,20.736900325361095,20.66177947000857,1.747183626032883,0.972193861656271,0.9690685788893667,0.02846766991196648,20,20,96.1,95.0,10.547636302932867,72.76266847444322,74.68040295746503,5.855195186562945,135.8967720534893,136.96458072441416,10.312746944285879,21.313693740756637,20.941050252482924,1.4433135284840561
front,log-0063,40.0,self-supervised,training_window,2.706475234835865,2.117029742253558,1.477320742181662,0.04813291346137524,0.0436166272428829,0.01460661024925178,0.15392749688835125,0.13911058373184998,0.04160685364654812,3.7301019709083114,3.125170190467859,1.487430889106852,5.0812525297133115,4.963381240291453,2.9189467508076037,0.23911552413847653,0.24896326451749407,0.08285443555528181,5.978455862431868,5.587020095984776,2.956473368501375,4.630534451976478,4.388709350880134,0.9844352391859075,4.442010757181101,4.26843556763003,1.059649463612817,20,1.0,0.9902411816789431,0.9915895710736617,0.0026252431172012667,0,0.0,0.15549122156702916,0.1396818081959852,0.04195329660369332,3.7654813777993623,3.168643889979019,1.494135594708607,23.79525944433093,23.408679305828727,5.259055435139842,0.9869982845230456,0.9777614479384853,0.07740076110953635,20,20,60.2,56.0,10.288470808577307,77.1934535316494,80.48963875665257,12.83940290587627,138.77352979180264,152.94565276856372,19.9654573564593,24.034099104418857,23.56685498640031,4.305316535566985
front,log-0071_183,40.0,self-supervised,training_window,2.2521602586757057,2.20625086282799,0.33928573503489967,0.048729991895573845,0.048419116723237676,0.006596313504756535,0.16234278307776007,0.16162717187065828,0.023407444685929306,3.3242027768613602,3.271867697791426,0.4984274860115923,8.430010501533705,8.582577030018946,1.4606491325802393,0.4407696315254969,0.447997643083086,0.07484503988273604,8.99860585194411,9.28213572737375,1.4148232019179625,5.559637125244714,4.481338264429107,2.778283404790468,4.0423642588922775,3.9164253377629206,0.7988492696037143,20,1.0,0.9885412914780017,0.9892645098056372,0.0026903308088783878,0,0.0,0.1660298460675965,0.16511703353352064,0.02475222639707747,3.3982136534633263,3.404801121647159,0.5136536654470794,21.072328812137123,21.081976023870617,1.116221514312474,1.0295374392260555,1.0498367787582312,0.04977313528245753,20,20,94.7,96.5,15.444637972618949,68.17873225766142,68.05484807246181,3.425335220057238,126.57281948085479,129.9356483210314,10.76623849042981,20.486799140139237,20.407855043439568,0.9896643032043604
front,log-0072_184,40.0,self-supervised,training_window,2.539001144518719,2.450634792654032,0.3849797595205468,0.05100319672348973,0.0480005641958986,0.008371844131627606,0.1732907686640065,0.16240886755612993,0.02924417201729025,3.6281203689328265,3.3934867931388473,0.6404076361167272,2.6738290551858546,2.69259497271765,0.4066983133660861,0.17980614511530238,0.16746733848262635,0.02797061094410544,3.7613095448205898,3.595111374015997,0.5971454210068992,5.230162405954208,4.966264695154246,1.7358900539308233,4.480582675142061,4.209194000513969,0.9417552701452397,20,1.0,0.9878757268755216,0.9884297200743279,0.00398514682154627,0,0.0,0.1786919818902249,0.16527506838637435,0.03478913414636978,3.742673020486331,3.4254615571922873,0.7590883280916356,21.48652598199625,22.28358633251593,2.3516482906066747,1.0241243506012878,1.0037968108118833,0.07584075256543246,20,20,83.0,83.0,20.32887497858002,71.18005077571613,72.34547933234924,5.14036368001393,130.61126290621937,125.95036342756083,9.538780062335901,20.947551447853634,21.027709071167074,1.2996860427963985
front,log-0073_185,40.0,self-supervised,training_window,3.88616920360976,3.5328863088781794,1.5808745754463471,0.09201240221441295,0.0715488992738447,0.038342517281284676,0.30405361102817247,0.25152231493251825,0.12781517516824842,5.5776719710818226,5.150926090101349,2.1482622206299395,10.183062452660876,10.53625940458642,1.9441154760716755,0.5930650184583472,0.6138940549480216,0.09178480221192752,11.002972286223267,11.15291163458931,1.7378633422578895,8.88561740403845,8.439179316336789,4.266446102780608,7.2037481129792535,6.094424909162948,2.9273745364420423,20,1.0,0.9618452506306714,0.9763342707847891,0.028724479514145078,0,0.0,0.30574868751079676,0.2523535734396675,0.12772622630156447,5.60830251670863,5.170415462174425,2.1434511006647203,16.779475719547726,17.179291600003847,5.095777336976056,0.8806454493080942,0.8850851843848533,0.19539547395982634,20,20,50.55,50.0,0.8255779474818964,62.124089152222396,58.65037269543673,11.361416311517486,120.08649678450226,115.10837251454872,18.284254366008877,18.793942330986784,18.94176109919445,2.931864693429553
front,log-0078-valid,40.0,self-supervised,training_window,6.200842668663292,6.11687348125868,1.2501039659265398,0.08755886846585173,0.09255000085174062,0.02055302770000331,0.28695360652290647,0.2973262465394725,0.06598852288861694,7.915396048392083,8.01328037537463,1.323788218305121,11.460762305501657,11.528395585969978,2.8865996960627953,0.48173626745742987,0.4489360350826574,0.1237140469572263,13.397048032559962,13.140170102531659,3.1082745150580164,7.685069659527899,7.457208253438944,1.9251962363026074,7.230593770620528,7.452697890288132,1.1355110565259021,20,1.0,0.9615455438317978,0.9606262096542113,0.015245000297002435,0,0.0,0.2977554285302526,0.3039886768773664,0.0665812862081509,8.219251743481347,8.064002670754576,1.3465728801909487,27.614945105838718,29.713686422320606,3.9399970291556485,0.9848758005588752,1.0133823560234798,0.10995251233712139,20,20,52.9,51.0,4.632834757978838,91.95988484462914,89.36416941601479,7.523834488825131,173.79811516453694,176.35813647945355,15.41365841399422,27.999071938430358,27.882900537219165,2.1244765471313882
front,log-0079,40.0,self-supervised,training_window,5.453601601479968,5.412033718456284,1.5902851888494822,0.08324928547206543,0.07937875704954518,0.02347765496308555,0.2736566310238705,0.2641938401361083,0.07893477938861165,7.097380894099187,6.873944705200964,2.114129122039661,8.288762747671154,8.165589183544167,1.2431376066156554,0.3937677701081307,0.3911530934839613,0.05183137504851864,10.178167741238097,10.165031913194877,1.1527600757197545,8.081986518472323,6.893485924834868,3.765430815102819,7.31651455419055,6.925294279264167,2.594853874574111,20,1.0,0.9643065679709146,0.9673024529145247,0.017284466830921916,0,0.0,0.2855116732439507,0.27118667129456847,0.07738711099525271,7.405316275826588,7.038781522642616,2.0763334641907134,23.94464431042858,24.101768477479695,3.032147215808624,0.9237666384814652,0.945166705044703,0.1126768911440992,20,20,50.5,50.0,0.8271701918685112,85.4535028364044,86.78373952547675,7.553161581756575,163.4327393321491,154.66811937893152,17.77160370299145,25.97488615276515,26.21430811808304,1.7769349332256783
front,log-0080-valid,40.0,self-supervised,training_window,4.685100264316423,4.315099129687654,1.2300738029608222,0.06694158534364067,0.06424517689011845,0.021359710245699735,0.22014630231126237,0.20584489784201532,0.07336362574696184,6.0631091963449375,5.856807112929362,1.3662376127496,16.47383730275488,16.300501588699213,2.8840483388754174,0.6264907374926134,0.5886536514212877,0.14500862799918376,17.482742888974723,17.000751636669378,2.7196283630677622,6.3953507571137465,5.663608877903659,1.5622472262515283,6.237021415286519,5.793752767729142,1.299942820214705,20,1.0,0.9748784886133066,0.9805370348442792,0.01869709044810321,0,0.0,0.2594567067807131,0.23337540626484232,0.08195497319920557,7.190204075184731,6.647959596808789,1.5857087502697769,27.587299560814465,26.759207292181763,4.583159092451178,0.9666434236444971,0.98443572897675,0.06604266596920336,20,20,69.35,59.0,25.083597072694005,93.08566559565458,91.31296971045379,10.625187863652435,176.06164060595535,178.3285346971846,11.753488986200743,28.417851120421982,27.85201835206839,3.3559177336184485
front,log-0081,40.0,self-supervised,training_window,5.032160260383363,4.517138804952857,1.5131689710222935,0.09379467606053446,0.08493950447429138,0.030760923957697757,0.3097069516515965,0.28013561632751804,0.10226937233248169,6.435859439421209,5.837172091768032,1.7463408269645664,12.188440281518044,11.342576578622506,8.229378573127812,0.6982468457332079,0.5620961945817736,0.5059863112849539,13.887234550044784,13.02462938268275,7.885497669740973,6.786746390053743,7.144902662034761,1.3618943751663664,6.428301372069557,6.317755069832295,1.570805453659825,20,1.0,0.9522391485285308,0.961590436491213,0.03366454722714828,0,0.0,0.43686406051172044,0.34904620755334176,0.18422877211134,8.753659738932352,8.897644252309096,2.11207919523168,21.967783735557227,20.139868290627035,5.9538212246390465,1.021083920027306,1.0138251792514286,0.08154628372357955,20,20,51.55,50.0,3.3162280411715708,70.90790645736124,65.02990498339557,17.472681410584887,148.250622444759,147.2801331156678,24.52896405330761,21.47092255385473,19.63924088937111,5.2419695417776895
front,log-0098,40.0,self-supervised,training_window,6.766826179185429,7.033396147432889,0.8612339931224815,0.09889116242706561,0.1008689140100881,0.009762398712237648,0.3336810677247476,0.328614679694622,0.032502991677638114,9.076226696298992,9.381686833365315,1.1598014337764855,8.45462796462142,7.972781860096129,1.4483292263877248,0.40825250269205676,0.3914327563119715,0.06209238578045811,11.056540665714454,10.481542113215978,1.631101162272848,8.529319505335248,8.53991853156244,0.9915248838514562,9.001747628990383,8.856071817995506,0.9725208565907676,20,1.0,0.9445000921293094,0.9467380484399772,0.011567495673128543,0,0.0,0.3391595366708178,0.336467113178455,0.03514772352796853,9.222479049122377,9.395407517744328,1.2046684374863628,26.61664927933391,26.799063807415926,2.21853165427697,0.9801617254581254,0.9919037238935906,0.060009899084589126,20,20,98.75,97.5,12.27266967911349,91.66895682430109,91.6015504403934,5.630657442681559,169.6417636447385,156.85476308404887,21.309722763987004,27.189058518604885,27.262417306186585,2.059349613385434
front,log-0099,40.0,self-supervised,training_window,7.220478786475491,6.788068843815898,2.2803836352940907,0.14958315198534328,0.1417446326520116,0.04701522598384192,0.49522064179722064,0.4773734472544707,0.1485915413716108,9.079089501134865,8.88054518489951,2.68292207879063,7.291621342518377,6.740424503827954,2.299493194530492,0.539307415606344,0.5337222878407938,0.18325824060060142,9.90591073494929,9.629374816187301,3.4102399303952375,8.141236334708502,7.685904039484322,2.0583294822869416,8.6545535460447,8.179853196425636,2.6314778797692417,20,1.0,0.8967637454470001,0.8976796789612402,0.041711068242234646,0,0.0,0.5947202493703526,0.6362246577955535,0.1145443922775495,10.863371853325674,11.19068083714659,1.7672614435359777,20.415929828579266,18.90524208440802,3.4623256676986878,1.1060349957242601,1.085612484380015,0.1360008430335027,20,20,55.6,52.0,7.7078224107584035,62.00888380316329,60.60775908489538,11.359462021664909,135.09113964305067,128.5606284413164,27.23264507130553,18.555915110704444,18.181790436819824,2.856481565059245
front,log103,40.0,self-supervised,training_window,4.800452293512754,4.367448282841528,1.2482590110369645,0.09940274245820788,0.09437806724526754,0.015915243239599686,0.32757919440781025,0.30220872691261125,0.057056990425905535,7.433128651487547,7.1315116255887165,1.5812792349315086,16.49645173268657,16.898770402308543,2.292304930378832,0.7703742334426167,0.7812855391462501,0.11956411383761809,17.294745039855357,17.73354779871341,2.234010457143221,9.411179331863918,8.443803916947974,3.4684897307785434,9.028233501025928,8.966355812783789,1.8929618417962961,20,1.0,0.9483644599931911,0.9558618410315327,0.016147459020540343,0,0.0,0.3371855058489934,0.31254616884716035,0.056216517214371646,7.672402572264988,7.307678986130259,1.6799307207264718,19.871892199512907,19.32459079497535,3.1150764914637965,0.8764096289233759,0.8782387424000639,0.08175520832296067,20,20,50.1,50.0,1.4104870379448817,74.79534212350237,77.02809319366088,10.37819031684095,130.396126849611,132.3672959390751,15.275912020799144,22.676742436405778,22.813203872939162,2.7186848516490394
front,log104,40.0,self-supervised,training_window,4.6896357094106635,3.8475436660340603,1.9792828209351743,0.10332844592410104,0.09918551458070224,0.018499067409355734,0.33793993919894294,0.318049565834355,0.06902302146116063,7.26011973534482,6.636323958154419,2.7304371551900557,26.272165665960337,25.32856471878711,2.9492969823555137,1.3555607648245442,1.3003176879289904,0.3706830592221482,26.961896555583724,26.145296853390818,2.8148431499524147,8.833746175216737,8.695852811978813,2.3413021413798685,8.959685369106083,8.927454081138283,2.283010963609484,20,1.0,0.9432842126493448,0.9514481823221815,0.023508035669683406,0,0.0,0.34611623816559606,0.3243557548900823,0.07061875074559236,7.447481711337351,6.637898245698125,2.8463141782918693,18.981004471450262,18.7928862360786,3.287602815490851,0.9190213695147345,0.9127077234135056,0.10721620253695424,20,20,50.5,50.0,0.8271701918685112,68.67093615715581,61.76565171807984,16.976583363553562,135.8264970287699,138.32788295861081,13.416008757530626,20.92541775596302,19.41368225020328,4.415107425889911
front,log106,40.0,self-supervised,training_window,2.5008400883246833,2.4116313781694645,0.3965480336714763,0.05469214154772943,0.05129427059108056,0.01303980514129215,0.18367198534610268,0.17261411414014072,0.03885692192838322,3.785077542158296,3.5149811501031336,0.7201384828046272,6.2982057799172635,5.923187373787466,0.9242537130676787,0.34298884115831774,0.34150712441635156,0.04001384182227629,7.1060525743160055,6.673426588014291,1.0219346769760758,6.001810361628759,5.107469595253994,3.7656609969244843,5.036886956077431,4.563819954834402,1.5096987581627404,20,1.0,0.9843803476064737,0.9866690675368206,0.00897670945517764,0,0.0,0.19377776156108015,0.18608548718869405,0.04070372339226339,3.991240842552723,3.8427083087178247,0.7415099874908281,20.396055434926446,20.28206468951721,2.313806273374577,0.9833302983898665,0.9776787173589264,0.06515632599227215,20,20,54.3,51.0,6.921362810740002,69.86716593414006,70.04439747004102,6.045838888773357,133.80088713581068,138.19637007657434,5.859101150290384,20.700539774197185,20.73961546139602,1.3308001328315344
front,log107,40.0,self-supervised,training_window,2.3705159498267294,2.254090047783984,0.5005343725642967,0.05642747587735901,0.053929246814647475,0.009684091815146886,0.18994293065878023,0.1841848795337196,0.030742105255469932,3.717321473874848,3.6051219047826546,0.712135975899367,4.937585548290887,4.630564531327062,0.9568693282771601,0.2942346480301573,0.28477711208406575,0.049657819532067056,5.7607135828668685,5.422369622277319,1.1701763763060569,6.366061292674712,6.484331071765843,1.842622006890494,5.0831060406066015,5.292248355152456,0.961575275217395,20,1.0,0.9837239733001459,0.9862025639044989,0.005826565438834152,0,0.0,0.19384617957116818,0.18628702163789157,0.03063654628955755,3.793423829456583,3.6384240512607606,0.7168497604635475,19.75023488509189,19.06623688005461,2.1979566581284056,1.010216885655673,1.0091170410392123,0.06791232650221932,20,20,53.55,50.0,5.510516261992538,65.92274599342028,64.55762281960972,6.078844286168416,128.62044024127408,129.21277352489818,11.227658975126605,19.521793310789956,19.50952890702203,1.2981231778908224
front,log109,40.0,self-supervised,training_window,3.442023687162531,3.322415434802668,1.1289265276797025,0.06915086576858691,0.06919549923377497,0.020689708381422554,0.22665317541181973,0.2342068634160936,0.06393580617025223,5.012122788013331,4.933776434749213,1.6418640684711563,10.91443781847766,10.67252756925896,1.1269502615782936,0.5362335609389983,0.5117365192672267,0.08115130328429193,11.577400484657304,11.354341809287334,0.9338557961526783,7.7929852348380475,7.439200185971785,3.7961533299608203,6.536743535360013,6.642489160039958,2.1104441294126914,20,1.0,0.9741351452619915,0.9787430690976402,0.016280409026686808,0,0.0,0.23392934843148394,0.23795233594957105,0.06222489712606833,5.1656722015398895,5.105826957256744,1.6011918310300348,20.089502960605977,20.32854078968115,1.9723400908125168,0.9200335677010847,0.9063446428342529,0.04518341157302455,20,20,51.0,50.0,1.9735087641318605,71.96663482291747,69.8283345494833,7.570503698967081,143.72389033385443,149.79375517128187,17.45006619979663,21.859002172407084,21.52110162306656,2.148813354930575
front,log110,40.0,self-supervised,training_window,2.870712020426274,2.8631670117609342,0.5505390973732941,0.0646333322933582,0.06686297843655736,0.011443729455554934,0.21395908541203884,0.21936852771185064,0.037455641428495036,4.221745168037401,4.336850712658167,0.7667700073112135,9.077552695894125,8.894981530976512,0.6933428704393447,0.5040289789073166,0.4924586654939166,0.04919418370406883,9.926958450721262,9.710137413543723,0.8277358703981311,6.921030055929869,5.352033650258929,3.798486663073558,5.091113530213326,5.404489032618978,0.8914409798245905,20,1.0,0.979892029375893,0.9805028870403543,0.005482257037894883,0,0.0,0.2179415107711004,0.22432310396039828,0.03580321956848624,4.300352101747138,4.432697048032893,0.7386646670202441,20.526917249865868,20.248968729107382,2.1293322690746335,1.0377314246327827,1.0406259538527416,0.06364464595259886,20,20,51.35,51.0,1.7252002172135512,65.83784604867284,65.49953538802819,8.59239191658524,127.84191365252552,120.66993459677639,14.42275945992266,19.8480142118451,20.079928836826348,2.2944000476097495
front,log112,40.0,self-supervised,training_window,4.041336894203603,3.660411707295455,1.1039706001128904,0.0826107318655053,0.07656370989088744,0.017752580706033614,0.27542950230920576,0.24995158176682286,0.06424986276415702,6.100856506405927,5.368194207844983,1.5889548429096612,18.789476792553728,20.445738352031775,4.235763494596458,0.8927408507374286,0.9178729100479908,0.2110972321428869,19.53554414495502,21.314366112705677,4.093841644908593,7.210922862792897,6.460198500530467,1.9201943145799554,7.452809278624578,6.4634034225349755,1.8732096799482685,20,1.0,0.9665086562569245,0.974045760527853,0.013258163127877011,0,0.0,0.2831565309367309,0.2633017440565021,0.06095351443679626,6.265379854312658,5.701325923028272,1.503683189048451,20.161485195028952,19.60772553838129,3.0006592363385907,0.9137148293792536,0.9154791455584306,0.119925112074222,20,20,55.15,51.5,7.24950089026098,73.36498608373799,73.57330346806663,6.022215727913524,137.96593176576246,138.81808940642793,9.476776581289736,22.068453431049495,22.323338209125097,1.6631268674457855
front,log-0046,60.0,self-supervised,full_log,2.958213868319768,2.7322275482489085,0.725052774678923,0.06297606114131771,0.0595448482088486,0.016864795296081744,0.20776647482467872,0.1964464430152546,0.05563922232995679,4.273279708924056,4.0404526261311915,1.1443711503675038,14.898005365314106,15.648764115733508,2.4518077155288136,0.7518685996793721,0.7830077044607487,0.10829947244629654,15.464212084737008,16.104672027702318,2.227471676951067,7.051858892713445,4.6237158765364335,7.344059570036391,5.366124312721477,4.760499146063224,2.225361745101381,20,1.0,0.9792817977112429,0.9834071619485849,0.012578736707733842,0,0.0,0.20776647482467872,0.1964464430152546,0.05563922232995679,4.273279708924056,4.0404526261311915,1.1443711503675038,21.373505574479044,21.501132155287515,0.7010968320121713,1.0391779172754476,1.0453831101471258,0.03408726486911731,20,20,82.05,83.0,18.10052340039981,67.85562055611665,67.85562055611663,1.4580029302424492e-14,165.89980059488886,165.8998005948889,2.9160058604848984e-14,20.56770570194259,20.567705701942586,3.645007325606123e-15
front,log-0048,60.0,self-supervised,full_log,2.530756473002719,2.5670020841879113,0.30431744423438717,0.046549973800378674,0.04606079810720587,0.004330105322781611,0.1611812662411341,0.15948747457589935,0.014993174042940862,3.6169352594303277,3.578926283952052,0.3364493970754576,5.818143257117411,6.0125670825439155,0.6261515948743659,0.29666505962750234,0.3046473192687572,0.034283391279139167,6.657214820501734,6.8363380959274895,0.7693251804142931,4.341951604079784,4.123732156162021,0.7900396745505145,4.341951604079784,4.123732156162021,0.7900396745505145,20,1.0,0.987519105355276,0.9883147696758963,0.002434961350803095,0,0.0,0.1611812662411341,0.15948747457589935,0.014993174042940862,3.6169352594303277,3.578926283952052,0.3364493970754576,22.240483618476812,22.30538047485051,0.8484833277869592,0.9911013204051364,0.9939933150733045,0.037810910991736446,20,20,94.95,88.0,37.06250055471731,77.7000493048807,77.70004930488071,1.4580029302424492e-14,147.02804677703884,147.0280467770388,2.9160058604848984e-14,22.440171514841165,22.44017151484117,3.645007325606123e-15
front,log-0049,60.0,self-supervised,full_log,2.779078944697956,2.6782834844596195,0.8452287219121292,0.05186826260280976,0.04816517141332978,0.011749153421974738,0.17233096908965784,0.16002754381017126,0.03903626020205839,4.176367869087833,3.8781995811219163,0.9460271923174184,7.372290580374288,5.603153580923003,5.3973695440373985,0.3444160150857776,0.2822838380998107,0.22067319507502717,8.346775896415682,6.841028966705861,5.347921191116914,4.49100012084852,4.053295462864051,1.4393004136073508,4.338459969740758,4.13927962033301,1.0319818633155453,20,1.0,0.9862506895530545,0.9878822387106099,0.006829121464041455,0,0.0,0.17233096908965784,0.16002754381017126,0.03903626020205839,4.176367869087833,3.8781995811219163,0.9460271923174184,24.191517831718876,24.38303643166607,1.640684288991296,0.998223298897374,1.0061259997518373,0.0677001457617765,20,20,70.15,74.5,16.027197279361697,80.5187538489403,80.51875384894029,1.4580029302424492e-14,128.68361647506669,128.6836164750667,2.9160058604848984e-14,24.23457542860456,24.23457542860456,0.0
front,log-0054,60.0,self-supervised,full_log,3.271981549667701,3.3730788083499927,0.587348622017005,0.07516258546206922,0.07362181067991513,0.013736033380879994,0.25063015655716847,0.24549243248212987,0.04580289748630034,4.496463394917246,4.404289378214965,0.8217329261465767,6.756465045382541,6.91629470612601,1.3783167651091537,0.4428599667329357,0.45550354141573,0.09752227188415885,7.945187669524122,8.17202138946843,1.7496111870171738,6.741483531008276,5.926720334869763,1.9831645762072094,5.314576340776868,5.1491408899139355,1.1840537890780212,20,1.0,0.9758235788681768,0.9761934837617763,0.005630164539119216,0,0.0,0.25063015655716847,0.24549243248212987,0.04580289748630034,4.496463394917246,4.404289378214965,0.8217329261465767,18.932185902317233,18.825798571849752,1.8901717180688866,1.055268618895209,1.049338653286926,0.10535703107358571,20,20,83.6,84.0,10.490095579314703,59.823160250207,59.82316025020701,7.290014651212246e-15,135.8929688934449,135.89296889344487,2.9160058604848984e-14,17.940631952211263,17.94063195221126,3.645007325606123e-15
front,log-0055,60.0,self-supervised,full_log,3.617494524563355,3.642060285715252,0.3411819287181268,0.060981584146646894,0.061327552831704,0.00537465889977655,0.2102814135589513,0.21147440952911162,0.018533314387575734,4.984229012287096,5.01250619107041,0.43928886391329197,6.595560675245636,6.635973303714838,1.2917655640868877,0.3080384625389602,0.306055038469217,0.05687943266315267,7.3013311823518565,7.254318754459311,1.3481938973300558,5.353204561243525,5.409198389869121,0.3712169919527198,4.963893060822521,5.028695642659807,0.42666674841018826,20,1.0,0.985073629906101,0.9848447361485557,0.0011201897208509234,0,0.0,0.2102814135589513,0.21147440952911162,0.018533314387575734,4.984229012287096,5.01250619107041,0.43928886391329197,26.182064752995615,26.29442825557404,0.5870536431570346,1.1046044578970053,1.1093450017396695,0.02476741530408694,20,20,86.55,85.0,12.283814768350991,81.73334756770427,81.73334756770429,1.4580029302424492e-14,144.98409225186288,144.98409225186288,0.0,23.70266077220274,23.702660772202737,3.645007325606123e-15
front,log-0056,60.0,self-supervised,full_log,3.259286124907015,3.3548039228394666,0.4101747306285542,0.0606679054684635,0.06323111532430012,0.006584530182666988,0.2090326244783361,0.21786422133530653,0.022687145936745267,4.708397654090792,4.907326744834446,0.5110212100774613,7.6642752821930005,7.989641375957803,0.914123751610404,0.39318658161312997,0.41459241542254355,0.05274802039041025,8.85641073065656,9.338570766409955,1.1881334604296687,5.514587590305873,5.285778681557101,0.6836214255742424,5.039534140519104,5.105752600781562,0.32006679507747426,20,1.0,0.9814277503042007,0.9811248509811685,0.003022726860523405,0,0.0,0.2090326244783361,0.21786422133530653,0.022687145936745267,4.708397654090792,4.907326744834446,0.5110212100774613,23.847188057185072,23.890255384062282,0.8397887713702804,1.0587126815193393,1.060624685778068,0.037283012987327016,20,20,98.35,102.0,13.4449168637699,77.60936557366924,77.60936557366922,1.4580029302424492e-14,148.73146404505894,148.7314640450589,2.9160058604848984e-14,22.52470238002855,22.524702380028554,3.645007325606123e-15
front,log-0058,60.0,self-supervised,full_log,2.7194541632768976,2.660323448077077,0.18893081394572803,0.048363921668584706,0.04701048031132794,0.0031792893407171547,0.16608917594938324,0.16144124931384307,0.010918170580186175,3.88591641736578,3.7771708936643353,0.25544770189043176,3.151252584371594,3.06330652710564,0.24762544545967285,0.18403210445922483,0.18184330075454846,0.015830137739191126,4.305719333922262,4.254508842920821,0.37037086720588813,4.804984736086874,4.4898207680845434,0.9751691609154015,4.804984736086874,4.4898207680845434,0.9751691609154015,20,1.0,0.9866936867832623,0.9873218738700182,0.0015394564175735918,0,0.0,0.16608917594938324,0.16144124931384307,0.010918170580186175,3.88591641736578,3.7771708936643353,0.25544770189043176,23.46995417822029,23.48412842459584,0.7638730954357313,1.0031366942454403,1.0037425201684314,0.0326489402561133,20,20,142.1,140.5,14.461928240074096,80.3474218652934,80.3474218652934,0.0,161.1697294857218,161.1697294857218,0.0,23.396566303333564,23.39656630333357,7.290014651212246e-15
front,log-0063,60.0,self-supervised,full_log,2.589186917864155,2.5775049982179383,0.22977395623011188,0.04125320324275015,0.04134028062050284,0.0023842489901897503,0.12764952756225006,0.12791897054504303,0.007377566667916382,3.504479808588229,3.5118770744520074,0.2025431187876365,4.6945297263586045,4.457110158841171,1.1250723436605803,0.20251998510346603,0.19004974871369484,0.039754603368792094,5.559967296272031,5.217610434708533,1.091419666527356,3.9145403967896732,3.8215994866032226,0.8591329160274674,3.665920708605887,3.6410132244248152,0.34833476625660703,20,1.0,0.9920580101315357,0.9922056930410288,0.0008859200725184029,0,0.0,0.12764952756225006,0.12791897054504303,0.007377566667916382,3.504479808588229,3.5118770744520074,0.2025431187876365,27.16757930896664,27.248703736761595,0.661592621426212,0.989570165392563,0.9925250960662699,0.02409829423378752,20,20,88.7,88.5,12.63287274075895,84.9504894920883,84.9504894920883,0.0,153.67050225201808,153.67050225201805,2.9160058604848984e-14,27.453919144974673,27.453919144974673,0.0
front,log-0071_183,60.0,self-supervised,full_log,2.662754440900241,2.575188799650765,0.4404349068395227,0.048863164197828754,0.04647957107473412,0.007915837192687736,0.1712667466344168,0.16291218658505496,0.027745229052104352,3.871644908596796,3.682782268800625,0.6272068390878469,8.756356914218953,8.814166240041644,1.0776736300733356,0.4167091024702467,0.41788546922725145,0.05247177090443654,9.42009880288496,9.446691673099991,1.1861734321424597,5.976769290334906,4.711838683996408,2.866823132521444,4.560281924056073,4.132667268298137,1.1324901736386845,20,1.0,0.989237842814507,0.989417791941479,0.0015659677791815842,0,0.0,0.1712667466344168,0.16291218658505496,0.027745229052104352,3.871644908596796,3.682782268800625,0.6272068390878469,24.14123931985624,24.179037379407458,1.1444540290325111,1.0679159932394584,1.0695880346692022,0.05062626425006718,20,20,134.8,136.0,15.084324383453943,79.2344288822956,79.23442888229562,1.4580029302424492e-14,152.4462174422029,152.4462174422029,0.0,22.60593480450205,22.605934804502045,3.645007325606123e-15
front,log-0072_184,60.0,self-supervised,full_log,2.9371299199552294,2.811651161467593,0.5599641263121108,0.0578019575867376,0.05354781517284411,0.012031162487386265,0.19087691513755645,0.17682864386056185,0.03972998972681672,4.094066708942618,3.7927491833953813,0.8521576753793029,2.929547090461253,3.070603770611269,0.44661444216307916,0.19775864826072437,0.19446485625285337,0.040495128369800626,4.241671119141126,4.171023475889514,0.8685689247108861,5.123653708594476,5.167435493659325,1.1159872298223812,4.596755615527267,4.649148110432078,0.7905877744469482,20,1.0,0.9858548326762102,0.9882198219761051,0.004512723261191403,0,0.0,0.19087691513755645,0.17682864386056185,0.03972998972681672,4.094066708942618,3.7927491833953813,0.8521576753793029,22.53622063824572,22.999343738516245,1.5937090410700692,1.0507020476465736,1.072294150314439,0.07430320192922675,20,20,122.4,124.0,28.56829306103276,70.82920509740634,70.82920509740632,2.9160058604848984e-14,152.19039707482895,152.19039707482895,0.0,21.44872629564559,21.448726295645585,3.645007325606123e-15
front,log-0073_185,60.0,self-supervised,full_log,4.839899104309937,4.77665245891197,1.6088172253159765,0.09515544287980024,0.08976488245482475,0.030778864976365557,0.336457362736141,0.31739703692221866,0.10883009341926013,6.5165394363589515,6.147377163237046,2.107831999460234,10.249022070754952,10.299954678587087,2.1482445630035114,0.5980782531841795,0.5914870974100128,0.10230265553657095,11.583638685178148,11.455980529077024,1.9814079377752312,10.016839598957372,7.35024628750679,6.201204436080952,7.660815958742982,6.550421525888127,3.4950885614033145,20,1.0,0.9599941583571823,0.9720810225443668,0.026451235124889106,0,0.0,0.336457362736141,0.31739703692221866,0.10883009341926013,6.5165394363589515,6.147377163237046,2.107831999460234,18.648986786963622,20.518348348927745,4.65425904605169,0.9628713174102698,1.0593888735888584,0.2403054166124011,20,20,50.4,50.0,0.5982430416161189,68.48309712131342,68.4830971213134,1.4580029302424492e-14,149.9043725573418,149.90437255734173,5.832011720969797e-14,19.368098778891632,19.368098778891632,0.0
front,log-0078-valid,60.0,self-supervised,full_log,6.067538774830769,6.020379530543449,0.23287169292411986,0.0896821026276233,0.08943843522601841,0.0033583952564987148,0.28790309905277783,0.28712086270901727,0.010781330654175726,7.990901873083347,7.969190492118309,0.2992415003597805,9.489373034479021,9.104989874508101,2.5975358247193157,0.41123284416750083,0.39806308064168205,0.09159880861446312,11.413983786708284,11.048450076328743,2.5423730892015706,8.065388247610011,7.913341132307908,0.9885565195672941,8.065388247610011,7.913341132307908,0.9885565195672941,20,1.0,0.9627692720262837,0.962133041411249,0.0030286775969499235,0,0.0,0.28790309905277783,0.28712086270901727,0.010781330654175726,7.990901873083347,7.969190492118309,0.2992415003597805,26.689152502193252,24.98576408927579,2.908625790195366,0.9615797864263789,0.9002086407461354,0.10479447655374131,20,20,76.05,75.0,7.089465869569405,89.10252591047126,89.10252591047124,1.4580029302424492e-14,191.14572150135155,191.14572150135155,0.0,27.75552572853157,27.75552572853157,0.0
front,log-0079,60.0,self-supervised,full_log,6.17561015846458,5.646425170392688,1.1971015767482167,0.08153890367341282,0.0753294247164812,0.015317356859156606,0.28203816956709,0.26055995487348965,0.05298181722513246,8.321937967023706,7.688192645966936,1.5633039918125633,9.982983776914754,8.827929952024618,2.3628972305686298,0.4175290079965821,0.38927577725939827,0.0750713188427691,12.319788166665031,11.486136345977968,2.2150862043641655,8.601532141010379,6.474550952524638,3.5165752693629524,8.601532141010379,6.474550952524638,3.5165752693629524,20,1.0,0.9677023834691333,0.9704036053127187,0.006550503368677843,0,0.0,0.28203816956709,0.26055995487348965,0.05298181722513246,8.321937967023706,7.688192645966936,1.5633039918125633,27.6959060876798,29.267766556557092,4.21558051243523,0.9386398562959855,0.9919116604374876,0.1428699199755211,20,20,50.4,50.0,0.5982430416161189,102.06094995286549,102.06094995286549,0.0,190.67881336638962,190.67881336638965,2.9160058604848984e-14,29.506424537491974,29.506424537491974,0.0
front,log-0080-valid,60.0,self-supervised,full_log,6.679704475851561,6.38797272660711,0.4993292114919238,0.08799296428366685,0.08484784628417406,0.006502971788886655,0.29645055669683285,0.28585457337683534,0.021908678980111212,8.677110734898987,8.366966198025047,0.6412672510518841,16.17355269367785,13.359890438909613,4.711994602537074,0.6020479974163383,0.5040596399885893,0.16244707218146584,17.62195085586614,14.753830662045894,4.754827414003527,8.664269107190098,8.249749775329956,1.3197068482952334,8.664269107190098,8.249749775329956,1.3197068482952334,20,1.0,0.9616689439780612,0.9619859610395529,0.0028872353794167386,0,0.0,0.29645055669683285,0.28585457337683534,0.021908678980111212,8.677110734898987,8.366966198025047,0.6412672510518841,29.27580753709551,30.15670527604297,3.195875641452191,1.0001980736762297,1.0302936473161568,0.10918601156394936,20,20,97.3,95.5,36.83262283985703,98.61141519140322,98.61141519140322,0.0,209.41055645838256,209.41055645838256,0.0,29.270009918627657,29.270009918627654,3.645007325606123e-15
front,log-0081,60.0,self-supervised,full_log,8.791264596151656,8.947301858721678,1.03534191140309,0.15880803523891998,0.15944453023249952,0.01809641518086265,0.5232982731222879,0.5253956275193125,0.0596306276291526,10.782697981208841,10.825914517903563,1.228704700894023,14.580376823046398,13.28657849524006,3.905041697508404,0.8778162846044936,0.815893646529932,0.14598863871438467,18.08763446399759,16.8117022875471,3.0081341384001923,9.4643473215983,9.201060258274659,1.182139847638765,9.4643473215983,9.201060258274659,1.182139847638765,20,1.0,0.8903087867929909,0.8871447600780005,0.007481775810522228,0,0.0,0.5232982731222879,0.5253956275193125,0.0596306276291526,10.782697981208841,10.825914517903563,1.228704700894023,23.216424155774853,23.778323706623972,2.3870972424819725,1.1267230789514822,1.1539927905895122,0.11584891526617248,20,20,57.75,51.5,11.858263829609779,67.89768518316299,67.89768518316298,1.4580029302424492e-14,200.25954166451217,200.25954166451217,0.0,20.60526192237035,20.60526192237035,0.0
front,log-0098,60.0,self-supervised,full_log,6.488685203684325,6.515785684694169,0.0671864953442835,0.09732502380543327,0.09527553482626408,0.004033816533221872,0.32596905925894276,0.3191047404190428,0.013510393618666633,8.667174895200535,8.484659867372166,0.35922717530980647,7.408779445315763,6.793199578131112,1.201177090882037,0.36783664920162906,0.32520665151491457,0.06961738915801596,9.7803901350112,8.6469032741026,1.8510532531875825,8.672958986726377,8.446617725674226,0.38692229378719756,8.672958986726377,8.446617725674226,0.38692229378719756,20,1.0,0.9484282293860128,0.9504136975639227,0.0040761492193381295,0,0.0,0.32596905925894276,0.3191047404190428,0.013510393618666633,8.667174895200535,8.484659867372166,0.35922717530980647,24.786638298885407,23.662948161166987,1.9606610805847953,0.9322157757487386,0.8899542289910449,0.07373969669375875,20,20,147.8,146.0,10.29358512554504,89.05392011542133,89.05392011542135,1.4580029302424492e-14,200.15184341259447,200.15184341259442,5.832011720969797e-14,26.58894962271716,26.588949622717163,3.645007325606123e-15
front,log-0099,60.0,self-supervised,full_log,9.905562818545015,9.988403708257058,0.8754636087477858,0.18010089753636682,0.18071869638924226,0.016393217583917402,0.5995982564486235,0.6016550541663876,0.054576877824359576,11.776851226279344,11.817249276914328,1.0719573708223087,10.141209962769562,10.19096750911201,0.5944472825009789,0.6976868847733508,0.7172752975090262,0.07195948516485494,13.703433184025752,14.08817383339549,1.413373274508123,10.18710302652501,9.78277451153695,1.248958896754567,10.18710302652501,9.78277451153695,1.248958896754567,20,1.0,0.8664381760917623,0.8661643352909418,0.0015573737286797692,0,0.0,0.5995982564486235,0.6016550541663876,0.054576877824359576,11.776851226279344,11.817249276914328,1.0719573708223087,23.215832567726558,23.573135367646017,2.3228616142035787,1.181994445047414,1.200185906562854,0.11826452988893897,20,20,73.6,76.5,18.227798319570784,65.39029725768751,65.39029725768751,0.0,185.28208510303995,185.2820851030399,5.832011720969797e-14,19.641236610714596,19.641236610714596,0.0
front,log103,60.0,self-supervised,full_log,5.3718408242588085,4.977228184163767,0.9679582375027712,0.10502069142215524,0.09999999525213833,0.012181440296074307,0.35117896263432435,0.33439024367987347,0.040733549823733776,7.999926987639323,7.617476612924094,0.9279184097270544,16.7925506385538,16.71803881704726,2.803784192517323,0.7777629286406695,0.7667391156058636,0.12041907730264573,17.71759502945165,17.466470364288647,2.7431706589530886,9.080220219487986,9.265716301364918,1.1930681128318277,9.080220219487986,9.265716301364918,1.1930681128318277,20,1.0,0.943402597257824,0.9478004605997443,0.009956018282048323,0,0.0,0.35117896263432435,0.33439024367987347,0.040733549823733776,7.999926987639323,7.617476612924094,0.9279184097270544,20.465638395619,19.877337252918394,2.842002067548375,0.8983959069285831,0.8725707981082897,0.12475755584123843,20,20,54.0,51.5,4.078183290065372,76.17476974591364,76.17476974591364,0.0,161.83235720034816,161.83235720034813,2.9160058604848984e-14,22.780199951696673,22.780199951696677,3.645007325606123e-15
front,log104,60.0,self-supervised,full_log,4.523618325786387,4.27249113402044,0.5887222362684178,0.10364807268919289,0.1026157316945722,0.00499509016516775,0.3476360901379452,0.34417361391674983,0.016753554309808957,7.459369000469659,7.3850732396958,0.3594878299795747,26.258443237195955,26.03928266792285,2.2169383191937073,1.2572991882996951,1.2430952508995854,0.10725035224319386,26.978380138255698,26.673600475462496,2.301314436297095,9.354414093313931,8.927999644947665,1.802938895527764,9.354414093313931,8.927999644947665,1.802938895527764,20,1.0,0.9411674174924508,0.9409755041074286,0.0017059156596184193,0,0.0,0.3476360901379452,0.34417361391674983,0.016753554309808957,7.459369000469659,7.3850732396958,0.3594878299795747,20.1040998897218,20.565175135053106,1.840986291530471,0.9369305474719841,0.9584184770188768,0.08579724053668789,20,20,52.6,50.0,6.44327474764845,71.96823642671964,71.96823642671964,0.0,167.6308323463045,167.6308323463045,0.0,21.45740678854635,21.457406788546354,3.645007325606123e-15
front,log106,60.0,self-supervised,full_log,3.1827114474516702,3.0547079823640004,0.5238704097994824,0.059585532186452086,0.057331783475122994,0.007979419679019623,0.2083059271340224,0.20042701429035636,0.02789536911457795,4.910735159459392,4.72499270435002,0.6576230056522555,6.069911870513216,5.829773734922223,0.636611428050118,0.2976793170099145,0.28717233567121325,0.029035718850848,7.017679757830026,6.76998156032964,0.6845063287579808,5.515636798803024,5.2542816113018445,0.792014993789749,5.685420075076588,5.466353909683118,0.8020189533002853,20,1.0,0.9814733717550286,0.9825605339344242,0.003415162431899336,0,0.0,0.2083059271340224,0.20042701429035636,0.02789536911457795,4.910735159459392,4.72499270435002,0.6576230056522555,21.587023145730264,21.52062052767556,1.401165335924458,0.9156887358857227,0.9128720376788633,0.059435305486914,20,20,74.65,74.5,10.459319692076184,82.41489132115095,82.41489132115096,1.4580029302424492e-14,139.2265583706526,139.2265583706526,0.0,23.574630002245993,23.57463000224599,3.645007325606123e-15
front,log107,60.0,self-supervised,full_log,4.009778592208521,3.9516982164699357,0.712292605466645,0.07195052746137778,0.06893503756746362,0.011740856324893512,0.25764575372356135,0.24684766517611684,0.04204252399415705,5.71635852232578,5.476782497489597,0.9327929409306148,5.8974675505794325,5.087064974700333,1.4301041392945204,0.3355512860928559,0.32218559123336,0.06918274181361869,7.444840158290806,7.148296929408946,1.5349500236222127,8.558618148428986,8.121729465611029,2.1508758630045857,6.846270698972096,6.553708402338948,1.2800031648163093,20,1.0,0.9726497230546045,0.9790716593439868,0.012799631880229412,0,0.0,0.25764575372356135,0.24684766517611684,0.04204252399415705,5.71635852232578,5.476782497489597,0.9327929409306148,21.92376161687845,20.197500808852638,2.9346667827675432,0.9881402756974271,0.9103348397244755,0.1322702962420228,20,20,61.05,60.5,9.09872749923104,79.44845887883525,79.44845887883525,0.0,143.29596879429766,143.2959687942977,2.9160058604848984e-14,22.186892039599048,22.186892039599044,3.645007325606123e-15
front,log109,60.0,self-supervised,full_log,4.124773406314603,3.667178419013905,1.2527238085181776,0.07339567168641405,0.06663870680101153,0.020021512774518097,0.2603724406038102,0.2364019884250592,0.0710266699098362,5.927786671708028,5.382061760843803,1.6170334550421361,10.989883931787585,10.2558037996655,1.601966011655521,0.5193515721333599,0.4810873287645111,0.06700888447082494,11.823852478716173,10.952707009868366,1.52556227276216,8.270916619669718,7.975402157860338,2.209777899251074,8.270916619669718,7.975402157860338,2.209777899251074,20,1.0,0.9684722820776468,0.976113412967271,0.015387636071957455,0,0.0,0.2603724406038102,0.2364019884250592,0.0710266699098362,5.927786671708028,5.382061760843803,1.6170334550421361,20.614901572040853,20.461580295022465,2.231446553300106,0.9054901150099921,0.8987556224743039,0.09801418595792652,20,20,53.55,51.0,4.936171540139606,80.76479900660539,80.76479900660537,1.4580029302424492e-14,163.1495299547129,163.14952995471293,2.9160058604848984e-14,22.766567221789455,22.766567221789458,3.645007325606123e-15
front,log110,60.0,self-supervised,full_log,3.980663731372045,3.826781150724421,0.5154736531971237,0.07712324771292106,0.0780383676312381,0.004635548976409774,0.27924939123868076,0.2825628756636579,0.01678448805135894,6.19372633249489,6.267219118438877,0.3722784324077256,9.310069926873904,8.98954808958787,1.2036812422726166,0.47448915261125213,0.45247651496286334,0.06788548487745213,10.524126645273842,10.035888325950305,1.5056939369306588,9.625412895768136,9.583849954444236,0.6192308199685074,6.974135020770182,7.069736008463819,0.688188484016711,20,1.0,0.9639058604957205,0.9663080576853103,0.003724288577845623,0,0.0,0.27924939123868076,0.2825628756636579,0.01678448805135894,6.19372633249489,6.267219118438877,0.3722784324077256,22.354516453488767,22.12229352485959,1.7350965155562759,1.0078722849476107,0.9974023177630515,0.07822829419624601,20,20,54.25,51.0,5.720461887865902,80.30945941942234,80.30945941942232,1.4580029302424492e-14,153.52197901588357,153.5219790158836,2.9160058604848984e-14,22.179909882779206,22.179909882779203,3.645007325606123e-15
front,log112,60.0,self-supervised,full_log,3.9604896957189646,3.8763117409611474,0.27029923187429217,0.07569651168042449,0.07436279751953773,0.0044410106137180725,0.25761823425832897,0.2530791996382986,0.015114108790886517,5.9170375222866936,5.812783884189219,0.3471444833439903,16.87478614728573,20.701495101167424,5.0701177639657615,0.7711253681653957,0.9352314832834999,0.21433892177893213,17.711392793906118,21.480621488396825,4.922987871194953,6.678110698778346,6.581515289505546,0.6323519675935437,6.678110698778346,6.581515289505546,0.6323519675935437,20,1.0,0.9683327488612947,0.9685295681484358,0.0018317645836646282,0,0.0,0.25761823425832897,0.2530791996382986,0.015114108790886517,5.9170375222866936,5.812783884189219,0.3471444833439903,21.31119882653825,21.17626777946485,1.2411582728307928,0.9278550948751187,0.9219804155338522,0.05403802181031596,20,20,81.4,82.0,14.489197427920677,78.16790220488944,78.16790220488943,1.4580029302424492e-14,168.24758204657732,168.2475820465773,2.9160058604848984e-14,22.968240347278094,22.968240347278098,3.645007325606123e-15
front,log-0046,60.0,self-supervised,full_log_excluding_training,2.9863268394563267,2.7775170131856424,0.7728114583623746,0.06279722412193299,0.05949471515859487,0.01662929084864063,0.20821182725193293,0.19691785520997374,0.055956871824630106,4.298685912459204,4.051912007230209,1.1988159164947578,14.9122359908884,15.718458909649886,2.5168101157936205,0.7517947626353403,0.7879915030885765,0.11343602118996224,15.485109335982406,16.17775974941305,2.2898337494075207,7.034705068664033,4.601692289960782,7.268396959469258,5.326459912305307,4.739068847347561,2.1805499851148396,20,1.0,0.9793975988559808,0.9833093608783681,0.012326062884638849,0,0.0,0.20826436653132635,0.19696798156120343,0.055994680540435646,4.2997762775967185,4.052952399404546,1.1996235071007584,21.4689565478405,21.4840190178691,0.8769741374761285,1.0414533877310732,1.0473928639233894,0.036020107375028976,20,20,82.05,83.0,18.10052340039981,68.2992150057678,68.25798110318408,0.9031674576656105,163.14476418136417,165.8998005948889,3.823653906071746,20.610660896849517,20.59166920443331,0.18223420204044427
front,log-0048,60.0,self-supervised,full_log_excluding_training,2.5328108471171276,2.5345035134591347,0.3546019056242881,0.046376449118921706,0.0460697834425991,0.005175009440798079,0.16176479324965468,0.16117512649050292,0.018438789213689646,3.6200083515023955,3.6401498232830303,0.42041190083549096,5.78726823593429,5.88798615455392,0.601267218103503,0.2965718306104576,0.2981339477132538,0.03242687659028492,6.639200306264586,6.81477774064928,0.7583740005172153,4.333609573288789,4.121084567641957,0.8103087990244114,4.288340704530287,4.209678251396343,0.7775967050486491,20,1.0,0.9874009794079537,0.9878146163397503,0.002946389013898686,0,0.0,0.16205567589796716,0.1613049986522086,0.018163620018971885,3.626434964152856,3.6420688827586076,0.41379051778661335,22.220005185893537,22.229633349872667,1.1807684387961503,0.9925514298911935,0.996798935213878,0.038234334939828994,20,20,94.95,88.0,37.06250055471731,78.03544166519153,77.98790391565336,1.7712180495765912,146.35319298433564,147.0280467770388,1.023321313059661,22.380903125135056,22.16190180449432,0.614778982653832
front,log-0049,60.0,self-supervised,full_log_excluding_training,2.914175589861114,2.6312071953412732,1.1502125584480956,0.05314539386883751,0.04945254357471519,0.014501218319525508,0.1697776585665273,0.16079853867938515,0.04387212666136669,4.289050797462107,3.9752446758201208,1.1942860198617127,7.3182896571117695,5.847840693270659,5.257444165813052,0.3288372939583905,0.2770844871361996,0.2049023969246486,8.286661653676418,7.132240515381962,5.294553079476574,4.452259595921017,3.933205290079411,1.443557885757734,4.286334821332364,3.9798306811431634,1.1431660994683894,20,1.0,0.9866509417046535,0.9883494318067891,0.007037615513323168,0,0.0,0.17060134857300735,0.16168828300928967,0.044210957335515284,4.309361995226895,3.9801510038214785,1.2008174030016208,24.875184721616037,24.264624720785662,1.9544086298305687,0.9879256638760904,0.989570695487759,0.07137422551744328,20,20,70.15,74.5,16.027197279361697,80.64436393700262,80.94646455207145,1.287633357243748,124.11712902053993,128.6836164750667,5.763335884212508,25.19241858871025,25.843802101034196,1.0594542739476873
front,log-0054,60.0,self-supervised,full_log_excluding_training,3.2689702280053603,3.3837693778718645,0.600412384146911,0.07491014295903949,0.07394670227388787,0.013587566439306635,0.25034540094840657,0.2462840275296861,0.04552133979541902,4.49178215215649,4.416676954420279,0.8346219053017235,6.7759255280416015,6.95154273423926,1.3729149318716283,0.44374973517920857,0.45627249787578106,0.09589139046872594,7.960916685390297,8.129281848320232,1.7444693954500465,6.687082640844915,5.877430090032837,2.038566781012676,5.293333843823151,5.123110624195636,1.1910893343775157,20,1.0,0.9758719603852329,0.9766163500713012,0.0057321256503945735,0,0.0,0.2504092851636749,0.24647106672404884,0.045491303648962096,4.492927335724259,4.417172643757735,0.8340959846385302,18.9383846339477,18.90286873136052,1.9351085216304549,1.0558869970927798,1.0514230888851546,0.10465781262553008,20,20,83.6,84.0,10.490095579314703,59.92882945847261,59.84623624647965,0.8080051225265028,134.9781593939371,135.89296889344487,1.7960283755506627,17.932175717993935,17.866734123339437,0.16505534754236198
front,log-0055,60.0,self-supervised,full_log_excluding_training,3.5824953542759213,3.635279966940631,0.2266219174902282,0.06042492909054964,0.06097233300404896,0.004602210731133539,0.20614010254892676,0.20479370435118496,0.017776170865563753,4.946544087919647,5.0257964712359815,0.3074472160125522,6.5577457819765215,6.6615724931391895,1.4306810380239465,0.3032314650832293,0.31236167831906153,0.06548734671298119,7.268675162779734,7.2820157613136,1.4961476012293151,5.303026240988256,5.235491070978166,0.3793392511459695,4.880000850916053,4.9195607328941735,0.339046009675914,20,1.0,0.9855623273887307,0.9854518089937996,0.0015124584892312217,0,0.0,0.20662421008275697,0.20553039487479927,0.0175455735521752,4.958464782908785,5.040979202346119,0.30434566442525723,26.502495952763063,26.251543931125603,0.7888921233181309,1.102361777547451,1.1071469239419427,0.02165896845689926,20,20,86.55,85.0,12.283814768350991,81.95118666828655,81.81445343142886,1.4995003063678647,141.69016352030687,144.53641237003515,4.93502751119611,24.049090210552993,23.886536519884974,0.8173012667187675
front,log-0056,60.0,self-supervised,full_log_excluding_training,3.3098724619658526,3.384831824972991,0.43196995998890264,0.06209069023540329,0.06411576806694202,0.00738041140333661,0.21213605279094652,0.21842037545439136,0.024712779848163675,4.758446637141175,4.897223217778542,0.5136011329507502,7.859933253829775,8.30332118425932,1.081985430799575,0.403269057302305,0.42286935569265116,0.06266350944614596,9.044072588088536,9.57061867962597,1.342657622233894,5.414095982346068,5.273464269954457,0.5999390297119167,5.025139334605274,5.008838832839066,0.3104317904510096,20,1.0,0.9812964925784057,0.9801583530010542,0.0031139707493496338,0,0.0,0.21255831816025839,0.21866475119434448,0.02470946790762211,4.767926116697255,4.907160598840468,0.5133603475877155,23.854365746559534,23.988983754141657,0.8691380065679951,1.0625512087704831,1.0671194629711969,0.04361541215891223,20,20,98.35,102.0,13.4449168637699,76.75034273518877,77.13458466826134,1.4054405637254475,147.4750320464829,148.7314640450589,3.0691557103321627,22.456527344506224,22.560090102539768,0.3474407426949063
front,log-0058,60.0,self-supervised,full_log_excluding_training,2.7014302866347353,2.6562735414959704,0.21463860344310637,0.04790911265170381,0.046556138100048425,0.0036405493221059065,0.16492780969311172,0.15987656472921402,0.013285467404811579,3.883781806595144,3.7850595831613285,0.2797749373368635,3.1919351122859045,3.0923646091692176,0.22224644916050634,0.18506567885240077,0.18239202635303403,0.01630992007465162,4.357588525519522,4.327139605754983,0.3446034570025457,4.818078109871544,4.521027063646571,0.9933798525514207,4.818078109871544,4.521027063646571,0.9933798525514207,20,1.0,0.9869352628354537,0.9878251158069145,0.001996391942959096,0,0.0,0.16513698070021646,0.16021020731737695,0.013154209584044667,3.8887263380213617,3.79288148657769,0.2765211545618506,23.698923940574552,23.65756610441261,0.832736880636405,1.005719158390328,1.0084815214106735,0.03361283130979556,20,20,142.1,140.5,14.461928240074096,81.09389058357988,80.97527242516261,0.9701070193416957,161.04636639029096,161.1697294857218,0.3012917839365238,23.564316636160775,23.603205204489363,0.2779986824054232
front,log-0063,60.0,self-supervised,full_log_excluding_training,2.7554336627550264,2.7345950546151685,0.15992636718460715,0.04212238792414943,0.04198587374660773,0.00281202899528035,0.12698568391386406,0.12413993762528136,0.014980495200923273,3.575529123609352,3.5874539580028744,0.14804454716535534,4.825300154146241,4.70081899065232,0.9065928817798404,0.20324952061055185,0.18444774689890014,0.047548381013210045,5.671789390202905,5.465938063489354,0.86377028671201,3.6935826118729325,3.6720199991828166,0.7746667461072196,3.624226051544607,3.55538161952253,0.4488514016274831,20,1.0,0.9921878270491844,0.9925552416537063,0.0018791611654981981,0,0.0,0.1274090167098687,0.12422611676320397,0.014941146962152041,3.5876855060012836,3.591091008841671,0.14574172869097488,28.387650802589697,29.338479222671804,3.3360962471111124,0.9960130536649994,1.002920790486498,0.03000189890672446,20,20,88.7,88.5,12.63287274075895,85.07454633008788,84.46983469638653,3.775936023256894,132.73829509557396,129.49127013152165,16.987124395955078,28.435574516998145,29.18709290448463,2.634949863912429
front,log-0071_183,60.0,self-supervised,full_log_excluding_training,2.7072903589166164,2.646193400857477,0.4686236998395273,0.04908016957058069,0.04781333297313553,0.008287932468042516,0.17150288060223473,0.16695142525586487,0.028345281804791646,3.907102044005343,3.797720636042613,0.6521805035170806,8.779297381180154,8.86026682935718,1.0946325980075913,0.4148740452793517,0.417309068414645,0.05199719981383124,9.45242849766717,9.478183083723689,1.219052512903987,5.974046991522784,4.768096761310395,2.842806034915534,4.564205287934174,4.149537050656839,1.1544145388826397,20,1.0,0.9893707864998655,0.9892551341398617,0.0014779638728864754,0,0.0,0.17154227114542595,0.16696239403365715,0.028366343308415195,3.9080007047662755,3.7979698806251316,0.6526610643561817,24.371849226747536,24.486822511936275,1.2170158089953722,1.0700335886223775,1.072894280562965,0.051222883535373055,20,20,134.8,136.0,15.084324383453943,79.62900323431776,79.73586757773376,0.4441367776196195,150.8564399227558,152.4462174422029,4.81132268440112,22.774866520756934,22.756920231709174,0.15090033398396152
front,log-0072_184,60.0,self-supervised,full_log_excluding_training,3.006714460644141,2.871993108307776,0.6015825963997886,0.059433689049713745,0.05388882870924426,0.01337073459967637,0.19435398504905296,0.1756803538519883,0.042935134382797176,4.144917824545944,3.8195425220936885,0.8802957494895756,2.9825183128188173,3.161564785998527,0.46093242839522647,0.2027883458156651,0.19688155948552277,0.04494526135586126,4.325853349968437,4.275005227127178,0.9276318968050875,5.086854818521006,5.158866628412209,1.0733281055632835,4.586431485875758,4.659393954789177,0.7784201967720711,20,1.0,0.9857867274770206,0.9880780298251289,0.004336632711898581,0,0.0,0.19453668060275178,0.17576781456434898,0.04307871136098973,4.148796557447636,3.8214365768255174,0.8833823195673677,22.558056463833747,22.664544527341015,1.4522936783457927,1.0564568147211042,1.07819919794348,0.07861020759815936,20,20,122.4,124.0,28.56829306103276,69.94899848240212,70.15606799646554,1.441280613997999,149.29118087849133,152.19039707482895,4.293873805228209,21.37062250024748,21.362612774472886,0.36588198624044993
front,log-0073_185,60.0,self-supervised,full_log_excluding_training,4.965101093316223,4.917868758254098,1.6896536743299928,0.09631015700659809,0.09554477301262404,0.03178354501052293,0.3429310885651852,0.3350548984623752,0.1130906633917221,6.67223708872622,6.130208878432777,2.261539574642823,10.341886876662745,10.442675019362035,2.196084474236308,0.603115126481073,0.5844704644627619,0.11420466042912474,11.699664133949257,11.64828413531781,2.021452741198633,10.052781470231146,7.292508036602326,6.300043407607069,7.762465670998924,6.756958671343109,3.6364313326092517,20,1.0,0.9591536930053193,0.9719142402215557,0.02793934385793634,0,0.0,0.34302631771942405,0.3351637768565334,0.11307477188404039,6.674099726262369,6.132201569841566,2.261272584910188,18.63266625579383,20.911828875681465,4.4186007055668455,0.9638453472164882,1.0712850812496466,0.24892019569313706,20,20,50.4,50.0,0.5982430416161189,69.33454145009773,70.94242446983901,3.099752912996918,147.1123448410075,149.90437255734173,5.204840723340472,19.450454101854852,19.576625962475,0.71223887233834
front,log-0078-valid,60.0,self-supervised,full_log_excluding_training,5.93873904200325,5.790959313809179,0.4415836624803453,0.08997145037454149,0.0879454208325461,0.007229401274114229,0.28733862217136624,0.2787547665901159,0.024498350190195754,7.825992558607287,7.763031539509751,0.42215764965328534,9.442700341063137,8.763542632576117,2.9322732540665397,0.41747359236080506,0.3780554214781019,0.11325970302620793,11.361696288326113,10.613878779500242,2.9158616557137482,7.981093406453724,7.921597261240922,0.9336481762428189,7.983893727725186,7.821866254801355,0.9188286330408553,20,1.0,0.9641185295565636,0.9654778390237331,0.0032203556039388285,0,0.0,0.2884050807378634,0.27941898233916906,0.025868609971372348,7.854101644293834,7.77099312835758,0.45548181171449287,26.277369132053092,24.84368887461445,2.514679373785775,0.965134595575522,0.9115764411300826,0.11396431896525831,20,20,76.05,75.0,7.089465869569405,87.17614912539727,88.37963693579798,3.413680296934641,185.90334896877536,191.14572150135155,9.266764506308537,27.30452736122753,27.633696085800082,1.0324205130270327
front,log-0079,60.0,self-supervised,full_log_excluding_training,6.254296259434886,5.842528860205977,1.2459000700257115,0.08307481193883469,0.08088970820906148,0.014434897735855434,0.28029476080458815,0.2681488114670272,0.052584031903059464,8.429285755847706,7.913116053051528,1.566001132694138,10.255460094972822,9.025595436747235,2.7066327413098223,0.41983028022826047,0.38941730506736083,0.08893589719350967,12.611277421892682,11.859518270229625,2.567237062049245,8.659334598657063,6.702590384858025,3.4190866145837266,8.659334598657063,6.702590384858025,3.4190866145837266,20,1.0,0.9684042028540919,0.9684702512396295,0.0059981502733171274,0,0.0,0.2808987545555179,0.26918552143192753,0.05268841887273614,8.44733672742197,7.950552037453283,1.5684044166054514,28.110849302656202,30.192036305471753,4.22115798151124,0.9342493463812385,0.9897493091783223,0.1408763716668809,20,20,50.4,50.0,0.5982430416161189,101.35137748261945,102.0336020433852,2.806460268323255,181.18981258249204,190.67881336638965,13.269183784054286,30.09811291706576,30.222258571382604,0.6704259905312627
front,log-0080-valid,60.0,self-supervised,full_log_excluding_training,6.861427702876968,6.784790173751704,0.658652486266386,0.0905627351582042,0.08825333004145663,0.010177649432976374,0.30435256129468413,0.2979560368579691,0.03426694601371039,8.840842335130834,8.741827056735783,0.8890136801297369,15.969445071845064,12.780983147790854,5.166081008757157,0.5976251701517059,0.5004067769812638,0.16316401504171008,17.469089105409445,14.284661278726071,5.146204316970028,8.813975431527393,8.383323732228613,1.2977281636006066,8.813975431527393,8.383323732228613,1.2977281636006066,20,1.0,0.9606436553535678,0.9592083493444232,0.0067714177441775564,0,0.0,0.30569555606878934,0.2983524171448665,0.03397938690131423,8.879719538118215,8.766566930580275,0.8762984432164952,29.186794633118524,30.275040647725092,2.9452105016041563,1.0055007560172222,1.0414279186654292,0.11900884387194016,20,20,97.3,95.5,36.83262283985703,97.77306677142538,98.3071401594577,2.8088143571186484,209.110789257886,209.41055645838256,1.3405996754701357,29.09268499201437,29.30291870705446,0.7331649093475129
front,log-0081,60.0,self-supervised,full_log_excluding_training,8.905793781568839,9.05903490391739,1.1911907488219096,0.16161036248245392,0.16193709886108848,0.022200323100719375,0.5316786912691771,0.5325802987380795,0.07173052052723099,10.872573719272507,10.914729967943265,1.360631756365859,14.713391755281142,13.655381899926372,3.834181140318318,0.8908633312251879,0.8293395442502608,0.14556750882979247,18.244157169592278,17.11362067980256,2.998900417204212,9.566927580839867,9.328507039177538,1.2528925532336128,9.566927580839867,9.328507039177538,1.2528925532336128,20,1.0,0.8879071375515514,0.8856413422942883,0.012143459651772485,0,0.0,0.5321435700342048,0.5334371994422393,0.07151572764397363,10.882177954506474,10.916097717217752,1.3562559787746982,23.145127185864535,23.676131007120013,2.3008801855659966,1.1314069863084883,1.1586393616919173,0.12245991037364706,20,20,57.75,51.5,11.858263829609779,67.40843480236,67.82863346833747,1.6725481362777344,197.43749990778176,200.25954166451217,8.384733875152497,20.48117264527698,20.581144647573964,0.42303628304500435
front,log-0098,60.0,self-supervised,full_log_excluding_training,6.399673843174565,6.427908107012803,0.2833531784437639,0.09752327191551112,0.09736026650925236,0.00579957620858502,0.3258726844768682,0.32657216662427324,0.01705230281095098,8.57893826152419,8.661876784258798,0.5963697909838741,7.314923463223219,6.912523493176428,1.2500065668499334,0.3671144355005368,0.33338502515536617,0.06968475670250719,9.68392668013187,8.86910119311007,2.002808091479543,8.711232689467327,8.503580711420362,0.4389158153041232,8.711232689467327,8.503580711420362,0.4389158153041232,20,1.0,0.9483276845662798,0.9479456666622077,0.005295023534562078,0,0.0,0.3259920640086994,0.3266244337291304,0.01699507678883116,8.582060526077665,8.666221469104505,0.5950196522723529,24.54303757540534,23.34690759665886,2.293668141302421,0.9320774320002532,0.8862715827797022,0.07270066266637873,20,20,147.8,146.0,10.29358512554504,87.92359712389711,87.63972444450832,1.3622168647812622,188.62719081591158,188.62719081591155,11.773732688726993,26.30659949613368,26.334477954551648,0.6057373104454215
front,log-0099,60.0,self-supervised,full_log_excluding_training,9.929228324588884,10.163057699971942,1.0266988517016773,0.17929324519323103,0.1811168282522037,0.01809853880323843,0.5978745448144318,0.6048545741554177,0.06023776166262948,11.78766734066875,11.996636280682218,1.1967827556608515,10.33162687292118,10.488125192101446,0.7425994930165262,0.7044036349827565,0.726176321083015,0.07342634115041852,13.891700867903031,14.273305910297749,1.48832707486314,10.30799601960415,9.774218463048866,1.3142745932927784,10.30799601960415,9.774218463048866,1.3142745932927784,20,1.0,0.8674625054529516,0.8658643065179092,0.004805289708359245,0,0.0,0.5987038716070223,0.6052165922295504,0.05952308392288868,11.804018901615482,12.006632349999762,1.1828614507337236,23.239786344312876,23.892178964539017,2.5553115510402207,1.1787450236412,1.203258090828034,0.1286382182717415,20,20,73.6,76.5,18.227798319570784,65.74837196741024,66.02400132412149,1.0131750862169888,184.75430052032942,185.2820851030399,1.570717239270007,19.71590773413427,19.803551279595155,0.24046758170848903
front,log103,60.0,self-supervised,full_log_excluding_training,5.454610386131164,5.122433368334158,1.0345745477912383,0.10545271445222335,0.10186582658906881,0.01392397918136693,0.3517113398885422,0.3391056729592643,0.046829300880815605,7.965384829691016,7.508562623367227,1.0752439094641677,16.890009744605564,16.545957182328326,2.93833182487324,0.7891769508340335,0.7585544291892027,0.13768435949885757,17.83740096740389,17.2924853608343,2.889939320599944,9.170687245176627,9.087845189409869,1.267568698102279,9.052478129200663,9.087845189409869,1.4417747579763744,20,1.0,0.9441906531654427,0.9496630403568381,0.012170259005116738,0,0.0,0.3520313031542918,0.33951461604469346,0.04668174930501505,7.972563079462449,7.5200991298192665,1.071490712529273,20.3998723637552,19.99068874566268,2.9009900575992904,0.9021989378972071,0.8760283212775902,0.1380826528937935,20,20,54.0,51.5,4.078183290065372,75.5251159803561,75.5048194160729,1.8204635387396544,160.79885125156054,161.83235720034813,3.632972009293732,22.644637935358706,22.756028425716906,0.3589078972625229
front,log104,60.0,self-supervised,full_log_excluding_training,4.507836943288983,4.2970949225928,0.6920863449047947,0.10342989973969222,0.1018528509432521,0.006170725332586854,0.3450440711249391,0.3423996781992379,0.021751601971745485,7.386406111773678,7.38704333451569,0.6211823530663529,26.31853107241953,26.132320973120958,2.2362384440236838,1.2653260310396568,1.275885433155958,0.11380664844828546,27.035192719906757,26.79425052274922,2.3243904072976678,9.309350344558466,8.905445551765698,1.9491891257576577,9.280899751620526,8.823807501677333,1.9642801588873666,20,1.0,0.9424170606098787,0.9412575283847295,0.0040146644306401635,0,0.0,0.34530146240401305,0.3425482774233547,0.021618047884578866,7.391737313396332,7.390135983804134,0.6171085006116004,20.07854415239826,20.793023968541814,1.720725120583428,0.9401920588538785,0.9543969548945361,0.09000079389206853,20,20,52.6,50.0,6.44327474764845,71.3618481919603,73.11435703147266,3.1100058620508775,166.4991299858209,167.6308323463045,4.3254128352556815,21.388151636173696,21.814814048304626,0.7424026886866744
front,log106,60.0,self-supervised,full_log_excluding_training,3.657149879115136,3.4705919459911563,0.8316027570665139,0.06591207876269554,0.06422499585068502,0.00998031856554108,0.21918456179961082,0.21295822897338482,0.031803977843740436,5.453110480286922,5.262208676286775,0.9021022792887443,6.067155037090464,5.845149546688585,0.7430016520084044,0.2869022179549515,0.27276512578358003,0.03616075693287561,7.113181420402375,6.774657902108299,0.8007815401853047,5.740130097148951,5.572487766539834,0.9064220370127342,5.980261974582221,5.799231104352604,0.9523840395485613,20,1.0,0.9809491693580574,0.9814438194956889,0.004017981172553019,0,0.0,0.22073508536820946,0.21478658797167338,0.032067849107429366,5.491875068605928,5.302611552372313,0.910523270092308,22.228781309695798,21.804169148166963,1.3454015619619675,0.8965802001976767,0.8899287816609944,0.06866952171580933,20,20,74.65,74.5,10.459319692076184,82.59230780633338,82.10845534179647,1.1791503067687794,137.99855926826774,137.34910776770286,0.9086276835525057,24.827253022227143,24.77300405807247,0.7177542049016482
front,log107,60.0,self-supervised,full_log_excluding_training,4.378411502725811,4.224182320252794,0.8240910896590788,0.07596336312037885,0.07335782328079365,0.011820091491800766,0.2628412462872397,0.2522440325085875,0.041899166683036095,6.084439699134842,5.785187480376079,1.047553600294354,6.209806092045975,5.5363759712644836,1.4770533231443563,0.34060021955662567,0.3266862304495376,0.07461919303966952,7.849140146118794,7.662403456646747,1.6004665207221391,8.7141935800953,8.306265551502651,2.2028333055045537,7.010980420223423,6.674898783652118,1.3749840684360535,20,1.0,0.9721152583152192,0.9781882690347451,0.013493936726591684,0,0.0,0.263236528752259,0.2525235744956894,0.04180689237831008,6.093483423920038,5.790772556508903,1.0451446182620443,22.82539927870632,21.312499812781443,2.949532558598284,0.989281962426556,0.9058001712805298,0.13948465043262814,20,20,61.05,60.5,9.09872749923104,79.97381409976218,81.25466963107746,3.181948668702763,140.15769319227374,143.2959687942977,4.507239402538472,23.12083343304905,23.448572014022233,0.7637361664043667
front,log109,60.0,self-supervised,full_log_excluding_training,4.266669419116774,3.611205483614854,1.3861249605245913,0.07460913970892477,0.0650843774397802,0.0218585861972528,0.2636306422874365,0.2326468561933237,0.07908398279120549,6.039621546511031,5.237450801310132,1.7546523667798202,10.95214517074445,10.295292992407354,1.6922257616633456,0.5132115006898516,0.48899626118171313,0.06315712918638121,11.815637986666022,10.989864667529673,1.6373068432061542,7.976907903568718,7.4857473743862055,1.8225478946114633,6.936231463644598,6.075582975616305,2.3730366735924444,20,1.0,0.9689143060739897,0.9770577286928708,0.016324895010925485,0,0.0,0.2649619085248757,0.235011717716256,0.07861547973249455,6.070334969448934,5.291634778036213,1.7440084943575547,20.637563367349628,20.423502459508267,2.963296508017655,0.8960307309785183,0.8969296925071653,0.11262209615970038,20,20,53.55,51.0,4.936171540139606,81.03505624624665,81.360549190304,1.3805345076592797,154.80757547562408,149.89813702997125,7.809081718045692,22.989544920663498,23.019841889918652,0.714753860955757
front,log110,60.0,self-supervised,full_log_excluding_training,4.439652550792647,4.254976999668832,0.5419939063879956,0.08310591209465204,0.08406623820314908,0.006890616939850495,0.29761836474399017,0.301801493317847,0.02537295243541615,6.785116787828329,6.8974241793577455,0.5171662209400283,9.410812986915804,9.083140703454529,1.312339744035905,0.47038092815593524,0.4345098756187088,0.08145450395974194,10.703717004409768,10.031008463634272,1.6523159132878138,9.318675492324434,10.33093959547512,1.8005582376277982,7.3442754713062595,7.349752926524875,0.8494018680471636,20,1.0,0.9580517388826799,0.9586394141112999,0.0058880214226679625,0,0.0,0.2984053110876025,0.30263568170249355,0.025624998506848004,6.8031045550192815,6.919967271813637,0.523981763338665,22.47642365326804,22.66056909899455,1.744701271263417,0.9857307679365455,0.9750897002923131,0.08467185148794666,20,20,54.25,51.0,5.720461887865902,81.71067512980923,81.03373310344715,2.091385351966123,144.43711063839308,153.5219790158836,11.450495451834586,22.82470817463086,22.843177763571845,0.7150273996969366
front,log112,60.0,self-supervised,full_log_excluding_training,4.044401344001851,3.991990271966345,0.2834823818874712,0.07674056425054165,0.07562881864389165,0.004660789053706868,0.2599389161297812,0.2573884638485151,0.01556734896789059,5.974906084105774,5.9150798074940845,0.32325205743887486,16.704103702289864,20.447817118910038,4.980825189330795,0.7637483768676645,0.9275412653451884,0.2124195498953177,17.55535949125892,21.22545958868121,4.852663569720815,6.658305700516531,6.434277005782048,0.712072351438425,6.658305700516531,6.434277005782048,0.712072351438425,20,1.0,0.9678973837773206,0.9680618208971857,0.0019387418107928384,0,0.0,0.26019380518541524,0.25763421749453813,0.015559708398056262,5.980744038628872,5.916637458201885,0.32261782421632484,21.227702672781785,21.213919791519913,1.2928715867246527,0.9230675509830295,0.9149320059403656,0.05370670869166411,20,20,81.4,82.0,14.489197427920677,77.90418940994832,77.82175446114601,1.6360761612828028,164.4336513526151,168.2475820465773,7.753956568526665,22.99582018357704,22.961768203273692,0.3626464344916821
front,log-0046,60.0,self-supervised,training_window,2.7919170636304425,2.6195001234597424,0.5132102682394387,0.06456697784113397,0.05697555001814354,0.022327363292496884,0.2104153935401623,0.18569524398076634,0.06700638666445825,4.068386442515054,3.7804914991922356,0.8280212061889362,14.8186819995262,15.27946346813224,2.1243831204475385,0.7769495500950402,0.786550633265291,0.09228365444941407,15.337422766019206,15.668564750340831,1.925003169342922,7.222737030774221,4.583278494492182,8.074939497428968,5.232897227970629,4.818430856697171,1.3003466033612465,20,1.0,0.9766037838407104,0.9831785769378754,0.019580700036282168,0,0.0,0.2125002540758631,0.18806149477208672,0.06912167420151032,4.1059160754199535,3.813345878029832,0.8543494178243177,20.125914277374438,20.706681819682025,2.066622182696553,1.0161997246942442,1.0135799203332567,0.039721412825391295,20,20,82.05,83.0,18.10052340039981,64.90859656005809,66.4543900459962,6.787910033191818,143.31256241066123,144.4588043170217,19.343424474405488,19.78260295871787,20.048318199655824,1.7129863476535359
front,log-0048,60.0,self-supervised,training_window,2.3609878749838327,2.304112015288092,0.4274837054155342,0.04810980086199757,0.04482240076405787,0.008815026684293216,0.16008416551651689,0.14790889374504973,0.03168103156410242,3.3529559584392374,3.331490846675993,0.5817203784401723,5.970830249700293,6.217262802912684,1.1091714311290641,0.3227534483652194,0.3234359349792164,0.07554606835777745,6.704946420851579,6.814340287771794,1.1180526610701418,4.275415265454415,3.9900418586488366,0.9022438002491333,4.0946472340193685,3.9738370404568,0.5866186390513621,20,1.0,0.9880711760171244,0.989413917764074,0.004170450773777839,0,0.0,0.16602208818596567,0.15287807779656776,0.0330842252471484,3.485848039089994,3.471092446302073,0.6694869023630057,20.999464630947514,20.491011912481547,2.5935668123262214,0.9925234083309682,0.9837524945840613,0.05262374784047983,20,20,94.95,88.0,37.06250055471731,70.3568414622348,69.73832384386326,8.421717341090075,138.07255088436528,138.91881339701115,7.795155319083278,21.223830724016658,20.893034480190003,2.857326080143347
front,log-0049,60.0,self-supervised,training_window,2.3644996420692106,2.451542105560507,0.49262489023124706,0.05166705600768392,0.05311833154969926,0.010702498674313313,0.17255336284352574,0.16766539310988576,0.03798485313953033,3.5255327133163816,3.626146309664106,0.6825042368375922,7.50945795756728,5.256765412643202,5.851138452143028,0.4172335924810796,0.33849191376273374,0.30429867275724415,8.436350721663462,6.443161642544649,5.580115431695278,4.30703830832702,3.9342002393454907,1.0172039614286437,4.343599990520759,3.9759796082832066,1.024060875814663,20,1.0,0.9878524932250677,0.988545017804222,0.004341750254091599,0,0.0,0.1810426384286417,0.18196256695909374,0.03595386095486361,3.698802186494619,3.7425613959685107,0.6628991983828576,21.51127055563808,21.11876344504346,2.8615506224761593,1.04279032531809,1.056126000014122,0.06470525813984701,20,20,70.15,74.5,16.027197279361697,68.7343195789434,66.48757264787,8.208895037187432,118.00832386735064,113.38702968087262,6.932464723291291,20.706919927744966,19.408357768532248,3.148756652377237
front,log-0054,60.0,self-supervised,training_window,3.1287828522646013,3.2223582335792242,0.7483385410460204,0.07369467564273004,0.07064024607372074,0.020575351431918132,0.24666951607291052,0.2524482877875779,0.0670208972275929,4.3405550439951135,4.492674634196431,1.0554146031526421,6.547126679017289,7.232656556784876,1.8215056378083967,0.43837305809927807,0.45029091720072506,0.14005548317666175,7.683128033474968,8.2506512148605,2.1754146104464804,5.808427813574917,5.4146082349081475,1.5561197739013481,5.358233328705537,5.03811455061865,1.7801667885182015,20,1.0,0.9773860208158552,0.97633802225089,0.007329341692938099,0,0.0,0.2550638214814463,0.2550479332479501,0.06113301461212774,4.489336813884753,4.541737973583471,0.9391461529402799,18.590910941036036,18.641726326167124,2.4050570997132823,1.0511456503791734,1.0367929544779462,0.12277541913664364,20,20,83.6,84.0,10.490095579314703,59.666234705494176,59.738784040314556,8.513771939997895,116.71127395844822,120.18887112377558,16.778537717171872,17.745806114771526,18.338541957574336,1.8055365069368465
front,log-0055,60.0,self-supervised,training_window,3.585434516113891,3.4931426007126802,0.8772824509739461,0.06433778321491831,0.06694774920583335,0.008659759720142636,0.21992198234470428,0.23042611456111936,0.02671982890270001,4.91395239716312,4.976506929517749,0.9698605009468974,6.708216435598222,6.819449254275318,0.9935731799945619,0.3350471227438332,0.32925880431784427,0.054685984635722426,7.372331726936233,7.379552644839421,0.9790841828031265,5.36032162224979,5.435789487827629,0.8301564666163695,5.19714319924484,5.412184799792456,0.7521984784270876,20,1.0,0.9836766812860646,0.9845592157484686,0.0031205231977417675,0,0.0,0.2258273734118646,0.23464575397357046,0.02627892728974738,5.031143826795066,5.097963132097551,0.8948424868139275,24.708142017212925,24.9106141267862,3.7342775296814295,1.1067270997943381,1.115232867302515,0.04008723859003743,20,20,86.55,85.0,12.283814768350991,76.22275657215951,79.58910193781853,9.323965729253677,135.64093172924706,134.93422474103428,6.404356302625639,22.257387461331263,22.92751904351538,2.7411881173636172
front,log-0056,60.0,self-supervised,training_window,2.953857459527695,2.977373022466812,0.5486630514445558,0.05488606920122348,0.053776706495222024,0.008456702617741431,0.19249968872755585,0.18867580265754808,0.03146052418888795,4.292061355837633,4.270705703441212,0.6782153147583855,6.904483365618857,6.795710603535998,0.6699435048244068,0.36073398630688225,0.3500632666307173,0.043714022382151156,8.035903677727166,7.894050039631858,0.8666023437248592,5.542657085195961,5.3146848539075044,1.076212676088803,4.967378918747,4.829023502917119,0.5873953933172411,20,1.0,0.9828023333688117,0.9844532573209719,0.005436136311314955,0,0.0,0.19979806370594985,0.19450365786136878,0.02934484970281908,4.4543617378563996,4.509184407051684,0.6290625823407817,23.155404513426646,23.298057047007482,1.0216021464623855,1.0375017209495039,1.0364244969052923,0.029130556241061503,20,20,98.35,102.0,13.4449168637699,78.3234955467705,79.31292292252859,5.533430064779662,133.7550052839744,137.14353759988396,9.985471366186937,22.335073794691,22.127674384168746,1.1670526610101595
front,log-0058,60.0,self-supervised,training_window,2.6292893378695528,2.576374375874168,0.33531108723163255,0.04941453317413078,0.048278802974401944,0.004993036294657826,0.1698677219804281,0.17271648200733686,0.01701967258083974,3.6897898173455532,3.602477732779768,0.42015074547700787,2.9191781999198594,2.826276904629693,0.4322615721280259,0.18270955786188647,0.1795574793162365,0.018160887955322825,3.9851903185685336,3.8391028800616525,0.5841932725912609,4.709210575046157,4.2404949492415795,1.0449649613285505,4.419327199945735,4.260283223666663,0.4807642630962613,20,1.0,0.9858213538592511,0.9852330343985183,0.002503116117864883,0,0.0,0.17732390538505732,0.1847161049953118,0.019893198241550173,3.8469588939865687,3.8875627434050726,0.4325938756724976,21.595898431089037,21.034395894245186,1.805651362352869,0.9924824585684947,0.989236562651578,0.03127306808557433,20,20,142.1,140.5,14.461928240074096,74.78840541112933,76.93201499462532,5.471102515701733,141.4265618911493,137.69541477619148,7.405779855295472,21.742739085126594,21.475707337330505,1.409004469493383
front,log-0063,60.0,self-supervised,training_window,2.3820190820186435,2.36439537754818,0.3894315926939626,0.04317298035458185,0.041041984505593515,0.003743054650243759,0.13896631050050073,0.1400418205710331,0.013110400546465178,3.384702190989381,3.404505462167474,0.344536810378507,4.547572968197754,4.183229041670888,1.3885641602960839,0.21750158500749234,0.21812398413597406,0.031255870268548126,5.412656655234234,4.923612368567774,1.381100026220999,4.266719956061769,4.303672530230909,0.6119194259906212,4.052685386802868,3.9377433062419667,0.3162861830047594,20,1.0,0.9905157461344306,0.9903304585552347,0.0018575576394999503,0,0.0,0.13971191572760863,0.14081137040750585,0.013295499316456886,3.401628725233375,3.4118878517308566,0.3358157916011458,23.900023373679694,23.749836580340514,3.735131090828333,0.9706641016673384,0.9700698195500399,0.013938553807798237,20,20,88.7,88.5,12.63287274075895,79.10859652739438,82.3539910266719,11.299964861031603,141.60342384145721,153.14450300523623,16.747545256715437,24.65724345349736,24.82019434244424,4.044134048462689
front,log-0071_183,60.0,self-supervised,training_window,2.363818617193632,2.2787495813026304,0.39254718143461137,0.05003610673136866,0.048741408485708605,0.008141202006161004,0.16864315476598177,0.16421690870463285,0.02836253660972749,3.5612813840178914,3.5315642421594617,0.609883236629959,8.609131306113092,8.667945378143514,1.0836444841614943,0.43756271793734963,0.4232379248684951,0.06796282204653126,9.19513219990127,9.30697590786471,1.0890591968181307,5.854236348602365,4.8288840946738985,3.099788268821081,4.481959735018887,4.068658690753594,1.0293192474605877,20,1.0,0.9884651595087233,0.9884506561424615,0.003056787206070423,0,0.0,0.17063987215944618,0.16430621266371115,0.029139283545216638,3.6028189721167374,3.533808759874851,0.6236476733753251,22.188391112372727,21.499352230950798,1.4647317956393004,1.0502625326106831,1.0591549211311229,0.050564397168002505,20,20,134.8,136.0,15.084324383453943,71.20908472523493,71.07914744389714,4.434778655758261,130.27792057729187,133.14672275125437,10.494930131785463,21.135150731305224,21.1634458634258,1.101578743416985
front,log-0072_184,60.0,self-supervised,training_window,2.576754696947432,2.445909028728517,0.40990335070451533,0.05122227402380643,0.0509008689693944,0.007530765883960982,0.1728645659293555,0.17519020443075237,0.026477146833198982,3.69565448229845,3.7264831205741613,0.6474919594308528,2.6678256929719972,2.554831172073344,0.41087130481656936,0.1772905727822574,0.1753015986886076,0.025285144239860263,3.783676260742844,3.793729851276987,0.5900151122987329,5.0584187700822865,4.944292239457589,1.3301524039296568,4.477265363566519,4.657540801044172,0.7648147973818671,20,1.0,0.9870937272341301,0.9885278010377987,0.004868577702318275,0,0.0,0.17767929877781236,0.17910615300338323,0.03109058205485253,3.800440082755698,3.8032359913247196,0.7430729791226042,21.797243260074467,22.784898203022415,2.4309812042583956,1.0191729097031488,1.0302646113000011,0.06299531523161861,20,20,122.4,124.0,28.56829306103276,72.010761319746,74.34392450739354,5.692759244419465,139.94742893422,141.8042368091234,10.156724456314288,21.338702989070278,21.861248183868533,1.4496520745856716
front,log-0073_185,60.0,self-supervised,training_window,4.321890553696339,3.872252096415851,1.4578643359457826,0.09401771358133099,0.08805064003222313,0.028777125611428832,0.31089653832340175,0.28591200299671393,0.09186214647607249,5.704867023299416,5.654257689803998,1.6063459818454402,9.863226303027783,9.930168045873728,2.0348740291254597,0.6042329239667187,0.6243538970053331,0.11299984832791493,11.060070793376156,10.956581473291276,1.9814348115630789,7.355695731784648,5.9683201791899965,3.0629100685607824,6.677673201784009,5.832424495132981,1.9506196461920102,20,1.0,0.9649565982412973,0.9721876118778228,0.021080418397026485,0,0.0,0.3130479368638108,0.2889321666018307,0.09184032608793583,5.742532043700568,5.693569223336727,1.5991473536601168,18.368386531255762,18.20491806828621,6.0497838460809295,0.9706037020150241,1.01544249855824,0.210184777187254,20,20,50.4,50.0,0.5982430416161189,61.7795799006872,58.37264128473766,11.831435613415302,126.0155575909813,120.90383082168586,16.847785004707802,18.57342735104138,18.327870234410437,3.0092839744648914
front,log-0078-valid,60.0,self-supervised,training_window,6.177561890591207,6.2185688671418395,0.7490908874853095,0.0888798007720275,0.09208986237968525,0.012056432956438405,0.28951262360886343,0.2976408086464523,0.037670059985349794,8.067824659672551,8.15548072892651,0.8813699317247401,9.55047135332539,9.561877384618136,2.2921009610634515,0.410095159665176,0.42392826156946006,0.08446530362838815,11.42394067877316,11.487342880842233,2.279982103368501,8.065444511359702,8.30327601499075,1.3514207076780445,7.613311703143074,7.6451313804325824,1.0794344115515104,20,1.0,0.9607499949518953,0.9576433231432033,0.009514610942867279,0,0.0,0.29143994666198997,0.2986157178555556,0.03541797060323438,8.123675266553231,8.169289090990524,0.8178049100454634,26.708939553150316,24.995790416743496,3.3335109157365235,0.9536750788147698,0.8984099354677844,0.09852978046571248,20,20,76.05,75.0,7.089465869569405,91.23892979871789,89.97956879063571,5.160445361854855,180.11395278835124,183.14288817436707,8.791506015327279,27.965786857261378,27.6739844778388,1.1385491256248774
front,log-0079,60.0,self-supervised,training_window,5.709748326310086,5.420617040110846,1.7816012212812091,0.08676783120838977,0.08472329735763383,0.02265616272501579,0.2854212695469481,0.27622395253902676,0.06985904588667369,7.4397375447477385,6.913031572337612,2.143703047354013,8.989957578601372,8.57088665136405,1.6050683294460544,0.42313661049599505,0.42111117428639877,0.05323581596633483,11.002901977955863,10.918217072077416,1.794411424545739,8.321847032671924,6.244684937296801,4.151456545039627,7.4069368480967,6.580394888901854,2.6547339005370443,20,1.0,0.9639238151820692,0.9623557866122829,0.014145311846785233,0,0.0,0.29723738564261176,0.27627093168174466,0.06430009653513791,7.7429082578496935,6.996985278947397,2.027135545061019,24.506543079991882,24.682184886991223,3.676107426843858,0.946980072735767,0.9845513560232235,0.13797347773878985,20,20,50.4,50.0,0.5982430416161189,85.55634390079476,82.99052144040695,5.98369769630151,167.9558445474608,159.4099079755794,16.620301442649442,25.954485332566975,25.34556520448875,1.9888684530275273
front,log-0080-valid,60.0,self-supervised,training_window,4.818434137157395,4.207014284672393,1.2626677413331673,0.06749503673829574,0.06154750892665217,0.020217671532708942,0.22367853298153578,0.19521884334879525,0.06838629096876793,6.357425484449076,5.733333916264439,1.3846486008139702,17.140517507935293,15.989380022694407,3.246179882489178,0.6355502007554006,0.5695206607914044,0.17132481985595271,18.153670348653016,16.713182393458784,3.3128138215389424,6.948614998337082,5.845805363387422,2.181766298115186,6.753398685168072,5.845805363387422,1.9089848193273955,20,1.0,0.974362776070306,0.9807864621733825,0.01542532021943313,0,0.0,0.26056423244121973,0.2421868507327991,0.06544083582914266,7.45979958541142,7.014948477079676,1.2882616674760068,28.173009944328577,28.727423163395827,4.779693401492573,0.959411155229237,0.9879204325163157,0.07121053104664066,20,20,97.3,95.5,36.83262283985703,96.54617527728115,95.57174127312663,10.302397693186286,181.78681915398508,179.30905361918406,13.289006726373811,29.196838282631415,28.69302197978552,3.18983111875631
front,log-0081,60.0,self-supervised,training_window,5.576649813321031,5.226012097207072,1.2899837319465501,0.10956420321025144,0.09787930758594178,0.031750581876079424,0.35777583556888204,0.3086090305884245,0.10735437850987713,7.264828050268517,7.230351800727779,1.4973120859359068,12.898880830942257,11.169116884067172,7.060939465220203,0.7630080148134523,0.6383286266258383,0.4708765340948806,14.892004338015525,13.589173861125243,6.709175432191545,6.939562634554818,6.779298308464931,1.1141014937542515,7.23836201558521,6.993853485717761,1.5510601634975267,20,1.0,0.9360944157344318,0.9587121100072586,0.045191204483282545,0,0.0,0.4570907383030768,0.3746098979135537,0.1806287182284996,9.093322523545293,8.97448503712397,2.001527894748311,22.069303239585317,21.29429476279588,6.072927846155472,1.031838757673975,1.0591223112678034,0.09754924684190497,20,20,57.75,51.5,11.858263829609779,69.14163161688212,68.08500074808757,15.938961707722639,152.6103795455444,152.39430331936035,22.14744806816064,21.16075157008799,20.855152390293043,4.623515983477032
front,log-0098,60.0,self-supervised,training_window,6.712794539468399,6.825769226782564,0.6895343789367804,0.0953037465850218,0.09511138380613461,0.00785247060758987,0.32246816268629497,0.3235462649177181,0.027197111610687046,8.803781238659617,8.924972217710334,0.9812209555629183,7.6788656764507435,7.672346878165358,1.3785176928718696,0.367294950067493,0.3386435112639966,0.07720419189329236,9.968398076447716,9.864334894170366,1.8768424987828578,8.633555216420959,8.727685304563021,0.5623413498561654,8.78722073361418,8.830739800595333,0.6941521210328947,20,1.0,0.9496962672291713,0.9492726925776485,0.009525927536042533,0,0.0,0.3233207523706643,0.32399288576879,0.02755798272342478,8.827163307214411,8.942755134506282,0.99125465834462,25.374834470359314,25.356054967245058,1.7894953169022776,0.9326125025404359,0.895505540605279,0.07704002305510511,20,20,147.8,146.0,10.29358512554504,92.19860006257451,91.71896653794246,3.8212533786947716,179.41970911265668,187.81000156851593,22.142344321983487,27.27988258280204,27.296362304157505,1.687259210869353
front,log-0099,60.0,self-supervised,training_window,7.621512184741768,6.861006010785417,1.8306479217618161,0.15726555696138006,0.1533654509424687,0.0238000278134465,0.5215844742147118,0.5245380166540989,0.07834713250498003,9.704821589583762,8.882064700106923,2.0183332103174076,8.297149132557887,8.001330230983909,2.9768818840853806,0.5960337813112871,0.5905077197866988,0.11802981399734391,11.232543862293738,10.154054201915201,3.43328466037642,8.225252317274078,7.727622708523054,1.484000326799569,8.619869184730069,8.244684515950418,1.6832642098127069,20,1.0,0.8905096781864461,0.8909921405439434,0.020447584815294767,0,0.0,0.6132434296148536,0.635562008065748,0.07183207605954857,11.345967900010574,11.872045065388285,1.6383780419150402,21.190607972094902,19.937687025839274,3.7268997460858126,1.1364336258643648,1.1278974723155137,0.09165346009358116,20,20,73.6,76.5,18.227798319570784,61.91290223912182,59.44209454701364,10.046354503285729,143.90833217872503,141.3851149710591,22.708204971762612,18.584556174897713,17.83847126081413,2.433394900291578
front,log103,60.0,self-supervised,training_window,4.781822129282116,4.5496270343594745,0.7804832204262654,0.1024592702294906,0.10295594158758098,0.006192795568923793,0.34204069437747187,0.34364362621360783,0.02412258051850665,7.816578573707912,8.011166649189208,0.9541675116926001,16.208137109114407,16.59489144819424,2.3175475783111783,0.748271773755565,0.7485798970344186,0.12437429549004697,16.924471161378825,17.247257489681296,2.14502870492855,9.265693660910093,8.967532918909882,2.729468541229473,9.275102449165455,9.367321861859931,1.6584734468129338,20,1.0,0.945016574397874,0.9443669199514712,0.00528726040568954,0,0.0,0.3519961103086866,0.3542432441401595,0.019207653211917194,8.05410988756424,8.31350313428917,0.9913994425215784,19.92932625296789,19.18921599698856,3.1020461602038463,0.8705588497437539,0.8569642555566519,0.07471990880372355,20,20,54.0,51.5,4.078183290065372,76.52241019813667,78.34764683597395,9.920454199645349,132.79267620757656,132.76596404379356,14.109382308563697,22.890388847794775,22.858497839977872,2.71644173215498
front,log104,60.0,self-supervised,training_window,4.686398826230419,4.415535993287646,1.2399671221995432,0.1051335935797704,0.10250083085079703,0.012037688899329197,0.34786590527791733,0.3350766702881123,0.045242143568213274,7.345107251902952,6.347282951356995,1.9909926694952582,25.910805066509948,25.27223329151064,2.4934685753956187,1.3241109310505061,1.3605263024516026,0.3185362858416749,26.622124470896296,25.899284042695434,2.467978115303359,9.09635667377099,8.427312417417129,2.289091194059643,8.767108800918399,8.17177809761668,1.8833581269171609,20,1.0,0.941312247342605,0.9437861115057116,0.01606928274556052,0,0.0,0.3544505583090031,0.33669181483648297,0.044545473642535555,7.494805163978832,6.3931580037526645,2.0573451746408056,19.453386706283442,20.132303315822643,3.59419148571163,0.933701199056455,0.9335054136537482,0.11029090642860193,20,20,52.6,50.0,6.44327474764845,69.8608242675617,61.56870241152831,16.56631583025137,140.27895972620567,143.10863662876258,9.725964089989658,20.991744067711142,19.19355630249752,4.214189786916651
front,log106,60.0,self-supervised,training_window,2.37013170780924,2.321863426075798,0.21244115300677893,0.05009130686798744,0.04827037602312094,0.004315875030198844,0.1682790128869099,0.16037177670583497,0.014732026187588605,3.5274038330796373,3.378370765084556,0.3541436464671806,6.074521295996055,5.839874128986682,0.7028388070724159,0.32547765261662576,0.3210982489970863,0.031971980064641914,6.825297962363914,6.5431274425118495,0.7797027730140446,4.595329570128526,4.396011495101838,0.5646610305253769,4.463995777464778,4.285486529733162,0.4660930762287611,20,1.0,0.9867292936612404,0.9873490902751247,0.0018952349130821073,0,0.0,0.17666647467220334,0.16946058429284583,0.016511886699294535,3.6988161847811183,3.57617367991817,0.3358043624340181,20.291930047278974,20.5286903479291,1.8781270100774643,0.9657133961048018,0.9671644567597284,0.04194887974948267,20,20,74.65,74.5,10.459319692076184,70.57348524758069,69.88985475683491,5.861838047241706,136.3059775175351,138.22633641030194,4.0356380820864315,20.98679282150426,20.998363195611915,1.393353683936963
front,log107,60.0,self-supervised,training_window,3.2896046606331226,3.2969565385789643,0.5682987003591586,0.07274649203556434,0.07004820744641405,0.013375439211892581,0.243950274749198,0.23931933598156846,0.04306260364344652,4.888709952485225,4.858570762377816,0.7468049861442223,5.314487662932132,4.3033548134476876,1.3847861535416655,0.3274091613956309,0.3111239590180712,0.06348101913382057,6.615502656692849,6.078074449707982,1.4486128482537886,7.98739626003749,7.607948980691935,1.85372817546755,6.413956962818875,6.274047050994653,1.0327723687381773,20,1.0,0.9748755690608046,0.980822130009946,0.01089916403277521,0,0.0,0.24584164589568025,0.24108980201980665,0.04257635703270979,4.927289143910807,4.946813181672049,0.7385193394075091,19.947482828049964,19.31898931329946,3.3974794977281353,0.9857352868900919,0.9431205819901264,0.12008839401824942,20,20,61.05,60.5,9.09872749923104,67.69988193534155,65.00842787922733,5.453242390519488,134.31361467715746,131.11377426480078,7.270226295418264,20.15414575868588,19.53590121276425,1.4680192604684037
front,log109,60.0,self-supervised,training_window,3.7048229065567853,3.7068928524360008,1.2165876152720145,0.07434083081002564,0.07530746717170687,0.01934816601123103,0.2447739903127001,0.24592178142252547,0.06178788425235971,5.392330130780707,5.461032796587826,1.6377347870091117,11.069883815405518,10.094637667319455,1.7910473635383612,0.5499071318469683,0.49310984965327875,0.1158188020437119,11.799581987360636,10.92487192936759,1.6170829505655475,7.978043107025146,9.172711980161914,3.188353162865628,6.768633614357654,7.057045706231305,2.252813753593871,20,1.0,0.9707626803246076,0.9723055194880379,0.013888445025170388,0,0.0,0.25189024667596793,0.2544657292489228,0.05895733479789609,5.545851083742141,5.652502892902309,1.5832105507031826,20.136103141393413,20.202577695646518,1.0211000678868776,0.9298310383054916,0.9055399922803948,0.07986221732988087,20,20,53.55,51.0,4.936171540139606,71.85097942379716,70.9014767234369,5.989708672316245,153.06226959650724,159.87225157311838,9.236415883086632,21.768404424592248,21.93293868972001,1.7163720295421292
front,log110,60.0,self-supervised,training_window,3.173190144112569,3.1120513483908807,0.7103056106992206,0.06905533160612655,0.07120172578027123,0.01232241317763637,0.23109717247019326,0.2386768559557535,0.04480892542330496,4.610086242614168,4.556445596416329,0.892696412685355,9.11548470640297,9.088205566180292,1.0773671611502584,0.5082426093903585,0.5301929980731623,0.061281323389602134,10.151436137239857,9.997265499938116,1.3163842129358458,8.0567574174921,7.005046506070998,3.343407217601728,5.391856772568504,5.792737050030253,0.9835664381756344,20,1.0,0.9780126690996693,0.9807531996111571,0.007934796356904044,0,0.0,0.23693357605518567,0.24259133784453524,0.04081220792270347,4.725810613920837,4.652890896851802,0.803729740491117,21.373570600956803,20.661217162326007,2.3970313574478457,1.0665627652137222,1.0738304556324905,0.06322934355740058,20,20,54.25,51.0,5.720461887865902,66.77882380376066,65.09400094519526,4.906151247129289,133.288036673565,129.9554021484882,14.735676677931082,20.020971923771537,20.01605150524196,1.6165635630095567
front,log112,60.0,self-supervised,training_window,3.457694293830637,3.547309023585135,0.4227282238440347,0.07448172140276837,0.07559528197671639,0.006401256901860091,0.24736359758144394,0.25272125797194733,0.025344564166741166,5.454844504233413,5.522899102602013,0.6774657218809158,17.666212197657373,21.800686087912833,5.549844637346173,0.829497659428819,0.9563689988534299,0.21729772549949863,18.395879668167673,22.40847778488714,5.316593335896848,6.440029525952258,6.530280993205536,1.1201735914366733,6.691201094638933,6.673482159651691,1.0243469602820898,20,1.0,0.9706490560183478,0.9688272117206198,0.006457307889321296,0,0.0,0.25369977744723504,0.2543102164049986,0.02343588330610075,5.593828544062789,5.61844279949362,0.6429348926727211,21.14881295428658,20.986363538777624,1.7567758809429155,0.9606553259892976,0.9476715470818868,0.06796406890349933,20,20,81.4,82.0,14.489197427920677,73.21916972700761,75.10546313204358,6.493514045334289,144.1946841478054,138.81808940642793,12.208342836611191,22.04861398705922,22.626767789754602,1.5294600209681242
