pipeline,log,duration_s,trainer,evaluation_scope,aligned_mae_mean,aligned_mae_median,aligned_mae_std,aligned_nrmse_p90_mean,aligned_nrmse_p90_median,aligned_nrmse_p90_std,aligned_nrmse_std_mean,aligned_nrmse_std_median,aligned_nrmse_std_std,aligned_rmse_mean,aligned_rmse_median,aligned_rmse_std,anchored_mae_mean,anchored_mae_median,anchored_mae_std,anchored_nrmse_std_mean,anchored_nrmse_std_median,anchored_nrmse_std_std,anchored_rmse_mean,anchored_rmse_median,anchored_rmse_std,bin_occupied_rmse_mean,bin_occupied_rmse_median,bin_occupied_rmse_std,bin_rmse_mean,bin_rmse_median,bin_rmse_std,completed_trials,completion_rate,correlation_mean,correlation_median,correlation_std,failed_trials,failure_rate,fixed_aligned_nrmse_std_mean,fixed_aligned_nrmse_std_median,fixed_aligned_nrmse_std_std,fixed_aligned_rmse_mean,fixed_aligned_rmse_median,fixed_aligned_rmse_std,prediction_std_mean,prediction_std_median,prediction_std_std,prediction_to_travel_std_mean,prediction_to_travel_std_median,prediction_to_travel_std_std,scheduled_trials,successful_trials,training_observations_mean,training_observations_median,training_observations_std,travel_p90_span_mean,travel_p90_span_median,travel_p90_span_std,travel_range_mean,travel_range_median,travel_range_std,travel_std_mean,travel_std_median,travel_std_std
front,log-0046,10.0,oracle-power,full_log,1.9611774386733405,1.9922991828495413,0.1383246284305,0.04723849967076045,0.04843449808946376,0.004091944357110736,0.15732608896973915,0.16130931779664984,0.013628070461020688,3.1986516653356576,3.2796360818685164,0.2770770605238912,2.122371288490356,2.0358406926821693,0.21082449942606446,0.16699991216199414,0.16233993518377218,0.017545830132004503,3.395333543507949,3.3005899239377543,0.35673040078068524,4.47715437375667,4.343920435059873,0.7862244992519569,4.416084463864478,4.481629134726271,0.5496016791488322,4,1.0,0.9896784341205644,0.9893583181167855,0.0012015333746887447,0,0.0,0.15732608896973915,0.16130931779664984,0.013628070461020688,3.1986516653356576,3.2796360818685164,0.2770770605238912,21.397679247920877,21.425546455488238,0.47436338195497163,1.052447575203872,1.0538182273522736,0.023331623271833437,4,4,976.0,976.0,0.0,67.71281238035488,67.71281238035488,0.0,164.92645015628375,164.92645015628375,0.0,20.331349277683387,20.331349277683387,0.0
front,log-0048,10.0,oracle-power,full_log,2.6631299348414155,2.6924786591524477,0.18850546571698304,0.05319599356421891,0.050351066966882296,0.00746727635597917,0.17726597968312144,0.16778577888952906,0.024883341208944167,4.1955471406155915,3.9711688961091216,0.5889411563615906,2.9235510357582433,2.8438815085792513,0.21745843105302112,0.18620892611036938,0.17980198834832628,0.019183300696801502,4.407209600488544,4.255569621651695,0.454032085174536,5.03590127277694,5.091736603498184,0.7823777012621961,5.03590127277694,5.091736603498184,0.7823777012621961,4,1.0,0.984597584421727,0.9864596866817217,0.004278320833496772,0,0.0,0.17726597968312144,0.16778577888952906,0.024883341208944167,4.1955471406155915,3.9711688961091216,0.5889411563615906,23.237151466757304,23.113804961314557,0.9089865010812131,0.981792429388705,0.9765809186143106,0.03840557077121815,4,4,976.0,976.0,0.0,78.8696076434905,78.8696076434905,0.0,146.71012738680676,146.71012738680676,0.0,23.668089884564996,23.668089884564996,0.0
front,log-0049,10.0,oracle-power,full_log,2.304618316074933,2.1679198532560915,0.42427145849349773,0.04860186220901455,0.045758115954928916,0.007612975661481002,0.1616103755947208,0.15215438194899544,0.025314582613198997,3.69973682728219,3.4832613206762932,0.5795252514986985,2.0819977358416293,1.9637266494289793,0.3791324517150603,0.16528414916268386,0.15476144820239127,0.025826568989302582,3.7838403095893787,3.5429447351437,0.591246125506735,3.484839647018595,3.291992133401533,0.6167656354653916,3.7492745913207504,3.457522003389999,0.7162312861713185,4,1.0,0.9891789625674866,0.9899066585983105,0.0019738583577349907,0,0.0,0.1616103755947208,0.15215438194899544,0.025314582613198997,3.69973682728219,3.4832613206762932,0.5795252514986985,22.400645917397945,21.693525001907965,1.8196993173067837,0.9784957604496417,0.9476075967563429,0.07948735379522606,4,4,976.0,976.0,0.0,76.12335534328501,76.12335534328501,0.0,124.13560881540509,124.13560881540509,0.0,22.892941209172253,22.892941209172253,0.0
front,log-0054,10.0,oracle-power,full_log,2.4574830439618904,2.4398949043768434,0.14311663923090437,0.050249181122553735,0.04951417988964822,0.004820935824125324,0.17554785790440627,0.17298009681634058,0.01684216415299871,3.168195171261988,3.121853573151494,0.3039584975863893,2.4734384907576086,2.447011239084265,0.16353769342555935,0.18179126308754587,0.1762614859552974,0.024271723245273907,3.280872855795321,3.181074354021037,0.4380432624006062,3.4472813215189415,3.568768106800653,0.6019849103344445,3.256542965090782,3.2460374370936904,0.41615538756446196,4,1.0,0.9857134981863931,0.9860202843290877,0.001908412647165467,0,0.0,0.17554785790440627,0.17298009681634058,0.01684216415299871,3.168195171261988,3.121853573151494,0.3039584975863893,17.10532291996949,16.95788456861093,0.7591120203533859,0.9477960274043595,0.9396265538224519,0.04206195700672106,4,4,976.0,976.0,0.0,63.049687586649696,63.049687586649696,0.0,135.33135455623437,135.33135455623437,0.0,18.047472689682227,18.047472689682227,0.0
front,log-0055,10.0,oracle-power,full_log,3.1446081616844626,3.013578351147933,0.3193043169151096,0.05258376772346488,0.05114843309489256,0.003106833434772612,0.17172440607285816,0.16703699021662616,0.01014608023448171,4.194924968874168,4.080419650355485,0.2478508808687918,3.2019998515096693,3.142354911271723,0.28799144841193614,0.17592410697126212,0.1739388452048537,0.011560626329023474,4.29751626945519,4.249019818984867,0.28240575205640317,5.464200452782823,5.312791111684746,2.073336915593886,4.3039326112427565,3.962330363426537,0.8495786781450669,4,1.0,0.9855299762831922,0.9862193258083409,0.0021559657928407324,0,0.0,0.17172440607285816,0.16703699021662616,0.01014608023448171,4.194924968874168,4.080419650355485,0.2478508808687918,23.84494097777853,23.814776935209977,0.7588332100911886,0.9761219467890327,0.9748871446571055,0.031063769501994784,4,4,976.0,976.0,0.0,79.77604402436594,79.77604402436594,0.0,143.32322178319504,143.32322178319504,0.0,24.42823978726921,24.42823978726921,0.0
front,log-0056,10.0,oracle-power,full_log,2.5991243690509744,2.578658235588946,0.051883468261549,0.046712370910559,0.04653740181073866,0.0007718144709999111,0.1603666431435785,0.159765962710428,0.0026496898665427124,3.63544096744335,3.6218238073394136,0.0600672989283969,2.6918465132563636,2.6791674344248593,0.09710389730004673,0.16640467189784194,0.1616979897341933,0.011877572901331705,3.7723204123550778,3.665622006607795,0.2692593314473534,3.920789350933513,3.7665111260734423,0.33779860633716047,3.699743124071829,3.685574801254003,0.10995594555855578,4,1.0,0.9871524461055683,0.987154905465012,0.0002859767549626239,0,0.0,0.1603666431435785,0.159765962710428,0.0026496898665427124,3.63544096744335,3.6218238073394136,0.0600672989283969,22.199907500682084,22.34539994358873,0.30347673682555476,0.979282754379593,0.9857007198700645,0.013386971757406158,4,4,976.0,976.0,0.0,77.82608539404247,77.82608539404247,0.0,147.76901138236258,147.76901138236258,0.0,22.669558308260456,22.669558308260456,0.0
front,log-0058,10.0,oracle-power,full_log,2.547584512737838,2.533986563742339,0.07566124772672414,0.043937620186089196,0.04372377884033611,0.0010527536328787473,0.14959577284465236,0.14886770060840956,0.003584342817351143,3.5465124813485898,3.529251851425311,0.08497510522819855,3.1712549532733214,2.998923609283632,0.6674202793054441,0.1768099968359399,0.17147793584921317,0.02500198758531725,4.191688365800513,4.065279574421257,0.5927297231983238,4.351027616887762,4.075754280269934,0.674632389901723,4.351027616887762,4.075754280269934,0.674632389901723,4,1.0,0.9890506841730391,0.9891174743483573,0.000815567073387384,0,0.0,0.14959577284465236,0.14886770060840956,0.003584342817351143,3.5465124813485898,3.529251851425311,0.08497510522819855,23.814410985477604,23.88242684687746,0.5462368743887256,1.004517884808915,1.0073868681849263,0.023040868405278008,4,4,975.75,976.0,0.5,80.71699073204307,80.71699073204307,0.0,156.16221917655614,156.16221917655614,0.0,23.707304116350024,23.707304116350024,0.0
front,log-0063,10.0,oracle-power,full_log,3.7623913027848683,3.7158907779140318,0.6829761298913996,0.05730739429920198,0.05707338017668339,0.00896734217002932,0.17898278137470042,0.17825190712990996,0.028006854311867384,5.142356107440368,5.121357352098642,0.8046652153612222,3.5579917364048264,3.5606140833826574,0.5831830325002045,0.19804277869793907,0.19627837282518878,0.040737199981791344,5.6899690838962576,5.639275920866534,1.1704209059519934,5.432226542917759,5.017457284341405,1.881661992908907,4.72241525135789,4.689035442980598,0.7187135852957547,4,1.0,0.98746884061446,0.9871230430543483,0.0023000793854432507,0,0.0,0.17898278137470042,0.17825190712990996,0.028006854311867384,5.142356107440368,5.121357352098642,0.8046652153612222,27.168276885561134,26.641549167438157,2.5916497296657055,0.9456081338085556,0.9272750603988019,0.09020391961836484,4,4,976.0,976.0,0.0,89.7328550761202,89.7328550761202,0.0,153.72213457336557,153.72213457336557,0.0,28.731010144908,28.731010144908,0.0
front,log-0071_183,10.0,oracle-power,full_log,1.9557779887807305,1.923449543662975,0.21886468244604415,0.03956808844823685,0.03815770937472679,0.004720514773644386,0.1339232250107754,0.1291496177575649,0.015977182294881296,2.8979573670549175,2.7946615398691916,0.3457293769060985,2.105435846995721,2.1066973237280227,0.10955807342519602,0.13890200113324164,0.13319182659046785,0.011977884517195826,3.005692832220554,2.8821306764998473,0.25918879026059755,4.35489877525288,3.8756913150954793,1.6620664616632495,3.165328350678585,3.1672234151232566,0.5461229058875965,4,1.0,0.9913534583050081,0.9916723860561343,0.0015712173718540959,0,0.0,0.1339232250107754,0.1291496177575649,0.015977182294881296,2.8979573670549175,2.7946615398691916,0.3457293769060985,21.942013903933045,21.81302795882726,0.47239066571228067,1.0140056919582354,1.008044867984077,0.021830576990671383,4,4,976.0,976.0,0.0,73.23976165404193,73.23976165404193,0.0,153.6761142601884,153.6761142601884,0.0,21.638945498973378,21.638945498973378,0.0
front,log-0072_184,10.0,oracle-power,full_log,2.028370143572044,1.8963334343715772,0.31105204185740915,0.04134865238290477,0.038385006696316365,0.007005841187354337,0.14123879116712482,0.1311155656180748,0.02393056323208926,2.960238892069748,2.7480651277953676,0.5015632278029151,2.05630714814963,1.977583074664948,0.26526570171478164,0.14355519169213807,0.13439029038464834,0.023486189853940572,3.0087885777976666,2.8167004335405457,0.4922495587625193,4.425547298397599,2.8586227147673196,3.1676018467811002,3.25577801435639,2.916093429044044,0.7904207851062924,4,1.0,0.9899394966727038,0.9916722059277836,0.0038051165248766507,0,0.0,0.14123879116712482,0.1311155656180748,0.02393056323208926,2.960238892069748,2.7480651277953676,0.5015632278029151,20.379543322927066,20.404010724249552,0.1317284867294659,0.9723478977251574,0.9735152853285859,0.006285023914044983,4,4,976.25,976.0,0.5,71.59214923516183,71.59214923516183,0.0,149.74909046631353,149.74909046631353,0.0,20.959106684557796,20.959106684557796,0.0
front,log-0073_185,10.0,oracle-power,full_log,1.547553746241544,1.496552016990669,0.12615667921788407,0.0353941280047583,0.034453263721139896,0.0021226975942645375,0.12472947511538243,0.12141385428034568,0.0074804203885375205,2.381361636990978,2.318059099623122,0.14281777523195488,1.536724485508313,1.4872625563534214,0.12411350720845198,0.1280128276778022,0.12705985363700753,0.006097847012443595,2.4440481016428133,2.42585371880189,0.11642139061549209,4.931806307235181,3.230774389294162,3.489390733792189,2.977605374042396,2.7457350934631863,0.5494934680440616,4,1.0,0.9922403664718081,0.9926938368762348,0.000999346626602571,0,0.0,0.12472947511538243,0.12141385428034568,0.0074804203885375205,2.381361636990978,2.318059099623122,0.14281777523195488,18.83127908903348,18.860809844689808,0.21244920817315013,0.9863329953926363,0.9878797389008709,0.011127532170039733,4,4,975.75,976.0,0.5,67.28126305783923,67.28126305783923,0.0,147.53985945089536,147.53985945089536,0.0,19.09221244447691,19.09221244447691,0.0
front,log-0046,10.0,oracle-power,full_log_excluding_training,1.966476958501442,1.9996229930988279,0.14089995568826302,0.047678009465748954,0.04911968398944942,0.00434347385889015,0.15850220228333275,0.16307891432075372,0.014085311010067056,3.2131300546703976,3.2962267552000317,0.2811968031518103,2.1358362027806277,2.046488062092753,0.21830431155166086,0.16858657301527533,0.16415626385456505,0.017872943629036183,3.4180959284542585,3.3180607627465095,0.3647668346786625,4.508464250324817,4.372874558125783,0.8011250781371351,4.450675586094857,4.5056227792055825,0.569125627571632,4,1.0,0.9895917555245025,0.9893133443759331,0.0012934966915773855,0,0.0,0.15850808453448068,0.16307950988611028,0.01408528420342462,3.2132496111379627,3.2962388252158363,0.2812004254918368,21.367484264259584,21.452597190444326,0.5280931704238674,1.053890826541747,1.0552304620430895,0.023798724359157208,4,4,976.0,976.0,0.0,67.41172773118865,67.35887416279736,0.4403103269956942,164.92645015628375,164.92645015628375,0.0,20.274258994188504,20.29182584536042,0.10069529458580088
front,log-0048,10.0,oracle-power,full_log_excluding_training,2.6880914542645282,2.7210226848639527,0.20692865630054258,0.05370716439117912,0.05091523015498544,0.00762281728991045,0.17864927426060745,0.16927261175736197,0.025552578398050845,4.230692502737549,4.005040746031579,0.6031006755118852,2.965153764082832,2.888103310917103,0.21729838669831783,0.18793992467983753,0.18164484462141045,0.0196875873536949,4.450550728843097,4.295293999146228,0.46160711197260706,5.0492133161259165,5.110315733143769,0.7735043948833062,5.0492133161259165,5.110315733143769,0.7735043948833062,4,1.0,0.984353454637256,0.9862094526938251,0.0044020117515828575,0,0.0,0.1786542812816795,0.16927705489008193,0.02554869913050471,4.230810994074599,4.00514546154291,0.6030076912611363,23.25284088965182,23.192741577440554,0.953097180054285,0.9818073385714657,0.9763299818572866,0.03896036283314802,4,4,976.0,976.0,0.0,78.76939615281799,78.88060668421721,0.31695019407094654,146.71012738680676,146.71012738680676,0.0,23.682862480989655,23.706264101494845,0.09680071981417056
front,log-0049,10.0,oracle-power,full_log_excluding_training,2.373036143543464,2.2309491437919258,0.4449289289787448,0.049430770772603244,0.046484282460782414,0.007973748915464809,0.16293092084706598,0.15363165782084043,0.02583271339699151,3.7673035560856896,3.54673733851914,0.5933961202897364,2.1416488304105186,2.0149956882222217,0.40259172700157553,0.16679945232512092,0.15637848090969061,0.02632836052768287,3.85687594676316,3.6103204855138817,0.6057160464204339,3.514531255352251,3.333213214846931,0.6128311681210966,3.779418018798399,3.5007730715604697,0.7142591938555319,4,1.0,0.989061798744565,0.98977067947527,0.0020310570115403986,0,0.0,0.1629371689776491,0.15363608283282026,0.025833438139668072,3.767448227243539,3.5468397702509007,0.5934142720786612,22.610485565554068,21.978981202180528,1.899563669687392,0.9776574410421434,0.946998158095641,0.08109582338374517,4,4,976.0,976.0,0.0,76.24620633792436,76.28510503897127,0.2911825255742851,124.13560881540509,124.13560881540509,0.0,23.125799242274276,23.158464781953324,0.1230518559866754
front,log-0054,10.0,oracle-power,full_log_excluding_training,2.4639217568593557,2.445823085851689,0.14330941002874398,0.05025880633965636,0.04952135454288577,0.004808091264325295,0.1758704265426913,0.17331732174246722,0.0165949856893921,3.1765878966626513,3.12986532482253,0.3053858251628626,2.481941439007704,2.4542453761479095,0.16565630135942574,0.18224205688789188,0.17667319759419298,0.02416551692674353,3.2918418302374652,3.190480152305337,0.4425559474359029,3.4509821550654545,3.5708220761219405,0.598365155612418,3.263216145913903,3.254628345977827,0.4122655196073614,4,1.0,0.9856828400842326,0.9859875348597164,0.0018583733726817548,0,0.0,0.17587153427140542,0.173317892041724,0.01659628105967564,3.176607934273796,3.1298756257522684,0.3054093142633019,17.109146984386527,16.957505258825805,0.7340404624358471,0.9474121591895048,0.9390228164523234,0.04232954330772016,4,4,976.0,976.0,0.0,63.20251250521153,63.20303771286268,0.03776286038985625,135.33135455623437,135.33135455623437,0.0,18.05988225194624,18.058693853056717,0.03310348393543811
front,log-0055,10.0,oracle-power,full_log_excluding_training,3.1932925785038813,3.0605744398888888,0.32266998627659643,0.05305454009470563,0.05165080932418991,0.002913091564705488,0.17301318177741784,0.1681702607118558,0.010158397471615661,4.247271433975518,4.132933083362385,0.24687577678128866,3.2621624060716985,3.206963235247869,0.2980883527648558,0.17742977551777833,0.17544387392284494,0.011328124728948959,4.356292009051459,4.311975930566495,0.2879079478063106,5.461805079907363,5.3244971543417,2.083401250182937,4.32997533268226,3.98319507797088,0.8497026836120471,4,1.0,0.9853284411042572,0.9860996144918792,0.002175904717972831,0,0.0,0.17301946322054007,0.16818066617528601,0.010156954769355785,4.247426494187315,4.133189261825444,0.24685855766230327,23.95012931437841,23.918454994132077,0.9121280396030353,0.9754504070497487,0.9747960454925588,0.03191494516313036,4,4,976.0,976.0,0.0,80.04493809807617,80.05817841065513,0.34290022103141793,143.32322178319504,143.32322178319504,0.0,24.549683200914963,24.536941736657074,0.13377997097014618
front,log-0056,10.0,oracle-power,full_log_excluding_training,2.6206345360221532,2.601218859227864,0.048138712510774936,0.04715040872121774,0.047034563856817105,0.000535664945954264,0.16214163093978057,0.16196070638038268,0.0017478058724620324,3.6611876821204588,3.649531611762631,0.05656218179618874,2.7248080474991827,2.7174789042848344,0.09651990746434218,0.16852574978885798,0.16386492856825552,0.011453046926286667,3.8061462898488423,3.6945743293808357,0.2781914675276185,3.9425581379330303,3.796172560908794,0.33884485197313724,3.7182994348815512,3.7079802768774224,0.1045949158589926,4,1.0,0.9868685935356676,0.9869058011347185,0.00018327928726039373,0,0.0,0.16214868232496651,0.16196221648263676,0.0017569417615003657,3.6613478015792618,3.6495657029547792,0.056786151206440656,22.094022650183177,22.179523468035065,0.20072741706942002,0.9785525446843486,0.9849596653301615,0.013329016990653053,4,4,976.0,976.0,0.0,77.64642416366584,77.5914298296913,0.31663911468930456,147.76901138236258,147.76901138236258,0.0,22.579356433280502,22.54608567038315,0.1112269949003816
front,log-0058,10.0,oracle-power,full_log_excluding_training,2.539493396892136,2.5216483657110365,0.08686438393776501,0.04397698360136018,0.043826639424893614,0.000998876001936911,0.14949500617205477,0.1489526780913874,0.0035633986561682987,3.5395142862315616,3.522398471386533,0.08036218090637187,3.202039037132905,3.0232717427346265,0.6887248466246215,0.17802893521336313,0.17215972500185783,0.02593938480710182,4.215045351063052,4.081646741162216,0.612105096165243,4.355326447678763,4.068159330722497,0.677120677293953,4.355326447678763,4.068159330722497,0.677120677293953,4,1.0,0.9890943208385639,0.9891347042968246,0.0008561046375570771,0,0.0,0.14951453951404392,0.14897745493194425,0.0035517470392580934,3.539976697610009,3.5229841441802354,0.08006777203676023,23.804385611631005,23.84845501756102,0.5934799160322269,1.0053630057767873,1.0084963438662342,0.023991063296671843,4,4,975.75,976.0,0.5,80.48583425668342,80.53020993491762,0.20038688615366648,156.16221917655614,156.16221917655614,0.0,23.676986637269387,23.65893331151776,0.05195019052814614
front,log-0063,10.0,oracle-power,full_log_excluding_training,3.8606700215457384,3.849329818447033,0.736298363007515,0.05793916814299141,0.05820112300319803,0.009389241915527341,0.18017672212948715,0.18127635655910157,0.027811985887511385,5.223526579048108,5.236845731145701,0.8692448073323763,3.7047792379631397,3.7428107667837707,0.6775979237348239,0.2010933836701242,0.2010813880721794,0.04084687958667071,5.834079462660083,5.81308235161008,1.2647241938164646,5.448736003993935,5.088121158081596,1.835389233121923,4.745162320054313,4.707445476424862,0.727230307128734,4,1.0,0.9874684114082894,0.9867345678078796,0.0023278025392887364,0,0.0,0.18026845238954584,0.1813640294031652,0.02785978589937235,5.22620455648733,5.2393968998566045,0.8707455362734282,27.335997406887472,26.69494757620192,2.3839828166180967,0.9449600571904282,0.9250587634343521,0.09238391279052181,4,4,976.0,976.0,0.0,90.11054278805076,90.24112308749599,0.7206667226323216,144.00569151457438,144.00569151457438,11.21958203111754,28.951327134200245,28.889405547378885,0.4115004089220043
front,log-0071_183,10.0,oracle-power,full_log_excluding_training,1.9584179347589017,1.9315602420309679,0.21784574854991565,0.03969024556771526,0.038258327027315214,0.004686256901770638,0.13427631499776455,0.12943459304714888,0.015913412797290066,2.9056514499400454,2.809582917987596,0.3365989866474147,2.1173601461478606,2.127314569036054,0.1044034961179657,0.1394605418182408,0.13405379976328685,0.011842401288363152,3.0178629861211155,2.9034421429223687,0.24616810998673788,4.36263961640344,3.888211336368088,1.6623461573304195,3.176893425284572,3.180401454702156,0.5506892785426181,4,1.0,0.9913325803762347,0.9916370440202715,0.001521371467669978,0,0.0,0.13427917770160094,0.12943649136469831,0.015910702853036144,2.9057134111166762,2.8096241154548744,0.3365391743122575,21.956329505700488,21.83440988414666,0.41849921990638084,1.014492198223235,1.00810116916188,0.022670870795185174,4,4,976.0,976.0,0.0,73.2207691831641,73.2474161340567,0.2574262453442181,153.6761142601884,153.6761142601884,0.0,21.643873294528248,21.659023335435815,0.07772422539929617
front,log-0072_184,10.0,oracle-power,full_log_excluding_training,2.0438702664297903,1.9081196779581213,0.3215211139975885,0.04171473331267653,0.03889202421706678,0.00689614765024626,0.14261672748728654,0.13291603060150742,0.023694800189713452,2.980791064553852,2.7638691080210624,0.5138016816020008,2.0746027214054172,1.9896916736492103,0.27148527058528554,0.1450641306384218,0.13638554769534514,0.023235841415420296,3.031839756744724,2.8360549491005957,0.5041704078171932,4.406261181547205,2.861584143685456,3.1808925399261936,3.269869181160413,2.9338214542674104,0.7906210547842015,4,1.0,0.9897688074138935,0.9914723313128124,0.0038091755717772438,0,0.0,0.14261871317180183,0.13291885223745295,0.023694393543971452,2.9808324821014676,2.7639278146171318,0.5137931810044203,20.286368254520713,20.24221529217072,0.2556731072909397,0.9712269617302471,0.9721895956453072,0.006997338959278943,4,4,976.25,976.0,0.5,71.40295481284392,71.31665059306957,0.5049277318986146,147.88969652462026,149.74909046631353,3.718787883386568,20.886843990997505,20.866704698687542,0.13315417194427961
front,log-0073_185,10.0,oracle-power,full_log_excluding_training,1.5640966009477602,1.5109724213010534,0.13154701788655812,0.035525164257343825,0.034559897522953284,0.0021945036657103436,0.1249410343533662,0.1217053447651838,0.007411060559838077,2.404632592531033,2.3400175549980613,0.14740299680356886,1.5545094158716029,1.504079136667948,0.12843444122922487,0.12837572670154845,0.12759099285185582,0.006028680122386073,2.4706158694085762,2.45114100967768,0.11870115791747664,4.945734947990459,3.249405066643819,3.4803170770236886,2.9953333534003965,2.7690225741681473,0.5412972318225276,4,1.0,0.9922174310625023,0.9926682573643362,0.000993216691495195,0,0.0,0.12494418382090791,0.12170925682204847,0.007409034946653728,2.4046930959568087,2.3400926687792287,0.14736299131701383,18.97827623560895,19.005973946229044,0.2606187474387059,0.9861454584444277,0.9877684462211344,0.011387165193656462,4,4,975.75,976.0,0.5,67.6895663710319,67.6700850796633,0.06577168221487609,147.53985945089536,147.53985945089536,0.0,19.24454333943428,19.241294401807078,0.04374072848516007
front,log-0046,10.0,oracle-power,training_window,1.5617010851266477,1.5309109581058769,0.16591598596032622,0.028360705878757945,0.028129023529372056,0.002472273925066161,0.10161884968231935,0.10226895801944891,0.006513512877465739,2.2157333847366107,2.1104030856573748,0.31694161691763506,1.5617010868954324,1.5309109614838157,0.16591598711333413,0.10161884968231946,0.10226895801944913,0.0065135128774657415,2.215733384736613,2.110403085657379,0.3169416169176352,2.5642373688826225,2.3963598669441986,0.6004707491122352,1.9329703603619406,1.7870698278722572,0.3465400068137133,4,1.0,0.9948072496774195,0.9947566563583935,0.0006592834360132329,0,0.0,0.11598761652042641,0.11573989198684013,0.014282535773223014,2.507075460698003,2.511693341038472,0.2134386548070391,21.734168264510974,21.547662366214233,3.120512297862765,0.994807248085764,0.9947566533390539,0.0006592835132041084,4,4,976.0,976.0,0.0,78.66765907559282,77.69531242249478,13.715501692858213,108.41352830751109,110.16765826908471,16.557089953345702,21.847142746846394,21.65097050463685,3.133568078905434
front,log-0048,10.0,oracle-power,training_window,1.125682310894295,1.0922134813245048,0.28468926961486435,0.02469676486015643,0.025811630600940313,0.004100780245876222,0.08628754328231097,0.08652488737462272,0.01557748696432571,1.6333663535434464,1.5787222863252452,0.3556833895244712,1.1256823110917635,1.092213481480833,0.28468926985421217,0.08628754328231097,0.08652488737462272,0.01557748696432571,1.6333663535434464,1.5787222863252452,0.3556833895244711,1.9468411625743558,1.8614358086385145,0.33867933780637227,1.7745127526295081,1.7658319305252685,0.5424769680066924,4,1.0,0.9961782488418647,0.9962496799124996,0.0013480027530346013,0,0.0,0.10729533870953013,0.10945226085632859,0.03412753805609093,2.029856119103599,1.9883913015669106,0.6907035252872136,18.787231857128393,18.70811244006157,0.9391737369649302,0.9961782488152489,0.9962496799050055,0.0013480027452965092,4,4,976.0,976.0,0.0,66.09499138078458,66.41103498391912,7.844822851449165,103.1472538108291,105.40662175915351,11.293065864935476,18.85988374932969,18.76420592902501,0.9585892180130258
front,log-0049,10.0,oracle-power,training_window,0.6475600372821372,0.7002695174910047,0.18783667975608934,0.019041022945567757,0.01811706171697522,0.007080331087845256,0.06393075869081576,0.06178472783449554,0.021796294489648507,0.9029854290089918,0.9597779481062283,0.20817072054642946,0.6475600416491712,0.7002695252473263,0.18783668218280675,0.06393075869081584,0.061784727834495706,0.02179629448964853,0.902985429008993,0.9597779481062308,0.2081707205464302,1.201443404655732,1.242144605243388,0.2522390237881544,0.9375157883578393,0.9979287268776662,0.17859095500849756,4,1.0,0.9977750280316438,0.9979983215320336,0.001434196434554964,0,0.0,0.08595868478121259,0.0896224651581678,0.022468837046714273,1.2128847366300657,1.249099480973332,0.148240279662336,14.564002908223282,14.11428976430644,2.519320490908625,0.997775027334094,0.9979983203952396,0.0014341964361836335,4,4,976.0,976.0,0.0,49.477518667409925,49.459654602462734,8.911320650256489,90.05189880774901,87.9909370898862,4.7570881930811915,14.59443218281763,14.140737121679102,2.508876528993933
front,log-0054,10.0,oracle-power,training_window,1.8256636590833089,1.7987048087386555,0.0944250859828961,0.04209524758417659,0.04284458601464787,0.004758907914862827,0.14350485371704919,0.14210157613897179,0.01793557435128115,2.27559622541616,2.252836354942021,0.11665294076627981,1.8256636811392255,1.7987048468763733,0.09442508581721552,0.14350485371704982,0.14210157613897278,0.017935574351280875,2.2755962254161712,2.2528363549420427,0.11665294076627836,2.129431753866142,2.221800637558475,0.3519395491322145,2.128977122856098,2.023598486877992,0.33395052337215325,4,1.0,0.98952506359362,0.989851937827638,0.0026436992284534873,0,0.0,0.1557091648278259,0.1469188500763542,0.034713153385853776,2.442901566482003,2.4341918415940347,0.17150557850295736,15.894366205616993,16.407158214514983,2.2449824189213814,0.9895250620254499,0.9898519337012666,0.0026436992737979346,4,4,976.0,976.0,0.0,54.614469051008236,54.97161993460051,6.938181379994866,89.95317426332636,94.37824572817485,11.44136404351329,16.05828699741207,16.575404454120413,2.230336358534962
front,log-0055,10.0,oracle-power,training_window,1.6387597047673848,1.806870318356983,0.4750360302251401,0.038915446477967894,0.03334237503872499,0.014312715971978036,0.12265776979522813,0.10641307807392444,0.043907876929184096,2.2228496659650556,2.35166154639109,0.6430168025825762,1.6387597042831763,1.8068703184660069,0.47503602973803843,0.12265776979522813,0.10641307807392444,0.043907876929184096,2.2228496659650556,2.35166154639109,0.6430168025825761,2.6596750692266062,2.85392024428968,0.8123728917410468,2.204805016729594,2.272809930921431,0.4999183720030171,4,1.0,0.991705656755135,0.9942377889049203,0.0062220710813451095,0,0.0,0.1388113209221236,0.1350339892471703,0.043012275417559434,2.4573665683919668,2.361370674671477,0.36056611630640467,18.508751371562564,17.82278192620764,4.697879259075759,0.9917056563255245,0.9942377889782557,0.0062220719850044496,4,4,976.0,976.0,0.0,59.03435835379999,57.57741842270591,15.467136875325881,98.23921469573436,106.98425311950231,29.881950449073145,18.653916522469,18.03031116531121,4.677462513176638
front,log-0056,10.0,oracle-power,training_window,1.7061075124002087,1.7165649910913152,0.2736979206195426,0.03225506145594679,0.03165251327520409,0.0027020764968503806,0.11143638067535552,0.1117828129723745,0.008093645375483849,2.547681948698695,2.577887104213983,0.15548483074027136,1.7061075158389423,1.7165649910914298,0.27369791482530686,0.11143638067535583,0.1117828129723751,0.008093645375484036,2.547681948698701,2.5778871042139824,0.1554848307402602,2.8763828477123794,2.8544071234151795,0.2136570674390639,2.976613649273873,3.0281459507127213,0.14367276442844565,4,1.0,0.9937465416233194,0.9937267468710806,0.0009046193094523974,0,0.0,0.1210709169064682,0.11701839260818314,0.02035171498097952,2.7467223918951853,2.7184255641880455,0.19990340336238957,22.804221784206398,23.129247580398594,2.0694707138968433,0.9937465404322401,0.9937267445696596,0.000904620015105553,4,4,976.0,976.0,0.0,79.2277254961579,78.6585567355998,5.704771100637495,124.85405613912482,124.74962016485593,8.890526283812948,22.946677280127115,23.281878542792697,2.0666819509428374
front,log-0058,10.0,oracle-power,training_window,1.9318324357553633,1.8445540736135408,0.2727345052302234,0.035486444745629245,0.03404736398083244,0.008456852067659133,0.12407074980582625,0.12040490840030424,0.02579338790573582,2.957222500377399,2.7304354217966282,0.7977154296826137,1.9318324457085836,1.844554078671706,0.27273451921314223,0.12407074980582637,0.12040490840030427,0.02579338790573602,2.957222500377402,2.7304354217966287,0.7977154296826188,3.7593935875191566,3.789073672133921,0.9953201378989706,3.635845980546738,3.4169998785031024,1.2781820472403285,4,1.0,0.9920176176505178,0.9927123750886262,0.0033706911000899514,0,0.0,0.15937169874764737,0.16720471544371523,0.019782755096877873,3.7712793035012258,3.8131793227047304,0.5778827844905996,23.510377070379448,24.430862410479563,2.390230521625758,0.9920176146206953,0.9927123738970409,0.0033706955778493143,4,4,975.75,976.0,0.5,83.13751331930904,85.28088027237295,6.89279192540801,129.70327703500772,132.37138835834003,18.869055264381487,23.701981633020175,24.585474095985212,2.438914867656267
front,log-0063,10.0,oracle-power,training_window,1.399643952315733,0.8816134596401031,1.103582017217849,0.033455464003991325,0.027044922051498797,0.015547181499476159,0.09902121571708764,0.08497420416883766,0.03277399615837811,2.1659619107632655,1.5679921363482197,1.5318941643108386,1.3996439547825394,0.8816134650533822,1.1035820154956748,0.09902121571708868,0.08497420416883975,0.03277399615837745,2.165961910763287,1.567992136348262,1.5318941643108301,2.4350370975157043,2.5698999803699856,0.9136541430375152,1.9412880205080398,1.4318699314657874,1.2262652856729406,4,1.0,0.9946750296984568,0.9963807500811084,0.003791747906884528,0,0.0,0.1827192527915016,0.1860224595491436,0.07372929314453076,3.463282384187317,3.6321838124201173,1.1140388588325811,20.118107201637123,18.43918215760113,6.907701892618078,0.9946750260589313,0.9963807428404086,0.003791745801251691,4,4,976.0,976.0,0.0,60.345670420501534,57.87265897266824,13.228068682367383,115.31003829229576,114.44061403655947,41.493841717455616,20.244527856370336,18.505773733402552,7.036666541887982
front,log-0071_183,10.0,oracle-power,training_window,1.5982621722725083,1.3837165924104669,0.5544872669020315,0.03315749244798293,0.032504672899076555,0.00993762634789046,0.11331358646331523,0.10653945128961663,0.034346173335822995,2.351913857060267,2.013391995330701,0.927362095192502,1.5982621724018293,1.3837165926591615,0.5544872669193914,0.11331358646331523,0.10653945128961663,0.034346173335822995,2.3519138570602673,2.013391995330701,0.9273620951925021,2.7600490200243195,2.5241614460060147,0.8626008929306505,2.372408884301004,2.066393839910001,0.767640627634675,4,1.0,0.9931074179904427,0.9941610517333526,0.0041541526317732825,0,0.0,0.12077799484177076,0.11261371697257616,0.026624538127277317,2.506104030358408,2.207237380305759,0.8105238981680504,20.38236405320668,20.280784180877532,2.5999681378378887,0.9931074179043025,0.9941610517652801,0.004154152818035703,4,4,976.0,976.0,0.0,70.58122083133988,70.62660358054606,12.275199723476824,110.16658611292007,110.82668232548784,11.260411829044694,20.52755215474714,20.356160440387434,2.660010501656379
front,log-0072_184,10.0,oracle-power,training_window,1.4287197552043303,1.465927690731168,0.19233746288963052,0.028193273179810643,0.02841512816434899,0.006711883050008155,0.09617781408013563,0.09858033194451662,0.021829489811280568,2.0150212788711293,2.0263725934473897,0.3502277924433659,1.4287197552970423,1.4659276909320935,0.19233746290082646,0.09617781408013562,0.09858033194451662,0.021829489811280557,2.0150212788711293,2.0263725934473893,0.3502277924433658,2.5985415004322747,2.5253666840323925,0.3637655562221706,2.0758126855914663,2.0658467427719827,0.6269513630173781,4,1.0,0.9951830527231632,0.9951290957685395,0.002041137691708274,0,0.0,0.09959860837760866,0.1004989942895473,0.020799957999427868,2.0883179774826033,2.072229332486183,0.3142945240315563,21.36708196024573,22.80141343256401,4.006253377881901,0.9951830525977913,0.9951290958155171,0.0020411378522228697,4,4,976.25,976.0,0.5,73.48783218392147,79.11545066918956,14.47408999583356,117.27216982368603,113.92281051791298,23.66686533677091,21.465517200601237,22.881853346696232,3.9956005557234464
front,log-0073_185,10.0,oracle-power,training_window,0.959146231765929,0.9519734766901844,0.03932226449273598,0.03305785130087266,0.03225283494007339,0.0061947358367207,0.10259287708384432,0.09918142562929795,0.015198065671165604,1.313966303271008,1.3122501532891433,0.07053897529447413,0.9591462323955398,0.9519734779275792,0.03932226451058608,0.10259287708384433,0.09918142562929798,0.015198065671165587,1.3139663032710083,1.3122501532891433,0.07053897529447409,1.4713489322849143,1.3495557288908249,0.3835393462827628,1.3225478839124367,1.3515969658801348,0.13580620189570444,4,1.0,0.9946353302490065,0.9950693659798765,0.001643367274957349,0,0.0,0.10959578334147048,0.10665334221801225,0.010605122956394826,1.4161924038348532,1.4131001737895352,0.17124633412237725,12.966317097915539,13.199675247307454,2.1616806063252354,0.9946353299976206,0.9950693655695111,0.0016433674389293152,4,4,975.75,976.0,0.5,40.85542311347342,40.75590095568317,8.250933229498289,78.61093449723055,75.06588654041225,12.255161195126606,13.033748469055444,13.265083768445283,2.1545816386244927
front,log-0046,120.0,oracle-power,full_log,1.7390092914990234,1.733915819773036,0.11423889851669085,0.037286854501406806,0.037358366368657844,0.001540346169370636,0.1241825000704052,0.12442066771899568,0.005130066369076535,2.52479778310735,2.529640052757488,0.10430117116739221,1.7577287533367973,1.7688693471726407,0.07846170485304821,0.12502598696746262,0.125370183378813,0.004611796769798546,2.5419470098225734,2.5489449872818635,0.09376405092446623,4.092048108631996,4.051995887832782,1.1300464580772154,3.138211653560263,3.152002090094096,0.14181714428236966,4,1.0,0.9922912002208952,0.9922553574978314,0.0006668057806595808,0,0.0,0.1241825000704052,0.12442066771899568,0.005130066369076535,2.52479778310735,2.529640052757488,0.10430117116739221,20.151593766900426,20.081467901828166,0.2205513244906438,0.9911587023405146,0.9877095527482034,0.010847844945181854,4,4,11710.25,11710.0,0.5,67.71281238035488,67.71281238035488,0.0,164.92645015628375,164.92645015628375,0.0,20.331349277683387,20.331349277683387,0.0
front,log-0048,120.0,oracle-power,full_log,2.517281140502253,2.443544013336158,0.17192491415436117,0.05171996598843433,0.04781604652155919,0.008812075290036022,0.17234738606864392,0.15933828401917846,0.029364639226897738,4.079133424842489,3.7712328282182623,0.6950049206500387,2.694833128092541,2.7409084674816238,0.1422397169140972,0.18000818500877258,0.1713321433417267,0.02470645569466063,4.260449902745035,4.055104568727161,0.5847546141102504,4.631012052597452,4.794169118248313,0.36947500105548736,4.631012052597452,4.794169118248313,0.36947500105548736,4,1.0,0.9854026725297631,0.9877273765962454,0.004853319070283761,0,0.0,0.17234738606864392,0.15933828401917846,0.029364639226897738,4.079133424842489,3.7712328282182623,0.6950049206500387,23.999999292896796,24.12384293863292,0.568630122084117,1.0140234978805052,1.0192560133196529,0.024025180099343152,4,4,11712.5,11712.5,1.2909944487358056,78.8696076434905,78.8696076434905,0.0,146.71012738680676,146.71012738680676,0.0,23.668089884564996,23.668089884564996,0.0
front,log-0049,120.0,oracle-power,full_log,2.0502878469479584,2.0674436103469,0.14980813472471155,0.043156108628336305,0.0434117362656955,0.0028383143830031966,0.14350221591588302,0.14435222611319493,0.00943793164797636,3.2851877923482524,3.3046470258225114,0.21606201435330916,1.8734949213445198,1.8905834477164498,0.08903524659811266,0.14682500042848823,0.14818992803079914,0.011999762846445,3.361256102846072,3.392503310200552,0.27470986536767483,3.440945349858697,3.4567829592550003,0.08744879599988359,3.277655230006011,3.3019460925321953,0.13616927621698194,4,1.0,0.9905476293613201,0.9905339739554095,0.0005157131753728893,0,0.0,0.14350221591588302,0.14435222611319493,0.00943793164797636,3.2851877923482524,3.3046470258225114,0.21606201435330916,21.88343394551675,21.696643590845476,0.6818947064105132,0.955903120772833,0.9477438216699099,0.0297862428501457,4,4,11711.25,11711.0,0.5,76.12335534328501,76.12335534328501,0.0,124.13560881540509,124.13560881540509,0.0,22.892941209172253,22.892941209172253,0.0
front,log-0054,120.0,oracle-power,full_log,2.3400668100584725,2.3436891301491904,0.041505325760743436,0.04654130973504315,0.046641604463636646,0.001329537043804561,0.16259423627473218,0.16294462058688153,0.004644799672958054,2.934415038667969,2.940738589972377,0.08382689524675536,2.33385848044352,2.342117012354784,0.03659612363334639,0.16427776876412764,0.16563987215342044,0.004709368645724569,2.9647985452925254,2.989381069011311,0.08499220201935999,3.863025581706031,2.806742459146776,2.1630079698922406,3.0114437943076244,2.9019938964922467,0.3349257044983582,4,1.0,0.9868784436219723,0.9869973179455138,0.0007273362225829665,0,0.0,0.16259423627473218,0.16294462058688153,0.004644799672958054,2.934415038667969,2.940738589972377,0.08382689524675536,17.588336497429495,17.602230574089745,0.31134451692500026,0.9745595297387417,0.975329392472386,0.017251419203033153,4,4,11712.25,11712.5,0.9574271077563381,63.049687586649696,63.049687586649696,0.0,135.33135455623437,135.33135455623437,0.0,18.047472689682227,18.047472689682227,0.0
front,log-0055,120.0,oracle-power,full_log,2.812678923734001,2.7935532574665283,0.08182778614322467,0.046338527932610986,0.04609670075699872,0.0025274043517210043,0.15132913695659828,0.15053939461020185,0.00825382109337844,3.696704444376285,3.6774124289683527,0.20162632083026907,2.8342705382813698,2.806862860329062,0.10788517421199516,0.1522867198599433,0.15091511138591496,0.0094343895725398,3.7200965091553875,3.6865905284575726,0.23046553072451453,4.4078250817090625,4.49316979868234,0.6907574368406575,3.5733925933385837,3.512923102629136,0.2220841909120777,4,1.0,0.9885799008109075,0.9885941243148206,0.0011111853260864322,0,0.0,0.15132913695659828,0.15053939461020185,0.00825382109337844,3.696704444376285,3.6774124289683527,0.20162632083026907,24.40143420292211,24.261796466060368,0.31127318431495893,0.9989026804804384,0.9931864382101085,0.01274235012533233,4,4,11710.25,11710.5,0.9574271077563381,79.77604402436594,79.77604402436594,0.0,143.32322178319504,143.32322178319504,0.0,24.42823978726921,24.42823978726921,0.0
front,log-0056,120.0,oracle-power,full_log,2.600469263591237,2.601905893928945,0.012051085877659599,0.04652869544441561,0.046792214073580474,0.000590391010770676,0.15973607318193717,0.16064074997613975,0.0020268511893930773,3.621146224930484,3.641654848266789,0.045947821220113635,2.7740720976517896,2.819829812566838,0.15375727332678052,0.16460733851922976,0.166036146544303,0.005360308841102816,3.7315756585292457,3.763966105364954,0.12151583382366443,5.987718432297112,6.38508075267692,0.8931735596753008,4.011544911229735,4.098788931030118,0.20942217415796513,4,1.0,0.987526844942272,0.9875342578181172,0.00013300581418134908,0,0.0,0.15973607318193717,0.16064074997613975,0.0020268511893930773,3.621146224930484,3.641654848266789,0.045947821220113635,22.86036839153055,23.052725964160956,0.4449448441303175,1.0084170181295753,1.0169022991401153,0.019627415677004413,4,4,11710.5,11710.5,0.5773502691896257,77.82608539404247,77.82608539404247,0.0,147.76901138236258,147.76901138236258,0.0,22.669558308260456,22.669558308260456,0.0
front,log-0058,120.0,oracle-power,full_log,2.459805643603386,2.4621641231508393,0.1441926922703245,0.04247954505389279,0.04256771667570389,0.0008407514864710154,0.1446314193966805,0.14493162004141125,0.002862532559939194,3.4288210444164697,3.435937992397026,0.06786292994143237,2.4920246750762525,2.4957086181852883,0.18809573935576349,0.14547306894598128,0.14608797576262178,0.0031634367872905756,3.4487742862411324,3.463352069146446,0.07499655796914702,4.969884636205266,5.015420709532945,1.3834227094385023,4.969884636205266,5.015420709532945,1.3834227094385023,4,1.0,0.9894945674231388,0.9894581642900077,0.0004193724536890863,0,0.0,0.1446314193966805,0.14493162004141125,0.002862532559939194,3.4288210444164697,3.435937992397026,0.06786292994143237,23.454190465834756,23.483905195060537,0.12565278107756098,0.9893233895649609,0.9905767893222657,0.005300171645872748,4,4,11711.75,11711.5,0.9574271077563381,80.71699073204307,80.71699073204307,0.0,156.16221917655614,156.16221917655614,0.0,23.707304116350024,23.707304116350024,0.0
front,log-0063,120.0,oracle-power,full_log,2.74764362184259,2.7432232125341605,0.11329436209731346,0.04415814617329798,0.04411265906163603,0.0004142414154273303,0.13791497448275214,0.13777290887566046,0.0012937611559632376,3.96243653099868,3.9583548426000865,0.037171064897067695,2.7042396068514702,2.700174751045182,0.05434883899259142,0.1386126131259045,0.1384078434756008,0.0020586252095289082,3.98248039393257,3.9765971550323256,0.0591463817795386,4.382192102429594,4.473301900485049,0.19101754902631934,3.60672274240036,3.603596770997107,0.03199276754669804,4,1.0,0.990697470340937,0.9906957527884754,4.390419313253842e-05,0,0.0,0.13791497448275214,0.13777290887566046,0.0012937611559632376,3.96243653099868,3.9583548426000865,0.037171064897067695,28.266075826536415,28.258105659100405,0.7085307627056985,0.9838176828441939,0.9835402763974379,0.02466083716277798,4,4,11709.25,11709.0,0.5,89.7328550761202,89.7328550761202,0.0,153.72213457336557,153.72213457336557,0.0,28.731010144908,28.731010144908,0.0
front,log-0071_183,120.0,oracle-power,full_log,1.7402465322859526,1.6845505715671365,0.14492038209105307,0.036318340006439256,0.03551880267352424,0.0016500864324522184,0.12292403832101076,0.12021790258537696,0.005584927279709749,2.659946565742067,2.6013886420458627,0.1208519370213688,1.75798280013575,1.7215205054091371,0.15750369749758628,0.12361498553835036,0.12117550195613686,0.005402395253380108,2.674897934920746,2.6221100826395873,0.1169021364518048,3.793531047741766,3.201106882991995,1.3497203213170512,2.657989627783535,2.4722648474292264,0.40323419883501777,4,1.0,0.992479276366722,0.9927937049283084,0.0006651260794089877,0,0.0,0.12292403832101076,0.12021790258537696,0.005584927279709749,2.659946565742067,2.6013886420458627,0.1208519370213688,21.52637220287042,21.517677899500043,0.2902790128105597,0.9947976533279637,0.9943958637226992,0.01341465612658117,4,4,11711.5,11711.0,1.0,73.23976165404193,73.23976165404193,0.0,153.6761142601884,153.6761142601884,0.0,21.638945498973378,21.638945498973378,0.0
front,log-0072_184,120.0,oracle-power,full_log,1.895794407630028,1.9050361167444736,0.06725773952784302,0.03714315229566172,0.037137239731380764,0.0005128062170043978,0.1268736374234197,0.12685344127714612,0.001751644274206921,2.659158102215358,2.6587348090309932,0.03671289921649755,2.0218834954180043,2.0369254312414133,0.1939532408326181,0.1338185905138541,0.1338793549467996,0.006574203073575955,2.8047181149570224,2.8059916831897533,0.1377894235850262,2.930430630728652,2.9236553767924605,0.07627157980418536,2.8717749365417604,2.873824189592061,0.10585123107208592,4,1.0,0.9923259160527744,0.9923326925137366,1.797850183946962e-05,0,0.0,0.1268736374234197,0.12685344127714612,0.001751644274206921,2.659158102215358,2.6587348090309932,0.03671289921649755,21.156598542963874,21.358937797487158,0.5509671032361808,1.0094227230854063,1.019076724926638,0.026287718819720578,4,4,11712.0,11712.0,0.0,71.59214923516183,71.59214923516183,0.0,149.74909046631353,149.74909046631353,0.0,20.959106684557796,20.959106684557796,0.0
front,log-0073_185,120.0,oracle-power,full_log,1.482603476601971,1.4783793298702528,0.0190420797132742,0.034226416685940134,0.03420324700018747,0.0001332187733303061,0.12061444168772177,0.12053279134328808,0.0004694650951923535,2.302796544573956,2.3012376588518633,0.008963127332678969,1.5073257841755243,1.504014572411744,0.04793251099513253,0.12090989233180834,0.12076898490994228,0.0007322837614402489,2.3084373510377145,2.3057471166044445,0.013980917143057832,2.7710400526430012,2.7528960351436504,0.2794532616039201,2.6663913414319005,2.6404263373614105,0.06735629772378053,4,1.0,0.9927033815259696,0.9927113793855884,5.869723676953006e-05,0,0.0,0.12061444168772177,0.12053279134328808,0.0004694650951923535,2.302796544573956,2.3012376588518633,0.008963127332678969,18.935457840176614,18.928863523596306,0.059129266710194965,0.9917896050677121,0.9914442120652256,0.003097035866437788,4,4,11711.25,11711.0,0.5,67.28126305783923,67.28126305783923,0.0,147.53985945089536,147.53985945089536,0.0,19.09221244447691,19.09221244447691,0.0
front,log-0046,120.0,oracle-power,full_log_excluding_training,1.771879875178432,1.7656567824749647,0.13950714817803836,0.037882778085307885,0.03797943807420756,0.00040539997232106624,0.12609464725735284,0.1264573094857456,0.0015467821832886594,2.557190881304386,2.536574704755643,0.1033381574698466,1.8063488463924005,1.786743706425012,0.08117579740682507,0.12773340062019356,0.12775824929025092,0.0009895763338801087,2.5898868609609953,2.5546438484140657,0.08129148328145804,4.2666508254218805,4.189093449545732,1.160096572568196,3.1565715249789106,3.174696416523479,0.06986431571409304,4,1.0,0.9920994488681066,0.9920460098805466,0.00026494025342025057,0,0.0,0.12622630220978057,0.1264991724218216,0.00138060824097633,2.559817406772705,2.5374103729260273,0.10101814663994212,20.069066474788812,19.92921816688871,0.6102078059529759,0.9898864124388707,0.984981217865005,0.014728129953071375,4,4,11710.25,11710.0,0.5,67.51561796427578,67.30528023047802,3.0290033845459177,160.35497250171244,160.35497250171244,5.278687708922194,20.27571314934053,20.058806559625758,0.6147547744252522
front,log-0048,120.0,oracle-power,full_log_excluding_training,2.6109168792142743,2.3866120101757393,0.4797348894159843,0.05565657690398981,0.04732180367180312,0.017982859320224306,0.18955160924009803,0.16298007750834886,0.05549035042186818,4.197696127297638,3.666591189998664,1.0878553868395118,2.915867840955353,2.8268926456070798,0.3039301251106975,0.20457255901207197,0.18315984338098834,0.04554101617060404,4.537845327708741,4.172133245975655,0.8682184384423131,4.861044725582381,5.126458773538419,0.5555518890691759,4.345692245845993,4.051504508007177,0.7746319411381866,4,1.0,0.9826386871335785,0.9873728966450682,0.010434847981873335,0,0.0,0.19072643715543114,0.1645054418532954,0.05468933876467686,4.224303395279557,3.6954463160911173,1.0699756621789636,22.990131561632335,23.251372038892164,0.9953222035300128,1.031995296735228,1.043017041803934,0.03821207828450531,4,4,11712.5,11712.5,1.2909944487358056,76.39547833805693,77.52537518179473,4.409837675076678,144.96819012428878,144.96819012428878,2.01141589485239,22.280665908528018,22.460740107479257,0.6642504643632987
front,log-0049,120.0,oracle-power,full_log_excluding_training,2.5259446761898863,2.7364356790721733,0.7961034845980208,0.04846949079538729,0.05089615563726109,0.007789560141110063,0.15507627293537352,0.16193911433726987,0.024117164470147664,3.6486265938193725,3.9670823407491183,0.9437233929328966,2.197568977125969,2.337490932251661,0.5548761528329732,0.16421036257877394,0.17286117635431192,0.030540827252364948,3.8735968344924583,4.22911443258708,1.106506152434845,3.6517932452919153,3.678540090437605,0.1507293845261055,3.6517932452919153,3.678540090437605,0.1507293845261055,4,1.0,0.9901175057816614,0.989558456317186,0.001817991456956829,0,0.0,0.15723144926926774,0.1645162130523204,0.025635898892266244,3.7017221906954183,4.030830662414573,0.982183366695916,21.61012482974576,22.227893951729374,1.5798036643121598,0.9360073042183628,0.9165681212062087,0.052037993756085095,4,4,11711.25,11711.0,0.5,74.2518972515164,77.50496614198387,8.5913926637633,116.32903259571981,117.33690242938806,2.0157396673365184,23.20521767439687,24.28308508564939,2.8330051936774012
front,log-0054,120.0,oracle-power,full_log_excluding_training,2.363098173094243,2.3805759275361353,0.07534876542454352,0.04673846210514225,0.04663882665534183,0.0017556609915325959,0.16493443223830404,0.16564986370109283,0.005871909420228961,2.9590286969623647,2.9915373308699102,0.11698865408518333,2.363006368582092,2.383027194354638,0.06902045550114139,0.16726558614972278,0.16807941529274611,0.006121895432842168,3.000978500777235,3.035549701455854,0.1252063616495394,3.869302533793724,2.8200265891287346,2.146126897977796,3.0243462899295306,2.9515266159962668,0.3384504187781876,4,1.0,0.9865459245943874,0.986578752284532,0.0008342532204025176,0,0.0,0.16499131172713688,0.1657092212683879,0.005872726941180784,2.960052281647541,2.9926126304995724,0.1171073851742113,17.448197483965227,17.456455767317337,0.3772674025189094,0.9726524366742171,0.9737530187380762,0.020186973831379487,4,4,11712.25,11712.5,0.9574271077563381,63.31323600505549,63.21799680812251,1.09246243984117,135.33135455623437,135.33135455623437,0.0,17.939173117682447,17.949795218807907,0.17469538260491083
front,log-0055,120.0,oracle-power,full_log_excluding_training,3.055737215405185,2.967865288483699,0.29197157764370046,0.04947864041194404,0.04908873580836009,0.003905176802085239,0.1602424397355555,0.16071549383911798,0.011269197469824901,3.9468518869310945,3.8740186024667844,0.4282536429861632,3.128588951237509,3.0045990608462017,0.3852188817039519,0.16283353046447813,0.1618816946520132,0.014152440654949784,4.013558195240008,3.8970592850307977,0.5154882601281221,4.722718032175502,4.857715336270884,0.7051174838883121,3.789812579280571,3.6829605447593146,0.4266661060220535,4,1.0,0.9873156170839594,0.9874925323287983,0.001567733990230586,0,0.0,0.16076237672286448,0.16094690022407684,0.01181476826733014,3.960240098856955,3.878592570788213,0.4455162164104045,24.68902294267181,24.12076727215682,1.6140793695665148,1.0034853225119744,0.9950159413357823,0.019536065769416657,4,4,11710.25,11710.5,0.9574271077563381,79.63474107442437,78.89782089908036,2.474574076348161,131.35489366984413,130.57691432944983,1.5559586807885923,24.587279151866227,24.241566864514937,1.1171191464542847
front,log-0056,120.0,oracle-power,full_log_excluding_training,2.529288461657171,2.4966353172708198,0.13132529173969013,0.047450256085285636,0.04823459646713034,0.0016226313175997824,0.16479089077009723,0.16725369701938936,0.00588536875909863,3.679830306170878,3.6604394114035075,0.04677074863983858,2.959170384409563,3.0055373040913613,0.209076095754636,0.17767586130200017,0.18201136951028143,0.014479841808095046,3.9630593482090832,4.017499813926465,0.20576624750540637,6.219929188142054,6.777447082449101,1.2534608860958332,4.206477751359689,4.3379497420879645,0.3009328160805885,4,1.0,0.9871808595144176,0.9871781064964694,0.0005434257214023918,0,0.0,0.1668205727554088,0.16999626521599112,0.0070961524115238485,3.7244398142800934,3.7315782545408056,0.05336643521895916,22.7546835332662,22.75403800405968,0.0730734878972547,1.0189050776172972,1.0320425807127869,0.030197325891346154,4,4,11710.5,11710.5,0.5773502691896257,77.60976833880103,76.75188756600156,2.436700611482794,145.91495985164212,147.76901138236258,3.7081030614408945,22.348260945998582,22.076322334548692,0.7121850907094224
front,log-0058,120.0,oracle-power,full_log_excluding_training,2.463586187812905,2.472878088022081,0.045530688395255245,0.04246345674025819,0.041855633513379134,0.0013737020415878264,0.1453107002834719,0.1431009791881377,0.005845623648548479,3.4525919342569718,3.409367677015517,0.10324919135078127,2.5246959156156397,2.5503701825299796,0.09141853898307985,0.14694836188472377,0.14399552930607695,0.006352440586869731,3.4916397448714513,3.4563382033911823,0.12283273884943,5.050420568859553,5.199890418616395,1.3261175997723909,5.050420568859553,5.199890418616395,1.3261175997723909,4,1.0,0.9893962918740592,0.9897226000156363,0.0008715924844907153,0,0.0,0.1454502960326961,0.1431771504912817,0.005881928896281838,3.455920374111881,3.4133691304493405,0.10478921548990694,23.546300501795727,23.546044141922845,0.5841635347111505,0.9905394514362694,0.9919056170569516,0.008554528518846985,4,4,11711.75,11711.5,0.9574271077563381,81.31351948932925,81.33947181814912,0.5967650001238795,153.58356136306935,156.13231334615836,5.117460604936911,23.768798303193122,23.7576430093353,0.392565004052326
front,log-0063,120.0,oracle-power,full_log_excluding_training,3.5366440586325933,3.5424492932806224,0.7349085429535043,0.04865386714945545,0.04975688947774118,0.009382682579887372,0.1473825968476497,0.14942951335498436,0.018604442937747823,4.378376033234574,4.367959218251569,0.7603337912383911,3.378240792299396,3.3724017449123194,0.5770943789127037,0.1562576738514101,0.15835395874380975,0.027728728839540497,4.653001495564906,4.6198047827815785,1.0586609924726778,4.242081083027274,4.414534882748749,0.5008801449784933,3.9235387724331243,3.937103372678415,0.7630879133343483,4,1.0,0.9926752759756675,0.9924000187733033,0.0009634253358295514,0,0.0,0.1526668522804332,0.1547505661988472,0.02399970090336016,4.541900522199849,4.5178233163533035,0.9381398904781796,28.57094513759985,28.418061836794948,1.812487134004543,0.9689652281540649,0.9681118982387398,0.09572877586018803,4,4,11709.25,11709.0,0.5,90.30996028842168,88.94942671168167,3.67993421261469,122.26890192430403,121.80648340837152,9.06919073711122,29.601048744146496,29.646947866321973,1.9968832266696366
front,log-0071_183,120.0,oracle-power,full_log_excluding_training,1.7344007269704695,1.708744102471739,0.09219192086853797,0.03636100011337307,0.03658524719964912,0.002390777412024463,0.12277478770650319,0.1238548227366262,0.007667135784514218,2.6449872830351326,2.695936585345014,0.15740251751721726,1.763408709752266,1.7413732999426608,0.09739516914762682,0.12407834202115385,0.1254165218940751,0.007273552306653413,2.6733791520463956,2.7087670189765225,0.15605143943037172,3.8998462717361986,3.3189731129400175,1.4022551280380344,2.679318789423533,2.5489530291279765,0.3372758808424003,4,1.0,0.9925558417869399,0.9924681038633292,0.0009488242960914627,0,0.0,0.12287449474523922,0.12397434788973843,0.007634251328680106,2.647159028991562,2.69691377069255,0.15721701741243027,21.462831213269965,21.749182330582748,0.5996460236369796,0.9959844248124263,0.9956168935335904,0.01981917585054937,4,4,11711.5,11711.0,1.0,72.77893322220298,72.76681952241783,1.7665578825395942,148.20556956541836,152.7671881721124,9.738618284374096,21.550137646812868,21.47244576636013,0.4810788497777194
front,log-0072_184,120.0,oracle-power,full_log_excluding_training,1.809544869008572,1.765105217826097,0.10624524182388391,0.03663297451356498,0.03610874876332653,0.0011809495808680706,0.12479495294314122,0.12295372716599604,0.004880660825919418,2.511802143254005,2.4230228927484525,0.1992391373775581,2.1003407832128245,2.1137268039883854,0.230066448403047,0.1419861767760082,0.14460485705258608,0.011998635799932378,2.854099452258719,2.9580645789959648,0.25414306792515057,2.8899615961404588,2.8881344287328043,0.09565069661604468,2.7632397168697693,2.765033552503108,0.1677323897988399,4,1.0,0.9930967093272856,0.9933773370297432,0.0009315879832424043,0,0.0,0.12694780992844956,0.12648128290633814,0.004626657194246548,2.55464659651634,2.492553712184125,0.18978597577490502,20.455789948202007,20.476205697310842,0.19220826733935603,1.0186189044266247,1.0342562864593146,0.040624736757677075,4,4,11712.0,11712.0,0.0,68.49117243860539,67.10375518431336,3.137313049934064,147.88969652462026,149.74909046631353,3.718787883386568,20.104777450242878,19.731769189761682,0.7879185145283275
front,log-0073_185,120.0,oracle-power,full_log_excluding_training,1.524974996517922,1.5528667487343477,0.10092531201980039,0.03397405422834494,0.03376435549477139,0.0005876295031735378,0.1210812970676662,0.12052862382329196,0.0028856842941651574,2.431887722664491,2.5020613595838346,0.17942189011301057,1.568785564979899,1.5931225262922828,0.05312215906875269,0.12180124769299593,0.1214838094109319,0.0025752548121134667,2.445620707614699,2.5121922294020864,0.1656908315135634,2.859245225199157,2.7870239115718753,0.2791260991930141,2.792873681905137,2.79559437386186,0.06575679166130555,4,1.0,0.9926505656564204,0.9927213706478684,0.00035163600733597694,0,0.0,0.12117433897652571,0.12065220220509712,0.0028339132478693158,2.4336622540378197,2.503367756852788,0.1776318972750281,19.90011868735601,20.468702739494983,1.466993773042983,0.9906163757617701,0.9899310962660681,0.005129780765429806,4,4,11711.25,11711.0,0.5,71.5610733446091,73.67024555398166,4.785622575929371,145.71364047728412,147.53985945089536,3.652437947222495,20.08466685535319,20.676123647538162,1.4070112363845553
front,log-0046,120.0,oracle-power,training_window,1.6335616880848656,1.5751197984305514,0.19141262182866534,0.03658322091593428,0.035808888455412156,0.006427713585793857,0.12017533329351586,0.11907849661567843,0.017552755619661898,2.4035039648458216,2.3214134242286484,0.29925090089636364,1.633561689310547,1.5751197986959662,0.1914126239057825,0.12017533329351586,0.11907849661567843,0.017552755619661898,2.4035039648458216,2.3214134242286484,0.29925090089636364,3.689538436599572,3.6990516597551943,1.401693139806701,3.0791728284909965,3.080761302520891,0.5715043631938621,4,1.0,0.9926345793026974,0.9927912432849713,0.0021312963084352305,0,0.0,0.12103695576385463,0.12056359471727318,0.017063828531085994,2.421568779532187,2.35246253284384,0.2951265564183473,19.982189766184966,20.75140363587667,1.9986420505750024,0.9926345790001944,0.9927912427096233,0.002131296772292376,4,4,11710.25,11710.0,0.5,66.5788307962126,69.19048635462521,8.951778210642336,149.50809366311154,154.53432912344957,19.282895992720672,20.12852929480549,20.901807816914946,1.9900213440100494
front,log-0048,120.0,oracle-power,training_window,2.101474211120386,2.29186902915786,0.6116130964360021,0.0415146128721547,0.044298178592432624,0.010677152068184287,0.13117553463747023,0.13751780555719056,0.028114604875908344,3.269487508869895,3.5078100893252726,0.670583130181925,2.101474212351975,2.291869029149115,0.6116130941759793,0.1311755346374702,0.13751780555719054,0.028114604875908326,3.269487508869895,3.5078100893252726,0.6705831301819246,3.8103458893665705,4.133812289045235,0.6961336058739134,3.2109828941103995,3.242487002593321,0.15527568268656997,4,1.0,0.9910553173247199,0.9904006191527648,0.0035616212556576236,0,0.0,0.1387024389665847,0.14753001869410323,0.03367964628536163,3.456585675249524,3.7522587814385844,0.8042460719302735,24.743993092167713,24.149257757736812,1.3280367203461556,0.9910553171353786,0.9904006191224503,0.0035616209692478367,4,4,11712.5,11712.5,1.2909944487358056,79.70217311411692,79.7139499214974,5.549054373984493,144.89706308094026,144.96819012428878,2.0967658555652555,24.96640509067615,24.344099174631385,1.3132058690055826
front,log-0049,120.0,oracle-power,training_window,1.5210970145303566,1.2623242993413855,0.6659133643048389,0.03259334136912738,0.028777537667682422,0.010116485573751947,0.11202008375592482,0.09994284478256117,0.03325013280180712,2.401318944024897,2.083329242473939,0.9096949616917398,1.5210970144696663,1.2623242992266934,0.6659133643086281,0.11202008375592482,0.09994284478256116,0.03325013280180713,2.4013189440248968,2.0833292424739387,0.9096949616917398,2.6450416102935135,2.5341100266343997,0.44886069424710145,2.4246262468963637,2.249283454088677,0.49709069253413257,4,1.0,0.9932820395282393,0.994934731548928,0.004181273718792914,0,0.0,0.11876007364844568,0.10778057425946952,0.02791505252909863,2.5361107610778415,2.2307124540495495,0.8019180054669498,20.940325856054177,20.695432054556512,1.5376415848939062,0.9932820395315561,0.9949347315854397,0.0041812737361663025,4,4,11711.25,11711.0,0.5,72.62027416942094,72.04470132306973,4.978491935737374,121.28785761104716,120.36633717738161,1.9001202350219295,21.086815539184578,20.801291576617523,1.6345050084161672
front,log-0054,120.0,oracle-power,training_window,2.175530517278388,2.1781033273056942,0.16289204113831862,0.04464133733137812,0.0436805489744075,0.003025560208813854,0.15105248446205657,0.1538266462333157,0.008241395660541051,2.747853085479245,2.768996280959419,0.22465688330448666,2.1755304935199518,2.178103328701137,0.1628920017609873,0.1510524844620579,0.1538266462333183,0.00824139566054117,2.7478530854792704,2.768996280959419,0.22465688330452088,2.9101549960615056,2.834515465782193,0.5209834050535064,2.890439548648054,2.7950845709552903,0.5132389945175542,4,1.0,0.9884994013535318,0.9880952415747077,0.0012328880590230392,0,0.0,0.1529631452713446,0.15507307387439212,0.007838354447045733,2.781565039582349,2.8035538429015476,0.20275363177053823,17.981706937550726,17.872675691803682,1.0897424127124586,0.9884994012980091,0.9880952418233404,0.0012328882889296592,4,4,11712.25,11712.5,0.9574271077563381,61.82477298061956,62.388774372743946,7.283355347335978,117.10919243189014,113.6421015070893,9.194988356806874,18.19091404995638,18.073593316771383,1.1025025748136827
front,log-0055,120.0,oracle-power,training_window,2.466637821473195,2.555298734729721,0.24120990428538444,0.04080017088783479,0.04143390620366991,0.0015292596377619596,0.13596800568368,0.13673464126668364,0.002451787311916432,3.286123770995185,3.394068285411511,0.2483477226757522,2.466637821454806,2.5552987347222658,0.2412099043132458,0.13596800568368,0.13673464126668364,0.002451787311916432,3.286123770995185,3.394068285411511,0.2483477226757522,3.9642859857692354,4.073560034543281,1.0250881371784801,3.18699641595014,3.2608074727592387,0.19841464962484895,4,1.0,0.9907109109687224,0.9906073628743449,0.00033440924949519564,0,0.0,0.13730804458792736,0.13745716053077178,0.0009771624306835335,3.3161855919545253,3.4028159336170285,0.20205669551042457,23.926985002209396,24.409996916092485,1.4498833705167353,0.9907109109515518,0.9906073628234107,0.00033440930305590896,4,4,11710.25,11710.5,0.9574271077563381,80.45305105387996,81.66363851934983,3.207290420819359,143.2016669931958,143.2016669931958,0.0,24.151640908670476,24.64483038867821,1.4698485013483729
front,log-0056,120.0,oracle-power,training_window,2.4823907265099843,2.515699159276181,0.07619059804031199,0.04375562748315919,0.042911845383211786,0.002265501992525232,0.1448016516966992,0.14162464548487558,0.008683554272270152,3.3309875673504052,3.3251672060790343,0.03326042854671374,2.482390727953956,2.5156991593991824,0.07619059557070537,0.1448016516966992,0.14162464548487558,0.008683554272270157,3.3309875673504052,3.3251672060790343,0.03326042854671407,5.399338507007009,5.597911774274678,0.4317607622925309,3.5946809899042456,3.592915672059598,0.008437609489188608,4,1.0,0.9894314797608881,0.9899190686992732,0.0013040644096292112,0,0.0,0.14991916272913786,0.147302118830819,0.0053894882249770105,3.4518327457737117,3.458640434162117,0.05895360693722456,22.810898534300648,23.24502888009958,1.1226505578806756,0.9894314788169165,0.9899190684836597,0.0013040658979563803,4,4,11710.5,11710.5,0.5773502691896257,76.24649199096446,77.49457513116684,3.0806663928840736,138.53099390689673,135.52355195996182,6.014883893869822,23.053459576828736,23.481686307810293,1.105537840366893
front,log-0058,120.0,oracle-power,training_window,2.4124051261078594,2.4982710105556576,0.47805590925121,0.043393073420237425,0.04499028904313246,0.006852731094273958,0.1465340888734256,0.15175323089503268,0.02341763237574943,3.3186881116161566,3.4577258545427707,0.43546565988514835,2.412405126252021,2.498271010740469,0.4780559094138144,0.14653408887342562,0.15175323089503268,0.02341763237574944,3.3186881116161566,3.4577258545427707,0.4354656598851485,4.7933725493695025,4.9934699374604765,1.610939946633218,3.6933491609611924,3.8936821005420965,0.45142318878857796,4,1.0,0.9889933968725376,0.9883323026095325,0.0033729534022468987,0,0.0,0.14748687342271194,0.15221185387987815,0.02321008666291655,3.340205683899538,3.469808367576819,0.4272925276191464,22.484091528868873,22.459850787601244,0.9137595189680533,0.9889933967482204,0.9883323025535063,0.003372953596666628,4,4,11711.75,11711.5,0.9574271077563381,76.74266681999326,76.8434812817007,2.6055782966841106,142.30321506452452,139.0726052421008,9.50474095692032,22.732462020683325,22.690433080045537,0.8576505505879454
front,log-0063,120.0,oracle-power,training_window,2.4960117150907832,2.492461260736474,0.10746934096213173,0.04158435344370211,0.04146992219233743,0.0034018856230558225,0.13102100362481925,0.1307991269391073,0.009637963793137179,3.705929969830704,3.717290794196219,0.3290870544930192,2.4960117148133913,2.492461260242269,0.10746934072025983,0.13102100362481925,0.1307991269391073,0.009637963793137173,3.705929969830704,3.717290794196219,0.3290870544930191,4.355869120985279,4.3714535667811205,0.07092850421870248,3.4734589878571986,3.4464767341258447,0.28062642784549235,4,1.0,0.9913438410202793,0.9913775322874002,0.0012742164890028832,0,0.0,0.13185670926626838,0.131703933582627,0.008715887301542742,3.729222789276166,3.7382812405501618,0.3030342710864945,28.016910023140976,28.1185587117891,0.4711152193687729,0.9913438407870544,0.9913775318862021,0.0012742166398902353,4,4,11709.25,11709.0,0.5,89.08112372412744,89.11677470361283,0.8739212695379089,153.48382759184992,153.4829178070294,0.2730761832455764,28.261949333963667,28.365245570151664,0.5047379354376577
front,log-0071_183,120.0,oracle-power,training_window,1.7437328338691562,1.6693465273165407,0.3411917851561122,0.03577947530526034,0.035566310679992455,0.007686028582697501,0.12041989403869999,0.12004106824991372,0.02628444918638757,2.6228103849094175,2.551605626194799,0.6182053503545923,1.7437328341271412,1.6693465273237251,0.3411917855980063,0.12041989403869999,0.12004106824991372,0.02628444918638757,2.6228103849094175,2.551605626194799,0.6182053503545923,3.2405404019436035,2.8228072872261336,1.3135511684001582,2.597347252242799,2.407567093474693,0.629333073084168,4,1.0,0.9924581675762876,0.9926311185615573,0.0032001102172696926,0,0.0,0.12119224838449,0.12129896303719469,0.02608477949412227,2.6389552533506944,2.5623152307817074,0.6118189221886327,21.583687863713173,21.832564598905762,1.2139245611878038,0.9924581674407571,0.9926311185638996,0.003200110527187938,4,4,11711.5,11711.0,1.0,73.15030915185953,74.48249835022112,4.136539924887662,135.18336429131426,134.45142281610254,14.526247393249257,21.748283313688592,22.05822011807167,1.2321970479474522
front,log-0072_184,120.0,oracle-power,training_window,1.8694906637740156,1.9791525140223991,0.29476340343970214,0.03503601175362145,0.035751516278537204,0.002909555376982655,0.11905599450452614,0.12221323924250406,0.011411317024943066,2.6741901702326873,2.8181637305122154,0.4003034809197228,1.8694906641300626,1.9791525140011412,0.29476340262165024,0.11905599450452614,0.12221323924250406,0.011411317024943066,2.6741901702326873,2.8181637305122154,0.4003034809197228,2.8118384368743747,2.798961970059626,0.12295542430045198,2.7962126372943525,2.9782355065882036,0.48431032871582647,4,1.0,0.9928377010844274,0.9925037784398263,0.0013195255426940752,0,0.0,0.12552097636980847,0.13080068001200817,0.011657317448620003,2.819504951118379,3.018847724802504,0.41700124397532284,22.205513559612456,22.842230787635916,1.339488862723508,0.9928377009896552,0.9925037784415935,0.0013195253542974629,4,4,11712.0,11712.0,0.0,75.99054390049065,78.77045409263548,5.697690224859355,143.64742333275373,141.7906448121138,3.7135570412798415,22.36700340704685,23.024343651167783,1.3755673479206945
front,log-0073_185,120.0,oracle-power,training_window,1.3973875194986682,1.3404204091709158,0.2176795525327306,0.03581196667377939,0.03613079203661326,0.002740081963155943,0.11887750374848405,0.12172617757002666,0.00950780686382032,2.0064852682591394,1.8802147293941736,0.36489210557161045,1.3973877402775203,1.3404204094145928,0.21767996915733615,0.11887750374857065,0.12172617757019985,0.009507806863871537,2.006485268260927,1.8802147293941733,0.364892105575098,2.3360929460303717,2.22228402944259,0.4512864800551351,2.290875015435141,2.2004221404924023,0.3931040499747333,4,1.0,0.9928743260680226,0.9925627621675179,0.0011032944491359469,0,0.0,0.11921338102267554,0.12203952186483882,0.009747145597281334,2.012365866775682,1.8856322629597502,0.3693654521948091,16.745348317717973,15.743344097113855,2.5563305711283206,0.9928743041237627,0.9925627183270276,0.0011033071801177432,4,4,11711.25,11711.0,0.5,56.12317057256322,52.071001163391415,9.984701524330251,129.45025435759328,129.69500631091105,14.972607329169344,16.86569469402365,15.844406782550541,2.577340650662689
front,log-0046,20.0,oracle-power,full_log,1.833395694827405,1.8508286852078681,0.11377470997812184,0.041875387355852875,0.04063715163267037,0.005673782845607212,0.1394644402914235,0.1353405416725285,0.018896325475711497,2.8355002473815505,2.7516558241750406,0.3841877933114771,1.9189403456305736,1.8833706132820085,0.10617728492761089,0.14324920818718329,0.13594773464904691,0.021825248720860804,2.912449685405206,2.764000876659593,0.44373675481613345,4.2102744599280415,4.14773514496044,0.9986148832372808,3.7683909359073704,3.5831467689480716,0.7465927265702513,4,1.0,0.9910447217301395,0.9912936690674097,0.0015072276737411719,0,0.0,0.1394644402914235,0.1353405416725285,0.018896325475711497,2.8355002473815505,2.7516558241750406,0.3841877933114771,20.649182304672728,20.589894278914127,0.8171755874410622,1.01563265785504,1.0127165687677468,0.04019288519813249,4,4,1952.0,1952.0,0.0,67.71281238035488,67.71281238035488,0.0,164.92645015628375,164.92645015628375,0.0,20.331349277683387,20.331349277683387,0.0
front,log-0048,20.0,oracle-power,full_log,2.579230802438415,2.4912297167902935,0.1923660270661273,0.05360043440155095,0.049653397635159774,0.008871114404461927,0.17861370526262355,0.16546092264949358,0.029561376344810545,4.227445230770974,3.91614398965127,0.6996613124404292,2.8342387542893692,2.91761701260938,0.23116181112201162,0.18379635109334244,0.173526356771118,0.02634019310614658,4.350108558132295,4.107037409399915,0.6234220580130764,4.227622092110525,4.002288134526227,0.4664815352254063,4.227622092110525,4.002288134526227,0.4664815352254063,4,1.0,0.9841345110774158,0.986235661784946,0.0047356016713338035,0,0.0,0.17861370526262355,0.16546092264949358,0.029561376344810545,4.227445230770974,3.91614398965127,0.6996613124404292,23.576383321127807,23.239559154252586,0.732245996623183,0.9961253077927089,0.9818941565456927,0.030938111195053127,4,4,1952.5,1952.5,0.5773502691896257,78.8696076434905,78.8696076434905,0.0,146.71012738680676,146.71012738680676,0.0,23.668089884564996,23.668089884564996,0.0
front,log-0049,20.0,oracle-power,full_log,2.1917911715488194,2.140237265509933,0.2995805276977215,0.0459685183355214,0.04520206890096759,0.004440041195142888,0.15285400962184767,0.1503054204245879,0.014763975958723337,3.4992778558592086,3.4409331532000085,0.337990833636686,1.9811264444755412,1.8748874300328124,0.2633480162383856,0.15900401202352832,0.15700593346166544,0.01219077859112596,3.640069499277152,3.5943276042291172,0.2790827775806824,3.4455308894865815,3.3897881628450772,0.18679937747031056,3.472496767962596,3.3968288203658075,0.3536253930434615,4,1.0,0.9899078376305289,0.9903579725508799,0.0012829345299271674,0,0.0,0.15285400962184767,0.1503054204245879,0.014763975958723337,3.4992778558592086,3.4409331532000085,0.337990833636686,21.38050125750672,21.340791350494335,0.49318456994080595,0.9339342228747977,0.9321996311222763,0.02154308463183431,4,4,1951.75,1952.0,0.5,76.12335534328501,76.12335534328501,0.0,124.13560881540509,124.13560881540509,0.0,22.892941209172253,22.892941209172253,0.0
front,log-0054,20.0,oracle-power,full_log,2.3701943125427616,2.3547395217757083,0.07340804733505592,0.04750919933229823,0.04679419113601807,0.002511824915905861,0.16597560372570996,0.1634776892435824,0.008775177496778667,2.99544017539327,2.9503591319959117,0.15836977622022708,2.404803080364962,2.399046353207373,0.09292479177605294,0.17179769015423513,0.1717490926775767,0.006270085358413829,3.100514121209048,3.099637059576267,0.11315919426795006,3.14480021172509,3.1699406213856633,0.3141220490817111,3.049600760430462,3.0288539226241227,0.2483217609617142,4,1.0,0.986523595994248,0.9867105721791678,0.001139823925717306,0,0.0,0.16597560372570996,0.1634776892435824,0.008775177496778667,2.99544017539327,2.9503591319959117,0.15836977622022708,17.324926261007157,17.433446586383717,0.2529440715591378,0.9599641212318802,0.9659771695540756,0.014015484378804283,4,4,1951.75,1952.0,0.5,63.049687586649696,63.049687586649696,0.0,135.33135455623437,135.33135455623437,0.0,18.047472689682227,18.047472689682227,0.0
front,log-0055,20.0,oracle-power,full_log,2.8729828499509926,2.8449827591525567,0.06317060390672365,0.047902860409059264,0.048129951420818114,0.002378755019486447,0.15643782499948056,0.15717944300836603,0.00776837245787271,3.8215007008861686,3.8396171234377805,0.18976766515773238,2.871692649588655,2.8675719164855993,0.06488780554250033,0.15740010544493677,0.15844156548890123,0.007311468654220199,3.8450075183503736,3.8704485540331968,0.17860630948239348,4.410866642760271,3.8869775887337346,1.3175005404886129,3.671084831728724,3.657750136653634,0.20202052499655043,4,1.0,0.9883760824477282,0.9884639751932146,0.0011155576623161835,0,0.0,0.15643782499948056,0.15717944300836603,0.00776837245787271,3.8215007008861686,3.8396171234377805,0.18976766515773238,23.97535798992068,23.649395950766586,1.057727938193538,0.9814607273674893,0.968117070927537,0.04329939231826167,4,4,1952.0,1952.0,0.0,79.77604402436594,79.77604402436594,0.0,143.32322178319504,143.32322178319504,0.0,24.42823978726921,24.42823978726921,0.0
front,log-0056,20.0,oracle-power,full_log,2.6104177209264026,2.5928968931972762,0.0658498108364756,0.04706488283717304,0.047047209064065995,0.0010806167446820512,0.1615768397839377,0.16151616455787635,0.0037098283921664405,3.6628755907464328,3.6615001101713682,0.08410017104985733,2.6626837275865487,2.6493301169472314,0.09870696272784343,0.16641226045415886,0.16234678699070115,0.01135933135595429,3.77249244157498,3.6803299538444394,0.2575110245166572,3.8907722918453302,3.792520715760023,0.24290832423005596,3.710846421691487,3.6962620310627274,0.1227688271803759,4,1.0,0.9870231430365881,0.9870535224980538,0.00042202534045539296,0,0.0,0.1615768397839377,0.16151616455787635,0.0037098283921664405,3.6628755907464328,3.6615001101713682,0.08410017104985733,22.062740957808135,22.111959264216235,0.32040173943321876,0.9732320611543983,0.975403180050445,0.0141335678038539,4,4,1951.5,1951.5,0.5773502691896257,77.82608539404247,77.82608539404247,0.0,147.76901138236258,147.76901138236258,0.0,22.669558308260456,22.669558308260456,0.0
front,log-0058,20.0,oracle-power,full_log,2.544166802121473,2.546996321991621,0.08507406171928536,0.04402602008596477,0.044022697186003365,0.00035535875108751326,0.14989675071476155,0.1498854371346062,0.001209900918185761,3.55364785524756,3.553379640762172,0.028683489018081133,3.0485924367030774,3.032637066731042,0.4779721594332688,0.1731745733133539,0.17165740987559275,0.02048953180673607,4.105502274758834,4.069534419745623,0.48575156174391876,4.045320761435477,3.9175184179972007,0.27850093336542947,4.045320761435477,3.9175184179972007,0.27850093336542947,4,1.0,0.9892034890944574,0.9892586889149544,0.0005691580190137212,0,0.0,0.14989675071476155,0.1498854371346062,0.001209900918185761,3.55364785524756,3.553379640762172,0.028683489018081133,23.79770302835219,23.770514458628067,0.7778544101729659,1.0038131249153641,1.0026662813269624,0.03281074922544693,4,4,1951.75,1952.0,0.5,80.71699073204307,80.71699073204307,0.0,156.16221917655614,156.16221917655614,0.0,23.707304116350024,23.707304116350024,0.0
front,log-0063,20.0,oracle-power,full_log,3.243279804992961,3.0399187791461255,0.6655724333640565,0.05100992661312654,0.047652205278914325,0.008933598829291007,0.15931449430887623,0.14882763984920938,0.027901466917237543,4.57726635221921,4.275968430350349,0.8016373290569667,3.0942147235323185,2.9406793244073524,0.492610956235552,0.16845193642957634,0.15360538767280157,0.03984584065098169,4.839794294487556,4.413237951539788,1.144811251975743,4.932183514467317,4.576416804448705,1.3267855940902091,4.1946542843535894,3.94774507665516,0.751348349623532,4,1.0,0.9886961793711551,0.9893127736273017,0.0021386965531819215,0,0.0,0.15931449430887623,0.14882763984920938,0.027901466917237543,4.57726635221921,4.275968430350349,0.8016373290569667,27.34255890705265,27.675231020090056,1.576901052792095,0.9516741238525013,0.9632529758093082,0.05488498471995318,4,4,1951.75,1952.0,0.5,89.7328550761202,89.7328550761202,0.0,153.72213457336557,153.72213457336557,0.0,28.731010144908,28.731010144908,0.0
front,log-0071_183,20.0,oracle-power,full_log,1.9063833453148666,1.7428588918216117,0.40219447713165235,0.03992128493118531,0.036055495438149024,0.00810734809757224,0.1351186634035297,0.12203440746840985,0.02744035019362252,2.9238253932831078,2.6406958922084307,0.5937802423125412,1.9612403942431187,1.9008658936248488,0.3911387754808573,0.1381989981278073,0.12776023983029813,0.026500749025029368,2.990480588500346,2.764596866623589,0.5734482638345825,3.5419396898802624,3.2128257911432407,0.7496065189231366,2.9937961560003314,2.613267803812905,0.9048971695567085,4,1.0,0.9915559323355373,0.9926926273575725,0.0023644669897003754,0,0.0,0.1351186634035297,0.12203440746840985,0.02744035019362252,2.9238253932831078,2.6406958922084307,0.5937802423125412,21.87029822205777,21.566751513132466,0.9642192071061917,1.0106914971016203,0.9966637012952254,0.04455943600171915,4,4,1951.75,1952.0,0.5,73.23976165404193,73.23976165404193,0.0,153.6761142601884,153.6761142601884,0.0,21.638945498973378,21.638945498973378,0.0
front,log-0072_184,20.0,oracle-power,full_log,1.9291990230813307,1.8674324313915145,0.1390581203964496,0.039408861781263994,0.03770427758847908,0.003508397040752044,0.13461285141083024,0.1287903300719953,0.011983988072486865,2.8213651138321176,2.699330267918362,0.2511736845177205,1.9503604123464444,1.9035436341419656,0.16525414487841864,0.13695880786528986,0.13041059383958092,0.013781502887420076,2.8705342654384634,2.733289549080312,0.28884798929097866,2.9997032945540716,2.86396386949475,0.3330423712468319,2.9843299288737457,2.841791237552646,0.2988711173822703,4,1.0,0.9915782498585786,0.9919285175550652,0.0007191269272512262,0,0.0,0.13461285141083024,0.1287903300719953,0.011983988072486865,2.8213651138321176,2.699330267918362,0.2511736845177205,20.78652131534144,20.375365216740306,0.9084500344239954,0.9917656142595279,0.9721485521018136,0.04334392911379765,4,4,1952.75,1953.0,0.5,71.59214923516183,71.59214923516183,0.0,149.74909046631353,149.74909046631353,0.0,20.959106684557796,20.959106684557796,0.0
front,log-0073_185,20.0,oracle-power,full_log,1.626617043187959,1.648012397740175,0.12074180474666295,0.036787096654373325,0.03762373601126294,0.0017746347613316125,0.12963831899183864,0.13258664951241772,0.006253841379356659,2.475082327137049,2.5313724797924806,0.11939966820873792,1.6119344134552427,1.6343875904575778,0.13819482052066345,0.13087906299498672,0.13281669782353595,0.0058253561817217,2.4987708752343627,2.5357646110208423,0.11121893778617759,5.496823773277274,5.0880377635267475,2.5604007566287863,3.118760512237521,3.124851847973403,0.3952564280995668,4,1.0,0.9916895294147783,0.9913945169831504,0.0008000254789367809,0,0.0,0.12963831899183864,0.13258664951241772,0.006253841379356659,2.475082327137049,2.5313724797924806,0.11939966820873792,18.996183738435718,18.90329569929311,0.35910658576559257,0.9949702683059672,0.9901050365046378,0.018809060857138942,4,4,1951.75,1952.0,0.5,67.28126305783923,67.28126305783923,0.0,147.53985945089536,147.53985945089536,0.0,19.09221244447691,19.09221244447691,0.0
front,log-0046,20.0,oracle-power,full_log_excluding_training,1.8347910274304726,1.851755277042959,0.12675533623903518,0.04217193073722977,0.040804091930878125,0.006148484177261914,0.14014675955593425,0.1358069320785927,0.01998600046153656,2.8427941785378987,2.747603651237147,0.40663483386020577,1.9271843332318848,1.8893226941188233,0.11729057996172806,0.14427908734932315,0.13647945117333465,0.0231482022304579,2.9267750322844037,2.761210070430348,0.4720073601125587,4.259159511559373,4.202301860641198,1.029045512687958,3.801052819066771,3.5879375298035745,0.7966831747112276,4,1.0,0.9910327954939173,0.9912913752499957,0.001564718935813417,0,0.0,0.14015607738475536,0.13580841533379845,0.01999264067115097,2.8429835448047442,2.7476336604860263,0.4067726850256074,20.62713129046108,20.587005791768235,0.881540716457299,1.0168751918788854,1.0140002622840982,0.04229426625793104,4,4,1952.0,1952.0,0.0,67.43016590934329,67.33578137615748,0.2542341574812476,162.6407113289981,164.92645015628375,4.5714776545712965,20.28415372916473,20.284726237546657,0.06518329546356202
front,log-0048,20.0,oracle-power,full_log_excluding_training,2.619618093748692,2.5104891868455796,0.23224397735026042,0.054373029938337904,0.050203349637992035,0.00920724303944906,0.18082102766891445,0.1664605141631088,0.030744611199532042,4.291702854461944,3.9721473571457735,0.7356762696576918,2.9013003897910483,3.000561464064929,0.2513601979392532,0.18640325265782107,0.1750997986938882,0.0272008838390497,4.424377245262397,4.178293646878438,0.6539736925448741,4.257263639950913,4.029758481732991,0.46074622879573224,4.225363824455197,4.029758481732991,0.48624680281932964,4,1.0,0.9837470176058323,0.9860678676110801,0.004974506500696421,0,0.0,0.18083272461211308,0.16647865794957895,0.030737049870938466,4.291980867205076,3.9725802943085355,0.735501186041754,23.64633851579985,23.379913612735436,0.7943856761403717,0.9964251591792048,0.9817564261216325,0.031956310497237635,4,4,1952.5,1952.5,0.5773502691896257,78.91201168206314,79.09338862252709,0.4013514333863476,146.71012738680676,146.71012738680676,0.0,23.73092630333688,23.788846806452376,0.20169223110865345
front,log-0049,20.0,oracle-power,full_log_excluding_training,2.307803912485101,2.2614636963990593,0.3405533876741912,0.047131891113287944,0.04620047956532017,0.004665654508521636,0.1549598430358171,0.1510665442189144,0.016108485964467918,3.6107038848134088,3.560171810452321,0.3739596573127021,2.088422130233702,1.9744260087416414,0.2857572803687893,0.16187707641015953,0.15848025093223292,0.013145766316888144,3.7718508456299946,3.734891508609178,0.30584742634901957,3.457083757769868,3.415700174749948,0.3119064998348357,3.538673921612925,3.4341870095585896,0.43968771925964867,4,1.0,0.9897830301027162,0.9903489382717019,0.0013222013646203574,0,0.0,0.15500511074672346,0.15111496570049837,0.016088737168278862,3.6117584164809924,3.5613129654430944,0.37350490139022696,21.685757034142743,21.926127344869343,0.5503288474233106,0.930729040802979,0.9304215595100445,0.0239610083547195,4,4,1951.75,1952.0,0.5,76.5821244237514,76.8391972888924,0.73985593685089,123.24753152779465,124.13560881540509,1.7761545752208932,23.301460387010366,23.31806937905762,0.31892824829974853
front,log-0054,20.0,oracle-power,full_log_excluding_training,2.3741654645260484,2.3593179640569764,0.0749568752649975,0.047440178204685525,0.04675219414819709,0.002477183338606353,0.16636769591913642,0.1639803209758106,0.008445043062691438,3.001497594105061,2.9552224274746064,0.1638611339097803,2.413450879464593,2.4074532610961246,0.0962717142156351,0.17249704559105103,0.17263166502698132,0.005823443647997596,3.11194152350315,3.113389802736922,0.1171458873509987,3.1531438800602016,3.1752489658132994,0.313138993487712,3.0526217416752246,3.0301314531586288,0.25201171342041,4,1.0,0.9864756994723637,0.9866391731654177,0.001075395128341524,0,0.0,0.16637190967676427,0.16398462163330746,0.00844292157593548,3.0015735207050853,2.955331549688652,0.163823582651839,17.305167079946127,17.37191250011272,0.20389099007948322,0.9593647744145191,0.9653822955229114,0.014061124292835703,4,4,1951.75,1952.0,0.5,63.26340604932378,63.32842635420481,0.20235360385806586,135.33135455623437,135.33135455623437,0.0,18.038776153179764,18.034462481015296,0.07043638731931506
front,log-0055,20.0,oracle-power,full_log_excluding_training,2.939126486881688,2.8927760633868154,0.10365993157745038,0.048641790828172125,0.04886006548596947,0.0027263831517386305,0.15853572146663833,0.1601585298791412,0.008493744521883522,3.891917881969663,3.9063824785676333,0.228170508060534,2.9399733203037575,2.9174718854380908,0.09560027633837073,0.15963926046693724,0.16160243000752872,0.007877557508270766,3.9189802044189577,3.9418020427135643,0.21382737967720855,4.410906506083698,3.897827099318241,1.3684146728191013,3.7289758266670976,3.715052889899303,0.23551396923334195,4,1.0,0.9881428768942104,0.9881456508580129,0.0013256556403290088,0,0.0,0.15854182992218607,0.16016653420605187,0.008489858394878999,3.8920676808959285,3.906578828557106,0.22808019927049888,24.078760121217773,23.620492263366025,1.1146969301625447,0.9810805529265131,0.9659459248207047,0.04658265236801277,4,4,1952.0,1952.0,0.0,80.00401432460912,80.05095679691361,0.48337401354665727,143.32322178319504,143.32322178319504,0.0,24.54524706505422,24.51170113609234,0.26792469768471405
front,log-0056,20.0,oracle-power,full_log_excluding_training,2.6603562252614945,2.638630369737802,0.0599400492626426,0.04810843839123872,0.0479892605636251,0.0005685425662780973,0.16520748824126993,0.16466281729423152,0.0021041876321693954,3.721274699358881,3.7214122101222076,0.07896466367671759,2.7295952492725695,2.7221247012068988,0.09619056053197392,0.17059811297237043,0.16669443687893568,0.010155427022776671,3.8443590134483188,3.742310077805684,0.2732030955856321,3.9431102654088854,3.8677451833910084,0.2287187232346472,3.7535763186414095,3.7408291792376636,0.1117896863286861,4,1.0,0.986447994451453,0.9865374883966082,0.00028493937603170914,0,0.0,0.1652312832111324,0.16470645373933074,0.0021128054809776407,3.7218180519897315,3.7215694933654584,0.0795532123518152,21.878957097973316,21.887226489688597,0.1043411632508249,0.9715012266305281,0.9731478917787486,0.014315450755933502,4,4,1951.5,1951.5,0.5773502691896257,77.34635951748112,77.15198539004277,0.8595834798725157,147.76901138236258,147.76901138236258,0.0,22.523484483083056,22.448492523961875,0.2538313014608783
front,log-0058,20.0,oracle-power,full_log_excluding_training,2.5370990537934945,2.5413231206242055,0.1101448070533006,0.04429897708408279,0.04431827554154806,0.00023914953238079537,0.1502927049148398,0.15044449339049806,0.0011189195930138354,3.550771240614746,3.5540374379485797,0.02675618175990155,3.106064830800042,3.094341622111613,0.5176722689152244,0.17587226324256175,0.17476951876126812,0.022058282036002103,4.155290122497866,4.1261820146060355,0.5231872059240632,4.065786246463472,3.9488411621785495,0.2527511188643483,4.065786246463472,3.9488411621785495,0.2527511188643483,4,1.0,0.9892362679442952,0.9892494626632828,0.0007233447388069027,0,0.0,0.15036105859725551,0.15051776766058794,0.001067648920845432,3.552386658363254,3.55576994070202,0.025655527622575523,23.75736870357575,23.72984998502893,0.8519093988674058,1.0055605407537567,1.0043313744829139,0.035576386752217797,4,4,1951.75,1952.0,0.5,80.15416048618722,80.15167215341552,0.2502645352488384,156.16221917655614,156.16221917655614,0.0,23.62570208028913,23.62776193879273,0.022795414352089993
front,log-0063,20.0,oracle-power,full_log_excluding_training,3.3630102490340543,3.1807399080711134,0.8140932519400664,0.051930010097990364,0.049041468808855494,0.009804194534075862,0.16081178939683088,0.15127674699016083,0.028867779788636413,4.68487295543124,4.424662123286401,0.9330285120211034,3.263775543381203,3.106754824425174,0.705392994942694,0.17194832360044268,0.15730491046338518,0.043290924750545696,5.012852046604616,4.5990804491335435,1.3545881045818147,4.967969749426548,4.650777009695423,1.3187536688446577,4.228588070099012,3.9926743149594452,0.7948281077615484,4,1.0,0.9885506220214967,0.9890513295224997,0.002287395573074151,0,0.0,0.16100392606129899,0.15137712490611221,0.0291178653494832,4.690532605328929,4.427566048657468,0.9402935557250113,27.606639667254324,27.70765765341914,1.3962572862498328,0.9505779047574343,0.9607844447356625,0.057019357210923015,4,4,1951.75,1952.0,0.5,90.09058873776065,90.20037199319992,1.1308784075581126,144.00569151457438,144.00569151457438,11.21958203111754,29.06178687923661,29.17807958313489,0.7801965569547548
front,log-0071_183,20.0,oracle-power,full_log_excluding_training,1.9092245681194906,1.7416651541904757,0.3977980709531259,0.04010265240730525,0.03612572307275254,0.008205696472006696,0.135706996994696,0.12235215721802493,0.027680111675362964,2.9333662548012613,2.6603787179249636,0.570683216514092,1.971217138575893,1.9177071888214052,0.3853402745188638,0.13905931887704492,0.12857165449555347,0.026653315639652075,3.006094901293874,2.7954486496800284,0.5487373908514852,3.5425265297116018,3.2232443206483454,0.7344955544858169,3.005169930819741,2.6228554689206804,0.9091070193154276,4,1.0,0.9916115283417547,0.9926670189027529,0.0021612372002153823,0,0.0,0.13571433655206214,0.1223658099938677,0.027676825837075925,2.9335254901732277,2.6606752140176706,0.5706114508167912,21.900310699369644,21.63509411056367,0.8590013172198213,1.01221384174662,0.9968159854009657,0.04779719224028477,4,4,1951.75,1952.0,0.5,73.24272786386587,73.51154899485165,0.6413832684574055,149.07886620639906,153.6761142601884,9.194496107578686,21.64202937711022,21.70411611180475,0.17731612812103614
front,log-0072_184,20.0,oracle-power,full_log_excluding_training,1.9529784160875934,1.88570530632121,0.1444746359408529,0.04027613616813524,0.0385092678583997,0.003721833529414157,0.13742317237726973,0.13161967646409417,0.01224921975823321,2.8542809001329355,2.7355179831053795,0.26048033124143183,1.9786658218695827,1.9187953702921436,0.16904790104189138,0.14003844885109792,0.1332770677779272,0.014250521889920067,2.908715820296174,2.770238647108077,0.30292952166211523,3.0119886871943904,2.896961734480068,0.3605210177269366,3.0181642416888836,2.8768423753509476,0.32144960369758685,4,1.0,0.9913074434777105,0.9916285263651481,0.0006541283181438933,0,0.0,0.1374316846155933,0.13162459249868108,0.01225564672340792,2.854458076853133,2.735620611593774,0.2606171132402477,20.584012163962228,20.156938944525212,1.017480516545035,0.9911004470479227,0.9697942026274899,0.04679360653031821,4,4,1952.75,1953.0,0.5,70.87357803664977,70.71072628774199,0.36701953935949544,147.88969652462026,149.74909046631353,3.718787883386568,20.76744786383457,20.75109033883739,0.10967109875767049
front,log-0073_185,20.0,oracle-power,full_log_excluding_training,1.657052651127248,1.6899836963107493,0.12339383895222196,0.037074231032665356,0.037833610187779074,0.001954555451182444,0.1307945615107649,0.13319721472251417,0.006628153562135092,2.519778562694743,2.5754992315784007,0.12356155021294213,1.6426333021834196,1.676519800195616,0.14231235862311792,0.13217629003655135,0.1334463578721102,0.006360301939302191,2.546188523142945,2.5944209444688173,0.11156725178438107,5.51463333963535,5.097890673602045,2.5426554140308175,3.1555745496557415,3.154280141221547,0.38479479793795807,4,1.0,0.9915462881373855,0.9913260698950072,0.0008658917329446758,0,0.0,0.13079954105396996,0.13319810522609948,0.006626726988233267,2.519873738511406,2.5755933559702706,0.12351105139548119,19.168290474119996,19.1466765849011,0.5551706058458679,0.9947408457854936,0.9896771155090509,0.01958521798407708,4,4,1951.75,1952.0,0.5,67.97983144444893,68.35182556540676,0.8590411491553667,147.53985945089536,147.53985945089536,0.0,19.26772117370711,19.343219008852458,0.26377498004481564
front,log-0046,20.0,oracle-power,training_window,1.7514252178949594,1.7624262774407589,0.12534755481825735,0.035120265987535475,0.036570299673080814,0.004346774830446129,0.12115188345832628,0.1258086856258139,0.01491786919072569,2.536275033432986,2.6175059946713217,0.3707536852271649,1.7514252205186827,1.7624262821798435,0.12534755499873598,0.1211518834583264,0.12580868562581415,0.014917869190725755,2.5362750334329887,2.6175059946713217,0.3707536852271682,3.346472674686799,3.463858214258046,1.0559461199806404,3.108314784896635,3.152208050650188,0.6569995953776937,4,1.0,0.9925487739419776,0.9920537358221604,0.0017302658306341716,0,0.0,0.1262531102694995,0.1284624756126751,0.008647928535608683,2.6403995663610664,2.671712589770957,0.24042456129566597,20.753391898081198,20.48665169506242,1.160990612627595,0.9925487719007129,0.9920537318564446,0.0017302667936237178,4,4,1952.0,1952.0,0.0,72.14130303651956,72.67057216731007,4.107705210853075,127.7778017443652,118.92696030688077,25.50942357195578,20.909544659635536,20.630368510987672,1.1780937291618645
front,log-0048,20.0,oracle-power,training_window,1.4190029070301557,1.5667434235241788,0.4742413347112011,0.03050582207260778,0.03164768284161447,0.005171726408505532,0.10242236115814878,0.1098833197487584,0.01882952409575357,2.108816143581913,2.0992765505984066,0.7278208706048648,1.4190029084120852,1.566743425892506,0.4742413352083731,0.10242236115814879,0.10988331974875842,0.01882952409575356,2.1088161435819135,2.099276550598407,0.7278208706048648,2.4091769708860875,2.0720052134215363,0.7917892036886655,2.2440204328181763,2.2913653524752853,0.9614203002916477,4,1.0,0.994606150427817,0.99394439529801,0.0017709630880401626,0,0.0,0.1128071837159644,0.12098421902090983,0.026727083627054844,2.31256610517193,2.4369253535332467,0.7940898856308337,20.188300672346372,18.491734522084567,4.889278914221339,0.9946061502761516,0.9939443949719153,0.0017709634331557601,4,4,1952.5,1952.5,0.5773502691896257,67.56917867849862,66.33101297811459,13.150024997957598,114.64015098968565,111.20178957091557,13.381134154051816,20.300453734426128,18.610575548052203,4.9304829566578565
front,log-0049,20.0,oracle-power,training_window,0.7445523197615009,0.7612565671449318,0.047003218498104855,0.025541149203810683,0.02489619206240174,0.002002231085854991,0.08364260987083058,0.08088929929454375,0.010610427768580906,1.307120807283223,1.1043820245240146,0.5266453460673198,0.7445523291193255,0.7612565670769421,0.04700320013268564,0.08364260987083168,0.08088929929454589,0.010610427768580715,1.3071208072832352,1.104382024524015,0.5266453460673083,1.6486400101755045,1.2424159986871848,0.9316392726715224,1.695585137579378,1.284457940384217,0.9182152875310211,4,1.0,0.9964531241376265,0.9967219825167356,0.000930467470827934,0,0.0,0.10797820500380478,0.11028667149022106,0.015727380445231347,1.646317882734948,1.4565789633632318,0.4954679857049542,15.263382571816338,14.364694426843721,4.141378639980066,0.9964531225536426,0.9967219801599219,0.0009304667411740775,4,4,1951.75,1952.0,0.5,50.26273377688089,44.35977904543188,15.599032164838086,97.91791485557694,94.3646513965334,12.653148688625958,15.320037631718037,14.407136489966657,4.170873457859004
front,log-0054,20.0,oracle-power,training_window,2.0796646778979175,2.076423308803886,0.1610034059106086,0.045267570422575565,0.043343837860255294,0.005778690006356957,0.1517829211000077,0.14341205465965326,0.02331331075584632,2.629546507240555,2.5974074717574656,0.13323636994845411,2.07966474574459,2.076423374323486,0.16100338692646823,0.15178292110001268,0.14341205465965715,0.023313310755841827,2.629546507240651,2.5974074717574656,0.1332363699484598,2.6867799441516818,2.6872739040279052,0.16259015733223475,2.9487837229228964,2.963624210337311,0.1615717070005649,4,1.0,0.9882021125219901,0.9896470217314993,0.003811705764725422,0,0.0,0.15831142769999418,0.15153057955472532,0.02051938112695218,2.7478432216728663,2.7020888617500667,0.10649759699138103,17.398210689767865,17.682106728822657,2.610088626754983,0.9882021292800676,0.9896470146929335,0.003811721836573924,4,4,1951.75,1952.0,0.5,58.77744714348915,58.39110336621633,7.999743058947803,104.012217829603,104.18337489125922,21.125807283308408,17.59905917014624,17.86246463788669,2.5840771993812273
front,log-0055,20.0,oracle-power,training_window,2.018743943282572,2.100381544911802,0.45797802286816164,0.03828108037590459,0.03763910843660022,0.007519560642132128,0.12643524788549898,0.12602671977251706,0.02060826024213787,2.7014707980295505,2.8281760320493285,0.5243886266732124,2.018743943278683,2.100381544916619,0.45797802288193173,0.12643524788549898,0.12602671977251706,0.02060826024213787,2.7014707980295505,2.8281760320493285,0.5243886266732124,2.919340123694214,2.798947964506905,0.7223019418773001,2.7104882242241937,2.640843799006661,0.40152609076268847,4,1.0,0.9918116607202339,0.9919894027491656,0.002641327658172825,0,0.0,0.1278460112110011,0.1268478996916635,0.0223504658946133,2.730606977974757,2.8676345484838572,0.547843192717365,21.370738363855523,21.43860562796192,4.08449710417813,0.9918116607141223,0.991989402713905,0.0026413276531933277,4,4,1952.0,1952.0,0.0,71.57811879350615,70.27578997473064,14.542462125837746,119.56109391167325,122.6066179112929,16.135955058559794,21.54442890277173,21.65837152858881,4.092686315704636
front,log-0056,20.0,oracle-power,training_window,1.6953901762239414,1.7119870725343653,0.24261365189127554,0.03248939612976908,0.03314057627226026,0.0031056921487347977,0.11129562772507183,0.1131187257049667,0.010964850016356182,2.5022792541510492,2.5031403783684834,0.14822929175221913,1.695390193328587,1.7119870725166697,0.242613623673606,0.11129562772507272,0.1131187257049667,0.010964850016357261,2.5022792541510666,2.5031403783684834,0.14822929175219407,3.028142052489893,2.9547113933636178,0.3179782306723806,2.734849122328928,2.7707084416365833,0.11826100629851653,4,1.0,0.9937414210507403,0.9935630672611852,0.0012112722937300247,0,0.0,0.11960773071625913,0.11425670425992462,0.023620975228847256,2.6649937822454617,2.6514495763069297,0.21651790244114796,22.500617954406092,23.107392675924288,2.446219726225846,0.9937414190042011,0.9935630672215142,0.0012112748111614694,4,4,1951.5,1951.5,0.5773502691896257,77.50347253175428,79.34555034576869,7.935468929272591,133.10935147170864,133.47145407818525,1.3985504646436033,22.640363593793122,23.256465533710788,2.437928029908057
front,log-0058,20.0,oracle-power,training_window,1.9206869740499828,1.8574264693542237,0.32826291155316556,0.033966916996358947,0.03263571226864542,0.006224934399868537,0.1176747669173953,0.1133671767351505,0.02041997005881757,2.8531741057551683,2.734931937336018,0.5931241909471581,1.920686976853182,1.8574264709937343,0.3282629154214415,0.11767476691739531,0.1133671767351505,0.020419970058817585,2.8531741057551687,2.734931937336018,0.5931241909471584,3.205885375473262,2.9797591870078173,1.2293860966863914,3.1988058821584104,3.122178916736069,0.6642635992742482,4,1.0,0.9928922806065614,0.9935395524163702,0.0025395432491082497,0,0.0,0.14842102127822207,0.15058342393873725,0.017265686080134256,3.5706735940811094,3.648737981639339,0.2776678390234091,23.976980513441262,24.044856097726374,1.14295181404989,0.9928922796388367,0.9935395516025931,0.002539544081279011,4,4,1951.75,1952.0,0.5,83.7289322872374,83.8438212669389,2.7326252412629874,133.86952329404048,132.39700890513268,12.866984510197579,24.15000492840457,24.234666162812964,1.187188010372257
front,log-0063,20.0,oracle-power,training_window,1.9319472324393363,1.8027401495321196,1.0733016866160494,0.03874398912572399,0.04014183044891614,0.013527656062993032,0.11939575330659877,0.12820308347683423,0.036921341843988514,2.888093846996556,2.8107104847213984,1.4974947525409146,1.9319465807999405,1.802738846570072,1.0733018937010577,0.11939575330684608,0.12820308347732884,0.03692134184422866,2.888093847000823,2.810710484729933,1.4974947525395317,3.281316453770597,3.71833261575801,1.0184953790747893,3.1111259369358786,3.601140226427547,1.501250177049866,4,1.0,0.9923251926953102,0.9915803531591036,0.004159634966316114,0,0.0,0.15624353615828057,0.15118318448333154,0.03409100517312347,3.519446737403772,3.3386303732313642,0.9016019845790039,23.17720779459946,22.51227577292677,7.669326179341713,0.9923248782960801,0.9915797244721591,0.004159945666310636,4,4,1951.75,1952.0,0.5,71.89272575323682,72.07918575741945,20.041596533622005,123.95068279225146,124.19235074433519,33.668529088360614,23.36676258689055,22.690624610475428,7.772981377574417
front,log-0071_183,20.0,oracle-power,training_window,1.7540209971690577,1.5511329315688462,0.5681229866115637,0.03612736299211769,0.031701816091923435,0.010413068206156456,0.11988539680507768,0.10528662275631914,0.032377365150081494,2.5915411781630944,2.106060694611269,1.1316869508765868,1.7540216568039706,1.5511329314898028,0.5681223275365977,0.11988539680658798,0.10528662275933975,0.032377365149001566,2.5915411781907065,2.106060694611269,1.1316869508532554,2.8683746214949557,2.347652298723121,1.313264268633296,2.818920662604244,2.375981399738234,1.0042559388642398,4,1.0,0.9923842564928429,0.9944380317612205,0.0044360293817040375,0,0.0,0.12391197385160989,0.11298555476955177,0.031222729815990204,2.6720343600129755,2.2394853781886015,1.103496685806259,20.85029153555177,20.068778952312513,2.9574694081362978,0.9923841915530895,0.9944379018163827,0.0044359835740767,4,4,1951.75,1952.0,0.5,69.89232450413444,66.99787574510631,9.210621121560912,119.08850928470557,113.44834656488794,23.881218429085894,21.020187451175868,20.179119865207756,3.0817767550290536
front,log-0072_184,20.0,oracle-power,training_window,1.479113616012197,1.5596197953381847,0.2722222958484717,0.02660925792544399,0.02819188568008118,0.0038499144731203743,0.09086588797860712,0.09618190441222213,0.01407096590473052,2.09712599284262,2.229096466989155,0.4113840424061725,1.479113616039498,1.5596197953744286,0.27222229583806895,0.09086588797860712,0.09618190441222213,0.01407096590473052,2.09712599284262,2.229096466989155,0.4113840424061725,2.4474090459401614,2.4333747372753995,0.20336093284835602,2.241933509997598,2.4444295149664566,0.566146067523138,4,1.0,0.9957880357860434,0.9953575137766018,0.0012022901004500775,0,0.0,0.09408156108291772,0.09966806872897718,0.01292460652587109,2.169768399808591,2.3092725412616906,0.3866000750968228,22.85470486110442,23.061558538113843,1.0958940726118156,0.9957880358463753,0.9953575138719009,0.0012022901172006,4,4,1952.75,1953.0,0.5,78.32019715436647,78.91618294295631,4.855576484420691,135.36836178005365,139.82983439474873,15.866581468574065,22.95236810157753,23.16918302333255,1.126608878680786
front,log-0073_185,20.0,oracle-power,training_window,1.1288792554944465,1.0626223066821474,0.22181467072976094,0.03058037937756249,0.02926087198865232,0.004789521999955963,0.10173235522818548,0.09724302075908771,0.010517148035310071,1.544289315454859,1.4091090739480951,0.37112786635337963,1.1288792647684391,1.0626223103274717,0.22181466141037404,0.10173235522818565,0.09724302075908778,0.010517148035310325,1.544289315454861,1.409109073948096,0.3711278663533779,1.897563720317912,1.7489454080834632,0.6462698461259329,1.7777047758169828,1.6684952171805554,0.37878001509905185,4,1.0,0.9947696279163527,0.9952605102913705,0.0011298806954003655,0,0.0,0.1037499438639351,0.09926570706361698,0.010190409153231593,1.5778069938893553,1.4402044031943855,0.3916884894848677,15.367065782593926,14.427192585273001,4.696996604918424,0.9947696265035595,0.9952605095150506,0.001129882303160585,4,4,1951.75,1952.0,0.5,52.36939012207825,48.16205282955854,19.17472509446898,96.32156457310812,94.96847252270868,16.767202416602807,15.444981080905828,14.495845604431139,4.709385644299659
front,log-0046,40.0,oracle-power,full_log,1.7942396124464821,1.803439804812165,0.08703204384839108,0.038974911662584134,0.03964533686117804,0.001949565964213705,0.1298045124750408,0.13203733898681985,0.006492957872836751,2.639100880949465,2.684497256636916,0.13201059435792822,1.827505023200505,1.8372520991858128,0.053210140975174375,0.1306520570813097,0.13281113729927313,0.006109617226390971,2.6563326063679344,2.700229620397886,0.12421676178270591,4.984928191632499,5.179617165334783,1.6920590472762942,3.4592266832604857,3.4697457898820674,0.3586935598945903,4,1.0,0.9919015016798686,0.9916673503653726,0.0005619800891051255,0,0.0,0.1298045124750408,0.13203733898681985,0.006492957872836751,2.639100880949465,2.684497256636916,0.13201059435792822,20.473514334390646,20.562174193095174,0.5344389142694311,1.0069924063949514,1.0113531528212518,0.026286445969233123,4,4,3904.0,3904.0,0.0,67.71281238035488,67.71281238035488,0.0,164.92645015628375,164.92645015628375,0.0,20.331349277683387,20.331349277683387,0.0
front,log-0048,40.0,oracle-power,full_log,2.5225416369331057,2.5004043465318557,0.13721403440108115,0.0525681036928619,0.05030280710108344,0.006422288846231121,0.17517365081168412,0.1676249616584366,0.021401110268967665,4.146025712818341,3.9673626594286384,0.5065234014754137,2.9202316188274056,2.913937678505965,0.33734836735158247,0.18715890007396402,0.1835470803174521,0.01585910447329711,4.429693669646898,4.344208795002927,0.3753547101627026,4.470157300432381,4.423525187735559,0.5439134329767074,4.470157300432381,4.423525187735559,0.5439134329767074,4,1.0,0.9848128962639576,0.9859063231942108,0.003953089567380779,0,0.0,0.17517365081168412,0.1676249616584366,0.021401110268967665,4.146025712818341,3.9673626594286384,0.5065234014754137,23.891603118374263,23.869271031791936,0.458017452350524,1.0094436532436455,1.00850010069288,0.019351686366934844,4,4,3904.0,3904.0,0.0,78.8696076434905,78.8696076434905,0.0,146.71012738680676,146.71012738680676,0.0,23.668089884564996,23.668089884564996,0.0
front,log-0049,40.0,oracle-power,full_log,2.0912745171371703,2.1385871686273075,0.20768721062614762,0.04475442216469179,0.04520075055069103,0.0025812900708763954,0.14881691043967898,0.1503010366608044,0.008583277243148167,3.4068567816262236,3.440832795953439,0.19649646130941723,1.8761119510184878,1.880325516767381,0.08305309440890968,0.15405136005744535,0.15648378388915798,0.00988945254779795,3.5266887289881232,3.58237406476331,0.22639865576763704,3.2923492627144046,3.2400472497464836,0.22459605177040692,3.367608429241623,3.3878124247584047,0.16446166247890798,4,1.0,0.9901864425056459,0.9901335594697962,0.00027852575172265353,0,0.0,0.14881691043967898,0.1503010366608044,0.008583277243148167,3.4068567816262236,3.440832795953439,0.19649646130941723,21.632604393297264,21.422847751709533,0.6667833195204422,0.9449464878995093,0.935783984939702,0.02912615349107215,4,4,3903.75,3904.0,0.5,76.12335534328501,76.12335534328501,0.0,124.13560881540509,124.13560881540509,0.0,22.892941209172253,22.892941209172253,0.0
front,log-0054,40.0,oracle-power,full_log,2.3590092418200865,2.351459089939417,0.06446962024851449,0.04727779052056687,0.04708627594159708,0.002228546411551968,0.16516716624887687,0.164498101134888,0.007785530829534397,2.9808499221088094,2.9687749877364755,0.140509155020701,2.3918649477179654,2.382985366822317,0.0778064371517422,0.171440545905913,0.17534408275863678,0.009142937238616464,3.094068570141177,3.1645175448838776,0.1650069101174095,3.6244161097229908,3.3079673610167424,1.001234623453678,3.0955484974449967,3.104745759715355,0.25197609841342256,4,1.0,0.9865154318488112,0.9866156347163106,0.0011939808758651856,0,0.0,0.16516716624887687,0.164498101134888,0.007785530829534397,2.9808499221088094,2.9687749877364755,0.140509155020701,17.476665361027415,17.4811552249513,0.30811101444783406,0.9683718968040802,0.9686206775614246,0.017072252705165825,4,4,3904.0,3904.0,0.816496580927726,63.049687586649696,63.049687586649696,0.0,135.33135455623437,135.33135455623437,0.0,18.047472689682227,18.047472689682227,0.0
front,log-0055,40.0,oracle-power,full_log,2.832711107636591,2.8204223252013696,0.06872990530649987,0.04718896304099393,0.04702238999373857,0.0023980959185069964,0.1541064286991487,0.15356244604354852,0.007831534618763989,3.7645487930225094,3.7512602542713926,0.1913106055694666,2.8891007924647285,2.8905564157734687,0.04436968773937581,0.1589243679900079,0.15936627624897026,0.0035472061988834195,3.8822425693001237,3.893037610214031,0.08665200360121193,4.020014927582196,4.031446632212255,0.4827008243434057,3.5135300810853765,3.4917109327803164,0.14906704800198597,4,1.0,0.9883417591077303,0.9884157212296791,0.0009220161375552063,0,0.0,0.1541064286991487,0.15356244604354852,0.007831534618763989,3.7645487930225094,3.7512602542713926,0.1913106055694666,23.85730882909851,23.84957856092013,0.6388538888317337,0.9766282399737929,0.9763117919511071,0.026152268620053123,4,4,3904.0,3904.0,0.0,79.77604402436594,79.77604402436594,0.0,143.32322178319504,143.32322178319504,0.0,24.42823978726921,24.42823978726921,0.0
front,log-0056,40.0,oracle-power,full_log,2.6626365669940033,2.6587524937720355,0.025100749312907747,0.04703575920664467,0.0469647684057684,0.00045659675043127347,0.16147685644391557,0.16123314035310957,0.00156752668960286,3.6606090125899473,3.655084076458759,0.03553513768970655,2.846758486886175,2.8380089620675455,0.07530728950176331,0.16673340263169806,0.1670228701814331,0.0021288754540497385,3.779772592893946,3.786334694391014,0.048260666236605035,3.7951529544463622,3.7235667694243206,0.1542691004818166,3.740435159453939,3.737587765191029,0.02548134468217632,4,1.0,0.9869361619801746,0.9869743955933898,0.0002178341844090601,0,0.0,0.16147685644391557,0.16123314035310957,0.00156752668960286,3.6606090125899473,3.655084076458759,0.03553513768970655,22.217422618373412,22.143965055106165,0.22666454854783785,0.9800553815941667,0.9768150201249058,0.009998631003994682,4,4,3903.0,3903.0,0.816496580927726,77.82608539404247,77.82608539404247,0.0,147.76901138236258,147.76901138236258,0.0,22.669558308260456,22.669558308260456,0.0
front,log-0058,40.0,oracle-power,full_log,2.482173732394975,2.486699197889579,0.04355788886703958,0.04456478605363009,0.044747514983738655,0.0014345640583390718,0.15173110384936325,0.15235324668288253,0.004884304568464982,3.5971354228663426,3.6118847522243915,0.11579369380147693,2.8367593974659,2.8490938921660818,0.3114898960561726,0.16706778517978027,0.17049699967355286,0.01600424880639157,3.9607267913020867,4.042024222186149,0.3794175936068568,4.5114211735621215,4.18009050940742,0.831995070540328,4.5114211735621215,4.18009050940742,0.831995070540328,4,1.0,0.989023375919835,0.9894255805428283,0.0008309607116787543,0,0.0,0.15173110384936325,0.15235324668288253,0.004884304568464982,3.5971354228663426,3.6118847522243915,0.11579369380147693,24.178392245725647,24.19921893451369,0.4468254615265626,1.0198710122021308,1.0207495046990354,0.018847586352866028,4,4,3903.75,3903.5,0.9574271077563381,80.71699073204307,80.71699073204307,0.0,156.16221917655614,156.16221917655614,0.0,23.707304116350024,23.707304116350024,0.0
front,log-0063,40.0,oracle-power,full_log,2.7578744001616107,2.7727180779488614,0.07147320564199262,0.044838645648620265,0.0440470695748747,0.0020898285238435247,0.14004031433298686,0.13756805941577765,0.006526964388588636,4.02349969179715,3.952469310690015,0.1875262800639933,2.7434098388107055,2.7124613884652327,0.1321686099101108,0.14165833021106172,0.13879449926780815,0.0077731626147807065,4.069986922404742,3.987706166520822,0.223330813943284,4.4038092534911355,4.326637046741451,0.5793902683512676,3.677523475932162,3.600804658378653,0.21357704047495163,4,1.0,0.9903836154790746,0.9905710059840853,0.00055341835092594,0,0.0,0.14004031433298686,0.13756805941577765,0.006526964388588636,4.02349969179715,3.952469310690015,0.1875262800639933,28.56749464405191,28.32651934546913,0.7180201705605195,0.9943087451491825,0.9859214556885129,0.024991121681385592,4,4,3903.0,3903.0,0.0,89.7328550761202,89.7328550761202,0.0,153.72213457336557,153.72213457336557,0.0,28.731010144908,28.731010144908,0.0
front,log-0071_183,40.0,oracle-power,full_log,1.8047279427145142,1.6898460750166904,0.2647216830020795,0.03809832718729742,0.0357829913774146,0.004764712370461909,0.12894863119590325,0.12111208283577492,0.016126774679443213,2.7903124026153683,2.6207377597504826,0.34896639836269555,1.8181756428165594,1.7367603899378055,0.26292796718662753,0.1298928787823947,0.12228970811644935,0.015564882269563443,2.810744924676994,2.6462203290172095,0.3368076391290204,3.540415134379233,3.264234282653902,0.8029035876812477,2.7821995614930968,2.4702762112918784,0.6423486078632531,4,1.0,0.9920242166267446,0.9927379002295813,0.0014566674347894176,0,0.0,0.12894863119590325,0.12111208283577492,0.016126774679443213,2.7903124026153683,2.6207377597504826,0.34896639836269555,21.594007604962542,21.338509139195047,0.7193348209337475,0.9979232863258996,0.9861159426741667,0.03324260052172485,4,4,3903.5,3903.5,0.5773502691896257,73.23976165404193,73.23976165404193,0.0,153.6761142601884,153.6761142601884,0.0,21.638945498973378,21.638945498973378,0.0
front,log-0072_184,40.0,oracle-power,full_log,2.007479235964844,2.0471898151491184,0.12307742469888205,0.03977831866299022,0.03998223938360641,0.0025058393470862887,0.1358748428024762,0.1365713955173518,0.00855944994202061,2.847815326044618,2.8624144487071153,0.1793984244959421,2.1330818640641622,2.1890302530068295,0.23028120652520306,0.14319294660675846,0.14684936480940597,0.009848809736110789,3.0011962444072386,3.0778315035998873,0.20642225397505756,3.4875173071865673,3.144180946643101,0.9640091611680897,3.1470095263097613,3.1753999443708847,0.2462208295071738,4,1.0,0.991469287722976,0.9917357737816506,0.0010189823788728587,0,0.0,0.1358748428024762,0.1365713955173518,0.00855944994202061,2.847815326044618,2.8624144487071153,0.1793984244959421,21.354958463818758,21.476693683360836,0.6725317534700522,1.0188868631291723,1.0246950887074011,0.03208780620242558,4,4,3905.25,3905.5,0.9574271077563381,71.59214923516183,71.59214923516183,0.0,149.74909046631353,149.74909046631353,0.0,20.959106684557796,20.959106684557796,0.0
front,log-0073_185,40.0,oracle-power,full_log,1.5977215635825135,1.602134259736292,0.12322299747229346,0.036478064347789704,0.0360978601378764,0.0022007255986869812,0.1285492841838985,0.1272094384464143,0.0077553923283633485,2.454290243224426,2.4287096237615504,0.14806759792337953,1.6077753105126238,1.6312933611330849,0.12239065619010732,0.12948998408683832,0.12795329245146161,0.007537312983926194,2.4722502856178514,2.442911442453589,0.14390398074963304,6.185300542890244,5.438217049505228,4.1629633294362804,3.290058012788731,3.0429708335881056,0.8086490066234455,4,1.0,0.9918544731554647,0.9918767651431195,0.0007666082762868691,0,0.0,0.1285492841838985,0.1272094384464143,0.0077553923283633485,2.454290243224426,2.4287096237615504,0.14806759792337953,19.12938525506026,18.997264985166165,0.3356003815198868,1.001947014296612,0.9950269011730899,0.01757786754656459,4,4,3903.5,3903.5,0.5773502691896257,67.28126305783923,67.28126305783923,0.0,147.53985945089536,147.53985945089536,0.0,19.09221244447691,19.09221244447691,0.0
front,log-0046,40.0,oracle-power,full_log_excluding_training,1.804887985729962,1.814771543650519,0.09582741978375517,0.03912389039595808,0.039643685834765,0.0021803658314273537,0.13041759375525636,0.13223758959409576,0.0070463196241771315,2.6604524848681717,2.6939068880275987,0.13787690643680012,1.8447787955965942,1.8538354613388475,0.056600308293011596,0.13143820473469892,0.133176494299567,0.006598934005417394,2.681274135076501,2.7129990873665495,0.12821840212896157,5.034075043345467,5.24560163397663,1.70020070683238,3.480921773841761,3.4660381719960514,0.3801818262319739,4,1.0,0.9918927323827474,0.9916663568355357,0.0005793829826692445,0,0.0,0.13042662078519623,0.13224589062767894,0.007042247530105937,2.6606366470949316,2.694075685019465,0.13778934724690747,20.57308504316186,20.73329310559818,0.6188226082253993,1.008380408204212,1.013217403033542,0.028791001659896075,4,4,3904.0,3904.0,0.0,68.012501553235,67.9516663201698,0.33687912309221074,162.6407113289981,164.92645015628375,4.5714776545712965,20.401506215836836,20.405522426131917,0.07951360661463046
front,log-0048,40.0,oracle-power,full_log_excluding_training,2.569435992862137,2.544895917721337,0.23714065392482858,0.05395240771339147,0.05171231391921979,0.007938261277236118,0.17998428340404712,0.17202796400473055,0.026845498989324364,4.242156672381032,4.069001578165317,0.596235574622803,3.0517860070905085,3.083900458154555,0.342079667565305,0.1941848957038836,0.18966481645664318,0.018702395540945736,4.579233729254478,4.479354039549827,0.4145898494622542,4.5627383988086425,4.501557477522466,0.5646259438955537,4.559107348620592,4.494295377146365,0.5671319035402536,4,1.0,0.9840233840146199,0.98514632969385,0.0051488203505091115,0,0.0,0.18011135014877538,0.17209726127061398,0.026732354702398833,4.245172257481491,4.070667969239213,0.5935621673844458,23.90331110394506,23.90527375917882,0.5861317244787695,1.0132117408287529,1.0110396860409459,0.023165277718580735,4,4,3904.0,3904.0,0.0,78.68732891801338,78.64586837195625,1.0214341296288336,146.71012738680676,146.71012738680676,0.0,23.5942891422103,23.51088734617809,0.46232797043217244
front,log-0049,40.0,oracle-power,full_log_excluding_training,2.317893923747228,2.4008952892776714,0.27237960140676215,0.04728726254622199,0.047281524152490685,0.0017588865415029036,0.1546135489525604,0.15327432294565702,0.005983311072883068,3.6389806940680267,3.6959035881983646,0.2360209478374953,2.068578489930889,2.097746031186265,0.10763869561422514,0.16127771479521985,0.1609777279316829,0.006987504975088909,3.7969474603231226,3.8816986571148107,0.27627539470388807,3.4305084699484354,3.3264974222798935,0.2889852870089739,3.555672371423576,3.5079204309791967,0.19154680423804063,4,1.0,0.9897334585539996,0.9900112852511843,0.0005823329344090972,0,0.0,0.15478723487785256,0.1534756198608226,0.006005088169922515,3.643098208961881,3.7007586073840604,0.23705209900666635,22.043776381516828,22.071165635683162,0.4675796344912903,0.9378615566125648,0.9299009532191358,0.0323906162377739,4,4,3903.75,3904.0,0.5,76.90109594824362,77.92648514442455,2.520574247678547,122.43593221890083,124.13560881540509,3.3993531930085155,23.524338215918206,23.859675129248707,0.9150481031258928
front,log-0054,40.0,oracle-power,full_log_excluding_training,2.3693879557442847,2.3609901892720093,0.07192325993589826,0.04721780437708904,0.04695284394734915,0.0021225260156294357,0.16623399376639536,0.1652534395039491,0.007917059884255975,2.994107047024262,2.979764546494518,0.15322206246669096,2.414410912834418,2.411135291746219,0.08906075127070426,0.17318278293387446,0.17665052057991337,0.009784075434155902,3.1191063754140105,3.1941904599223223,0.1815703280430535,3.6362635206373417,3.3335462254886874,0.9887029980296174,3.107737635714569,3.116104932491208,0.2628931468988651,4,1.0,0.9863648625319659,0.986506806158792,0.0011771749858215709,0,0.0,0.1662534559840354,0.1652889237677726,0.007911013851529269,2.9944571218900693,2.980402730648576,0.15311059618548234,17.420465656884897,17.401539401940816,0.34506973414602893,0.9673042539953283,0.9680837208716302,0.018084819260074953,4,4,3904.0,3904.0,0.816496580927726,63.39735074793617,63.457622994010976,0.4166421152420703,135.33135455623437,135.33135455623437,0.0,18.00917743850927,17.989175167041473,0.090689062252252
front,log-0055,40.0,oracle-power,full_log_excluding_training,2.93571987437003,2.8951247901707813,0.16784198628951608,0.04871865590277493,0.04876283129485855,0.003236936830527841,0.15932627913118177,0.15964052578475468,0.00874993277434374,3.882549366527247,3.8445611415726466,0.27073062083293536,3.03152829341812,3.033743490871583,0.07497050597859828,0.16588978977387248,0.167059398663286,0.0038817659457097003,4.040562952016982,4.034653603144353,0.13385131932594913,4.061006780309749,4.117513839630706,0.5130373916844277,3.6099525020627348,3.596105372954713,0.15006217640736955,4,1.0,0.987629032740545,0.9876264082391131,0.001059066037463861,0,0.0,0.15947583697805107,0.1598106963008986,0.00861271514774937,3.8861496423252895,3.8489109791425835,0.26733348020438225,23.771309969441447,24.035556588250273,0.6636172988916923,0.9762611472312908,0.973975091528723,0.03211830712712908,4,4,3904.0,3904.0,0.0,79.68660719124391,79.60138181463769,1.099723066723525,143.32322178319504,143.32322178319504,0.0,24.357567009979448,24.13235499878356,0.6070323022914317
front,log-0056,40.0,oracle-power,full_log_excluding_training,2.722933923527899,2.7190299682196115,0.045960193067760634,0.04869510499618369,0.04904846716828708,0.00128045922603061,0.1675557733225708,0.16796045148047567,0.0026949580036456206,3.7517641098051846,3.753111049380988,0.07399452227615581,2.9729467284399167,2.976962947172897,0.09045854114946743,0.1744132149038931,0.174494167649634,0.0015941839416197191,3.9051033691785215,3.920542309736054,0.03308841824355275,3.8761040318368933,3.808304733036925,0.15249369058885828,3.8407684385730434,3.8440559119918305,0.038232524616031674,4,1.0,0.9859582977284514,0.9858881564051017,0.00038337502516137665,0,0.0,0.16767355879204204,0.16807829808807234,0.002624342582093966,3.7543978502939326,3.755414766869152,0.07247972324609704,21.851004512798298,21.86238768394177,0.18658131498700706,0.9759480731939375,0.9727339814648974,0.011415356495178225,4,4,3903.0,3903.0,0.816496580927726,77.05866045533438,76.81334974658141,0.8733314499337675,145.91495985164212,147.76901138236258,3.7081030614408945,22.390405560651836,22.349633735150505,0.14658325982488302
front,log-0058,40.0,oracle-power,full_log_excluding_training,2.4838456007155103,2.4877862972488565,0.016892407657345336,0.044939361060995504,0.0451504642350387,0.0022207662394313292,0.152482535426053,0.15253802182033716,0.007514084190244559,3.624839895844103,3.6390243972408443,0.17124369549953247,2.9412034309172865,2.93644704559468,0.3717190301841228,0.1707692898545196,0.1760569913917317,0.019011045016757256,4.060800256633804,4.179590345525613,0.46366270483685706,4.594710028902166,4.310807904390991,0.7857710202549782,4.594710028902166,4.310807904390991,0.7857710202549782,4,1.0,0.989085448287399,0.9896961305141044,0.001317821855883351,0,0.0,0.15267117269149896,0.15287955458204605,0.007528998387035433,3.6293373824352564,3.647173448445078,0.17197573974609773,24.35551392167278,24.352160241644125,0.6117997798174076,1.0244006647154769,1.025111334359166,0.021781151520415192,4,4,3903.75,3903.5,0.9574271077563381,80.6674624643022,80.6601470226541,0.22822517089683433,156.16221917655614,156.16221917655614,0.0,23.774020094729188,23.761585267458617,0.1221525502605881
front,log-0063,40.0,oracle-power,full_log_excluding_training,2.8858573796588214,2.886632027069282,0.2803067556479522,0.04640292256935316,0.04603499840036051,0.0041360455829111,0.14430804539084724,0.142218269490912,0.009227294029013155,4.112558501866351,4.075863411657942,0.4157812740860117,2.871630989357857,2.844157176597653,0.35005322171566144,0.147188271560475,0.1429426635981499,0.010598145984008607,4.194303495582481,4.096308085379919,0.4437986178613861,4.542283276140838,4.414645733547185,0.6119039543386127,3.728093703530732,3.6249886962550084,0.23427285908595633,4,1.0,0.9899085351514834,0.989849849483582,0.001002979472504509,0,0.0,0.1444975106271646,0.14226537367609404,0.009302575168720656,4.117935988753694,4.077192798186163,0.4172940072025807,28.251283817317734,28.197377840367594,1.917019951861204,0.9922827393786373,0.9845182682048998,0.03181417784899764,4,4,3903.0,3903.0,0.0,88.55788109340881,88.62288208151847,1.2095350276599601,144.00569151457438,144.00569151457438,11.21958203111754,28.45365173649679,28.451598883336008,1.2607270068796035
front,log-0071_183,40.0,oracle-power,full_log_excluding_training,1.8132589221899893,1.702387295165281,0.2557458696787987,0.03836919797522287,0.03629969453629195,0.004486857333950175,0.1297614403085461,0.12281151919741337,0.015027899791152051,2.8091068800864774,2.66878387938472,0.3018792619961501,1.8300880250645057,1.7578838980267728,0.2492709047103664,0.13088404248143132,0.1240828190367963,0.014323550286845418,2.8335354920025333,2.694787891978022,0.28680216893726856,3.577303952153648,3.3246572220811927,0.7982073659117525,2.792266663754494,2.483108378717911,0.6295357377345118,4,1.0,0.9920446846373964,0.9925811883991038,0.0011103928714038761,0,0.0,0.12977099733465386,0.12281821716380159,0.015021599449928442,2.809314848483275,2.668929746510151,0.30174362626863516,21.633354145752214,21.464599580553042,0.6625022988718527,0.998845547799422,0.9855124200527265,0.03747596983004311,4,4,3903.5,3903.5,0.5773502691896257,73.2677105218397,73.52150727776481,0.631881152561191,149.07886620639906,153.6761142601884,9.194496107578686,21.662539797719536,21.71769660314613,0.16977075729489638
front,log-0072_184,40.0,oracle-power,full_log_excluding_training,2.0111428249519774,2.0174295828975297,0.10029618436367561,0.04082182936043622,0.04078921445417359,0.0030513667503694218,0.13890184196708516,0.13860394641038248,0.009771331057571674,2.8586595040230667,2.8799076642431123,0.18935275397096846,2.1723253177363526,2.2118150262013163,0.2124311245294371,0.14846353862169467,0.15282808733665837,0.010737740705055803,3.0538200567370404,3.099341325409865,0.17919894596690322,3.5352972397279627,3.1935589359350436,1.0163626447632175,3.1851239840541448,3.1785665888466244,0.2395902703647404,4,1.0,0.9912879623350201,0.9915596803685749,0.001311114663129878,0,0.0,0.13903191264057413,0.13875562682819587,0.009725788216435051,2.8613137050000192,2.8808239742913537,0.1879515116370588,21.052222483942508,20.88381080440083,0.6006635899493696,1.0229190922830953,1.0297821834100767,0.036974912334202546,4,4,3905.25,3905.5,0.9574271077563381,70.07242158117855,69.53340451684531,1.618412016297692,147.88969652462026,149.74909046631353,3.718787883386568,20.587446056778447,20.477867574233287,0.4009618210926808
front,log-0073_185,40.0,oracle-power,full_log_excluding_training,1.6342410943627073,1.6040818294057384,0.14030917257833572,0.03674395944264566,0.03641949528295599,0.0024742800831311115,0.1299154935420656,0.1288692535221594,0.008164035658217389,2.519069146940773,2.4563203958814936,0.17189190508594832,1.6474698925440223,1.664454730472936,0.12733923789001045,0.13106389549955266,0.12980285758604637,0.007851525716193162,2.5414964448155017,2.474252931272715,0.16978780252407905,6.22440886293883,5.488506063547138,4.121708373221047,3.3459275297157802,3.074790696154008,0.7864106288444206,4,1.0,0.991689793877041,0.9916506586895173,0.0008290336200126412,0,0.0,0.12993198439047557,0.12888265954997036,0.008159325449085856,2.51939120062024,2.4565779651004744,0.1718562347318471,19.43522008671807,19.388312871253547,0.7744446238405249,1.002081502354701,0.9949633848485663,0.018547877539650075,4,4,3903.5,3903.5,0.5773502691896257,68.57288950847396,69.199945137458,1.6797180457170482,147.53985945089536,147.53985945089536,0.0,19.39010932442571,19.495348542052028,0.46938851509613544
front,log-0046,40.0,oracle-power,training_window,1.660643211999348,1.6544572809922737,0.04435809630078825,0.03715386180268334,0.03704772398338278,0.0045124758663439325,0.12478611296277865,0.12237085250747207,0.01280070624779308,2.396439519059891,2.3958556557187887,0.20474082515711037,1.6606432136202502,1.6544572841783354,0.04435809523034762,0.12478611296277867,0.12237085250747207,0.012800706247793068,2.396439519059891,2.395855655718789,0.20474082515711015,3.823147131921533,3.650348493684293,1.1786001281827307,3.2086909594896413,3.265307386551358,0.41155522618006996,4,1.0,0.9921207048637728,0.9924748922641473,0.0016490126013048328,0,0.0,0.1257579905376635,0.12379224366494672,0.012568534472250748,2.4152578785994243,2.4059537115741456,0.20213050699028026,19.095957560883548,19.135461808755128,1.0525144016705414,0.9921207044429465,0.9924748922355786,0.001649012149782691,4,4,3904.0,3904.0,0.0,64.7887977274508,64.60389004501425,4.298041031811853,131.62805943713693,125.8380026081764,24.429307853492915,19.24690618693322,19.263809796189538,1.0439662317438239
front,log-0048,40.0,oracle-power,training_window,1.5976112961131597,1.6531732083633002,0.5875829625875065,0.034662104360502446,0.03521222917785783,0.0110173168051967,0.11198363831326447,0.11162538329290884,0.033408872491439735,2.3513561385681636,2.4350394915231703,0.7490919320436498,1.5976112962539446,1.6531732086835738,0.5875829626966639,0.11198363831326447,0.11162538329290886,0.033408872491439735,2.3513561385681636,2.435039491523171,0.7490919320436499,2.4921272713838247,2.4050052568088143,0.5969432047945739,2.467289594187388,2.433742628238294,0.3836742128886681,4,1.0,0.9932832983329191,0.9936587730979476,0.003801654401286526,0,0.0,0.13230140910611038,0.12765527636915042,0.052100124414572235,2.7438219038279983,2.717313810073048,1.0113171575145607,21.11637858776197,19.843902388286985,5.047588408076284,0.9932832981436188,0.9936587728481026,0.003801654451625898,4,4,3904.0,3904.0,0.0,68.95777960410742,66.71951605013416,15.043927593033704,120.12632610373288,116.11721932086834,9.288874228287689,21.255481732139508,19.98816974292962,5.054935875356783
front,log-0049,40.0,oracle-power,training_window,0.8633371100726328,0.8519998677489874,0.14786667998510053,0.022777141279051942,0.021556087398581003,0.003993423774930689,0.07727181039511546,0.07400159545618212,0.011628344486929901,1.3538850302730614,1.2429880956306274,0.4147305814850981,0.8633371324339111,0.8519999002836696,0.14786669886083872,0.07727181039511662,0.07400159545618228,0.011628344486931896,1.3538850302730792,1.242988095630661,0.4147305814851027,1.5014861659817842,1.323121652437061,0.4747109050123431,1.4430561993413853,1.3842960037764682,0.28837748477341185,4,1.0,0.996958861883309,0.9972576439642071,0.0009530540165850168,0,0.0,0.0969609472082028,0.09851229608108926,0.015807012311086284,1.6563712366124115,1.602200496705982,0.2799637430579216,17.609818142185077,15.143898594335333,5.679162917589412,0.9969588594198442,0.9972576424758183,0.0009530565652942215,4,4,3903.75,3904.0,0.5,59.89761309231719,51.23086161167231,18.36153720973339,104.1997569138814,99.428691264717,10.871577631858226,17.66258314102372,15.1946599488694,5.6909902623214155
front,log-0054,40.0,oracle-power,training_window,1.9793317280674319,1.9842481169739954,0.21576881104916537,0.044115134085459806,0.04267321513569585,0.004973283092930391,0.14348932488450616,0.1437133455789943,0.01577119379924606,2.576211853395629,2.5596310261645776,0.20525129518635937,1.9793317392106746,1.984248159506605,0.21576880042903365,0.1434893248845077,0.14371334557899668,0.015771193799246866,2.576211853395657,2.5596310261645883,0.20525129518639923,2.7322466903397276,2.738619648845094,0.35769120011107164,2.8622079180822917,2.9046116755261497,0.4438449317496492,4,1.0,0.9895556336620855,0.989615857746819,0.002284328180417874,0,0.0,0.15086935726627895,0.1451050153843313,0.012961605583689011,2.7104678290146165,2.7470623509953103,0.14252569707845736,17.848459066918043,18.095828400704505,1.41002015943157,0.9895556299031066,0.9896158530267257,0.002284330980851805,4,4,3904.0,3904.0,0.816496580927726,58.74821470878779,58.64807853422805,5.9172187716119,113.542671374739,111.06438733448077,12.201696031782909,18.035105278755278,18.256918293388708,1.3962102752319536
front,log-0055,40.0,oracle-power,training_window,2.070726381255107,2.1838486044118453,0.34292894612367536,0.037549820200743676,0.03748503478769749,0.003289887413979995,0.11941800894965078,0.11940897886246044,0.002349389025280088,2.7740374641604055,2.9500964725134446,0.41630223382326154,2.0707263812489316,2.1838486044119847,0.3429289461188115,0.11941800894965078,0.11940897886246044,0.002349389025280088,2.7740374641604055,2.9500964725134446,0.41630223382326154,3.4002746729381985,3.45176461518204,0.5994250076974044,2.7545089637146596,2.7769270698464084,0.18380034242293744,4,1.0,0.99284195092146,0.9928450956515722,0.00028262431176220984,0,0.0,0.125361865590511,0.12572727848547316,0.00696774861274354,2.9181829349668984,3.1250417078972426,0.5001789562094795,23.0737411841557,24.35296165208306,3.5207574929301915,0.9928419509561623,0.9928450956841696,0.00028262432366221854,4,4,3904.0,3904.0,0.0,74.12267395173603,73.68019021976843,11.981907256284204,130.13243251208758,133.15068642823093,6.08996782918666,23.239950169295007,24.532353532667422,3.544820228455084
front,log-0056,40.0,oracle-power,training_window,1.997694950352371,1.9879608143835608,0.11369366353922329,0.03664778332553774,0.035661917615737095,0.0036150394057326085,0.11962841576985321,0.11858993489517111,0.006796199374803021,2.786021192826152,2.703508405979102,0.26361197247525353,1.9976949503464212,1.9879608143724807,0.11369366354469096,0.11962841576985321,0.11858993489517111,0.006796199374803021,2.786021192826152,2.703508405979102,0.26361197247525353,3.2205654624457853,3.035454073749233,0.39403046270998937,2.856976966867318,2.798183556774461,0.1776113728732548,4,1.0,0.992801032005817,0.9929376237026543,0.0008260299621994431,0,0.0,0.12595736294655518,0.12542144652271506,0.008712808375431787,2.935835616200017,2.8620989028140054,0.3313086109798063,23.106605351397658,23.314525389931923,1.3998214139223266,0.9928010320210736,0.992937623648718,0.0008260300168661106,4,4,3903.0,3903.0,0.816496580927726,76.06333386918186,76.31328931213787,2.0756484729012676,137.64818490346022,134.38177586347894,6.532818079962538,23.274378121535673,23.468203222480483,1.415246237012862
front,log-0058,40.0,oracle-power,training_window,1.8641209804950079,1.623562196050382,0.5779246014936965,0.03514175187709602,0.031141367803911867,0.008885543380084772,0.12421627640289548,0.11460148873945078,0.02497940082343272,2.7336808854964163,2.4346354834922104,0.6836441061942621,1.8641210368188057,1.623562196041327,0.5779245524767411,0.12421627640290309,0.11460148873945078,0.024979400823425597,2.733680885496594,2.434635483492565,0.683644106194177,3.3458663779182545,2.7050639988774634,1.6369616784619374,3.130146998720199,2.9746125472018714,0.6350179300723304,4,1.0,0.9920149120586721,0.9934047971564404,0.0034162514937606564,0,0.0,0.14869826687005552,0.15830422313827242,0.023952975313573828,3.2409273337837785,3.2642248694511817,0.4701979754225126,21.726571631351902,21.858529807353044,1.6106780348185146,0.992014906633397,0.9934047971797784,0.00341624742417002,4,4,3903.75,3903.5,0.9574271077563381,77.82179133554078,77.67750837732555,0.49092948908555134,133.9414934602187,132.39700890513268,12.97097293959506,21.903359337612073,22.074928231207902,1.655705841810365
front,log-0063,40.0,oracle-power,training_window,2.3681091823365614,2.285282388674493,0.627242016869733,0.041659642164566045,0.04234767236124393,0.006067502251980307,0.13082041876919692,0.13057911410764458,0.010854295129951176,3.5823878178585775,3.4932735650765396,0.7647902719780093,2.3681091921669295,2.2852823919300116,0.6272420042140945,0.13082041876919698,0.1305791141076447,0.010854295129951222,3.582387817858579,3.4932735650765396,0.7647902719780076,4.2146969087223685,4.051905508143945,0.5806426271289848,3.617249365109168,3.404800552517554,0.4834318835944929,4,1.0,0.9913607381055307,0.9914135865706013,0.0014344261723639176,0,0.0,0.1328840146800283,0.1315945204811194,0.009806436681927943,3.6376373493879504,3.5708247106062174,0.7545875699060125,27.159711433652426,28.189463252423266,5.248656526504637,0.9913607362470139,0.9914135837762494,0.0014344265067584001,4,4,3903.0,3903.0,0.0,86.03221247700563,91.61811550907755,12.706626183339335,139.06361732684096,139.2315352964264,16.380247733720665,27.39621491719557,28.441230788211655,5.295383198179234
front,log-0071_183,40.0,oracle-power,training_window,1.7004254245301262,1.5873492918293057,0.40657748233725677,0.03471453269080398,0.032516981742562706,0.007650977087204785,0.11762767252876476,0.10829495045376668,0.029339628449930343,2.531679525708747,2.1689969180991397,0.8449461680861966,1.7004254277869415,1.5873492984703867,0.40657747987666387,0.11762767252876477,0.10829495045376672,0.029339628449930332,2.531679525708747,2.1689969180991406,0.8449461680861964,2.7864962419698243,2.329953305462414,1.1917272341400345,2.6406386292377997,2.329953305462414,0.8038005072558153,4,1.0,0.9927270635574041,0.9941188042124249,0.0038466588055689663,0,0.0,0.11882826995455592,0.11054092855770717,0.02886832838697644,2.555978767795322,2.2141885866016433,0.832677928882451,21.1023320164783,20.728952814889933,1.6381647430924193,0.9927270633972476,0.9941188038388311,0.0038466587699141418,4,4,3903.5,3903.5,0.5773502691896257,71.84977214151752,68.90540258986094,7.661096633397521,126.46860095013591,120.6110642239135,18.4246219717721,21.261147024394585,20.835609743574693,1.724174545515947
front,log-0072_184,40.0,oracle-power,training_window,1.8259953163319862,1.97606051429626,0.3992774883435688,0.03221426548814675,0.03360345615060403,0.003644618484163562,0.10669490787056798,0.1122245997944758,0.013014753583420106,2.522151017078954,2.731036711373636,0.572758938647881,1.825995316374997,1.9760605143037797,0.39927748834670734,0.10669490787056798,0.1122245997944758,0.013014753583420113,2.5221510170789534,2.731036711373636,0.5727589386478811,3.039428028865367,2.759319679939196,0.8227497741137344,2.6144492938665063,2.8315755236336937,0.6044363463587674,4,1.0,0.9942272701059435,0.9936828201214762,0.0013135976281715815,0,0.0,0.11326568108948466,0.117527677580645,0.016342897038368772,2.6811549429503074,2.8575091284991627,0.6569018763643119,23.252487419956196,24.147865717945834,2.8469092839011685,0.9942272700763997,0.993682819978283,0.0013135976115585778,4,4,3905.25,3905.5,0.9574271077563381,77.44934166944098,81.22081362276343,9.978858533004296,138.20801399441228,141.66117742766545,12.46438003969151,23.39019654929347,24.305132711934334,2.8897130985865807
front,log-0073_185,40.0,oracle-power,training_window,1.3153097657789996,1.2545998885578844,0.3582583945114983,0.034005877132260914,0.03452426965486641,0.0028021604770408913,0.11217149523679852,0.11366781878490179,0.012147191547631062,1.8226295233649554,1.7274529339113305,0.5199507256770196,1.3153106218112736,1.2546015985496382,0.3582579203560156,0.11217149524251405,0.11366781878490179,0.01214719153836769,1.8226295234607959,1.7274529341030112,0.5199507256304983,2.431139040736353,2.3655520870669617,0.7373258814602438,2.1571584235009613,1.8807033906360606,0.7813127624195976,4,1.0,0.9936324838898927,0.9934980180133341,0.0013549505882118483,0,0.0,0.11405178253385753,0.11538008273061001,0.011666172854993698,1.849616639591951,1.7596544571142378,0.5049531839518197,16.072509585123008,15.635973853986837,3.757943802726947,0.9936323702686453,0.9934980171613341,0.0013547713990172058,4,4,3903.5,3903.5,0.5773502691896257,53.745171399570395,51.821367296267994,15.138516585259849,102.96859487283228,100.28334716538382,11.177146624991545,16.176445853762516,15.732508378658135,3.788504319458896
front,log-0046,5.0,oracle-power,full_log,2.014938786531912,2.0669411515406075,0.30739821239197873,0.0460262669745661,0.04812310596024235,0.006906075954894665,0.15328879247762492,0.160272237741868,0.023000432437189716,3.1165679802169177,3.2585508450458276,0.4676298254182626,2.1934434416928354,2.159578854608292,0.5526730235875441,0.1664587243364874,0.17259464968023427,0.031687934469112694,3.3843304648027415,3.5090821061082482,0.6442584635798727,5.04606605048249,4.736220970329546,1.7953100542660583,4.259648901715664,4.560584105038668,0.8562923787158679,4,1.0,0.9910730306301405,0.9910007981104383,0.0016181467943006853,0,0.0,0.15328879247762492,0.160272237741868,0.023000432437189716,3.1165679802169177,3.2585508450458276,0.4676298254182626,21.408246682092308,21.831677578344383,1.100655061252562,1.0529673357975788,1.0737938382824312,0.05413585917097451,4,4,488.0,488.0,0.0,67.71281238035488,67.71281238035488,0.0,164.92645015628375,164.92645015628375,0.0,20.331349277683387,20.331349277683387,0.0
front,log-0048,5.0,oracle-power,full_log,2.9674321713163136,2.858161931641579,0.3047652550930805,0.059510931701544374,0.06125423273146968,0.00642439032462643,0.198309363226657,0.20411859704760707,0.021408113063756673,4.693603833799365,4.831097302034067,0.5066891442519231,3.168356171173465,3.0230946009000244,0.46035782702248235,0.20938377615728587,0.20653736168691994,0.026671482227676374,4.955714034460279,4.888344840926932,0.6312630387192222,8.219658813644443,5.16324951559705,6.6771640852436756,8.219658813644443,5.16324951559705,6.6771640852436756,4,1.0,0.9813828880654542,0.9802005113189922,0.004107143086845435,0,0.0,0.198309363226657,0.20411859704760707,0.021408113063756673,4.693603833799365,4.831097302034067,0.5066891442519231,23.80394020840513,24.152321164977067,1.1946304598059896,1.005739809359467,1.0204592463005584,0.050474308050733815,4,4,488.0,488.0,0.0,78.8696076434905,78.8696076434905,0.0,146.71012738680676,146.71012738680676,0.0,23.668089884564996,23.668089884564996,0.0
front,log-0049,5.0,oracle-power,full_log,2.9223065883937953,2.823621827428573,0.871494726546242,0.058681945009092545,0.055784774831006786,0.01567779466721317,0.19512855562536865,0.18549491733742213,0.05213162972581096,4.467066552162263,4.246524237205872,1.1934463344513269,2.540798765043436,2.5047640889763727,0.658107404834408,0.202345706801474,0.19334410679013342,0.056596285701346644,4.63228836973455,4.426215269886446,1.295655441218445,5.939524834354376,4.472961922666036,3.983298400022952,4.937212400146112,4.80050450103041,1.7500954640915913,4,1.0,0.984502278562524,0.9855207361255618,0.0066865629388680485,0,0.0,0.19512855562536865,0.18549491733742213,0.05213162972581096,4.467066552162263,4.246524237205872,1.1934463344513269,22.6436424068225,21.443367190762338,2.4989356013167976,0.989110232710078,0.9366803065990869,0.10915747253636315,4,4,488.0,488.0,0.0,76.12335534328501,76.12335534328501,0.0,124.13560881540509,124.13560881540509,0.0,22.892941209172253,22.892941209172253,0.0
front,log-0054,5.0,oracle-power,full_log,2.446409027592511,2.443258131938863,0.0705997951754444,0.04919234902619444,0.04866788862870438,0.0020196306224169102,0.17185576568447503,0.17002353882468746,0.007055673776229955,3.101562237754991,3.0684951735416726,0.12733707978381714,2.6069038609774395,2.568913615580629,0.21529705760027876,0.19430155822726491,0.19040325723960444,0.017970299581775994,3.5066520656692646,3.436297585058301,0.3243184909275101,5.839559331865686,3.0270205917754005,5.718229130377766,3.6733384558952857,3.1465146855958688,1.1541270403839117,4,1.0,0.9863683198485871,0.9872010144306745,0.0017640022249736226,0,0.0,0.17185576568447503,0.17002353882468746,0.007055673776229955,3.101562237754991,3.0684951735416726,0.12733707978381714,17.584853314377952,17.1661734608857,1.0164695254825327,0.9743665285849825,0.9511677206027653,0.056321987181266166,4,4,488.0,488.0,0.0,63.049687586649696,63.049687586649696,0.0,135.33135455623437,135.33135455623437,0.0,18.047472689682227,18.047472689682227,0.0
front,log-0055,5.0,oracle-power,full_log,3.363040417532896,3.2663035377229876,0.5523138439180686,0.05750744429151568,0.0578633850687979,0.009031500407379258,0.1878038060654545,0.18896621266395747,0.029494444969410127,4.587716407528727,4.616111954647261,0.7204973741051668,3.5103714168417377,3.5012303793936006,0.5986539627859868,0.20109861624444364,0.19563057576886567,0.03997241731673918,4.9124852185073005,4.778910614603388,0.9764557950900966,5.032872042418454,4.143908035868385,2.135092279802625,4.567400380683295,4.31525293078432,1.0731155660647131,4,1.0,0.9836998133371814,0.9845017512486949,0.004561864778180227,0,0.0,0.1878038060654545,0.18896621266395747,0.029494444969410127,4.587716407528727,4.616111954647261,0.7204973741051668,24.63812005309986,24.645241150826337,1.4741483763111045,1.0085917064699863,1.0088832173520017,0.060346074426506885,4,4,488.0,488.0,0.0,79.77604402436594,79.77604402436594,0.0,143.32322178319504,143.32322178319504,0.0,24.42823978726921,24.42823978726921,0.0
front,log-0056,5.0,oracle-power,full_log,2.616389219113799,2.61606180292878,0.04622615880896174,0.04780723743087061,0.046813750735867465,0.0024848347446588532,0.16412539195315723,0.160714686754945,0.008530601187648057,3.720650142748199,3.64333096238504,0.1933849610279036,2.7891212749377194,2.8376016981323193,0.22501591562552165,0.17208767478332077,0.16523539426248388,0.016870307014581254,3.9011515776334527,3.7458134048217833,0.38244240854530526,3.9207525721826815,3.8406052186198973,0.27498309196763293,3.794005499210243,3.666157166147593,0.2862698682871258,4,1.0,0.9865433798520318,0.987149853166688,0.001399279540329506,0,0.0,0.16412539195315723,0.160714686754945,0.008530601187648057,3.720650142748199,3.64333096238504,0.1933849610279036,22.322774497544266,22.29301027916135,0.39642098708135787,0.984702665751109,0.9833897059669707,0.01748693034468639,4,4,488.0,488.0,0.0,77.82608539404247,77.82608539404247,0.0,147.76901138236258,147.76901138236258,0.0,22.669558308260456,22.669558308260456,0.0
front,log-0058,5.0,oracle-power,full_log,2.5231401023212903,2.52335620724414,0.10073238454536956,0.043520500459058045,0.04375732446203372,0.0009765164300399148,0.14817559242364425,0.14898191442295283,0.0033247756575940446,3.5128438322076647,3.531959553060977,0.07882146763321955,2.959159783750934,2.8000698995836624,0.4570515751192415,0.167697595634223,0.16451327677541305,0.015205668035479515,3.975657899281217,3.9001662836919806,0.3604853964093754,4.0128732689208215,3.8470860420728457,0.3621945316041108,4.0128732689208215,3.8470860420728457,0.3621945316041108,4,1.0,0.9892691402675627,0.9893404398766443,0.0005927039081515925,0,0.0,0.14817559242364425,0.14898191442295283,0.0033247756575940446,3.5128438322076647,3.531959553060977,0.07882146763321955,23.667629441383184,23.71319261062952,0.6410596960200337,0.9983264788449955,1.0002483831249052,0.02704059866418632,4,4,488.0,488.0,0.0,80.71699073204307,80.71699073204307,0.0,156.16221917655614,156.16221917655614,0.0,23.707304116350024,23.707304116350024,0.0
front,log-0063,5.0,oracle-power,full_log,3.81506598889115,3.678178166001791,0.8949424662766177,0.060902678132076504,0.06123704575979823,0.009987951453636311,0.190211592387808,0.19125589127354753,0.031194427058991274,5.464971190573216,5.494974952453715,0.8962474002964711,3.6412662684159622,3.4358940977145505,0.5657083319620534,0.20180874433448978,0.19548289188600337,0.041849776590541975,5.79816908080537,5.616420949932717,1.2023863557849948,5.780869406175254,5.326329806688639,1.3793109577021807,5.094657295864741,5.0249251211689465,0.6599536524096544,4,1.0,0.985785992856425,0.9852671398563442,0.0030755491850374605,0,0.0,0.190211592387808,0.19125589127354753,0.031194427058991274,5.464971190573216,5.494974952453715,0.8962474002964711,28.707419578769237,29.477327806239987,3.108640143263574,0.999178916229545,1.0259760327801861,0.10819808031756649,4,4,488.0,488.0,0.0,89.7328550761202,89.7328550761202,0.0,153.72213457336557,153.72213457336557,0.0,28.731010144908,28.731010144908,0.0
front,log-0071_183,5.0,oracle-power,full_log,1.931103126799442,1.9316330602302592,0.11417085762316126,0.038179620391715095,0.038115357699498156,0.0016704823948991735,0.1292237783797587,0.12900627312926305,0.0056539600072236925,2.7962662975310124,2.791559713269797,0.12234573244968863,2.1941740930062608,2.151774814897075,0.15899730662654474,0.1399624334250977,0.13817402009892427,0.005819396224968565,3.0286394687893794,2.9899400902946747,0.12592559774902617,4.080344200142815,3.866460619600467,1.1281105315970898,2.9638895082246792,2.893888813104088,0.2857002500630059,4,1.0,0.9919181024458248,0.9917967670961114,0.0007394531382479057,0,0.0,0.1292237783797587,0.12900627312926305,0.0056539600072236925,2.7962662975310124,2.791559713269797,0.12234573244968863,21.765494884379276,21.947446163209783,0.5257829465795264,1.0058482233069954,1.014256732808493,0.024297993014699888,4,4,488.0,488.0,0.0,73.23976165404193,73.23976165404193,0.0,153.6761142601884,153.6761142601884,0.0,21.638945498973378,21.638945498973378,0.0
front,log-0072_184,5.0,oracle-power,full_log,2.2151450006582927,1.9893164535664059,0.5533192616990344,0.04634084487038846,0.040135217507160634,0.01509239075279158,0.1582911300360286,0.13709393842989293,0.051552611824115434,3.3176406816443347,2.8733664813583237,1.080496691089231,2.2614311299792798,2.144860948126223,0.45302897039828915,0.16521262702974587,0.14073138838228613,0.05414204513052629,3.4627090755525005,2.9496041829702726,1.1347689000108434,8.352734798893671,3.4608277840808332,10.252038414636472,4.695207117747764,3.135250994968894,3.353231024824184,4,1.0,0.9879072234497738,0.9907133872155323,0.006746556008719794,0,0.0,0.1582911300360286,0.13709393842989293,0.051552611824115434,3.3176406816443347,2.8733664813583237,1.080496691089231,21.249129288164806,20.985990017943735,1.042371945235198,1.0138375460353322,1.001282656450513,0.049733605583638485,4,4,488.0,488.0,0.0,71.59214923516183,71.59214923516183,0.0,149.74909046631353,149.74909046631353,0.0,20.959106684557796,20.959106684557796,0.0
front,log-0073_185,5.0,oracle-power,full_log,1.5117250195944063,1.496745504819557,0.05213942819655594,0.035001515263630954,0.034855647650447685,0.0010327012504564698,0.12334590151476026,0.12283186170492974,0.003639255780029892,2.3549461558753295,2.3451319986211265,0.06948144449212122,1.524272085193343,1.5261325270564892,0.0492345807333437,0.12685247497678742,0.12681867827056728,0.002306535021028473,2.4218944013645163,2.421249147469438,0.044036856632101586,3.0030352075051097,3.056194551396917,0.42254691334793293,2.7518098333859085,2.721239343107558,0.12191236156009473,4,1.0,0.9925390781997295,0.9925955466164423,0.0002922177430347535,0,0.0,0.12334590151476026,0.12283186170492974,0.003639255780029892,2.3549461558753295,2.3451319986211265,0.06948144449212122,19.02823765863693,18.89734852584042,0.4049927536126517,0.9966491685536167,0.9897935391614157,0.021212457947994895,4,4,488.0,488.0,0.0,67.28126305783923,67.28126305783923,0.0,147.53985945089536,147.53985945089536,0.0,19.09221244447691,19.09221244447691,0.0
front,log-0046,5.0,oracle-power,full_log_excluding_training,2.0204139102289327,2.068020965146774,0.30911672400129836,0.04615993305887277,0.04825006675142851,0.006882349042646116,0.15384650041353207,0.16070548294895645,0.022943909248816997,3.125543581471847,3.2649144124705085,0.47037177956617565,2.2045038029134365,2.169517508192534,0.5594716777520357,0.1672953169890498,0.17335272102619903,0.03175453924601774,3.3988468343928124,3.5243546390821834,0.6489577248761325,5.081717027454521,4.7518203927907585,1.7647044754204657,4.271845755543853,4.571338127747266,0.8619234422637533,4,1.0,0.991037144692213,0.9909941350576854,0.001614232589704793,0,0.0,0.15384855097850553,0.1607089392922122,0.022944276332135534,3.1255852525626113,3.2649846497961192,0.47037931152696905,21.398915531410506,21.8308062959442,1.141373752684144,1.053422049585412,1.0745451306276175,0.054611936926774664,4,4,488.0,488.0,0.0,67.69953788773515,67.66895661333076,0.1603789720918684,164.92645015628375,164.92645015628375,0.0,20.31248350447744,20.31628064228437,0.033505733156466044
front,log-0048,5.0,oracle-power,full_log_excluding_training,2.984090138178283,2.867001654127102,0.31179010231705206,0.05972669204072619,0.06145264402455598,0.006353360515896624,0.1988732123451863,0.20466187895629762,0.021083839680916917,4.713972823110067,4.856508431565845,0.5090630664689882,3.192101530060854,3.045427892341652,0.46267169585681106,0.2101431426536559,0.20711620794635838,0.026464304692766207,4.980984463933826,4.914762749837296,0.6343808730169461,8.222290839849931,5.167831144075595,6.6732314472995355,8.222290839849931,5.167831144075595,6.6732314472995355,4,1.0,0.9812910696484027,0.9801133936486912,0.004056830728410685,0,0.0,0.198874726155629,0.20466219474012817,0.02108421558647172,4.71400868922675,4.856515926811246,0.5090717527436921,23.83968124552805,24.218412860992352,1.2436382373264863,1.0058536730908352,1.0206743152461055,0.050802748687131104,4,4,488.0,488.0,0.0,78.91438997475402,78.96678270119362,0.16920408585492477,146.71012738680676,146.71012738680676,0.0,23.699387321473576,23.701620730729644,0.05682302431357802
front,log-0049,5.0,oracle-power,full_log_excluding_training,2.9668236485804718,2.8657975100169386,0.8858536713079139,0.05919551856427668,0.05619132222433375,0.01590167705640834,0.19580222469107822,0.18613552410748752,0.05242664362698289,4.507253199504136,4.284819209055964,1.2042357751718529,2.5811966373728685,2.543221462109596,0.674360975267931,0.20320005864716978,0.19368389652530682,0.056983633940356236,4.677675428377745,4.469273146644728,1.3095864681257872,5.946174719333329,4.482933964280553,3.9692664315671844,4.946822191819137,4.817467999249002,1.7434229595554231,4,1.0,0.9844380261033271,0.985402913899789,0.006698030558336793,0,0.0,0.19580524170557728,0.18613810914694906,0.05242847210743585,4.507322702046295,4.284878831223529,1.2042780643157998,22.764809122999043,21.579758094338604,2.5051017090154817,0.9889522009369575,0.9359288950390369,0.1100667110236184,4,4,488.0,488.0,0.0,76.1590371668613,76.16776163127207,0.2562210089188188,124.13560881540509,124.13560881540509,0.0,23.021343052577304,23.024328620757075,0.06533304270849512
front,log-0054,5.0,oracle-power,full_log_excluding_training,2.45022691927462,2.4467846541901603,0.0723608484813506,0.04921512164891725,0.04872969803305686,0.0020278747887869522,0.17204609265359266,0.17044792512652207,0.007064157727307948,3.1059468236687806,3.073752033570399,0.12869356472756843,2.616099606115991,2.5772731252174697,0.21985606415151093,0.19472143946380835,0.19080947604281545,0.017919873315145333,3.5154958637869544,3.4447854938559237,0.3269214953819646,5.843700453201286,3.036275858834129,5.713443845210069,3.6785562283443505,3.154077425349997,1.1508996797093836,4,1.0,0.9863472810989384,0.9871465489677813,0.0017553871158152655,0,0.0,0.17204714986197664,0.17044850167827807,0.007063570421620405,3.1059659191472857,3.073762430970563,0.12868335144959486,17.587986873647466,17.16568597267002,1.0104886394309778,0.9742764671409737,0.9509233524154588,0.056559075274706265,4,4,488.0,488.0,0.0,63.109189607741285,63.10864278294438,0.03734537894188336,135.33135455623437,135.33135455623437,0.0,18.052807343715667,18.05344862654792,0.022554233564314918
front,log-0055,5.0,oracle-power,full_log_excluding_training,3.3908285387482358,3.291676933090943,0.5566443336929611,0.057797703393447565,0.058214603234090265,0.008942245856466935,0.18860655582409072,0.1902186626991916,0.029242857598959796,4.617505259060041,4.64711785897372,0.7236926354572581,3.5521780877410256,3.547583686393293,0.6109600357459624,0.20225124343791612,0.19708029675152383,0.03988059845825313,4.95216374494233,4.81489699694734,0.9875060074441754,5.0426131580495985,4.155579352418009,2.1285880243554085,4.583272966621356,4.329669304302504,1.0736529826412662,4,1.0,0.9835812379476334,0.9844185999405606,0.0045606852050432065,0,0.0,0.18861149771317773,0.1902210761542906,0.029246421294939175,4.61762647304335,4.647176872699911,0.7237814657133885,24.68846975686265,24.70274464340278,1.5645865590567223,1.0084803532125077,1.0092588065192918,0.06097795715180728,4,4,488.0,488.0,0.0,79.87253790450748,79.94864438901054,0.24438692659317973,143.32322178319504,143.32322178319504,0.0,24.477630033348394,24.476216200662897,0.07351257985582421
front,log-0056,5.0,oracle-power,full_log_excluding_training,2.6285781074787407,2.6255233408004,0.04405099942121246,0.047932246459639616,0.046920794166557256,0.0023402600579767907,0.16476198482132928,0.16130614337905305,0.008069773173424773,3.7364732105669964,3.658049390062433,0.1970299314629605,2.8094377192521165,2.8523541903455687,0.2299398128031775,0.17291768639847535,0.1659546222447232,0.016567268891918965,3.9219231190565975,3.7634897180278575,0.3908739704875803,3.926143747454276,3.8487083419943042,0.26970880913683704,3.8022151242154507,3.679253259499086,0.28238541794252325,4,1.0,0.9864439142496039,0.9870300758324528,0.0013253857700254868,0,0.0,0.1647642102084046,0.16130738169892925,0.008072135138261811,3.736523815966343,3.6580774786419488,0.19708380985747323,22.323245426046086,22.235525604211077,0.43775720480450353,0.9844708870887187,0.9829281913799915,0.017743707602594427,4,4,488.0,488.0,0.0,77.94263594221462,77.96202737371263,0.34733362442565013,147.76901138236258,147.76901138236258,0.0,22.67502983258667,22.67763087343205,0.09495717499211379
front,log-0058,5.0,oracle-power,full_log_excluding_training,2.5221914963830465,2.5258036839489053,0.1072409162412916,0.04352860180073654,0.04366602073524156,0.0009491126456426836,0.14816203459281183,0.14869139816311272,0.00336539898655283,3.5098995694963016,3.530113109480955,0.08258303300504616,2.9719641171656592,2.813224476984317,0.4655163524542049,0.16816909422658605,0.16458299127530396,0.015673676747965454,3.9836310407314266,3.9072896124737606,0.3681591035741723,4.010703300521067,3.829985229047413,0.3725315898166761,4.010703300521067,3.829985229047413,0.3725315898166761,4,1.0,0.9892794796687028,0.989392988433136,0.0006168524907011176,0,0.0,0.1481653162105026,0.14869385988841127,0.003362132246111969,3.5099772652277035,3.530171536019463,0.0825062050232167,23.655746313659545,23.652153206744284,0.6897595367972824,0.9985488531238274,1.0006082769273672,0.027338717674061024,4,4,488.0,488.0,0.0,80.63221617570494,80.63118419150544,0.2657977921885622,156.16221917655614,156.16221917655614,0.0,23.689340236075775,23.663343608662416,0.07506033040424069
front,log-0063,5.0,oracle-power,full_log_excluding_training,3.8868936336806104,3.7708777117229637,0.9167808693507501,0.061493229066286695,0.06206883114238124,0.010122177663957226,0.191602305522053,0.1938726186111911,0.030936042864365482,5.531801560602859,5.576011440425663,0.9126681152538957,3.7299928625508416,3.525879579688218,0.5929424573995569,0.20371519986800735,0.19833802397653144,0.041718884045092976,5.8826689391500935,5.703705551714833,1.2315708476631613,5.808162772906439,5.379407611347236,1.3615607329418786,5.114729964161563,5.040849313302052,0.6605992563036951,4,1.0,0.9856873797173945,0.9852232189188689,0.002995299623344642,0,0.0,0.19161524773049432,0.19387722895250487,0.030946604710724048,5.532176507193085,5.576143276206237,0.9129832496045212,28.840869849290925,29.656571271772712,2.9668226370137556,0.9999169591057651,1.0265897340652121,0.10976605259342528,4,4,488.0,488.0,0.0,89.95596402388621,90.06778868287714,0.2795574553301262,148.86391304396997,153.72213457336557,9.7164430587912,28.860739983049125,28.889359397997758,0.2396699804058893
front,log-0071_183,5.0,oracle-power,full_log_excluding_training,1.933656097389598,1.9368731305924995,0.11801818799380562,0.038215403180449053,0.03812701845532554,0.0017064052428916246,0.12935417629596505,0.12908467559519224,0.005753898091522253,2.8020438892240014,2.7971826331471332,0.12445036749843034,2.204767523149407,2.160818548942947,0.16233389944064633,0.1403055809907572,0.13845086682378022,0.005926396559671937,3.0392258935421568,2.998650011066453,0.12671507777997754,4.0827876164038415,3.868872073255738,1.1296897326244166,2.9663674774300564,2.8947170963348534,0.2895068142379382,4,1.0,0.9919041502778456,0.9917897644271501,0.0007495453303842714,0,0.0,0.12935572538832787,0.12908579964704592,0.005752624676667899,2.802077438457629,2.797206993935487,0.12442255453783933,21.787725342574923,21.980991025054607,0.5293939163506689,1.0058122372534515,1.0143063427521857,0.02449494993754118,4,4,488.0,488.0,0.0,73.32294181117052,73.30440074012691,0.059831627746994534,153.6761142601884,153.6761142601884,0.0,21.66184472980523,21.65859344583123,0.014462548397165799
front,log-0072_184,5.0,oracle-power,full_log_excluding_training,2.225448497968788,1.9982445983251682,0.5614171488457597,0.04645950080690732,0.04023744211951728,0.015047836227786007,0.1588358722428584,0.13763781105695505,0.05141481257446011,3.331520454890279,2.884272432814117,1.089835366272308,2.2751608049030874,2.1546712847909744,0.45985395360594966,0.16592257504267482,0.14136757232527425,0.054036255099665656,3.4800960879314795,2.9623758873370143,1.1452048272902908,8.332174332960571,3.460449802561519,10.25944720603656,4.698589661285406,3.142678770487936,3.3463968090450997,4,1.0,0.9878459550250612,0.990646716051939,0.006716555368365998,0,0.0,0.1588373315695033,0.13763857224321133,0.05141532480232265,3.3315510498376795,2.884288372400575,1.0898461951059915,21.25024479167829,20.958089138566475,1.111998863774764,1.0137612360319417,1.001138632362058,0.050252920811552027,4,4,488.0,488.0,0.0,71.66033210421163,71.6815684462423,0.2409776630876073,147.88969652462026,149.74909046631353,3.718787883386568,20.959742484745924,20.954077945249914,0.06773673628757827
front,log-0073_185,5.0,oracle-power,full_log_excluding_training,1.519570507035814,1.5060836070331183,0.05451230924839757,0.03507636616082463,0.034908618429831284,0.0010414710832817903,0.12343753028863329,0.12287038467392222,0.0036837387063331827,2.366055929519028,2.3543394458114117,0.07105111688813183,1.5333519641299482,1.534307052620711,0.04969874276683607,0.12702295185030743,0.12695515343658165,0.0023229309289396834,2.434747059532384,2.434119770645003,0.04271587792183669,3.0104126368562123,3.0647725685920992,0.4210407526770092,2.760686658775886,2.728924810476572,0.1213844322169717,4,1.0,0.9925304707259023,0.9925904839753839,0.0002948472859258198,0,0.0,0.12343835511010043,0.12287145306791056,0.0036830018385437813,2.3660717317375424,2.3543599020967307,0.07103674020721554,19.10370449412458,18.981889513135677,0.4146461172064275,0.9966435470837016,0.9897328793741189,0.021386751100466502,4,4,488.0,488.0,0.0,67.45391788392088,67.45336071865856,0.024840614122960993,147.53985945089536,147.53985945089536,0.0,19.167968483220974,19.173111626329693,0.016077261493832342
front,log-0046,5.0,oracle-power,training_window,1.2612906928001486,1.2006192420134605,0.19807897935642543,0.025771222336462965,0.025979785784203208,0.004722618491472029,0.08628659767805993,0.08988721367671865,0.011450928877343008,1.737260958989725,1.7157920908256594,0.29236653765685267,1.2612907034123055,1.2006192419964925,0.19807896765535607,0.0862865976780601,0.08988721367671902,0.011450928877343102,1.7372609589897277,1.7157920908256594,0.2923665376568486,1.9451344509101338,1.9318030647359177,0.28844157376145463,1.6740598406957061,1.6611929075646232,0.21294329500731574,4,1.0,0.9962206681265529,0.9959516306682618,0.0009385304216887115,0,0.0,0.10812562263885526,0.10427563421730113,0.03224816948461694,2.1613407630555166,1.9465122266303088,0.6311687657085483,20.222637722189358,21.013256647839757,3.4058730837736997,0.996220666798248,0.9959516281694349,0.000938531073746222,4,4,488.0,488.0,0.0,69.5626670044768,74.4532799914541,17.99200617767079,97.95784036625011,97.18821972494575,14.340000043303903,20.29823754735671,21.103951120204925,3.4095537304951455
front,log-0048,5.0,oracle-power,training_window,1.092291658026928,1.0704876075992802,0.352679102584451,0.02737216961247661,0.029182550744057567,0.0039178612307129235,0.0944661635598529,0.1002301029484167,0.021841600684209848,1.5572278882754012,1.50220306153225,0.541722274238506,1.0922916582854514,1.0704876077679393,0.3526791027195342,0.0944661635598529,0.1002301029484167,0.02184160068420985,1.5572278882754012,1.50220306153225,0.5417222742385063,1.8222657611686834,1.7664121186462074,0.48707296635795,1.4255889528777979,1.4193810277843033,0.48085910790664665,4,1.0,0.9953469872597973,0.9949625470637669,0.0019069189080095396,0,0.0,0.12680719985802863,0.12665406330637458,0.04225156377728604,2.1238494159039205,1.9150892161820416,1.0131295443057522,16.299076784156135,17.050548601843516,3.2252298897852674,0.9953469875746441,0.9949625470550453,0.0019069190806362967,4,4,488.0,488.0,0.0,56.28447788305225,53.79261797277127,15.26889671513752,87.4116620236447,92.04736194206393,12.87971408490066,16.376324739175146,17.110680024705637,3.2501340897510484
front,log-0049,5.0,oracle-power,training_window,0.5574945168568021,0.6167277255457431,0.15905984114881386,0.019092163244606445,0.01529774472295916,0.011379704413201092,0.0626709741623797,0.05879198799097508,0.027830926693280352,0.7860732448296361,0.8425903957762648,0.15489798461928367,0.5574950247390299,0.6167277251940844,0.15906032222661814,0.06267097416596686,0.058791987990975084,0.02783092669917264,0.7860732448629659,0.8425903957762648,0.15489798465221702,0.9894490199294003,0.9127107680903739,0.3338938224597285,0.7155381613445467,0.8044693412718514,0.2681939155193,4,1.0,0.9977418658131647,0.9981661407522411,0.001861125379806743,0,0.0,0.11770624691787604,0.12966987974974853,0.05130933368261241,1.4740658896076522,1.5671563133755169,0.4579111659091055,13.816473823526508,13.350220274084624,4.482280315840996,0.9977418114942224,0.9981661404883686,0.0018612202973700928,4,4,488.0,488.0,0.0,49.08438617443376,47.917247237723046,20.521287671194035,77.27744080748165,76.52714840543662,17.75269399394553,13.842280640697856,13.370410383299156,4.470683588171761
front,log-0054,5.0,oracle-power,training_window,1.1966006608256228,1.286859475749405,0.5115341751079975,0.02732687659022103,0.025168187402538945,0.01236084050550998,0.09378042676717588,0.08509298546290622,0.04169979613569991,1.528022577098973,1.6387632626616049,0.6545518188459739,1.1966006690523046,1.286859475743632,0.5115341619871029,0.0937804267671807,0.08509298546290622,0.0416997961356942,1.5280225770990368,1.6387632626616049,0.6545518188458732,1.505168578958439,1.541399771359619,0.6253563085570607,1.5075508572758318,1.5748581260672623,0.6002841452261857,4,1.0,0.9949306825584519,0.996184232063995,0.004322608906773824,0,0.0,0.14721398356187737,0.14320003127168118,0.048100416700105154,2.3033028087245073,2.3445349681304997,0.3551989825032748,16.326283343113587,16.134906938212247,3.368747900574516,0.9949306805527984,0.9961842321523204,0.0043226069224174615,4,4,488.0,488.0,0.0,56.52338916083096,56.53022042041384,11.10935224772295,80.82779351008526,77.85201338178805,10.70612502520401,16.407214898861827,16.23154557551169,3.370134738207808
front,log-0055,5.0,oracle-power,training_window,1.295988569715746,1.3209708137339107,0.29672443585272523,0.030748017134057025,0.02788885703526203,0.0095774376188023,0.09815706354047657,0.08767165881664594,0.024925160483510227,1.7690841304102012,1.8189493839147222,0.40607970368398005,1.295988569700743,1.3209708136633278,0.29672443578913493,0.09815706354047657,0.08767165881664593,0.024925160483510227,1.7690841304102012,1.8189493839147222,0.4060797036839801,1.801000502397013,1.7773392463341473,0.3060395728997293,1.580173022614586,1.4985621938115694,0.36142311299370905,4,1.0,0.9949339328739973,0.9961463448989454,0.0027598005107387375,0,0.0,0.1476504931422671,0.14236403031056266,0.06107399945080661,2.535509400167258,2.4628741351219734,0.5605444509974963,18.404980485079417,16.657993960774967,5.029809801977998,0.994933932825313,0.9961463449055803,0.0027598006158988148,4,4,488.0,488.0,0.0,60.835022144541085,52.09831272723155,22.217219126167944,90.65279646417602,97.65154378360322,26.56889625342446,18.493806290416543,16.762289587008947,5.026597227464835
front,log-0056,5.0,oracle-power,training_window,1.5536483232669247,1.6653950709921626,0.5039901304833955,0.03297253588095678,0.032020208920250676,0.0034817918572112934,0.1109588644888188,0.10757675493379457,0.013436206158481052,2.2039341787936846,2.4393234723643342,0.6242568154826471,1.5536483210974439,1.6653950710365801,0.5039901343146159,0.11095886448881882,0.10757675493379457,0.01343620615848101,2.203934178793685,2.4393234723643342,0.6242568154826462,2.3752171111115548,2.6984028120847663,0.6813681616469105,1.9675785917848843,2.1052933511146485,0.4454290981996137,4,1.0,0.9937559755881351,0.9941782236872048,0.0015460259918989698,0,0.0,0.13583422000622772,0.12857487924413147,0.03369012234155518,2.562851942671025,2.551701526124612,0.22739910540973451,19.687364804519483,19.975957247237243,5.310012451488787,0.9937559754080397,0.994178223704462,0.0015460257064377023,4,4,488.0,488.0,0.0,67.15509549204481,69.8855033114479,19.917372988346994,99.03155280495442,105.45925263588813,20.1987807814331,19.811671303742113,20.12493765038913,5.340010693714775
front,log-0058,5.0,oracle-power,training_window,1.9158053269976454,1.9475331685055566,0.46338629617657956,0.039476315345786245,0.037841219271479716,0.01081900264747952,0.1320556436762901,0.13360214527889896,0.032397987715796016,3.0701020758335833,3.1107822314799973,1.1343673389494662,1.9158165175559896,1.947533182884322,0.4633678739146386,0.1320556452352602,0.1336021483968391,0.032397987796919867,3.0701020966976613,3.1107822314799973,1.1343673074158669,3.3998892343613676,3.2520949324128363,1.3741748103912435,2.434351687250359,2.7067320035968434,0.6005949866497322,4,1.0,0.990838243424496,0.9910350074406755,0.004267746120926799,0,0.0,0.15887797629934516,0.1582575363372699,0.024998473742057332,3.645717939006532,3.798911819866841,0.936320234024525,23.237863430860752,26.06045399032247,6.771226167406547,0.9908330455957948,0.9910246129094151,0.004267378509739388,4,4,488.0,488.0,0.0,78.39969596435557,83.95491112019961,22.400726272760075,116.91417199782524,124.36464936482801,35.442109234252484,23.4504126697745,26.3004567419504,6.817236490725639
front,log-0063,5.0,oracle-power,training_window,0.9432870338352051,0.7771936037475562,0.5454667498619618,0.02628149436759461,0.02184946304015973,0.012151352562651211,0.07909001794324552,0.06990006764972208,0.023838684812603338,1.5559465692610743,1.2357120714472296,0.930044301433692,0.9432869029088281,0.7771933484341107,0.5454668441947278,0.07909001794395315,0.0699000676511373,0.023838684812448354,1.5559465692700565,1.235712071465188,0.9300443014259439,1.9572486560821218,2.0060264777563135,0.8234731387522854,1.3353443911556917,0.9349829105133294,0.8722289133573754,4,1.0,0.9966519569347201,0.9975399694940957,0.0021396665593115733,0,0.0,0.14450037416220463,0.10817172889285406,0.09738268620335747,2.505892040131006,2.6879632804703038,1.169008650128215,18.848446276715578,18.794244433674535,6.722876387852548,0.9966519209707488,0.9975398978316308,0.0021396545561345034,4,4,488.0,488.0,0.0,57.382006315407295,57.8505997065775,13.149479090654825,89.9640943404884,71.76998732191143,39.93113023495758,18.91752819999322,18.83210360069919,6.768414120030442
front,log-0071_183,5.0,oracle-power,training_window,1.2824444493712965,1.1914682433383736,0.26445998722083813,0.029978805410764336,0.028811970948157597,0.005085797285026476,0.09995636760322234,0.09455419651713204,0.015614398101068662,1.8820438856024333,1.7820647826133413,0.3669548141464278,1.2824444495388234,1.1914682438662614,0.26445998704161683,0.09995636760322234,0.09455419651713204,0.015614398101068658,1.8820438856024333,1.7820647826133416,0.3669548141464278,2.840241630037371,2.2830034705070896,1.3223067359476421,1.5465323358679104,1.5770668524785187,0.18405954454728177,4,1.0,0.9948988763280479,0.9955145693046421,0.0016706827797209314,0,0.0,0.11699865313229242,0.11772522853649149,0.013049054177323945,2.2089755637236728,2.2142296205101406,0.39619260093941744,18.690100896532492,18.73578785880379,1.5126617702938527,0.994898875937631,0.9955145689224351,0.001670682928541743,4,4,488.0,488.0,0.0,62.83254806934151,61.88239638853624,6.307060147929739,101.84668492731636,103.23341485474688,14.632588995775764,18.78642471707529,18.853122571309882,1.5272233792583794
front,log-0072_184,5.0,oracle-power,training_window,1.3056150497544659,1.3049742275141438,0.18611151914986365,0.030984184750383635,0.031568655570704346,0.0066115907132746005,0.09594464474131903,0.09806161643752666,0.02498771423315178,1.8046456211120385,1.7665504324390846,0.2665545612907869,1.3056150517282314,1.304974227525109,0.18611152199047748,0.09594464474131903,0.09806161643752669,0.024987714233151794,1.8046456211120387,1.7665504324390846,0.26655456129078725,2.361187868054623,2.3180754277825284,0.3127197077588723,1.6136185433452863,1.555217586359753,0.24693736784654205,4,1.0,0.9951492822448214,0.9950462409855869,0.0023781774901415176,0,0.0,0.11282180559151314,0.10492428529671205,0.038534839400113784,2.084062891636551,2.170150390870575,0.232382254163259,19.492049218209782,20.633847917164687,4.449618174728146,0.995149281947193,0.9950462405930661,0.0023781777469226487,4,4,488.0,488.0,0.0,60.15098470832902,58.22296524480669,14.897662908082255,109.67567949566981,109.30486735903625,31.964344402373026,19.579844775789145,20.721502295931774,4.431556870024318
front,log-0073_185,5.0,oracle-power,training_window,0.9256248222728338,0.9191934681733154,0.10760962113219372,0.02983756291920959,0.03117306149828842,0.004993850217030809,0.10003550526090804,0.10387429332984605,0.012323483330561583,1.3049653333616513,1.3194167844481135,0.26948055951729377,0.9256512962027575,0.9191912525708772,0.10756693913899325,0.1000355615030143,0.10387429388942106,0.012323376239511012,1.3049659907899749,1.3194167915937096,0.2694794500194248,1.3559922143832694,1.3918432235119194,0.3513586266935878,1.229191425697303,1.2025858637188127,0.23890484301628986,4,1.0,0.9949261030262908,0.9945871931926562,0.0011811050952612735,0,0.0,0.10851230249895205,0.10712308988234479,0.009969786808794115,1.4175673586903306,1.3371756760402,0.29725157687885273,12.905297965278486,12.423962664444954,1.5446516364972431,0.9949178436594827,0.9945859208985988,0.0011667345059058665,4,4,488.0,488.0,0.0,43.693152945575335,43.876651657259345,4.758148223762171,74.63248069421141,73.66590798574028,17.016425967379995,12.971899483383362,12.493962621640254,1.5602054936635052
front,log-0046,60.0,oracle-power,full_log,1.7929452083180482,1.8065815801608716,0.09426865900758906,0.038008808838969815,0.03863865272444353,0.001440687652587545,0.12658694248782246,0.12868461442604487,0.004798157337517827,2.573683341713937,2.6163318425599327,0.09755301271835423,1.821095952009742,1.8314703180378973,0.05791607786832882,0.12747426889808516,0.12925491835959024,0.00428766218072309,2.591723884884302,2.627926891027281,0.08717395738099477,4.891877167767701,5.314247402512274,1.2967739527899678,3.2420532543330323,3.268389266077308,0.16695754985076652,4,1.0,0.9920151279632585,0.9917390323592408,0.0005622933162072036,0,0.0,0.12658694248782246,0.12868461442604487,0.004798157337517827,2.573683341713937,2.6163318425599327,0.09755301271835423,20.19638284926556,20.30240692951589,0.2741336088796289,0.993361659052999,0.9985764669244424,0.013483296417544269,4,4,5855.75,5856.0,0.5,67.71281238035488,67.71281238035488,0.0,164.92645015628375,164.92645015628375,0.0,20.331349277683387,20.331349277683387,0.0
front,log-0048,60.0,oracle-power,full_log,2.4769209197448907,2.463975545043259,0.12198825238820303,0.049966776667938875,0.049524047691580336,0.003419132568955669,0.16650520131665814,0.16502988747307784,0.011393637826704134,3.940860071010255,3.905942210352453,0.2696656441946133,2.8771775884528386,2.8379157955088923,0.34081140701105983,0.18198293496530715,0.1835492537219162,0.004800838478783601,4.307188462215835,4.344260235335138,0.1136266766371286,4.920711720422562,4.678020315299524,0.9629984294342371,4.920711720422562,4.678020315299524,0.9629984294342371,4,1.0,0.9863767017590783,0.9868009348604838,0.002331229458667581,0,0.0,0.16650520131665814,0.16502988747307784,0.011393637826704134,3.940860071010255,3.905942210352453,0.2696656441946133,23.81971133940327,23.808692987283102,0.5738349635268147,1.0064061551049437,1.0059406189263207,0.024245089752723898,4,4,5856.5,5856.5,0.5773502691896257,78.8696076434905,78.8696076434905,0.0,146.71012738680676,146.71012738680676,0.0,23.668089884564996,23.668089884564996,0.0
front,log-0049,60.0,oracle-power,full_log,2.091335766884067,2.139758786283034,0.17375314089685714,0.0442855201848205,0.0451269637204435,0.0027702464535389443,0.14725772275344973,0.1500556815075602,0.009211592920473199,3.371162389591311,3.435215894854852,0.21088045517122017,1.8634219066775597,1.8677380613073842,0.05954264003046442,0.1521878415471447,0.1559332424053324,0.011694000254488763,3.4840273092896057,3.5697705509408806,0.2677100603260565,3.3633457220167036,3.419861511023202,0.26409843958369456,3.3137021857525037,3.3735154077090486,0.19536179910141316,4,1.0,0.9903660510133407,0.9902859034341771,0.00047150750484955314,0,0.0,0.14725772275344973,0.1500556815075602,0.009211592920473199,3.371162389591311,3.435215894854852,0.21088045517122017,21.6422369378596,21.39604764096008,0.6287902861429631,0.9453672527315298,0.9346133135740362,0.02746655750336842,4,4,5855.5,5855.5,0.5773502691896257,76.12335534328501,76.12335534328501,0.0,124.13560881540509,124.13560881540509,0.0,22.892941209172253,22.892941209172253,0.0
front,log-0054,60.0,oracle-power,full_log,2.3401095308694364,2.3413330676820747,0.024859543813330297,0.04652900577772268,0.04639997665819826,0.0009998651829001026,0.162551251825969,0.1621004825789128,0.003493075650789634,2.9336392780028335,2.9255040323272388,0.06304118741061983,2.349756494961548,2.356087850245229,0.03752471267046745,0.16857843079626017,0.16955267616901848,0.007746774809135262,3.042414625864991,3.0599972926228958,0.13980970680098692,3.4596194212087927,2.8788409154221437,1.2453021455967639,2.997276267523861,2.923568985623674,0.21061547708110892,4,1.0,0.9870648230458678,0.9873001017794516,0.0006948724373213941,0,0.0,0.162551251825969,0.1621004825789128,0.003493075650789634,2.9336392780028335,2.9255040323272388,0.06304118741061983,17.348839369432756,17.324771765559912,0.15921188829410382,0.9612891327078232,0.9599555607287061,0.008821838438637764,4,4,5856.0,5856.0,0.816496580927726,63.049687586649696,63.049687586649696,0.0,135.33135455623437,135.33135455623437,0.0,18.047472689682227,18.047472689682227,0.0
front,log-0055,60.0,oracle-power,full_log,2.8180433909963205,2.8138696990263483,0.05479929615571789,0.045925139402355486,0.045077934056297564,0.001990081227949911,0.14997912148777934,0.14721237727807096,0.006499068661334109,3.663725942787454,3.596139251802659,0.1587608076529963,2.846614327604737,2.836932774167617,0.03132001843306238,0.15190397609337822,0.15061809025158351,0.005694853694281638,3.710746752648653,3.6793348249662374,0.13911525159732774,4.30140198892905,4.486743968167826,0.4616285676326487,3.464748864321151,3.424180203948924,0.11593122024001404,4,1.0,0.9888753163838129,0.9892068753533518,0.0008910899712918392,0,0.0,0.14997912148777934,0.14721237727807096,0.006499068661334109,3.663725942787454,3.596139251802659,0.1587608076529963,23.95295342038705,23.925943516619686,0.5234539189787618,0.9805435687949219,0.9794378852089336,0.021428229112584723,4,4,5855.5,5855.5,0.5773502691896257,79.77604402436594,79.77604402436594,0.0,143.32322178319504,143.32322178319504,0.0,24.42823978726921,24.42823978726921,0.0
front,log-0056,60.0,oracle-power,full_log,2.6581162508146248,2.666480477115897,0.03711210996858844,0.04689823560468577,0.046959519077062944,0.0002072967369968758,0.16100472886894426,0.1612151190622429,0.0007116633388285581,3.649906089000197,3.654675541754667,0.016133093555425266,2.8875781873737276,2.941397445067638,0.17206509505991724,0.1674026172305682,0.16776963747891496,0.00298468407005937,3.794943392263773,3.803263579183982,0.06766146955794713,3.816600200102193,3.745551883991575,0.16861599771789032,3.7601932625109695,3.749564495420032,0.031670820901119126,4,1.0,0.9869831673746104,0.9869429465436181,0.00012948630259237905,0,0.0,0.16100472886894426,0.1612151190622429,0.0007116633388285581,3.649906089000197,3.654675541754667,0.016133093555425266,22.453273604545444,22.508949989899218,0.18085475940519366,0.9904592449145249,0.9929152427154828,0.007977868688305818,4,4,5855.0,5855.0,0.816496580927726,77.82608539404247,77.82608539404247,0.0,147.76901138236258,147.76901138236258,0.0,22.669558308260456,22.669558308260456,0.0
front,log-0058,60.0,oracle-power,full_log,2.540533092696112,2.579890089588301,0.14365445615732483,0.043777035684730514,0.043674141205756814,0.001337978193414581,0.14904902583182184,0.14869869782046563,0.004555455690258718,3.533550583640711,3.5252452509350127,0.10799757343752057,2.780138989089563,2.831907303720355,0.3781049141350503,0.15587359124688743,0.156059195719913,0.010908583773905188,3.6953426313975952,3.699742813084967,0.2586131130066516,5.92202019353931,6.115075628622024,1.5752967716841866,5.92202019353931,6.115075628622024,1.5752967716841866,4,1.0,0.9888716168095993,0.9888988083486521,0.0006509989063987638,0,0.0,0.14904902583182184,0.14869869782046563,0.004555455690258718,3.533550583640711,3.5252452509350127,0.10799757343752057,23.659299882775844,23.623412124193827,0.09864586551285562,0.9979751289586287,0.9964613440758816,0.004160990428465563,4,4,5856.0,5856.0,0.816496580927726,80.71699073204307,80.71699073204307,0.0,156.16221917655614,156.16221917655614,0.0,23.707304116350024,23.707304116350024,0.0
front,log-0063,60.0,oracle-power,full_log,2.7770257371580747,2.786098794290873,0.06333063420307039,0.04409627079469306,0.044140896730328893,0.000330854420450484,0.13772172494668877,0.1378611009238942,0.001033326416712798,3.956884276617544,3.9608886892325903,0.029688511761577052,2.717515308788446,2.721473840600568,0.03452292495165679,0.1392905554853737,0.13946989956599815,0.002554233575492839,4.001958362740142,4.007111099339993,0.07338571076994946,4.39130044938104,4.452496200769879,0.6143406854330226,3.6166813312235617,3.622691184844399,0.021160652948805068,4,1.0,0.9905672570440852,0.9905606386530488,7.107493258512785e-05,0,0.0,0.13772172494668877,0.1378611009238942,0.001033326416712798,3.956884276617544,3.9608886892325903,0.029688511761577052,28.145845712801897,28.14225272086997,0.28224088028681754,0.9796330017930186,0.9795079455588727,0.009823562724154305,4,4,5855.0,5855.0,0.0,89.7328550761202,89.7328550761202,0.0,153.72213457336557,153.72213457336557,0.0,28.731010144908,28.731010144908,0.0
front,log-0071_183,60.0,oracle-power,full_log,1.7726219204248517,1.6901759432097105,0.20021457295910292,0.03714910869924684,0.03560788277911539,0.0032347575859436807,0.12573588056414384,0.12051940552607812,0.010948448232579495,2.7207918667929345,2.6079128477474756,0.23691287460311913,1.8029436490691197,1.7646021514189552,0.19336524450205544,0.12652522111311285,0.12149594411655032,0.010427291053722011,2.7378723639122047,2.6290441130843476,0.2256355828134232,3.541927900373257,3.12765876411981,0.9724671143349642,2.7085062206416195,2.46133674065355,0.5181478550985744,4,1.0,0.992260934892615,0.9927555288640587,0.0010491240777336774,0,0.0,0.12573588056414384,0.12051940552607812,0.010948448232579495,2.7207918667929345,2.6079128477474756,0.23691287460311913,21.566804260203718,21.386198093793357,0.5151240952464079,0.9966661388941951,0.9883197910363972,0.023805415807847282,4,4,5855.75,5856.0,0.5,73.23976165404193,73.23976165404193,0.0,153.6761142601884,153.6761142601884,0.0,21.638945498973378,21.638945498973378,0.0
front,log-0072_184,60.0,oracle-power,full_log,1.9947059428767147,1.9579959619562866,0.18094340373553294,0.03931779860830975,0.03762268407021427,0.003994027388015211,0.1343017976829168,0.1285116228053092,0.013642804968533491,2.8148457055641503,2.6934888125821255,0.28594100481210855,2.112113507778326,2.1899387586963543,0.21812771433264777,0.14102753294838216,0.1394761430351459,0.012387124296035562,2.9558111085251317,2.923295361824266,0.25962305963548715,3.5166049275359987,2.935551409147185,1.1857422050324635,3.0978830192135662,2.9781375379052832,0.40398282302904326,4,1.0,0.9915381246441428,0.9922966112963172,0.0015519472358573342,0,0.0,0.1343017976829168,0.1285116228053092,0.013642804968533491,2.8148457055641503,2.6934888125821255,0.28594100481210855,21.31514074095339,21.539974255959816,0.6143724789635652,1.0169870816420774,1.0277143286755628,0.02931291338939651,4,4,5857.25,5857.5,0.9574271077563381,71.59214923516183,71.59214923516183,0.0,149.74909046631353,149.74909046631353,0.0,20.959106684557796,20.959106684557796,0.0
front,log-0073_185,60.0,oracle-power,full_log,1.6087480597236947,1.6207751304256617,0.1363305527096928,0.036722459963158684,0.03663854524635796,0.002444378550881368,0.12941053825466908,0.12911482144594866,0.008614029242187966,2.4707334889122485,2.465087600776755,0.16446087629478914,1.6204317799027494,1.6697876397540743,0.12884111106739063,0.13061387674229324,0.13054646089645172,0.008425886815312485,2.4937078829605843,2.492420765309654,0.16086882111106288,6.117811159937543,5.188189760482942,4.207576440122697,3.3004147914379716,3.030317266175291,0.8730667699706736,4,1.0,0.9917522368168549,0.9916962059701251,0.0009284033984283396,0,0.0,0.12941053825466908,0.12911482144594866,0.008614029242187966,2.4707334889122485,2.465087600776755,0.16446087629478914,19.108938191447155,19.037724218185076,0.3683636526498694,1.0008760507468104,0.9971460496550468,0.019293921734902575,4,4,5855.0,5855.0,0.0,67.28126305783923,67.28126305783923,0.0,147.53985945089536,147.53985945089536,0.0,19.09221244447691,19.09221244447691,0.0
front,log-0046,60.0,oracle-power,full_log_excluding_training,1.788147221510043,1.7954333199329375,0.0953791628319042,0.03785703320099173,0.03830197852277587,0.0014736160933802689,0.1260647089503138,0.12751412727547684,0.004395866799108981,2.572743628152622,2.6066719179944906,0.07551216427786289,1.8266855449272437,1.8278317875412502,0.047035089147854835,0.12725476033052271,0.12813270434735125,0.003902919818379397,2.5970330772770724,2.6192746789945636,0.06284453386222834,4.952331317173625,5.392550644394526,1.310171734525631,3.229812338933595,3.21065258797503,0.15867961921680962,4,1.0,0.9921040236861837,0.9919664158014141,0.0004990189335680483,0,0.0,0.12608842216484525,0.12752641420283994,0.004385012008432366,2.5732276312091686,2.6069222479833725,0.07524217797954713,20.275510236400425,20.407665367540304,0.38257271171386936,0.9933238027782122,0.9991640216255964,0.01535262059444779,4,4,5855.75,5856.0,0.5,67.98034727843617,68.06097583385589,0.8397918677915055,162.6407113289981,164.92645015628375,4.5714776545712965,20.41140323435672,20.43309567213351,0.16914793926097188
front,log-0048,60.0,oracle-power,full_log_excluding_training,2.5092479170862387,2.48617270084302,0.27602141249576845,0.05132879553632194,0.05050626918675279,0.006386034851954618,0.1725022664778968,0.1692701328868656,0.020441910585441612,4.018348319783317,3.9721536613737713,0.4204998900594213,3.0486048439145046,3.0299493444914125,0.30446353563103623,0.19299685395901173,0.1905311716230154,0.00785185389310147,4.499856346233205,4.495948338955735,0.14542502638668695,5.055370737270003,4.8060527471124175,1.0379261965818676,4.770681397665735,4.305665402565979,1.1053923585434349,4,1.0,0.985484789916144,0.9862608436214115,0.004306575023936084,0,0.0,0.17291602993702876,0.16963623873543304,0.020117203891201856,4.028071072648247,3.9808383579010886,0.4127536595725487,23.640657945738617,23.59929546606113,1.0596388863378257,1.0132831988692086,1.0138267164960062,0.029820947852158327,4,4,5856.5,5856.5,0.5773502691896257,78.4279752534084,78.69633917602636,1.519730869579752,146.07952300368544,146.71012738680676,1.2612087662426745,23.323046455838874,23.275245199988746,0.3762656301315845
front,log-0049,60.0,oracle-power,full_log_excluding_training,2.368609208344975,2.51356562036735,0.38034728211350816,0.04693791487236469,0.048403022615986106,0.003656307502052343,0.15391100855303474,0.1569856237179226,0.009965020034252403,3.63107246048089,3.7883050219586334,0.4131089760739074,2.0755264167134193,2.166526463631259,0.22865046901499927,0.1613102259158998,0.16521339309053884,0.013434744261323432,3.808037583540663,3.9978796685348295,0.4962245270483468,3.6185486822642705,3.6177899310619104,0.24903165043873773,3.5719494952868143,3.5973819252592394,0.1948462512168074,4,1.0,0.990079233013165,0.9901902496278467,0.00023345171594819951,0,0.0,0.15434635925180423,0.15746957405033207,0.010171211764831014,3.6414859060848013,3.8006505708190654,0.4180055655405876,21.92648388990936,21.948468359813774,0.6902571738685629,0.9328270712439322,0.9208221466198077,0.03155411957748985,4,4,5855.5,5855.5,0.5773502691896257,77.18755154603214,78.27773478796395,3.155298015582134,120.73625562239658,120.73625562239658,3.9252349621081604,23.537170295130174,24.052168507591883,1.3635654204008392
front,log-0054,60.0,oracle-power,full_log_excluding_training,2.357479701041466,2.355530300068176,0.026829637971643387,0.0464538983459364,0.04628748402822089,0.0007547476177986215,0.1637263117684221,0.163531774473782,0.002515821679584509,2.9525241582046107,2.941033003875598,0.06900331310336168,2.381032912908488,2.38330800382995,0.05518111513234619,0.17073346782698495,0.1706446533924601,0.00826604136881528,3.078937568700172,3.0955468284910532,0.15951141565791505,3.4653404978290685,2.8966254108368075,1.2255835330255782,3.010940717759814,2.9458221901681703,0.20942373774137818,4,1.0,0.9869244618450023,0.9871041918497674,0.0005515498439081944,0,0.0,0.16377047606265208,0.1635897407909182,0.0025097845052807558,2.9533208410681846,2.942073082276031,0.06895858504810425,17.301590310188494,17.17363041054515,0.2952892443996005,0.9594690613813345,0.9579174787221933,0.00973805724819245,4,4,5856.0,5856.0,0.816496580927726,63.552906243815926,63.61046578034383,0.49455225649169454,135.33135455623437,135.33135455623437,0.0,18.031683495339816,17.984047227639365,0.15144649959492448
front,log-0055,60.0,oracle-power,full_log_excluding_training,2.9378356959831233,2.877411996332331,0.18947671294877938,0.04756427710381783,0.04626149238673363,0.003384124812098943,0.1552013025841451,0.1532358559221343,0.007775170616404355,3.794957396620671,3.6745961893685344,0.3108188879618107,2.9996955625680277,2.944100585883707,0.16775370534341105,0.1583360736768436,0.159276941434161,0.007599664465053667,3.8702577220471586,3.8196138075650303,0.2860942605877423,4.346329001491581,4.4565759100088105,0.4031986828259346,3.5628835219318913,3.5025868371023074,0.1583965365048445,4,1.0,0.9881936823410956,0.9883157935037551,0.0011688080900526259,0,0.0,0.1553591351372245,0.15354021495790227,0.007729798108111807,3.7987487203176524,3.6819025417754565,0.30909117923802243,23.90542641505332,24.05032675238464,0.5990545845533537,0.9791755449781867,0.9770909349812624,0.02794016547980673,4,4,5855.5,5855.5,0.5773502691896257,79.7425308595075,79.42956876865121,0.8141027429407026,140.91462426015303,143.32322178319504,4.817195046084009,24.424829099703096,24.1530601801592,0.7871857797561798
front,log-0056,60.0,oracle-power,full_log_excluding_training,2.709424483325888,2.720370490386742,0.06730714794522015,0.04852749777799606,0.048746703653751944,0.0012061485235822609,0.16703355627151623,0.16667161324640012,0.0018248163296181751,3.7607718380517636,3.774541552784564,0.08132544640166493,3.0859260079781112,3.1871556459903743,0.2733782604473321,0.17650144539083595,0.17784417870064861,0.004856958068952318,3.974623714543699,4.030597775448232,0.15599156507512985,3.947610345040741,3.8982446593868456,0.1478707192479016,3.912406011114008,3.9250557052582646,0.08017910239464875,4,1.0,0.9859932496911443,0.9860281587850752,0.0002974995278909241,0,0.0,0.1674016905529656,0.16719475152783053,0.0018215870377590341,3.769087326376327,3.786388789894821,0.08300553258455219,22.222887686860545,22.1892153276117,0.23533817844120897,0.9871568410484278,0.9897184617119017,0.010882622814659442,4,4,5855.0,5855.0,0.816496580927726,77.50249006071608,77.43192264103084,0.25666637180717483,145.91495985164212,147.76901138236258,3.7081030614408945,22.513527640457674,22.64656132692387,0.2917331169064342
front,log-0058,60.0,oracle-power,full_log_excluding_training,2.5033524363870003,2.51098687161877,0.043830630356821026,0.04382008774007868,0.044192787259402455,0.0012231959682553778,0.14945474258634978,0.15092696575173473,0.004441055826694304,3.53097805101357,3.559711440003686,0.09155370400552733,2.8394618924611983,2.8612561948921917,0.37328435280680794,0.15883443289479804,0.16101772849263102,0.01163835224819669,3.752310523617272,3.797920368356879,0.2649643314446835,6.035029377120206,6.184512790312547,1.5323892115496618,6.035029377120206,6.184512790312547,1.5323892115496618,4,1.0,0.9888681677847477,0.9887092007494023,0.0006190727955476275,0,0.0,0.149663410060043,0.15115163298270967,0.004532332392892042,3.535901966976269,3.5650151371618404,0.093702310576438,23.679318282953606,23.696396174087663,0.15717687528082677,1.0021869683767,1.000360285202864,0.006628590187467646,4,4,5856.0,5856.0,0.816496580927726,80.58259625501684,80.54832058257453,0.2514676807343871,156.14726626135723,156.14726626135723,0.017266139230497673,23.627777547236313,23.59464348622154,0.09288405587073849
front,log-0063,60.0,oracle-power,full_log_excluding_training,2.9360153525909487,2.9410145971689827,0.033214958684283834,0.04537094087963859,0.04535646392610082,0.0006706932580129561,0.13997513982307577,0.139570363594251,0.0017394283378907997,4.032235294003476,4.034369570665745,0.06164653200091866,2.8741335652936995,2.880236512484409,0.01749054734676625,0.14406408064373327,0.14360711312299626,0.005330595528500403,4.148130286898844,4.149259663080406,0.06260199567356106,4.374490939903749,4.511104049624538,0.6952783011639914,3.6373405385823925,3.638552448801089,0.13480289453739186,4,1.0,0.9904761718115194,0.9904529785510163,0.0002826183215319825,0,0.0,0.1405848154541231,0.14017182862323685,0.0021545014250205965,4.049514763831559,4.051160423829113,0.045667305936185336,27.999784165116562,28.201815916526353,1.2041747360858177,0.9714741546292602,0.9716633424991483,0.019013766182197064,4,4,5855.0,5855.0,0.0,88.87429343681993,88.92685953435165,0.7165870139567209,141.98902345441155,144.00569151457438,13.942730323695985,28.812626457471417,29.02047632146617,0.7135619933221434
front,log-0071_183,60.0,oracle-power,full_log_excluding_training,1.7738895166236015,1.6873032091313114,0.19393323753874647,0.037402689900623606,0.03611097727421829,0.002678900663070841,0.12654541832231028,0.1221805517656743,0.008970352886971428,2.743629065482388,2.6632221550259887,0.17507866238810874,1.8134270235914167,1.7818762821892173,0.18398956653495302,0.12758049919692502,0.12374068333892574,0.008294862750516826,2.766129744179428,2.689249234002407,0.15991984621266958,3.5740273529918527,3.1636497292761363,0.9927559808948117,2.7169813700117897,2.4741581541700377,0.5025537583762102,4,1.0,0.9922592477924904,0.9925331387179916,0.0006386020684113941,0,0.0,0.12656519629465013,0.12220337287772788,0.00895728514515342,2.744058998730388,2.6637190651987948,0.17478591601402718,21.633557966543844,21.42835415001476,0.45316138623574104,0.9976105855655425,0.9873956476433208,0.028215133366670718,4,4,5855.75,5856.0,0.5,73.38282181622374,73.5127240859002,0.5807172964762812,148.7964511867927,153.6761142601884,9.75932614679138,21.68874574191238,21.70192154705699,0.16871973551040972
front,log-0072_184,60.0,oracle-power,full_log_excluding_training,2.0026610616543286,1.9137216994222581,0.1896586221280443,0.04043502880680448,0.03813216907744857,0.004845916000028467,0.13750532037618354,0.129992396941086,0.016019312207430362,2.8156069984605483,2.6872488329583577,0.3153751365627004,2.1753572855929657,2.258430305249202,0.2064065139187747,0.14755437020124829,0.14600631218449095,0.013783396170733351,3.0200827882908947,2.9630186297830274,0.24890473177177966,3.54607243935663,3.018860391958454,1.2417807934177665,3.1297854833868812,2.9444834053889,0.4427867083934881,4,1.0,0.9914098390431276,0.9921387532908448,0.0017308111129470459,0,0.0,0.1378110745104936,0.1302727254045748,0.01590000164652447,2.821827706184046,2.6929743063352096,0.31239179088777147,20.938568062159227,20.99711883202263,0.41266626962113273,1.0225815576213277,1.0346560965825984,0.036275749327682356,4,4,5857.25,5857.5,0.9574271077563381,69.68530700296684,69.03736673070881,1.4377402473890186,147.88969652462026,149.74909046631353,3.718787883386568,20.485425734109253,20.32360768864241,0.3620840531426938
front,log-0073_185,60.0,oracle-power,full_log_excluding_training,1.6670734055549206,1.6321235230126068,0.1708487563715726,0.03708286847627121,0.03688039964580979,0.003143786024065788,0.13136127558569313,0.13049671577121386,0.010439163411097683,2.570591928974756,2.511075420785099,0.20687965507177025,1.6843169647240597,1.700039823816248,0.14132714778789754,0.13299760744809513,0.13246517997498597,0.009689428399916288,2.603262971965952,2.550453187158574,0.20357951766826046,6.151319372908418,5.241552401677073,4.1703962997155095,3.368913223169049,3.067302297511553,0.8682257879027181,4,1.0,0.9915185713606788,0.9915272288725951,0.0012063659411686244,0,0.0,0.13141442599136618,0.130560903594287,0.010411736300198815,2.5716531637789446,2.512359491441538,0.20669388430772284,19.606634191919035,19.78103612727211,1.1016817251430036,1.0008843276335888,0.9972776825835802,0.021682670061768054,4,4,5855.0,5855.0,0.0,69.38393335725075,70.50455449611968,2.6802570134812993,147.44151772820882,147.53985945089536,0.1966834453730968,19.579747558004886,19.832417414436524,0.7345308851007771
front,log-0046,60.0,oracle-power,training_window,1.786964616625779,1.83071522931788,0.14076993949321145,0.03920276558066726,0.03826686066592125,0.004638186747438509,0.1311764478140097,0.12986655647954498,0.014572359909371214,2.5536894509425023,2.647468001227785,0.25790023577340065,1.7869646190564341,1.8307152307546373,0.14076994172920207,0.1311764478140097,0.129866556479545,0.014572359909371207,2.5536894509425028,2.6474680012277854,0.2579002357734008,4.5946564313611855,5.137991532720502,1.3071407491855251,3.304778877896743,3.379058459265906,0.4790264378894701,4,1.0,0.9912772615914412,0.9915186234408508,0.001954460087526368,0,0.0,0.13214204217910525,0.13067680512603294,0.013856883417453673,2.5725658365958215,2.6590735736244433,0.2445894527562372,19.340411199020696,19.440219823736193,1.296624849948466,0.9912772608128705,0.9915186218671563,0.001954459949728461,4,4,5855.75,5856.0,0.5,65.37505923346332,65.57660218568273,5.39552224122119,135.8266892778246,130.40597775829684,20.339075378988245,19.509781081568697,19.596173816480565,1.2920729437654448
front,log-0048,60.0,oracle-power,training_window,1.7854529635910057,1.9365771409982342,0.6817633927622431,0.038832252892451756,0.03843545153121947,0.0126772772144536,0.12354055095639814,0.12492413654841568,0.03650968441866712,2.7102566124589265,2.9287111484941635,0.7028206660509997,1.7854529653429865,1.9365771414459267,0.681763389999541,0.12354055095639817,0.12492413654841568,0.03650968441866709,2.7102566124589273,2.9287111484941635,0.7028206660509987,3.299041245772168,3.250777340963402,0.5437702253407372,2.8901508042953346,2.9097819707140182,0.10502037322979645,4,1.0,0.9918279589038594,0.9919170012383385,0.004518762917829216,0,0.0,0.1452827221986076,0.1428698758266868,0.04981280141643993,3.1703045344955623,3.328654488123451,0.9250338548732737,21.98283522762893,20.9875026685105,2.725031840458934,0.9918279583893994,0.9919170009301213,0.004518762493420287,4,4,5856.5,5856.5,0.5773502691896257,71.07439106171334,70.25927608669465,9.089176112940082,132.82652587262385,135.34808144053156,12.87842600000956,22.160045140753887,21.140650802109825,2.698827389758016
front,log-0049,60.0,oracle-power,training_window,1.1900527510166758,0.9801461329505122,0.5371411965089368,0.028050011905234817,0.024590721036756455,0.008011177350470288,0.0956070168761872,0.08714908327248833,0.023257161693339544,1.9242732163669147,1.5900440485132727,0.8738743230864844,1.190052751038578,0.980146132969463,0.5371411964919922,0.0956070168761872,0.08714908327248833,0.023257161693339544,1.9242732163669147,1.5900440485132727,0.8738743230864844,1.9083028495677952,1.8225186269819065,0.4999341718171353,1.913075405827268,1.7770276604003081,0.46082918369180803,4,1.0,0.995213049146976,0.9961929956730076,0.002480175825077811,0,0.0,0.10874728948388135,0.10502943159885367,0.01584431063056718,2.1572109918903273,1.9093989541440657,0.7448663547337937,19.369952071477545,18.38469915837345,3.7412251688379996,0.9952130491689128,0.9961929957258149,0.002480175819347323,4,4,5855.5,5855.5,0.5773502691896257,66.57036698158589,64.51257126026053,11.006581247826578,115.45438386843986,116.37519724684219,5.885938631106118,19.46981502678166,18.450598309475254,3.811297249129617
front,log-0054,60.0,oracle-power,training_window,1.9786816666512932,1.9813353800219926,0.20447143316062122,0.044531498026428966,0.04388199518006704,0.005309868901829901,0.14627809388628993,0.14593141269625692,0.014214258428862557,2.559007003542259,2.5633092460473232,0.15251731498364093,1.9786817249533062,1.981335434525584,0.20447143906067525,0.14627809388638438,0.1459314126964438,0.014214258428926973,2.559007003543929,2.5633092460473526,0.15251731498590232,2.6297930799099483,2.5354000854554877,0.25501568332181257,2.7137254733045912,2.6623698385404473,0.2820666396409203,4,1.0,0.9891652308537358,0.9892653292596998,0.002107593274766076,0,0.0,0.15381812632972341,0.15132037799392362,0.01459053449565297,2.6882176940391274,2.6927922964377284,0.03960469574275083,17.409074799211133,17.80386796229876,1.714129278174367,0.9891652094456822,0.9892652926851169,0.0021076080810361712,4,4,5856.0,5856.0,0.816496580927726,58.092521839886686,58.21006119806533,7.822944422370125,116.85248318306867,113.46189538469844,8.884896764782178,17.597459345953823,17.987388791858503,1.7029250045608724
front,log-0055,60.0,oracle-power,training_window,2.3111678936632374,2.4113817751664177,0.4676520245734596,0.04013049126033398,0.040479052660586545,0.0037218548960800254,0.12761333672030717,0.12488607867216606,0.00998832701635838,3.0271107761001548,3.1319561372365836,0.550236741175611,2.311167893621326,2.411381775085491,0.46765202451958626,0.12761333672030717,0.12488607867216606,0.009988327016358382,3.0271107761001543,3.1319561372365836,0.5502367411756112,3.8662608362520174,4.0911772962564275,1.0052018801248905,2.962577258669265,2.9788491507843835,0.40480619928596634,4,1.0,0.991785616728112,0.9921657466496083,0.0013174393893141238,0,0.0,0.1297798625090532,0.12781038918416426,0.00888967214933703,3.081490961632098,3.2367318569780963,0.5624330237389272,23.446217235286305,24.795851795669194,3.214293721114477,0.991785616702403,0.9921657465978209,0.0013174394156579075,4,4,5855.5,5855.5,0.5773502691896257,74.95064638278835,77.32367376874387,7.281246216829169,134.10709442168493,133.31923260153545,6.846138667238696,23.64174668445895,25.0110083617885,3.2521069084099694
front,log-0056,60.0,oracle-power,training_window,2.0640254830292752,1.9554043304362212,0.2702845282401149,0.03894050502921271,0.036909123557326576,0.004647770053212231,0.12711526695804756,0.122057386929423,0.01096861825083697,2.8981345796539655,2.7068268259450194,0.44402848085844654,2.064025482992708,1.9554043304288808,0.2702845282159296,0.12711526695804756,0.12205738692942301,0.010968618250836967,2.8981345796539655,2.7068268259450194,0.4440284808584465,3.2417560460660075,3.0135174180922446,0.4721130391468978,2.9275785212062537,2.7715591404070814,0.33930990452693144,4,1.0,0.9918416518625633,0.9925229520418359,0.0014667864994435897,0,0.0,0.13555022183715565,0.13385198725766095,0.007544355337665488,3.0862893430365177,2.9784486753097275,0.3739738723768471,22.5223002494236,22.086982629369494,1.3986727096505236,0.9918416517259008,0.9925229521026451,0.0014667867814485897,4,4,5855.0,5855.0,0.816496580927726,74.22130118992933,73.34029326879013,2.3133899632315775,138.44321567397427,135.49613464761885,6.0032890534456325,22.709102597040896,22.252237301780603,1.444500815803164
front,log-0058,60.0,oracle-power,training_window,2.431678693506826,2.659519963061918,0.5146035495477241,0.043398391199015625,0.046425545568841445,0.007873898896570001,0.14848507504432057,0.15919003509058238,0.028624856512796722,3.311619492203646,3.5607530064220265,0.5562341464613862,2.4316786558122905,2.659519963704947,0.5146036251098987,0.14848507504432445,0.15919003509058238,0.028624856512789173,3.3116194922037367,3.5607530064220265,0.5562341464612056,5.367722355166807,5.756070167084809,1.8670615644472095,3.6770900081285416,3.862352092880797,0.4266520668014427,4,1.0,0.9885979440479805,0.9872211148777071,0.003958232838812147,0,0.0,0.15612658987406747,0.16598500283914697,0.033880223646281626,3.4777276258432908,3.7214934957084935,0.6483533596003385,22.152034023523576,22.30199968295529,1.0405387238178196,0.9885979410953646,0.9872211142407286,0.003958227994729241,4,4,5856.0,5856.0,0.816496580927726,76.48846294924533,76.71872723146069,2.4991904225093458,139.25197796983366,137.70749341474763,7.0574423899395455,22.40530552050098,22.543951813033125,0.9837416068315902
front,log-0063,60.0,oracle-power,training_window,2.464144151549422,2.4574043275365502,0.07496261549633743,0.04104109464439462,0.04078813809040001,0.00112525305746902,0.13440656210970087,0.1359505629143552,0.004675709877230148,3.753278894452887,3.74889007770505,0.09745561629001129,2.4641441515522775,2.457404327493331,0.0749626154464652,0.13440656210970087,0.1359505629143552,0.004675709877230148,3.753278894452887,3.74889007770505,0.09745561629001129,4.361391783459258,4.382111319304737,0.6285552226393738,3.615304406945099,3.6256331851109467,0.306247308346211,4,1.0,0.9909178495455703,0.990713924965849,0.0006269680392043599,0,0.0,0.13601628836999857,0.13756670922759107,0.003500796677644469,3.800105820046776,3.796307902910563,0.14393060051060447,27.71491844444259,27.324765861325645,1.686808738031532,0.9909178494997429,0.9907139249260821,0.0006269680447594541,4,4,5855.0,5855.0,0.0,91.46160352413418,91.39252510897137,1.343250440494935,139.2315352964264,139.2315352964264,16.184057444852527,27.968147295033134,27.580784212539385,1.6843039241980757
front,log-0071_183,60.0,oracle-power,training_window,1.7373611060003864,1.6565444399732618,0.2555347503817191,0.03494452435298433,0.03184647772501487,0.006581430455421233,0.11803681160608673,0.10740092748039279,0.023817883654371465,2.5239729045905896,2.244330234691673,0.6424337522900747,1.7373611059668355,1.6565444399476013,0.2555347503454875,0.11803681160608673,0.10740092748039279,0.023817883654371465,2.5239729045905896,2.244330234691673,0.6424337522900745,2.9707541806522872,2.630613000280537,1.0998756303361565,2.61779004220259,2.3399229976105502,0.6469815496254457,4,1.0,0.9927912938778153,0.994215558514185,0.003117524648955518,0,0.0,0.11899402801656814,0.10852429694464286,0.023175357213651115,2.543985643441883,2.2755034125196154,0.6297529589298817,21.08678007451342,21.079114677737095,1.0669000957377188,0.9927912938075475,0.9942155584517139,0.0031175247104166543,4,4,5855.75,5856.0,0.5,71.64915694197273,70.6195621725482,4.308696753075264,132.9338594918733,130.05830362342022,15.0866282772437,21.242093692609068,21.198308507111875,1.131038732440449
front,log-0072_184,60.0,oracle-power,training_window,1.8032727950020075,1.8555134077077426,0.28335717166693675,0.03384221301386511,0.034162363176351816,0.0029202725186949453,0.11341276739334337,0.11503573992590183,0.010023947434241304,2.6115380937134356,2.7209065844270435,0.3855084619992089,1.803272795231522,1.8555134077146014,0.28335717120867004,0.11341276739334337,0.11503573992590181,0.010023947434241303,2.6115380937134356,2.720906584427043,0.38550846199920885,2.817641577966506,2.7324391925138123,0.2373466654479201,2.77513262603015,2.9135505192298625,0.4618306747879841,4,1.0,0.9935095581153841,0.9933613228487672,0.0011210018938341225,0,0.0,0.11959024141639651,0.12465528073491489,0.011538173814001188,2.75578907250602,2.9484747908815105,0.43191783384616994,22.781839540525684,23.486696168437987,1.514211494027948,0.9935095581731265,0.9933613231720384,0.001121001778885375,4,4,5857.25,5857.5,0.9574271077563381,76.85515236526592,79.50731932969177,5.50598835832609,138.27274768663645,141.7906448121138,12.488045425780188,22.93186464739017,23.65240502741667,1.5461857124940892
front,log-0073_185,60.0,oracle-power,training_window,1.327945650115121,1.303211855669184,0.3039002579234468,0.034461810093509036,0.03212190154574965,0.005208340135948147,0.11602836559780451,0.10910088041101942,0.019234643814399516,1.8677752244044754,1.8386894969051601,0.43117079195803615,1.327945654485151,1.3032118557251966,0.3039002536644388,0.11602836559780465,0.1091008804110197,0.01923464381439941,1.8677752244044772,1.8386894969051601,0.4311707919580333,2.5637641628761774,2.6470284372223483,0.5871914433311447,2.2934166289818645,2.1971344185801436,0.6531983163347205,4,1.0,0.9931040158445955,0.9940248804621359,0.0024092732072214856,0,0.0,0.11828250137870952,0.11068812702715022,0.020628142037450142,1.8995305102640447,1.8809472033314312,0.4210746956562952,16.10569306172992,15.054845487806826,3.6484082629254675,0.9931040144347214,0.9940248775822639,0.0024092722014904264,4,4,5855.0,5855.0,0.0,54.89778250348547,50.21185149213761,14.907796815782167,105.3022281868754,104.43843071881048,11.940186971097688,16.21565619304851,15.17013578435603,3.6618795626147107
front,log-0046,10.0,self-supervised,full_log,2.652810307725794,2.674124618156861,0.6209672233505825,0.052274433399420284,0.051387467770241224,0.008773843061909474,0.17409808137768706,0.17114407491131114,0.02922096221906273,3.539648901064302,3.4795899638278773,0.5941015891057545,4.160920234433601,4.058637323017657,0.8198116752046578,0.24751685883339763,0.2340439178154844,0.04456749260109143,5.03235170905686,4.7584286394240385,0.9061172585033597,6.109845742740696,6.40318932349922,1.9094128875434597,4.63303909595271,4.856543359601586,0.6731920643152147,4,1.0,0.9871882955469773,0.9893726120448092,0.0056409783724619255,0,0.0,0.17409808137768706,0.17114407491131114,0.02922096221906273,3.539648901064302,3.4795899638278773,0.5941015891057545,19.530436822328987,19.469572563491802,1.6440681128601977,0.960607019021924,0.9576134027101924,0.08086369922653401,4,4,35.5,37.5,8.582928793055823,67.71281238035488,67.71281238035488,0.0,164.92645015628375,164.92645015628375,0.0,20.331349277683387,20.331349277683387,0.0
front,log-0048,10.0,self-supervised,full_log,3.144011403877366,3.3512957546892355,0.48071550199189134,0.05627556168283092,0.05764453619578479,0.0044878775685726555,0.18752808069807184,0.19208993943856204,0.014955036283522754,4.438431469841923,4.546401952552532,0.3539571429853474,3.543622674912055,3.881292987975181,0.7488846752554422,0.21455683030418665,0.22616721209452084,0.03309280868246042,5.078150344986848,5.352945904794595,0.783243570429186,5.01802832182023,4.893916016741354,0.2923682479404328,5.01802832182023,4.893916016741354,0.2923682479404328,4,1.0,0.9875654282124988,0.9875016571013131,0.0007894759082671122,0,0.0,0.18752808069807184,0.19208993943856204,0.014955036283522754,4.438431469841923,4.546401952552532,0.3539571429853474,21.523253610045096,20.67682149097982,1.8232749394416785,0.9093785647688182,0.873615977961284,0.07703515359009663,4,4,36.75,40.0,8.05708797684788,78.8696076434905,78.8696076434905,0.0,146.71012738680676,146.71012738680676,0.0,23.668089884564996,23.668089884564996,0.0
front,log-0049,10.0,self-supervised,full_log,3.8518825767785927,4.173358155034505,0.9694937133289568,0.07016568377109952,0.07312965996811599,0.01565208409000337,0.23331415696258195,0.24316993788705848,0.052046137198348455,5.341247278611975,5.566875091886498,1.1914891590463046,15.793566289011459,16.2395688397104,4.6055755025484855,0.7249517655036809,0.7481300016826555,0.21086009779199344,16.5962781471614,17.12689614533897,4.827207822112418,9.068581249614915,9.994577909956028,3.663664910216437,7.101024937425349,7.609128398491644,2.1818609586076856,4,1.0,0.9874783347509077,0.9876383692493036,0.0023090590037198734,0,0.0,0.23331415696258195,0.24316993788705848,0.052046137198348455,5.341247278611975,5.566875091886498,1.1914891590463046,18.786885391833593,18.35088152636594,1.6431839429928152,0.8206409661466507,0.8015956254242029,0.07177688213930583,4,4,18.25,19.0,10.812801055539063,76.12335534328501,76.12335534328501,0.0,124.13560881540509,124.13560881540509,0.0,22.892941209172253,22.892941209172253,0.0
front,log-0054,10.0,self-supervised,full_log,2.7494272008046687,2.7297948228510576,0.27227274393531903,0.05647776618100848,0.05453077254055091,0.007670267862808304,0.19730771031116232,0.1905057972192409,0.026796438524739383,3.5609055133044336,3.438148172540391,0.4836079924559827,2.8204088626261195,2.712881678973387,0.4375421818972794,0.20799405678410648,0.19314910501638316,0.043506087757752505,3.753767059427376,3.4858531978197393,0.7851749306429567,6.761617310792135,6.10219042517695,3.4423351576807453,4.559247621889629,4.1198289163086335,1.1482605648874225,4,1.0,0.9841613334915191,0.9848636799439394,0.001953492764632195,0,0.0,0.19730771031116232,0.1905057972192409,0.026796438524739383,3.5609055133044336,3.438148172540391,0.4836079924559827,17.802435732100747,17.023023272421234,1.872070738128662,0.9864226442231125,0.9432358516410627,0.10373035440019972,4,4,35.5,36.0,1.7320508075688772,63.049687586649696,63.049687586649696,0.0,135.33135455623437,135.33135455623437,0.0,18.047472689682227,18.047472689682227,0.0
front,log-0055,10.0,self-supervised,full_log,3.3378296594819203,3.193786594067727,0.3945179361667505,0.05536792118460336,0.0545868002554543,0.005321853100031702,0.18081670052471327,0.17826577020084178,0.017379737176994436,4.417033717960542,4.354718980328393,0.4245563871993375,3.4047643118831443,3.263846534466236,0.3624902757818469,0.18420131314051663,0.18307562758441115,0.015897512970251534,4.499713846526403,4.472215329836793,0.3883482588585267,4.779218048328357,4.928909490142871,0.7120888587073265,4.382365482893671,4.148135724574249,0.6718101852721007,4,1.0,0.985026309353041,0.9847939411458031,0.0014437752284420804,0,0.0,0.18081670052471327,0.17826577020084178,0.017379737176994436,4.417033717960542,4.354718980328393,0.4245563871993375,23.761486349913195,24.01295985916694,1.5794894757496583,0.9727056290931164,0.9830000060700774,0.06465834171862067,4,4,25.25,28.5,12.120918557051139,79.77604402436594,79.77604402436594,0.0,143.32322178319504,143.32322178319504,0.0,24.42823978726921,24.42823978726921,0.0
front,log-0056,10.0,self-supervised,full_log,2.7953808632677535,2.727551731267625,0.24046242401715393,0.05051469719280359,0.050668549874701624,0.002734908571443805,0.17342027947447036,0.17394846585537288,0.009389121090573955,3.9313611373813298,3.943334889340828,0.21284722802608425,4.006071111649702,3.7840189508949162,0.6032409384845777,0.23316109555835168,0.22575600541554647,0.028376973461358233,5.285659050977941,5.117788928207693,0.6432934544942198,5.588249753641602,5.12490288505221,1.1490142917838342,4.428425090706311,4.358173616504698,0.23794008699696612,4,1.0,0.9861630867508528,0.9860780194153278,0.0014263456584360512,0,0.0,0.17342027947447036,0.17394846585537288,0.009389121090573955,3.9313611373813298,3.943334889340828,0.21284722802608425,21.957044893680884,22.33848620663282,1.2542835556265386,0.9685695943039199,0.9853957409700833,0.055328980766665176,4,4,48.5,50.0,4.43471156521669,77.82608539404247,77.82608539404247,0.0,147.76901138236258,147.76901138236258,0.0,22.669558308260456,22.669558308260456,0.0
front,log-0058,10.0,self-supervised,full_log,3.527757042101423,3.6010439214335315,0.44338894143134056,0.05892052996449705,0.05799403706275583,0.006880496059521891,0.2006085486452009,0.19745408963981886,0.023426237498057306,4.755887871071375,4.681104152108224,0.5553729366682874,3.5966948014320925,3.660237239700545,0.47336981195277505,0.20467165661842937,0.20352988839967973,0.02251053679401882,4.852213207450269,4.825144961057989,0.5336641415980913,7.685113197800046,6.995895698000443,2.5620196882824793,7.685113197800046,6.995895698000443,2.5620196882824793,4,1.0,0.9858695897232174,0.9881670648450627,0.0050628443161240405,0,0.0,0.2006085486452009,0.19745408963981886,0.023426237498057306,4.755887871071375,4.681104152108224,0.5553729366682874,22.024042845265303,21.041065089219707,2.6776089574038524,0.9289981997605607,0.8875351236038891,0.11294447248252103,4,4,38.5,40.0,14.153915830374764,80.71699073204307,80.71699073204307,0.0,156.16221917655614,156.16221917655614,0.0,23.707304116350024,23.707304116350024,0.0
front,log-0063,10.0,self-supervised,full_log,6.934904171589698,5.724786481596579,3.0515169343524526,0.09726254802273904,0.08157816701676518,0.038939408743897,0.3037709458191613,0.25478539742843975,0.121615783919285,8.727646126058623,7.320241838290919,3.494144321565917,15.290792017006936,13.487316762871176,5.495314400351491,0.5928319779179256,0.5153933154449565,0.22826397472183982,17.0326615717858,14.807770574666813,6.558254573450203,12.63145847688363,9.752386174141773,6.865258019086521,9.664706356134568,7.865949391076598,4.3063173982726495,4,1.0,0.9883698683634028,0.9882676965685723,0.0017414260890256748,0,0.0,0.3037709458191613,0.25478539742843975,0.121615783919285,8.727646126058623,7.320241838290919,3.494144321565917,30.437748356219696,28.92050244429243,9.147114203677626,1.0594040447134847,1.0065953928674525,0.3183707832597305,4,4,22.75,26.0,8.65544144839919,89.7328550761202,89.7328550761202,0.0,153.72213457336557,153.72213457336557,0.0,28.731010144908,28.731010144908,0.0
front,log-0071_183,10.0,self-supervised,full_log,2.2771872111763978,2.1457709842854227,0.32599630853877243,0.04610039664565755,0.043637425575696276,0.007805126053550652,0.15603265245272416,0.1476964137883529,0.02641744126898065,3.376382062484753,3.1959946483599886,0.5716455718418025,5.796404504307831,5.647340103551143,0.4837663055191264,0.2956721493758288,0.29238190952876103,0.02153420976361318,6.398033525907874,6.326836205178624,0.46597759143828593,8.411114829144694,8.0016858777558,5.0127814846203975,4.6327981092730095,4.247521718296982,1.9703905286667647,4,1.0,0.990306989615377,0.9900779370775434,0.0005539625321933359,0,0.0,0.15603265245272416,0.1476964137883529,0.02641744126898065,3.376382062484753,3.1959946483599886,0.5716455718418025,22.2009857325491,21.83549260924878,1.6319848611601553,1.0259735500328513,1.0090830262632127,0.07541887201654918,4,4,45.25,48.0,8.73212459828649,73.23976165404193,73.23976165404193,0.0,153.6761142601884,153.6761142601884,0.0,21.638945498973378,21.638945498973378,0.0
front,log-0072_184,10.0,self-supervised,full_log,3.1618352810210646,3.3316377329648823,0.7749968357143932,0.057896169536730324,0.059985415787144544,0.011256071451084005,0.19776182601674078,0.20489827661073767,0.03844850638225818,4.1449112096178276,4.2944848389664845,0.8058463471276505,4.495246925855117,4.649430857715419,1.028249740922609,0.2716625202423095,0.27777898968313025,0.05873800446433813,5.6938037439544065,5.821999479497406,1.231096102006095,6.693330845706732,6.595438178361451,1.2493442962049355,5.448893235629439,5.44070044894837,0.8683563257467617,4,1.0,0.9887308581557487,0.9889130531201826,0.0011792322659760113,0,0.0,0.19776182601674078,0.20489827661073767,0.03844850638225818,4.1449112096178276,4.2944848389664845,0.8058463471276505,18.618980763572132,18.003325650791716,2.125900309652923,0.888348012336336,0.858973901977233,0.1014308644756906,4,4,45.75,51.0,11.89887949906769,71.59214923516183,71.59214923516183,0.0,149.74909046631353,149.74909046631353,0.0,20.959106684557796,20.959106684557796,0.0
front,log-0073_185,10.0,self-supervised,full_log,2.513013276016111,2.4363438133249407,0.7805252946413601,0.05256417274898324,0.04973646896182125,0.014979942427137944,0.18523698834941082,0.17527211482273206,0.052789557520512294,3.5365839341420453,3.346332451788351,1.0078694470315546,2.731507528253249,2.576509637489038,1.1008800481644399,0.19686783054475515,0.18420974570314408,0.06345273008244649,3.758642444243746,3.516971599307494,1.2114530029161195,6.638255208200239,6.570754533488259,1.5919711934676783,4.56992682201757,4.45480455213908,1.1577746397965591,4,1.0,0.9846357992383279,0.9897707106703008,0.01075339028525363,0,0.0,0.18523698834941082,0.17527211482273206,0.052789557520512294,3.5365839341420453,3.346332451788351,1.0078694470315546,17.764992940302974,18.242240349413485,1.1506193196867731,0.9304837242915824,0.9554806915366527,0.06026642135022075,4,4,31.5,33.0,10.878112581387146,67.28126305783923,67.28126305783923,0.0,147.53985945089536,147.53985945089536,0.0,19.09221244447691,19.09221244447691,0.0
front,log-0046,10.0,self-supervised,full_log_excluding_training,2.6432850295733514,2.663827691207045,0.6169128975983559,0.05228769695136962,0.05159372178673742,0.008779640025643604,0.1738424739377329,0.17132644301116112,0.02909595945213578,3.5233582213749135,3.4609496849418546,0.5813876106816366,4.162849030817921,4.067168582145017,0.8372633994366439,0.24826761670486047,0.2346875959202181,0.04508835512709153,5.034261588396491,4.770507094175543,0.920598690583076,6.121523086945951,6.423323880159504,1.9102551864365165,4.613112739259113,4.82128100123049,0.6549724067804417,4,1.0,0.9872452315739427,0.9892622762504284,0.0055859268780155315,0,0.0,0.1738493275832277,0.17133079880448704,0.02910074139733374,3.5234971726809965,3.461037622259928,0.5814860769013841,19.514252410433198,19.50669792175433,1.7123374105991724,0.9623407211796853,0.9590999339380573,0.08190586117710794,4,4,35.5,37.5,8.582928793055823,67.41172773118865,67.35887416279736,0.4403103269956942,164.92645015628375,164.92645015628375,0.0,20.274258994188504,20.29182584536042,0.10069529458580088
front,log-0048,10.0,self-supervised,full_log_excluding_training,3.153308087346224,3.36916308691735,0.4882141867180113,0.05660471059438378,0.05804711150568,0.0045817480375735615,0.1882748952465166,0.19298357736082522,0.015353687239773355,4.458271642503856,4.56551226405648,0.35428135269964145,3.5646236890565595,3.899827283477981,0.7676153085319167,0.21586198049750854,0.22760042473594416,0.03411683072332089,5.110888716763924,5.384167773398454,0.797829168996072,5.03770880719385,4.908632488943594,0.29388036287724706,5.03770880719385,4.908632488943594,0.29388036287724706,4,1.0,0.9874079440635766,0.9873945128891201,0.0007437849388642908,0,0.0,0.1882897604493613,0.19299945583710298,0.015357378221649596,4.458622941803334,4.565886550455035,0.3543571853903667,21.537826776355928,20.715877094306705,1.8709591409519668,0.9093146860478317,0.8734075963479804,0.077064947651103,4,4,36.75,40.0,8.05708797684788,78.76939615281799,78.88060668421721,0.31695019407094654,146.71012738680676,146.71012738680676,0.0,23.682862480989655,23.706264101494845,0.09680071981417056
front,log-0049,10.0,self-supervised,full_log_excluding_training,3.9062640931851993,4.23976419180519,0.9703528267840444,0.07080876817079365,0.0739847854499388,0.015633117686121897,0.23350203973005207,0.2431796419160171,0.051894072199119116,5.3966707309594515,5.637236166411409,1.179792729219099,15.80432952596643,16.224787077835007,4.637709007676328,0.7193386883649948,0.7390338790378617,0.21286451593826947,16.621957629439343,17.134412543762544,4.855208656720659,9.07211800086597,10.008342826255888,3.6461366979122425,7.110522976342896,7.62354579317455,2.173573470751696,4,1.0,0.9875317929823397,0.9876883171806449,0.0020922619570679832,0,0.0,0.23351343855437856,0.2431929322465155,0.051902253133568985,5.396933767662513,5.6375439338346585,1.1799805670582144,18.97333422770653,18.58084022337381,1.7304440469595657,0.8202600644357155,0.8014283575489615,0.07204294788297466,4,4,18.25,19.0,10.812801055539063,76.24620633792436,76.28510503897127,0.2911825255742851,124.13560881540509,124.13560881540509,0.0,23.125799242274276,23.158464781953324,0.1230518559866754
front,log-0054,10.0,self-supervised,full_log_excluding_training,2.7521221791417503,2.733837895216983,0.2681991134651969,0.05637181435246101,0.05450993641841761,0.007510169694581156,0.19730162048649771,0.19084633710293986,0.026505487470030818,3.5629016384110965,3.4433849988991216,0.47548518030021447,2.8256548343317407,2.7176450205899827,0.43788323714332417,0.20817649458750032,0.19355419778367947,0.04339978937380946,3.759235395570883,3.4922978901358146,0.7813053323113741,6.762147203871552,6.098148852374252,3.4410969277757264,4.559219574011995,4.118457658897088,1.1417428623054526,4,1.0,0.9841491475563211,0.9848895744443302,0.0020225625724246,0,0.0,0.19730292072513986,0.19084685225150722,0.026505588415679904,3.562925139550866,3.443394303453771,0.47548715649675566,17.813989219269224,17.041575962543213,1.8646566058520997,0.986405619323395,0.9435458232023033,0.1035349384507817,4,4,35.5,36.0,1.7320508075688772,63.20251250521153,63.20303771286268,0.03776286038985625,135.33135455623437,135.33135455623437,0.0,18.05988225194624,18.058693853056717,0.03310348393543811
front,log-0055,10.0,self-supervised,full_log_excluding_training,3.3151081824590363,3.128686899575939,0.4255168926255444,0.054788280472235995,0.053268568868253256,0.0057357106983522135,0.1786298145942283,0.1742741692601113,0.018529226932533432,4.384666643521953,4.262838850646398,0.448111960485595,3.395973319747665,3.2415805986362916,0.38975454708303164,0.1821656566464749,0.17899844003444754,0.0173703366463007,4.471318401545341,4.3781125863417785,0.41670146562304766,4.770142145113092,4.900993002406272,0.7210867085761532,4.3472312165525455,4.072217458147016,0.706462207077953,4,1.0,0.9854233084794605,0.9854062979444514,0.0012222810253954474,0,0.0,0.17868491978730014,0.17435540527520893,0.018495976670903788,4.3860206046846475,4.264830978766749,0.4472965303204147,23.909527076733244,24.302228164732945,1.567704511097102,0.9739925972243456,0.9869212001759748,0.06511920599199073,4,4,25.25,28.5,12.120918557051139,80.04493809807617,80.05817841065513,0.34290022103141793,143.32322178319504,143.32322178319504,0.0,24.549683200914963,24.536941736657074,0.13377997097014618
front,log-0056,10.0,self-supervised,full_log_excluding_training,2.807803695173245,2.738702751986362,0.24409683939697766,0.0508685152355319,0.05112403586782713,0.0026005572489003785,0.17492071938426787,0.17588591473204562,0.00873983015786277,3.9502204539890196,3.96553417674549,0.2143339560648389,4.017045338004723,3.7770676686575744,0.6334851960477732,0.23490246464635814,0.22737888868482892,0.028469650751682684,5.306010782422664,5.126197889920023,0.6678864849295986,5.6309782930080745,5.145847710452431,1.1917155101146868,4.448737043389806,4.381580955570971,0.23876699733799822,4,1.0,0.9859090413411302,0.985754195693956,0.0015400956428830727,0,0.0,0.174926836433276,0.17588766079239515,0.008747451827740326,3.950359377966147,3.96557359535717,0.21451401010882842,21.854811093664615,22.209374188208436,1.1598546795260425,0.9680881018046209,0.9850387642140965,0.05524531836138012,4,4,48.5,50.0,4.43471156521669,77.64642416366584,77.5914298296913,0.31663911468930456,147.76901138236258,147.76901138236258,0.0,22.579356433280502,22.54608567038315,0.1112269949003816
front,log-0058,10.0,self-supervised,full_log_excluding_training,3.508392685706265,3.595512708432207,0.4454020861288177,0.05879652102118535,0.057727177405135624,0.007141744970167361,0.1998782480661752,0.19616292862783263,0.024398057841332383,4.731908714131691,4.638760213490363,0.5714089383849361,3.5704011949089853,3.6455416294150096,0.4662049342672703,0.20355278682156844,0.20185263881863558,0.023428144355355764,4.818874141377594,4.773304336758966,0.5477189431492577,7.649976178243579,6.981122954991077,2.5496368242268024,7.649976178243579,6.981122954991077,2.5496368242268024,4,1.0,0.9859060036867512,0.9883179677714602,0.0052695869958353245,0,0.0,0.19990358360229232,0.19619141358034084,0.024389559644952916,4.732508783967312,4.63943354589815,0.5712061957101959,22.006206977998175,21.051518824923406,2.6518560194984073,0.9294449862689713,0.8880043224494666,0.11219313377277755,4,4,38.5,40.0,14.153915830374764,80.48583425668342,80.53020993491762,0.20038688615366648,156.16221917655614,156.16221917655614,0.0,23.676986637269387,23.65893331151776,0.05195019052814614
front,log-0063,10.0,self-supervised,full_log_excluding_training,6.99503454820845,5.938209483685744,2.806211015051692,0.0971457785372632,0.08310642890133714,0.036349086663285846,0.3028198109324895,0.25743188479125895,0.11542504503678794,8.748156526024337,7.481268949562667,3.2480700379528287,15.256174091070157,13.343397315977555,5.720168880114089,0.5887871875427042,0.5026160863088199,0.2373648732577166,17.017362242704994,14.729986730155822,6.7116434011582555,12.581494793375391,9.881565687767264,6.518567651477162,9.643165186272999,7.941788487946194,4.117004816994092,4,1.0,0.9885896795882614,0.9881655492298489,0.0016519424022334403,0,0.0,0.30296158952967706,0.2575216452293371,0.11550833957762169,8.752236382640183,7.483858109428137,3.2503932756643508,30.503051370323618,29.052977594304174,8.745795151517683,1.0567556133217415,1.0071794529657498,0.3164818700005069,4,4,22.75,26.0,8.65544144839919,90.11054278805076,90.24112308749599,0.7206667226323216,144.00569151457438,144.00569151457438,11.21958203111754,28.951327134200245,28.889405547378885,0.4115004089220043
front,log-0071_183,10.0,self-supervised,full_log_excluding_training,2.2750982841230014,2.1317472588806803,0.33094218532081704,0.04606605731624716,0.04346231680317199,0.007812545604315968,0.15584225282220088,0.1470824053988,0.026439352494172758,3.3736269292937493,3.1808576545052722,0.5780875407660541,5.805965317018021,5.661897190616467,0.49538002323783525,0.296012447891193,0.2921306690898082,0.02202187596739755,6.407032034596587,6.341093032097305,0.47943202538376456,8.418055472220189,8.010111358739966,5.0148200043402404,4.631934268740759,4.246020435866278,1.9656135481701662,4,1.0,0.990383706484525,0.9902528715938657,0.0005005015893342243,0,0.0,0.15584390158611447,0.14708332299302404,0.02643911346494512,3.3736625715644992,3.1808774297389735,0.5780821850054406,22.223992959845496,21.808964643875953,1.6483525308532672,1.0267972249800728,1.01061675132267,0.0758289684949277,4,4,45.25,48.0,8.73212459828649,73.2207691831641,73.2474161340567,0.2574262453442181,153.6761142601884,153.6761142601884,0.0,21.643873294528248,21.659023335435815,0.07772422539929617
front,log-0072_184,10.0,self-supervised,full_log_excluding_training,3.1649562113157472,3.338291999811415,0.7566678353179409,0.05821621257793319,0.06035574336010116,0.011314510358578079,0.198993079565943,0.20627315111210992,0.03854025937064811,4.153311029542397,4.304840553796694,0.7864454784815995,4.512261990648435,4.660421020164208,1.0355721972063543,0.2738964834637049,0.2798519608972876,0.06019493338684824,5.716112553694861,5.840531409943633,1.2309242330576895,6.672179381063673,6.617507046045364,1.2931183413644967,5.468634698693455,5.46669518690675,0.8671987661235977,4,1.0,0.988588228030979,0.9888056715308227,0.0012101941944292036,0,0.0,0.19899765668853325,0.20627503645624376,0.03854514719224638,4.153406152769508,4.304879941505854,0.7865459476329497,18.545777741311667,17.89657463454415,2.2403597782738456,0.8874957460613039,0.8577134296358573,0.10192376978182939,4,4,45.75,51.0,11.89887949906769,71.40295481284392,71.31665059306957,0.5049277318986146,147.88969652462026,149.74909046631353,3.718787883386568,20.886843990997505,20.866704698687542,0.13315417194427961
front,log-0073_185,10.0,self-supervised,full_log_excluding_training,2.5320859459390785,2.4576294109431664,0.7775494337717085,0.052669789148846506,0.04987647177666736,0.014912518096439583,0.18532129872958153,0.17529684627848824,0.05276696622086721,3.564835567925263,3.3753955585416584,1.0075285869074784,2.74969328222895,2.604861113856762,1.093579978049328,0.1967012818711895,0.18438113126530448,0.0629002954680849,3.783544101314567,3.5502079544356366,1.2019605014931347,6.655315663641774,6.58311308712339,1.5762005348940453,4.592298782665157,4.483611940184453,1.170190188811848,4,1.0,0.9846465237276323,0.9897787370425895,0.01074197171167947,0,0.0,0.18532586327012615,0.17529934305688774,0.05277225358867953,3.5649232535495283,3.3754435918109302,1.0076300457733727,17.89417639905094,18.364970382400433,1.1706464782944832,0.9298011947963631,0.9541355285283535,0.06021499415997028,4,4,31.5,33.0,10.878112581387146,67.6895663710319,67.6700850796633,0.06577168221487609,147.53985945089536,147.53985945089536,0.0,19.24454333943428,19.241294401807078,0.04374072848516007
front,log-0046,10.0,self-supervised,training_window,2.939259043985511,2.9532853271180954,0.7542469922762642,0.04986323309958401,0.0465670811326476,0.008337663200736367,0.17926439424029114,0.16846592860249449,0.03278858428470797,3.9330241705815645,4.04967121650923,0.9605484155557352,4.080606417775048,4.2669517818225975,0.6499174213288247,0.22265303522690427,0.2164930488464764,0.02294681093536926,4.872445130479254,5.104962846869448,0.8740260639219403,5.133181558414881,5.281999266421005,1.5850881616120447,3.587549482281997,3.742363542918924,0.8016780302390775,4,1.0,0.98975120034098,0.9894921440970368,0.003823158279398679,0,0.0,0.18882891144539887,0.1739173645975412,0.03998854644526798,4.139500626512866,4.1773949249548075,1.0781591821492365,19.3362080321128,19.330781952516052,2.416722090929465,0.8878685887135985,0.8836564397817661,0.05361347999910516,4,4,35.5,37.5,8.582928793055823,78.66765907559282,77.69531242249478,13.715501692858213,108.41352830751109,110.16765826908471,16.557089953345702,21.847142746846394,21.65097050463685,3.133568078905434
front,log-0048,10.0,self-supervised,training_window,1.858462468465754,1.924334922605396,0.17198298016515076,0.03779076454952361,0.03874138695503222,0.005982116646019401,0.13112516092216703,0.13516998911707712,0.013932936289781756,2.464289480352992,2.472911396890928,0.1750865697300838,2.636060405868108,2.3171401611167575,1.001358305806862,0.17041999500795812,0.1490324582787097,0.0529043714498543,3.2146920680049487,2.846091906478516,1.0004273347175026,3.1572534688656457,3.1764650497063567,0.491894847437704,2.693182591013368,2.6578132790892486,0.4929163160447873,4,1.0,0.9949469912354365,0.99517112937262,0.001634999759330276,0,0.0,0.18298007935105032,0.17172598918053533,0.04008701508425366,3.427564360313492,3.303047331346775,0.603196880230821,17.590920557342923,16.96484125008657,2.0914251139086475,0.9305016488715505,0.9041361411495774,0.0636537940491471,4,4,36.75,40.0,8.05708797684788,66.09499138078458,66.41103498391912,7.844822851449165,103.1472538108291,105.40662175915351,11.293065864935476,18.85988374932969,18.76420592902501,0.9585892180130258
front,log-0049,10.0,self-supervised,training_window,2.452726507672605,2.3764857414813507,0.9806705269254169,0.06779782925715659,0.07035337283785548,0.024003805177123454,0.22866523559601343,0.23720641149505728,0.07887667515363955,3.428710372510351,3.142251755500797,1.679813036049206,15.534741318383261,16.59502780611976,4.051775095719635,1.097199122962739,1.1709442501164802,0.2705733841700393,15.928247353471559,16.89151011143032,4.289726451243711,6.73095972541644,7.278846817169212,3.003571477046361,3.902828993755982,3.958064604849407,1.4732746489439674,4,1.0,0.9851814517392485,0.9861196229599162,0.013737854528746991,0,0.0,0.24361259081491976,0.25874775186133175,0.0862496839182434,3.649088324613332,3.435723469661456,1.7853238424144173,12.08381242387913,11.859473171708867,1.522031852475925,0.835029960638934,0.8301321083325042,0.08314082128114972,4,4,18.25,19.0,10.812801055539063,49.477518667409925,49.459654602462734,8.911320650256489,90.05189880774901,87.9909370898862,4.7570881930811915,14.59443218281763,14.140737121679102,2.508876528993933
front,log-0054,10.0,self-supervised,training_window,2.357661740122893,2.3427758460359858,0.5914824011078085,0.05810625871304048,0.05044086980632192,0.017553482325365723,0.1971635689748675,0.1763481702604171,0.05511184785837551,3.2017242662285317,2.933895824083871,1.1391561537748494,2.4207582681590982,2.4205788165702145,0.4931265574251182,0.20284280051507014,0.18374144581969937,0.05688916747091959,3.2835234593149196,2.934313761518351,1.147815711129817,3.9841342331820844,3.4747500001704235,2.3226804264310394,3.6083916157774407,2.7751863931161815,2.2545992940544184,4,1.0,0.9852966274213842,0.9868073192143576,0.005486003806752018,0,0.0,0.2078729687843327,0.18854313167426162,0.05515086467774828,3.3582288871758186,3.002096353298355,1.1115760068026634,15.942744145851757,15.592301048927332,2.891904337747403,0.9938043193091738,0.9722175846620117,0.12058559017224306,4,4,35.5,36.0,1.7320508075688772,54.614469051008236,54.97161993460051,6.938181379994866,89.95317426332636,94.37824572817485,11.44136404351329,16.05828699741207,16.575404454120413,2.230336358534962
front,log-0055,10.0,self-supervised,training_window,3.3776926110833694,3.0759035478033994,1.7413556029770487,0.0720590665809204,0.05734589997342332,0.03629571203705157,0.22675579418315925,0.18381647196221002,0.11124622212067095,4.095003009824339,4.129220138072522,1.606639307856514,3.6331859927804446,3.176012292076536,1.6185629706057763,0.27161583783924104,0.19405293049183003,0.15823728690692263,4.802942575071697,4.328739475483577,2.1498615610380827,4.827039915063057,4.74833063310793,1.386412567742381,4.414590551078185,4.484249104099839,1.3390191399689513,4,1.0,0.982411614694494,0.9852466669390387,0.011845933832996806,0,0.0,0.27726062417550584,0.21408950058228465,0.149949541163057,4.856485753904105,4.201395743030556,1.9208825193783228,17.183411159307315,16.195405570404738,7.056697304939717,0.8969447189450845,0.9213158521144909,0.16674828124976138,4,4,25.25,28.5,12.120918557051139,59.03435835379999,57.57741842270591,15.467136875325881,98.23921469573436,106.98425311950231,29.881950449073145,18.653916522469,18.03031116531121,4.677462513176638
front,log-0056,10.0,self-supervised,training_window,2.293413693173935,2.2775812825456576,0.04852270785531166,0.03996171085507276,0.04010705847573158,0.002376137761241753,0.13826701585610457,0.13607370382468778,0.01082516086770632,3.156014605911189,3.1639089522624375,0.047688597804321796,3.6778787767620384,3.767391983882111,0.40261929683756587,0.20010522453615967,0.20165609161396952,0.014095363471066581,4.580150970777855,4.680417746234717,0.36711524737826123,4.507717834751303,4.1116592337588225,1.1622150206262618,3.636403977062319,3.6780260404311775,0.1779506848804313,4,1.0,0.991409291012717,0.9915199984786309,0.0010367329865320866,0,0.0,0.1457966438596214,0.13801942021793479,0.022831152065628607,3.3111193957955276,3.227184746556916,0.20668799795219525,22.47810290849378,22.825971716337516,3.0678564897313594,0.976497041949274,0.9805846645155969,0.05029450838482985,4,4,48.5,50.0,4.43471156521669,79.2277254961579,78.6585567355998,5.704771100637495,124.85405613912482,124.74962016485593,8.890526283812948,22.946677280127115,23.281878542792697,2.0666819509428374
front,log-0058,10.0,self-supervised,training_window,3.2712284471552007,3.2691884504134476,0.4059310261117759,0.05585701107570644,0.05531185737144814,0.006654391101370993,0.19576787074797067,0.19442241029806,0.017357004676035275,4.667604574746232,4.7800800959149505,0.8411374452010586,4.6554773618123,4.2516150978713245,1.4356256266048588,0.25254927638743524,0.25005703924544337,0.04770671589249573,5.949365115957951,5.619942257683231,1.087497964548532,8.14058691254855,7.232373818670796,3.39606935415708,5.347611338753134,5.294971605497265,1.107203531280794,4,1.0,0.9888770974809299,0.9878902862504476,0.004282340507761112,0,0.0,0.2349544705463728,0.23679347306714627,0.02891475981735757,5.550734650189373,5.364620735069552,0.7595299754446231,22.13084436869896,21.00587973064826,4.5251960946653815,0.9302130480055114,0.8871267837049508,0.1284052012085463,4,4,38.5,40.0,14.153915830374764,83.13751331930904,85.28088027237295,6.89279192540801,129.70327703500772,132.37138835834003,18.869055264381487,23.701981633020175,24.585474095985212,2.438914867656267
front,log-0063,10.0,self-supervised,training_window,5.430123720772331,2.4733918701953987,6.449532952095489,0.09623483766324353,0.059676427401942664,0.08132056994194821,0.2780240993436836,0.20068140650294355,0.19717119509152117,6.4980004516332635,3.098236608803757,7.0265396191466625,15.799810311185936,15.603492974316207,2.3088645935067427,0.8872740834166395,0.8391220628948172,0.23676365174695882,17.14637394907778,15.891744282361637,4.255898827365333,10.905669813103627,5.630203385674935,11.92375289911401,5.698651876584034,2.9638696671469233,5.869649740665235,4,1.0,0.9856526224867378,0.9870397930977911,0.00973320746248578,0,0.0,0.33976878482070444,0.2644976978099525,0.182994278643579,7.710240497101472,4.296136566661019,7.088987333119201,24.471858491089755,19.24897094017773,14.89667448035945,1.138781288481611,1.0321554458693671,0.27307829284386387,4,4,22.75,26.0,8.65544144839919,60.345670420501534,57.87265897266824,13.228068682367383,115.31003829229576,114.44061403655947,41.493841717455616,20.244527856370336,18.505773733402552,7.036666541887982
front,log-0071_183,10.0,self-supervised,training_window,2.2803368465790164,2.0701492760143707,0.7981980930152924,0.04640648432029076,0.04713357832884018,0.012052965219406039,0.1586228610154555,0.15492013161793378,0.04143926382374623,3.2871029727881806,3.004872149256574,1.1302122542273985,5.389756494855508,5.566431062087115,0.6292421536382461,0.2930296721183833,0.28374711424316434,0.02616674878369278,5.971537178667612,6.006483109884322,0.41914663688929515,6.109767046322984,5.410856838323051,4.015830218457741,3.16705403973381,3.269927133013204,0.9606289789317882,4,1.0,0.9888010376177566,0.9913012578535829,0.006683626947528745,0,0.0,0.16169932266187215,0.1569293688200593,0.040923076169182844,3.3521798254039457,3.1103438854715995,1.12701552668313,20.353212879561685,20.87604114131048,2.2226043855525512,0.9951098301646819,0.9589734442453077,0.0755890267478682,4,4,45.25,48.0,8.73212459828649,70.58122083133988,70.62660358054606,12.275199723476824,110.16658611292007,110.82668232548784,11.260411829044694,20.52755215474714,20.356160440387434,2.660010501656379
front,log-0072_184,10.0,self-supervised,training_window,2.9329985506398,3.07334183274268,1.275120246116898,0.048653916493250446,0.04846404531346663,0.013712033248905874,0.16688549440614456,0.1645224810512281,0.04999269486832018,3.6552056864803633,3.842437639934845,1.4650863660044309,3.9116262647971385,4.080198536979536,0.8295353310918906,0.22577201710268296,0.22502228220314854,0.037401820348320035,4.860374865271083,5.105546764002553,1.271704530753594,5.148378031007511,5.499369222900361,1.085770562069184,4.015342591061036,4.355802823184628,1.9797003549973686,4,1.0,0.9923814500454458,0.9922165530585557,0.0006210940761813264,0,0.0,0.1714330865452237,0.1712596808415608,0.054598936651121005,3.7623667947436408,3.8891932638916487,1.5849794076431296,19.1794032697437,19.147412673832754,2.9106181971059857,0.9024818109756946,0.8906061731700352,0.09330519996389876,4,4,45.75,51.0,11.89887949906769,73.48783218392147,79.11545066918956,14.47408999583356,117.27216982368603,113.92281051791298,23.66686533677091,21.465517200601237,22.881853346696232,3.9956005557234464
front,log-0073_185,10.0,self-supervised,training_window,1.8434945746695082,1.7071350939646233,0.8590551181153033,0.05467058394504215,0.05657014913379689,0.013789736820191857,0.17104781538614267,0.16948066912324306,0.04664288494709943,2.289827495618097,2.113448453917524,0.9538417240396625,2.140899338199585,1.7465794290342118,1.3971457351336134,0.20143067725341549,0.17426832102331635,0.09434876815879915,2.7464297186968514,2.168807906972863,1.690914915649055,2.60934066290244,2.8549940509116443,0.5737301481290933,2.3069331269333446,2.4340057565038764,0.8987439529706875,4,1.0,0.988507559984431,0.9896022094251842,0.006255833824192103,0,0.0,0.17996875225588613,0.1753074211776488,0.05537079160001456,2.418502780350726,2.1858979340865505,1.093656027942378,12.510883664215168,11.930257555448307,2.9478058640217615,0.9543501270174773,0.9305851850363087,0.09118878263834759,4,4,31.5,33.0,10.878112581387146,40.85542311347342,40.75590095568317,8.250933229498289,78.61093449723055,75.06588654041225,12.255161195126606,13.033748469055444,13.265083768445283,2.1545816386244927
front,log-0046,120.0,self-supervised,full_log,2.238513875832377,2.2488113395611378,0.3418541477431397,0.049207190450211824,0.048659514202149104,0.006089415545539436,0.16388274133762934,0.16205872569932867,0.020280574924445457,3.3319572547195833,3.2948725556893357,0.41233145234112806,4.35164331786128,4.333187624232298,0.38445788393808816,0.2618723203806204,0.2598004580630263,0.02817560918230115,5.324217611815799,5.2820938553815235,0.5728481513968677,4.283360663311918,4.267521093973658,0.49258910779349296,4.3629531666557595,4.293518644329833,0.5406569203023867,4,1.0,0.9868729973664504,0.9870293975312887,0.0030011018535099254,0,0.0,0.16388274133762934,0.16205872569932867,0.020280574924445457,3.3319572547195833,3.2948725556893357,0.41233145234112806,20.68974057702925,20.71195467687357,0.2328685559253784,1.0176275216391688,1.0187201249652404,0.011453669539826633,4,4,197.5,200.5,21.142374511865974,67.71281238035488,67.71281238035488,0.0,164.92645015628375,164.92645015628375,0.0,20.331349277683387,20.331349277683387,0.0
front,log-0048,120.0,self-supervised,full_log,2.9040832386632784,2.8545596345101676,0.5100962885112618,0.05535551788509398,0.05498840064268825,0.006607761547679988,0.1844622019686835,0.18323885048536068,0.02201916433514688,4.365867976499583,4.336913583631883,0.5211515606672642,3.0462559234733653,2.951681063669077,0.6826893676969712,0.19450336614079258,0.19101151020680374,0.03344935943026362,4.603523152670735,4.520877592561135,0.7916824455766012,4.896888413913412,4.796867992844385,1.0959078254180694,4.896888413913412,4.796867992844385,1.0959078254180694,4,1.0,0.9842676975966484,0.9843917991224111,0.0025140544398834066,0,0.0,0.1844622019686835,0.18323885048536068,0.02201916433514688,4.365867976499583,4.336913583631883,0.5211515606672642,22.651924090208652,22.759250004863066,1.405635157467108,0.9570659990175623,0.961600624125793,0.0593894633797121,4,4,226.5,201.5,54.45793483659352,78.8696076434905,78.8696076434905,0.0,146.71012738680676,146.71012738680676,0.0,23.668089884564996,23.668089884564996,0.0
front,log-0049,120.0,self-supervised,full_log,2.100831961164195,2.079781065469138,0.1589896949680405,0.04421219007828714,0.04428855863448124,0.0003726971780148603,0.14701388629285705,0.1472678261727135,0.001239288541312362,3.3655802558343115,3.371393686574529,0.028370959717464592,7.005591534890154,6.5561364773592254,1.019323572666154,0.33191789975210173,0.31157553772866786,0.04391959281855863,7.598576965296795,7.132880467438625,1.0054486563260467,3.3331258800309764,3.2885239082037705,0.19963995007333504,3.5247795979779637,3.5557818813981763,0.12764423367507943,4,1.0,0.9894344129233275,0.9894550031841522,7.148096563692921e-05,0,0.0,0.14701388629285705,0.1472678261727135,0.001239288541312362,3.3655802558343115,3.371393686574529,0.028370959717464592,23.17922365272059,23.174831637371717,0.20973392644890965,1.0125052714254836,1.0123134212255138,0.009161510726497504,4,4,162.0,169.5,47.36383993441974,76.12335534328501,76.12335534328501,0.0,124.13560881540509,124.13560881540509,0.0,22.892941209172253,22.892941209172253,0.0
front,log-0054,120.0,self-supervised,full_log,2.6881477403297795,2.6371810950754,0.21105572930972688,0.058112973393287144,0.05677348719615602,0.006351885597159325,0.20302038297432962,0.19834082547019058,0.022190608589533582,3.66400481717804,3.5795506309222933,0.4004844024870351,2.8561900925597765,2.798372710088219,0.25113322753850076,0.21283190669975655,0.20734452419461125,0.025746630075386245,3.841078023656852,3.7420446377574024,0.4646616031368842,4.948719043016766,4.923727908795936,0.8390770473573453,4.042365902463227,3.9320867955380887,0.4085534636774304,4,1.0,0.981321810812934,0.9820660813732996,0.0033307606199362576,0,0.0,0.20302038297432962,0.19834082547019058,0.022190608589533582,3.66400481717804,3.5795506309222933,0.4004844024870351,18.895261724052578,18.84178139303533,0.2867758224454989,1.0469754989492261,1.0440121848089685,0.01589008208387256,4,4,252.5,251.5,9.539392014169456,63.049687586649696,63.049687586649696,0.0,135.33135455623437,135.33135455623437,0.0,18.047472689682227,18.047472689682227,0.0
front,log-0055,120.0,self-supervised,full_log,3.4534162791459924,3.413190070851164,0.09843812774997328,0.06309986290588446,0.06236147328240791,0.003208217689848144,0.20606713725377349,0.20365575585165135,0.010477173873103117,5.033857441111294,4.974951638001694,0.255938915665075,3.4924119871853834,3.4348265389471546,0.12006297818275027,0.20774906926923825,0.20392556023995692,0.012769620947299153,5.074944079690952,4.981542484294879,0.31193936249315946,5.274714819515875,5.286959480105898,0.07800232594175292,4.74032079444974,4.692362446853325,0.21465315394334608,4,1.0,0.979300487075293,0.9792802521070643,0.0013275695332979416,0,0.0,0.20606713725377349,0.20365575585165135,0.010477173873103117,5.033857441111294,4.974951638001694,0.255938915665075,24.764302571043814,24.564340494729507,0.533204752894143,1.013757142827366,1.0055714496273787,0.021827391475501386,4,4,260.0,265.0,20.704266871026046,79.77604402436594,79.77604402436594,0.0,143.32322178319504,143.32322178319504,0.0,24.42823978726921,24.42823978726921,0.0
front,log-0056,120.0,self-supervised,full_log,2.7539904517555884,2.763161476377272,0.04875482652670571,0.05443998881552238,0.055124229460690906,0.0024207618104830787,0.18689606391068125,0.18924510707053657,0.008310634588440264,4.236851218407561,4.290102989288522,0.1883984153812928,3.679465395386244,3.6690300550299035,0.07912628041172978,0.22066203862410666,0.22051722830703852,0.002082946182615342,5.002310951008807,4.999028165082393,0.04721946993976691,4.375958049043762,4.367881313815145,0.04600370362918476,4.426990959341514,4.476061047708798,0.17344689265987928,4,1.0,0.9827682951613688,0.9823074828038214,0.0012270681007254195,0,0.0,0.18689606391068125,0.18924510707053657,0.008310634588440264,4.236851218407561,4.290102989288522,0.1883984153812928,22.826075549174195,22.872909163092643,0.37519998143648514,1.0069042915960433,1.0089702168902905,0.016550828928138715,4,4,321.5,319.5,9.327379053088816,77.82608539404247,77.82608539404247,0.0,147.76901138236258,147.76901138236258,0.0,22.669558308260456,22.669558308260456,0.0
front,log-0058,120.0,self-supervised,full_log,2.8874608957605137,2.874904874135658,0.056061121507915666,0.054191750190848736,0.05234547715970599,0.004670557179398784,0.1845083260602042,0.17822226323280776,0.015901990319642074,4.374194997907931,4.225169394764361,0.3769933205630088,2.8829590789530553,2.8701691795529385,0.053476621597375706,0.18511090463419927,0.17853112853729947,0.01672257079276014,4.388480511415629,4.232491758468935,0.3964470713911572,4.857516781179109,4.7215248806266334,0.401753282467027,4.857516781179109,4.7215248806266334,0.401753282467027,4,1.0,0.9836585040148618,0.9840596783952216,0.0014842869516888543,0,0.0,0.1845083260602042,0.17822226323280776,0.015901990319642074,4.374194997907931,4.225169394764361,0.3769933205630088,24.008599842725907,23.706973423724698,0.8248405753227109,1.0127089830584362,0.9999860510236127,0.0347926770279144,4,4,327.5,323.5,32.39855963876584,80.71699073204307,80.71699073204307,0.0,156.16221917655614,156.16221917655614,0.0,23.707304116350024,23.707304116350024,0.0
front,log-0063,120.0,self-supervised,full_log,3.4216195532892355,3.415063014317907,0.08106677072823784,0.05186241095593022,0.0518343387597318,0.000908699441009923,0.16197697828008537,0.16188930303649185,0.0028380552871840534,4.653762206206676,4.6512432078935335,0.08154019524789503,4.561060748249789,4.745766769801984,0.5805111789252857,0.20603672983286078,0.210086568142613,0.014759565225088866,5.919643375051592,6.03599932061432,0.4240572182164596,4.392922792519801,4.407785899819599,0.38016930244732966,4.482508416147631,4.491343566536061,0.15385279924983175,4,1.0,0.987145192715829,0.9870593668768581,0.0006675124778484957,0,0.0,0.16197697828008537,0.16188930303649185,0.0028380552871840534,4.653762206206676,4.6512432078935335,0.08154019524789503,27.627223238781298,27.720801129676968,0.20515987425988355,0.9615820362542205,0.9648390707414765,0.007140712186071311,4,4,174.0,172.5,7.2571803523590805,89.7328550761202,89.7328550761202,0.0,153.72213457336557,153.72213457336557,0.0,28.731010144908,28.731010144908,0.0
front,log-0071_183,120.0,self-supervised,full_log,2.2174751957062515,2.2694696514287513,0.12674072104722744,0.04724434940370933,0.045340350432373416,0.0059150248283514765,0.15990450597475328,0.15346017943135498,0.020020153413980165,3.460164889827949,3.3207164589777656,0.43321500860620255,6.071775009416003,5.970471274064009,0.5869215115764956,0.3119795674605715,0.3018703784704103,0.036922989935782795,6.750908857072593,6.532156667475674,0.7989745668795464,3.8446376300933403,3.6882505048294565,0.47460364228815316,3.5905573117692855,3.340218657976373,0.6750033747559147,4,1.0,0.9887968326923704,0.9898397052164806,0.002924195564842105,0,0.0,0.15990450597475328,0.15346017943135498,0.020020153413980165,3.460164889827949,3.3207164589777656,0.43321500860620255,20.91741168317873,20.511931144244507,1.3306633995087551,0.9666557773885571,0.947917316267452,0.061493911501920726,4,4,329.0,323.0,29.23468259904093,73.23976165404193,73.23976165404193,0.0,153.6761142601884,153.6761142601884,0.0,21.638945498973378,21.638945498973378,0.0
front,log-0072_184,120.0,self-supervised,full_log,2.5481076855434037,2.5752657127006913,0.345530439989158,0.05893718106773649,0.06157192608898489,0.01294775306438945,0.20131771482464636,0.21031748096910663,0.04422695507002476,4.219439462501144,4.40806652125896,0.9269574696457933,3.209380764131141,3.218084608909738,0.08406285661990584,0.2190072093973643,0.22188585886200568,0.02666764378327083,4.590195466446646,4.650529387683511,0.5589299910793578,4.4935989110703165,4.656134389367812,0.7769732637387967,4.6957436777396815,4.9345456296071415,1.0539827419196974,4,1.0,0.9828708147563736,0.9819126506664776,0.005265552386729696,0,0.0,0.20131771482464636,0.21031748096910663,0.04422695507002476,4.219439462501144,4.40806652125896,0.9269574696457933,22.184106844189888,22.510876104108206,1.0629903174743633,1.0584471551230112,1.0740379560496116,0.05071734847638099,4,4,305.5,325.5,59.174882058747414,71.59214923516183,71.59214923516183,0.0,149.74909046631353,149.74909046631353,0.0,20.959106684557796,20.959106684557796,0.0
front,log-0073_185,120.0,self-supervised,full_log,2.515894746998187,2.3571148965036617,0.42573962382039154,0.05514829875570408,0.051589588684531305,0.009127827808918552,0.19434348986872974,0.18180253846556105,0.032166611687592474,3.7104471957748344,3.4710126873296767,0.6141317839585094,2.738860399523122,2.5619056525931785,0.5102958894026044,0.21744001734826993,0.19955261918500783,0.0470886343616118,4.151411005143914,3.8099009993319686,0.8990262109521876,4.747582160093912,4.69744178226194,1.0422676045560317,4.503267495961904,4.305210491098075,0.6823274076701421,4,1.0,0.9851847122667934,0.9849722188999235,0.0023665123473019935,0,0.0,0.19434348986872974,0.18180253846556105,0.032166611687592474,3.7104471957748344,3.4710126873296767,0.6141317839585094,20.32109756104144,20.21336172698917,1.173587298924179,1.0643657784627276,1.0587228581167707,0.061469423846877376,4,4,143.75,146.5,16.700798384109266,67.28126305783923,67.28126305783923,0.0,147.53985945089536,147.53985945089536,0.0,19.09221244447691,19.09221244447691,0.0
front,log-0046,120.0,self-supervised,full_log_excluding_training,2.2336738884853196,2.2872530847356414,0.3024571292024236,0.049112394749842726,0.04756543850918767,0.0073790974354533915,0.16327432529263602,0.1606590103166426,0.02247705545991649,3.3055424897672294,3.31586516343652,0.4117899462456168,4.3335145251131575,4.3111662171370355,0.4247516435869744,0.2613921845264737,0.25747925960834017,0.03436301594729856,5.290278648616448,5.25433371364504,0.6089020855320388,4.3044775640594235,4.219499733520436,0.5260331185492215,4.3145618328352136,4.175458267803774,0.6179016532411918,4,1.0,0.9869109360331626,0.9872506397757775,0.003305875718077207,0,0.0,0.16331251494518575,0.1606599100885441,0.022440634145715354,3.3063035490880455,3.315884207738283,0.4108705532357196,20.5995704556288,20.512966973546476,0.4343734694723298,1.0162071743655643,1.0159775162996763,0.012532224256533863,4,4,197.5,200.5,21.142374511865974,67.51561796427578,67.30528023047802,3.0290033845459177,160.35497250171244,160.35497250171244,5.278687708922194,20.27571314934053,20.058806559625758,0.6147547744252522
front,log-0048,120.0,self-supervised,full_log_excluding_training,2.781757994236532,2.7758384176532562,0.7413416519796023,0.05546751743593531,0.05424226879048615,0.015017418928662598,0.18899458475096825,0.18650880529540617,0.046054313886157376,4.189890695514929,4.179203746324598,0.910324236281837,3.0576106989645178,3.0018507650318322,1.0772582112708011,0.20630184026882847,0.20687442817070711,0.06420800567127263,4.568645652782574,4.540231051369252,1.313670396085343,5.086691659900614,5.024256123264714,1.3038621782894813,4.745829117164787,4.647920489450162,1.1275736756104493,4,1.0,0.9832109340531185,0.9850213429527018,0.00842300345464791,0,0.0,0.1916628764082915,0.18933045362609102,0.0450525545909471,4.249764394217128,4.242880522026185,0.8862356343550772,21.72006767332176,21.807521152131518,2.255429689338647,0.9736555368060471,0.9852016994826802,0.07913269222768089,4,4,226.5,201.5,54.45793483659352,76.39547833805693,77.52537518179473,4.409837675076678,144.96819012428878,144.96819012428878,2.01141589485239,22.280665908528018,22.460740107479257,0.6642504643632987
front,log-0049,120.0,self-supervised,full_log_excluding_training,2.1744664947763,2.244679023803995,0.2269237119780968,0.045555235250039905,0.0457002691043017,0.0009964750999156475,0.14584767890430878,0.14597799446029924,0.002056206237634241,3.387475659015485,3.5773875505260655,0.4426455353041044,6.886036319895854,6.409035032104039,0.997157604032926,0.32718570861380175,0.2834676554112906,0.0889246556277872,7.407422234161551,7.0433382069586425,0.9245059058056001,3.5617004768610467,3.519867988509716,0.28889807419638847,3.5617004768610467,3.519867988509716,0.28889807419638847,4,1.0,0.9894359219287445,0.9893938237622243,0.00020603085999757958,0,0.0,0.1464537854797757,0.14612359447774534,0.002808092747142207,3.4017582831415742,3.6028758290092187,0.44755854334365547,22.9422548680383,23.77450511261953,2.809357023461467,0.9888733840179502,0.9972413779429448,0.01859519007049958,4,4,162.0,169.5,47.36383993441974,74.2518972515164,77.50496614198387,8.5913926637633,116.32903259571981,117.33690242938806,2.0157396673365184,23.20521767439687,24.28308508564939,2.8330051936774012
front,log-0054,120.0,self-supervised,full_log_excluding_training,2.7178364228617236,2.6572377004190737,0.2344318272021022,0.058307702144058685,0.056825285244964156,0.007553399592682387,0.2055636227316408,0.2007978850661884,0.02434783448450809,3.686532916058677,3.578839829569321,0.42698473417199895,2.863309956308853,2.796330351407546,0.2657034902567335,0.21456823379730547,0.208883574487379,0.027777421728068123,3.847949876256403,3.7242754746550224,0.4884854213765153,4.953322397381685,4.932092136513141,0.816779304811466,4.054459645798732,3.9264821314663854,0.4315904644215422,4,1.0,0.9809547328437884,0.9816744594191634,0.0038257763267281752,0,0.0,0.20558383484640455,0.2008211455785783,0.024345903822271867,3.6868949320037157,3.5793453578033843,0.42694029191849037,18.829200366914762,18.770514073770272,0.2825108743525496,1.0496434064154028,1.0470548579371655,0.015039393412926344,4,4,252.5,251.5,9.539392014169456,63.31323600505549,63.21799680812251,1.09246243984117,135.33135455623437,135.33135455623437,0.0,17.939173117682447,17.949795218807907,0.17469538260491083
front,log-0055,120.0,self-supervised,full_log_excluding_training,3.7409994358361924,3.7551721935314957,0.07339566241558798,0.06935058641875982,0.06929608688709508,0.00432345532137965,0.22481962682812306,0.22691050596538587,0.01609823087305663,5.515660933400287,5.45381307063826,0.21100251884464447,3.8301981952866893,3.8311843240689054,0.056456349978765114,0.22838633934216582,0.22830125850223065,0.016092545336462892,5.604421583572307,5.48736093017606,0.23966613151127086,5.833457777908065,5.815612703327966,0.07199378097363819,5.1795735892627,5.1541887275319285,0.2452711992636103,4,1.0,0.9756665369587884,0.9745596039564196,0.0030831690810233254,0,0.0,0.22567488453468496,0.2274034833025031,0.015079943252539633,5.537543370940939,5.4657171446998305,0.19200409381258954,25.18439645384513,24.9353179899828,1.2528792225659162,1.0242646446028452,1.0197509457632747,0.01962614597619462,4,4,260.0,265.0,20.704266871026046,79.63474107442437,78.89782089908036,2.474574076348161,131.35489366984413,130.57691432944983,1.5559586807885923,24.587279151866227,24.241566864514937,1.1171191464542847
front,log-0056,120.0,self-supervised,full_log_excluding_training,2.552811535237821,2.5261511961383,0.11783425305320566,0.05318864163808028,0.054085235798426556,0.0034209226084207615,0.18472387787236416,0.18803305096225276,0.01210313039843152,4.122096203641622,4.151289903144415,0.15657846445237125,3.345120691992979,3.1981489725616545,0.3581750009907126,0.2078758353746693,0.20560866063530547,0.005945058043402624,4.648780616329204,4.532549438355577,0.2834497112952408,4.277319385534733,4.2920100417371785,0.07628813587107713,4.319246558765997,4.351167470366494,0.1883620796076306,4,1.0,0.9843860826012338,0.983925720325475,0.0010068308437923398,0,0.0,0.18749218989114705,0.1912889632362586,0.013973206621507205,4.182904374121681,4.22303377598797,0.19363473377328522,23.08595897957807,23.151222396837625,0.19876004933446897,1.0337432902938355,1.0427599571384416,0.03194946186636619,4,4,321.5,319.5,9.327379053088816,77.60976833880103,76.75188756600156,2.436700611482794,145.91495985164212,147.76901138236258,3.7081030614408945,22.348260945998582,22.076322334548692,0.7121850907094224
front,log-0058,120.0,self-supervised,full_log_excluding_training,2.887196629819997,2.880732278248882,0.31096741826777413,0.05373010077747306,0.05168752609714165,0.009237300172854752,0.18403000071584236,0.1771353829537312,0.03315514028733837,4.364976857567704,4.209373494177209,0.7184662836753215,2.887895056198687,2.892885689273821,0.3009477266199731,0.18513599950190965,0.17799484441266716,0.034424379054217066,4.390912486955768,4.229574644559808,0.7481420597565084,4.87023505342253,4.790656264928702,0.6348915910223027,4.87023505342253,4.790656264928702,0.6348915910223027,4,1.0,0.9839073614862341,0.9840530388425244,0.004233382193814961,0,0.0,0.18417335770091914,0.17732227701408515,0.03317949189415732,4.368371790713198,4.213799722135685,0.7189617981760261,24.077770849274565,23.79155091300205,0.8949846107063475,1.0133943790662747,0.9919892209176109,0.04737358037690518,4,4,327.5,323.5,32.39855963876584,81.31351948932925,81.33947181814912,0.5967650001238795,153.58356136306935,156.13231334615836,5.117460604936911,23.768798303193122,23.7576430093353,0.392565004052326
front,log-0063,120.0,self-supervised,full_log_excluding_training,4.123148194415791,4.340665839597058,0.6139699257754311,0.055605653663662324,0.05924274723783155,0.010001633333796752,0.16891898715663278,0.17750708484490563,0.024042026873868666,4.997332279274447,5.200953609655315,0.7625908377331143,5.3182975738175085,5.810983760182565,1.2865681363886576,0.22760581896551524,0.2483467569222675,0.05171560807653867,6.753938180392572,7.212509328067194,1.699412764021951,4.7272790258426065,5.031230886164276,0.9588890170851522,4.697249597140365,4.852991611588115,0.8061389491658656,4,1.0,0.9882654550443712,0.9891905137752279,0.0034028424554799663,0,0.0,0.17500942637668834,0.18746129173068277,0.026459664073291162,5.184774831398,5.383439723424619,0.8977147809049453,28.177597513758435,28.147907871248986,1.236345785128007,0.9551573123823982,0.9521241656211351,0.07647219415635213,4,4,174.0,172.5,7.2571803523590805,90.30996028842168,88.94942671168167,3.67993421261469,122.26890192430403,121.80648340837152,9.06919073711122,29.601048744146496,29.646947866321973,1.9968832266696366
front,log-0071_183,120.0,self-supervised,full_log_excluding_training,2.195866593259347,2.1423152337094864,0.18438733213706263,0.046274049127992135,0.043618012414376656,0.008729715037133491,0.15623936829614166,0.14692046388595567,0.02928874192118281,3.3755404363353945,3.1309502141448404,0.7055679744290014,6.07223947380172,5.994609995295415,0.6021389203074758,0.31275517277377485,0.30628447327980257,0.03562557377838045,6.7505118025463275,6.529595587341646,0.9081848246949127,3.82896167691699,3.5610513561150547,0.5869037625352673,3.5675977880263208,3.20967333623656,0.8233547858312253,4,1.0,0.9893619980024403,0.9903830580126953,0.0044534856719622585,0,0.0,0.15629467647747594,0.14695433891359477,0.029240627097585365,3.3767265706265173,3.1316807240307254,0.704600371801369,20.853393431917823,20.071402473578758,1.8135330510769536,0.966715397840514,0.9409219456192504,0.06294367529944231,4,4,329.0,323.0,29.23468259904093,72.77893322220298,72.76681952241783,1.7665578825395942,148.20556956541836,152.7671881721124,9.738618284374096,21.550137646812868,21.47244576636013,0.4810788497777194
front,log-0072_184,120.0,self-supervised,full_log_excluding_training,2.540925624265808,2.5383377391879107,0.3296550645130175,0.06221038801347049,0.0656323665002714,0.015419790718013872,0.21177367631147606,0.22270962993161447,0.05212003624903016,4.23212030746867,4.3854275714928725,0.9331513050954097,3.1412366053319642,3.0811006837308668,0.1418629742378838,0.22984829283402589,0.23256073894875198,0.029952240642994715,4.608665292461257,4.6250956539350465,0.49359511433912323,4.548555135759713,4.723424799240625,0.884274246740459,4.759875964440407,4.97062554373252,1.1160753072608836,4,1.0,0.9826432672175318,0.9816414967256049,0.005400796946865373,0,0.0,0.21245173198627984,0.22314183457815284,0.05233882006648874,4.245768098388724,4.393930763362929,0.9375303068133233,21.548371550006085,21.57996051940777,0.7207116744972863,1.0736978269836297,1.0957593218888293,0.0696166580370767,4,4,305.5,325.5,59.174882058747414,68.49117243860539,67.10375518431336,3.137313049934064,147.88969652462026,149.74909046631353,3.718787883386568,20.104777450242878,19.731769189761682,0.7879185145283275
front,log-0073_185,120.0,self-supervised,full_log_excluding_training,2.5179411556167914,2.402436068818577,0.350986923606229,0.05240895940086573,0.04784228919507737,0.01145969512157191,0.18688622674002178,0.17113790390842248,0.041625432494292826,3.709691242918061,3.536918924713804,0.5221146827801946,2.8165179103879994,2.662846085238661,0.4498886671102081,0.2123324172629704,0.18770380983937568,0.05992939756044149,4.201396341673794,3.8783397789965894,0.8294093796631384,4.635309317276167,4.574092634075652,1.1250595838191992,4.396229367012196,4.227370694473314,0.7270678262480857,4,1.0,0.9864638982163884,0.9872812660024763,0.002717033761204855,0,0.0,0.18704341838728517,0.1711440509242554,0.04154933182820933,3.7129156358571795,3.537047328233064,0.5201038694566832,21.219933672778094,21.069441569697112,0.7342714839056899,1.059861353620277,1.0535176619156732,0.07100459103581469,4,4,143.75,146.5,16.700798384109266,71.5610733446091,73.67024555398166,4.785622575929371,145.71364047728412,147.53985945089536,3.652437947222495,20.08466685535319,20.676123647538162,1.4070112363845553
front,log-0046,120.0,self-supervised,training_window,2.2589140471916824,2.3323224731888654,0.5159246898735502,0.05074796889436724,0.05040858493706107,0.004425752845724113,0.167393296370348,0.16585873671109352,0.016133898574571964,3.3791012347379628,3.5239487444940325,0.5406406745712103,4.397944366673292,4.48777291332711,0.3320423936381702,0.2685771008908445,0.27079508956608345,0.014896955214787457,5.402396231822075,5.559667995432431,0.5726723359511596,4.247347432089759,4.281329645625499,0.4276440259635308,4.506429089934338,4.5051620307984965,0.5010605789784437,4,1.0,0.9864458340571403,0.9866344127281942,0.0025840597312855743,0,0.0,0.16759946788605612,0.165914584264937,0.015936312353529207,3.383485951256718,3.5315540050466216,0.539983773458313,20.56949507304158,21.4272120541821,2.2186160913434474,1.0211587083425624,1.024994057394046,0.010121144377229808,4,4,197.5,200.5,21.142374511865974,66.5788307962126,69.19048635462521,8.951778210642336,149.50809366311154,154.53432912344957,19.282895992720672,20.12852929480549,20.901807816914946,1.9900213440100494
front,log-0048,120.0,self-supervised,training_window,2.875372388125724,3.059060841436411,0.38292363690618286,0.05254482168301583,0.05573124773558981,0.009883376714980215,0.16647048566585432,0.17308025412895597,0.02347624395656944,4.153415150744429,4.4244431102865125,0.5854983833823235,3.015818074444262,3.1846425538064906,0.5259828404212984,0.17860265799363917,0.18611677749939567,0.03515658453170588,4.4497737870114085,4.74102563714858,0.8235668011659377,4.231343028225743,4.0245861008952994,0.5826145190959281,4.189349673996172,4.087396879610828,0.34429461564077674,4,1.0,0.9875338598074618,0.9859873385365823,0.005734196447318634,0,0.0,0.18229652176971345,0.18756594597652687,0.024343138261014904,4.545546488971099,4.781574740459371,0.5813784044137115,23.41729942933661,23.398332619058657,1.1864644036851864,0.9383532847593243,0.9413311326186912,0.030071466311868512,4,4,226.5,201.5,54.45793483659352,79.70217311411692,79.7139499214974,5.549054373984493,144.89706308094026,144.96819012428878,2.0967658555652555,24.96640509067615,24.344099174631385,1.3132058690055826
front,log-0049,120.0,self-supervised,training_window,2.088991347154769,1.8543952499137568,0.48107836922873515,0.044901278201310485,0.04480274771192795,0.0036749174527583458,0.1546087793460569,0.15506715366538298,0.010892869852474424,3.2644295975992152,3.0662606091957914,0.40634222549324955,7.135585457138582,6.738333208896238,1.070670737232262,0.3685522034543045,0.35716910852967987,0.026744191291285677,7.796621011759016,7.345869886044786,1.1288319275214393,3.498344861055751,3.657810673534175,0.3594713393580291,3.666756017362566,3.740081029662602,0.42892211828579857,4,1.0,0.9897356267545787,0.9904822248566858,0.002545538299302368,0,0.0,0.15549809627898664,0.1553257602518352,0.009730386893212739,3.283496293332555,3.0998844679577595,0.3958148807074585,22.014182987406215,21.990693423023572,1.1932468533778722,1.045425076446448,1.0573557914834968,0.027413264048335443,4,4,162.0,169.5,47.36383993441974,72.62027416942094,72.04470132306973,4.978491935737374,121.28785761104716,120.36633717738161,1.9001202350219295,21.086815539184578,20.801291576617523,1.6345050084161672
front,log-0054,120.0,self-supervised,training_window,2.5074663638668424,2.543742777765164,0.1359507494548444,0.057201564387708986,0.05601884344662392,0.0032972979030668702,0.19361481373354011,0.1949424158971292,0.009995954920508227,3.5221032801570757,3.550358822576241,0.2805347966792113,2.817521934783609,2.8705245473918204,0.23160644339163133,0.2087818880793827,0.20964008011710122,0.013523711005203099,3.7997529528022556,3.8371259245536358,0.3619157627568931,4.024744686516552,3.991850146865878,0.16960615395880957,4.069769444214836,4.081899662262446,0.18511754348145004,4,1.0,0.9826707251628852,0.9826468977827889,0.001499671255627933,0,0.0,0.19421367492987718,0.1957543382972507,0.00999132077239406,3.5330563474239476,3.559867196143644,0.2820469651016781,18.871147447757743,18.836937612917062,1.4040377982490215,1.0367885066807652,1.0352612611874346,0.019175030615334345,4,4,252.5,251.5,9.539392014169456,61.82477298061956,62.388774372743946,7.283355347335978,117.10919243189014,113.6421015070893,9.194988356806874,18.19091404995638,18.073593316771383,1.1025025748136827
front,log-0055,120.0,self-supervised,training_window,3.0423137260466264,3.000935316540817,0.22659532510531308,0.05304753514680926,0.05191512047618352,0.0038504301494647355,0.1767647247270437,0.17131417942016072,0.010979434263275814,4.273127538919845,4.259591719284994,0.42768116883054985,3.0705109947511224,2.9796053726730696,0.2870737043255995,0.17862908971167654,0.1725831391723246,0.012954169139727674,4.317915780820758,4.2663216382942775,0.4598388900503664,4.486569859083132,4.631460231357949,0.4328039194940199,4.015278821785521,3.98209194213862,0.29365665270259167,4,1.0,0.9846407808221804,0.9852250902421973,0.0012243903429398908,0,0.0,0.1788214518584671,0.1750135889999982,0.009955059247085804,4.319754900753602,4.283443994312636,0.3740950239536728,24.108665970573224,24.575659495254815,1.9287310130288249,0.997487513052529,0.9883469093943704,0.029131344868809975,4,4,260.0,265.0,20.704266871026046,80.45305105387996,81.66363851934983,3.207290420819359,143.2016669931958,143.2016669931958,0.0,24.151640908670476,24.64483038867821,1.4698485013483729
front,log-0056,120.0,self-supervised,training_window,2.8508551790188945,2.9024045558407523,0.15931417106800225,0.054753426841772264,0.054469454016206786,0.001163340779683711,0.18116429476563212,0.17976869545560686,0.005294711449241651,4.1721474837770725,4.213670688048179,0.08828635362850132,4.2063415198142105,4.328260630594935,0.4221078933698726,0.2383713527708619,0.23692533242344088,0.004596894478140256,5.497616228751946,5.571633381476254,0.3373363627994774,4.5078797080106465,4.485127329423722,0.07669755118011681,4.417841031697147,4.42593344162727,0.04851156484853555,4,1.0,0.9837971229605531,0.9840657090802587,0.0012713942702412585,0,0.0,0.18742480418602697,0.18718137107032481,0.0007714328038144345,4.320156192504956,4.393232351601423,0.19029504908737746,22.158309127220654,22.350527299903334,0.7969720293636721,0.961643222243954,0.9615214847961713,0.015506032809278023,4,4,321.5,319.5,9.327379053088816,76.24649199096446,77.49457513116684,3.0806663928840736,138.53099390689673,135.52355195996182,6.014883893869822,23.053459576828736,23.481686307810293,1.105537840366893
front,log-0058,120.0,self-supervised,training_window,2.8465201860267246,2.9075445372798407,0.5903116420901777,0.0556524708384559,0.05710695391748269,0.011703825631719464,0.18796610432239252,0.19268586633713453,0.040004118444911425,4.24973362636284,4.392218812615279,0.7659819424966771,2.8709418845243,2.927077231792964,0.595925626367868,0.18840973272221376,0.19311790968293613,0.04017812100792178,4.259704973917857,4.402001890682635,0.7694870192775328,4.57323093970504,4.785162296643089,0.5393477750198824,4.8005482524476815,5.013778881838639,0.7485399408549257,4,1.0,0.9827300863584252,0.9820611873066403,0.006484947575822321,0,0.0,0.1889738806314365,0.1933533637571238,0.039354300988242254,4.272927098011362,4.407700698547319,0.7497770562940258,23.10562456396235,22.923085187947372,0.6069858235747736,1.017099101202898,1.0266440904151528,0.03278052596925634,4,4,327.5,323.5,32.39855963876584,76.74266681999326,76.8434812817007,2.6055782966841106,142.30321506452452,139.0726052421008,9.50474095692032,22.732462020683325,22.690433080045537,0.8576505505879454
front,log-0063,120.0,self-supervised,training_window,3.1920944482447666,3.177119336871883,0.1541348961691782,0.049678280911043225,0.04950467378991599,0.003067367388223023,0.15654054557097552,0.1558102019273998,0.008329818502778292,4.426744324237457,4.436927103459783,0.3034979225235944,4.327119650870068,4.30574918525472,0.45117513185088287,0.19732358072588668,0.19288248864576352,0.012930010364087124,5.580036939774088,5.4195409492024345,0.441688996042875,4.224566754579352,4.0616051182879485,0.4555504512845061,4.32777888508458,4.297920592456402,0.33769169250414005,4,1.0,0.9883093752397338,0.9883606888656875,0.0005711932212481681,0,0.0,0.15738279276947015,0.15661172099097542,0.0074720832316807284,4.450257616575945,4.459527405824733,0.27946864517681225,27.298840631619257,27.33465597473993,0.6272040947360882,0.9662895656470847,0.9700216294228532,0.03373809123700021,4,4,174.0,172.5,7.2571803523590805,89.08112372412744,89.11677470361283,0.8739212695379089,153.48382759184992,153.4829178070294,0.2730761832455764,28.261949333963667,28.365245570151664,0.5047379354376577
front,log-0071_183,120.0,self-supervised,training_window,2.2787735658111936,2.253260460017043,0.4420384493997929,0.048577601281293833,0.0489779798453112,0.008386730732367353,0.16346237197078803,0.1652408447952154,0.028694363998272864,3.5536093260131105,3.4641064495162905,0.6614055839001298,6.070555165836732,5.90703370055714,0.5587434302485672,0.3119732202024645,0.2982407246202814,0.04362972684903756,6.744714423319526,6.575798604496471,0.5283139044844011,3.833073803508048,3.8215381650014617,0.42040966996725815,3.5711063094745565,3.7299394540911317,0.39333603730777233,4,1.0,0.9880855509627267,0.9877451816370152,0.0030097767055817567,0,0.0,0.1637283285221975,0.16544821063424658,0.02897264308830425,3.5594705794456822,3.468583109221238,0.6679804678660519,20.928208223240823,20.517403890619796,1.272058265788301,0.9638986877628253,0.961194638013857,0.06641176325525475,4,4,329.0,323.0,29.23468259904093,73.15030915185953,74.48249835022112,4.136539924887662,135.18336429131426,134.45142281610254,14.526247393249257,21.748283313688592,22.05822011807167,1.2321970479474522
front,log-0072_184,120.0,self-supervised,training_window,2.5841016584316874,2.6858345993515123,0.4218174719929257,0.05367707853653203,0.055746892222604455,0.00889502653797377,0.18251316870070117,0.19061022512649695,0.03213981190063768,4.110977247192357,4.39101155526729,0.9140667379628423,3.341741716020014,3.4329378298851205,0.4147710879651302,0.20196566408931876,0.20725495552369463,0.025244804240998394,4.539430388392205,4.783848485271335,0.7898817895428584,4.329449910747876,4.484505115640188,0.5917004931327969,4.4800005624686,4.7844542800572025,0.9503271865423791,4,1.0,0.9843187208231388,0.9832506398560753,0.004665944737212257,0,0.0,0.18495019660411002,0.1920356618973229,0.032526682383839156,4.16504202398187,4.432758323747301,0.9229698657267515,23.171148272386954,23.932451668978878,1.76918143264236,1.035221896921898,1.039449507027915,0.018269940525183968,4,4,305.5,325.5,59.174882058747414,75.99054390049065,78.77045409263548,5.697690224859355,143.64742333275373,141.7906448121138,3.7135570412798415,22.36700340704685,23.024343651167783,1.3755673479206945
front,log-0073_185,120.0,self-supervised,training_window,2.4911736045615402,2.2833812146531924,0.5776695572363937,0.06549383438531675,0.06595786704879934,0.003373756819499468,0.2175477998842224,0.21684807045729226,0.015600580808247522,3.689608796634786,3.3468817982214283,0.7965537513731401,2.5999456452067085,2.3813477383003328,0.622243553860198,0.23808308636625505,0.23260367373575325,0.02294988857278978,4.056540879456291,3.683087939650186,1.0324516429827113,4.6486499759627495,4.603107589166353,0.4460654078580078,4.7302611896476865,4.447905167538414,0.5860680948034671,4,1.0,0.9816906365633786,0.9811687217000744,0.0038115321700825317,0,0.0,0.21821637386239273,0.2180577982616546,0.015396957944382473,3.700077745887055,3.3472984351391823,0.7916845207487209,18.330564599171613,17.102991639229725,3.4483447052763263,1.082861873091725,1.0785851855296724,0.03912347471921916,4,4,143.75,146.5,16.700798384109266,56.12317057256322,52.071001163391415,9.984701524330251,129.45025435759328,129.69500631091105,14.972607329169344,16.86569469402365,15.844406782550541,2.577340650662689
front,log-0046,20.0,self-supervised,full_log,3.041032244875133,2.9891725719114004,0.47154674868976254,0.0605200294657198,0.05735846487294185,0.008023592579854287,0.2015597363704712,0.1910302615591694,0.02672228053120073,4.097981400465834,3.8839029703666874,0.5433000189760809,3.9401904943916835,3.764768465292696,0.8110442744499388,0.2414290711894823,0.24435167451954684,0.038924705757736336,4.908578772140052,4.9679992412437155,0.7913917882915911,8.34687360987099,7.974728466578514,3.718567193673715,5.875084216226729,5.732925487838722,1.0357393769635619,4,1.0,0.9878301668107279,0.9889538474605617,0.0038607958671589,0,0.0,0.2015597363704712,0.1910302615591694,0.02672228053120073,4.097981400465834,3.8839029703666874,0.5433000189760809,18.61302419774438,17.55778449462956,2.5698100586494954,0.9154839624035618,0.863581863398598,0.12639643456768682,4,4,48.75,50.0,2.5,67.71281238035488,67.71281238035488,0.0,164.92645015628375,164.92645015628375,0.0,20.331349277683387,20.331349277683387,0.0
front,log-0048,20.0,self-supervised,full_log,2.939118564624785,2.9085155817694566,0.2900307161447939,0.05360735788019614,0.05287989062969544,0.003895815874644924,0.17863677649680157,0.17621262410848842,0.012982098301261968,4.227991282815247,4.170616226194769,0.3072614694845269,3.1975831623280397,3.1388635877148294,0.4710577813918017,0.1981710953382746,0.19261344473821168,0.022479427579785872,4.690331296988982,4.558792323039686,0.5320451125119415,4.424585653278807,4.422393800751812,0.49169016972963747,4.424585653278807,4.422393800751812,0.49169016972963747,4,1.0,0.9863269890310498,0.9865398531725034,0.001025138894156226,0,0.0,0.17863677649680157,0.17621262410848842,0.012982098301261968,4.227991282815247,4.170616226194769,0.3072614694845269,21.82873317878869,21.944757909716643,0.7584234807555091,0.922285376016937,0.927187534640376,0.03204413556203831,4,4,49.5,50.0,3.3166247903554,78.8696076434905,78.8696076434905,0.0,146.71012738680676,146.71012738680676,0.0,23.668089884564996,23.668089884564996,0.0
front,log-0049,20.0,self-supervised,full_log,4.09896441610086,3.8795599999639654,1.5784545875189995,0.0745586100775657,0.07042732546591432,0.029088379844467098,0.24792146701368217,0.2341841650373428,0.09672435948831416,5.6756515688359634,5.361164322318981,2.214305075260819,18.037159634152687,18.080685698104055,5.57543894181366,0.8256140228437658,0.8233403926727586,0.26141236126784256,18.90073328643053,18.84868320459426,5.984497817855619,9.675214239417503,9.384979495529118,5.472469813361167,7.516408052054315,7.1591156296249565,3.7673370974033467,4,1.0,0.9871960984835566,0.9872414818069911,0.0014192019632983692,0,0.0,0.24792146701368217,0.2341841650373428,0.09672435948831416,5.6756515688359634,5.361164322318981,2.214305075260819,18.680067896839887,18.72395529993785,3.129011617256191,0.8159750084604924,0.8178920798711498,0.136680192757518,4,4,36.75,37.0,15.305227865013967,76.12335534328501,76.12335534328501,0.0,124.13560881540509,124.13560881540509,0.0,22.892941209172253,22.892941209172253,0.0
front,log-0054,20.0,self-supervised,full_log,2.899834736092329,2.9234306739376246,0.27278527337607844,0.060869650056232134,0.06085872412058074,0.00722888548517892,0.2126509614694258,0.2126127912036353,0.02525444860214512,3.83781241955413,3.8371235427247177,0.45577897144019763,3.057291401339989,3.078192507601111,0.3800002933301063,0.2274904401923004,0.22572559115394647,0.03795544253727367,4.10562750653433,4.073776441713225,0.6849998126162496,5.656287191956405,5.432742098770798,1.8996467414988147,4.665030258957007,4.736165681627426,0.7561755001314958,4,1.0,0.9815996063419127,0.9820863712238139,0.0028168216981393013,0,0.0,0.2126509614694258,0.2126127912036353,0.02525444860214512,3.83781241955413,3.8371235427247177,0.45577897144019763,18.179255633435087,18.451231769615678,1.9239178291984051,1.007302016521582,1.0223720565685788,0.10660317166172041,4,4,54.0,53.0,4.546060565661952,63.049687586649696,63.049687586649696,0.0,135.33135455623437,135.33135455623437,0.0,18.047472689682227,18.047472689682227,0.0
front,log-0055,20.0,self-supervised,full_log,3.8559601845064235,3.921252649388385,0.6003137921772811,0.0643963006170415,0.06704114709394884,0.007509240928510055,0.21030095323154246,0.21893830863728928,0.0245231559915581,5.137282113031407,5.3482775020108555,0.5990575349023889,3.8855431375728045,3.9337454011738404,0.5638419119432665,0.21349627304608737,0.22200548393596295,0.0251073068872679,5.215338151658122,5.423203195676446,0.6133273130547361,6.742846783964264,7.153822770271809,1.7224844182208778,5.740568736586951,5.865081925768452,1.3801342356823212,4,1.0,0.9838874291420908,0.9842803980139831,0.0028161980718395332,0,0.0,0.21030095323154246,0.21893830863728928,0.0245231559915581,5.137282113031407,5.3482775020108555,0.5990575349023889,22.84293842135902,22.639321215338406,2.8160496336267116,0.9351037414191271,0.926768420995151,0.11527845060266263,4,4,46.25,50.5,10.965856099730654,79.77604402436594,79.77604402436594,0.0,143.32322178319504,143.32322178319504,0.0,24.42823978726921,24.42823978726921,0.0
front,log-0056,20.0,self-supervised,full_log,2.9293527396640116,2.8713237555098456,0.32399794999365256,0.05541223661075359,0.05507424512371547,0.004772657160845591,0.19023385456839612,0.18907350755258756,0.016384846087676572,4.312517458343395,4.286212904010707,0.3714372237564572,3.9945366951273384,3.630290147580967,0.8096886098724635,0.23441947854974193,0.2158462778965234,0.04072247931204714,5.314186037575386,4.893139782396227,0.9231606192213825,4.804220146508566,4.77915917640236,0.5601392626693925,4.674665796042658,4.623981764948873,0.5514961781080392,4,1.0,0.9845868054917526,0.9846031245809237,0.000949086773361771,0,0.0,0.19023385456839612,0.18907350755258756,0.016384846087676572,4.312517458343395,4.286212904010707,0.3714372237564572,22.53286286411391,22.828036348940216,1.9587273030849353,0.9939700878910933,1.0069907864337178,0.08640341714867926,4,4,66.25,65.0,8.539125638299666,77.82608539404247,77.82608539404247,0.0,147.76901138236258,147.76901138236258,0.0,22.669558308260456,22.669558308260456,0.0
front,log-0058,20.0,self-supervised,full_log,3.25821742153148,3.283127450838875,0.28161653995360963,0.05417231333288036,0.054353628602601456,0.003732352082322193,0.18444214878940213,0.18505947848972698,0.012707654440968325,4.372626113223436,4.387261336169093,0.30126422843752215,3.321077567734965,3.3222206143138635,0.3684366327172789,0.1890118790281447,0.18976985230198812,0.015918701010308785,4.480962097722987,4.498931600638059,0.37738948598863875,5.737574929030199,5.564310781978563,0.8191492677906965,5.737574929030199,5.564310781978563,0.8191492677906965,4,1.0,0.9861709019981829,0.98760957422427,0.003924663029835411,0,0.0,0.18444214878940213,0.18505947848972698,0.012707654440968325,4.372626113223436,4.387261336169093,0.30126422843752215,22.872198981988852,22.31707838759264,2.1593302484262664,0.9647743526525552,0.9413587592273474,0.09108291005290042,4,4,50.0,50.0,0.0,80.71699073204307,80.71699073204307,0.0,156.16221917655614,156.16221917655614,0.0,23.707304116350024,23.707304116350024,0.0
front,log-0063,20.0,self-supervised,full_log,5.421569736818266,5.379385789413378,0.3499070415717754,0.07721809037572741,0.07694419852022469,0.004057292141002698,0.24116798114625032,0.24031256053791117,0.012671758001331565,6.928999712939899,6.9044226147635435,0.3640724076900763,12.430384981655084,12.520614226881733,1.4980903215511416,0.4720813174312354,0.4751496048949393,0.05677430166260837,13.56337312033836,13.65152811858553,1.6311830370384683,8.416680865587526,8.661900382703664,1.0361788006343153,7.214957009562492,7.169354923659388,0.5424589902550135,4,1.0,0.9882099350682954,0.9881953573991793,0.0014728044928197252,0,0.0,0.24116798114625032,0.24031256053791117,0.012671758001331565,6.928999712939899,6.9044226147635435,0.3640724076900763,28.63711967654828,28.624264143748007,6.2283573874797975,0.9967320860670692,0.9962846415555315,0.21678170576204578,4,4,40.0,40.5,15.641824275533422,89.7328550761202,89.7328550761202,0.0,153.72213457336557,153.72213457336557,0.0,28.731010144908,28.731010144908,0.0
front,log-0071_183,20.0,self-supervised,full_log,2.128258749788809,2.1319188625209,0.030640630639258384,0.044547971162741014,0.044254208759338734,0.0015404471278360184,0.15077827107079117,0.14978399487516408,0.005213839116546411,3.2626827901302846,3.2411677017221834,0.11282198048336342,5.751336423001349,5.754757956768458,0.40054454327263006,0.29393785898611025,0.29561145949338086,0.02013188014636166,6.360505310685362,6.396720260849245,0.435632657278984,7.14671821163815,7.8459950293305685,2.2838950281478168,4.253411669815259,4.479650937410291,0.6863318470284042,4,1.0,0.9898831384480792,0.9899755454333785,0.0003711524147081088,0,0.0,0.15077827107079117,0.14978399487516408,0.005213839116546411,3.2626827901302846,3.2411677017221834,0.11282198048336342,22.320780055700403,22.57183717916086,0.7523208289626993,1.031509601831539,1.0431116978519928,0.034766982013905955,4,4,60.25,57.5,12.284814474246922,73.23976165404193,73.23976165404193,0.0,153.6761142601884,153.6761142601884,0.0,21.638945498973378,21.638945498973378,0.0
front,log-0072_184,20.0,self-supervised,full_log,2.4215853228520285,2.2141164214455458,0.49084011383362136,0.0475515942727547,0.045718591956285165,0.0061529371280904365,0.16242680972911644,0.15616563756352164,0.021017212218943024,3.4043208335449213,3.2730922581558364,0.44050199310881855,3.5488190574955754,3.3775431434076664,0.5504798406713938,0.21361902921433407,0.2047356975823051,0.028576018968865715,4.477264023154897,4.291077327764894,0.5989278301884036,5.104070499009629,5.304019037187081,1.2698670184561587,4.138244302114447,3.8703055714736463,0.8351455005278269,4,1.0,0.988503572328545,0.9884551320401072,0.0007395081047315343,0,0.0,0.16242680972911644,0.15616563756352164,0.021017212218943024,3.4043208335449213,3.2730922581558364,0.44050199310881855,20.348163079020914,20.606889687190474,1.446253886911443,0.9708506848726044,0.9831950377147121,0.06900360347786251,4,4,57.75,55.5,9.03234926989282,71.59214923516183,71.59214923516183,0.0,149.74909046631353,149.74909046631353,0.0,20.959106684557796,20.959106684557796,0.0
front,log-0073_185,20.0,self-supervised,full_log,2.535993256927089,2.120623807893744,0.9928263976300322,0.054140932939578494,0.043547205704831574,0.023434381052572017,0.1907935165658804,0.15346105177601818,0.08258313491854398,3.642670351304613,2.92991100246061,1.576694756195741,2.6788226513657807,2.1289433071255304,1.2669652550744637,0.19439264403535833,0.15421957249528678,0.08875166764374519,3.7113856575666384,2.9443928411764233,1.6944656934559907,5.608664926707976,3.7612943793510407,3.9668525130895884,4.692537789999043,3.587903536222066,2.4772310891680225,4,1.0,0.9808022534523337,0.9889293672767416,0.016913547409721296,0,0.0,0.1907935165658804,0.15346105177601818,0.08258313491854398,3.642670351304613,2.92991100246061,1.576694756195741,17.851211333705045,18.222406770923655,1.1827398321447313,0.9349996175466365,0.9544418607281484,0.06194880952557598,4,4,47.0,50.5,8.04155872120988,67.28126305783923,67.28126305783923,0.0,147.53985945089536,147.53985945089536,0.0,19.09221244447691,19.09221244447691,0.0
front,log-0046,20.0,self-supervised,full_log_excluding_training,3.032093312863614,2.982611931237126,0.46927167720577506,0.06048169194039812,0.05730324943600977,0.007961527092238345,0.20107407634652574,0.19012398491685456,0.026676668163872784,4.079711518735916,3.856746026487271,0.5531923581943212,3.9361122462388485,3.76757101846849,0.8054756365835476,0.24161983026183878,0.24464862085775996,0.0390599830477362,4.901862266396957,4.975908432496697,0.7981206527663361,8.338892177923817,7.944845213503339,3.738799610433927,5.843446857381108,5.686922518901047,1.060551523582869,4,1.0,0.9879993026236594,0.989188968574783,0.003930082242857789,0,0.0,0.20108163630083942,0.1901330044695113,0.026679964123789757,4.079865174849992,3.856929272184326,0.5532610872571433,18.592698793136805,17.50925634114156,2.573130180240202,0.9167382267785399,0.8640344998420659,0.12813419215688057,4,4,48.75,50.0,2.5,67.43016590934329,67.33578137615748,0.2542341574812476,162.6407113289981,164.92645015628375,4.5714776545712965,20.28415372916473,20.284726237546657,0.06518329546356202
front,log-0048,20.0,self-supervised,full_log_excluding_training,2.9480582706334078,2.9048593373064553,0.30552639072677507,0.05401636169624736,0.053278945444780526,0.004007362802665396,0.1796492512549196,0.17746492962442403,0.013785030006699863,4.262274204069377,4.192413228795869,0.3129129020455223,3.2084547495457083,3.1248534769599843,0.5310152648373307,0.1991477159686167,0.19334339179788446,0.024618287117421464,4.725000307167017,4.567908604048902,0.5768993339895786,4.465863479532574,4.4629809796306725,0.5009317275914961,4.456886041450966,4.445026103467456,0.4918999253147825,4,1.0,0.9860837286790043,0.9863220027712205,0.0012737773093558003,0,0.0,0.1796895112101809,0.17750076373444001,0.013792014537668956,4.26323117753766,4.193263461762893,0.31311399428204617,21.895716894852956,21.9169652112733,0.7972314558782612,0.9226426496943704,0.9274957752396435,0.03165242740970352,4,4,49.5,50.0,3.3166247903554,78.91201168206314,79.09338862252709,0.4013514333863476,146.71012738680676,146.71012738680676,0.0,23.73092630333688,23.788846806452376,0.20169223110865345
front,log-0049,20.0,self-supervised,full_log_excluding_training,4.239858853103085,4.034467504716243,1.6535516593309936,0.07580962642709457,0.07182423857758981,0.02936639711691798,0.24942549054585753,0.23480806411774538,0.09791452280964408,5.814428631246356,5.535505827547583,2.271508448320351,18.097540293892347,18.104612377248102,5.703473043044819,0.8148012195036158,0.8026769422703802,0.26273145906471435,18.999967582960014,18.92114458137577,6.12620567381836,9.652942452741291,9.394485320521754,5.458907946612742,7.533544816016516,7.18692693401977,3.7838427791006146,4,1.0,0.9875236287719804,0.9875184901358538,0.0009700526314240179,0,0.0,0.24947304508675097,0.23481022384158934,0.09797822962181943,5.815528049140525,5.535556804854117,2.272949790387499,18.94099674422197,19.221705168483183,3.145654640860692,0.813225981748084,0.8157627238071666,0.13869803944063794,4,4,36.75,37.0,15.305227865013967,76.5821244237514,76.8391972888924,0.73985593685089,123.24753152779465,124.13560881540509,1.7761545752208932,23.301460387010366,23.31806937905762,0.31892824829974853
front,log-0054,20.0,self-supervised,full_log_excluding_training,2.900161911823149,2.92710235099811,0.2769036636116743,0.06062689834647751,0.060503143880150226,0.007189777467981616,0.21261207703027832,0.21246393085351378,0.02505537717332071,3.836344429543219,3.8314446257261325,0.46442160765144275,3.0650495177901433,3.0883347200312476,0.38708520161940996,0.22801206262812987,0.22635288026291728,0.037856502415632515,4.114933352687358,4.082168084190782,0.6983466527361216,5.665475502258765,5.44056248969644,1.9042449751231005,4.6615236445194705,4.73167707651724,0.7630635853441474,4,1.0,0.9816376588911985,0.9820036553247433,0.002789881283566559,0,0.0,0.21262241222604125,0.2124774824255372,0.025054699742917172,3.8365307844679557,3.831688981688558,0.46440899253325163,18.181153385880165,18.4212959076493,1.988861869209618,1.0076345854986217,1.0224197584283898,0.10695170330622883,4,4,54.0,53.0,4.546060565661952,63.26340604932378,63.32842635420481,0.20235360385806586,135.33135455623437,135.33135455623437,0.0,18.038776153179764,18.034462481015296,0.07043638731931506
front,log-0055,20.0,self-supervised,full_log_excluding_training,3.8865827099429833,3.9701574513121356,0.578503324242878,0.06483919588197266,0.06796597095683632,0.007356537278840387,0.21146333272662907,0.22193994429643438,0.02516316340186929,5.186264418841388,5.409804972873907,0.578189084039264,3.9226822602165745,3.9851944830327937,0.5203169001358792,0.21459288262746473,0.22518085517902015,0.02526294164909249,5.262871907101251,5.48845025154794,0.5775620951318564,6.775128086391808,7.242816920177209,1.7038490861500568,5.75886435361226,5.917582017075269,1.3677358630128942,4,1.0,0.9836601772566909,0.984412249975601,0.003319847236930346,0,0.0,0.21150934646160216,0.22194442027700087,0.025157888120843,5.187398633962774,5.409914049878129,0.5780950417746878,22.93571842253438,22.874044338049508,2.811153631095304,0.9344871161817068,0.9255099013453891,0.11506192950710645,4,4,46.25,50.5,10.965856099730654,80.00401432460912,80.05095679691361,0.48337401354665727,143.32322178319504,143.32322178319504,0.0,24.54524706505422,24.51170113609234,0.26792469768471405
front,log-0056,20.0,self-supervised,full_log_excluding_training,2.9652838432311652,2.91158579893067,0.3411003724734988,0.05638912451287546,0.05603626884373564,0.004899907283234796,0.19363182943999244,0.19227140453416952,0.016671403518712224,4.361405274236298,4.347565807533158,0.37989394258646253,4.0294890936913195,3.6351849847308673,0.8674926556903707,0.2381552406318836,0.2211022573182222,0.040694205378853446,5.370687006289904,4.937708020287733,0.9782559364463942,4.849834822039393,4.813591432666467,0.5599958197848556,4.70745585813491,4.663374247685938,0.5573643627635876,4,1.0,0.9840691842194578,0.9839708910425102,0.001294671481878508,0,0.0,0.19365673004421774,0.19231095093172662,0.016686974378809418,4.361972292843344,4.348470029626455,0.38034289894662787,22.392733335873267,22.620506169823216,1.776337849579139,0.9948563665003869,1.0077875335520634,0.08812286873050047,4,4,66.25,65.0,8.539125638299666,77.34635951748112,77.15198539004277,0.8595834798725157,147.76901138236258,147.76901138236258,0.0,22.523484483083056,22.448492523961875,0.2538313014608783
front,log-0058,20.0,self-supervised,full_log_excluding_training,3.220719733205732,3.206235495502332,0.2864039211518325,0.054059330896046955,0.0540782689040636,0.004048475288245648,0.1834400972024255,0.1833380450536116,0.014360103120401832,4.333790796694981,4.334667522389751,0.33718973915102324,3.27095624083966,3.230262891790832,0.36413005272277826,0.18713671567029233,0.18684079688133834,0.01709644272319441,4.421112509885246,4.417506169125257,0.4018262864964679,5.720144954777052,5.571031494269187,0.8707790987560527,5.720144954777052,5.571031494269187,0.8707790987560527,4,1.0,0.9862111705630132,0.987701684588038,0.004161434331677175,0,0.0,0.183546376986479,0.183448112749862,0.014276236716399016,4.336302587142798,4.337270584654592,0.335211268512147,22.823180194720322,22.25460628083116,2.1163727046055847,0.9660317824743714,0.9426683863968837,0.08952369819298814,4,4,50.0,50.0,0.0,80.15416048618722,80.15167215341552,0.2502645352488384,156.16221917655614,156.16221917655614,0.0,23.62570208028913,23.62776193879273,0.022795414352089993
front,log-0063,20.0,self-supervised,full_log_excluding_training,5.521237716375345,5.531572911209801,0.31052946858498043,0.0776502686506024,0.07787319617244905,0.0042013444000149475,0.24079584425565043,0.24173659139330417,0.013791422013285985,6.996303887592026,7.0015218203714955,0.40627757537770304,12.28374999793311,12.461101654019792,1.3083376859740217,0.4635655336946876,0.47111694487949807,0.043733221042247236,13.485063168079744,13.640214162357804,1.4897267811925199,8.49023465196621,8.669094871758077,1.0113543530106726,7.247089679037502,7.203126356775019,0.6328913908315894,4,1.0,0.9884568537565652,0.9884680453604328,0.0013719500623683952,0,0.0,0.24105483408426057,0.24214456629093956,0.013936223679158945,7.00390849464824,7.008286711658549,0.412322863771446,28.74846491230832,28.901774203984328,5.583988109657367,0.9934424097560994,0.9915737661787544,0.21785507817072702,4,4,40.0,40.5,15.641824275533422,90.09058873776065,90.20037199319992,1.1308784075581126,144.00569151457438,144.00569151457438,11.21958203111754,29.06178687923661,29.17807958313489,0.7801965569547548
front,log-0071_183,20.0,self-supervised,full_log_excluding_training,2.1093785708512875,2.13512569996868,0.07607108447450953,0.04377854184933107,0.04384641176073173,0.002601121688407903,0.14816086743608986,0.1485029163261768,0.008852351984508127,3.207336514975079,3.2289442522369267,0.21003078206867154,5.75486272336915,5.738511192076707,0.39593748815333774,0.2937716447028115,0.29443496324719826,0.01924705557768483,6.359168695942058,6.356774358956418,0.44654551121601493,7.203422053334557,7.951533382302443,2.328129201454167,4.240484978900877,4.45808007728087,0.6685459162701717,4,1.0,0.9903811324904389,0.9900523765492882,0.001236278915013553,0,0.0,0.14817906126896024,0.14851467743173485,0.008835735586767673,3.2077276843223483,3.2291996820239826,0.20965829474097322,22.38281874851936,22.596032595147214,0.7186073289163186,1.0343275306545558,1.0487651979951087,0.03591367084881696,4,4,60.25,57.5,12.284814474246922,73.24272786386587,73.51154899485165,0.6413832684574055,149.07886620639906,153.6761142601884,9.194496107578686,21.64202937711022,21.70411611180475,0.17731612812103614
front,log-0072_184,20.0,self-supervised,full_log_excluding_training,2.424851604978021,2.2179020842329815,0.5095585357685933,0.04812829676074498,0.046379522704480126,0.006282619737046968,0.16427724735386523,0.1585081370180182,0.021734021546852323,3.4125580819424246,3.277233094775534,0.4629147862668597,3.538879113863235,3.3555961664280844,0.5557213604798142,0.215252946902605,0.20567048177432157,0.028409191493118942,4.472239672409252,4.268046059939372,0.6120417035038697,5.086201741867439,5.321887620317401,1.211761237465523,4.14429939740821,3.861452085522046,0.8550600503829093,4,1.0,0.9882645063198736,0.9880951655329668,0.0008562222994887193,0,0.0,0.16428180111867388,0.15850830849868142,0.021729524809181156,3.4126529187683894,3.2772366404025077,0.4628256688069322,20.165988134569,20.447505138896727,1.3927360936456528,0.9712507740889293,0.9853324443122629,0.0706921272805091,4,4,57.75,55.5,9.03234926989282,70.87357803664977,70.71072628774199,0.36701953935949544,147.88969652462026,149.74909046631353,3.718787883386568,20.76744786383457,20.75109033883739,0.10967109875767049
front,log-0073_185,20.0,self-supervised,full_log_excluding_training,2.5728045797565224,2.1433476281645696,1.014832188346248,0.054288266996480095,0.04378364704734784,0.02347821972333411,0.1916859819849172,0.15408547071204792,0.08348974208638693,3.693746333982752,2.9564189935446503,1.613023966760035,2.714718607458021,2.157123595906873,1.280493738888398,0.19509338776321034,0.15498608614624526,0.08909249954884299,3.7595035754489663,2.973808050671459,1.7212829594032972,5.644298991576179,3.786880116979214,4.002991032380038,4.7411817813573425,3.6087181921924496,2.5280009140894055,4,1.0,0.9806989307657547,0.988836573241034,0.01698077634515226,0,0.0,0.19169406029770464,0.15409618752705362,0.08349179598068089,3.6939007518755047,2.9566228400465415,1.6130614077935068,17.9926096310143,18.311770533290318,1.3173842915308567,0.9336756585634945,0.9538455237889775,0.06413440697879179,4,4,47.0,50.5,8.04155872120988,67.97983144444893,68.35182556540676,0.8590411491553667,147.53985945089536,147.53985945089536,0.0,19.26772117370711,19.343219008852458,0.26377498004481564
front,log-0046,20.0,self-supervised,training_window,3.1755598594915373,3.182648334919726,0.5568875883537329,0.0611292854717841,0.05891533521041077,0.008219105974087187,0.2108057089816204,0.20988929028923298,0.02690027232717005,4.385418449222794,4.329438802246276,0.3379411533335789,4.02305915972676,3.707821503630446,0.963755093073993,0.24171081726709365,0.23828972134903065,0.042096363902854664,5.0312890805029955,4.79905351008452,0.7535731938382368,7.599614978037245,6.447985084293607,3.3141407154055993,5.170987385082648,5.127631802911543,0.379287963353022,4,1.0,0.9858220916316215,0.9856675263980306,0.005238884547410844,0,0.0,0.2136858160441506,0.21311958801470554,0.029052222112214355,4.443996011485557,4.395759030346653,0.38238518451570386,18.665611732366674,18.413430225986627,2.4724394954106996,0.891898336617786,0.8563515648664998,0.10025283949040834,4,4,48.75,50.0,2.5,72.14130303651956,72.67057216731007,4.107705210853075,127.7778017443652,118.92696030688077,25.50942357195578,20.909544659635536,20.630368510987672,1.1780937291618645
front,log-0048,20.0,self-supervised,training_window,2.074002567697919,2.0444630048275094,0.4377348749346987,0.04122704235829122,0.042375332505024094,0.0043848053458100215,0.13779716336059158,0.1368992462102117,0.011801755118703353,2.7718627156235938,2.644834050465226,0.5363466090542153,2.968030948146459,2.898832899918455,1.0902390979101777,0.18700134501061394,0.1791506710949511,0.06216916372392013,3.693390202839364,3.651280775023406,1.0914864540246898,3.3820594878535277,3.53079016559421,0.47986644484987095,3.010155040281372,3.1454816522964975,0.7459980450014991,4,1.0,0.9930781493559632,0.9928768421093659,0.0024350813521514737,0,0.0,0.17142188831002006,0.17205650945907086,0.03257296488798422,3.3837668864138832,3.522063731571074,0.4073027261068241,18.850591415953502,17.560764508705375,4.819208684064886,0.9266022405656601,0.9326007951856305,0.032510822713568505,4,4,49.5,50.0,3.3166247903554,67.56917867849862,66.33101297811459,13.150024997957598,114.64015098968565,111.20178957091557,13.381134154051816,20.300453734426128,18.610575548052203,4.9304829566578565
front,log-0049,20.0,self-supervised,training_window,2.319920398672808,2.053900541328086,0.6051619674208379,0.07122690536968596,0.061694820948219875,0.03524167646609524,0.2276228246334357,0.2046387459252001,0.09639070465257611,3.364341661413544,2.7832962713479352,1.377972056453976,17.341461713708075,17.804965042025067,4.1464670964155435,1.2484916656598837,1.3299836068906408,0.49970819560628943,17.67069970525289,17.991642457900184,4.269811280730631,6.99058895045882,5.869377607300538,3.7816193590157807,3.894160011693021,3.7515507471692393,0.6241007514760073,4,1.0,0.9800659182679161,0.9820699572784277,0.010507478522475045,0,0.0,0.24196026610801447,0.2060343412969888,0.11924946955943617,3.5816822060642415,2.8258091065076134,1.737757306988156,13.616098825045427,11.670938519831264,5.100303535864087,0.8779616605716087,0.9019543325121245,0.1198247042565185,4,4,36.75,37.0,15.305227865013967,50.26273377688089,44.35977904543188,15.599032164838086,97.91791485557694,94.3646513965334,12.653148688625958,15.320037631718037,14.407136489966657,4.170873457859004
front,log-0054,20.0,self-supervised,training_window,2.647503571489464,2.6340844889973365,0.23538512153916652,0.062380987952816776,0.06326451082721433,0.010211618522453078,0.2089390496931441,0.20700416006032663,0.03720520148824092,3.6058000748589047,3.6431732695521357,0.16296507933690835,2.7656340071955707,2.834374478449635,0.29633799266799493,0.21534003518653327,0.2096610116388114,0.04006820270069736,3.7136081992061847,3.74071382972579,0.16634474900337376,4.535169540904279,4.7157505171605525,0.7274066410243258,4.69703891783628,4.430865496483767,0.9196248064834087,4,1.0,0.9796595241272611,0.9820098925769438,0.007965526153490289,0,0.0,0.22408065785619805,0.22614497856159899,0.03825958542440897,3.871639920035908,3.886480900605367,0.23392727070969158,17.27608410430617,17.255117489570395,2.2152790197995333,0.9858506292715996,1.0020469094009976,0.07223657426247063,4,4,54.0,53.0,4.546060565661952,58.77744714348915,58.39110336621633,7.999743058947803,104.012217829603,104.18337489125922,21.125807283308408,17.59905917014624,17.86246463788669,2.5840771993812273
front,log-0055,20.0,self-supervised,training_window,3.208800502049307,3.2865615049734163,0.9523022138801572,0.060046410416627435,0.056665009619564555,0.015787735372265077,0.1979660307798871,0.18967244342844208,0.044869821224247194,4.226304133201082,4.474497621168535,0.995551306288254,3.4216085235637412,3.2910535917226516,1.1586255607559588,0.21275855943814226,0.19281685644695828,0.0658243993803057,4.518488867518137,4.515308555894432,1.2870661087941833,6.116184764409169,6.393775049520109,1.8776551409802011,4.626771277665955,4.423220350390325,0.9535749195310951,4,1.0,0.985802898080532,0.9844461274954348,0.00391801592514281,0,0.0,0.2092734578607318,0.20032426118649765,0.05185585934413952,4.4365347938126645,4.495230010938705,0.9969574251348352,20.243434851039922,18.56627252793955,5.699992615927584,0.9320670784395984,0.9254587633164455,0.11682753531162943,4,4,46.25,50.5,10.965856099730654,71.57811879350615,70.27578997473064,14.542462125837746,119.56109391167325,122.6066179112929,16.135955058559794,21.54442890277173,21.65837152858881,4.092686315704636
front,log-0056,20.0,self-supervised,training_window,2.2937676146666512,2.316611663732226,0.195624383972236,0.04334909714270575,0.04526309153662901,0.005234197585000993,0.1484741357740383,0.15583657293387465,0.017970669012521402,3.3468593769389,3.2980228169762533,0.4301917128027286,3.489397595712296,3.4191646866153045,0.28847908226923563,0.19421674662634658,0.19695879838758235,0.02720050566452179,4.35257775786191,4.302418732287628,0.3126549857833784,4.16305718075716,4.415612537412562,0.5887441295110719,3.9157993351769615,3.808116277128991,0.5874494471670125,4,1.0,0.9901180581215515,0.9903879910531145,0.0024238530110465978,0,0.0,0.1566655355339177,0.1618900039983755,0.02475076773493533,3.510424640615006,3.5551865839157246,0.3725717288084153,22.44221826382422,23.40167429684471,3.4808898406355513,0.9873530921902902,0.9946400445683892,0.057873663176779305,4,4,66.25,65.0,8.539125638299666,77.50347253175428,79.34555034576869,7.935468929272591,133.10935147170864,133.47145407818525,1.3985504646436033,22.640363593793122,23.256465533710788,2.437928029908057
front,log-0058,20.0,self-supervised,training_window,3.0063253901507427,3.074334168950352,0.1739900053834208,0.04896365493473431,0.04870431784807862,0.005524739201337952,0.16978811872511684,0.16940307652482395,0.018418601354634804,4.105291699595719,4.072191754252422,0.5428347682102264,4.304806646566063,4.18317817631086,1.1332930523648022,0.22764669711036112,0.209549807986074,0.046093821634851526,5.461292718243647,5.120665401554646,0.8461306549294736,5.683697121485669,5.416293737088903,0.9439216334934907,4.664458500797323,4.605597231824832,0.8115699626729257,4,1.0,0.9901024733831902,0.9903979253256252,0.0031663568237533498,0,0.0,0.20768891252219188,0.20365911974588502,0.031226657166079388,4.988591677879321,4.92980159652774,0.5067331721666891,23.335249522199508,23.027645616574567,3.461170402609462,0.9634364681827204,0.9397804530773358,0.10558132216589472,4,4,50.0,50.0,0.0,83.7289322872374,83.8438212669389,2.7326252412629874,133.86952329404048,132.39700890513268,12.866984510197579,24.15000492840457,24.234666162812964,1.187188010372257
front,log-0063,20.0,self-supervised,training_window,4.411327099424092,4.231729586132873,2.216455654405623,0.07276341817939413,0.07255063754455617,0.01738253610332302,0.22479836981152637,0.2283562792828038,0.042003169871949984,5.488449452065531,5.410798710852642,2.6988295600235133,13.435549365126697,12.933293791490375,3.027790694557921,0.6842047094507661,0.6505249350768738,0.3407981473261289,14.046619001836053,13.687522218152628,2.69426166820371,6.853628909383122,6.630811081758365,3.078401698595096,5.554223744033053,5.877192011435907,2.344779970703568,4,1.0,0.9866849493816765,0.9868606742654925,0.0037865653319128076,0,0.0,0.2604267985393527,0.26447849869170437,0.0158539304401717,6.108278033530912,5.947475237874504,2.1450402710194187,25.747937603588873,25.078029750520976,12.028808792123277,1.0620590626758022,1.0568821439767795,0.1652901043404462,4,4,40.0,40.5,15.641824275533422,71.89272575323682,72.07918575741945,20.041596533622005,123.95068279225146,124.19235074433519,33.668529088360614,23.36676258689055,22.690624610475428,7.772981377574417
front,log-0071_183,20.0,self-supervised,training_window,2.5196627731511954,1.962635006184397,1.3313820479238023,0.051172762272522605,0.043758454072762645,0.018954128487654587,0.16966284491070566,0.1451189690396314,0.05979782425340846,3.7022419953473285,2.9281504196450374,1.9368868985676688,5.6781430141201685,5.977387639686292,1.15545140676718,0.3022298199701754,0.2984005819486094,0.05422263529660993,6.311181609508322,6.481880566201685,1.1375942269577628,4.944948493162408,4.909440245351615,1.907948824088388,3.6928563525294136,3.388077465128303,0.8289849408059884,4,1.0,0.9854031207937775,0.99063876280496,0.011360612926932138,0,0.0,0.17494081414437263,0.15088700457268692,0.06167219487083885,3.8172512030736034,3.0438377931748013,1.9934812640945765,20.71129488630779,20.990915880109952,2.0745720374251846,0.9907888310281907,1.0022610701350532,0.06829728138480716,4,4,60.25,57.5,12.284814474246922,69.89232450413444,66.99787574510631,9.210621121560912,119.08850928470557,113.44834656488794,23.881218429085894,21.020187451175868,20.179119865207756,3.0817767550290536
front,log-0072_184,20.0,self-supervised,training_window,2.3535242720709446,2.36252012495331,0.2587519690841257,0.04126655335168325,0.041333369818591634,0.0035327767670957203,0.1406321439194185,0.14078275325308406,0.01031065009332143,3.219672148931607,3.2370684990200314,0.10658701598193393,3.7142639376590076,3.742854115067799,0.5407262479807815,0.1988865105837981,0.1979830172041897,0.03144599404587243,4.5430340910008065,4.601643402625822,0.5482561228992148,4.515920917785049,4.100821992519341,1.4763180341844522,3.671375778773535,3.5009369507189247,0.40621463494255766,4,1.0,0.9920809898031573,0.9916565329079283,0.0009849689003080012,0,0.0,0.14172387187020763,0.14277733390758335,0.010392554947010992,3.244670836047586,3.28606564619894,0.11030544544427573,22.18873223500515,22.387372997301643,2.351179803734324,0.965183457926373,0.9506647490043063,0.06639390077828049,4,4,57.75,55.5,9.03234926989282,78.32019715436647,78.91618294295631,4.855576484420691,135.36836178005365,139.82983439474873,15.866581468574065,22.95236810157753,23.16918302333255,1.126608878680786
front,log-0073_185,20.0,self-supervised,training_window,1.9136414886723685,1.7433322409613472,0.7741002602786585,0.05253527090507695,0.049403490934491145,0.018247181725891088,0.17427412985478477,0.1590125680580073,0.056417049791106726,2.6253523348185492,2.3765920073934694,0.9337793249861632,2.1139900492503267,1.7750472359220542,1.1089535815057634,0.18693064470997578,0.1592784480213177,0.07851621634039875,2.8232005978823667,2.3967376438225,1.2756505619192624,3.9168002174546284,3.3789766308447393,1.7302690059904142,3.611100181603585,3.767533876936243,0.9243596845334929,4,1.0,0.9841367536527057,0.9876194551818349,0.011326230637441193,0,0.0,0.17729708656927295,0.16065864228237658,0.05777738849712115,2.6744414078498697,2.434337742069534,0.9651217271225649,14.857996115660782,13.836765961040772,4.101325316249148,0.9689064393889496,0.9551365794450977,0.03838944025663296,4,4,47.0,50.5,8.04155872120988,52.36939012207825,48.16205282955854,19.17472509446898,96.32156457310812,94.96847252270868,16.767202416602807,15.444981080905828,14.495845604431139,4.709385644299659
front,log-0046,40.0,self-supervised,full_log,2.940854878269621,2.3246107520192716,1.3498230718415485,0.06370414429582344,0.04794503439689678,0.033832637663318205,0.21216431391933907,0.15967917693737282,0.112678357699722,4.313586770554147,3.2464931186867325,2.2909030464287934,4.242811584726546,4.104641523796343,0.5044536721665248,0.27467339533091223,0.24569249679120864,0.07191826138830527,5.5844807377599865,4.995259967168169,1.4621952917293652,10.912858166777715,3.9897312598018493,14.117165268084976,6.1699875720713075,4.1065113869728815,4.349628379828017,4,1.0,0.9750923696755096,0.9872807108787331,0.02553626792230679,0,0.0,0.21216431391933907,0.15967917693737282,0.112678357699722,4.313586770554147,3.2464931186867325,2.2909030464287934,20.539537074047818,20.131795354631265,1.0809947853128687,1.0102397432418786,0.9901849149150588,0.053168865998451886,4,4,76.5,79.5,9.678154093971983,67.71281238035488,67.71281238035488,0.0,164.92645015628375,164.92645015628375,0.0,20.331349277683387,20.331349277683387,0.0
front,log-0048,40.0,self-supervised,full_log,2.9535275831540764,2.964099403142731,0.4942648859348046,0.05441348451203086,0.054293485482138325,0.006798152257616065,0.18132304697633175,0.1809231720201615,0.022653606770715654,4.2915701739790215,4.282105897573797,0.5361676012588883,3.2083274815682725,3.2332856037312956,0.7333080969155693,0.19867509012142542,0.20054528229309726,0.03465311958088218,4.702259890817948,4.746523767238486,0.8201731490208988,4.864628648629193,4.720037885040037,1.1300153241508764,4.864628648629193,4.720037885040037,1.1300153241508764,4,1.0,0.9857770109664792,0.9860739454935732,0.0016541519735877128,0,0.0,0.18132304697633175,0.1809231720201615,0.022653606770715654,4.2915701739790215,4.282105897573797,0.5361676012588883,21.966941460566638,21.810750940153493,1.1603418263166816,0.9281248114108375,0.9215256088061946,0.0490255796718683,4,4,73.5,67.5,24.691429012243635,78.8696076434905,78.8696076434905,0.0,146.71012738680676,146.71012738680676,0.0,23.668089884564996,23.668089884564996,0.0
front,log-0049,40.0,self-supervised,full_log,2.4135115993733134,2.37591067271463,0.20610961744636858,0.04538679801783766,0.04509974278886084,0.0020156350615854897,0.1509196796443738,0.1499651667664132,0.006702367451761971,3.45499535340576,3.43314374620721,0.1534369040354565,9.038230323452513,9.538120470026927,1.8436954832443802,0.42016951737829816,0.4386648465726406,0.07540317468063083,9.61891605922766,10.042328543118028,1.7262004449486275,3.730421155799397,3.5348354250674383,0.6655394704735587,3.6799666599703245,3.5657396179053613,0.34330508894307976,4,1.0,0.9895216259352053,0.9896343390466289,0.0003481051959614264,0,0.0,0.1509196796443738,0.1499651667664132,0.006702367451761971,3.45499535340576,3.43314374620721,0.1534369040354565,22.382446833711132,22.307196322428467,1.1314058947938133,0.9777007955947318,0.9744137338495806,0.04942160487183298,4,4,50.5,50.0,1.0,76.12335534328501,76.12335534328501,0.0,124.13560881540509,124.13560881540509,0.0,22.892941209172253,22.892941209172253,0.0
front,log-0054,40.0,self-supervised,full_log,2.8837859055546082,2.8677643873194962,0.15000482691245406,0.06102515637538406,0.05995522153411586,0.004780305984949132,0.21319423004829363,0.20945636277790303,0.01670022191483595,3.8476170443944095,3.7801579869143773,0.30139679891963445,3.0288477458397853,2.969563817856288,0.24296250431235003,0.2249867123415343,0.214820695466534,0.03110627723808083,4.060441546525231,3.876970634610815,0.5613896889319476,5.229017981892215,4.393519376446616,2.1650110595349052,4.542532611697172,4.379480660046664,0.6790294922754825,4,1.0,0.9798890967173228,0.9800337707384726,0.0022873205252061588,0,0.0,0.21319423004829363,0.20945636277790303,0.01670022191483595,3.8476170443944095,3.7801579869143773,0.30139679891963445,18.667016259041947,18.193049637512395,1.1517279286037385,1.0343285500420187,1.0080663342914156,0.06381657689179847,4,4,88.0,91.0,12.382783747337808,63.049687586649696,63.049687586649696,0.0,135.33135455623437,135.33135455623437,0.0,18.047472689682227,18.047472689682227,0.0
front,log-0055,40.0,self-supervised,full_log,3.424665538974938,3.4342441150620457,0.07912445392642374,0.06007431029903129,0.06013897412245928,0.003384313748844615,0.19618649828574836,0.1963976728963424,0.011052256117151708,4.79249082314894,4.797649447173516,0.26998716262009487,3.4837210847259517,3.4880766158778993,0.1328761020283756,0.19921404115830102,0.19815807941343103,0.014742830523373447,4.866448366405895,4.840653079696027,0.36014139916803806,4.679993915963257,4.691137284716852,0.21081657184901587,4.520652409809343,4.529572306687372,0.19360467470818957,4,1.0,0.9813759325706977,0.9813893142117593,0.0012678338481018558,0,0.0,0.19618649828574836,0.1963976728963424,0.011052256117151708,4.79249082314894,4.797649447173516,0.26998716262009487,24.668383628043472,24.524164199008382,0.8074359785903161,1.0098305830819385,1.0039267836149686,0.03305338352749885,4,4,76.5,69.5,29.171904291629644,79.77604402436594,79.77604402436594,0.0,143.32322178319504,143.32322178319504,0.0,24.42823978726921,24.42823978726921,0.0
front,log-0056,40.0,self-supervised,full_log,2.980416735155525,2.8681002987550173,0.27019690981489014,0.058429810827595484,0.05846300738558641,0.001564549318725638,0.20059338541982977,0.20070735138784107,0.00537120076300578,4.547363447026194,4.549947005183183,0.12176274888233245,3.9931331222256725,3.56824102856479,0.8911328603796397,0.23966209659013324,0.2185413348326104,0.04503961689473053,5.433033872929975,4.954235532752934,1.0210282213768067,4.650915022854301,4.587331208062227,0.1925522653081301,4.792220355104822,4.726398268749156,0.21247281836506537,4,1.0,0.9827651801348806,0.9823169306094077,0.0015287171884947096,0,0.0,0.20059338541982977,0.20070735138784107,0.00537120076300578,4.547363447026194,4.549947005183183,0.12176274888233245,22.69574489448021,23.60657719940393,1.9523244748378785,1.0011551432041008,1.0413337956744413,0.08612097546366748,4,4,130.25,135.5,17.745891543302825,77.82608539404247,77.82608539404247,0.0,147.76901138236258,147.76901138236258,0.0,22.669558308260456,22.669558308260456,0.0
front,log-0058,40.0,self-supervised,full_log,3.1369727375655105,3.0954075680275484,0.38545763207376454,0.05330416257732166,0.05406132496850183,0.005182139677283907,0.18148632909153445,0.18406426327635775,0.017643791054884277,4.3025515967329895,4.3636674664445305,0.4182867203034779,3.1270209579686616,3.084297080189127,0.3865760130588687,0.18205907254050452,0.18502223859175426,0.017821659472773803,4.31612979985837,4.386378478582593,0.42250350097907863,5.644100931382827,6.0655117963627605,1.0791814327981595,5.644100931382827,6.0655117963627605,1.0791814327981595,4,1.0,0.9861484900843197,0.9864447253803897,0.002201621406753393,0,0.0,0.18148632909153445,0.18406426327635775,0.017643791054884277,4.3025515967329895,4.3636674664445305,0.4182867203034779,23.151254141203644,22.914823076022852,2.077144425916291,0.9765452042789254,0.9665722835275636,0.08761622222932394,4,4,84.5,85.5,14.843629385474879,80.71699073204307,80.71699073204307,0.0,156.16221917655614,156.16221917655614,0.0,23.707304116350024,23.707304116350024,0.0
front,log-0063,40.0,self-supervised,full_log,3.294932842536804,3.3106245356535933,0.2916339348072382,0.050287631702756165,0.050265575203118446,0.0029462582857649835,0.1570586187170474,0.15698973173133074,0.009201770715333625,4.512452767704726,4.510473575019248,0.2643761677733676,4.178018894227593,3.9353212898997247,1.17941059673992,0.18090201793500177,0.17505003105599015,0.027978740289424493,5.197497712524865,5.029364218136113,0.8038574710972014,4.066589429715385,4.0127337416821955,0.5120632993768932,4.236796416802461,4.214258350687198,0.3402963239328606,4,1.0,0.9892519533145657,0.9894062329721551,0.0006375081149172169,0,0.0,0.1570586187170474,0.15698973173133074,0.009201770715333625,4.512452767704726,4.510473575019248,0.2643761677733676,28.4616282343279,28.284482977924437,1.9348567245304988,0.9906240014109686,0.9844583547626256,0.06734384606638733,4,4,58.25,58.5,22.60346581094737,89.7328550761202,89.7328550761202,0.0,153.72213457336557,153.72213457336557,0.0,28.731010144908,28.731010144908,0.0
front,log-0071_183,40.0,self-supervised,full_log,2.278064174712437,2.206788023047328,0.2701791295713535,0.046157133757384755,0.04562256926026345,0.002099082631612744,0.15622468641944573,0.15441538492831094,0.007104611989468248,3.380537475024592,3.3413860986667157,0.15373631163145635,6.020270848533682,5.952501704696527,0.2199980876286608,0.3083087668033859,0.30637257670402324,0.009508913932372454,6.67147660171416,6.6295794896784,0.20576287033703633,5.146262436957276,5.183923144295609,1.623410092778174,3.8408187854291684,3.8653477370701985,0.3593147315856441,4,1.0,0.989495148447308,0.9897786026726186,0.0006998306506426338,0,0.0,0.15622468641944573,0.15441538492831094,0.007104611989468248,3.380537475024592,3.3413860986667157,0.15373631163145635,21.360884415648968,21.618843896608908,1.4883964073947895,0.9871499707165674,0.9990710451964757,0.06878322270673518,4,4,114.75,113.5,12.338962679253067,73.23976165404193,73.23976165404193,0.0,153.6761142601884,153.6761142601884,0.0,21.638945498973378,21.638945498973378,0.0
front,log-0072_184,40.0,self-supervised,full_log,2.3860776250534226,2.220027301701502,0.3743265917092737,0.05125231542183836,0.04728763301919675,0.011073919712104465,0.17506773879018755,0.16152517046836756,0.03782631218873965,3.669263414327838,3.3854232800879,0.7928057126471831,3.2506777214883136,3.2082861640862124,0.15970659743313803,0.2064761973094847,0.2001560380972654,0.020037565578689763,4.327556647231295,4.195091756039,0.41996947466258183,4.71607288794918,4.121097712568615,1.3274539519021584,4.244946348823187,3.8119103484858154,1.1150890817190469,4,1.0,0.9873930691936965,0.9875613903870504,0.00176183635305995,0,0.0,0.17506773879018755,0.16152517046836756,0.03782631218873965,3.669263414327838,3.3854232800879,0.7928057126471831,21.799113515809285,21.473543894781827,1.4736194801878681,1.0400783699369394,1.0245448061296933,0.0703092694916047,4,4,104.75,105.5,18.83923211457056,71.59214923516183,71.59214923516183,0.0,149.74909046631353,149.74909046631353,0.0,20.959106684557796,20.959106684557796,0.0
front,log-0073_185,40.0,self-supervised,full_log,2.7848438859581064,2.4752609977729967,0.737730799269253,0.05728456285736577,0.05107631322917469,0.01454985549476918,0.2018717188470584,0.1799937475235259,0.051273924268546635,3.854177742759753,3.4364788663966963,0.9789326549971128,2.910687221619659,2.447265939930648,0.9622370045478865,0.225577794490037,0.19289381519431925,0.08190083170800225,4.30677917516034,3.6827696989156116,1.5636680783485295,5.974338530438562,5.465337352900831,2.2845947095751375,4.818172273618711,4.609158034432251,0.8448822704786207,4,1.0,0.9846915636847571,0.9855829847496493,0.0027444177446898205,0,0.0,0.2018717188470584,0.1799937475235259,0.051273924268546635,3.854177742759753,3.4364788663966963,0.9789326549971128,19.244764872613647,18.613722485733383,2.345309374927301,1.0079902959691227,0.9749379512649438,0.12284115221050583,4,4,52.25,51.0,3.2015621187164243,67.28126305783923,67.28126305783923,0.0,147.53985945089536,147.53985945089536,0.0,19.09221244447691,19.09221244447691,0.0
front,log-0046,40.0,self-supervised,full_log_excluding_training,2.948242255003367,2.3218039367472416,1.363743419144752,0.06347126853260879,0.047592970162679465,0.03353610740848764,0.21160743618167643,0.15888938368989874,0.11183441331393314,4.319154227352015,3.240986633764914,2.2893443230147166,4.26022515259653,4.1198483013495,0.5165966139619715,0.27440536884276373,0.2453778784406181,0.07087937808135297,5.600062249310904,5.006028627107067,1.4563427182285424,10.915202876767697,4.005411764476282,14.072513227166148,6.141834054577069,4.080212261126636,4.293110710486823,4,1.0,0.9756038959263678,0.9874186687780642,0.024565545734964084,0,0.0,0.2116190596464656,0.15890998779657395,0.1118277298041554,4.319391884677087,3.241408069672852,2.289208880274496,20.675516155107154,20.266059595051065,1.2145563402315984,1.0133458409882765,0.991859029455565,0.05742075686326283,4,4,76.5,79.5,9.678154093971983,68.012501553235,67.9516663201698,0.33687912309221074,162.6407113289981,164.92645015628375,4.5714776545712965,20.401506215836836,20.405522426131917,0.07951360661463046
front,log-0048,40.0,self-supervised,full_log_excluding_training,2.882053776591356,2.8625697545706688,0.5881394213801914,0.054154264963975476,0.05372218349911135,0.008695296789579294,0.1807089985995733,0.1785189465164954,0.029754924800122724,4.255133617419704,4.241221637492533,0.6328340746311149,3.165020632072195,3.166171858438614,0.8929363358169424,0.19837860276101255,0.1979062319586012,0.04537759785773606,4.6673866425829775,4.661105451444459,0.9946731706308067,4.9157745027442115,4.745709628953345,1.1871252339360219,4.798338799672068,4.745709628953345,1.0211692246050008,4,1.0,0.9854970954201101,0.9859274530246512,0.0030087179638916455,0,0.0,0.1810952069269216,0.17881532249952897,0.029492528943304334,4.264275117180286,4.2482648997644885,0.6262403600888339,22.021617749689696,21.85009950848525,1.601255792332304,0.9326836372115342,0.929174701932264,0.05102054635638069,4,4,73.5,67.5,24.691429012243635,78.68732891801338,78.64586837195625,1.0214341296288336,146.71012738680676,146.71012738680676,0.0,23.5942891422103,23.51088734617809,0.46232797043217244
front,log-0049,40.0,self-supervised,full_log_excluding_training,2.487635718043022,2.466086377496418,0.22105818559115442,0.04632575684827341,0.04626048933316938,0.002187682749258863,0.15152339299585554,0.15145335138930965,0.008654763158822335,3.560534586702106,3.5056004953557682,0.15525014051034294,9.042643999734532,9.598512553515587,1.913486166759998,0.4088258926943856,0.42000463936909416,0.06496590503091362,9.651110563918913,10.130445972814984,1.7916650616415608,3.8381755852299944,3.70517013911058,0.6374988064669057,3.725552779778516,3.5949885298620523,0.3824738348108889,4,1.0,0.9897887332138826,0.98978120913655,0.00083750354783299,0,0.0,0.15155265410773144,0.1515092943955377,0.008668684413162325,3.561198439054432,3.506866232781044,0.15492040452121236,22.812420125373688,23.180661805505537,0.9282158977959648,0.970848901882157,0.969044316829414,0.05501664977121639,4,4,50.5,50.0,1.0,76.90109594824362,77.92648514442455,2.520574247678547,122.43593221890083,124.13560881540509,3.3993531930085155,23.524338215918206,23.859675129248707,0.9150481031258928
front,log-0054,40.0,self-supervised,full_log_excluding_training,2.8852066309941407,2.870064308540612,0.15320784668274373,0.060607458282432844,0.05970861424387709,0.004489398394064411,0.21337918576996193,0.20967367779202922,0.016295048395857305,3.843391039599612,3.7806156469930894,0.30438829693627045,3.0366914623592227,2.970567674836238,0.26714992125522474,0.2254916103563988,0.2150271615657474,0.03190501279335135,4.061712667996446,3.8768678802535446,0.5825827646602402,5.227294007990581,4.381308955610763,2.182914486055355,4.525919547345243,4.36663945625971,0.6909164693373796,4,1.0,0.9799095164225238,0.9799424381883934,0.002297728828741495,0,0.0,0.21340421482544458,0.20967734784855113,0.016290631365848712,3.843841098727702,3.780682056137394,0.30430242830615445,18.650411126368454,18.203258783404756,1.1631079881490545,1.035574283715567,1.0097310981463732,0.06360482186379347,4,4,88.0,91.0,12.382783747337808,63.39735074793617,63.457622994010976,0.4166421152420703,135.33135455623437,135.33135455623437,0.0,18.00917743850927,17.989175167041473,0.090689062252252
front,log-0055,40.0,self-supervised,full_log_excluding_training,3.4047478365246535,3.429221869892056,0.17688058528130046,0.060035455694967,0.05973540417585759,0.004310854693246631,0.19643281124582032,0.19448832373830818,0.014014670258959742,4.782393165232998,4.808547906074772,0.3156521542987827,3.4908717989718046,3.5304983140292423,0.17654396304079711,0.2008516910429555,0.20111099345096844,0.01735776937003779,4.889259660266815,4.963665305252405,0.38995686998985113,4.661626715457823,4.679028957316174,0.2210793009847159,4.527396648077807,4.523295477612201,0.21128332470463887,4,1.0,0.9814178020386655,0.9823231121603647,0.0023549670462363237,0,0.0,0.19669420111462083,0.19473197724304775,0.01389266423072487,4.788696752119785,4.8144780867803725,0.31135954439052327,24.661526019289,24.67945623589829,0.8189163410159176,1.0127335228618233,1.0054348868269218,0.03467882210911109,4,4,76.5,69.5,29.171904291629644,79.68660719124391,79.60138181463769,1.099723066723525,143.32322178319504,143.32322178319504,0.0,24.357567009979448,24.13235499878356,0.6070323022914317
front,log-0056,40.0,self-supervised,full_log_excluding_training,2.9692324595234982,2.8829687642046293,0.22985047055421848,0.0594418334493005,0.059369854719488205,0.0013795229445333103,0.20457018744178157,0.20532742742265514,0.00484709705031183,4.579885761582588,4.588996320987999,0.07962073256769753,3.963606836043646,3.518983225538654,0.9536802440406761,0.24265007887356352,0.22235812746493955,0.04596138262742621,5.431953091632629,4.95861381717101,1.0216050799394096,4.694219762738577,4.619712196165777,0.23948927169511774,4.808828707301295,4.781369070615604,0.17857999092633847,4,1.0,0.9822409857190215,0.9815847446709791,0.0019402827101083924,0,0.0,0.20469220824386214,0.20538317096621633,0.004849082657212446,4.582618668775224,4.590241855844498,0.07970719461598134,22.517969592564498,23.453224353045442,1.9980644742731004,1.0056577699385119,1.0450993237041262,0.08848261797815815,4,4,130.25,135.5,17.745891543302825,77.05866045533438,76.81334974658141,0.8733314499337675,145.91495985164212,147.76901138236258,3.7081030614408945,22.390405560651836,22.349633735150505,0.14658325982488302
front,log-0058,40.0,self-supervised,full_log_excluding_training,3.084760016194934,3.1062299458568905,0.3944590264207219,0.05289028437097974,0.05427653695427481,0.005086311376882779,0.17947492122665293,0.18496804737578654,0.017366717781134557,4.267101120845328,4.381972801310564,0.4176644764437059,3.0875470338666804,3.101178929197662,0.3971022009098864,0.18010911821093242,0.18612325932804213,0.01752374081609544,4.282161267129519,4.409396216399404,0.42109973966497044,5.644282002365112,6.150798947310812,1.0802791278608388,5.644282002365112,6.150798947310812,1.0802791278608388,4,1.0,0.9864041018490508,0.9871161664719433,0.0026541186693620233,0,0.0,0.1797960733685694,0.1850349581519823,0.01728003048955169,4.274756670505665,4.383555109660057,0.4159480140269486,23.298447297007357,23.011658155070126,1.9948197543712265,0.9801622317049326,0.9705189404523618,0.08617105389055808,4,4,84.5,85.5,14.843629385474879,80.6674624643022,80.6601470226541,0.22822517089683433,156.16221917655614,156.16221917655614,0.0,23.774020094729188,23.761585267458617,0.1221525502605881
front,log-0063,40.0,self-supervised,full_log_excluding_training,3.2859740753798174,3.1483848485291794,0.5280119614966696,0.05077304514541042,0.04934636102998413,0.004315593479185394,0.1579154430263397,0.1534352970963353,0.009299088919426324,4.499442216438206,4.364913915015919,0.4340520336374071,4.3935565398453384,4.193252702494303,1.1528474053366327,0.19052039645535895,0.18466932163540872,0.03359067732635944,5.394330668772525,5.280809269110412,0.7508466403290126,4.0701417799550175,4.069554610421605,0.45898413405351773,4.222559319975948,4.112006347797582,0.3405673048573372,4,1.0,0.9887211202683122,0.9886226270529688,0.0013677757538873919,0,0.0,0.15858205598002623,0.1544943755570758,0.009070722327795351,4.517795225975316,4.3690716014136095,0.42237963348168367,28.080178618318545,28.054573721248165,0.5286924078121207,0.9888262020571768,0.9869819409857313,0.0598221628603808,4,4,58.25,58.5,22.60346581094737,88.55788109340881,88.62288208151847,1.2095350276599601,144.00569151457438,144.00569151457438,11.21958203111754,28.45365173649679,28.451598883336008,1.2607270068796035
front,log-0071_183,40.0,self-supervised,full_log_excluding_training,2.2581135147130524,2.21768513120979,0.22163015519742135,0.045089515165474166,0.04502822910024869,0.000842130285121094,0.15250127239806274,0.15225252660187746,0.002766164133806875,3.3038389923023646,3.304185863608154,0.08169400359351656,6.008077048700106,5.955223710131107,0.23194703737685254,0.3068814689381331,0.30528594432533196,0.009214791001388946,6.648667245219803,6.608858303540507,0.23973322441091868,5.069022869442955,5.09767459705928,1.7198067628246614,3.7902960410490616,3.764640841594508,0.3655899476362253,4,1.0,0.9899064721572355,0.9897496697853463,0.0015203166652634893,0,0.0,0.15252300505898267,0.15228843702077713,0.0027706455129548973,3.304309344858001,3.3046314765115676,0.08174671420925468,21.429876383384354,21.6824155212356,1.5060368135928521,0.9890107804250179,0.9978552223597807,0.0644402579615025,4,4,114.75,113.5,12.338962679253067,73.2677105218397,73.52150727776481,0.631881152561191,149.07886620639906,153.6761142601884,9.194496107578686,21.662539797719536,21.71769660314613,0.16977075729489638
front,log-0072_184,40.0,self-supervised,full_log_excluding_training,2.3948188781032327,2.2161413592967003,0.3857281988516639,0.05277875714559575,0.04884225492568299,0.01173101858564084,0.17951499482172606,0.16605827589054312,0.039148904231742124,3.694888077390469,3.3676602626956083,0.8086588340795972,3.2267238749287985,3.1775294008252475,0.20581616489565704,0.210027429743193,0.20317200391203816,0.021152859215813273,4.326961965163019,4.21000755150226,0.4799765729998588,4.759888019421737,4.122347356159783,1.3582590696190615,4.299681392311557,3.8228656651186252,1.1474096206793667,4,1.0,0.9869554204619558,0.9870444536205422,0.0017863358977915995,0,0.0,0.17955550678819038,0.1661240346435288,0.03914211505172624,3.695713474884375,3.368993681121818,0.808478102744958,21.47682472309647,20.885433590568006,1.4741543659425425,1.0434838643320459,1.0298576212585866,0.0736331458615951,4,4,104.75,105.5,18.83923211457056,70.07242158117855,69.53340451684531,1.618412016297692,147.88969652462026,149.74909046631353,3.718787883386568,20.587446056778447,20.477867574233287,0.4009618210926808
front,log-0073_185,40.0,self-supervised,full_log_excluding_training,2.818132010243377,2.560405895186129,0.7286797066744881,0.05690100340516369,0.050231607601187264,0.015669569084734578,0.2011423131314575,0.1774446092750333,0.05495415509263802,3.883540246772611,3.483577302604908,0.9616982707865142,2.952781432538533,2.528160689893858,0.9726756632097373,0.22563455983252206,0.1898522185631693,0.08788031491491292,4.348261167623094,3.724210027733056,1.575338506716579,5.960943896479833,5.456037910935963,2.2735018205346385,4.813061793713545,4.613041275365541,0.8446811456715678,4,1.0,0.9849343072461045,0.9859178889202784,0.0030592034188964335,0,0.0,0.20119905595913418,0.1775224754240942,0.054942904250962404,3.8846431976337943,3.4845676308761386,0.9614630000400104,19.483758304434016,18.915680307898295,1.9229355904453842,1.0070961519864468,0.9704917804010746,0.12538182121207755,4,4,52.25,51.0,3.2015621187164243,68.57288950847396,69.199945137458,1.6797180457170482,147.53985945089536,147.53985945089536,0.0,19.39010932442571,19.495348542052028,0.46938851509613544
front,log-0046,40.0,self-supervised,training_window,2.858227352480974,2.3276354037976916,1.22655708549141,0.0669395157713488,0.0505174660078208,0.041095590660830295,0.22427794442069512,0.1670102731449723,0.13586467631390267,4.229966568239712,3.2539738204384534,2.330816348751632,4.074599373785755,3.957746545547196,0.48690569777728265,0.28496519812711046,0.24986057804912776,0.09580014896704589,5.425087648764233,4.881470415408305,1.548620926320248,11.11574447936347,4.252451864835981,14.455219203416695,5.393512598189818,4.405388703182959,2.856899098570084,4,1.0,0.9674890045622218,0.98586303859708,0.04050613446414766,0,0.0,0.2254167150296632,0.16900417940897883,0.13536126389580697,4.251713601414677,3.2919505839150647,2.3204164748949374,18.719378113046474,18.684752315701438,0.9998629635723725,0.9727092585954513,0.975006432664044,0.01444495778269242,4,4,76.5,79.5,9.678154093971983,64.7887977274508,64.60389004501425,4.298041031811853,131.62805943713693,125.8380026081764,24.429307853492915,19.24690618693322,19.263809796189538,1.0439662317438239
front,log-0048,40.0,self-supervised,training_window,2.6950724587115866,2.731335934558075,0.8331033624337442,0.05065394658753152,0.0487089527530678,0.010828816588831943,0.16418630689601546,0.15426555876786702,0.031995383295819975,3.48955908522871,3.5010574257863416,1.0144930054889794,3.643725494560347,3.4471229713288727,1.4573155147018029,0.2203379037289657,0.20213772103745176,0.08949883032652503,4.588078300797521,4.350377461444326,1.8119669375202163,3.9903912093546676,4.007047370990985,1.0871287358404775,4.006502955659974,4.173594408275827,0.8249512682394122,4,1.0,0.9907522962672669,0.9915494836182763,0.006118089223575468,0,0.0,0.21092589468737727,0.19950569308348262,0.05508709111919478,4.38921311121775,4.131213782254152,1.1113899280852806,19.107449695475847,17.622038196559366,3.949825656663874,0.9046184045291725,0.8820555276410618,0.04894642440296853,4,4,73.5,67.5,24.691429012243635,68.95777960410742,66.71951605013416,15.043927593033704,120.12632610373288,116.11721932086834,9.288874228287689,21.255481732139508,19.98816974292962,5.054935875356783
front,log-0049,40.0,self-supervised,training_window,1.972587349401777,2.02344131354941,0.2625147254913238,0.04854352208421779,0.04996088978310309,0.009465084684101838,0.16527998142731753,0.1726847268930747,0.03286392308395641,2.7949933771281827,2.799351479504878,0.34862173638408017,9.015053124539504,9.220350444662166,1.50035135718407,0.5806002591466151,0.6425857169732201,0.20134698256468486,9.438400209148872,9.565310109310811,1.4152988064081848,3.4143896234144244,3.375784154505967,0.35765174534697725,3.462507740633286,3.344777497810135,0.35925759787897193,4,1.0,0.9880812759975067,0.9870649675279837,0.004224901030471082,0,0.0,0.16628972658761393,0.172848072176227,0.03230749898104301,2.8160249465057245,2.8099225546231947,0.3687330402787743,18.569245445248697,15.974184077135522,5.852887426858987,1.0528763410748665,1.0544610870923767,0.014715380592497192,4,4,50.5,50.0,1.0,59.89761309231719,51.23086161167231,18.36153720973339,104.1997569138814,99.428691264717,10.871577631858226,17.66258314102372,15.1946599488694,5.6909902623214155
front,log-0054,40.0,self-supervised,training_window,2.655049535672215,2.6656135109162156,0.2601243455867298,0.06446448946605225,0.06437626869389769,0.007695705088451186,0.20976332241661114,0.21119582046631746,0.02591416913335006,3.7626538921775916,3.743584484170719,0.31970184029726345,2.885352013369457,2.9511855643204443,0.2018596984697924,0.22391122261647878,0.22328492105038616,0.019611487813698977,4.021289703922729,3.978329059167393,0.20458833051439743,4.744135871528114,4.722278734693047,0.6961094409103351,4.910856187505216,4.915392212261642,0.714742430196464,4,1.0,0.9794979863830271,0.9794964541111619,0.0038163407825735217,0,0.0,0.21797968038432478,0.21258634940823232,0.024021855617650866,3.9130805003048836,3.8086026795626617,0.29957921314376296,18.301403570780014,19.163534581445905,1.7920737526113697,1.014506612214483,1.0001999223667701,0.060906059279095294,4,4,88.0,91.0,12.382783747337808,58.74821470878779,58.64807853422805,5.9172187716119,113.542671374739,111.06438733448077,12.201696031782909,18.035105278755278,18.256918293388708,1.3962102752319536
front,log-0055,40.0,self-supervised,training_window,3.390542199729806,3.4901454352160037,1.0294874989992877,0.060823866093920514,0.06068191205481083,0.015742644277762473,0.19161452206864865,0.19343532183113457,0.03616570127031947,4.483477255839488,4.689584955139901,1.21163770431249,3.4426337840182253,3.5600022170068084,1.0040125310205175,0.1968582145086922,0.19662760073290023,0.037050603094914675,4.608593274857325,4.88020841697406,1.2465370648116143,4.241852031575864,4.370117085414957,0.36194309157563487,4.2502833249320995,4.217861465699906,0.4493528894427274,4,1.0,0.9817317024307014,0.9813019841347314,0.007080851110890939,0,0.0,0.19913799831757767,0.20228403498206893,0.04282058584390063,4.662390784159869,4.865697088843083,1.3613594074528685,23.385814531236367,24.819353927330553,4.278244628164063,1.0022494929232666,1.0115185841811816,0.03660472603086993,4,4,76.5,69.5,29.171904291629644,74.12267395173603,73.68019021976843,11.981907256284204,130.13243251208758,133.15068642823093,6.08996782918666,23.239950169295007,24.532353532667422,3.544820228455084
front,log-0056,40.0,self-supervised,training_window,2.851168644267196,2.592286643934734,0.642390471724817,0.05433431289097895,0.05004106426204204,0.009598187201727067,0.17691491653609429,0.16794208458408375,0.022730380042600955,4.12960175832491,3.821630876245174,0.7099542470304114,4.19186373617851,4.046139452659,0.4928419619717564,0.23297120729023374,0.22017719550452883,0.034471235132152056,5.438775970754229,5.0149026084963975,1.0280025329588611,4.5008111218425695,4.415078801652827,0.3837123101075514,4.579919765553502,4.430128580144023,0.574565574522529,4,1.0,0.9859091601129625,0.9859059884256718,0.0009361885608278102,0,0.0,0.1831790631793433,0.17619119455382937,0.019498656264258,4.273250605091649,4.016983211550303,0.6380161552069477,22.315343091008103,22.146618947700738,1.056559232829714,0.9610485207514525,0.9870774804791174,0.06470655969084609,4,4,130.25,135.5,17.745891543302825,76.06333386918186,76.31328931213787,2.0756484729012676,137.64818490346022,134.38177586347894,6.532818079962538,23.274378121535673,23.468203222480483,1.415246237012862
front,log-0058,40.0,self-supervised,training_window,2.795402564309108,2.8037180483111,0.4140742944551542,0.049572432209789075,0.0497709068176035,0.009732478425650469,0.1767639896327491,0.17189858510060285,0.03675673410820362,3.8569726662087076,3.8885444927313957,0.7506878193959826,3.4946549647856044,3.356288622199532,0.7497838137579926,0.2115199259524983,0.20215622877924455,0.05216336719371524,4.578704221526982,4.456023291437793,0.838129672988076,5.185035328398009,5.199367886320115,1.5447450776846818,4.543637002172961,4.63986418485795,0.9413807360425291,4,1.0,0.9874611757165073,0.987179497312237,0.0029379629895244716,0,0.0,0.2085309573647239,0.20012093963973582,0.04903628338425743,4.517911007808598,4.4146311389844755,0.7879594828023896,21.135893097890786,21.103058899888488,3.3546217877818325,0.961252792778655,0.9566414151205975,0.09402031116833227,4,4,84.5,85.5,14.843629385474879,77.82179133554078,77.67750837732555,0.49092948908555134,133.9414934602187,132.39700890513268,12.97097293959506,21.903359337612073,22.074928231207902,1.655705841810365
front,log-0063,40.0,self-supervised,training_window,3.134934228053781,2.8153131290625613,0.9673501029903928,0.04942307421366868,0.04872842031307214,0.00846559933889666,0.15532363739587834,0.15472323553857387,0.019582710403908497,4.2423372659581515,3.970542472730836,0.955146316118731,3.5471446786147025,3.3168474708941944,1.3129202619752183,0.165207958315394,0.15942385416087704,0.017778384351852135,4.541806341922565,4.36409056664805,1.125055879688095,4.294101954623274,4.204927213003385,0.8965418676559395,4.460087696885015,4.475486035416406,0.6890116254229502,4,1.0,0.9906646231334826,0.9904779463368549,0.0017321594969149058,0,0.0,0.15999881880517172,0.1575229417939514,0.023999729252932478,4.375289741838149,4.006520319427655,1.0906132255549206,27.18921432144565,27.885978663184694,7.355072762466869,0.9812170871152806,0.9672893868251418,0.08661649570485253,4,4,58.25,58.5,22.60346581094737,86.03221247700563,91.61811550907755,12.706626183339335,139.06361732684096,139.2315352964264,16.380247733720665,27.39621491719557,28.441230788211655,5.295383198179234
front,log-0071_183,40.0,self-supervised,training_window,2.4800123010888964,2.0455250397900047,0.9652744036125288,0.051585726922505425,0.04578452374162218,0.01554949394004174,0.17500894564068548,0.15134405495616404,0.05801322972800763,3.790958408044675,3.150873563834698,1.6048377421215474,6.140744513773675,6.245719610032715,0.8154146629214023,0.32229612852598527,0.31891615478092195,0.029510506524823284,6.850803996931682,6.802928382525434,0.813949631127984,5.029730364670961,5.247780124801178,1.6305521138208534,4.218592590395977,4.396748240871782,0.8314625990312643,4,1.0,0.9874098208602544,0.9901380731155158,0.006845419277941243,0,0.0,0.17696572800910854,0.1535746285124739,0.057857123608258745,3.8317012251616718,3.1962780254957455,1.6022471489123953,20.57261433938064,20.31674289585734,1.7443301748622768,0.9721452342106508,0.9986400925300781,0.1088597305672254,4,4,114.75,113.5,12.338962679253067,71.84977214151752,68.90540258986094,7.661096633397521,126.46860095013591,120.6110642239135,18.4246219717721,21.261147024394585,20.835609743574693,1.724174545515947
front,log-0072_184,40.0,self-supervised,training_window,2.305144847479805,2.4134995094948253,0.4331491879795417,0.043443806788672254,0.04077982614865901,0.0077495896989373285,0.14412436885960025,0.13446702764429536,0.02864309856395059,3.3804705199538008,3.431630106888966,0.7961553130288103,3.438024473872641,3.4148401368411925,0.22302691051519768,0.18437980994291006,0.18572650769201407,0.010616452228411021,4.296381334141982,4.4392819543044775,0.4058049229470436,4.1108914611664265,3.9525876232099755,0.6940164391360163,3.7499545636620937,3.6263591282122563,0.9794111906821084,4,1.0,0.9907758345708884,0.9909253808218424,0.0016442400730054692,0,0.0,0.14619605906787375,0.13755190669288497,0.028491548926746935,3.43137455171192,3.5103357644406072,0.8071183514097428,23.8871861349974,25.341839983666443,2.9919112383052036,1.0217792036385946,0.9983126001665285,0.05108271410553228,4,4,104.75,105.5,18.83923211457056,77.44934166944098,81.22081362276343,9.978858533004296,138.20801399441228,141.66117742766545,12.46438003969151,23.39019654929347,24.305132711934334,2.8897130985865807
front,log-0073_185,40.0,self-supervised,training_window,2.499392287782218,2.344909731083889,0.9889064213002023,0.06392159852142162,0.06264896360156602,0.006347244464126805,0.21118326858200293,0.20210666159889562,0.029768946444115322,3.498655407488089,3.187062985805201,1.3348808139592838,2.600572382271534,2.4857669204506054,1.0540035966618346,0.23346588075748642,0.21990877438446124,0.04788307371699092,3.908516851908148,3.481179971384368,1.735225716692276,4.618072745617679,4.329313403407017,1.0941382556735877,4.495040639051847,4.0519497544344505,1.1297103008947613,4,1.0,0.9834953476441053,0.982058745057413,0.0035584374580480737,0,0.0,0.2159613750014279,0.20600655658496678,0.027574444149531186,3.5683854846461505,3.249663111285075,1.311630585373793,16.75593506533749,16.067976541504237,5.8413741170733156,1.015105727207522,1.0173890371249337,0.12152472196401094,4,4,52.25,51.0,3.2015621187164243,53.745171399570395,51.821367296267994,15.138516585259849,102.96859487283228,100.28334716538382,11.177146624991545,16.176445853762516,15.732508378658135,3.788504319458896
front,log-0046,5.0,self-supervised,full_log,3.394766557365584,3.6415580693406215,1.1264697854975736,0.06541981048822673,0.0681637291946252,0.017110534377439084,0.21787827718891106,0.2270167977079229,0.05698600659518841,4.429759353547667,4.615557806100973,1.1586024040271448,5.689610504061124,5.762478112704478,2.24552502495784,0.34210755245715635,0.34106673215027467,0.13010536781248866,6.9555081395398375,6.93434685834532,2.6452176758971726,5.036761731667238,4.679554885554917,0.94110829367031,4.81920199640469,4.947692944236509,0.6349282933377668,4,1.0,0.9835780157698553,0.9838003669748259,0.007298379739969598,0,0.0,0.21787827718891106,0.2270167977079229,0.05698600659518841,4.429759353547667,4.615557806100973,1.1586024040271448,21.036183161254026,21.733574593614172,2.730260710698184,1.0346673442054484,1.068968630501564,0.13428822029510074,4,4,19.75,20.5,5.909032633745278,67.71281238035488,67.71281238035488,0.0,164.92645015628375,164.92645015628375,0.0,20.331349277683387,20.331349277683387,0.0
front,log-0048,5.0,self-supervised,full_log,3.6362723457700623,3.7922749273668184,0.9414537875327775,0.06364886956819574,0.06518866263461644,0.013371864815215203,0.21209828905834255,0.21722936958039035,0.04455930903514067,5.0199613697953,5.1414042447960675,1.0546337314378185,4.065346778064348,4.023355242709778,1.3652535562162933,0.24746651052124113,0.2591078311250741,0.068199663852442,5.857059614436384,6.132587436862941,1.6141557741567159,6.4938816009729035,6.159105402750956,2.740390659626222,6.4938816009729035,6.159105402750956,2.740390659626222,4,1.0,0.9849735918265956,0.9875163157729545,0.005687208065479095,0,0.0,0.21209828905834255,0.21722936958039035,0.04455930903514067,5.0199613697953,5.1414042447960675,1.0546337314378185,20.794408161848814,20.539252522732998,2.0044810630202274,0.8785841300784379,0.8678035541908073,0.08469128995185357,4,4,19.75,21.0,6.5,78.8696076434905,78.8696076434905,0.0,146.71012738680676,146.71012738680676,0.0,23.668089884564996,23.668089884564996,0.0
front,log-0049,5.0,self-supervised,full_log,4.13367858895559,4.073535525217831,1.3484557750051123,0.07389592032587891,0.07434726780822551,0.022150500285605695,0.2457178983682608,0.24721871403314366,0.07365459898167738,5.6252054013859585,5.659563486167926,1.6861704042726986,17.04326071315799,18.01844255423577,4.303919776906983,0.7836585333683262,0.8312372555824338,0.1998607123409068,17.940248732467246,19.029465622922345,4.575399537643667,9.38584777256916,10.332623744200992,4.693713110719799,7.364355532885545,7.742279761364581,3.1038320127312717,4,1.0,0.9874678661451686,0.9874711188099311,0.002082443653803588,0,0.0,0.2457178983682608,0.24721871403314366,0.07365459898167738,5.6252054013859585,5.659563486167926,1.6861704042726986,18.981342762071588,18.38317692336071,3.1679892203243827,0.8291351726560391,0.8030063396133361,0.13838279631169015,4,4,6.75,7.0,1.2583057392117916,76.12335534328501,76.12335534328501,0.0,124.13560881540509,124.13560881540509,0.0,22.892941209172253,22.892941209172253,0.0
front,log-0054,5.0,self-supervised,full_log,3.06043012230326,2.9260729287863527,0.6921674228377415,0.06596261784751123,0.06124618869023746,0.01996276342803519,0.23044348198741477,0.2139664167493173,0.06974084511142577,4.158922447683146,3.8615530627924697,1.2586459975038147,3.097611098571864,3.1099665323402865,0.6856556330213358,0.24470366509650704,0.2346689917439019,0.08006782111607777,4.416282712894357,4.235182219613334,1.4450218149147755,13.157140304558379,9.341904266828603,11.939613388586771,6.644351059713845,5.3077783335634825,4.154734325719321,4,1.0,0.975058425597515,0.9839761390528561,0.01933829878540106,0,0.0,0.23044348198741477,0.2139664167493173,0.06974084511142577,4.158922447683146,3.8615530627924697,1.2586459975038147,18.12179903659957,17.298528800330963,1.7932112379089666,1.0041183797972906,0.9585014532378576,0.09936079520619798,4,4,17.0,18.0,4.320493798938574,63.049687586649696,63.049687586649696,0.0,135.33135455623437,135.33135455623437,0.0,18.047472689682227,18.047472689682227,0.0
front,log-0055,5.0,self-supervised,full_log,4.133081595698243,3.705305230137518,1.2536977297431493,0.06847827143591508,0.062312383813004024,0.0210663662668002,0.22363156921486618,0.20349544288164612,0.06879707164203915,5.462925596784042,4.971035474329396,1.6805913627336706,4.16884160578745,3.7521961683333327,1.2510907173348107,0.2288584656967848,0.21038511771845386,0.071349619612512,5.590609477387584,5.139338103299251,1.7429456166248893,8.08094305410346,6.512651195360516,4.949778175867731,6.51197550987246,5.367540318321607,3.1467955925732154,4,1.0,0.9837848362151027,0.9845479071073407,0.003295782728049201,0,0.0,0.22363156921486618,0.20349544288164612,0.06879707164203915,5.462925596784042,4.971035474329396,1.6805913627336706,22.320716942898947,22.477136035329973,3.668105438264512,0.9137259637729364,0.9201291714454164,0.1501584015143059,4,4,13.5,16.5,8.962886439832502,79.77604402436594,79.77604402436594,0.0,143.32322178319504,143.32322178319504,0.0,24.42823978726921,24.42823978726921,0.0
front,log-0056,5.0,self-supervised,full_log,3.355663954388997,3.184502310945866,0.5733577579952006,0.05848583642481397,0.055186004867207664,0.008840540761357945,0.20078572498172537,0.18945718610610707,0.030350158166612816,4.551723699939571,4.294910727351347,0.6880246802229563,3.868616967028373,3.87512714835801,0.2524123839640454,0.22939128376105183,0.22543180250347594,0.011463048391910294,5.2001990826278846,5.110439391388803,0.25986224391082174,5.962511841810225,5.072332481413419,2.3308250005371427,4.83666069188689,4.809207948890572,0.4631542435139006,4,1.0,0.9801947872128088,0.9827561018208307,0.0066150526068009365,0,0.0,0.20078572498172537,0.18945718610610707,0.030350158166612816,4.551723699939571,4.294910727351347,0.6880246802229563,22.25220090376824,22.205326200745752,1.0557814408485666,0.9815895220005176,0.9795217841829081,0.04657265159259213,4,4,31.5,31.5,8.736894948054104,77.82608539404247,77.82608539404247,0.0,147.76901138236258,147.76901138236258,0.0,22.669558308260456,22.669558308260456,0.0
front,log-0058,5.0,self-supervised,full_log,4.223149414822441,4.051385256399175,0.44036652230324125,0.06994628466167771,0.07225486463789996,0.006474362187889793,0.23814827628940552,0.24600836985510113,0.022043460958320417,5.645853610777487,5.832195239322398,0.5225910327157907,4.303483948751483,4.083422722592797,0.5565206236174476,0.24593486993682073,0.24784845573646314,0.022498777451286173,5.830452754407197,5.875818714912049,0.5333853592837193,8.720806642391667,8.41420133299161,2.093324994067745,8.720806642391667,8.41420133299161,2.093324994067745,4,1.0,0.9863976465285497,0.98870235843141,0.004905778708606956,0,0.0,0.23814827628940552,0.24600836985510113,0.022043460958320417,5.645853610777487,5.832195239322398,0.5225910327157907,21.615052857408067,19.93618388315706,4.321362549987413,0.9117465550417009,0.8409300266835416,0.1822797956604072,4,4,20.75,20.5,8.958236433584458,80.71699073204307,80.71699073204307,0.0,156.16221917655614,156.16221917655614,0.0,23.707304116350024,23.707304116350024,0.0
front,log-0063,5.0,self-supervised,full_log,6.790950269489438,6.959195761009045,3.5261627740275903,0.09637725341887086,0.09880611496284433,0.043706058321085706,0.301005988653092,0.3085918229076513,0.1365030111191379,8.64820611367005,8.866154794595383,3.9218693972744405,15.72410522586431,17.043279362730058,8.589862836712953,0.610016687038962,0.6636448703937696,0.3308186232591357,17.526395623879583,19.06718750389955,9.504753220982726,12.320373343804258,12.255263822257005,6.291087643097856,9.322546635529598,9.580111458779843,4.590952965793455,4,1.0,0.9813437010494575,0.9881492853495533,0.014808284779708136,0,0.0,0.301005988653092,0.3085918229076513,0.1365030111191379,8.64820611367005,8.866154794595383,3.9218693972744405,28.3828133418376,26.616320740313093,8.922644652772085,0.9878808019170147,0.9263969698966643,0.31055798622358727,4,4,9.25,7.5,5.678908345800274,89.7328550761202,89.7328550761202,0.0,153.72213457336557,153.72213457336557,0.0,28.731010144908,28.731010144908,0.0
front,log-0071_183,5.0,self-supervised,full_log,4.020003817247834,2.970666283989222,2.4783533902926305,0.07708842872059883,0.05639903354989986,0.04956176536518925,0.260915586022855,0.19088969815599155,0.16774809487237838,5.645938145781259,4.13065177471298,3.629891882500011,7.509319794440249,7.840692084927724,1.7279293777261793,0.4106960969949505,0.39327593118159543,0.12805818080481274,8.887030459514818,8.510076440896547,2.771043995133022,12.765486788776029,11.0580580745977,9.827412989275452,8.222635191061682,6.27660110662832,6.107635379253286,4,1.0,0.9874998049215054,0.9877814546251529,0.0017294794391450885,0,0.0,0.260915586022855,0.19088969815599155,0.16774809487237838,5.645938145781259,4.13065177471298,3.629891882500011,24.497533780875052,22.736891175832376,5.232705983132257,1.1321038625489996,1.0507393337124995,0.24181889932577869,4,4,22.75,25.0,8.80814017448254,73.23976165404193,73.23976165404193,0.0,153.6761142601884,153.6761142601884,0.0,21.638945498973378,21.638945498973378,0.0
front,log-0072_184,5.0,self-supervised,full_log,3.160852560996663,2.8073379668235727,1.0489372649013708,0.05937351783387305,0.05317239411438721,0.015779517002390914,0.20280815462955712,0.18162634657672508,0.053899698736982624,4.250677749379181,3.8067259746280495,1.1296895360939436,4.469800577163775,4.199211857947793,1.3788325088639006,0.27444573546568857,0.259388396817081,0.06799774834011912,5.752137448747294,5.436549081625612,1.4251720617702694,9.531295219524129,10.8878466451911,2.9530656942452356,6.242668532693857,5.661607142480452,1.5758092917573987,4,1.0,0.9878242264906048,0.9879419214125822,0.0014954442904794773,0,0.0,0.20280815462955712,0.18162634657672508,0.053899698736982624,4.250677749379181,3.8067259746280495,1.1296895360939436,19.27307714350423,19.46812076184818,2.90958163391316,0.9195562307865062,0.9288621435469795,0.13882183423670796,4,4,25.25,25.0,8.99536917900909,71.59214923516183,71.59214923516183,0.0,149.74909046631353,149.74909046631353,0.0,20.959106684557796,20.959106684557796,0.0
front,log-0073_185,5.0,self-supervised,full_log,3.464632578311967,3.1234274491148835,1.8118754043256593,0.06950318661052429,0.06788046250413537,0.032509818054655776,0.24493034504513622,0.2392118392517527,0.11456512056205094,4.676262181700774,4.567083254228523,2.1873016204977866,4.0733898460768,3.452037204573032,2.6334934411693602,0.27978242178709445,0.24674616363582852,0.1599435473468797,5.341665434989453,4.710930175994902,3.053676185069879,7.061358879669327,6.1055088315046895,3.9826975078364537,5.605903898526792,5.033843145980847,2.696975055100404,4,1.0,0.9678301538956946,0.9704294324664144,0.026070827445653488,0,0.0,0.24493034504513622,0.2392118392517527,0.11456512056205094,4.676262181700774,4.567083254228523,2.1873016204977866,18.037605070800318,18.149904589805487,1.6584570160445637,0.9447624324973571,0.9506443866884575,0.08686562758861037,4,4,15.5,14.5,7.14142842854285,67.28126305783923,67.28126305783923,0.0,147.53985945089536,147.53985945089536,0.0,19.09221244447691,19.09221244447691,0.0
front,log-0046,5.0,self-supervised,full_log_excluding_training,3.402749517910565,3.6513446584270985,1.1364242875441282,0.06549307008163208,0.06823072084468225,0.017192505952689598,0.2182613212291688,0.22756512662336797,0.05718906598955077,4.433753797874246,4.622618855586078,1.1637794740038516,5.703204147902603,5.781282703524257,2.258861590375357,0.34306637167879844,0.3420213130572427,0.13065553238196645,6.970511707233028,6.956475397664615,2.66016724313192,5.059430733356363,4.676945501945155,0.981168032650273,4.819908426397389,4.943877041882178,0.6307127252873739,4,1.0,0.9835860851661475,0.9838474571128286,0.007251137973636005,0,0.0,0.21826406996147235,0.22756753792010817,0.05718952631539717,4.433809645950564,4.622667854621895,1.1637888984214995,21.035237230493056,21.750476820134253,2.7654739984595653,1.0354496707993872,1.069558569989371,0.13495456992751215,4,4,19.75,20.5,5.909032633745278,67.69953788773515,67.66895661333076,0.1603789720918684,164.92645015628375,164.92645015628375,0.0,20.31248350447744,20.31628064228437,0.033505733156466044
front,log-0048,5.0,self-supervised,full_log_excluding_training,3.64647981468607,3.8044570599549843,0.9530327353999083,0.06377195698869736,0.06534527107275372,0.013373997916446546,0.21235490187758677,0.2177631562336716,0.044564634047036505,5.033501301036575,5.152992041592822,1.0622231110236244,4.07666922967791,4.051010827531648,1.3675457810396,0.24783568770520692,0.26038542925332064,0.06815757876007436,5.874575357775796,6.161685380948729,1.6216858960783544,6.492594868130546,6.155245111383438,2.7323245649431636,6.492594868130546,6.155245111383438,2.7323245649431636,4,1.0,0.984921234175126,0.9875373550020627,0.005726622123166179,0,0.0,0.21235871138160592,0.2177683380372798,0.044564245713673845,5.033591522540273,5.153114659830934,1.062213569942518,20.819651429197318,20.530952279736546,1.997431831870901,0.8785322807240871,0.8677787542566751,0.08473674689825139,4,4,19.75,21.0,6.5,78.91438997475402,78.96678270119362,0.16920408585492477,146.71012738680676,146.71012738680676,0.0,23.699387321473576,23.701620730729644,0.05682302431357802
front,log-0049,5.0,self-supervised,full_log_excluding_training,4.155338477985756,4.09898593997295,1.3550686429963246,0.0742254282274532,0.07468700831475256,0.02243010656557718,0.24549934383420643,0.24717336744147375,0.07396457700282719,5.648650712673455,5.687000243610038,1.6893595127097083,17.04142502123931,18.00177807548102,4.287344288297582,0.7798769627427812,0.8261300791151502,0.1998366959165234,17.945770646730068,19.023841704749046,4.55983727331744,9.39270449084884,10.328361955567003,4.711375497446101,7.373710309483111,7.744721056459904,3.122098446984097,4,1.0,0.9875173516108747,0.9875585115497291,0.001988550801269912,0,0.0,0.24550299737465678,0.24717489472027732,0.0739672940642092,5.6487347746085295,5.687035480800311,1.6894221331711785,19.08561345099499,18.478356786443754,3.219139358522149,0.828820397578515,0.8026365397682057,0.13800854139781324,4,4,6.75,7.0,1.2583057392117916,76.1590371668613,76.16776163127207,0.2562210089188188,124.13560881540509,124.13560881540509,0.0,23.021343052577304,23.024328620757075,0.06533304270849512
front,log-0054,5.0,self-supervised,full_log_excluding_training,3.062332851860031,2.924903276593778,0.6951292278956375,0.06590968284804957,0.061139913469058844,0.019962374761906987,0.23040784178902518,0.21386371933410175,0.0697575421167315,4.15977309556243,3.8566211460761064,1.2614798724541991,3.0983562460193026,3.106465114980734,0.6868807304625246,0.24470586063123556,0.23453578756710963,0.08005923011713392,4.4177451442484035,4.229366664338885,1.4466019816306632,13.150588877280619,9.333794458521512,11.939472259875087,6.6377911236198806,5.29618525857822,4.154527143412123,4,1.0,0.9750412491343617,0.9839567464118959,0.019358851558212674,0,0.0,0.23040866813091332,0.21386393365871964,0.06975712542367206,4.159788025582619,3.856625011056763,1.2614723972203477,18.126572281921163,17.323978120599243,1.7727942042713232,1.0041411684835662,0.9585943414027434,0.09902358276215094,4,4,17.0,18.0,4.320493798938574,63.109189607741285,63.10864278294438,0.03734537894188336,135.33135455623437,135.33135455623437,0.0,18.052807343715667,18.05344862654792,0.022554233564314918
front,log-0055,5.0,self-supervised,full_log_excluding_training,4.134411463645158,3.719272666892148,1.238900986881118,0.06849906399736827,0.06257541204111253,0.020838495643700387,0.22363283972266346,0.2040966261688676,0.06860511467125392,5.4727791225914455,4.988391407194961,1.6746176737566505,4.175711867269775,3.7743266358233276,1.2321777000683976,0.22889208894855156,0.2112612683678343,0.07090068641544428,5.601539419699225,5.163853298523012,1.7310695485777934,8.077575522393303,6.529740224410396,4.932643780260058,6.509104825331365,5.380455398638432,3.134021542661768,4,1.0,0.9838310930664562,0.9844539743924892,0.003194992088073558,0,0.0,0.22364072563477433,0.20410126815245105,0.06860591713852734,5.472972393915538,4.988505055838224,1.6746378426681936,22.371496946924825,22.527437499800385,3.7056070880660466,0.9138355594164247,0.9201336977280828,0.15038863830725005,4,4,13.5,16.5,8.962886439832502,79.87253790450748,79.94864438901054,0.24438692659317973,143.32322178319504,143.32322178319504,0.0,24.477630033348394,24.476216200662897,0.07351257985582421
front,log-0056,5.0,self-supervised,full_log_excluding_training,3.3686626240151836,3.1928076931576648,0.5794079232608695,0.058645052497532074,0.05526669983628514,0.009148525903538375,0.20157789591417716,0.1899978985308934,0.031377239942134885,4.568737227062614,4.308689515789236,0.6919277155005523,3.8874859264797483,3.881744552319958,0.24520436693981992,0.23030673215918968,0.2256734837612533,0.012223433449014645,5.221473505287758,5.131223406982144,0.2580416538831592,5.964904515423273,5.082958437669624,2.316521626453228,4.842148832914611,4.820838740982095,0.45481729585804,4,1.0,0.9800190218145082,0.9826552632986474,0.0068719464255856426,0,0.0,0.20158067751299885,0.18999880761069005,0.031375127823953936,4.56880053237481,4.308710129819056,0.6918802103406396,22.258415458528383,22.149371970867502,1.0742667367983112,0.9816149942449754,0.9796312926326858,0.04681636660815656,4,4,31.5,31.5,8.736894948054104,77.94263594221462,77.96202737371263,0.34733362442565013,147.76901138236258,147.76901138236258,0.0,22.67502983258667,22.67763087343205,0.09495717499211379
front,log-0058,5.0,self-supervised,full_log_excluding_training,4.212620689416212,4.039152776758311,0.43583411864055455,0.0698430837391632,0.07204618115035447,0.006552323991402053,0.23772980415348696,0.24552953593007087,0.022322058949899887,5.630417155567499,5.809007103676532,0.5124756248556985,4.287190720148916,4.076516654265513,0.5501632726527741,0.24521471574676118,0.24731609947692992,0.022797140335155293,5.807802659074719,5.851316086359538,0.5241887909038051,8.700915983058454,8.406436259164096,2.075159449030003,8.700915983058454,8.406436259164096,2.075159449030003,4,1.0,0.9864163221722965,0.9887423152762331,0.005038612629528668,0,0.0,0.23773380407265984,0.24553081876003438,0.0223209542713778,5.63051198693239,5.80903747114683,0.5124491818717001,21.597221700410028,19.946846174928453,4.3084236899957356,0.9116603172008004,0.8410734456329707,0.18176102467795502,4,4,20.75,20.5,8.958236433584458,80.63221617570494,80.63118419150544,0.2657977921885622,156.16221917655614,156.16221917655614,0.0,23.689340236075775,23.663343608662416,0.07506033040424069
front,log-0063,5.0,self-supervised,full_log_excluding_training,6.876936803269454,7.07909332365531,3.5686148984353054,0.09679809672121319,0.0993037907207773,0.04386242082001654,0.3019023800921083,0.3083688891761823,0.1375780426348535,8.702763475090869,8.951172202883644,3.928150294493552,15.608661385516523,16.888496444583318,8.453504080108136,0.6046774292376843,0.6586606306547467,0.32682524223543463,17.43904039718838,18.937749168175152,9.38960425416892,12.358764670164977,12.326117349345456,6.30224456849716,9.373709669157924,9.626009095818803,4.615888842914515,4,1.0,0.9815451917660791,0.9882994727363278,0.014501662679230923,0,0.0,0.301950553352697,0.30840595245570557,0.1376263988089225,8.704147621638464,8.952246931154932,3.9295268280438753,28.44512093543005,26.775578250105283,8.766604217892171,0.987387817888962,0.9253189132478113,0.3126351936303609,4,4,9.25,7.5,5.678908345800274,89.95596402388621,90.06778868287714,0.2795574553301262,148.86391304396997,153.72213457336557,9.7164430587912,28.860739983049125,28.889359397997758,0.2396699804058893
front,log-0071_183,5.0,self-supervised,full_log_excluding_training,4.023379919742303,2.970546761804119,2.4866375209432974,0.07704567273044648,0.056347991504740125,0.04954637199088205,0.26081002091399264,0.19071748444832798,0.16776846260699793,5.651372554293051,4.1306516450062905,3.6399214752263336,7.521851451203388,7.852674428297156,1.751637223603982,0.41066187609486904,0.3935382757178242,0.128657417775253,8.896845012471529,8.52178076387645,2.79314137189885,12.766525207943005,11.05407159106901,9.833822875477724,8.216605316223173,6.262798659652425,6.110038228365039,4,1.0,0.9875035075323149,0.9878055293551373,0.0017517556609490173,0,0.0,0.2608120738764568,0.19071888564494377,0.16776904017278016,5.651417028038367,4.130681991161899,3.639934019871074,24.526490708068764,22.749065403813177,5.253217805063373,1.132134349323419,1.0506221868370251,0.24169498578242166,4,4,22.75,25.0,8.80814017448254,73.32294181117052,73.30440074012691,0.059831627746994534,153.6761142601884,153.6761142601884,0.0,21.66184472980523,21.65859344583123,0.014462548397165799
front,log-0072_184,5.0,self-supervised,full_log_excluding_training,3.163097072290701,2.8092837539270676,1.0487223011938567,0.05930421301293255,0.0530844098753365,0.015868259462222197,0.20272877798910233,0.18139921371365553,0.05409001280423012,4.249225954666237,3.801667531620143,1.1353861346645406,4.481888392915883,4.2126880248193155,1.3787109790143308,0.2748047003316313,0.26008430550460626,0.06820177782178133,5.7600718656532575,5.451294079939627,1.4315791161671165,9.444892211136219,10.756263901389548,2.8880777817291414,6.237910220843762,5.648928337117091,1.5786774707218598,4,1.0,0.987777680576864,0.9879026411122052,0.0014740824304010133,0,0.0,0.2027299721578851,0.18140014145082023,0.054089618642642084,4.249251008774655,3.801703157624504,1.1353779539656619,19.267794571884973,19.4847542077706,2.903330255358911,0.9192415736559205,0.9291152630131498,0.13815849647580342,4,4,25.25,25.0,8.99536917900909,71.66033210421163,71.6815684462423,0.2409776630876073,147.88969652462026,149.74909046631353,3.718787883386568,20.959742484745924,20.954077945249914,0.06773673628757827
front,log-0073_185,5.0,self-supervised,full_log_excluding_training,3.479844081339926,3.1449423415372015,1.8130373795909687,0.06961240295581282,0.06807250730974528,0.03251794473684226,0.24503048386740714,0.23955806929734974,0.11460234777017334,4.695589223573434,4.593015588468488,2.1932305698407606,4.085128848350651,3.472201940160393,2.628193889560672,0.2794772140670247,0.24694950374433997,0.15932524607654,5.355203081436377,4.734424135666183,3.0486565397301235,7.070094131636056,6.111351832166289,3.986063876840759,5.617412871128329,5.043875420867233,2.703842437258413,4,1.0,0.9678037615647904,0.9703998280896509,0.02608659638938811,0,0.0,0.24503110546419848,0.23955819829422836,0.1146030947253405,4.695601125818788,4.593018061658575,2.1932448489856853,18.0961176547018,18.235077059687555,1.6577053957702752,0.9441109662565259,0.9507929300420404,0.08695359792025638,4,4,15.5,14.5,7.14142842854285,67.45391788392088,67.45336071865856,0.024840614122960993,147.53985945089536,147.53985945089536,0.0,19.167968483220974,19.173111626329693,0.016077261493832342
front,log-0046,5.0,self-supervised,training_window,2.548372883677572,2.478680549940803,0.7376635886211608,0.0511622728766296,0.05261348750220515,0.00885090261938398,0.17283155155815677,0.173217262726539,0.03392576756477457,3.525580722483871,3.375035410697949,1.0187460125790255,4.5439560288308,4.512814743232598,1.2223207340788118,0.2736528082027464,0.2719945431852919,0.09044188675188677,5.419150815520435,5.4558945436606,1.477512691155828,4.090454087245288,4.031042054502648,1.4017379492787865,3.1297574243614315,3.1623539886591274,0.5475790700033182,4,1.0,0.9875377769482396,0.9890627762169361,0.008337505812891215,0,0.0,0.1988719148474932,0.2026496171501688,0.039889474293237054,4.015042072065443,3.8734229722938514,0.9811618514337529,19.05331401331952,19.429302108343222,2.5822048489437703,0.9445864245744311,0.9614870129940861,0.06767325024153643,4,4,19.75,20.5,5.909032633745278,69.5626670044768,74.4532799914541,17.99200617767079,97.95784036625011,97.18821972494575,14.340000043303903,20.29823754735671,21.103951120204925,3.4095537304951455
front,log-0048,5.0,self-supervised,training_window,1.7002233706520724,1.6964578599901916,0.22847835173623077,0.04701394608323411,0.046982636494118296,0.014631529746480548,0.15825533837917455,0.14588907909586307,0.04519481228290664,2.4817303685454184,2.4835858929422727,0.14476783221794265,3.0754211212113622,2.4915987273817284,2.065162000596231,0.2546368967943011,0.17525073734331914,0.18790535224576912,3.7657621337511396,3.127835963396392,1.8310772507968756,3.8232976777804435,3.4288041397853606,1.4884137670667588,1.8187864082170941,1.690885976253174,0.5083418364656486,4,1.0,0.9902925327711487,0.9911927707629382,0.004875292649972177,0,0.0,0.22409212980493654,0.23027936914451322,0.04865833068697301,3.574105908891174,3.4356831435567408,0.5503021788320085,15.160866327610123,15.654516734501858,3.7548856456975352,0.9185083193380559,0.9154546616829569,0.056260689524870726,4,4,19.75,21.0,6.5,56.28447788305225,53.79261797277127,15.26889671513752,87.4116620236447,92.04736194206393,12.87971408490066,16.376324739175146,17.110680024705637,3.2501340897510484
front,log-0049,5.0,self-supervised,training_window,2.6383790234542253,2.693535476096237,1.104661432580985,0.0809453554362627,0.07777523983251122,0.0129037496206493,0.27829019091314233,0.2754056031447495,0.045618902550561405,3.951045054067629,4.099025224449913,1.659632818154674,17.133382653706807,17.8629141359721,5.395060576072356,1.300678954102145,1.2917949220375429,0.3280501862404791,17.606128058522792,18.298788772334504,5.547805301492321,7.192607063455975,7.236280940334784,2.5925982284510214,2.1114452974856417,2.107085487466836,0.6202062838744612,4,1.0,0.9835095763364863,0.9797593475240312,0.01070193010421778,0,0.0,0.30171623861358593,0.2803221315313985,0.05629982025833322,4.250646594615166,4.314947075821751,1.7435523501371015,11.832141945831067,11.763602924902681,2.9821878414159415,0.8869521516388633,0.854790160447735,0.2169390226917404,4,4,6.75,7.0,1.2583057392117916,49.08438617443376,47.917247237723046,20.521287671194035,77.27744080748165,76.52714840543662,17.75269399394553,13.842280640697856,13.370410383299156,4.470683588171761
front,log-0054,5.0,self-supervised,training_window,2.292638765815991,2.485185349127999,1.1871509732535825,0.056443993709743616,0.05834858615947109,0.03152142513966906,0.19260162201036485,0.20620505239538617,0.10183273395849489,3.292144762082774,3.233031176134764,2.044216794111966,2.9833317435283653,2.610284245787901,1.0564771555624979,0.23550189217518952,0.2160609378324487,0.0806068763007434,3.9558521188901525,3.3302931498039587,1.9711039869545919,4.5956251328731454,4.307100157001059,2.8564492478077312,2.0985712239127468,2.308272667733238,0.9224826362388161,4,1.0,0.9872557632926207,0.9910164079942703,0.013422398078150561,0,0.0,0.2345688812739296,0.23960603727415522,0.06541525328529896,3.8643371652823175,3.4885827027054765,1.4733534805502575,16.49450133416626,14.471711162245597,5.511748932408726,0.9931462622236737,0.943093210317519,0.16083432231918393,4,4,17.0,18.0,4.320493798938574,56.52338916083096,56.53022042041384,11.10935224772295,80.82779351008526,77.85201338178805,10.70612502520401,16.407214898861827,16.23154557551169,3.370134738207808
front,log-0055,5.0,self-supervised,training_window,3.426271025019166,2.8224200325322473,2.4005921779981225,0.07225276335917626,0.05194117079636605,0.05508348043962358,0.22866233353978183,0.17430933555627048,0.1619131190830384,4.039952480645652,3.5433636262531474,2.459644731196433,3.8049430016991055,3.2996382867912653,2.4837364483622606,0.27132330246613356,0.2076904950690559,0.2026557783069418,4.699228245014373,4.044402750882256,2.9687448670743497,4.644782413512989,4.54969320690605,2.185045944308655,3.560301228234607,2.6869787408926626,2.6179502401893284,4,1.0,0.9755293841873277,0.9916709681874216,0.034666852563232764,0,0.0,0.2767966571704833,0.21220575323322088,0.16060735633639997,4.8193815669717885,4.1105174768408475,2.2239281915739357,15.828170502013268,15.088989516586643,5.5495229909606945,0.8465748039326291,0.8749717843280136,0.13445748705601673,4,4,13.5,16.5,8.962886439832502,60.835022144541085,52.09831272723155,22.217219126167944,90.65279646417602,97.65154378360322,26.56889625342446,18.493806290416543,16.762289587008947,5.026597227464835
front,log-0056,5.0,self-supervised,training_window,2.2248759872506287,2.5824060023721853,0.8895278250713525,0.0424336803901674,0.043839118884862416,0.006530705071723926,0.14347986951733102,0.15234671304104508,0.027541208248368153,2.9188460804329033,3.2500439383179707,1.0848797857394303,2.721167703341866,2.8883410994021648,1.240502602625842,0.17140451664409212,0.16327601144799403,0.057608202513698144,3.468266559527954,3.734821364424562,1.4715195852493097,3.130115910865788,3.5944093353897335,1.1231415937190092,2.7416540759681127,3.0110790112321792,0.908373747426456,4,1.0,0.9898624651864791,0.9889870132912553,0.003345960409813297,0,0.0,0.17454022960012383,0.1664763898710266,0.02857043525227244,3.3477765633035848,3.350010260940021,0.4495886439219349,19.288457412896626,19.02400991102544,5.351366893284938,0.9740540096359109,0.9772013471641714,0.03357089194379432,4,4,31.5,31.5,8.736894948054104,67.15509549204481,69.8855033114479,19.917372988346994,99.03155280495442,105.45925263588813,20.1987807814331,19.811671303742113,20.12493765038913,5.340010693714775
front,log-0058,5.0,self-supervised,training_window,4.473428248539727,4.871110427344858,1.447310138407853,0.07744298413902555,0.07108593476235352,0.01857126618036925,0.2578964017904284,0.23980219058273156,0.047892060672538296,6.053592583555496,6.348428640234886,2.0711112507489378,5.631114977752424,5.382300069204881,1.3261480881768928,0.33021277577261177,0.33293493046262623,0.08421853288735513,7.374618830720317,7.500015939723784,1.5902344946157925,8.516702553169885,8.060966679969733,3.901594774063624,4.249534391819245,4.193580303280418,1.849957453350201,4,1.0,0.9858744889927954,0.9851359413524239,0.006143778820468007,0,0.0,0.293150283439722,0.30382409312027137,0.05426352551392622,6.684623183779106,6.874941138845738,1.6869289666127458,21.865028342345227,22.33338431316775,8.306298138993066,0.9280411980946781,0.8357675212606281,0.21898856134268443,4,4,20.75,20.5,8.958236433584458,78.39969596435557,83.95491112019961,22.400726272760075,116.91417199782524,124.36464936482801,35.442109234252484,23.4504126697745,26.3004567419504,6.817236490725639
front,log-0063,5.0,self-supervised,training_window,3.3680600487583856,3.1064962877097164,1.6062041645917944,0.07912862030806403,0.07775705034232665,0.030547955409634186,0.25139303833332427,0.2741478165186756,0.09804132819341162,4.586891124479162,3.5752251834232838,2.482066361864656,19.23449692037421,21.749885351212676,12.799651531980587,1.1984593307611937,1.2007801496860777,0.8427287348196698,19.827104495875428,22.138417172995013,12.874344715025705,6.82009746071976,4.532720355944637,5.888402476604989,3.609441524612363,3.5132880786994782,0.9100181749866492,4,1.0,0.9823536738210534,0.9820692329142593,0.01542961687479532,0,0.0,0.3696419381075743,0.4143913008197007,0.1844657110315572,6.609676832235987,5.653401933415729,3.9582762835879426,21.529736231347975,19.940138865173655,8.960628123778354,1.1271335636439686,1.082622074286119,0.14568444116494,4,4,9.25,7.5,5.678908345800274,57.382006315407295,57.8505997065775,13.149479090654825,89.9640943404884,71.76998732191143,39.93113023495758,18.91752819999322,18.83210360069919,6.768414120030442
front,log-0071_183,5.0,self-supervised,training_window,3.1513148472046577,2.6566850202171466,1.2293566445689568,0.07730975818260723,0.06246559805613568,0.046617674985607316,0.2597910556780371,0.20362908696730755,0.16196809925708824,4.739267997051684,3.8661182539383296,2.5891181534594967,6.43077556482592,6.272817994951412,1.0866188533265735,0.4209336019150844,0.42345820480711327,0.09100289126905893,7.804146988655994,7.95112391791337,1.080177307726368,9.816406634995804,9.186244493177671,7.333818396408458,3.2185915162304446,2.7134792288865848,1.2978596785842569,4,1.0,0.9889684368376994,0.9895120940155109,0.003185328886505767,0,0.0,0.279104694184823,0.21421809840805547,0.1724846978271127,5.0999185372947,4.160152097479094,2.759216775171401,20.639696005486993,20.865786588013634,3.8607449400143286,1.1078843521411599,1.043832349844503,0.25906854991945066,4,4,22.75,25.0,8.80814017448254,62.83254806934151,61.88239638853624,6.307060147929739,101.84668492731636,103.23341485474688,14.632588995775764,18.78642471707529,18.853122571309882,1.5272233792583794
front,log-0072_184,5.0,self-supervised,training_window,2.8065873008610347,2.883788451028134,1.341073555684922,0.06679453626806757,0.06936221735030358,0.023343592290450386,0.20236901878755933,0.1999960828649864,0.06286245027441614,4.048583756494344,4.593313779184735,1.566947303180113,3.6282854858801876,3.3125077473626474,1.436158509686671,0.2582656728799041,0.23062314097274367,0.06556604370576101,5.051066564788231,5.3001664931652765,1.5416431529973407,7.31484159346464,6.703063117123158,4.798888743312671,2.9590219672228915,2.966861820378957,1.349112321993412,4,1.0,0.9932644485237266,0.9932824078996294,0.00023088704264366444,0,0.0,0.21264179919299483,0.20343562315306912,0.05313117311779719,4.210126867598755,4.6725964490374,1.400836530515489,18.200705959147584,16.66475364762746,6.329837384202984,0.9226427791309977,0.8925776777710266,0.184245905840224,4,4,25.25,25.0,8.99536917900909,60.15098470832902,58.22296524480669,14.897662908082255,109.67567949566981,109.30486735903625,31.964344402373026,19.579844775789145,20.721502295931774,4.431556870024318
front,log-0073_185,5.0,self-supervised,training_window,2.456220730065718,1.7312994909394472,1.8666717564901583,0.0668871678498598,0.056879096300839135,0.03704136618045543,0.21946123735006387,0.18137019347886507,0.10995648325572414,2.9735646053310694,2.273231880572476,1.8928823764251224,3.2994576326411016,2.122610897089049,3.1189834234516827,0.3023817718407503,0.21799296299666435,0.22392489719384362,4.181988111293556,2.7417558637422617,3.652502442847327,3.447479056386211,3.1024206612948637,1.2649457617216775,2.583619453067442,1.737213820235381,2.0797508022721396,4,1.0,0.9790006303015579,0.9841584340787084,0.017708995975609487,0,0.0,0.2239504639614736,0.18316572245729623,0.11647153888003886,3.0393906302460207,2.2910211938450704,1.9938130914703107,13.30852755367604,12.175787264120599,3.277070815262596,1.0152805798404996,0.9797178694842279,0.12178444926883929,4,4,15.5,14.5,7.14142842854285,43.693152945575335,43.876651657259345,4.758148223762171,74.63248069421141,73.66590798574028,17.016425967379995,12.971899483383362,12.493962621640254,1.5602054936635052
front,log-0046,60.0,self-supervised,full_log,2.273080463132402,2.348849954894561,0.3356459570114217,0.04708283813873947,0.04772392400261952,0.00639430332667713,0.15680766395187057,0.15894277688646835,0.021295992486717145,3.188111385223083,3.23152111204369,0.43297626146236756,4.019734971628433,3.9836856166292756,0.524073511221389,0.24031636019260091,0.23808876631422932,0.0359432029069012,4.885955856217337,4.840665867027335,0.7307738124588531,4.174793039537256,4.267222349356751,0.4697596010594986,4.018267381323757,4.044718978556698,0.5780910568004434,4,1.0,0.9876940198045949,0.9875116692002341,0.0033081807214248586,0,0.0,0.15680766395187057,0.15894277688646835,0.021295992486717145,3.188111385223083,3.23152111204369,0.43297626146236756,20.101760158945325,20.191747606071566,0.46317204514220484,0.9887076299953161,0.9931336740269838,0.022781175947363383,4,4,113.75,116.0,15.348724159790395,67.71281238035488,67.71281238035488,0.0,164.92645015628375,164.92645015628375,0.0,20.331349277683387,20.331349277683387,0.0
front,log-0048,60.0,self-supervised,full_log,3.00257329898443,3.018084206824425,0.5692808208968628,0.054917301898101636,0.05468550017857009,0.008467448876541326,0.18300192684188796,0.1822294897436808,0.02821623434300232,4.3313060535423915,4.313023942871853,0.6678243706341289,3.2826929139539063,3.3033058594117835,0.8246550105211383,0.19945112375521468,0.1981981595010534,0.04136275259447403,4.720627124615918,4.690971854026282,0.9789773462790354,5.099457912492951,5.128871733681836,1.5866748348106283,5.099457912492951,5.128871733681836,1.5866748348106283,4,1.0,0.9855392312691694,0.9856218756438635,0.0023764857949085862,0,0.0,0.18300192684188796,0.1822294897436808,0.02821623434300232,4.3313060535423915,4.313023942871853,0.6678243706341289,21.92493237558051,21.853328665214608,1.2361232005044955,0.926349886387694,0.9233245594299575,0.05222741702154114,4,4,107.25,98.0,37.16965608306503,78.8696076434905,78.8696076434905,0.0,146.71012738680676,146.71012738680676,0.0,23.668089884564996,23.668089884564996,0.0
front,log-0049,60.0,self-supervised,full_log,2.1398775140395316,2.117510014655167,0.0840171761097794,0.04359800725847461,0.04341229621693548,0.0010996821299604233,0.14497161236172945,0.14435408805687555,0.0036566508767382913,3.3188265987959817,3.304689651189727,0.08371149354363779,8.274389143276323,8.458129657319414,1.129381607474875,0.38352668018809993,0.39262984497959463,0.04623216653580655,8.78005374169518,8.988451958084275,1.05839027047688,3.121541574490575,3.132107531556641,0.09774307395014209,3.4160930550010455,3.3950170544519263,0.11955942361004607,4,1.0,0.9896780880084826,0.9896382955314428,0.00025635804647093765,0,0.0,0.14497161236172945,0.14435408805687555,0.0036566508767382913,3.3188265987959817,3.304689651189727,0.08371149354363779,22.546372818275067,22.653186832996298,0.5720877183316784,0.9848613427287216,0.9895271483910553,0.024989699362110228,4,4,66.25,64.5,12.446552400832395,76.12335534328501,76.12335534328501,0.0,124.13560881540509,124.13560881540509,0.0,22.892941209172253,22.892941209172253,0.0
front,log-0054,60.0,self-supervised,full_log,2.6948187206451557,2.7179671067044593,0.28137767242185163,0.05680252158693308,0.05791589891970835,0.007861418978221997,0.19844225846855212,0.20233189410920727,0.027464233861842918,3.581381240190056,3.651579333187594,0.49566001056465564,2.819363040265039,2.862704768941362,0.35659841131020004,0.20559128011090388,0.20780702794241018,0.03363379259316039,3.7104030130383467,3.750391661514679,0.6070049532754984,5.161186400265134,4.286875674909014,2.0093371397376774,4.087311440752769,4.119285009961382,0.4487275071974354,4,1.0,0.9811317038967542,0.9808994144629986,0.004273154291311407,0,0.0,0.19844225846855212,0.20233189410920727,0.027464233861842918,3.581381240190056,3.651579333187594,0.49566001056465564,18.466907271580663,18.380647873536446,0.5331095272694414,1.0232406270457042,1.0184610438028088,0.029539289873768405,4,4,134.25,140.0,16.09088769044973,63.049687586649696,63.049687586649696,0.0,135.33135455623437,135.33135455623437,0.0,18.047472689682227,18.047472689682227,0.0
front,log-0055,60.0,self-supervised,full_log,3.4826070236153934,3.5047832051743555,0.07643266908540623,0.06309291958769551,0.06384471684235792,0.002620899856365839,0.20604446224884718,0.20849962935902933,0.008559152200309594,5.033303530653777,5.093278941539124,0.20908502232489554,3.5610687935576784,3.596454392634194,0.11422744739255465,0.21053160547219407,0.2141837365912691,0.011153892951215973,5.142916541273515,5.232131675984828,0.2724699715738355,5.124084577251735,5.15545165094915,0.3520651066434252,4.72420060620032,4.737683876234501,0.1708766890538547,4,1.0,0.9800174050602591,0.9800583468438109,0.0009934043155127507,0,0.0,0.20604446224884718,0.20849962935902933,0.008559152200309594,5.033303530653777,5.093278941539124,0.20908502232489554,25.18329648382127,25.35045678367514,0.5133107206928006,1.030909173281718,1.037752085473082,0.02101300483223164,4,4,119.75,117.5,31.202296923997974,79.77604402436594,79.77604402436594,0.0,143.32322178319504,143.32322178319504,0.0,24.42823978726921,24.42823978726921,0.0
front,log-0056,60.0,self-supervised,full_log,2.825304500231465,2.8107081185847167,0.04929455670903207,0.0557373102850104,0.05643005748208979,0.0022111082324393814,0.19134985388289738,0.19372810059521814,0.007590880059211102,4.337816669875461,4.391730472391845,0.17208189811329755,3.7957025806606124,3.575963437224039,0.44932046572686496,0.22764597871915232,0.21738368904320288,0.020646927753900347,5.1606337882148425,4.927992214029647,0.4680567326034852,4.421811092807367,4.4177713706615656,0.054455905477261084,4.537513473609072,4.567936147983229,0.12814325345348854,4,1.0,0.9829388137803391,0.9822086952542246,0.0016230676397389614,0,0.0,0.19134985388289738,0.19372810059521814,0.007590880059211102,4.337816669875461,4.391730472391845,0.17208189811329755,22.81552996512588,23.344920404691628,1.212139610818755,1.0064391045860048,1.029791586022436,0.05346992624805875,4,4,178.25,183.0,31.276988346066826,77.82608539404247,77.82608539404247,0.0,147.76901138236258,147.76901138236258,0.0,22.669558308260456,22.669558308260456,0.0
front,log-0058,60.0,self-supervised,full_log,2.7438083703589875,2.6650362024742176,0.18609941548109418,0.04949402721256142,0.048629814062135734,0.0024990712295814128,0.16851384350583343,0.16557143029380939,0.008508665020993317,3.9950089358078085,3.925252250954388,0.20171750927683843,2.748071696202323,2.6736847712692304,0.1805638717332656,0.16892030491113025,0.16618593640146923,0.008533972941242163,4.00464503995474,3.9398205341300345,0.20231749183873018,4.4966215850168965,4.380285365066467,0.38980783331938634,4.4966215850168965,4.380285365066467,0.38980783331938634,4,1.0,0.9863820676446899,0.9872171740212795,0.001923020193730783,0,0.0,0.16851384350583343,0.16557143029380939,0.008508665020993317,3.9950089358078085,3.925252250954388,0.20171750927683843,24.087686640878758,24.214039492779754,0.6697465917919664,1.0160449506473577,1.0213746520457487,0.02825064328297324,4,4,145.0,137.0,29.13188402192118,80.71699073204307,80.71699073204307,0.0,156.16221917655614,156.16221917655614,0.0,23.707304116350024,23.707304116350024,0.0
front,log-0063,60.0,self-supervised,full_log,3.692048850074227,3.493240673395236,0.49749068611425745,0.0546806951810275,0.05163601207724543,0.00662805455647391,0.17077905967779738,0.16126988800835612,0.02070077786868555,4.906654896140646,4.633446788436257,0.5947542589526913,5.235339930958869,3.8408541344598337,3.0630550245749304,0.22687664036427346,0.17739868591949431,0.10018071578137723,6.518395055948585,5.096843444846339,2.8782931614388945,5.1611559969984,4.374334822798122,1.9079624488471127,4.967232048333639,4.566215308316493,0.9957555948675492,4,1.0,0.9886582624291779,0.9882606216029328,0.0008677120653935298,0,0.0,0.17077905967779738,0.16126988800835612,0.02070077786868555,4.906654896140646,4.633446788436257,0.5947542589526913,26.250779115133252,26.613466153052393,1.1972480951599827,0.913674074901459,0.9262976142789432,0.04167093635488384,4,4,88.5,89.5,29.354159273715652,89.7328550761202,89.7328550761202,0.0,153.72213457336557,153.72213457336557,0.0,28.731010144908,28.731010144908,0.0
front,log-0071_183,60.0,self-supervised,full_log,2.060862512306183,2.038560786492934,0.13820185141160915,0.04299989404958868,0.04318583697319922,0.001487259787328509,0.1455386072990638,0.14616795475997116,0.005033819801743519,3.14930199134093,3.162920406747422,0.10892655234158097,5.921746138052188,5.991950565101954,0.259071495502952,0.29992671532315396,0.30377515671965105,0.013188372352362676,6.490097846563833,6.573374060198626,0.28538247055294297,4.511924711908617,4.419559156037561,1.0037891659513745,3.4013251272531075,3.4025719019384377,0.12774460093582554,4,1.0,0.9895651279596058,0.9894190188829335,0.0006127105983478109,0,0.0,0.1455386072990638,0.14616795475997116,0.005033819801743519,3.14930199134093,3.162920406747422,0.10892655234158097,21.337472761353506,21.425458536631886,0.5273374122473098,0.9860680485731537,0.9901341328138371,0.024369829494340592,4,4,170.5,169.0,9.291573243177568,73.23976165404193,73.23976165404193,0.0,153.6761142601884,153.6761142601884,0.0,21.638945498973378,21.638945498973378,0.0
front,log-0072_184,60.0,self-supervised,full_log,2.256379103062102,2.233474284437154,0.16698487125328068,0.04813768622281064,0.04561257507443855,0.006883759394425178,0.16442878352434723,0.15580350493349873,0.023513556053786196,3.446280415898853,3.265502281729227,0.49282312986463467,3.2238837133331932,3.19981964768015,0.12640778242013426,0.20168223906638794,0.20094230336346275,0.007370812367399193,4.2270795649729145,4.211571173635592,0.15448564276017765,4.21933940704458,4.281965762743222,0.7169808616904024,3.9081680966919476,3.733897494720554,0.6440605196136494,4,1.0,0.9878925491285725,0.9881831830994896,0.0020308771317109923,0,0.0,0.16442878352434723,0.15580350493349873,0.023513556053786196,3.446280415898853,3.265502281729227,0.49282312986463467,21.28597358436021,21.267741537431256,1.1964003514002028,1.0155954595165662,1.0147255728747664,0.05708260229820213,4,4,164.0,171.5,26.745716167890016,71.59214923516183,71.59214923516183,0.0,149.74909046631353,149.74909046631353,0.0,20.959106684557796,20.959106684557796,0.0
front,log-0073_185,60.0,self-supervised,full_log,2.700030998144689,2.8208938050109933,0.6070849894970669,0.05691282044673143,0.0591273428962842,0.01211508249644265,0.20056169262603346,0.20836570527826812,0.042693745147717704,3.8291664438401085,3.978162311315959,0.8151180524105817,2.911120126095107,2.9888902109260327,0.8099077882906462,0.22555113558966683,0.22912914638050919,0.06955094381768236,4.306270197770936,4.374582339918328,1.3278813950810695,5.512776710101104,5.519629080755432,0.966615155463613,4.761134812609597,5.193033831056301,0.9363905707229704,4,1.0,0.9852080116173567,0.9841274494662922,0.0028574072188825477,0,0.0,0.20056169262603346,0.20836570527826812,0.042693745147717704,3.8291664438401085,3.978162311315959,0.8151180524105817,20.099125239934523,20.49874378163738,1.9091076953170114,1.0527394506208156,1.073670421448058,0.09999405259442772,4,4,68.0,67.5,10.099504938362077,67.28126305783923,67.28126305783923,0.0,147.53985945089536,147.53985945089536,0.0,19.09221244447691,19.09221244447691,0.0
front,log-0046,60.0,self-supervised,full_log_excluding_training,2.2713241279460052,2.341002778619967,0.3336009721151244,0.04684174058588865,0.047194957250402424,0.006824256371348811,0.15598695966700418,0.1574798405078828,0.02257478603860133,3.182410639914762,3.2190657654841983,0.44775350384878954,4.039597630478083,4.021467408312416,0.5773636165793568,0.24030583167163105,0.23749728054983205,0.03942618493634822,4.90310297727,4.855908418779315,0.7892952760375314,4.186812691144103,4.253630075872071,0.4610684114410128,3.99088690901828,4.0028029633008,0.6102118952790428,4,1.0,0.9878513105109509,0.9878144894719962,0.00347264394340837,0,0.0,0.15601874424408954,0.1575284489114764,0.022595907080526063,3.1830603274529947,3.2200622847006657,0.44820956095985554,20.19317826008508,20.40607598933891,0.5307102836273067,0.9893131475330927,0.994403856008292,0.02501658160608649,4,4,113.75,116.0,15.348724159790395,67.98034727843617,68.06097583385589,0.8397918677915055,162.6407113289981,164.92645015628375,4.5714776545712965,20.41140323435672,20.43309567213351,0.16914793926097188
front,log-0048,60.0,self-supervised,full_log_excluding_training,2.89642866124089,2.9230582885083765,0.7180618651385664,0.05441573455062114,0.05476731318936748,0.011715176581494086,0.18284625871909385,0.1828168821849322,0.03861281714762181,4.255428922682754,4.258147595409653,0.8437367475819983,3.2383965160867163,3.2960615604783214,1.0814820628575086,0.20115828270729214,0.20155985135680915,0.05785550626688867,4.678071908752301,4.689163499095145,1.2867845933910718,5.178623766293056,5.2434854099702966,1.70352961999128,4.907637677421556,4.924780384223814,1.2414447993750621,4,1.0,0.9849277204129543,0.9853077416813019,0.004638135416582145,0,0.0,0.1837699155251018,0.18379095795389433,0.038154893860096455,4.277034254844397,4.2809589182752195,0.8324887805370629,21.821014990366454,21.801313869650798,1.615912998675233,0.9351158557989032,0.9321534016172615,0.058113476207201545,4,4,107.25,98.0,37.16965608306503,78.4279752534084,78.69633917602636,1.519730869579752,146.07952300368544,146.71012738680676,1.2612087662426745,23.323046455838874,23.275245199988746,0.3762656301315845
front,log-0049,60.0,self-supervised,full_log_excluding_training,2.178800512814245,2.2185382401043805,0.21193778984392028,0.04353278186266103,0.04231524439079631,0.002957815673186128,0.14280882132329537,0.1406128479149127,0.008622031948531013,3.3614922475255917,3.2770870755426404,0.29060707926993984,8.133157477355237,8.366291883544918,1.2517414542846108,0.3652637350129897,0.36946465541010526,0.03395241710740001,8.628185289340188,8.895185714983134,1.2461796104461869,3.343793337647573,3.303604028584042,0.20655780713161065,3.4759700552162713,3.465819389334576,0.24036867528903422,4,1.0,0.9900731809586942,0.9900789822479932,0.0009607399387956054,0,0.0,0.1431271346874584,0.14118909276072325,0.008692353757492543,3.3685187381578947,3.27914614820828,0.2850308926141732,22.794637767095665,23.20924243481641,1.0717922448951105,0.9690220192223571,0.974029359137613,0.01871310325753377,4,4,66.25,64.5,12.446552400832395,77.18755154603214,78.27773478796395,3.155298015582134,120.73625562239658,120.73625562239658,3.9252349621081604,23.537170295130174,24.052168507591883,1.3635654204008392
front,log-0054,60.0,self-supervised,full_log_excluding_training,2.70919431661523,2.7241995337243172,0.29110242207523845,0.05645374153117748,0.05760445977994462,0.007873995829517007,0.19888901310169468,0.2028782377465514,0.02695228013658133,3.5871691326311437,3.642772886209927,0.4957829146805126,2.8239798872208546,2.860030938789413,0.36046364732234015,0.205666495958389,0.20739121174193637,0.03305155304494347,3.709336748484694,3.7558142629350737,0.603306540743231,5.148035669312218,4.266400512561511,2.026763404776202,4.077101684820573,4.108167538152503,0.4309502018783877,4,1.0,0.9810715306604215,0.9807447465579235,0.004136616007890638,0,0.0,0.19891684652883376,0.2029328584182012,0.02693795856910935,3.587669193978276,3.643685532467548,0.49551530958755013,18.457340635390885,18.472656107969595,0.5532053392466089,1.0236061761569721,1.0184148713991465,0.02956832961935122,4,4,134.25,140.0,16.09088769044973,63.552906243815926,63.61046578034383,0.49455225649169454,135.33135455623437,135.33135455623437,0.0,18.031683495339816,17.984047227639365,0.15144649959492448
front,log-0055,60.0,self-supervised,full_log_excluding_training,3.51874781416374,3.522242058755295,0.16240974782274262,0.06414169452677981,0.06354947004306041,0.002574140575295625,0.20952923747917387,0.2079565905989894,0.009823524053328167,5.114159271548719,5.087234596362249,0.1883266063625011,3.626876358791174,3.621447431387696,0.11997122555414942,0.216168123404843,0.21810932975043615,0.011680232498662102,5.273919133504021,5.22908720734217,0.16575710272747254,5.186592814424553,5.205339205677407,0.3688023402247634,4.825092618366709,4.813057855305686,0.19122453870126876,4,1.0,0.9795327725040991,0.9799002718216144,0.00157832233557188,0,0.0,0.2097608457782169,0.2082190731561369,0.009769772385389243,5.119820979225782,5.092567260246968,0.18686884028358172,25.26387238572073,25.206500994834983,0.24976998916196033,1.034898226746079,1.0436150446332118,0.022631663504585023,4,4,119.75,117.5,31.202296923997974,79.7425308595075,79.42956876865121,0.8141027429407026,140.91462426015303,143.32322178319504,4.817195046084009,24.424829099703096,24.1530601801592,0.7871857797561798
front,log-0056,60.0,self-supervised,full_log_excluding_training,2.7392824035009893,2.7425844785692464,0.03305134721056199,0.0557147590334038,0.05782749215709907,0.0047649572559379525,0.19162846003945833,0.19730006767957609,0.01357085584347712,4.317169031418566,4.472206110742336,0.3570259987075861,3.6480922459354783,3.3988222487806308,0.5307824861735895,0.22425268961232164,0.21451794407315483,0.021075629173484652,5.044144844674666,4.861824944385425,0.4035701007329281,4.427415541951252,4.439179887840162,0.09685156322982044,4.505960333116007,4.6139482923974615,0.2930372449179576,4,1.0,0.9831154587783285,0.9820850026135982,0.0024111958034448333,0,0.0,0.19214202294301122,0.19793290169505573,0.013912013667369567,4.328803816530132,4.486547779134167,0.3647328243421625,22.832491614405335,23.497736637805943,1.5094212207944373,1.01364300186287,1.0366537281283423,0.054762095803582184,4,4,178.25,183.0,31.276988346066826,77.50249006071608,77.43192264103084,0.25666637180717483,145.91495985164212,147.76901138236258,3.7081030614408945,22.513527640457674,22.64656132692387,0.2917331169064342
front,log-0058,60.0,self-supervised,full_log_excluding_training,2.653144955450728,2.5464364078562847,0.3326352748082241,0.04825525719233742,0.04695330936433257,0.004934066178983017,0.16460755698260865,0.15981738323670372,0.017287219071211984,3.889190203666518,3.7862497880233716,0.4062511707775146,2.6716618726924617,2.5704767736168113,0.32219851488544077,0.1654929412416605,0.16095951744812936,0.01729858741663958,3.910135268739065,3.813324915810076,0.4068534766746845,4.485965718299385,4.311299868192719,0.5718415929911213,4.485965718299385,4.311299868192719,0.5718415929911213,4,1.0,0.9868707379044859,0.9881553233317237,0.0032148135483153033,0,0.0,0.16473204647596243,0.15993741161572173,0.01723678897937246,3.892128267088591,3.7890865053416674,0.4050125402185689,23.99329476945981,23.96381353110955,0.7021636122863528,1.0154026697134921,1.0156488752374244,0.026136060918573834,4,4,145.0,137.0,29.13188402192118,80.58259625501684,80.54832058257453,0.2514676807343871,156.14726626135723,156.14726626135723,0.017266139230497673,23.627777547236313,23.59464348622154,0.09288405587073849
front,log-0063,60.0,self-supervised,full_log_excluding_training,3.911702742979057,3.7770041418701124,0.3461618863143653,0.05718489639354006,0.05458718506381364,0.005552716221588558,0.17665803115547435,0.16759654085533088,0.0203311783145018,5.079633917678454,4.8634732644894205,0.45441366961838753,5.3095610369865245,4.013126083879534,2.773715687076734,0.23161899806122577,0.1870878429904786,0.09613381118255286,6.627020836931008,5.487666468375309,2.556614360488723,5.260902026531621,4.472319227695639,1.9443544964678974,5.103318894892925,4.721048059129238,1.0699105807516447,4,1.0,0.9883364499699889,0.9880249048258483,0.0014924613688968111,0,0.0,0.17712594922905991,0.16807543189896457,0.02041926796687595,5.093058325934926,4.877354500647409,0.45642757955575713,26.16404988185788,26.666960302713186,1.9884817795736396,0.9072047486331333,0.9186941773426341,0.04726581549100432,4,4,88.5,89.5,29.354159273715652,88.87429343681993,88.92685953435165,0.7165870139567209,141.98902345441155,144.00569151457438,13.942730323695985,28.812626457471417,29.02047632146617,0.7135619933221434
front,log-0071_183,60.0,self-supervised,full_log_excluding_training,2.043405107994264,2.051580901032114,0.12741797565116078,0.042213682000501275,0.041826748576389045,0.0017778443478427713,0.14282580433057407,0.14168281670923766,0.005946235762054973,3.0983460040001685,3.0747540430022813,0.15008720149827146,5.9348562252686,6.006125015078244,0.19752232693742763,0.2995212058280906,0.30358358482031067,0.011153489856643304,6.4959840784294745,6.5730920756079705,0.2382522547209832,4.464303922155386,4.4440482912001595,1.0933622915623156,3.3560632742059298,3.3855669550554452,0.1328508105556856,4,1.0,0.9898843329455256,0.990019951291842,0.000921153005169964,0,0.0,0.14284787813281502,0.14171717285328544,0.005944740581966283,3.098824884542213,3.0754995749055407,0.1500626227281335,21.42847231264959,21.55844247645013,0.4971682676798596,0.9879688769400916,0.989080654957768,0.019733342984106565,4,4,170.5,169.0,9.291573243177568,73.38282181622374,73.5127240859002,0.5807172964762812,148.7964511867927,153.6761142601884,9.75932614679138,21.68874574191238,21.70192154705699,0.16871973551040972
front,log-0072_184,60.0,self-supervised,full_log_excluding_training,2.2449935993238586,2.2441712166975525,0.19425607597301042,0.04954092587972736,0.04688595105775532,0.007700248437430695,0.16845197068153303,0.15950127719569518,0.025572624143282745,3.4476214636498597,3.236990173402285,0.4974337675262608,3.166898413188786,3.0896078380084044,0.18419517603508817,0.20404840868072777,0.20241083970470575,0.009360230228908558,4.180841056553782,4.181366974678972,0.225951881847502,4.261976681981793,4.314083271600557,0.7805617660845341,3.9378724084775665,3.7038770061159956,0.7014589663943132,4,1.0,0.9877439741031622,0.9878105810927247,0.001851926203167222,0,0.0,0.16858783743973976,0.1596933555245585,0.02557859414750314,3.4503856434894526,3.2408876677907705,0.49740263469513796,20.920364025739143,20.72876465329228,1.078331484865605,1.0218949771320895,1.0214231540369005,0.06489285697604476,4,4,164.0,171.5,26.745716167890016,69.68530700296684,69.03736673070881,1.4377402473890186,147.88969652462026,149.74909046631353,3.718787883386568,20.485425734109253,20.32360768864241,0.3620840531426938
front,log-0073_185,60.0,self-supervised,full_log_excluding_training,2.7041731526198136,2.836934450467533,0.4921344343824315,0.05565584178757749,0.05683691416318242,0.011386761258514885,0.19729581201288138,0.20238630782653722,0.04075101585298289,3.844351696678808,3.991625018437114,0.6838978910644143,2.922551391770155,3.0137493575496785,0.685463598696133,0.22119967779477112,0.22787890578252443,0.06558237951890486,4.302036216005756,4.39479089254814,1.1609608310280368,5.461816611210217,5.427131155104165,0.8934793448185039,4.7242930172115,5.0866012324899454,0.8650970151113359,4,1.0,0.9856076848290689,0.9848877796897777,0.0026441543375786626,0,0.0,0.19740456484555668,0.20259733901907823,0.04077685345220429,3.846505465446463,3.9934004223571957,0.6847248046465177,20.50972105413332,20.73524633755482,1.4673618416361867,1.0495655669296193,1.0697253820935853,0.09863994683749001,4,4,68.0,67.5,10.099504938362077,69.38393335725075,70.50455449611968,2.6802570134812993,147.44151772820882,147.53985945089536,0.1966834453730968,19.579747558004886,19.832417414436524,0.7345308851007771
front,log-0046,60.0,self-supervised,training_window,2.2813749022889565,2.3706756348822076,0.34799145243954127,0.04891831254988952,0.047821886233246534,0.00451313605876503,0.16372274938450246,0.1603160550555463,0.014322194085320277,3.192826233033886,3.2634567545171542,0.3262953780036153,3.8984276196175855,3.8422396361749906,0.25679241567238403,0.2445189567686398,0.2470554964420377,0.014883045309706952,4.767472989491045,4.729276667642912,0.38583483692578313,4.095791337361573,4.095175513364393,0.404303679181118,4.251896572410484,4.223573676850992,0.2973583161831905,4,1.0,0.986483071180705,0.9870671029393763,0.0024372154342899776,0,0.0,0.16497135389119882,0.16088582656720435,0.015604945364334545,3.2171098657889816,3.287198905586716,0.34612769629622137,19.157664172922992,19.05736329993921,1.3318767316509341,0.9818535810821414,0.9801476784621475,0.011234948879007563,4,4,113.75,116.0,15.348724159790395,65.37505923346332,65.57660218568273,5.39552224122119,135.8266892778246,130.40597775829684,20.339075378988245,19.509781081568697,19.596173816480565,1.2920729437654448
front,log-0048,60.0,self-supervised,training_window,2.8225688150095465,2.8614842126632674,0.3390082102812979,0.052793773180578915,0.051326529654012756,0.007406828476291774,0.16858470119187274,0.1663650323456543,0.016536606412525245,3.721944495279572,3.7872771730513626,0.4230004554785473,3.564809981202241,3.776485349924774,0.8970914502520221,0.2109850102052863,0.2088097995783777,0.05925628487926546,4.618459958310898,4.886976120640565,1.0887835691310421,4.392078253644536,4.452289450310218,0.8179832346406709,4.294619194084223,4.3476596048754175,0.42770666198198615,4,1.0,0.9902119684365971,0.991517292833378,0.006120787207925101,0,0.0,0.2084704716436229,0.20957018418131462,0.03269045866944085,4.561326477602216,4.506550663795478,0.33516394568812274,19.94195078738668,19.39169378989036,2.0131316728653497,0.901864688971066,0.8902952519734799,0.03667728890263038,4,4,107.25,98.0,37.16965608306503,71.07439106171334,70.25927608669465,9.089176112940082,132.82652587262385,135.34808144053156,12.87842600000956,22.160045140753887,21.140650802109825,2.698827389758016
front,log-0049,60.0,self-supervised,training_window,2.0838364856659464,2.2388138907749133,0.5955102169656739,0.044410084713162504,0.046683377784900615,0.00805234859217245,0.15273986980006607,0.15871300702532237,0.030205003301506318,2.977590919867618,3.1568317054831834,0.7915771723972694,8.722813712696382,8.749716396835211,0.7584192049871358,0.4901642081301852,0.5042092497093401,0.11458757910220776,9.22313898855415,9.197272395639347,0.5501964582557909,2.962654184075711,3.128343139050055,0.4157607997967845,3.181605612008835,3.375245982419619,0.5832641029673812,4,1.0,0.9899848003654816,0.9894080494896329,0.002753700858043567,0,0.0,0.1557567328055237,0.1631876488570777,0.02944053115726642,3.043907440055179,3.177471741557831,0.8351379995003636,20.36198237092676,19.44334371444847,4.086599526618749,1.0453506653152758,1.0534720464485925,0.034197229026698056,4,4,66.25,64.5,12.446552400832395,66.57036698158589,64.51257126026053,11.006581247826578,115.45438386843986,116.37519724684219,5.885938631106118,19.46981502678166,18.450598309475254,3.811297249129617
front,log-0054,60.0,self-supervised,training_window,2.432234096261038,2.3813419911050104,0.3763827219250904,0.05945010011425566,0.0570054889008335,0.011151672170119295,0.19575752826742981,0.19178871596977112,0.0370099622648681,3.424555910076146,3.2919407010857693,0.602454584386964,2.764589283743793,2.7525518847372554,0.34733921268685963,0.2125291667170808,0.21283419466057135,0.04239868649595116,3.717678663080722,3.6813152712601385,0.6888676595045472,4.2300934766206595,4.136802879091884,0.7413382993676039,4.422093203121065,4.368096571943906,0.9439646646916149,4,1.0,0.9814515985232738,0.9828920021808185,0.0066400917442643575,0,0.0,0.19991442749638277,0.19919458502133452,0.034133694008230867,3.499199280933231,3.4387386980225734,0.556816220971464,18.069617042176915,18.177340766029417,2.005900737409785,1.0260114773766735,1.0198293863800831,0.02628250594873121,4,4,134.25,140.0,16.09088769044973,58.092521839886686,58.21006119806533,7.822944422370125,116.85248318306867,113.46189538469844,8.884896764782178,17.597459345953823,17.987388791858503,1.7029250045608724
front,log-0055,60.0,self-supervised,training_window,3.2934216207605074,3.483149539696315,0.8867971777317979,0.060022315407583106,0.062264518921435474,0.011516761243512915,0.18978126624709674,0.19451365090968636,0.027040582463448006,4.541803774502199,4.862886687739339,1.1463797238096818,3.3308811478994977,3.509236750155093,0.8754442744144744,0.19121251053416913,0.1948200730921683,0.02600499127766688,4.572111015164898,4.870549227823096,1.1258260211826099,4.565201493314564,4.589287108204962,0.40654036484692785,4.137382068652418,4.361899412178129,0.5220098164583149,4,1.0,0.9826135179170729,0.9817802112089644,0.00416982425258721,0,0.0,0.1934546549387076,0.1974971081347659,0.02552713977817493,4.623554976067247,4.93741205765041,1.1196242561054817,24.091414817016503,25.54166688920279,3.9303258384331095,1.015973747837485,1.0212717937678155,0.03239930678430545,4,4,119.75,117.5,31.202296923997974,74.95064638278835,77.32367376874387,7.281246216829169,134.10709442168493,133.31923260153545,6.846138667238696,23.64174668445895,25.0110083617885,3.2521069084099694
front,log-0056,60.0,self-supervised,training_window,2.8243475250055794,2.6197188605807327,0.5234933629477423,0.0547820926232431,0.05146081439326319,0.007821994936158016,0.17872929976176763,0.16960726803081255,0.0194696061680941,4.079436018033809,3.774143473687131,0.7233587595294425,4.408594892351239,4.440157695675607,0.175590372207,0.24644306147029288,0.2408232539942543,0.015758212713484283,5.613183783762538,5.358572565831505,0.7291791852074198,4.363535201950961,4.224173619752101,0.30849221138638255,4.372620859698452,4.15871728159964,0.47269085692837737,4,1.0,0.9844705742110045,0.9855784254086943,0.002381819574230847,0,0.0,0.1892329142650473,0.18540618207266274,0.012908878165034278,4.311269517487016,4.125702825249828,0.5812778473048611,21.771479014265953,21.694961384629565,0.572058482831068,0.9603844633388636,0.9749379612377709,0.03572261188055632,4,4,178.25,183.0,31.276988346066826,74.22130118992933,73.34029326879013,2.3133899632315775,138.44321567397427,135.49613464761885,6.0032890534456325,22.709102597040896,22.252237301780603,1.444500815803164
front,log-0058,60.0,self-supervised,training_window,3.0497468439014694,3.159838322131346,0.675845048795742,0.056937920143213125,0.05896036448337386,0.013814351393324162,0.1949503975568412,0.2023551201410972,0.049736518418940875,4.334055570931223,4.516755645488772,0.9430628150510987,3.19693037057807,3.280001455465098,0.7736570307414746,0.19721139617790953,0.20393783812765653,0.05086660612306772,4.383646728963231,4.5570066570072445,0.9639069532320014,4.411260508000257,4.534636214802314,0.4473715262863998,4.76445377370123,4.769471593346968,0.6392481525772324,4,1.0,0.9835061247999348,0.9822778871033779,0.006560599973679003,0,0.0,0.19878422384305888,0.2050960799062086,0.0506792758873783,4.418892252575238,4.589767248800313,0.9572768236533605,23.2356706596454,23.538536899896684,0.8844090004547135,1.0389250939950718,1.0572705498669999,0.06749862220515707,4,4,145.0,137.0,29.13188402192118,76.48846294924533,76.71872723146069,2.4991904225093458,139.25197796983366,137.70749341474763,7.0574423899395455,22.40530552050098,22.543951813033125,0.9837416068315902
front,log-0063,60.0,self-supervised,training_window,3.293712523060401,3.009890493468225,0.7122897796055763,0.04957305200345815,0.04600036581140683,0.008500601647478626,0.16156853547932587,0.1518467155354801,0.020295330445963062,4.540297626887153,4.167157777190839,0.8376156672765772,5.115267801788255,3.5621590183362817,3.5360330345447033,0.22103531616513436,0.17070745155448178,0.10567241754644073,6.299094123915236,4.7037019317853295,3.4322988649797295,4.936907771928047,4.155282450525581,1.7565598043338153,4.763309187596523,4.334416287378245,0.8850891055379497,4,1.0,0.9894457498294724,0.9892900065151496,0.0008262219095319994,0,0.0,0.16296434690059544,0.15312325485510203,0.020302228761860344,4.579457696617584,4.207495065614083,0.8406944353776916,25.770241078801767,25.73143492700955,0.6297027510681819,0.9230124976648968,0.9374524832719006,0.03695047692153656,4,4,88.5,89.5,29.354159273715652,91.46160352413418,91.39252510897137,1.343250440494935,139.2315352964264,139.2315352964264,16.184057444852527,27.968147295033134,27.580784212539385,1.6843039241980757
front,log-0071_183,60.0,self-supervised,training_window,2.1570800467845612,2.038762066783877,0.41930644306657483,0.04588754432982342,0.04208141043259417,0.01030698300750656,0.15500145700559517,0.14018968650569236,0.036730853472935476,3.3206721351833344,2.9717624967497644,0.9708808888973272,5.839740209567972,5.753023844188642,0.774379018362387,0.30300776866913626,0.3037997329055267,0.0306343693097838,6.435576541301069,6.31017736487224,0.7333854355359756,4.62503076169898,5.0631570297550255,1.107099547935185,3.6226224263575237,3.7562073089631904,0.445047304803386,4,1.0,0.9884964410022185,0.9904166458181412,0.004654833934615308,0,0.0,0.1559008703420276,0.14160884961798736,0.036343020584490036,3.3396597028066886,3.0018682068662157,0.9636122834910823,20.698205330343633,20.884040585243113,0.9824897589012055,0.9758454790451299,0.9952063475394828,0.056100182349634466,4,4,170.5,169.0,9.291573243177568,71.64915694197273,70.6195621725482,4.308696753075264,132.9338594918733,130.05830362342022,15.0866282772437,21.242093692609068,21.198308507111875,1.131038732440449
front,log-0072_184,60.0,self-supervised,training_window,2.29800243351359,2.2332088025164243,0.20396096916413572,0.04356078516406397,0.041321126962626784,0.004781278056106983,0.14593839501013417,0.13914034612321152,0.015756813016426525,3.355077319752431,3.291091210908409,0.507706941399552,3.502142740097479,3.4903820647394372,0.30210668087948067,0.19272945738276076,0.19156530496673185,0.005420280527596493,4.423924700313336,4.531760818242823,0.38927620077030733,3.8700726362151885,4.053162237874568,0.4858830444768421,3.670393213112763,3.7172789387155527,0.49206745611491,4,1.0,0.9895274243778103,0.9903145041150793,0.0020787991622030397,0,0.0,0.14872506295131044,0.14294077217323167,0.015852104726549295,3.4204145084890696,3.3810087014705603,0.5225315676340415,22.740733460150516,23.279581366011175,1.9683952840990129,0.9907965490259302,0.9842785983934659,0.027444133612074175,4,4,164.0,171.5,26.745716167890016,76.85515236526592,79.50731932969177,5.50598835832609,138.27274768663645,141.7906448121138,12.488045425780188,22.93186464739017,23.65240502741667,1.5461857124940892
front,log-0073_185,60.0,self-supervised,training_window,2.6335186616122424,2.6770295987101123,1.182646017677141,0.06568013163212244,0.06241204695184635,0.021273057850708155,0.22039098316197336,0.21825495196341116,0.06717750945545811,3.6382395041410485,3.8463523617561926,1.4702647561527913,2.858784258001969,2.875077352788809,1.3894603305191564,0.2546677909694648,0.23836741925657884,0.10802607374665306,4.242461513677743,4.261565866300101,2.148273272938878,4.7763029378030195,5.34994087722817,1.3938923775544472,4.651933528781489,4.808257301245922,1.441809856716808,4,1.0,0.9830563194628266,0.9827881219749016,0.0061762910346696955,0,0.0,0.22345968983948827,0.22139320864192086,0.06913629569172551,3.684230022799911,3.890068839190281,1.4830103374160106,17.630004946797058,16.634689179463436,5.229611924884106,1.0757426392792893,1.0684351940141745,0.11429216720107382,4,4,68.0,67.5,10.099504938362077,54.89778250348547,50.21185149213761,14.907796815782167,105.3022281868754,104.43843071881048,11.940186971097688,16.21565619304851,15.17013578435603,3.6618795626147107
