pipeline,log,duration_s,trainer,evaluation_scope,aligned_mae_mean,aligned_mae_median,aligned_mae_std,aligned_nrmse_p90_mean,aligned_nrmse_p90_median,aligned_nrmse_p90_std,aligned_nrmse_std_mean,aligned_nrmse_std_median,aligned_nrmse_std_std,aligned_rmse_mean,aligned_rmse_median,aligned_rmse_std,anchored_mae_mean,anchored_mae_median,anchored_mae_std,anchored_nrmse_std_mean,anchored_nrmse_std_median,anchored_nrmse_std_std,anchored_rmse_mean,anchored_rmse_median,anchored_rmse_std,bin_occupied_rmse_mean,bin_occupied_rmse_median,bin_occupied_rmse_std,bin_rmse_mean,bin_rmse_median,bin_rmse_std,completed_trials,completion_rate,correlation_mean,correlation_median,correlation_std,failed_trials,failure_rate,fixed_aligned_nrmse_std_mean,fixed_aligned_nrmse_std_median,fixed_aligned_nrmse_std_std,fixed_aligned_rmse_mean,fixed_aligned_rmse_median,fixed_aligned_rmse_std,prediction_std_mean,prediction_std_median,prediction_std_std,prediction_to_travel_std_mean,prediction_to_travel_std_median,prediction_to_travel_std_std,scheduled_trials,successful_trials,training_observations_mean,training_observations_median,training_observations_std,travel_p90_span_mean,travel_p90_span_median,travel_p90_span_std,travel_range_mean,travel_range_median,travel_range_std,travel_std_mean,travel_std_median,travel_std_std
front,log-0046,1.0,oracle-power,full_log,5.1075362065371985,4.206143624908766,4.196299926160552,0.1592214982109506,0.09935064032190821,0.17700139102078413,0.5252930843890014,0.32777109170002866,0.5839513361899564,10.80407356697867,6.741499351690625,12.01053922701116,4.609597829266322,3.920486503455949,3.1557153836023875,0.5507585944269058,0.356854994326812,0.588243754607029,11.327840682988153,7.339688501582261,12.098824425763107,56.88526164202673,26.77504698337106,81.2803360769355,15.92446044341705,9.977319838203224,17.55897854445693,5,1.0,0.9291372166901896,0.9460353477158359,0.0894225500111607,0,0.0,0.5252930843890014,0.32777109170002866,0.5839513361899564,10.80407356697867,6.741499351690625,12.01053922701116,26.71120024013383,21.49380663402065,10.413591024842813,1.2986961514920452,1.045026943962476,0.5063078583363466,5,5,98.0,98.0,0.0,67.85562055611663,67.85562055611663,0.0,165.8998005948889,165.8998005948889,0.0,20.567705701942586,20.567705701942586,0.0
front,log-0048,1.0,oracle-power,full_log,18.050018511244012,8.985061287162049,25.23336274600016,0.5102511970536298,0.12507554231581383,0.8899955119680688,1.766766494753418,0.43307939060742134,3.081647353510923,39.64654316894143,9.718375804773428,69.15269516104149,15.49609454045316,10.2178159709339,16.639056596187963,1.9211439752223487,0.6102011922222937,3.1356913374343938,43.11080030869327,13.693019412028836,70.3654514296295,210.41375410581682,16.19275259150914,437.0428468885463,210.41375410581682,16.19275259150914,437.0428468885463,5,1.0,0.8716119371173623,0.9489924181585978,0.15054811635766518,0,0.0,1.766766494753418,0.43307939060742134,3.081647353510923,39.64654316894143,9.718375804773428,69.15269516104149,51.99328719700533,22.93214069132136,69.65382283908751,2.316973698824838,1.0219235925248977,3.10397907578473,5,5,97.6,98.0,0.5477225575051661,77.70004930488071,77.70004930488071,0.0,147.0280467770388,147.0280467770388,0.0,22.44017151484117,22.44017151484117,0.0
front,log-0049,1.0,oracle-power,full_log,42.9229769097416,3.7841030937749323,88.58934826120817,0.9546261450113949,0.0688441835445762,1.9995639133746355,3.1717208256600857,0.2287330300086128,6.643499698212236,76.86530758793529,5.543247868756998,161.00239454623608,34.69802376981697,3.449898594578281,71.01981110401778,3.4537118391692196,0.23571424595128115,7.252544416156418,83.69924007501103,5.712434673102971,175.76233470264756,403.96778787769085,5.267699766961417,889.7948560876088,167.38623182065825,5.693888467775271,362.60271319783124,5,1.0,0.9259624585726683,0.9789841615817038,0.1253902190894132,0,0.0,3.1717208256600857,0.2287330300086128,6.643499698212236,76.86530758793529,5.543247868756998,161.00239454623608,93.91698620641667,22.20940367501871,160.75014839575996,3.875330371811034,0.916434609735498,6.633091174604335,5,5,98.0,98.0,0.0,80.51875384894029,80.51875384894029,0.0,128.6836164750667,128.6836164750667,0.0,24.23457542860456,24.23457542860456,0.0
front,log-0054,1.0,oracle-power,full_log,7.8103361296742095,3.9002419509462927,9.248451325755864,0.2832637728297553,0.11200069172664653,0.41769135334064544,0.9445449926296522,0.37346707446787447,1.3927946815130692,16.945734075072686,6.70023532929721,24.987616766023276,6.916827722445926,4.667855559240017,6.312650621304342,1.0092570077026128,0.44449666742922767,1.415783121289718,18.106708520382618,7.974551114332224,25.400043903211703,168.93543886356355,39.60382980481886,304.18783160231186,48.60352344306078,13.05003478043062,82.58777577066476,5,1.0,0.897126391301436,0.9461320934446085,0.11811634788441512,0,0.0,0.9445449926296522,0.37346707446787447,1.3927946815130692,16.945734075072686,6.70023532929721,24.987616766023276,28.462959968438234,16.905136578194618,24.71418712079979,1.5865082146635339,0.9422821126493812,1.3775538780702572,5,5,97.4,98.0,0.8944271909999159,59.82316025020701,59.82316025020701,0.0,135.89296889344487,135.89296889344487,0.0,17.94063195221126,17.94063195221126,0.0
front,log-0055,1.0,oracle-power,full_log,4.315340075056578,3.8260148630359376,1.6979776283294845,0.07393220992801734,0.0667287314212375,0.026018275280745313,0.25493876272244165,0.23009917116141332,0.08971822855969343,6.042727010495119,5.4539625980039945,2.126560736633365,4.659327615145896,3.68850817213629,2.162739370261366,0.287159004937555,0.23189302550959964,0.11178570619554583,6.806432481718156,5.496481719093796,2.6496186731341447,13.330839978698913,9.632147315632965,13.795223859863306,7.347113042468133,5.909491630964203,4.39340296924584,5,1.0,0.967223808913168,0.9740606296803722,0.02079052177687623,0,0.0,0.25493876272244165,0.23009917116141332,0.08971822855969343,6.042727010495119,5.4539625980039945,2.126560736633365,23.539990032839462,23.167589035108612,1.7084009173439312,0.9931370262213747,0.9774256678506901,0.07207633496351831,5,5,97.8,98.0,0.4472135954999579,81.73334756770429,81.73334756770429,0.0,144.98409225186288,144.98409225186288,0.0,23.702660772202737,23.702660772202737,0.0
front,log-0056,1.0,oracle-power,full_log,2.8914744154028567,2.8955951762662386,0.25527287814467015,0.053807431217701616,0.053246900644676146,0.004439729455096573,0.1853947070864415,0.18346338646683044,0.01529718708444665,4.175960599954665,4.132458177797514,0.3445645863287774,2.9110152948644705,2.830166915730183,0.28939678939769053,0.19633344614412956,0.183975042123617,0.02955510560982367,4.422352441641882,4.14398306918769,0.6657199576715903,4.707063375833656,4.282133842115397,0.6473885520256775,4.483046354531594,4.378217418172548,0.4237167243744008,5,1.0,0.9849444892916107,0.9852141684762271,0.0008399629236070301,0,0.0,0.1853947070864415,0.18346338646683044,0.01529718708444665,4.175960599954665,4.132458177797514,0.3445645863287774,20.981902979280523,21.1389978897849,1.084262866822253,0.9315063358121904,0.9384806748224881,0.048136612352472706,5,5,97.6,98.0,0.5477225575051661,77.60936557366922,77.60936557366922,0.0,148.7314640450589,148.7314640450589,0.0,22.524702380028554,22.524702380028554,0.0
front,log-0058,1.0,oracle-power,full_log,7.426012887716739,3.617263989706792,9.172928820901166,0.1716594018748474,0.06707040496554482,0.24492108078976085,0.589504895751183,0.23033012847166712,0.8410968150960966,13.7923903795823,5.388934122442699,19.67877740191852,6.822080114706639,4.115919588026764,7.020364686761596,0.6336015544379232,0.28225396975767447,0.8833347294008974,14.824100778302086,6.60377371781454,20.666999564465314,44.30372170922438,8.95174159884839,83.8455725258132,44.30372170922438,8.95174159884839,83.8455725258132,5,1.0,0.9458690559034839,0.9859590055876339,0.07866945999530199,0,0.0,0.589504895751183,0.23033012847166712,0.8410968150960966,13.7923903795823,5.388934122442699,19.67877740191852,31.72827013847381,23.568710869256307,19.22216631834959,1.356107974440383,1.0073576850419375,0.8215806571415907,5,5,97.6,98.0,0.5477225575051661,80.3474218652934,80.3474218652934,0.0,161.1697294857218,161.1697294857218,0.0,23.39656630333357,23.39656630333357,0.0
front,log-0063,1.0,oracle-power,full_log,6.820353578014829,7.259296167513418,3.9730305739986393,0.11895485806207051,0.1272357693138093,0.0706790804095242,0.36808126979876044,0.3937048414484394,0.2187018343695675,10.105273419834775,10.808740884110529,6.004222477639749,6.334109263953329,5.455421870465084,4.004319998704715,0.41861031327059334,0.4138587306420246,0.2615159619897282,11.49249369378339,11.362044128487996,7.179638075586268,20.999531058952744,10.062006958538433,26.307563115964314,11.211030111868492,11.128646369807226,7.6991450260532455,5,1.0,0.9511549634695019,0.9674020653849927,0.04521936373602746,0,0.0,0.36808126979876044,0.3937048414484394,0.2187018343695675,10.105273419834775,10.808740884110529,6.004222477639749,29.055392626270464,26.383435692027238,8.038254865846923,1.0583331462746342,0.9610079913438012,0.2927907969495967,5,5,97.2,97.0,0.4472135954999579,84.9504894920883,84.9504894920883,0.0,153.67050225201805,153.67050225201805,0.0,27.453919144974673,27.453919144974673,0.0
front,log-0071_183,1.0,oracle-power,full_log,2.5859959508409167,2.0614971870058483,1.1481636174510468,0.04789077698322428,0.041109109068082066,0.01986028569747288,0.16785850246013528,0.14408856820293,0.06961085256094328,3.7945983629951643,3.257256778869482,1.573618394678488,2.9211721796135772,2.669957233839907,1.0668785624843726,0.1916092360982573,0.16704447092087477,0.0842126097825347,4.331505899177644,3.7761964190898327,1.9037047664609505,6.7950388172212985,4.305773177555705,5.878451285603061,4.27333576963006,3.510918422054028,2.2177944134963554,5,1.0,0.9847408689815703,0.9898346354456138,0.01381006993104915,0,0.0,0.16785850246013528,0.14408856820293,0.06961085256094328,3.7945983629951643,3.257256778869482,1.573618394678488,22.51135629143976,22.89858431271723,1.351168830913912,0.9958162087133221,1.0129456937191954,0.05977053559602512,5,5,97.6,98.0,0.5477225575051661,79.23442888229562,79.23442888229562,0.0,152.4462174422029,152.4462174422029,0.0,22.605934804502045,22.605934804502045,0.0
front,log-0072_184,1.0,oracle-power,full_log,11.842824413891638,2.8907811728282864,19.849506836373372,0.4080624969823642,0.058256614804927435,0.7732582991227976,1.3475272094451274,0.19237831008811454,2.5534975786864873,28.90274229132362,4.126269718298802,54.769270661840196,8.94335156845818,3.6000209743749383,13.032075748650701,1.3799962080570174,0.22354462170097492,2.6063729002639144,29.599160955643747,4.794747405727845,55.903378962148665,204.57456608433512,10.605024934523206,437.0906417984559,58.52159075636214,6.089783313076679,119.05291662242995,5,1.0,0.9103362806434159,0.9837024766202774,0.15529422898335715,0,0.0,1.3475272094451274,0.19237831008811454,2.5534975786864873,28.90274229132362,4.126269718298802,54.769270661840196,45.05680413096135,22.566480162263137,52.73388838060792,2.1006750475485605,1.0521128318395518,2.4586023269509343,5,5,97.6,98.0,0.5477225575051661,70.82920509740632,70.82920509740632,0.0,152.19039707482895,152.19039707482895,0.0,21.448726295645585,21.448726295645585,0.0
front,log-0073_185,1.0,oracle-power,full_log,7.950308806987105,5.355895077382361,6.943452405333242,0.3170894768214905,0.13229981926917395,0.34819289802034514,1.1211874580575263,0.4677950828099576,1.2311651403836683,21.715269437312585,9.06030137214305,23.84532805207887,6.467664015770741,5.1352847927580685,4.976497445893773,1.1621836868657087,0.5279207833226961,1.2560800822342604,22.509288446431515,10.224821878823823,24.327883106911475,208.14501616521312,64.73891420606364,255.04506001376706,46.93701142113725,18.29985849845283,53.9126829358951,5,1.0,0.8367853492781091,0.9011395853021045,0.15225112897517679,0,0.0,1.1211874580575263,0.4677950828099576,1.2311651403836683,21.715269437312585,9.06030137214305,23.84532805207887,34.25117561131621,21.18374395552629,22.166687744203568,1.76843251381209,1.0937441097013323,1.1444947693245962,5,5,97.8,98.0,0.4472135954999579,68.4830971213134,68.4830971213134,0.0,149.90437255734173,149.90437255734173,0.0,19.368098778891632,19.368098778891632,0.0
front,log-0078-valid,1.0,oracle-power,full_log,8.862631203009945,7.993260598240494,2.8258958402330734,0.16077539037075989,0.12291411072274942,0.0992528541936153,0.5161312210905351,0.3945865714292033,0.3186277247627086,14.325493386276761,10.951957735436311,8.843680012474833,10.841151405704021,8.05674053906403,6.260801689202938,0.5905907923096516,0.45620048539909897,0.41576287046106175,16.392157930984382,12.662084309863282,11.539717048050136,22.283763455574103,11.238805056460354,21.208265725581207,22.283763455574103,11.238805056460354,21.208265725581207,5,1.0,0.9406530146986603,0.9575245184766863,0.030366522907231092,0,0.0,0.5161312210905351,0.3945865714292033,0.3186277247627086,14.325493386276761,10.951957735436311,8.843680012474833,31.194732620194475,29.71050512128745,13.24450414054878,1.123910709719598,1.0704356823169896,0.47718440897460507,5,5,98.0,98.0,0.0,89.10252591047124,89.10252591047124,0.0,191.14572150135155,191.14572150135155,0.0,27.75552572853157,27.75552572853157,0.0
front,log-0079,1.0,oracle-power,full_log,6.071694406740849,6.333465755453654,0.9862526635722861,0.08241121639101229,0.07903923314737578,0.016028399319949597,0.2850554468553308,0.27339195937878485,0.05544127038297426,8.410967031637872,8.066819218567186,1.6358736608179187,7.798548433675587,6.7983672519450895,3.50532195181742,0.34350999616817673,0.28835688402829013,0.1292295115170905,10.135751779810464,8.508380638447067,3.813100829595981,11.41904818487082,8.17752938609752,6.251272781283694,11.41904818487082,8.17752938609752,6.251272781283694,5,1.0,0.9663166143489853,0.9714612777584887,0.013006919478350329,0,0.0,0.2850554468553308,0.27339195937878485,0.05544127038297426,8.410967031637872,8.066819218567186,1.6358736608179187,31.650623772270002,30.66000507048096,2.7508454769296287,1.072668893923543,1.0390959105032602,0.09322869578570253,5,5,97.2,97.0,0.4472135954999579,102.06094995286549,102.06094995286549,0.0,190.67881336638965,190.67881336638965,0.0,29.506424537491974,29.506424537491974,0.0
front,log-0080-valid,1.0,oracle-power,full_log,8.59265194445953,8.723807687913514,2.3252530264982694,0.13494563670332638,0.1526339588240774,0.04204762415096688,0.45463531601850227,0.5142277275529649,0.1416595257224113,13.307180209219979,15.051450685908641,4.146375722963068,10.875754010279161,10.613735902625574,4.062363328313157,0.5521299398468362,0.5987621153231415,0.19670421761198711,16.16084881568819,17.525773054406827,5.757534400538756,15.465449042583145,17.05340354486654,5.494066706602209,15.465449042583145,17.05340354486654,5.494066706602209,5,1.0,0.9437068874980052,0.94454544552227,0.016559097990592974,0,0.0,0.45463531601850227,0.5142277275529649,0.1416595257224113,13.307180209219979,15.051450685908641,4.146375722963068,35.91725488487252,37.661669901810676,5.570104423281093,1.2271008785007107,1.2866982282039647,0.1903007357621781,5,5,97.6,98.0,0.5477225575051661,98.61141519140322,98.61141519140322,0.0,209.41055645838256,209.41055645838256,0.0,29.270009918627654,29.270009918627654,0.0
front,log-0081,1.0,oracle-power,full_log,9.627008053877141,8.262805218881272,3.245570854656808,0.2865905002273932,0.14997864429673408,0.2789808078790786,0.9443622524302413,0.49420399570857754,0.919287080012964,19.458831560924743,10.183202774657232,18.94215106551815,13.698481573548165,12.482023162747868,2.9498512749740438,1.141650971215109,0.8541060142457543,0.8179385127573445,23.524017285815816,17.59907813300555,16.853837291759145,47.25353891445036,10.362049053444641,66.6267186915472,47.25353891445036,10.362049053444641,66.6267186915472,5,1.0,0.8548086262131465,0.8931386601694912,0.09567447250663576,0,0.0,0.9443622524302413,0.49420399570857754,0.919287080012964,19.458831560924743,10.183202774657232,18.94215106551815,31.361557451241737,22.622871741148767,19.45235840920547,1.5220169279767166,1.0979172129128811,0.9440481020086807,5,5,97.2,97.0,0.4472135954999579,67.89768518316298,67.89768518316298,0.0,200.25954166451217,200.25954166451217,0.0,20.60526192237035,20.60526192237035,0.0
front,log-0098,1.0,oracle-power,full_log,6.544283201101552,6.486437911601136,0.445866272296661,0.10995451345403628,0.11198991157623096,0.014818809816392687,0.36826879573684806,0.37508592030735527,0.049632389557320064,9.79188045746577,9.973140639242773,1.3196731055946564,9.493731783117918,8.75533870790758,1.9571606805017048,0.446432679031277,0.44374350124902884,0.06098332012207495,11.870176012697286,11.798673600118558,1.621482426551885,9.671196086178496,10.161139415123525,1.2780047966192993,9.671196086178496,10.161139415123525,1.2780047966192993,5,1.0,0.936364201787525,0.9299488830650016,0.01284653719064093,0,0.0,0.36826879573684806,0.37508592030735527,0.049632389557320064,9.79188045746577,9.973140639242773,1.3196731055946564,27.731390936039467,27.068100258820625,1.44368322460621,1.0429667711411292,1.018020668093413,0.05429636164990699,5,5,100.0,100.0,0.0,89.05392011542135,89.05392011542135,0.0,200.15184341259442,200.15184341259442,0.0,26.58894962271716,26.588949622717163,3.972054645195637e-15
front,log-0099,1.0,oracle-power,full_log,9.745616026465036,9.850880061846855,1.53671013150898,0.18947179104623482,0.1794820592454418,0.039333643675450704,0.63079616543599,0.5975379981970657,0.13095095299460904,12.389616738459747,11.73638520648132,2.5720386521656815,11.216840033596629,11.39482858271803,1.9631049525999298,0.7439725257754676,0.7256072878152675,0.1634226347383745,14.612540410626924,14.251824426438555,3.2098226364428006,14.728786100092236,13.233880253438915,5.2860195270440755,14.728786100092236,13.233880253438915,5.2860195270440755,5,1.0,0.854486576563817,0.8443942009024508,0.016367404490187008,0,0.0,0.63079616543599,0.5975379981970657,0.13095095299460904,12.389616738459747,11.73638520648132,2.5720386521656815,21.693279655802325,21.70519949918187,5.949442286385057,1.104476265204621,1.1050831436622146,0.3029056878801381,5,5,100.0,100.0,0.0,65.39029725768751,65.39029725768751,0.0,185.2820851030399,185.2820851030399,0.0,19.641236610714596,19.641236610714596,0.0
front,log103,1.0,oracle-power,full_log,6.517406894689652,6.056712854529044,1.9648972363131985,0.12533796787659796,0.1296456499414547,0.025002785984869127,0.4191179561050983,0.43352242534263113,0.08360688095110018,9.547590843420569,9.875727532849632,1.9045814654037625,7.003269513142248,6.595466297648557,2.0734140203376916,0.4781903657809238,0.4800011786535923,0.11874596935525121,10.893272147464417,10.934522826778911,2.7050569253706684,11.205234168721251,10.180422824148213,3.177064520740395,11.205234168721251,10.180422824148213,3.177064520740395,5,1.0,0.9323693544296174,0.9338040675087386,0.017036315078615843,0,0.0,0.4191179561050983,0.43352242534263113,0.08360688095110018,9.547590843420569,9.875727532849632,1.9045814654037625,24.784644227168307,25.71367018574223,4.016961040258986,1.0879906357153084,1.128772804464654,0.17633563571771027,5,5,100.0,100.0,0.0,76.17476974591364,76.17476974591364,0.0,161.83235720034813,161.83235720034813,0.0,22.780199951696677,22.780199951696677,0.0
front,log104,1.0,oracle-power,full_log,8.109408189008937,4.447830069501935,5.051434266791075,0.14583489291888405,0.10954980457204298,0.05317336129237088,0.48913087011306156,0.367430524743099,0.17834368685853572,10.49548005285159,7.884106235941722,3.8267930370927297,8.47225082498015,4.466776583844185,5.8327903338695615,0.5952109905961203,0.3876368401008701,0.296701404945503,12.77168435023459,8.317681364271067,6.3664427406488775,11.882598610235398,12.042475328568104,1.731600627396926,11.882598610235398,12.042475328568104,1.731600627396926,5,1.0,0.9339415204399026,0.933053184626759,0.007203471266308022,0,0.0,0.48913087011306156,0.367430524743099,0.17834368685853572,10.49548005285159,7.884106235941722,3.8267930370927297,23.686132831153135,18.41611781208454,7.756894184190126,1.1038674460791058,0.8582639082889919,0.3615019401286944,5,5,100.0,100.0,0.0,71.96823642671964,71.96823642671964,0.0,167.6308323463045,167.6308323463045,0.0,21.457406788546354,21.457406788546354,0.0
front,log106,1.0,oracle-power,full_log,4.345721877582082,3.801827562055765,1.1104909695753777,0.07959241071533311,0.06942326275172031,0.02058368525741809,0.2782482642767945,0.24269779225793323,0.0719588041601192,6.55959987909259,5.721510654842737,1.6964021834788894,4.1722352934469304,4.090314686572685,0.7581348748936471,0.3018372419312145,0.292497308304188,0.07529286328609532,7.115701299426791,6.895515819924106,1.7750013937793883,13.329736732395649,10.437101014286442,10.515317122962161,8.063575061273776,6.571314115098025,2.92771542834485,5,1.0,0.9622328974248282,0.9737927866062932,0.020670573979031524,0,0.0,0.2782482642767945,0.24269779225793323,0.0719588041601192,6.55959987909259,5.721510654842737,1.6964021834788894,21.980255842774806,21.537670643331158,1.7566291952186368,0.9323690696600846,0.9135952776895855,0.07451354252649058,5,5,100.0,100.0,0.0,82.41489132115096,82.41489132115096,0.0,139.2265583706526,139.2265583706526,0.0,23.57463000224599,23.57463000224599,0.0
front,log107,1.0,oracle-power,full_log,3.4369047717180963,2.8007370684440387,1.577658461515444,0.06430891658277127,0.054847467356829084,0.02217709994085542,0.2302821100652493,0.19640185507415678,0.07941339460967209,5.109244314668749,4.357546754907294,1.7619364127028716,4.061252841073274,2.917790602587373,2.6104512813636545,0.2727247074656135,0.21570026862723174,0.14003930801572165,6.050913641070798,4.785718572944903,3.107037008244973,9.404452382748497,6.426682585904509,6.833300142350678,6.978307237572916,5.397554748741194,3.468211414283684,5,1.0,0.9753194183395875,0.9846416805877957,0.021039354156615304,0,0.0,0.2302821100652493,0.19640185507415678,0.07941339460967209,5.109244314668749,4.357546754907294,1.7619364127028716,21.374428532928224,21.230847311050983,2.753940977185785,0.9633809230594018,0.9569094793970369,0.12412468462327059,5,5,100.0,100.0,0.0,79.44845887883525,79.44845887883525,0.0,143.2959687942977,143.2959687942977,0.0,22.186892039599044,22.186892039599044,0.0
front,log109,1.0,oracle-power,full_log,3.189621061264653,3.159854306453569,0.20184367836007755,0.05969129011586301,0.05846938534921838,0.006019740515758255,0.21175590512559134,0.20742117640158697,0.021355135716807475,4.820955048652645,4.722268155769379,0.4861831328271344,3.817356771281459,3.799579177265133,0.3575067721506066,0.2413641186572367,0.24617142337788353,0.01572362507621755,5.495032432337947,5.6044782584161785,0.35797296726792127,7.834267973005737,6.883290873951291,2.676544518143873,7.834267973005737,6.883290873951291,2.676544518143873,5,1.0,0.9802199570344563,0.9811962334975641,0.0025789932559692574,0,0.0,0.21175590512559134,0.20742117640158697,0.021355135716807475,4.820955048652645,4.722268155769379,0.4861831328271344,22.604319449922055,21.64449773925662,1.9131408943796684,0.99287341959432,0.9507141559110885,0.08403291000097006,5,5,100.0,100.0,0.0,80.76479900660537,80.76479900660537,0.0,163.14952995471293,163.14952995471293,0.0,22.766567221789458,22.766567221789458,0.0
front,log110,1.0,oracle-power,full_log,3.947803175304061,3.8652207214334053,0.49751912608002175,0.08293788782500719,0.08404842787826555,0.006646066244504563,0.3003031559558534,0.3043242214972441,0.02406420901539536,6.660696936615016,6.749883807955811,0.5337419873618316,4.444169199873103,3.8734796766650614,0.9938189120894553,0.33017891871684657,0.3218306521938304,0.055197090869936356,7.323338662333137,7.138174863175215,1.224266501286763,11.26855303524899,10.309411871825759,2.6118810836885724,8.110725861530575,8.134220672440984,0.9377415464075346,5,1.0,0.9552206948863768,0.9582503986251536,0.007497952816044094,0,0.0,0.3003031559558534,0.3043242214972441,0.02406420901539536,6.660696936615016,6.749883807955811,0.5337419873618316,20.669365275366424,20.60014567666853,1.189525073507701,0.9318958185404715,0.9287749943773566,0.05363074420925692,5,5,100.0,100.0,0.0,80.30945941942232,80.30945941942232,0.0,153.5219790158836,153.5219790158836,0.0,22.179909882779203,22.179909882779203,0.0
front,log112,1.0,oracle-power,full_log,7.833194906256944,4.062507922467429,8.472051722351125,0.13594822298941572,0.07794058874249339,0.13312430861012106,0.4626731190064589,0.26525551050046936,0.45306248015480455,10.626787399565151,6.092452318614729,10.406047936529463,13.80296090446505,4.454322709256926,20.9535817914799,0.7303462236731807,0.287857330946879,1.0174959028188064,16.774767602052542,6.6115763629138895,23.370090448313068,16.46971324392042,6.903435407190665,21.86341697626525,16.46971324392042,6.903435407190665,21.86341697626525,5,1.0,0.5875685498439385,0.9646236105403158,0.8489027430292904,0,0.0,0.4626731190064589,0.26525551050046936,0.45306248015480455,10.626787399565151,6.092452318614729,10.406047936529463,19.83352433717516,23.487964992107575,7.450836680556352,0.8635195399078788,1.0226279696211498,0.3243973664460251,5,5,100.0,100.0,0.0,78.16790220488943,78.16790220488943,0.0,168.2475820465773,168.2475820465773,0.0,22.968240347278098,22.968240347278098,0.0
front,log-0046,1.0,oracle-power,training_window,0.7465344712209532,0.5289481211082026,0.43636497574904876,0.029313103820009935,0.030482887324806456,0.0077163937646396175,0.09711768891907245,0.09732958383569147,0.030846209343854573,1.0718678241245143,0.7938718589959356,0.6290251634438677,0.7465351301287264,0.5289481210896908,0.4363655198768039,0.09711768892582535,0.09732958383569149,0.030846209355739656,1.0718678241951127,0.7938718589959356,0.6290251634996352,1.0170792428079842,0.6190848960819895,0.7468427165775485,nan,nan,nan,5,1.0,0.9948866065536024,0.9952522052778234,0.0030829561050107197,0,0.0,0.39446961412533565,0.4578416926237545,0.2713126970281783,3.473403424177344,2.9567895629532686,1.8356483528468424,10.907832453531611,10.014860977029144,5.465903178730681,0.9948864593501682,0.9952522045258624,0.003083243041079662,5,5,98.0,98.0,0.0,35.513187949772565,27.740048250564946,17.215663594205896,41.50402431951922,30.355704127300868,21.83238458194198,10.964257375122306,10.030108835188052,5.492292076208241
front,log-0048,1.0,oracle-power,training_window,0.5910672372357614,0.5417245105879956,0.462651601975078,0.030918875901085364,0.033244001498043144,0.014181432087516087,0.10526219595257261,0.11021270649360289,0.049591744742182274,0.7455346370909365,0.688559382498041,0.553161917041245,0.5910675271282291,0.5417245105879981,0.4626514728971005,0.10526219595580351,0.11021270649360287,0.04959174473772467,0.7455346371105053,0.6885593824980409,0.5531619170220833,0.7873853843252177,0.688559382498041,0.6143794076423066,nan,nan,nan,5,1.0,0.993441618434421,0.9939080235752982,0.005717074036237855,0,0.0,3.5789971072077487,1.598928134342459,4.138257336332041,14.351465914790314,9.650818984093466,16.465491685617383,6.405451986259959,6.209489964852515,3.13415688218662,0.9934416766431238,0.9939080235729847,0.00571685241429408,5,5,97.6,98.0,0.5477225575051661,22.184290378062112,20.72260381595818,11.443987348495416,26.968706111290793,26.468606320893798,14.2896188923825,6.454717268917264,6.247549891518246,3.167293058202362
front,log-0049,1.0,oracle-power,training_window,1.0450693754959615,0.7359067324962679,0.7890617366859499,0.036110148032160186,0.041565589175968955,0.010745624297517334,0.11494547840651996,0.1370649598738603,0.040516486626734946,1.499882068528933,1.1019009905354575,1.0405964403355492,1.0450691730040145,0.7359067324962679,0.7890617185371811,0.11494548003163059,0.13706495987386033,0.040516488542718096,1.4998820797861736,1.1019009905354575,1.0405964344028333,1.5323890896077983,1.1928850974903893,1.1307883559390446,nan,nan,nan,5,1.0,0.9927029320700159,0.9905620610414965,0.0043527465162674925,0,0.0,6.402942764104831,0.223764558864071,13.929042767030584,33.729494834721116,3.159882616353141,70.17145382267336,13.097925011807783,12.291618768375143,7.552859442797918,0.9927013703729518,0.9905620604423634,0.004354966252964734,5,5,98.0,98.0,0.0,42.35637551296956,41.8946792084999,25.08865540068344,51.63765745556477,54.44152023808434,31.06335571215127,13.192648512789663,12.414335798186094,7.604456290093028
front,log-0054,1.0,oracle-power,training_window,0.37201613644762677,0.2839202159966349,0.16619669550820124,0.03509233051974487,0.022361002387329222,0.03188232167933907,0.10772364069594213,0.06747137234720338,0.09920203165326455,0.5478709559539806,0.35771033891924225,0.35772218222764174,0.3720161359046627,0.2839202159975238,0.16619669614219562,0.1077236406959425,0.06747137234720503,0.09920203165326442,0.5478709559539823,0.3577103389192422,0.3577221822276406,0.4787363497526241,0.30562824954405576,0.2944703562098012,nan,nan,nan,5,1.0,0.9901102832726313,0.9977212105160367,0.015984747640071857,0,0.0,1.7147761556442809,0.4273295587155323,2.72075183845854,5.910159213365641,3.5395177531692887,5.33766494884527,6.644374742470703,8.278682641119083,2.909097256435818,0.990110276465632,0.9977211974120679,0.01598475501021091,5,5,97.4,98.0,0.8944271909999159,20.551164654023086,26.141779421851517,8.888522626389916,23.987648167320952,26.847944627431303,9.8487931978867,6.68103402972434,8.28287601683435,2.8905692344187925
front,log-0055,1.0,oracle-power,training_window,1.0353611939891203,1.0771662143961338,0.4364170978432349,0.029817792657541264,0.02471849663672853,0.011926143151426765,0.09632693916060805,0.07647244255402622,0.04228035812299908,1.4430012889822674,1.4894968444805303,0.579163669000046,1.0353610579637937,1.0771663645409582,0.43641719301062204,0.096326939160721,0.07647244255402622,0.04228035812316861,1.443001288983321,1.4894968444807546,0.5791636689998491,1.5190499666877213,1.5158780689397748,0.5261072597292218,nan,nan,nan,5,1.0,0.9946233243855989,0.9970716952806457,0.004396082600263086,0,0.0,0.27937198838422495,0.14100709357500235,0.221134571799011,3.4759586144859584,2.8145847481511956,1.6123983122016112,15.769899428370332,15.865769758313823,6.189947392590897,0.9946234638041244,0.997071695438355,0.004395846378455981,5,5,97.8,98.0,0.4472135954999579,50.286805200844,56.80557478842651,18.704864171773078,59.48223415751636,68.00431440556818,15.758269711225804,15.844975763539106,16.01106293069461,6.187629457602289
front,log-0056,1.0,oracle-power,training_window,1.2971236601531646,1.5432705389757206,0.6180332083375584,0.027563721962396544,0.03608697421901676,0.014151683970433085,0.08947105682397291,0.10865385777884715,0.04657596890036197,1.9517267902127746,2.346436095398332,1.0060147592707334,1.297122315384352,1.5432705390037647,0.6180356645628806,0.08947106418456333,0.10865385778035155,0.04657595471867168,1.9517269100266443,2.3464360954308208,1.0060145115658612,2.036194674124503,2.279774848779862,1.2099619098839831,nan,nan,nan,5,1.0,0.9951126194123011,0.9940796442890242,0.003596523706099786,0,0.0,0.12279042772134655,0.11987369310625655,0.03414392997641879,2.5656595527531407,2.4119228987050416,0.7201291380093201,21.09238572060378,21.095463549099886,3.350084131625155,0.9951110231161764,0.9940795064528593,0.003593970504288849,5,5,97.6,98.0,0.5477225575051661,69.11555980326737,66.18889224907834,10.815247804741912,81.95091427102048,86.86283221871494,13.668046432822612,21.19859933947138,21.294892286589445,3.3738555458774657
front,log-0058,1.0,oracle-power,training_window,1.1825847432511891,1.0736025123820154,0.5471740595166624,0.039500743631413,0.043760224743124125,0.01267700364229726,0.12149428378426926,0.12519840121112977,0.037526112562156766,1.8436137326747706,1.8078236817898554,0.9368130908758328,1.1825847305929031,1.0736025113376757,0.5471740460012983,0.12149428378427285,0.12519840121112977,0.03752611256215645,1.8436137326748157,1.8078236817898554,0.9368130908758242,1.9602824226874518,1.9571659418706584,0.9841600511327878,nan,nan,nan,5,1.0,0.9920160638933335,0.9921317252936611,0.0045690105744142775,0,0.0,0.8058940440649611,0.18327128984853475,1.387161221047589,5.9783311648689565,3.531163133846701,6.1013287376255105,15.599682239306253,18.919271917806682,6.342253219863101,0.9920160510420057,0.9921317256627367,0.004569012741125884,5,5,97.6,98.0,0.5477225575051661,49.59027900323449,62.294690362231,21.86153440505216,63.407636398318516,71.67072882930677,30.000059957860657,15.719088512551988,19.02155609784447,6.377763343134191
front,log-0063,1.0,oracle-power,training_window,1.0252340319001787,1.1599960881120475,0.8061697640450181,0.023479137587926524,0.023887530067883456,0.005735012372770048,0.07532814516093948,0.07688911036403764,0.024472031776888028,1.4219628571687855,1.7205247910030703,1.1032149558966662,1.025233974864722,1.1599960881542672,0.8061696932142043,0.07532814516094107,0.07688911036403953,0.024472031776890172,1.421962857168824,1.7205247910030703,1.10321495589671,1.3203814266577936,1.4298108939924232,1.0393345591802592,nan,nan,nan,5,1.0,0.9969170539556715,0.9970396505191894,0.0019215252815258219,0,0.0,0.8809488101127039,0.13320275539385526,1.0563537434557775,5.817397573768024,4.289175790731603,3.793349888702964,16.781690103368167,20.23265489038095,11.764879497689286,0.9969170499186287,0.997039640791728,0.0019215281114782544,5,5,97.2,97.0,0.4472135954999579,54.87308166243774,65.24030560673279,39.57698990198636,62.47041113917976,71.97530775386198,44.12748933958506,16.84447722276308,20.30567727670795,11.811767023270484
front,log-0071_183,1.0,oracle-power,training_window,1.0435305664982706,0.848571857165338,0.5301820117125701,0.027674431756246464,0.03099933175264021,0.011143684305751125,0.08694954915831432,0.09237452885849601,0.03258414235656595,1.5285265387660476,1.1892372208373012,0.8695323101602851,1.04353041511207,0.8485718571699686,0.5301801041763121,0.0869495621102325,0.09237452885849601,0.03258411690988596,1.5285267276040144,1.1892372208373012,0.8695320334792531,1.6812654957862008,1.1554202092921906,1.338642875409645,nan,nan,nan,5,1.0,0.995783754996879,0.995724332542984,0.0025268939186131457,0,0.0,0.15446013458282315,0.14092113714709256,0.11610265569348988,2.5021494373848165,2.6955100561573846,1.5659901916865953,17.86141845196087,14.660372094235905,8.620491203936849,0.9957806272021159,0.9957243328208274,0.002523120072604675,5,5,97.6,98.0,0.5477225575051661,57.859170361858105,49.882719306051946,30.478969544554676,67.33649177562842,52.29180234661325,32.55035240747578,17.932245776713067,14.669180788788882,8.649970834379634
front,log-0072_184,1.0,oracle-power,training_window,1.084995074629137,0.8674448101164401,0.619179617759787,0.03025530511916267,0.02672957008753916,0.012602647724335716,0.095342284244837,0.08165179392222605,0.043810342532036674,1.5997666753414783,1.4133860476620823,1.022424794309332,1.0849950745814696,0.8674448100370102,0.619179617800035,0.09534228424483701,0.08165179392222606,0.043810342532036674,1.5997666753414783,1.4133860476620823,1.022424794309332,2.0564716034979744,1.6773150737827276,1.4711329337362045,nan,nan,nan,5,1.0,0.9946625498824065,0.9966609175388,0.005097034209526485,0,0.0,0.5584898299480451,0.17349667580314093,0.962413177673946,7.042082896588998,2.8215529442817844,10.894851858963959,15.971438495606298,15.606501670332642,3.430744836483564,0.9946625496958713,0.9966609172989018,0.005097034108345477,5,5,97.6,98.0,0.5477225575051661,50.24828000394605,47.683041738936645,12.102266612597264,64.72005664029719,66.76402652616821,21.39172308526089,16.065476629508048,15.62929885734041,3.499794973472528
front,log-0073_185,1.0,oracle-power,training_window,0.6317603960815008,0.48925895141299713,0.424942650642767,0.035775446600282076,0.030244555523176064,0.01416467682468587,0.10762641535376587,0.08385208011485391,0.046926864081506536,0.8583039108208694,0.6341437045650373,0.5383169809875349,0.63176040304047,0.48925897223405057,0.42494264467647924,0.10762641535383928,0.0838520801150497,0.04692686408149298,0.8583039108213825,0.6341437045652424,0.5383169809872758,0.8569412060177527,0.6341437045650373,0.5483841567351487,nan,nan,nan,5,1.0,0.9932882471018003,0.9964782128378377,0.006452560493357463,0,0.0,1.0510994607080257,0.7422133781308974,1.0095672978936636,5.912848446690531,4.781219987881025,4.964732490589683,9.39371141256877,7.334424589444564,7.803710177748596,0.9932882487704822,0.996477932318714,0.006452481466099228,5,5,97.8,98.0,0.4472135954999579,27.362971212371814,19.743932315643548,21.47189754556033,32.58394843365912,27.283317263842804,21.263450569417515,9.436709889440717,7.358692293735446,7.816421137804722
front,log-0078-valid,1.0,oracle-power,training_window,1.3942540775127354,1.0917141842325342,0.7019954996622312,0.04099882124649873,0.04492197394219627,0.015916414047367464,0.12516127703102647,0.11738800760390757,0.056263585997058295,1.8220323758254662,1.5888916785965201,0.9270349700387802,1.3942542156218374,1.091714184200612,0.7019956841710457,0.1251612770310339,0.11738800760390757,0.056263585997067066,1.8220323758255812,1.5888916785965201,0.9270349700389249,1.811983573823635,1.5143184595498926,0.9695173992095428,nan,nan,nan,5,1.0,0.9908376714126816,0.9930861270155702,0.007322120087890975,0,0.0,0.4948982558019061,0.2813792781105826,0.5083823417032612,7.720830115399198,4.235904710356668,8.050052767472136,15.06129282123167,14.975427306715346,5.8387417715022885,0.9908376343256131,0.9930861259569262,0.007322163097822228,5,5,98.0,98.0,0.0,46.18239693302654,49.83829262849618,18.038899845147235,52.2114849406009,52.660455694650835,20.669476447976823,15.193167713218838,15.054074837351559,5.8406180164141475
front,log-0079,1.0,oracle-power,training_window,1.7470759250878334,1.8611344858980219,0.8966277359765061,0.042058170165880225,0.041343793793404214,0.01273038582375607,0.13457950876400537,0.1297894485911075,0.040984798478365655,2.4315563671734752,2.702111600252803,1.192971450801404,1.7470758576726753,1.861134485726806,0.8966277501393581,0.13457950876400968,0.1297894485911075,0.040984798478364205,2.4315563671735543,2.702111600252803,1.1929714508014089,2.4218240305426493,2.7866984276652387,1.1791643069048314,nan,nan,nan,5,1.0,0.9902106370128114,0.9915415770578742,0.0058573887603424165,0,0.0,0.3219728649000364,0.17395271234509577,0.36327826554044024,5.427851070876155,3.7551521896305746,4.882297651366509,20.063165376367614,21.184721595563072,12.551550829887626,0.9902106405926882,0.9915415769708352,0.005857382599032861,5,5,97.2,97.0,0.4472135954999579,63.824707353275336,76.04749185842982,37.53636401789076,75.6105549571357,83.39968033841245,39.819291459658224,20.223417698495844,21.33656789634006,12.581143673594031
front,log-0080-valid,1.0,oracle-power,training_window,2.0533566210996677,2.309845729437659,0.7393508120511028,0.028858198545617747,0.022471075110655162,0.012000843536178888,0.09530358555490903,0.08075329378573767,0.03688621086132674,2.7690321806294387,3.197866117864512,0.8378436228333764,2.0533566211906984,2.309845729958208,0.739350812107665,0.09530358555490905,0.08075329378573769,0.03688621086132674,2.7690321806294387,3.197866117864512,0.8378436228333764,2.83331458097183,3.062490518868533,0.9331388254049547,nan,nan,nan,5,1.0,0.9948956906338653,0.9967341197845865,0.0037611994724853137,0,0.0,0.36628047533607994,0.20291833163942402,0.3742059816359041,9.183184049755821,8.793935609182721,5.093581917418073,32.93514260491894,25.15617894723283,17.52489949350389,0.9948956906840827,0.996734119822037,0.0037611994455391037,5,5,97.6,98.0,0.5477225575051661,106.98702714681683,90.00829529531055,47.32643717918863,117.17982131271067,101.81784008924569,51.21417345469018,33.06881405515692,25.423981950448777,17.503712534264462
front,log-0081,1.0,oracle-power,training_window,2.2509456292220387,2.071345039730416,1.1394533087661392,0.07520720553148691,0.06529423636134084,0.036865818961371345,0.21428223727053414,0.16827131322080602,0.11586839655514318,2.72368781108746,2.477106507457011,1.082012945883143,2.2509457001647646,2.071345041514352,1.139453286580663,0.2142822372706191,0.16827131322093145,0.11586839655520975,2.72368781108822,2.477106507457011,1.0820129458832344,2.6420103851938768,2.461001786581851,1.1045017883931008,nan,nan,nan,5,1.0,0.9709438519653922,0.9857407190265465,0.027630844738723084,0,0.0,0.836634465563348,0.8866892172270774,0.522058374383048,10.218169361678346,7.546976233759252,4.857307858573521,15.082447507275527,11.952412703891127,8.964072827802884,0.9709437612067295,0.9857408852534845,0.02763103246347937,5,5,97.2,97.0,0.4472135954999579,42.77654559616734,37.603996978106494,23.96071010354752,52.313349907501426,39.2506220845068,24.30255194066438,15.404762273246902,12.732210597824832,8.860890843962533
front,log-0098,1.0,oracle-power,training_window,1.8021983248934188,1.928636121556859,0.4074041256439817,0.03455389313365065,0.033936459947491365,0.01238530249226595,0.11349866879860034,0.10382377356126943,0.03717180233660333,2.438866581229142,2.5630227423753817,0.5829492138326653,1.8021988285003108,1.9286361214043626,0.40740560230806977,0.11349867161396707,0.10382377410382099,0.037171805395696096,2.4388666186990418,2.5630227423753813,0.5829491731813998,2.7491566423439635,2.6133100252846204,1.2219669660995953,nan,nan,nan,5,1.0,0.9929742331160097,0.9945957088431062,0.004305559279187028,0,0.0,0.3573344200355416,0.23538300171750584,0.2644582369454767,6.670994009827226,6.591914732306083,3.051830308470671,24.275955020649057,16.552498454074513,12.892574785596592,0.9929711517925728,0.9945933376363093,0.004308299259241564,5,5,100.0,100.0,0.0,82.68947976133043,53.70454049370926,46.64502516558456,94.10023635142826,63.66872892427526,48.09459187243506,24.4110109791485,16.642478717394372,12.87538413797021
front,log-0099,1.0,oracle-power,training_window,1.9558912369831876,1.979580208929645,0.6802367770062632,0.044834606600918515,0.034965786203738886,0.03328773249335194,0.13927933677451737,0.10514440510046738,0.10436506688902708,2.4023288346174807,2.36537064240007,0.7732771323106838,1.9558897774538715,1.9795802093841022,0.6802376453313372,0.1392793368667408,0.10514440556158444,0.10436506685132244,2.4023288363263275,2.36537064240007,0.7732771310564038,2.3309724093166064,2.335883745186258,0.5274384125884057,nan,nan,nan,5,1.0,0.9856592154338701,0.9944569644224357,0.02131676661048502,0,0.0,0.30848738901130707,0.3217901269175174,0.14931609376472746,7.027335895278173,6.389386083188156,4.979945209514924,21.666757487719646,26.545820751885696,8.693098762779009,0.9856585132205267,0.9944534691546026,0.021316412908857132,5,5,100.0,100.0,0.0,68.0431543529783,77.73080090160862,27.711426264187526,75.2242883009568,82.88113391653621,28.374852175962843,21.848992110161483,26.78428314471706,8.571458770002009
front,log103,1.0,oracle-power,training_window,1.7638921337448938,1.5923318265801856,1.7637131874259961,0.03523547121451169,0.03485892182739874,0.021046967817742873,0.10658772339965301,0.10436530881580132,0.05671450210240827,2.678775201480456,2.5794356833947556,2.640573474231232,1.7638755308526837,1.5923316563143635,1.7637318504498947,0.10658773273104065,0.10436530881580834,0.056714487613789444,2.67877527676248,2.5794356833949292,2.6405733891589587,2.822123240218727,3.3142674227445283,2.672975073438893,0.26314368549246214,0.26314368549246214,0.04018774962927142,5,1.0,0.9929936890828188,0.9945390300615571,0.006058349646687689,0,0.0,0.5465269249715726,0.2905090162756268,0.6586115136445854,5.862581529078444,5.356050290157406,3.324598405531261,19.60684045651541,23.343254375085092,14.062171587739622,0.9929918090002033,0.9945390151060783,0.006056013327067713,5,5,100.0,100.0,0.0,58.61430440240558,72.05832718865305,39.050737237642416,66.3349741602307,84.72377312540263,44.03515926002195,19.806472184175682,23.637894406601852,14.277685067644697
front,log104,1.0,oracle-power,training_window,3.3273386718533886,1.8011355617902582,2.5676886993823933,0.05912821587511383,0.06060269388258235,0.022250870573744818,0.1851684347654095,0.22596256270150092,0.06474959476562951,4.98914061796692,2.657669241943145,3.805486910545409,3.3273057218479254,1.80113180073084,2.5676445184043724,0.1851684349107237,0.22596256270367185,0.06474959488797742,4.9891406239383755,2.65766924199813,3.805486919262309,5.396426926399105,3.802406251284765,3.5033714353593295,nan,nan,nan,5,1.0,0.9809505822180512,0.9741359865324661,0.010874167420363536,0,0.0,0.295164517695618,0.23468088499826795,0.0963705889191197,8.458829582165233,3.889373894939654,6.945498144220366,24.620828047239357,17.11406133248654,13.430000726037942,0.9809519787453785,0.9741355273360834,0.010873026395354113,5,5,100.0,100.0,0.0,75.96374183286459,53.883464893653695,35.279522100800875,83.5108304212993,64.35156452689142,36.38089846062257,25.155530238102063,17.180616043719564,13.881074445936738
front,log106,1.0,oracle-power,training_window,1.4249262644701033,1.773663743877216,0.678459464801116,0.04019573283128199,0.035947344303677166,0.010349713169387062,0.1257633776928972,0.12421746065463331,0.028372002048760333,1.9503289644011566,2.374265236529876,0.9046316783907722,1.4249263596522002,1.7736637456242257,0.6784595341132135,0.125763377692911,0.12421746065463331,0.028372002048768004,1.9503289644014052,2.374265236529876,0.9046316783910022,1.9403680870037583,2.2758934748274906,0.9873491840975714,0.5965712888877396,0.5965712888877396,nan,5,1.0,0.9917304063304584,0.9922550188678889,0.0036051336149113687,0,0.0,0.2805810870681153,0.21007854991936967,0.16715860350311307,3.460038328472572,3.459045746538229,0.6222345410666977,14.778244953094552,14.423990472644958,5.567425383305401,0.9917304427447713,0.9922550177190854,0.0036050887703292806,5,5,100.0,100.0,0.0,47.615708186350005,42.73513855142609,20.201809148155952,58.78915387308025,61.05699574440834,22.635143356138,14.909931865439637,14.618092793164573,5.628707039801122
front,log107,1.0,oracle-power,training_window,1.434233923231229,1.2918005145821096,0.42767368218492685,0.03546232947478421,0.038442444682116945,0.009100305129003911,0.11464635774688403,0.12087035399650652,0.025775091692328365,2.2162559174665866,1.9052077414188686,0.6569885834480078,1.4342338997069746,1.2918005153834309,0.4276736998520858,0.11464635774696641,0.1208703539965065,0.025775091692178204,2.2162559174685095,1.9052077414188686,0.65698858344648,2.3688475386786645,1.9888200720115434,1.0777694921161098,nan,nan,nan,5,1.0,0.9931356147149696,0.9926683018635979,0.002823818055786121,0,0.0,0.25684865583622796,0.1634518285547932,0.26186508353754434,4.0620350831939795,3.187906023952321,2.373170352668105,19.692563756440713,19.32060479292156,5.482101334240693,0.9931355296659927,0.9926682947732118,0.0028236743843158122,5,5,100.0,100.0,0.0,65.16464318085004,67.55930571265458,19.597812809998246,74.66486409943397,77.35508056705925,26.49736299730576,19.822177113039515,19.503642462364095,5.497533545770865
front,log109,1.0,oracle-power,training_window,2.0495301985576484,1.8473228004830022,1.2675321493629117,0.036343671195710955,0.035060066802675316,0.005355493040301153,0.12142129736763345,0.11640611595462015,0.008291971069142845,2.9518967503660827,2.861501468706073,1.68399634820106,2.049530204050174,1.847322800483002,1.2675321395569181,0.12142129736763438,0.11640611595462479,0.008291971069142128,2.951896750366087,2.861501468706075,1.6839963482010523,2.928977377078202,2.7362097993870758,1.5811586409163716,0.5317210428743521,0.5317210428743521,nan,5,1.0,0.9925729185555259,0.9932016996402896,0.0010395121193450233,0,0.0,0.20638044363775446,0.1574321429731638,0.10952325497977909,3.9718916414585856,3.449309765138564,1.6099830489926477,23.87963063211597,24.656305981026218,13.17239814646532,0.9925729163341412,0.993201689431493,0.0010395103516606767,5,5,100.0,100.0,0.0,80.27954761918399,89.68324511006139,41.15757359216786,94.10695895801818,110.43110866409745,44.38266784825225,24.062223108805323,24.821797210009294,13.277716586477078
front,log110,1.0,oracle-power,training_window,1.7073229098419236,1.3675239834974005,1.052368924492126,0.04577613454095121,0.048023093774004925,0.010255330305582977,0.14820748082807716,0.1584564685226771,0.035428848956879776,2.3952435916691384,1.9590575278926243,1.2765319221635136,1.7074165474393823,1.367523958480968,1.052278443680609,0.1482074972147888,0.15845646852267842,0.03542887164356046,2.3952437129760606,1.9590575278926405,1.2765318024728054,2.649806549246223,2.6405524973275245,1.502733917238414,nan,nan,nan,5,1.0,0.988437464195003,0.9873659643634279,0.005215307892685786,0,0.0,0.25530500177007187,0.23214014232812485,0.1199413897766234,3.8564643285411693,4.593028641556953,1.7340435619843082,16.313927264770747,15.859917211098432,7.251471585687803,0.9884307017087929,0.9873659535510445,0.0052248260497412425,5,5,100.0,100.0,0.0,53.97055818906421,54.9398641076439,26.968440753165318,64.91416214146162,64.18363815002715,28.396155336448256,16.496700946331632,15.950876226168308,7.340961004627179
front,log112,1.0,oracle-power,training_window,2.022421936762691,1.9661031254888781,0.8789762545056634,0.09905794456626718,0.04432326066231979,0.13245718103199353,0.2984827582373433,0.1545494065374096,0.36061018775528925,3.0554518106043864,3.059137623647331,1.1412435868977622,2.0224453493880565,1.9661031223530343,0.8789832079445169,0.2984827594783247,0.1545494065374096,0.3606101896088555,3.0554518196218337,3.059137623647331,1.1412435834677532,3.398409347718515,3.660267879092243,1.25200211794522,4.186130766533657,4.186130766533657,nan,5,1.0,0.8594803554408246,0.9879850610909736,0.2919432656416728,0,0.0,2.432595009716202,0.1875099716847065,5.043033370870295,12.993533239121945,3.921191049903829,21.222584102202035,15.874754815630373,15.958764057655271,8.85862485297427,0.8577526946837368,0.9879850580315174,0.29580228000649267,5,5,100.0,100.0,0.0,56.91692313798112,56.32283634511565,30.053873100903555,64.71535872390953,66.97090530995916,34.187261637487104,16.635196329380815,16.15283948671436,7.782922779505439
front,log-0046,10.0,oracle-power,full_log,2.1840542574349477,1.8337686146763004,0.811634903568168,0.050689770194572846,0.040037038765113435,0.022993816553970908,0.16723235261358402,0.13208756241487246,0.0758596857536638,3.4395858123996854,2.7167381106360695,1.5602596912232034,2.319094622146941,2.0063490230194385,0.8845716967095427,0.17962692144336712,0.13967115211150471,0.09268611968404314,3.6945136563931342,2.8727151516806857,1.9063408323164273,8.627580843218375,3.7337999239818673,10.994781556712269,4.777661515554961,3.3790117805879776,2.991159100102959,5,1.0,0.9873700715272828,0.9913186336585287,0.008733151488942253,0,0.0,0.16723235261358402,0.13208756241487246,0.0758596857536638,3.4395858123996854,2.7167381106360695,1.5602596912232034,20.792163874272386,20.020647225055175,1.742098665208285,1.010913136135967,0.973402066092586,0.08470068030211785,5,5,975.6,976.0,0.894427190999916,67.85562055611663,67.85562055611663,0.0,165.8998005948889,165.8998005948889,0.0,20.567705701942586,20.567705701942586,0.0
front,log-0048,10.0,oracle-power,full_log,2.3292751090758337,2.297079612005461,0.24135187972361563,0.0469262518280478,0.044932656753121795,0.005708475254590434,0.16248414493272065,0.15558123710453092,0.019765838618658507,3.646172080732562,3.4912696451168443,0.4435488087373681,2.585900286169461,2.456814649813377,0.5205239381728805,0.18044672300311926,0.17544683674668907,0.026290835117297455,4.049255413481031,3.9370571083320405,0.5899708493005643,4.21785736192778,4.190781066357959,0.45568484232615014,4.21785736192778,4.190781066357959,0.45568484232615014,5,1.0,0.9883234115031151,0.9899117746366096,0.002523949494849395,0,0.0,0.16248414493272065,0.15558123710453092,0.019765838618658507,3.646172080732562,3.4912696451168443,0.4435488087373681,22.10344618346938,21.988409781031812,1.4757861042337477,0.9849945295137743,0.9798681693002848,0.06576536651057735,5,5,976.2,976.0,0.44721359549995804,77.70004930488071,77.70004930488071,0.0,147.0280467770388,147.0280467770388,0.0,22.44017151484117,22.44017151484117,0.0
front,log-0049,10.0,oracle-power,full_log,2.633856950386879,2.772822909183439,0.4084093403800948,0.05040489484414532,0.05199378682969153,0.00587857726434007,0.1674689673311578,0.1727480201065468,0.019531421836698946,4.058539320737457,4.186474923414206,0.47333571572937494,2.364021687926606,2.482349321228385,0.22664019361258947,0.1728777004665323,0.17403415240261083,0.023815334479692054,4.1896176718798825,4.217643793554334,0.5771545198055439,4.354470547753001,4.206254552787067,0.5360513014535857,4.223996441814117,4.278791643980379,0.472171980981021,5,1.0,0.9880726796803121,0.9872491118838046,0.001512577740378991,0,0.0,0.1674689673311578,0.1727480201065468,0.019531421836698946,4.058539320737457,4.186474923414206,0.47333571572937494,22.604945032716635,22.477014715678727,1.1098210937111619,0.932755975004025,0.9274771403318521,0.04579494685106871,5,5,976.4,976.0,0.8944271909999159,80.51875384894029,80.51875384894029,0.0,128.6836164750667,128.6836164750667,0.0,24.23457542860456,24.23457542860456,0.0
front,log-0054,10.0,oracle-power,full_log,2.914061175983171,2.426171224922668,1.0311662173245242,0.07154545077276443,0.05375500141682645,0.03685564601215575,0.23856879613568163,0.1792464207824381,0.12289540431926328,4.280074966752384,3.2157940640089135,2.2048212175100965,2.99099394978765,2.733742081345002,0.7567924304628839,0.2623898771119394,0.20370607338111657,0.1177694883100297,4.707440213251244,3.6546156889607513,2.112859044970489,4.819127657700184,3.7713712618597954,2.265549129320502,4.853297846322796,3.538031357783004,2.7327510881062773,5,1.0,0.9797031680136493,0.9857356471893561,0.011833747253589755,0,0.0,0.23856879613568163,0.1792464207824381,0.12289540431926328,4.280074966752384,3.2157940640089135,2.2048212175100965,18.109034672558415,16.72335393244764,3.1597029004230124,1.0093866660213382,0.9321496576594347,0.1761199331684393,5,5,976.0,976.0,0.7071067811865476,59.82316025020701,59.82316025020701,0.0,135.89296889344487,135.89296889344487,0.0,17.94063195221126,17.94063195221126,0.0
front,log-0055,10.0,oracle-power,full_log,2.726049907492322,2.7716434138032064,0.08076298930439477,0.047658158682114114,0.04815900352545228,0.002747975129445847,0.16433854770305784,0.16606559961724873,0.009475780315170596,3.8952608480020374,3.9361965736600872,0.22460120636240483,2.799757510026981,2.7459392018832705,0.12973473582545494,0.16799981994896648,0.1688661004600266,0.008772316917111948,3.982042742041491,4.002575895128719,0.20792725207255994,3.9174768108501596,3.9639926780894705,0.18242164092969543,3.8734031204551904,3.895435786993011,0.23167674848333222,5,1.0,0.9867911733302668,0.9871122810756605,0.00167918002591061,0,0.0,0.16433854770305784,0.16606559961724873,0.009475780315170596,3.8952608480020374,3.9361965736600872,0.22460120636240483,22.842890793601317,22.826230005965307,0.4380767108591685,0.9637268580576528,0.9630239501522435,0.018482174430514694,5,5,976.0,976.0,0.0,81.73334756770429,81.73334756770429,0.0,144.98409225186288,144.98409225186288,0.0,23.702660772202737,23.702660772202737,0.0
front,log-0056,10.0,oracle-power,full_log,2.714800956771987,2.6935651607355977,0.1347388246537318,0.050038126604237045,0.048222741315031445,0.002900999827198738,0.17240748378069598,0.166152533185125,0.009995459754346934,3.883427260249776,3.742536359682758,0.225144756118218,2.7664046883584943,2.8150298822007453,0.181004908092138,0.1829711290115408,0.17453883455369668,0.02089111263109449,4.121370225122765,3.9314353020790613,0.47056609440305847,4.423261787946538,4.324310449963709,0.5355953526391157,4.160908908712562,4.039688489214391,0.2770325356915462,5,1.0,0.9860103744941636,0.9861423042736537,0.0003951782576950027,0,0.0,0.17240748378069598,0.166152533185125,0.009995459754346934,3.883427260249776,3.742536359682758,0.225144756118218,21.599665453792287,22.076414540549226,0.9110602272591398,0.9589323352366934,0.9800979461607982,0.040447159384752976,5,5,975.8,976.0,0.4472135954999579,77.60936557366922,77.60936557366922,0.0,148.7314640450589,148.7314640450589,0.0,22.524702380028554,22.524702380028554,0.0
front,log-0058,10.0,oracle-power,full_log,2.7529713918971153,2.5877046823255796,0.39457410124748515,0.05145750384140296,0.04840047845578406,0.008390097570496963,0.1767130148790711,0.1662147176021653,0.028812890757035695,4.134477769280158,3.8888536609689264,0.6741227089876927,3.057097143883825,3.136513587504339,0.4651067481189188,0.19250398292357956,0.19729253533813249,0.02802440218753728,4.503932200127322,4.615967884191399,0.6556747838920023,5.045837804457749,4.35189965394287,1.2859173158995092,5.045837804457749,4.35189965394287,1.2859173158995092,5,1.0,0.9860520683846341,0.987942732311571,0.004041195133372297,0,0.0,0.1767130148790711,0.1662147176021653,0.028812890757035695,4.134477769280158,3.8888536609689264,0.6741227089876927,23.461416653936503,22.685860397707017,1.6539724875209363,1.0027717892344612,0.9696234953278041,0.07069295836309435,5,5,975.8,976.0,0.4472135954999579,80.3474218652934,80.3474218652934,0.0,161.1697294857218,161.1697294857218,0.0,23.39656630333357,23.39656630333357,0.0
front,log-0063,10.0,oracle-power,full_log,2.536544651483828,2.5034081103938273,0.1584256153164967,0.043503606582289925,0.04316270089335835,0.002670654590594486,0.13461293647443545,0.13355807414339826,0.008263789717499123,3.6956526738367628,3.6666925686913885,0.2268734147352942,2.5851168887262994,2.5374626788719477,0.21537762010648753,0.13947799085778953,0.141427317376211,0.01186252505032033,3.8292174835132706,3.8827341361371683,0.325672803586731,3.9963875387841243,3.677863313574145,0.9019765796902497,3.778052837586837,3.8004145406141308,0.24972223562483115,5,1.0,0.9911819042468102,0.9910822054479804,0.0013623336944939821,0,0.0,0.13461293647443545,0.13355807414339826,0.008263789717499123,3.6956526738367628,3.6666925686913885,0.2268734147352942,27.36187377129516,27.340559581223648,0.7726133643850236,0.9966472774545065,0.9958709150721828,0.028142188381378955,5,5,975.4,976.0,0.8944271909999159,84.9504894920883,84.9504894920883,0.0,153.67050225201805,153.67050225201805,0.0,27.453919144974673,27.453919144974673,0.0
front,log-0071_183,10.0,oracle-power,full_log,1.837675589927866,1.718944563127874,0.27662733059351857,0.033903199046033845,0.03179204791440812,0.004113756503764149,0.1188316535868402,0.11143201027878011,0.014418830716598694,2.6863006136952814,2.519024759496705,0.3259511471365817,1.9470700603100835,1.7936481209845578,0.3765963438015524,0.12399912726874718,0.11930244201967313,0.016018494629819656,2.80311618685245,2.696943226314616,0.3621130452679694,4.46082399269485,3.951076435300614,1.4068407200603807,2.850715965365473,2.57606488197218,0.5289355072818892,5,1.0,0.9929290110997387,0.9938922239549538,0.001923019698739873,0,0.0,0.1188316535868402,0.11143201027878011,0.014418830716598694,2.6863006136952814,2.519024759496705,0.3259511471365817,22.196677703576853,22.118496338940727,0.19973970653831447,0.9818960328575447,0.9784375886342801,0.008835719834887585,5,5,976.0,976.0,0.0,79.23442888229562,79.23442888229562,0.0,152.4462174422029,152.4462174422029,0.0,22.605934804502045,22.605934804502045,0.0
front,log-0072_184,10.0,oracle-power,full_log,1.9062477410279803,1.838010647053694,0.2844986324014913,0.03712953025620087,0.03556141906176564,0.004582292119422631,0.1226112486791677,0.11743294261682871,0.0151319059168891,2.6298551136868045,2.518787044280613,0.3245601083428143,2.04966292994584,1.9362628151270258,0.40709016214535787,0.13067162089437045,0.12151371461392188,0.024456320168756082,2.802739831171715,2.6063144059211996,0.5245569174983261,2.9697714417254333,2.7991900882844982,0.399229977731479,2.7664890872711747,2.5970315291568,0.5169687946520389,5,1.0,0.993246035422343,0.9930909815205097,0.00022479745079425977,0,0.0,0.1226112486791677,0.11743294261682871,0.0151319059168891,2.6298551136868045,2.518787044280613,0.3245601083428143,21.70379178908089,21.413069124944474,0.8982219612455119,1.011891871336299,0.998337562323766,0.041877636409014415,5,5,976.2,976.0,1.0954451150103321,70.82920509740632,70.82920509740632,0.0,152.19039707482895,152.19039707482895,0.0,21.448726295645585,21.448726295645585,0.0
front,log-0073_185,10.0,oracle-power,full_log,1.8966747691864208,1.8585725444287655,0.23128408539909953,0.041885623348159304,0.04164341921408318,0.004475243259649521,0.1481021572889199,0.14724575473612025,0.01582388247245506,2.868457211738746,2.8518703225016275,0.3064785187920813,1.8742849847759424,1.8177605063994784,0.22117525391679438,0.15041040439555248,0.14796625696718058,0.01800420391976162,2.913163569706097,2.8658250808832153,0.34870719995325083,6.806052633515799,5.421540258333553,4.532463099519408,3.7266369282747105,3.502496017372848,0.7696146961350658,5,1.0,0.9894038823939635,0.9894422342848915,0.0021665343941054283,0,0.0,0.1481021572889199,0.14724575473612025,0.01582388247245506,2.868457211738746,2.8518703225016275,0.3064785187920813,18.765656931196855,18.53056561094284,0.561913926371037,0.9688951479144998,0.9567570788692188,0.029012343069183467,5,5,975.6,976.0,0.8944271909999159,68.4830971213134,68.4830971213134,0.0,149.90437255734173,149.90437255734173,0.0,19.368098778891632,19.368098778891632,0.0
front,log-0078-valid,10.0,oracle-power,full_log,5.879599331324475,5.754569479943922,0.599838997834386,0.08395865115806286,0.07877235013436877,0.008862940228243696,0.26952931691470067,0.2528799287581588,0.028452365451620724,7.480927890219512,7.018815368876306,0.7897103613300418,6.144804286238591,6.074975473529009,0.6307216204983612,0.28630688963484313,0.28013373482890186,0.03155586312048282,7.946598241515735,7.775259084473226,0.8758495707265813,7.326570690758173,6.792956580071298,1.5067865009476413,7.326570690758173,6.792956580071298,1.5067865009476413,5,1.0,0.965907340294635,0.9687449498352384,0.0067472214759593035,0,0.0,0.26952931691470067,0.2528799287581588,0.028452365451620724,7.480927890219512,7.018815368876306,0.7897103613300418,26.752541365574967,26.25053418974606,2.56520512435138,0.9638636150233115,0.9457768678746935,0.09242142085294577,5,5,975.8,976.0,0.4472135954999579,89.10252591047124,89.10252591047124,0.0,191.14572150135155,191.14572150135155,0.0,27.75552572853157,27.75552572853157,0.0
front,log-0079,10.0,oracle-power,full_log,6.347123888225945,5.99540562086133,1.3419866846801543,0.08138964959152294,0.0743984478024381,0.0177398275049454,0.2815219086638867,0.2573397616538505,0.0613609976652425,8.306704953641681,7.59317625773551,1.8105436471546992,6.745661830115479,6.620994465877398,0.8431777018489769,0.3140489231667699,0.2761271885410925,0.07210431739839533,9.266460852500911,8.147526051437564,2.127540600143121,8.336754646911203,7.695541511064584,2.0693904970414274,8.336754646911203,7.695541511064584,2.0693904970414274,5,1.0,0.9705063785510178,0.971040514014981,0.0049513012540127474,0,0.0,0.2815219086638867,0.2573397616538505,0.0613609976652425,8.306704953641681,7.59317625773551,1.8105436471546992,31.633906158316172,31.0627265600809,3.781941008000967,1.072102318534763,1.0527445140163096,0.12817347636259654,5,5,975.6,976.0,0.5477225575051662,102.06094995286549,102.06094995286549,0.0,190.67881336638965,190.67881336638965,0.0,29.506424537491974,29.506424537491974,0.0
front,log-0080-valid,10.0,oracle-power,full_log,6.942621893544346,6.604613011142113,0.9266682748597992,0.10721842493612457,0.09240970782113705,0.028767775361177764,0.36122162742472347,0.3113306791149069,0.09691937406788304,10.572960617544478,9.112652065666408,2.83683104027412,8.86348269185238,7.271098252537145,4.264512257195868,0.4328563806637097,0.35375705558732884,0.1798504287928886,12.66971055536805,10.35447252582563,5.264223834637285,11.574018678207153,9.749050473717109,5.078447223802428,11.574018678207153,9.749050473717109,5.078447223802428,5,1.0,0.9516408233628745,0.9523434659375621,0.013287264226491308,0,0.0,0.36122162742472347,0.3113306791149069,0.09691937406788304,10.572960617544478,9.112652065666408,2.83683104027412,33.04255918101766,31.574735385499007,3.353627737026912,1.1288878709941648,1.0787401669243921,0.11457555861273003,5,5,976.4,976.0,0.5477225575051662,98.61141519140322,98.61141519140322,0.0,209.41055645838256,209.41055645838256,0.0,29.270009918627654,29.270009918627654,0.0
front,log-0081,10.0,oracle-power,full_log,9.758834812882073,9.94906504470552,1.842713009368808,0.40289216244845044,0.4034593849433638,0.2709057273010887,1.3275951216611266,1.32946421192232,0.8926783777805607,27.355445208688643,27.39395830307708,18.39387178660512,13.435621470237532,10.640977503785757,5.793114252682673,1.4249493245080331,1.3395677621342785,0.9577460202074224,29.361454057592727,27.60214460154031,19.73460760148174,69.7547029284893,84.33881305679753,59.826603802050705,69.7547029284893,84.33881305679753,59.826603802050705,5,1.0,0.7624729124116132,0.7706074600551467,0.13278985001317203,0,0.0,1.3275951216611266,1.32946421192232,0.8926783777805607,27.355445208688643,27.39395830307708,18.39387178660512,38.592679549364604,39.91980545909419,17.457691737431876,1.8729526319423293,1.9373597680772394,0.8472443496813175,5,5,975.4,975.0,0.5477225575051662,67.89768518316298,67.89768518316298,0.0,200.25954166451217,200.25954166451217,0.0,20.60526192237035,20.60526192237035,0.0
front,log-0098,10.0,oracle-power,full_log,6.531146829981642,6.056444107418075,1.0378052367497639,0.10061317675164101,0.09110986622488582,0.01563119121368718,0.33698201441339115,0.3051527368943338,0.05235328485722718,8.959997804999407,8.113690748517707,1.3920188536525746,7.691098814140929,7.6343583133591535,1.0918937494042187,0.3787120557756274,0.3569446332193505,0.06362835962839,10.069555772533809,9.490782870768566,1.691811248735392,8.350375231669009,7.2461641468036095,1.9116684901255812,8.350375231669009,7.2461641468036095,1.9116684901255812,5,1.0,0.9444303342156924,0.9524458792444359,0.01284224003304847,0,0.0,0.33698201441339115,0.3051527368943338,0.05235328485722718,8.959997804999407,8.113690748517707,1.3920188536525746,24.775799512272535,25.762523965746308,2.844516100714639,0.9318081332217989,0.9689184541436427,0.10698113844573727,5,5,1000.0,1000.0,0.0,89.05392011542135,89.05392011542135,0.0,200.15184341259442,200.15184341259442,0.0,26.58894962271716,26.588949622717163,3.972054645195637e-15
front,log-0099,10.0,oracle-power,full_log,8.013665982500795,7.451001557213983,1.6184136589203957,0.15384414632573745,0.1400039894854236,0.03351868800024912,0.5121833547948456,0.46610621679084435,0.1115915975895486,10.059914459595143,9.154902489714006,2.191796972023973,9.252696294387546,10.035850353802987,2.0296756619411047,0.6231198702484161,0.6273319007773084,0.17491644323949612,12.238844808386919,12.321574296616447,3.435575248771573,10.53152443070088,9.616593541793344,2.5954887496787875,10.53152443070088,9.616593541793344,2.5954887496787875,5,1.0,0.8821221605171852,0.8848197438601481,0.012129653150600675,0,0.0,0.5121833547948456,0.46610621679084435,0.1115915975895486,10.059914459595143,9.154902489714006,2.191796972023973,19.69965955968763,18.062972980787055,3.9364711621459154,1.0029745046165353,0.9196454041459602,0.20041870276123594,5,5,1000.0,1000.0,0.0,65.39029725768751,65.39029725768751,0.0,185.2820851030399,185.2820851030399,0.0,19.641236610714596,19.641236610714596,0.0
front,log103,10.0,oracle-power,full_log,5.667531818519944,5.304181399764197,1.264443446420037,0.1101061682115261,0.11403680208777346,0.0106392335361509,0.3681843016699749,0.38132795849096474,0.03557656063633171,8.387312011117837,8.686727141596467,0.8104411648892974,6.361660540583792,6.041421514019141,1.12810942266091,0.41414868653897524,0.4144983767464945,0.05037600403020533,9.434389889090406,9.442355901938845,1.1475754445755555,9.598041323899958,9.278502926783158,1.5331007266193113,9.598041323899958,9.278502926783158,1.5331007266193113,5,1.0,0.9382368857389534,0.9375696303152716,0.0075797522957370975,0,0.0,0.3681843016699749,0.38132795849096474,0.03557656063633171,8.387312011117837,8.686727141596467,0.8104411648892974,23.51589092272247,24.287501787212328,2.2033534507708374,1.0322951937465765,1.0661671907494994,0.09672230513528617,5,5,1000.0,1000.0,0.0,76.17476974591364,76.17476974591364,0.0,161.83235720034813,161.83235720034813,0.0,22.780199951696677,22.780199951696677,0.0
front,log104,10.0,oracle-power,full_log,5.170745461276323,4.462193565137744,1.3203526073842156,0.10491822443761292,0.10090609641667447,0.01029397478896663,0.3518961846698202,0.33843948970054305,0.034526036565541124,7.5507795817977605,7.262033803812597,0.7408392113830418,5.188070484165857,4.646538830699695,1.434847247884763,0.3737404994976967,0.34816918432994826,0.06093710167202359,8.019501931076581,7.470807819404079,1.3075521790916185,8.301473902038996,8.00171697797029,0.5136118171712797,8.301473902038996,8.00171697797029,0.5136118171712797,5,1.0,0.9436120627691491,0.942138308077573,0.002374461563897171,0,0.0,0.3518961846698202,0.33843948970054305,0.034526036565541124,7.5507795817977605,7.262033803812597,0.7408392113830418,22.004734946935823,21.32424497003432,2.192947470184943,1.0255076563437118,0.9937941327288854,0.10220002313399336,5,5,1000.0,1000.0,0.0,71.96823642671964,71.96823642671964,0.0,167.6308323463045,167.6308323463045,0.0,21.457406788546354,21.457406788546354,0.0
front,log106,10.0,oracle-power,full_log,3.096504409223602,3.2118312030174856,0.45626467117118563,0.058290897887719226,0.060042993086370226,0.007570295977221214,0.2037799962913946,0.20990517133623626,0.02646510762511191,4.804038014428689,4.9484367498098205,0.6239051202316324,3.0471646263822874,3.1701357200372584,0.3909517923079558,0.21281294853224897,0.22362536839680083,0.03260746088025348,5.016986521334788,5.271885319070533,0.7687088255646863,6.340685539129479,6.3502548844412114,1.5047149333475023,5.533212083210055,5.700421231480297,0.783623655848579,5,1.0,0.9811533343124654,0.9803311276487172,0.004172926249765085,0,0.0,0.2037799962913946,0.20990517133623626,0.02646510762511191,4.804038014428689,4.9484367498098205,0.6239051202316324,22.162724040148536,21.921481709183332,1.5163589022511006,0.9401090934634843,0.9298759601781593,0.06432164161671407,5,5,1000.0,1000.0,0.0,82.41489132115096,82.41489132115096,0.0,139.2265583706526,139.2265583706526,0.0,23.57463000224599,23.57463000224599,0.0
front,log107,10.0,oracle-power,full_log,2.672435293810788,2.678137856456867,0.22817225831803278,0.05337279029092681,0.05246893641501726,0.005993932568095133,0.19112122270704607,0.18788463610606967,0.021463515678937048,4.240385934677397,4.16857613718472,0.4762087051588175,2.7622543422799817,2.6942987045852598,0.3019047903405059,0.20045301229102958,0.1922821131410032,0.02961515738140351,4.447429342713493,4.266142485405407,0.6570682995569345,6.390293697501736,6.007990684572115,1.8734358518998828,5.2673120041016235,5.218715563255012,0.6838857998544209,5,1.0,0.9837015323380541,0.9834425891838771,0.0031062961925788697,0,0.0,0.19112122270704607,0.18788463610606967,0.021463515678937048,4.240385934677397,4.16857613718472,0.4762087051588175,22.357443562787296,22.040655784421855,1.5704644899609608,1.0076870398469442,0.9934088895859687,0.07078343767833747,5,5,1000.0,1000.0,0.0,79.44845887883525,79.44845887883525,0.0,143.2959687942977,143.2959687942977,0.0,22.186892039599044,22.186892039599044,0.0
front,log109,10.0,oracle-power,full_log,3.0515919454788643,2.9253178161713262,0.3260228719760475,0.057504919794052936,0.05560095271139916,0.005756160101617757,0.20399971782362533,0.1972453609964551,0.020420079545943007,4.644373289057647,4.490599770311923,0.4648951136569995,3.206563794422835,2.985294354172741,0.5213939317661471,0.2183738422419363,0.20027681446732176,0.036206839440923115,4.971622758881489,4.5596155595361365,0.8243054440203137,6.680943071954616,6.158518529255157,0.838123518939638,6.680943071954616,6.158518529255157,0.838123518939638,5,1.0,0.9817194913954339,0.9813013478574476,0.0009992082155285261,0,0.0,0.20399971782362533,0.1972453609964551,0.020420079545943007,4.644373289057647,4.490599770311923,0.4648951136569995,22.43896964422392,22.15315180299573,1.9167593243758163,0.9856105852773448,0.973056306081725,0.08419184612695241,5,5,1000.0,1000.0,0.0,80.76479900660537,80.76479900660537,0.0,163.14952995471293,163.14952995471293,0.0,22.766567221789458,22.766567221789458,0.0
front,log110,10.0,oracle-power,full_log,3.654718911818155,3.7551376690535547,0.18464400876179193,0.07534280247036894,0.07873273615926206,0.005450044468031798,0.27280271964664415,0.2850770590583686,0.01973362954820999,6.050739737539646,6.322983479562341,0.43769012503944643,3.6831283605495058,3.736434809949512,0.18371855938760717,0.2864883151347542,0.2975256526363872,0.029077185601587823,6.354285012158098,6.599092163290137,0.6449293562880628,9.847986513014801,10.172928760523236,0.6173201443357307,7.143271066923447,7.571554435673914,0.7301561424073306,5,1.0,0.9642203117232017,0.9623447801709467,0.0040054661311733865,0,0.0,0.27280271964664415,0.2850770590583686,0.01973362954820999,6.050739737539646,6.322983479562341,0.43769012503944643,20.058216681316054,20.015221540002376,0.8077579474902223,0.9043416671809628,0.9024031948634056,0.03641845037961028,5,5,1000.0,1000.0,0.0,80.30945941942232,80.30945941942232,0.0,153.5219790158836,153.5219790158836,0.0,22.179909882779203,22.179909882779203,0.0
front,log112,10.0,oracle-power,full_log,3.9254265578451943,3.8162218149171627,0.2133639270086944,0.07530914681723119,0.0730315640894617,0.0060916044841892465,0.25629991390440193,0.24854860769913886,0.02073158136589249,5.886758023542988,5.708724159615157,0.4761679435909709,3.993982236649825,3.9094461836143246,0.3325398441071335,0.26284010335522645,0.2557674392617134,0.0279878149919446,6.036974666766257,5.874528017970887,0.6428308615301367,6.412376113404781,6.209480860509247,0.5703665908907474,6.412376113404781,6.209480860509247,0.5703665908907474,5,1.0,0.9678388468122678,0.9694309404590986,0.004193307105725259,0,0.0,0.25629991390440193,0.24854860769913886,0.02073158136589249,5.886758023542988,5.708724159615157,0.4761679435909709,22.53613447074743,22.238596276489663,1.227790637796732,0.9811868096990777,0.968232478424282,0.05345601662263314,5,5,1000.0,1000.0,0.0,78.16790220488943,78.16790220488943,0.0,168.2475820465773,168.2475820465773,0.0,22.968240347278098,22.968240347278098,0.0
front,log-0046,10.0,oracle-power,training_window,1.4407977468214699,1.5029768989995955,0.4347340693539803,0.03629982901770164,0.03450683339238143,0.0049282028504401216,0.12035941606785963,0.1173933357293142,0.011995864056112575,2.1062236183090883,2.205256560177034,0.5081872842422341,1.4407977314038933,1.502976822989489,0.43473406657052344,0.12035941606786069,0.1173933357293195,0.01199586405611225,2.1062236183091096,2.205256560177034,0.5081872842422479,2.625651583204383,2.550268045093206,0.567501965351108,1.8801312636419205,1.9118105887280274,0.4554851545176395,5,1.0,0.9926715214310032,0.9930854971886081,0.0014751695235758722,0,0.0,0.1717211782384287,0.12273410735931763,0.10641368660312339,2.670185264072397,2.478035501536982,0.6034821062904238,17.48183417007541,19.081927037184833,4.180928362088032,0.9926715211779641,0.9930854978158893,0.001475169740535621,5,5,975.6,976.0,0.894427190999916,59.128315317002105,63.90782182476124,15.900881245353876,99.00559861627295,100.3932705032487,24.30668177536464,17.609327458767286,19.263367442830614,4.2061002292196035
front,log-0048,10.0,oracle-power,training_window,1.269929804476156,1.3221936547619633,0.3247598723327222,0.03670827606752571,0.039216926148891,0.011287208174183707,0.11874961185811936,0.13382631636049566,0.03850064093232959,1.8575476613472606,2.1509924491289505,0.4822709889432262,1.2699561628181975,1.322193664576226,0.32472769643160193,0.11874961801275052,0.13382634712320265,0.03850064394672307,1.8575477219124412,2.150992449128951,0.48227090411505447,2.1827908475635245,2.2967309815333032,0.7442703498021237,2.159085470485367,2.569474296723894,0.7592496630439038,5,1.0,0.9923190304975439,0.9910048019090317,0.004420405199053846,0,0.0,0.16914053137323254,0.2084590298300479,0.0661198518219459,2.5618302358491185,2.4286132305223913,0.609386194270814,16.692740155345756,14.840392386860245,6.216341176686282,0.9923151764161486,0.9909858974525305,0.004421911527218463,5,5,976.2,976.0,0.44721359549995804,53.60869931586772,49.58860048575277,18.83153460184947,84.89877336092441,75.6282134513348,26.098159074721778,16.806109774390755,14.995466556246894,6.2001887635429105
front,log-0049,10.0,oracle-power,training_window,1.4016763683906615,1.285283439590205,0.5125007434196063,0.03091589550674233,0.03329035121677383,0.007406600598557078,0.10535087294357107,0.11193815168250454,0.024213460764530945,2.0894523810859784,2.21211043308773,0.6201367098431212,1.4016763685855733,1.2852834408325633,0.5125007433161844,0.10535087294357108,0.11193815168250461,0.02421346076453095,2.089452381085979,2.2121104330877306,0.6201367098431212,2.2427803878423624,2.3069898392821018,0.4384286432954845,2.093859429048886,2.1225133136847303,0.748459658249351,5,1.0,0.9941969154618617,0.9937151755900198,0.0024118225449341287,0,0.0,0.1216168667427731,0.12520973761519383,0.00846480390589606,2.3955699326375473,2.3270630906210026,0.35901764437375194,19.550548733626243,18.8074979201717,2.1890267946054767,0.994196915167241,0.9937151743508448,0.002411822604861698,5,5,976.4,976.0,0.8944271909999159,67.70598040592299,66.32688582692086,12.436733257804024,103.82576527750821,104.66319054849649,11.124816618002844,19.666462884603977,18.890378734697325,2.2251772821362588
front,log-0054,10.0,oracle-power,training_window,1.3833174768214536,1.4322446643000852,0.16896051769226525,0.03611645077707183,0.034407513120415845,0.00727256716021837,0.1207581597701363,0.1176630552975489,0.01816673246329554,1.8207521730647465,1.8786945555047434,0.1304421947758717,1.383317478202321,1.43224462233945,0.16896049321924286,0.1207581597701366,0.11766305529754952,0.01816673246329533,1.8207521730647511,1.8786945555047574,0.1304421947758697,1.9318003411998177,1.9286941188354152,0.2865904139473766,1.7937535614529427,1.66291013340383,0.2588561609188678,5,1.0,0.9925469489189398,0.9930535763079686,0.0022352029884236016,0,0.0,0.17285366698345825,0.164819357809353,0.02627313157244186,2.6091328899325834,2.5942274647573207,0.2357889642027664,15.202213081595648,13.602868342532842,2.2945142577077813,0.9925469490122714,0.9930535741458546,0.0022352033234032563,5,5,976.0,976.0,0.7071067811865476,51.876170768380504,46.542698226658246,10.011220862602865,83.51500084735417,81.37137021578258,16.05399587293298,15.312914551143574,13.733840266428059,2.281040746919102
front,log-0055,10.0,oracle-power,training_window,1.7890703637067613,1.7876848392962166,0.11956464030164408,0.0338512360936742,0.03186359492199251,0.005621293306613389,0.11461850523919712,0.10926034950439702,0.019428465991184054,2.495589569408109,2.445638558531409,0.20117424332720132,1.7890703684963412,1.7876848403579624,0.11956464384484075,0.11461850523919717,0.10926034950439707,0.019428465991183978,2.49558956940811,2.445638558531414,0.2011742433272007,2.8170634136640307,2.8082433604706503,0.49312954315788277,2.6956982420023037,2.619656259555972,0.3216314768348815,5,1.0,0.9932555139168769,0.9940131669279724,0.002266632368692831,0,0.0,0.12013361485605852,0.11554056234828519,0.01886651967159304,2.6228531340762373,2.5314630470685806,0.27116281187315977,22.17281243591555,21.35790160486395,4.417169420880012,0.9932555132656509,0.9940131657608924,0.002266631465805426,5,5,976.0,976.0,0.0,75.49999353519925,73.67739426006162,14.84614194074267,115.63187749356639,113.54902524243585,17.293304306280234,22.316115383047013,21.48653794591846,4.40086058422604
front,log-0056,10.0,oracle-power,training_window,1.589709400471487,1.6354533124113695,0.7021205801880382,0.029451067000848617,0.028968179319911153,0.007020159501688226,0.09718810229068128,0.0984570161324914,0.024788384983267152,2.2951010190598162,2.4782678829169296,0.9369542246404362,1.5897094067753603,1.6354533124233523,0.7021205798758692,0.09718810229068135,0.0984570161324914,0.024788384983267128,2.2951010190598176,2.4782678829169393,0.9369542246404365,2.3529199804958254,2.6033491450346613,0.9837530840720291,2.4213589530708797,2.653438828758267,1.0520556956501756,5,1.0,0.9950170810858021,0.9951413045262898,0.0022107398545567836,0,0.0,0.13100210495338677,0.12302271037987236,0.033632983499256495,2.800409126858768,2.9477360598455222,0.45932457227868906,22.432388102235922,24.92186094289269,6.091118464168342,0.9950170805332561,0.9951413044762129,0.002210739675851179,5,5,975.8,976.0,0.4472135954999579,74.79492082717817,84.82067748977943,22.480618337947906,115.1110234643875,116.09928685793942,26.51294218599351,22.553318631784087,25.043539877997702,6.145224772574627
front,log-0058,10.0,oracle-power,training_window,1.7673301776959747,1.5609624117274163,0.49731505144046784,0.04274188918177541,0.04001144395868918,0.012173055961259711,0.13900317344454796,0.1358512836023758,0.036703382841849645,2.5544570639872974,2.4790763790381085,0.4948996366611591,1.7673301787109543,1.5609624117273349,0.4973150504871875,0.139003173444548,0.1358512836023758,0.036703382841849645,2.554457063987298,2.4790763790381085,0.49489963666115916,3.507602555077399,3.2381176337969104,1.2965040377005403,2.195792134651959,2.048188969232756,0.5242809680685315,5,1.0,0.9897364368458099,0.9907292408845045,0.005266960992455451,0,0.0,0.169306808036722,0.16730701746332757,0.026898468235638566,3.1323876448539996,3.1649677799967497,0.3186148282765494,18.483481157824823,18.412289732722986,1.6259487173088423,0.9897364366006272,0.9907292407983594,0.005266961163460467,5,5,975.8,976.0,0.4472135954999579,60.99980623400793,63.80416015401107,6.269684692501462,124.06497085935844,126.3539534547979,9.152122039367484,18.669169888098324,18.662750805850575,1.5561693153008151
front,log-0063,10.0,oracle-power,training_window,1.5632567207703238,1.279802505841747,0.5292296970637403,0.02940335319683631,0.027975714803583802,0.007429882269528649,0.09370809370430273,0.08749205358224145,0.01928014947115716,2.374308152295107,1.8429964394017129,0.8571601740360388,1.5632567266060338,1.2798025058058857,0.5292296915713738,0.09370809370430293,0.08749205358224145,0.019280149471157023,2.3743081522951117,1.8429964394017357,0.8571601740360352,2.74315073742635,2.703139190840278,0.5877599453191796,2.2135306725324817,1.6680840158479888,0.9434039774023609,5,1.0,0.995448983419859,0.9961652175015756,0.0018490713109090605,0,0.0,0.10708006597598071,0.09310670102475323,0.02893666854918074,2.6281918595525804,2.3301524891040213,0.6768090093276541,25.483885478626842,24.84558802671018,7.661863237483891,0.995448983440572,0.996165217512044,0.0018490719429845358,5,5,975.4,976.0,0.8944271909999159,82.30084844137349,87.8405840907832,23.605148843840766,119.2920158096285,125.27300965539557,10.04174763575495,25.59759823817656,24.908449931405674,7.695763454927887
front,log-0071_183,10.0,oracle-power,training_window,1.431034484423749,1.3775077787390053,0.4272659419875484,0.029926088605744604,0.029027745141397183,0.005082207436860984,0.09967079463911602,0.09577907276741136,0.015549879250400696,2.1427035765564844,2.1166083439705248,0.5531737079963116,1.4310344886910986,1.3775077787634062,0.42726593807613006,0.09967079463911606,0.09577907276741163,0.015549879250400684,2.142703576556486,2.1166083439705248,0.5531737079963107,2.271516841050618,2.2482956315541194,0.477659056776448,2.121318151895865,2.2876447811317204,0.6288384688764803,5,1.0,0.994922275778789,0.9954026166430421,0.0015647920792350094,0,0.0,0.10726347619031866,0.10907409023422421,0.014391357359498178,2.2982478601441167,2.33750965452941,0.5186413603375256,21.16158010379557,22.25760383001198,2.708890145579588,0.9949222751593336,0.9954026153632226,0.0015647924225868474,5,5,976.0,976.0,0.0,71.02786890558892,70.5904617527749,9.640432920087745,108.66621962011875,104.6828550656124,7.160112676004786,21.27187835569763,22.400482549507487,2.744565641765133
front,log-0072_184,10.0,oracle-power,training_window,1.6400342380141009,1.5678944504422616,0.2380649907089337,0.031099443733849364,0.03230485708079663,0.0029522893000782026,0.1066370905894489,0.10849470945351962,0.01292786841644884,2.4650410902216877,2.39371338797508,0.28684348673501425,1.6400342381095914,1.5678944504379215,0.23806499061040778,0.1066370905894489,0.10849470945351962,0.01292786841644884,2.4650410902216877,2.39371338797508,0.28684348673501425,2.457795692545828,2.4120444279204167,0.4393531566163754,2.450557745721748,2.3178582046953173,0.43441362187011184,5,1.0,0.9942300614896474,0.9940970264620029,0.001328493260908009,0,0.0,0.11562849139994853,0.11498901009693156,0.00629991075536743,2.6795351214254404,2.593812702518848,0.21625117959708526,23.072226787086453,24.1005918795312,1.9051791760230032,0.9942300615807096,0.9940970266254652,0.0013284933042161731,5,5,976.2,976.0,1.0954451150103321,79.52116860939347,80.5902883796108,8.61251212269096,120.29159534390223,125.94064273936429,13.98929449465036,23.205179621043744,24.232187667445547,1.901744152504692
front,log-0073_185,10.0,oracle-power,training_window,1.3385513131854747,1.3558693637986359,0.2857721685462238,0.03430580612328737,0.03277034243745751,0.005415504410631323,0.11200511807376039,0.1118974324420043,0.011499264284077272,1.8864624829414094,1.8491902909774658,0.4940418494553287,1.3385540266171296,1.3558693634836145,0.28576957380457246,0.1120051181188781,0.11189743244200433,0.011499264229276078,1.8864624835924442,1.8491902909774658,0.4940418487445581,2.423370942073179,2.4997418408061045,0.6804746391328345,1.9287548125385165,1.8687019739377249,0.5883413494002212,5,1.0,0.9936536682074102,0.9937197616093218,0.0013484807823196557,0,0.0,0.11591548615137388,0.11632232405989476,0.013050159500757963,1.953501051784654,2.034912362948498,0.5225588293655614,16.938163272544003,16.368079585131706,4.8507011860645,0.9936534011343097,0.9937197604983024,0.0013481725001869694,5,5,975.6,976.0,0.8944271909999159,56.5437515032544,54.58061254310403,18.397305190659676,96.16494078962118,98.68748034732485,19.53772336407691,17.043559535531962,16.472204899187354,4.872885225379986
front,log-0078-valid,10.0,oracle-power,training_window,4.67460973165913,5.101382938303181,1.4590913317005723,0.07071941312849983,0.06409656318921077,0.034760318142666766,0.23244541508452504,0.2163498455220127,0.11365897815112903,5.962917341075377,6.715462692189405,1.6969949704734573,4.674609627326942,5.101382416099945,1.4590912933150297,0.23244541508486655,0.21634984552201272,0.1136589781517614,5.962917341081099,6.715462692218016,1.6969949704766294,5.569140540161637,6.237004771725216,1.5475092898570784,6.162115371663846,6.795821885767135,1.8516277935621088,5,1.0,0.9668766644705131,0.9763159039688952,0.03130403443777252,0,0.0,0.2570802949906734,0.21636322300203414,0.11733977071298524,6.607371029365548,7.242507803115182,1.3701082809144,27.390314569560577,26.435136603562494,8.290987646381366,0.9668763197795395,0.9763159038723205,0.03130473268425118,5,5,975.8,976.0,0.4472135954999579,93.19906697384233,87.62101908832814,28.0242584984298,144.56446770005635,162.45143849061375,35.152129828991846,28.155463989940706,26.66940918409932,7.9334698079373025
front,log-0079,10.0,oracle-power,training_window,3.785454278141862,4.007007192854781,1.311793398228742,0.06766420701155046,0.07351305242277634,0.015494345571083345,0.2067719143252607,0.22973733698686052,0.053613998352323236,4.772536337727363,5.164990503179851,1.5959970891135302,3.785454278115958,4.007007192869123,1.311793398208881,0.2067719143252607,0.22973733698686052,0.053613998352323236,4.772536337727363,5.164990503179851,1.5959970891135302,4.815106345041286,4.640861430733012,1.4964850948538067,4.748472032879052,5.017957508218644,1.5758403565861225,5,1.0,0.9771645311682123,0.9732526681156264,0.01091362781209767,0,0.0,0.3012209807688934,0.26959812719499976,0.1083796695758172,6.4872129976129385,6.815992687046811,0.8628253631820264,22.670538407048316,21.880817694695526,6.2536989109209955,0.9771645309181439,0.9732526681664813,0.010913627950839534,5,5,975.6,976.0,0.5477225575051662,71.77372902104393,70.25950267274709,23.256368460171835,134.09483279625698,145.81952949657463,23.514245172956056,23.19652602883204,22.48215536456425,6.32221882750345
front,log-0080-valid,10.0,oracle-power,training_window,3.5980725237860214,3.457035370226298,0.8852764764820225,0.05588718456312623,0.05621556418720469,0.027854412392722527,0.18436321964800154,0.17096710959451608,0.09917243324232469,4.595701831274409,4.688053692829872,1.0109819283755552,3.5980725234027005,3.4570353702034646,0.8852764760504843,0.18436321964800154,0.17096710959451608,0.09917243324232472,4.595701831274409,4.688053692829872,1.0109819283755557,4.59218592752802,4.344157435490595,0.9434811826356848,4.472398273770134,4.486418415440081,1.071391496814816,5,1.0,0.978644461041483,0.9852767364740207,0.022279051306256892,0,0.0,0.3679140014189256,0.2162447637386033,0.3703153216673417,8.265053036085046,6.136278029334183,4.755610535059993,28.002376635004403,27.017069269067804,8.817169033635988,0.9786444599637217,0.9852767364230295,0.02227905374347071,5,5,976.4,976.0,0.5477225575051662,92.8825060327423,83.39423006087924,27.95570473353827,146.93363419738728,157.58045947621162,41.285623588676984,28.46796567530233,27.420792829384332,8.502951449721888
front,log-0081,10.0,oracle-power,training_window,4.23147939095678,3.8308078376056964,1.4821350266559754,0.10256509361796917,0.10852070520839395,0.025438338058237565,0.3371626018655197,0.3581529282241337,0.08219271193991061,5.22714907443048,4.709452448766083,2.0135980505887656,4.2314807683484315,3.830807776936062,1.4821345152879186,0.3371626019086487,0.35815292843975527,0.08219271195368162,5.227149074973745,4.709452448766266,2.0135980503473974,5.290533073385239,4.96756399546803,1.5234263785054727,5.194383935361342,4.551006535423556,2.0640367418120102,5,1.0,0.9382763392203215,0.9336629370448406,0.026324362459134745,0,0.0,0.793864929461457,0.4404235177437865,0.5059380732783775,11.974260582909992,11.040928029183041,7.233123958214607,14.944190524538076,12.359510036776474,5.4248899036642735,0.9382758404138668,0.9336603447831389,0.026324481485528,5,5,975.4,975.0,0.5477225575051662,52.109997098670554,42.58341961848387,17.59373284884089,86.60911746634595,75.69301852971404,25.692550011247924,15.877692328802755,13.240627502378334,5.627850017235849
front,log-0098,10.0,oracle-power,training_window,5.243087556347847,5.241357142639242,1.0704968679570026,0.07359457967994051,0.05669193125413959,0.031009426067898704,0.2540338530330171,0.18791579271372397,0.11004727127687028,6.49785881314102,6.524611338716431,1.3165547151498547,5.243087556542973,5.241357143001899,1.0704968681420415,0.2540338530330171,0.18791579271372397,0.11004727127687026,6.49785881314102,6.524611338716431,1.3165547151498547,6.474102480276874,6.087935122178819,1.7517796973217135,6.599122870235439,6.452831887873919,1.5058994087159883,5,1.0,0.9616745962581593,0.9821851428568712,0.03464915028751685,0,0.0,0.3090209521375488,0.24447766643949184,0.13874266233607202,7.93608980782664,7.942986150913394,1.7611433014188749,26.66766277680033,26.720230040318018,7.260908287183075,0.9616745961344415,0.9821851429190143,0.03464915046647247,5,5,1000.0,1000.0,0.0,94.126938165003,88.88769211035904,21.119215907715127,141.98340279589397,150.90348959066807,18.012823516445543,27.56743152643579,27.105330076539673,6.799486251040592
front,log-0099,10.0,oracle-power,training_window,4.000754625005855,4.534585971037118,1.4931196459495306,0.07779698426012063,0.07579147566757534,0.02923991682847221,0.2633104659924977,0.268044283002317,0.09656153106131592,5.173410079794093,5.506445600983637,1.7274740597061884,4.000754625065042,4.534585971095648,1.4931196459089047,0.2633104659924977,0.268044283002317,0.09656153106131593,5.173410079794093,5.5064456009836364,1.7274740597061884,5.462729254206058,5.608017074220548,2.225680112349868,5.634706428907572,5.75715762005882,2.485577285188236,5,1.0,0.9605170313582972,0.9634065924363265,0.027733723711692828,0,0.0,0.43932274659556664,0.4065635557299662,0.07026358395483609,8.882673782205718,9.916143239280922,2.354893206085,19.347078645033992,19.957834540083883,4.068942102828596,0.9605170304111474,0.9634065924926504,0.027733723878521754,5,5,1000.0,1000.0,0.0,68.16060823876421,69.21732228576693,13.292400783160648,111.71408155776449,109.38477222575219,17.706840322716044,20.103303649015466,20.142090609065114,3.9628228526631224
front,log103,10.0,oracle-power,training_window,2.904293771945169,2.5389764006434317,2.268221814349333,0.06297045896764633,0.05088255569351537,0.042633048224050146,0.19451925001439957,0.16805241658527537,0.11881207529057465,4.456158126209599,3.9229039498300184,3.219791715999085,2.9042938055076726,2.5389763979519704,2.2682218343244265,0.1945192500144027,0.1680524165852754,0.118812075290576,4.456158126209663,3.9229039498300193,3.219791715999093,5.152643198127131,4.992895305891365,3.1016010953543387,4.6628678173923515,3.578284782094755,3.5362635617677287,5,1.0,0.9748281987788217,0.9857780608635238,0.02690717496304061,0,0.0,0.29636995008097655,0.31182517791815806,0.09446561988090033,6.4179633470523925,5.253073370072608,2.772529518576378,20.94665882078977,22.206824391057904,3.4254952489734873,0.9748281694431773,0.9857780585803272,0.026907207335464593,5,5,1000.0,1000.0,0.0,67.71917098404248,73.1539006466637,11.619931211027414,100.07778580053471,107.60623773111331,26.896840288404547,21.545438515140177,22.371527509394042,3.8882567037978117
front,log104,10.0,oracle-power,training_window,4.47453152821042,5.050613271648406,1.412061727658588,0.09434982062725898,0.10578952661718294,0.018478913766426106,0.3194621965231508,0.3614631275824864,0.06586543436493535,7.366523511026315,8.41256486349633,2.287532591008349,4.474532767575987,5.050613258785565,1.412063477003828,0.3194621965272718,0.36146312759935084,0.06586543436696804,7.366523511132129,8.412564863496332,2.287532591093377,8.0686876096084,8.910360035130209,2.233420648088896,9.07849390269201,10.194549632499935,2.5154093765522947,5,1.0,0.9455802236214069,0.9323864045570467,0.0209565423888778,0,0.0,0.34234352864490863,0.37176638663175515,0.05191231052392346,7.904872928173711,8.556350683881652,2.288981547500839,21.388876069145127,21.395044131296668,4.102062239201112,0.945581043329697,0.9323885326964083,0.020956595110622082,5,5,1000.0,1000.0,0.0,76.7870872973285,79.52171762653406,16.105985988442985,112.85072113717406,117.73390493692011,20.72715895647858,22.659424932777206,22.989544708089884,4.464704267632496
front,log106,10.0,oracle-power,training_window,2.2489324839447806,2.3876492972665555,0.30738295042949837,0.0488244809951072,0.04959373508097661,0.0025373309455423575,0.16794005042439678,0.1653381109120579,0.012277755327575971,3.299150639953767,3.4183737432266046,0.5410824561269729,2.2489324866475644,2.387649297270105,0.3073829523124454,0.16794005042439694,0.1653381109120579,0.012277755327576233,3.2991506399537704,3.4183737432266206,0.5410824561269738,4.02371875344568,4.139912177327004,0.8260156428630564,3.95680805160722,4.110755936771801,1.0786354790227213,5,1.0,0.9857342774224414,0.9862369436803874,0.0020854127892704563,0,0.0,0.18718575754480768,0.18380269666541252,0.02052092254548248,3.6415441258859653,3.5708967694109797,0.3715924875156627,19.2956372155103,18.36456140316334,2.285387352248991,0.9857342744186532,0.9862369430224575,0.002085416864045054,5,5,1000.0,1000.0,0.0,67.48631825103848,66.11810493828195,10.248631548065376,114.78929927584811,110.27977033354477,16.206659668994625,19.576778263508885,18.680000099739228,2.3367653589155952
front,log107,10.0,oracle-power,training_window,1.844468582226733,1.765873033463308,0.38755330638084035,0.04165413364693843,0.04146267282402112,0.003506801602596511,0.14577085945170265,0.1455761926388542,0.015810352350110635,2.853324746772937,2.735575630078169,0.4495999259019307,1.8444685827510328,1.7658730356567995,0.38755330685913225,0.1457708594517027,0.1455761926388542,0.01581035235011064,2.8533247467729375,2.73557563007817,0.44959992590193054,3.6055565569065893,3.494473388208769,0.5459944051682067,3.0313768256780222,2.845829021915846,0.9248912558026701,5,1.0,0.9892151624584523,0.9893470433254323,0.002303558080015885,0,0.0,0.16277535527449333,0.16267127645363874,0.01434580912916759,3.1838495223080696,3.308164041650635,0.40156337664405645,19.45602657301806,18.960240926583648,2.9685329414700488,0.9892151615639542,0.9893470429362959,0.002303558585444178,5,5,1000.0,1000.0,0.0,68.9289596377969,66.00356754199382,12.841528805548444,107.61842836091387,103.3086629088578,24.44254763133416,19.666042019826136,19.163060182390147,2.986780541707873
front,log109,10.0,oracle-power,training_window,1.9814456600437254,2.1250137096857786,0.6462296788733308,0.04010361282529763,0.039134925782841806,0.006200143421647476,0.13203959754830924,0.1289500777105482,0.021687008232674842,2.9917782359585425,2.982142248127209,0.9656106428782769,1.9814456313005775,2.125013709433364,0.6462297307821143,0.13203959754831734,0.1289500777105482,0.02168700823266553,2.9917782359587064,2.982142248127209,0.9656106428781304,3.7116531711225784,3.8135107552765906,0.9069799282418456,3.3514745953462657,2.7619989256907145,1.5769039881165385,5,1.0,0.9910507650517056,0.9916510865513353,0.0030953006401188117,0,0.0,0.16631418823225885,0.17056824059105738,0.03410157757719267,3.6111496230043665,3.513832837108847,0.4660627515782513,22.101576956340335,22.933251785148407,4.289288828817807,0.9910507561971563,0.9916510862979827,0.00309530428721905,5,5,1000.0,1000.0,0.0,73.5110489173727,74.14430734646106,15.28690668717445,121.61641254159186,112.62681420012309,23.789089172437667,22.307648692294915,23.126331531347873,4.3680061163676305
front,log110,10.0,oracle-power,training_window,2.0139512647266966,1.9897267515576982,0.4111959788509461,0.04508837064220278,0.04493127643752817,0.00693851950884401,0.15195555899653884,0.1494535682833577,0.0232304545531011,2.897118294345007,2.7546085497157797,0.625627215254337,2.013951264935261,1.9897267505060612,0.41119597958322995,0.15195555899653887,0.14945356828335782,0.023230454553101104,2.897118294345007,2.7546085497157815,0.6256272152543372,3.575794543733521,3.4608295610369337,0.5210778198283109,2.9580299900723355,2.4512156418282065,1.176791434630889,5,1.0,0.9881636786837479,0.9887687449183311,0.003593223701847144,0,0.0,0.185221317688851,0.20608565798402775,0.039752944878643996,3.497865014137249,3.7984058994181877,0.7214031859856095,18.783383091072135,18.14628693229415,2.422560220336123,0.9881636779793161,0.988768743288502,0.003593223771493357,5,5,1000.0,1000.0,0.0,64.02654370080315,63.57526290985246,7.198270806696989,107.51060510324888,109.57954137809632,11.588060212704814,19.009562262213308,18.39001420085791,2.463098638382541
front,log112,10.0,oracle-power,training_window,2.7728520068873586,2.785277269448482,1.0192972267088445,0.06319337622789375,0.059113632026578294,0.01860797156445011,0.19762634582474595,0.19069547198732087,0.05872411213496864,4.229630367387393,4.142339717378838,1.566743310714483,2.772852340688686,2.7852789400229176,1.0192972320493587,0.1976263458288145,0.19069547198732087,0.05872411213920747,4.229630367464034,4.142339717378838,1.5667433107398636,4.474730400944333,4.670694463933195,0.8557027428123137,4.361662557592725,4.722189253504799,1.7916377369592487,5,1.0,0.9788137071352774,0.9816492433468957,0.01165853152622046,0,0.0,0.21247034060848408,0.1908892963152273,0.04599387885689298,4.519642631575471,4.14655002296876,1.3070269468723805,20.65863901903827,20.48617179357783,2.217626974852822,0.9788129775676528,0.9816492432711896,0.011659288472434129,5,5,1000.0,1000.0,0.0,65.67287041338471,66.53742562493542,6.657373504870656,124.82098962437314,124.56262494196045,6.960812841488686,21.117356773879187,20.787433663766773,2.4044040621143368
front,log-0046,2.0,oracle-power,full_log,2.343649015101911,2.2334731715127307,0.47203150088499846,0.0513747129230497,0.04790497968905409,0.009858710415224884,0.16949207056947674,0.15804495511727945,0.03252520834372653,3.4860630262858825,3.250622124528929,0.6689689131081349,2.635172226373323,2.6624973580820606,0.7973612416178947,0.18673681515685578,0.2009123932270311,0.0428836920748435,3.8407478578642618,4.1323069757665385,0.8820191580081086,7.093184403570186,5.207740066960929,3.9581404732204213,4.536160468965901,4.605014882011954,0.937384016266153,5,1.0,0.9881423391712708,0.9876346720650659,0.00309570648195732,0,0.0,0.16949207056947674,0.15804495511727945,0.03252520834372653,3.4860630262858825,3.250622124528929,0.6689689131081349,20.972072010882915,20.724966409225626,1.5689118803570308,1.019660253545058,1.007646001433606,0.07628035441059672,5,5,195.8,196.0,0.447213595499958,67.85562055611663,67.85562055611663,0.0,165.8998005948889,165.8998005948889,0.0,20.567705701942586,20.567705701942586,0.0
front,log-0048,2.0,oracle-power,full_log,8.809346792957879,6.304580574943472,7.548098657231632,0.19680342875862172,0.11576210980154239,0.22791947057453432,0.6814402513724602,0.4008312339889227,0.7891808709871606,15.291636117914488,8.994721639216857,17.709354101183624,8.290722706799146,5.896227435436479,6.1019891951892555,0.758855355873155,0.46260071415978365,0.8166069722742547,17.028844340749433,10.38083936863356,18.324800518049425,60.97386037513384,9.769332530839586,106.45266282525512,60.97386037513384,9.769332530839586,106.45266282525512,5,1.0,0.920514642386679,0.9337248897872421,0.0814569492319509,0,0.0,0.6814402513724602,0.4008312339889227,0.7891808709871606,15.291636117914488,8.994721639216857,17.709354101183624,31.106500684927983,25.195750499843474,17.720426555836895,1.3861971003365636,1.1227966989102494,0.7896742921112347,5,5,195.0,195.0,0.0,77.70004930488071,77.70004930488071,0.0,147.0280467770388,147.0280467770388,0.0,22.44017151484117,22.44017151484117,0.0
front,log-0049,2.0,oracle-power,full_log,3.30504497599856,2.741977161509847,1.0270715396107069,0.05826547458558484,0.05193547272624461,0.01434721421144986,0.1935855414455069,0.17255427299695963,0.04766825038520046,4.691463406048392,4.181779544472842,1.1552198095097492,3.462770552922649,2.503451510207641,1.5161562902193464,0.22306984486167591,0.1784715314865454,0.07747100917565747,5.406002981147402,4.325181791669259,1.8774770153975868,7.808756086548148,4.423331328962875,5.686558015642162,5.589336344752494,4.351140955724794,2.229870777345648,5,1.0,0.9814326145862367,0.9879350229465442,0.011261127444166238,0,0.0,0.1935855414455069,0.17255427299695963,0.04766825038520046,4.691463406048392,4.181779544472842,1.1552198095097492,22.662889530976404,22.65206349417393,0.4459361318922231,0.9351469596709723,0.9347002410216455,0.018400822956686727,5,5,195.4,195.0,0.5477225575051661,80.51875384894029,80.51875384894029,0.0,128.6836164750667,128.6836164750667,0.0,24.23457542860456,24.23457542860456,0.0
front,log-0054,2.0,oracle-power,full_log,3.1903781166731617,3.3584841852780563,0.5231849444038007,0.08006169731434518,0.08418569081286144,0.019901864450402665,0.2669662786181458,0.2807177632141018,0.06636290346213757,4.78954374833964,5.03625407227219,1.1905924262943366,3.4777300297724167,3.308220647449752,0.7682991639773267,0.2965823142117887,0.30308231695477866,0.0817273397040718,5.320874142808776,5.4374882997091225,1.4662401220640944,20.210137957542912,17.668195767031285,15.325797071071333,8.661812503247084,7.456980495438296,4.835360438542055,5,1.0,0.9674947866674101,0.9615924282170732,0.014126806195411167,0,0.0,0.2669662786181458,0.2807177632141018,0.06636290346213757,4.78954374833964,5.03625407227219,1.1905924262943366,17.756766894710882,17.35988836419165,2.14133478712646,0.9897514726354043,0.9676297028127803,0.11935670899611384,5,5,194.8,195.0,0.4472135954999579,59.82316025020701,59.82316025020701,0.0,135.89296889344487,135.89296889344487,0.0,17.94063195221126,17.94063195221126,0.0
front,log-0055,2.0,oracle-power,full_log,3.9450983452180752,2.8666670738168154,1.8618160851313537,0.06950866874023068,0.05340830572813082,0.029796727225974498,0.23968516596990197,0.18416664934929403,0.10274737870765743,5.681176181113697,4.3652396150795285,2.435386262740651,3.8049671416787207,3.1317407075810832,1.417852226328005,0.2533455271284354,0.1957913128769913,0.11164751883777199,6.00496308768019,4.640775071267535,2.6463432650698246,11.053267069164075,4.297179186971304,11.735141554035826,6.7219609151201665,4.3619675913632845,3.964378643059925,5,1.0,0.9702732711460935,0.9829336071781751,0.024432762520294485,0,0.0,0.23968516596990197,0.18416664934929403,0.10274737870765743,5.681176181113697,4.3652396150795285,2.435386262740651,22.598614818350107,22.503949742670667,2.5489686220474854,0.9534210119081907,0.9494271533034866,0.10753934533108558,5,5,195.0,195.0,0.0,81.73334756770429,81.73334756770429,0.0,144.98409225186288,144.98409225186288,0.0,23.702660772202737,23.702660772202737,0.0
front,log-0056,2.0,oracle-power,full_log,2.696642170302911,2.7054209329953767,0.07424682410301271,0.04942160316160698,0.04862318509069021,0.0015730502294320954,0.17028323847718252,0.1675322711657856,0.005419979729897978,3.8355792670059627,3.7736145470595597,0.12208343032173957,2.6997315408259723,2.7445433054702812,0.11629654204883007,0.17739232072345099,0.17334243270802496,0.013203651593015706,3.9957092287983054,3.9044867065783895,0.29740832246226867,4.634740314372615,4.356363278001449,0.563731529059754,4.107490468838028,4.093641404713664,0.17307618260880944,5,1.0,0.9863340495239491,0.986204401688049,0.0005895358281805273,0,0.0,0.17028323847718252,0.1675322711657856,0.005419979729897978,3.8355792670059627,3.7736145470595597,0.12208343032173957,21.337198797416658,21.329481156168125,0.46828253357339683,0.9472799434781971,0.946937313368448,0.020789732342417027,5,5,195.0,195.0,0.0,77.60936557366922,77.60936557366922,0.0,148.7314640450589,148.7314640450589,0.0,22.524702380028554,22.524702380028554,0.0
front,log-0058,2.0,oracle-power,full_log,4.121706745217965,2.763934349347846,2.3305761855282787,0.08237845960955378,0.05355673941509393,0.055520162716552024,0.2829003521734205,0.18392211402837438,0.19066481286106263,6.618896846861851,4.303145935514139,4.46090193581654,4.18908645829534,3.7981376775959874,1.6768134013401945,0.30707767141128156,0.22577826255080113,0.19144005704497885,7.184563099447328,5.282436089621274,4.47903998776681,15.200242414008823,4.967691431936812,20.918832814548402,15.200242414008823,4.967691431936812,20.918832814548402,5,1.0,0.967513894143012,0.9832050314467647,0.03005759658697877,0,0.0,0.2829003521734205,0.18392211402837438,0.19066481286106263,6.618896846861851,4.303145935514139,4.46090193581654,24.78223260760127,23.536877595488047,4.532122551917754,1.0592251993862136,1.0059970890743264,0.19370887561701783,5,5,195.0,195.0,0.0,80.3474218652934,80.3474218652934,0.0,161.1697294857218,161.1697294857218,0.0,23.39656630333357,23.39656630333357,0.0
front,log-0063,2.0,oracle-power,full_log,4.780088717337728,3.090807268986514,3.1287969990206608,0.09041009434978883,0.05186288033065061,0.06630727251096448,0.279755386816833,0.160478984704988,0.2051741766611413,7.680381770040446,4.405777070558368,5.632835256691723,4.42482198753215,2.9354308739913764,2.848165768442369,0.30083508704238376,0.16285599589674674,0.2286717921832631,8.259102155633022,4.471035343623612,6.277936893335757,17.81363572983251,6.837632283683185,24.693967389251213,8.729025422251649,4.5346025016574,7.426012002815817,5,1.0,0.9723927842665546,0.9870923941632628,0.02900698559522494,0,0.0,0.279755386816833,0.160478984704988,0.2051741766611413,7.680381770040446,4.405777070558368,5.632835256691723,30.65785005369421,27.526976044339243,5.1836819642360705,1.116702132464246,1.0026610735967707,0.18881391530523692,5,5,195.0,195.0,0.0,84.9504894920883,84.9504894920883,0.0,153.67050225201805,153.67050225201805,0.0,27.453919144974673,27.453919144974673,0.0
front,log-0071_183,2.0,oracle-power,full_log,2.1467686248021924,2.0165284417069262,0.2639521204576426,0.039258831845499845,0.03858480344730834,0.004130856150893585,0.13760329518621647,0.13524080694394672,0.014478765454361433,3.11065111986426,3.057244864683107,0.327306027910971,2.5317851128626807,2.143750713378374,0.8593397339275564,0.1572491864606082,0.13763791290209532,0.04346287713642122,3.5547648571894954,3.111433685692498,0.9825189669620206,4.211907467852304,4.214802845414958,0.6354855271786282,3.3650887209031355,3.2180043911619514,0.4449154863613053,5,1.0,0.9919058948501511,0.9915913824026543,0.0009345017850899713,0,0.0,0.13760329518621647,0.13524080694394672,0.014478765454361433,3.11065111986426,3.057244864683107,0.327306027910971,22.984391839341523,22.770035168690157,1.227919027665248,1.0167414901490432,1.007259171788615,0.05431843621086197,5,5,195.2,195.0,0.4472135954999579,79.23442888229562,79.23442888229562,0.0,152.4462174422029,152.4462174422029,0.0,22.605934804502045,22.605934804502045,0.0
front,log-0072_184,2.0,oracle-power,full_log,2.6433971215090977,2.447670564226509,0.9348565942272804,0.05401131230973109,0.05219617655706633,0.01896153148377678,0.17835923049391794,0.17236518587173316,0.06261584878809366,3.82557831716601,3.6970136946608823,1.3430302024253524,3.147638500455661,2.9861429606031766,0.9891170136044943,0.20544502053182456,0.1877210653544661,0.06744463530452972,4.4065340141903935,4.02637775071494,1.4466015227564932,6.7288384540274375,4.387562170746553,4.976550358702586,4.563219485895391,4.065383193432755,1.7195507625188835,5,1.0,0.9856931945448337,0.9901988832409238,0.011889221134043384,0,0.0,0.17835923049391794,0.17236518587173316,0.06261584878809366,3.82557831716601,3.6970136946608823,1.3430302024253524,21.843317616274696,22.200420769249057,2.018031241782744,1.0183969581778485,1.035046112447063,0.0940862974316771,5,5,195.2,195.0,0.4472135954999579,70.82920509740632,70.82920509740632,0.0,152.19039707482895,152.19039707482895,0.0,21.448726295645585,21.448726295645585,0.0
front,log-0073_185,2.0,oracle-power,full_log,2.5423865252023488,1.9864566533998114,1.4418908932489494,0.058991733420000095,0.04563686827082597,0.036893463672154625,0.208587154334396,0.16136607510024348,0.1304505250951844,4.039936609156496,3.125354082103561,2.526578655801813,2.5755563611702343,2.121673815214757,1.3897170671621986,0.2256117175676196,0.16141962807387603,0.15602118804710227,4.369670031525057,3.1263913013867795,3.0218337816963032,16.933662618508116,8.561958908786446,23.770639523681528,6.559478949210133,4.6229187997528784,5.911733566472322,5,1.0,0.9738667301632733,0.9895915181188855,0.035328016275506934,0,0.0,0.208587154334396,0.16136607510024348,0.1304505250951844,4.039936609156496,3.125354082103561,2.526578655801813,19.49641092503222,18.857865821477542,1.1096362280164564,1.0066249221260903,0.9736560122271698,0.05729195419148706,5,5,195.6,196.0,0.8944271909999159,68.4830971213134,68.4830971213134,0.0,149.90437255734173,149.90437255734173,0.0,19.368098778891632,19.368098778891632,0.0
front,log-0078-valid,2.0,oracle-power,full_log,7.10669468041043,6.1338601878983186,2.7457045351772,0.1048164052569694,0.08974533181209567,0.04253437022080224,0.336488184608625,0.2881060813382819,0.1365464975065748,9.339406465251571,7.996535753131093,3.7899198246846084,8.107190064462081,6.152216014066945,3.0489288364949583,0.38304104663038296,0.32698193986453356,0.13257681501905547,10.631505624833256,9.075555644675223,3.679739200268165,11.68934914819074,7.874491995849956,9.625137443500956,11.68934914819074,7.874491995849956,9.625137443500956,5,1.0,0.9586947102234928,0.9676323310561088,0.016134668653797344,0,0.0,0.336488184608625,0.2881060813382819,0.1365464975065748,9.339406465251571,7.996535753131093,3.7899198246846084,25.531147622970003,26.81347243530172,7.082424043192724,0.9198581886966386,0.9660588921123747,0.2551716768928745,5,5,195.6,196.0,0.5477225575051661,89.10252591047124,89.10252591047124,0.0,191.14572150135155,191.14572150135155,0.0,27.75552572853157,27.75552572853157,0.0
front,log-0079,2.0,oracle-power,full_log,5.696801859134483,5.281161972771225,0.7583872920293927,0.07350278638293745,0.06763800220739936,0.010592634590244284,0.2542417226083464,0.2339557864569368,0.036639286722463936,7.501764202425141,6.903198758201192,1.0810943487839135,6.597150793680207,6.194565855973033,2.0380782559600545,0.2820530666965456,0.25874770517111,0.06298463002388954,8.322377528049813,7.63471963688058,1.858451232821748,7.382945557377591,6.201020667932704,2.356871108918604,7.382945557377591,6.201020667932704,2.356871108918604,5,1.0,0.9680567496955073,0.9725629402187048,0.009969738221567884,0,0.0,0.2542417226083464,0.2339557864569368,0.036639286722463936,7.501764202425141,6.903198758201192,1.0810943487839135,29.485603207745555,29.42798508896406,1.5785351086504287,0.9992943458899954,0.9973416145887739,0.053498013852701226,5,5,195.0,195.0,0.0,102.06094995286549,102.06094995286549,0.0,190.67881336638965,190.67881336638965,0.0,29.506424537491974,29.506424537491974,0.0
front,log-0080-valid,2.0,oracle-power,full_log,8.240299422484506,6.773419957699342,2.5864796750886367,0.12444939907589977,0.1014319048021097,0.042832741703043936,0.419273221864681,0.3417266924713326,0.14430460692044186,12.272131362594186,10.002343678095727,4.223797275864998,10.146882599112825,9.432767037249004,3.1745923239117926,0.5102376637732408,0.5838947662043262,0.15725551854202766,14.93466147950016,17.090605598235403,4.602870587484084,13.524247769982788,11.299397657479954,4.968495761081886,13.524247769982788,11.299397657479954,4.968495761081886,5,1.0,0.9435611367017195,0.9452117311090829,0.016773861806879353,0,0.0,0.419273221864681,0.3417266924713326,0.14430460692044186,12.272131362594186,10.002343678095727,4.223797275864998,34.43074283489996,33.125340432666974,5.114216495329648,1.1763146965313453,1.131716064489126,0.17472547872540772,5,5,195.2,195.0,0.4472135954999579,98.61141519140322,98.61141519140322,0.0,209.41055645838256,209.41055645838256,0.0,29.270009918627654,29.270009918627654,0.0
front,log-0081,2.0,oracle-power,full_log,12.359665830267772,8.160319100305196,6.609214967287838,0.5523277429406692,0.14423299971684467,0.5740285608316671,1.820009633917746,0.4752711634869136,1.8915173539812542,37.501775208112534,9.793086807797554,38.97521050949265,15.133427541783576,12.158312086482901,7.675001324553709,1.934068289232891,0.6997748480101211,1.891690120351295,39.85198367539446,14.419044029935447,38.97877040579872,99.41655757634989,14.278251742061945,122.59223244817419,99.41655757634989,14.278251742061945,122.59223244817419,5,1.0,0.776283703731643,0.8837404445940867,0.1639083210121535,0,0.0,1.820009633917746,0.4752711634869136,1.8915173539812542,37.501775208112534,9.793086807797554,38.97521050949265,47.61604349096679,22.18656877065062,39.43137368599982,2.3108681496191936,1.0767428656931317,1.913655542674305,5,5,195.0,195.0,0.0,67.89768518316298,67.89768518316298,0.0,200.25954166451217,200.25954166451217,0.0,20.60526192237035,20.60526192237035,0.0
front,log-0098,2.0,oracle-power,full_log,6.366924971348999,6.278096633969076,0.3078889643157864,0.10381268279973759,0.1004304139673814,0.012677954455221956,0.3476980660084704,0.33636989010534324,0.04246205883656527,9.244926361015407,8.94372206260988,1.1290215432822865,8.806056430380263,8.78890653883679,1.501685916292955,0.4071788111840517,0.4024473536968036,0.07154004763972804,10.826456898010616,10.700652413240148,1.9021747226995147,9.30494031481336,9.91330389149738,2.24084417261882,9.30494031481336,9.91330389149738,2.24084417261882,5,1.0,0.9410958689650913,0.9517086555363462,0.01487276545476033,0,0.0,0.3476980660084704,0.33636989010534324,0.04246205883656527,9.244926361015407,8.94372206260988,1.1290215432822865,27.174349546844258,26.72016489006292,1.1488981719840818,1.0220166622763818,1.004934954904486,0.043209611071002345,5,5,200.0,200.0,0.0,89.05392011542135,89.05392011542135,0.0,200.15184341259442,200.15184341259442,0.0,26.58894962271716,26.588949622717163,3.972054645195637e-15
front,log-0099,2.0,oracle-power,full_log,9.120894031441276,8.64714930098195,1.3983169959307595,0.17161021829520023,0.1586753449567995,0.0360830845314365,0.5713307878312615,0.5282675515721373,0.12012907691350573,11.221643186779787,10.375827974191225,2.3594836234848984,10.809942189220582,11.859549250772325,1.9630737696457305,0.706377492764911,0.7098162618255123,0.17796613249477747,13.874127471878955,13.94166914864783,3.495474917023708,12.73030006056537,9.75570349892862,5.187159821351533,12.73030006056537,9.75570349892862,5.187159821351533,5,1.0,0.8721246408644644,0.8777485099307277,0.015264494948928693,0,0.0,0.5713307878312615,0.5282675515721373,0.12012907691350573,11.221643186779787,10.375827974191225,2.3594836234848984,22.40298739872276,21.57482829771896,3.3754882824029417,1.1406098222197265,1.0984455167119955,0.17185721802065976,5,5,200.0,200.0,0.0,65.39029725768751,65.39029725768751,0.0,185.2820851030399,185.2820851030399,0.0,19.641236610714596,19.641236610714596,0.0
front,log103,2.0,oracle-power,full_log,14.370978295046958,6.141197625363386,18.553914334501897,0.3890393084067455,0.12874479621806925,0.5935597980389038,1.3009095531571968,0.43051005823878036,1.984806149283906,29.634979739993327,9.807105207895997,45.214280946044504,12.8920331510062,7.29600469548791,13.71372493075495,1.3911413939243178,0.482181014882587,2.0838668208128395,31.690479114678,10.984179931937364,47.47090285082296,125.64630144659841,10.002733566400977,259.5469255378959,125.64630144659841,10.002733566400977,259.5469255378959,5,1.0,0.8801286702201054,0.9277658705995969,0.11341098137748772,0,0.0,1.3009095531571968,0.43051005823878036,1.984806149283906,29.634979739993327,9.807105207895997,45.214280946044504,45.092201366569356,25.905578583443436,44.52471744428713,1.9794471278646903,1.1371971553530626,1.9545358486184363,5,5,200.0,200.0,0.0,76.17476974591364,76.17476974591364,0.0,161.83235720034813,161.83235720034813,0.0,22.780199951696677,22.780199951696677,0.0
front,log104,2.0,oracle-power,full_log,7.0732650841174705,4.0275354339482385,4.275656333708346,0.13122311647053903,0.10283206681219777,0.043625960154312124,0.4401229078550039,0.3448992028495649,0.14632166159072407,9.443896270802721,7.400642496588479,3.1396834147281854,7.305235705704973,4.035271148864406,4.771240775332759,0.5188061495231329,0.35095888677489556,0.24832685343852065,11.132234594717264,7.530667599584316,5.3284503107500685,9.830635344505183,9.245258156741759,1.6573279625596524,9.830635344505183,9.245258156741759,1.6573279625596524,5,1.0,0.9376623214072021,0.9394396189432415,0.0066235810599466335,0,0.0,0.4401229078550039,0.3448992028495649,0.14632166159072407,9.443896270802721,7.400642496588479,3.1396834147281854,23.84494214063043,20.622016844035596,5.740345545847108,1.111268587840657,0.9610675254124055,0.26752280004829004,5,5,200.0,200.0,0.0,71.96823642671964,71.96823642671964,0.0,167.6308323463045,167.6308323463045,0.0,21.457406788546354,21.457406788546354,0.0
front,log106,2.0,oracle-power,full_log,3.626338990984609,3.6053127419082336,0.2936640504427514,0.06739932295380183,0.06794725505017771,0.00527965291095913,0.23562227173141329,0.23753779550293747,0.018457215270341054,5.5547078763567335,5.599865640530922,0.43512202087009505,3.5338889629697947,3.3303019327165013,0.5030017964959062,0.25009962975896205,0.2402133375775893,0.03464900824220254,5.89600623526624,5.662940554996281,0.8168375492546966,7.240771523928139,6.433975044381447,1.7969172159454576,6.485098939592746,6.399575289900495,0.47954176433103385,5,1.0,0.9771805770947999,0.9773804228446836,0.0005747126419941998,0,0.0,0.23562227173141329,0.23753779550293747,0.018457215270341054,5.5547078763567335,5.599865640530922,0.43512202087009505,20.965102902763363,20.650711119540084,1.4329504044919514,0.8893078237395873,0.875971801787458,0.060783579820995394,5,5,200.0,200.0,0.0,82.41489132115096,82.41489132115096,0.0,139.2265583706526,139.2265583706526,0.0,23.57463000224599,23.57463000224599,0.0
front,log107,2.0,oracle-power,full_log,2.8870154590664425,2.8588853268966243,0.3165921840998476,0.05642526274413734,0.05362011742367493,0.00546464977563258,0.20205174112958296,0.19200686993968633,0.01956822083109697,4.48290016685507,4.260035694213156,0.4341580029865815,3.1017476855329544,3.2605594655472747,0.4391391901443496,0.22110997982314523,0.22690686067127236,0.02822375078763237,4.905743251214046,5.034358020757862,0.6261973116777481,5.409056385357121,5.228757977032078,0.6392956882700216,5.342532583113124,5.1399866623849375,0.5508178835512622,5,1.0,0.9812856770006647,0.9820974934009099,0.003507744561443712,0,0.0,0.20205174112958296,0.19200686993968633,0.01956822083109697,4.48290016685507,4.260035694213156,0.4341580029865815,22.09166874411282,22.362995825601143,1.5827347343184819,0.9957081282355243,1.0079372895350909,0.071336477930015,5,5,200.0,200.0,0.0,79.44845887883525,79.44845887883525,0.0,143.2959687942977,143.2959687942977,0.0,22.186892039599044,22.186892039599044,0.0
front,log109,2.0,oracle-power,full_log,3.536152296766391,3.1722226560710802,0.8972114577260013,0.06695238014997358,0.05854058412083114,0.019082844800975975,0.23751475016624962,0.20767375530040835,0.06769672870796234,5.407395525826451,4.7280185102482015,1.5412221248250688,3.8829613681105806,3.788574968945039,0.5400961766557901,0.25975485150926714,0.23374333331610594,0.0564576808797385,5.91372628807167,5.321533310586266,1.285347586934904,10.55561702980659,6.8507723926142665,8.647882300224232,10.55561702980659,6.8507723926142665,8.647882300224232,5,1.0,0.9730461981331455,0.9783230898637456,0.015936851494788486,0,0.0,0.23751475016624962,0.20767375530040835,0.06769672870796234,5.407395525826451,4.7280185102482015,1.5412221248250688,22.525539726003124,21.91710050786411,1.8195522840785692,0.9894130944978106,0.9626879755015354,0.07992211853252561,5,5,200.0,200.0,0.0,80.76479900660537,80.76479900660537,0.0,163.14952995471293,163.14952995471293,0.0,22.766567221789458,22.766567221789458,0.0
front,log110,2.0,oracle-power,full_log,3.8821131848745787,3.824815030231679,0.3243962393496642,0.08058478252280306,0.07979156240141538,0.0043781045441351665,0.2917829854152275,0.28891087820262285,0.015852328123938903,6.471720321838025,6.408017242688773,0.3516032092212113,4.198175577237062,3.9889554541223857,0.8096204778646299,0.31259240219260376,0.28893301266577814,0.045049067171196784,6.933271310673423,6.4085081830868615,0.999184250160412,10.7533885300142,10.614872598818446,1.1491761503556217,7.923254213972671,7.893093247646459,0.4567366421123829,5,1.0,0.959830951047927,0.95873712715533,0.002838744945500873,0,0.0,0.2917829854152275,0.28891087820262285,0.015852328123938903,6.471720321838025,6.408017242688773,0.3516032092212113,20.529278596038665,20.953562113946088,1.879161017756689,0.925579892097663,0.9447090734221031,0.08472356414827888,5,5,200.0,200.0,0.0,80.30945941942232,80.30945941942232,0.0,153.5219790158836,153.5219790158836,0.0,22.179909882779203,22.179909882779203,0.0
front,log112,2.0,oracle-power,full_log,8.055935063041309,3.9244572093636605,9.284141761222594,0.13907830770014243,0.07295626429758627,0.14618211907402212,0.4733257485445376,0.24829233962294447,0.4975021775769521,10.871459555126254,5.7028381328477895,11.426749587881664,14.62628915313623,4.408441688843224,22.948466267950824,0.7687827464309978,0.27333861466439546,1.1149449392719117,17.657586894867713,6.278106997803869,25.608323339178654,17.050428541476215,6.651930499987537,23.338618202230315,17.050428541476215,6.651930499987537,23.338618202230315,5,1.0,0.5889064626390076,0.9698361283303553,0.8502447173653123,0,0.0,0.4733257485445376,0.24829233962294447,0.4975021775769521,10.871459555126254,5.7028381328477895,11.426749587881664,20.27621650655191,23.39658981573162,6.460054638037944,0.8827936402605083,1.0186496423747275,0.28126032035377524,5,5,200.0,200.0,0.0,78.16790220488943,78.16790220488943,0.0,168.2475820465773,168.2475820465773,0.0,22.968240347278098,22.968240347278098,0.0
front,log-0046,2.0,oracle-power,training_window,1.031778781211329,1.029648074784486,0.21818290020536102,0.03100230772829916,0.028451429004920356,0.00818424251433754,0.10184637607838012,0.10721818727119316,0.01649699287027011,1.516931624069902,1.4906103902461991,0.3203301931688119,1.0317787466524393,1.0296480749514298,0.2181829190734938,0.1018463760783949,0.10721818727119316,0.0164969928702875,1.5169316240700905,1.4906103902471317,0.320330193168794,1.8471827730798807,1.3571434721343882,1.02236543740319,1.2690509288641678,1.2409734783556818,0.2603788515052009,5,1.0,0.9946896391331027,0.9942355155184709,0.0016266768079547273,0,0.0,0.1559844261064712,0.12613731257549993,0.07538316013564249,2.1994082901156595,2.1764563250731577,0.7148732517173637,15.130869322209161,12.78065758549301,4.117663692325009,0.9946896309464706,0.994235515466077,0.0016266857581200274,5,5,195.8,196.0,0.447213595499958,50.50115351546437,45.24739594696592,13.20163136713075,74.49962430764444,59.016823604134004,28.375219167248623,15.20865221915717,12.835278616143148,4.1211953832057056
front,log-0048,2.0,oracle-power,training_window,0.6544465262966235,0.8786301276581548,0.3641213698296841,0.033323361932483364,0.034004491539727996,0.017035640753966595,0.10535390041293366,0.1303337076716232,0.055050933297485304,0.877522817592243,1.1542736734050691,0.46010928125180195,0.6544465913089443,0.8786301277217538,0.3641212480978044,0.10535390097057924,0.1303337076716232,0.055050932332916455,0.8775228203435125,1.1542736734050698,0.46010927576868044,1.0808193848121834,1.1146515680105031,0.6219023001935422,0.8519056519585458,1.1480803738658358,0.4708033502173632,5,1.0,0.9932036042294252,0.9914701834369848,0.005323534327429007,0,0.0,1.0332516136093277,0.5056154136328134,1.071653238195488,6.753920536617402,5.2295345739019785,6.042842046532637,7.997918900793266,8.5776307463061,2.0913252535514637,0.9932024856013975,0.991470183368013,0.005321858404207913,5,5,195.0,195.0,0.0,25.377820775604516,26.44128678877277,8.554209143993791,38.772220460003325,38.232100998741515,21.31445536669991,8.054044242998948,8.658913920701755,2.102811291673483
front,log-0049,2.0,oracle-power,training_window,1.1175696376666404,1.0248642044244016,0.6223597956817383,0.03992809369924551,0.0349524810446107,0.01400447373352556,0.12814714556686496,0.12730319303934937,0.04521215101887541,1.7166186906337806,1.6136249499584003,0.8603669645120783,1.1175696430071174,1.0248642044246095,0.6223598008483252,0.1281471455668653,0.1273031930393508,0.04521215101887542,1.7166186906337866,1.6136249499584003,0.8603669645120834,2.060914237450374,1.8820390337874624,1.3173031872686947,1.268288258548325,1.5211897837350097,0.6009784204869152,5,1.0,0.9909133721411048,0.9918638500530136,0.006489136614996462,0,0.0,0.3374549942581915,0.14457330073673702,0.3082896083640122,3.2603955091558445,3.023810019655588,1.5313944407358062,13.513525861244867,15.987628074559218,6.000079231463955,0.9909133700465806,0.9918638465999398,0.006489136866301361,5,5,195.4,195.0,0.5477225575051661,44.2064694114343,48.30823309161874,20.829064539907996,60.2544622993524,65.66778218055569,23.842169340534298,13.630386245604814,16.118772883358957,6.038178414722894
front,log-0054,2.0,oracle-power,training_window,0.5361641831265762,0.5257997457528917,0.17741475811241805,0.02739569529902943,0.027487784647655396,0.011868309867259714,0.08905656369643516,0.08110741336958967,0.045945250866997,0.7356114592586781,0.6440204171741842,0.2819106734051935,0.5361642056320698,0.5257997332592338,0.17741476287763341,0.08905656369645445,0.08110741336959566,0.04594525086698729,0.7356114592588548,0.6440204171746962,0.2819106734051102,0.65019224049138,0.6502596414016236,0.18355329243390872,0.7571791973481239,0.6588303814965656,0.3121256320782967,5,1.0,0.9951684468282999,0.9967053664431101,0.004989744250573515,0,0.0,0.27133473425234217,0.1769442494477258,0.2326649425691039,2.2270237810882243,2.0963344735044087,1.4155039064200565,9.15664694439102,8.123204756948143,3.5504402308949587,0.995168433910181,0.996705355025429,0.004989730849576075,5,5,194.8,195.0,0.4472135954999579,28.618903877269293,27.540277200808603,9.302590085265559,36.96524835366298,30.048365571860813,13.658022877965806,9.192216336657157,8.148694633004963,3.5419892526586287
front,log-0055,2.0,oracle-power,training_window,1.2994956968452704,1.3576430049044972,0.253157860457631,0.03452760781016768,0.02829646818775232,0.014356951105505,0.11318863401430974,0.09470385708623492,0.051359846630394,1.8005133503801787,1.8060870806189349,0.43460888039860507,1.2994956837004128,1.3576430043680001,0.2531578443841216,0.11318863401431041,0.09470385708623492,0.051359846630395445,1.8005133503801865,1.806087080618935,0.434608880398619,1.7847658711348025,1.819576759511042,0.40148763130307236,1.7180809062785827,1.8389647999426917,0.7727641839878929,5,1.0,0.9924885901657394,0.9955054894137904,0.007455236756782604,0,0.0,0.18657996530814153,0.10675865222514598,0.11560202472705552,2.7437138519516284,2.293491034184355,0.7956373407426177,17.2061646542,20.208555791024878,5.3571658766894,0.9924885837946436,0.9955054883895971,0.007455249894633061,5,5,195.0,195.0,0.0,55.872967701505445,67.00329517761767,16.072154745482877,70.22024107756202,75.84413893664299,16.271439421332143,17.314722567607284,20.299793448367346,5.315640089364081
front,log-0056,2.0,oracle-power,training_window,1.6099998367982091,1.79418094908707,0.7429182301268192,0.028156420704131196,0.030494572060412305,0.010884757588919998,0.08962937996522809,0.09444540284968815,0.03506481291119549,2.390773498077591,2.611941992038104,1.0252027319310772,1.6099998369478545,1.7941809491556855,0.7429182302871762,0.08962937996522807,0.09444540284968816,0.03506481291119548,2.390773498077591,2.611941992038104,1.0252027319310772,2.38424594198887,2.578629582603932,0.9546552483010415,0.5097935657179694,0.5097935657179694,nan,5,1.0,0.9954785177238226,0.9955300426810637,0.002612975753872686,0,0.0,0.10729607414005778,0.10489326794894163,0.01611014962877352,2.7621391734083565,2.6267892163644455,0.5478131965889846,25.69144577708326,27.41801112626851,3.7291678266085877,0.9954785174553441,0.995530042685782,0.002612976004556528,5,5,195.0,195.0,0.0,82.11023972253727,85.2981983239819,10.925732208637836,97.0666720611013,101.28624144652292,17.53870616215465,25.813050003102923,27.541118751473405,3.7780319981913735
front,log-0058,2.0,oracle-power,training_window,1.227838876008539,1.4557911694416752,0.3538756595563983,0.038296928643791237,0.03669561666418106,0.005866824643360828,0.12389463570770551,0.11372232036270379,0.024098474868694715,1.9416227560633104,2.199087716686882,0.676866619966857,1.227838828604232,1.4557911754274333,0.353875717329067,0.12389463570772603,0.11372232036270681,0.024098474868668784,1.941622756063642,2.1990877166869405,0.6768666199666563,2.1155264605280655,2.4265592610082956,0.9914383058620717,1.4242845793594983,1.453037195460894,0.4756868422736917,5,1.0,0.9920570858041323,0.9935125735748507,0.003214917551580442,0,0.0,0.27081124187137273,0.18708436325822084,0.21474608265020179,3.4149267074300425,3.0707331960130566,0.7181317996396452,15.835885097886504,15.990867745213217,5.525706592813136,0.9920570173791929,0.9935125569600662,0.0032148401085097516,5,5,195.0,195.0,0.0,51.689696583005954,53.3699692532301,19.543614885893373,76.67878404687158,89.77125493708154,27.818248450662,15.958222067114331,16.069983379322014,5.553558025649473
front,log-0063,2.0,oracle-power,training_window,1.0016153923086961,1.24317850402528,0.598469160121394,0.024482101091930462,0.02787600980596086,0.00880206212728797,0.0824723561623649,0.08438169145733633,0.02664573884710194,1.468122528047621,1.9141499406870657,0.930337258142724,1.0016149868983268,1.2431784231934555,0.5984689598432724,0.08247235616326305,0.08438169145733633,0.026645738848312426,1.4681225280641406,1.9141499406871043,0.9303372581569551,1.505393319096568,1.8723444739965063,1.0285680954277927,1.1173309098044877,1.010413330710671,0.7306853416586264,5,1.0,0.996306405820899,0.9964335051305728,0.002196551362815782,0,0.0,0.3832465022097925,0.1346468108006276,0.5591417512071704,3.6519350134464803,2.53387415110297,2.470480143166154,17.390961412763133,18.695831448322444,10.169605733778582,0.9963063575489848,0.9964335040893366,0.0021966013963623495,5,5,195.0,195.0,0.0,61.404938538311754,63.19810417222162,37.30378220580612,71.34637148161062,90.60553465600758,43.46027798908921,17.457755009651034,18.818671872257664,10.201523787099376
front,log-0071_183,2.0,oracle-power,training_window,1.3670504296364063,1.006351696694008,0.6728551834491296,0.028461707519390318,0.028563902771420378,0.005105713812914562,0.0908667875882538,0.0847372222286744,0.019956577914891555,1.9367278949389886,1.5487418640737998,0.9118478200061948,1.3670504378073776,1.006351697538126,0.6728551781354255,0.09086678758825406,0.08473722222867439,0.019956577914891454,1.936727894938993,1.5487418640737995,0.911847820006192,1.8693426609168085,1.4245704887129143,0.9355043318778459,1.478167191476784,1.3958332238862239,0.379121124438033,5,1.0,0.9957015888782156,0.9964033335798151,0.0019238038912683959,0,0.0,0.12414352009673009,0.11058630117842476,0.04933552716598708,2.6019265299082828,2.021185374308198,1.2712399136195327,20.4204520865694,18.21125964531914,4.6879411787750955,0.9957015878762215,0.9964033331999886,0.001923803449726047,5,5,195.2,195.0,0.4472135954999579,65.93345635872444,55.31951695550592,19.661525217166837,93.19065313200757,89.76842082831443,17.36469436066197,20.515799215579925,18.27699590971154,4.755834405336488
front,log-0072_184,2.0,oracle-power,training_window,1.1498346766723921,1.094583897452267,0.45537942527484015,0.029672998975208153,0.025157974595248184,0.010923259041762898,0.09589200369783646,0.07941921970707216,0.042863312100064443,1.621879713970658,1.4976410212105138,0.750246725820573,1.1498346766912602,1.0945838975083033,0.45537942525481384,0.09589200369783646,0.07941921970707218,0.04286331210006444,1.621879713970658,1.497641021210514,0.750246725820573,1.9044872639645625,1.6417755541361143,1.2379862027602095,1.807917142653378,1.6324981300406207,0.814054061727271,5,1.0,0.994643813104827,0.9968413050938049,0.004821547956069327,0,0.0,0.158340236816018,0.14632442016428016,0.07706440431079327,2.639643139283455,2.4939930401185566,1.1867535832813103,16.698266378523197,16.68702551935629,1.3443449851490437,0.9946438131864037,0.9968413053682654,0.004821547923919929,5,5,195.2,195.0,0.4472135954999579,53.26119643295292,57.972274837075496,8.023750343981794,71.87555686357851,71.14885841049028,16.538341118854056,16.789186187751824,16.91248024178459,1.3610326142833649
front,log-0073_185,2.0,oracle-power,training_window,0.7978915450909303,0.7955617815540782,0.2513332330621071,0.03862182117026401,0.03594566360408683,0.012273705876896806,0.11545786342617285,0.10499328260853137,0.03186027843021891,1.058800415073648,1.0478700217519417,0.3722746410166142,0.7978836960238059,0.7955207369070026,0.25133356411198304,0.11545788026822483,0.1049933668121049,0.03186027151670892,1.0588005831627787,1.0478708621333284,0.37227463485576595,0.9771359813595062,0.984025984918126,0.3736631721147752,0.9315949358665421,0.9073483094527353,0.2709338607210406,5,1.0,0.9928971135652075,0.9944729314039163,0.003990913309634752,0,0.0,0.3435674674828516,0.1337228964006366,0.47912730661894126,2.0803631995310137,1.6023161128122292,1.531336837824357,10.148748800206766,9.532013397112328,5.806480874304598,0.9928918188699744,0.9944467014015463,0.003988359007574676,5,5,195.6,196.0,0.8944271909999159,31.679216672009584,26.879315032349588,20.517023258572564,49.09239003281561,47.88932887812723,15.435989099034932,10.207017459120015,9.611653177494947,5.811524126882537
front,log-0078-valid,2.0,oracle-power,training_window,2.0973310432797363,2.3316039205330203,0.7068824209811875,0.03844837460853612,0.034190970055140366,0.012909957804205407,0.1205847206508206,0.11920390493691407,0.027139150469817342,2.7106672815701467,2.996560990834835,0.9433859502282594,2.0973310431309558,2.3316039205391665,0.7068824208724147,0.1205847206508206,0.11920390493691407,0.027139150469817346,2.7106672815701467,2.996560990834835,0.9433859502282593,2.7896017177500285,2.75228417630729,1.1102718273294208,1.1359577219955301,1.1359577219955301,nan,5,1.0,0.9924008615392574,0.9928697946094396,0.0036449230314390913,0,0.0,0.21093007862630855,0.17865660211849027,0.0781429529928863,5.025547149881151,4.468221655247919,3.1522935898065128,23.981428303502778,27.361672882945868,9.910309486893055,0.9924008609863597,0.9928697942056687,0.0036449230807046756,5,5,195.6,196.0,0.5477225575051661,80.0554161779586,93.47081562414272,36.86602602162873,112.9776872612131,129.5115936666416,52.69538894625041,24.1374398570428,27.499471624904857,9.945098500665232
front,log-0079,2.0,oracle-power,training_window,2.1781908609359384,2.0487182619429194,1.2942415231032385,0.04033181480111148,0.04203635677441048,0.01055426756509737,0.12804016115834782,0.1338633279670164,0.0344707644354644,2.846897159559798,2.867373957766993,1.603990446736548,2.1781908598328936,2.04871826194292,1.294241524578808,0.12804016115834865,0.1338633279670164,0.034470764435463,2.846897159559803,2.867373957766993,1.6039904467365393,2.97528519384213,3.740705574028976,1.4962680037834208,1.60049801325295,2.1294179794496664,1.0065147694591143,5,1.0,0.9912815432658606,0.9909998029392313,0.004476638022327624,0,0.0,0.22220463574076335,0.17355141893203116,0.1570435916121384,4.313789667253596,4.14468289194052,2.821310166634446,21.437817324778955,17.587739741871278,12.322649458297425,0.9912815337767281,0.9909998019894304,0.004476624167308539,5,5,195.0,195.0,0.0,68.39841252741965,56.51620752008789,38.785445857087495,97.99496309029786,93.57215772890763,45.08264139429888,21.63227552087975,17.74747049047227,12.412990756391132
front,log-0080-valid,2.0,oracle-power,training_window,2.684584989685782,2.2540420974760798,0.9488535728145064,0.03953992335323568,0.02909118604172964,0.026063315383000718,0.12754030428524074,0.09807367539741564,0.08641917334400083,3.2721660657052007,2.8722900426964753,0.9121969061682003,2.684584740101223,2.2540420974073663,0.9488532040467709,0.12754030428541296,0.09807367539741564,0.0864191733443648,3.2721660657079914,2.8722900426964753,0.912196906172648,3.135895861692142,2.900482155107092,0.7423152030314997,4.990364854746554,4.990364854746554,nan,5,1.0,0.9887223808713536,0.9951791568325987,0.015285022494766844,0,0.0,0.34147980394049293,0.21891944464280805,0.3188231023180028,8.5667966872031,8.505606150091115,4.046368588583454,30.906308296156322,29.775972637945628,12.657728449696153,0.9887226603346029,0.9951791568665381,0.015284407672021784,5,5,195.2,195.0,0.4472135954999579,99.31112692999336,91.46847565784944,38.45298135835753,125.50056291652088,110.6738006980114,43.426072798282455,31.143541028028473,30.04468458911574,12.491338433018667
front,log-0081,2.0,oracle-power,training_window,3.1203726456020315,2.9432261287671175,0.7074026119621875,0.07791864491901844,0.08767511730861645,0.023033957506834714,0.26700694337055375,0.27555005204868666,0.08884688858623548,3.8795633920135386,3.562802699321071,0.8221086996249269,3.1203726591562804,2.94322612945414,0.7074022372517492,0.2670069433711275,0.27555005204868666,0.08884688858549625,3.879563392025554,3.5628026993210713,0.8221086996218153,4.508694943721547,4.2294995123702925,1.2793001075107702,4.061099983965726,3.891968873260377,0.9355445174621921,5,1.0,0.9601852080623358,0.9612867256006223,0.023362435696865774,0,0.0,0.7554915418739102,0.8888785910739467,0.4015731262508952,11.878866153548287,9.787304443107507,8.404130225599372,15.113643823930875,12.218497783825738,5.123261617459039,0.9601852742565977,0.9612867227680802,0.023362660331438134,5,5,195.0,195.0,0.0,52.91335986894795,48.11677914618436,16.370301976530403,64.02192450249159,61.23961782501681,17.918482841265448,15.657978483842788,13.031389210229724,4.979939903678482
front,log-0098,2.0,oracle-power,training_window,2.356542373767588,2.3885105961497968,0.7453439266029179,0.04124037740031274,0.04313369333401668,0.010506313280707695,0.13047816066538265,0.13723879885138168,0.03091512294666102,2.9933910739000877,3.002445632740908,0.9150135639773097,2.356542373742559,2.3885105960212356,0.7453439266181454,0.13047816066538265,0.13723879885138168,0.03091512294666102,2.9933910739000877,3.002445632740908,0.9150135639773097,3.2038054982397313,3.5000507996536925,1.2097564101079072,2.5604895588916037,2.3982428051827207,0.36954203606632013,5,1.0,0.9910585343561946,0.9905379912400281,0.004158606690413743,0,0.0,0.3097543244768543,0.36193560850491935,0.14196063351117422,6.459493190291899,6.238872939185248,1.3799938818541027,23.61989867912991,20.729490974053558,8.297529536243017,0.9910585343376288,0.9905379910598004,0.004158606570063416,5,5,200.0,200.0,0.0,75.40162937570665,67.89546424094841,25.342326166519747,108.47629675831368,92.7461198780581,36.224904436958134,23.81795104072762,20.861798421952013,8.315212638757673
front,log-0099,2.0,oracle-power,training_window,2.7315241950315863,2.785761513565658,0.9909679657451047,0.04965056897589691,0.05563933779092324,0.020761925416965456,0.16756002497633443,0.18045773592329892,0.06801247684139848,3.486492447681864,3.6681094230440254,1.2948074544330581,2.7315244064065833,2.785761587710701,0.9909679502270783,0.16756002497653455,0.18045773592329892,0.06801247684150095,3.4864924476850176,3.668109423044087,1.294807454431817,3.2345535505719534,3.53220514240073,1.0958887833299575,3.5199622405551874,3.5199622405551874,0.2235486296628206,5,1.0,0.9839395448195886,0.9835827395524164,0.010371388851343198,0,0.0,0.37251945386288055,0.35380729369270203,0.11812361424077777,8.524373280501814,10.536352899218935,3.987323440010533,21.855556044718462,23.089550512294792,6.880547737266924,0.9839396524365267,0.9835827391151013,0.010371384230751936,5,5,200.0,200.0,0.0,75.42393706777735,76.13741569732179,26.5829756445911,95.76882562961791,96.0784739183731,23.828252668391862,22.17165429083717,23.474944805424037,6.842278738658589
front,log103,2.0,oracle-power,training_window,1.8356411548605067,1.182040790539203,2.2067214274591076,0.038283179147141494,0.029017620541669644,0.02750606486246179,0.12234736971871032,0.09178633905609054,0.08521015540280898,2.749316157835098,2.014953203429502,3.082916385759299,1.8356403588558394,1.182040700682156,2.2067198362053504,0.12234736972083164,0.09178633905609211,0.08521015540546645,2.7493161578906027,2.0149532034295365,3.082916385859979,2.8647538129073222,3.0768440661890226,2.7979545051403116,1.3821287244268585,0.3489070883449628,1.8146351283763988,5,1.0,0.9894860719987332,0.9957787243974839,0.013220153962815156,0,0.0,1.932695217028576,0.2858828793525689,3.738856451165889,12.021307403896264,6.019306720694181,14.319088425422185,17.23451911359824,20.80182208446275,10.194998899464952,0.9894862658441521,0.995778716752635,0.013219689954038612,5,5,200.0,200.0,0.0,56.57163961461009,69.052066025812,32.40700460442241,73.90080673528507,92.93198349185457,39.78406938077179,17.509201883199644,21.05514934761375,10.53380020379776
front,log104,2.0,oracle-power,training_window,3.5599888357717093,3.365117254384825,1.8331922286405566,0.0683740255281781,0.07269913316714,0.013269800752967962,0.2223749311655861,0.23979578024065878,0.04073216103750467,5.46877706420608,5.1128379840192055,2.884749441340304,3.559999586751224,3.365126713408509,1.833201113076717,0.22237493119376336,0.239795780363049,0.04073216105203108,5.468777065114852,5.112837984360997,2.8847494422989857,6.474341341283981,5.705906620841455,2.1735875735429384,1.9737641340162428,1.9737641340162428,nan,5,1.0,0.9742460938645076,0.9708233535634834,0.009127666409341841,0,0.0,0.2974772912831515,0.2411210599659053,0.11094813374553518,7.801358595127423,5.113697103520864,5.6205369568116454,22.84259380281108,20.582528551565932,8.880681334666894,0.9742454700569606,0.9708166100662644,0.00912842016168121,5,5,200.0,200.0,0.0,76.18203755422167,70.32873380022924,28.61235351297651,91.91014108824335,80.15071220424329,29.467045373320104,23.502636676361142,21.20800690011874,9.291859731775613
front,log106,2.0,oracle-power,training_window,1.637639215312402,1.8817925782992342,0.6543216082401926,0.04345748155426836,0.0456655755539142,0.00921109192804979,0.14268847790344977,0.15279679362267345,0.02547292994272913,2.302322699290762,2.728036090744468,0.8607465742054947,1.6376392221221299,1.8817926057867584,0.6543216098960997,0.14268847790345068,0.1527967936226735,0.025472929942728716,2.3023226992907797,2.7280360907445544,0.8607465742055048,2.4479884858445895,2.3771704228316506,0.7480023864944891,2.3302484334268456,2.7020209976134906,0.8454832371671942,5,1.0,0.98950065108167,0.9882576282825397,0.0034211939901485746,0,0.0,0.18724890369690572,0.1659036725478782,0.04194511453909786,3.0392048576693527,3.256620959737494,1.0880348862329745,16.002562221767906,16.961498777051347,5.057857407586477,0.989500641535817,0.9882576255811654,0.0034211957050790517,5,5,200.0,200.0,0.0,54.401696329588255,55.449949751536465,19.411265363373946,73.85239010706064,73.72670428061338,17.171746749741736,16.171675492168028,17.193433543994907,5.1134443591243395
front,log107,2.0,oracle-power,training_window,1.4923260693519125,1.307116415240853,0.45207343185614274,0.031849214597282946,0.02931425702113978,0.00822026668886966,0.10843902930771435,0.10277416852037986,0.025302276560542004,2.225040851983224,2.1980093398044347,0.6413631560307265,1.4923260718073514,1.3071164128610144,0.45207341825734065,0.10843902930771457,0.10277416852037988,0.02530227656054165,2.2250408519832283,2.1980093398044356,0.6413631560307205,2.3523719522747806,2.6087443805104082,0.7276658094724021,1.807459528993111,1.807459528993111,0.5810370856707486,5,1.0,0.9938425992645324,0.9947047151214999,0.002669421894702711,0,0.0,0.1553328156451693,0.15840201381542265,0.05822770902113701,3.0317938685733132,3.248105529379767,0.5255200026613929,20.761169607937042,20.319908427447665,5.464860759251346,0.9938426026132323,0.9947047120277424,0.0026694292840358487,5,5,200.0,200.0,0.0,72.1904880489117,74.90997753705082,21.538791708531132,87.91667505334972,93.43030329663262,26.730442034653084,20.8849628199996,20.505456030152555,5.479066514252209
front,log109,2.0,oracle-power,training_window,1.6655120951796067,1.5498248255897993,0.7434217603337663,0.03158820956777187,0.03119519286853018,0.004264439845487751,0.1089420515989987,0.10406065228937822,0.011045942565386753,2.5761775874496093,2.859413298484384,1.0784064571174425,1.6655121016796932,1.5498248198057398,0.7434217604904652,0.10894205159899888,0.10406065228937915,0.011045942565386654,2.5761775874496147,2.859413298484409,1.0784064571174445,2.712428138486868,3.0876912530202114,1.2184649659426985,0.9272416541720175,0.9272416541720175,nan,5,1.0,0.9939983978570457,0.9945709530471465,0.0012268727019403565,0,0.0,0.1491898906593137,0.15176576467374142,0.025172261769608992,3.396741226654983,3.531921424740227,1.215957765536677,23.796055730243317,27.329152029334978,9.8357966576128,0.9939983961443197,0.9945709450940758,0.0012268725865808023,5,5,200.0,200.0,0.0,82.77613448239542,94.72729986517366,35.20978788382101,101.55976883416942,111.71811766712464,43.332924414998374,23.93638679043233,27.47833341014193,9.890843900601755
front,log110,2.0,oracle-power,training_window,1.6651225108625713,1.8684170365012311,0.5433469146011907,0.04132599311856848,0.04522176653696321,0.012313644761189183,0.1351725150639646,0.15474174216985634,0.029775287450106155,2.455377651057636,2.6156071013830977,0.7914531689803775,1.665122353146567,1.8684156818425777,0.5433470465968341,0.13517251506468725,0.1547417421705069,0.029775287450183232,2.455377651070836,2.6156071013940942,0.791453168981333,3.0227245336924162,2.99889519793956,1.047601064546282,1.8254538425866058,1.8254538425866058,0.47921546930408115,5,1.0,0.990457952102957,0.9879549550618478,0.0039022579996537956,0,0.0,0.18939847155060271,0.17225130224361362,0.06426890825862659,3.448923777011717,3.4350649266421014,1.3792364503250203,17.719153832861387,18.19123598652064,2.7308846147397454,0.9904582659951602,0.9879539450378223,0.003902473676859379,5,5,200.0,200.0,0.0,59.222864772587194,60.62143887422872,6.690584697078486,81.17599614757415,76.5816611415031,19.11451643138337,17.894746609558815,18.41731417277862,2.7933851877882647
front,log112,2.0,oracle-power,training_window,2.127141904937157,1.9344858599454324,1.1630281191700853,0.09729624762534021,0.05158174250104558,0.11933205712903103,0.30830270164657775,0.17002216399035133,0.3522758460418495,3.155213254163889,3.2558216173090884,1.268668599941187,2.1271369693834763,1.9344858544561623,1.1630181144581957,0.3083027043645493,0.17002216399035133,0.3522758520856833,3.1552132681907112,3.2558216173090884,1.2686686230209439,3.5321746403256116,4.006721854275069,1.3273301393213817,2.7384954243462927,2.2779959503425813,1.4884094811772477,5,1.0,0.8611370619188315,0.9854402385492677,0.2831175719737928,0,0.0,2.3146142803953023,0.21114328357365986,4.7083051756304934,14.033749382944933,3.866665136930741,23.13247896609936,14.354407091648891,17.82021062513984,7.2019958179791885,0.8596769050526177,0.9854402380741909,0.2863818899954925,5,5,200.0,200.0,0.0,51.87225079955615,63.11965163338737,21.906427205686846,70.19223323013048,82.69752437169959,33.33972674123076,15.20797435373295,17.963711686128303,5.866379699167759
front,log-0046,40.0,oracle-power,full_log,2.114972677673351,2.0338685546961797,0.4739951354761336,0.0471320796197542,0.04213582856142581,0.013402607844177496,0.15549505409330397,0.1390117515349147,0.0442170014252511,3.198176510698719,2.8591527946816915,0.9094422723369405,2.1077081108238405,2.0233719967441677,0.4610119390815918,0.16049855587531583,0.13934573039183998,0.052984149570095174,3.301087062830284,2.8660219735216015,1.0897623952254252,8.006269303740014,4.677432372714458,7.3050529789404965,4.266734138778735,3.426084817928342,1.8175790298105448,5,1.0,0.9884190152096087,0.9904596426467278,0.005562058330257813,0,0.0,0.15549505409330397,0.1390117515349147,0.0442170014252511,3.198176510698719,2.8591527946816915,0.9094422723369405,20.607893151632517,20.209699891366125,1.0505663926408517,1.0019539101867905,0.9825937897126441,0.051078443452330605,5,5,3903.6,3904.0,1.5165750888103102,67.85562055611663,67.85562055611663,0.0,165.8998005948889,165.8998005948889,0.0,20.567705701942586,20.567705701942586,0.0
front,log-0048,40.0,oracle-power,full_log,2.1378102858437487,2.1405535823040984,0.0729610517335271,0.04255789811385696,0.041546454707956725,0.0016841491508538834,0.14735853420602435,0.14385636834888868,0.005831438140816995,3.306750781758775,3.2281615792512306,0.13085847205811982,2.3748819913707555,2.2283598501823385,0.33517079761960517,0.15670943023293876,0.1557637747335361,0.0081532758249111,3.516586492420182,3.4953658208196328,0.18296090791881306,4.836902401147293,4.4332789095913805,1.2266026907290501,4.836902401147293,4.4332789095913805,1.2266026907290501,5,1.0,0.9893335595268429,0.9896949423393945,0.0009678065147091981,0,0.0,0.14735853420602435,0.14385636834888868,0.005831438140816995,3.306750781758775,3.2281615792512306,0.13085847205811982,22.62479823863098,22.777680951895174,0.33739204386406974,1.008227509476374,1.0150404125401087,0.015035181154517015,5,5,3903.8,3904.0,0.8366600265340756,77.70004930488071,77.70004930488071,0.0,147.0280467770388,147.0280467770388,0.0,22.44017151484117,22.44017151484117,0.0
front,log-0049,40.0,oracle-power,full_log,2.689460829123819,2.770195822271315,0.3298383360585424,0.05146983900637849,0.05233497692404415,0.004241306962310951,0.17100721693302656,0.17388161542385736,0.014091633348485533,4.144287297599176,4.213947124637081,0.3415047512961121,2.371704187476946,2.380963451405892,0.14532431467398926,0.17655760408614962,0.17939305438829978,0.017036753405598952,4.278798573719493,4.347514507941011,0.4128784854665235,4.494256598714054,4.567528983856893,0.36399583738412633,4.288285859777295,4.355200132178107,0.3882049884091584,5,1.0,0.9878938314791487,0.9877530901008226,0.0007907833724606653,0,0.0,0.17100721693302656,0.17388161542385736,0.014091633348485533,4.144287297599176,4.213947124637081,0.3415047512961121,22.422692144147145,22.080278091467576,1.03486427056299,0.9252356085298358,0.9111064543514047,0.0427019765050853,5,5,3905.0,3905.0,1.224744871391589,80.51875384894029,80.51875384894029,0.0,128.6836164750667,128.6836164750667,0.0,24.23457542860456,24.23457542860456,0.0
front,log-0054,40.0,oracle-power,full_log,2.4790082773501894,2.3458319336238427,0.29371365453925297,0.05588519994679188,0.050148808937307186,0.010577364962378419,0.1863495823857935,0.1672215472345037,0.03527029598816876,3.3432292720317904,3.0000602334135413,0.6327713991692892,2.6003098514247247,2.4022120368328066,0.36706924898732834,0.20065241291483754,0.19222602663304977,0.035841077412758784,3.5998310904282214,3.4486563954595053,0.6430115786330177,5.836873975151209,3.4417051192675148,5.104069137356302,3.9195504615282055,3.2493505247944676,1.3598048847730784,5,1.0,0.9826517637112783,0.9862778624611971,0.007788861186692778,0,0.0,0.1863495823857935,0.1672215472345037,0.03527029598816876,3.3432292720317904,3.0000602334135413,0.6327713991692892,17.269172297888655,17.13953301285276,0.5785078582905983,0.9625732440133001,0.9553472284871347,0.032245678961119,5,5,3903.8,3904.0,1.0954451150103321,59.82316025020701,59.82316025020701,0.0,135.89296889344487,135.89296889344487,0.0,17.94063195221126,17.94063195221126,0.0
front,log-0055,40.0,oracle-power,full_log,2.6266263744177905,2.600523100661116,0.05101804593798493,0.04504015344582999,0.04457196688435736,0.0010520181760940057,0.1553109396227775,0.15369650252125822,0.0036276504169975967,3.6812825160907563,3.643016061135386,0.08598496723423373,2.629161900434413,2.597372010922507,0.04711431426741326,0.15571502654342775,0.15469001109027236,0.0035493926368854807,3.690860451293413,3.666564857721005,0.08413004961945071,3.7327492608311217,3.693207540448766,0.11504248673200364,3.628536156262379,3.5785037849205814,0.10193320727170219,5,1.0,0.9881369349603701,0.9882323072314099,0.00039171680337454903,0,0.0,0.1553109396227775,0.15369650252125822,0.0036276504169975967,3.6812825160907563,3.643016061135386,0.08598496723423373,22.892096126645804,22.909406952107382,0.1912574146628659,0.9658027993841298,0.9665331319669545,0.008069027207576747,5,5,3903.8,3904.0,0.44721359549995787,81.73334756770429,81.73334756770429,0.0,144.98409225186288,144.98409225186288,0.0,23.702660772202737,23.702660772202737,0.0
front,log-0056,40.0,oracle-power,full_log,2.695663098722656,2.6599967206415123,0.07771758266660361,0.04958022833857453,0.04916877669047583,0.001812243913445789,0.17082978507037422,0.1694121192191489,0.0062441269151673855,3.847890066354425,3.8159575649812445,0.14064710038727116,2.795195385992982,2.821548405477907,0.08224392334510817,0.17934897484898324,0.1722817102770283,0.011014508484344892,4.039782280636574,3.880594249512369,0.2480985254721681,4.4015410252281795,4.079535450535091,0.5768253576031666,4.1502036754392595,4.049073335844998,0.22872204082291142,5,1.0,0.9858583669623784,0.9861674712766235,0.0006667488807180046,0,0.0,0.17082978507037422,0.1694121192191489,0.0062441269151673855,3.847890066354425,3.8159575649812445,0.14064710038727116,21.86916961317788,21.790080698005447,0.7690255378815578,0.9708971618896104,0.9673859538905847,0.034141429480702576,5,5,3903.2,3903.0,0.4472135954999579,77.60936557366922,77.60936557366922,0.0,148.7314640450589,148.7314640450589,0.0,22.524702380028554,22.524702380028554,0.0
front,log-0058,40.0,oracle-power,full_log,2.5326983744943843,2.5255093673959412,0.028422634391373568,0.043795739569445484,0.043847026020271226,0.0007597987987667901,0.15040133314722276,0.15057745873963002,0.002609266412249571,3.518874763088759,3.5229954971892288,0.0610478746172584,2.685589947591068,2.6018676735258146,0.17163710412403838,0.1554651653094063,0.15451524227635255,0.006718327322151137,3.6373510480202382,3.615126110794333,0.1571857906402065,5.556741761564313,5.9929746102566614,1.1387506539005405,5.556741761564313,5.9929746102566614,1.1387506539005405,5,1.0,0.9888776396431714,0.9890724444096323,0.0003233709939163508,0,0.0,0.15040133314722276,0.15057745873963002,0.002609266412249571,3.518874763088759,3.5229954971892288,0.0610478746172584,23.502820815570022,23.77199460812721,0.4217790698461292,1.0045414575309415,1.016046299269998,0.018027391899213596,5,5,3904.0,3904.0,0.7071067811865476,80.3474218652934,80.3474218652934,0.0,161.1697294857218,161.1697294857218,0.0,23.39656630333357,23.39656630333357,0.0
front,log-0063,40.0,oracle-power,full_log,2.3419439686529775,2.4314253043793657,0.26965136856745725,0.04150639696878773,0.042295598531664765,0.005199231594691336,0.1284329833176793,0.13087500475441088,0.016087949651902685,3.5259887395514475,3.5930317986257725,0.44167726895175974,2.331535885434758,2.431092588712381,0.28934958781675807,0.12982377543784113,0.1316787220885762,0.017015018998819294,3.5641714339658384,3.6150969893333618,0.4671289558437928,4.7130485687351555,4.136058120440562,1.0944647859886771,3.6417068560219192,3.654424356233852,0.49990064141035084,5,1.0,0.9925133283538935,0.9927652880154433,0.0015953746507448932,0,0.0,0.1284329833176793,0.13087500475441088,0.016087949651902685,3.5259887395514475,3.5930317986257725,0.44167726895175974,28.002357043462553,28.454825438157883,0.9596115517553631,1.0199766705653852,1.03645768343302,0.03495353602114092,5,5,3903.0,3903.0,1.0,84.9504894920883,84.9504894920883,0.0,153.67050225201805,153.67050225201805,0.0,27.453919144974673,27.453919144974673,0.0
front,log-0071_183,40.0,oracle-power,full_log,1.7775846235131705,1.7402155980843526,0.1450219011156646,0.03264769560893598,0.03210084394863876,0.0019618961625060783,0.11443107919526949,0.11251434894891155,0.0068765004989565035,2.586821515897073,2.5434920369100875,0.1554497219625366,1.8192316603511245,1.7865227606324598,0.13818753291157698,0.11710254130330526,0.11423622423465199,0.006730272284794333,2.6472124141440267,2.5824166373610193,0.15214409648660776,3.8809682159866368,3.369340869405558,0.8840722146403467,2.7150309298177526,2.6163400014801743,0.2706614033779059,5,1.0,0.9934703875381597,0.9937366284818479,0.0008238801913833532,0,0.0,0.11443107919526949,0.11251434894891155,0.0068765004989565035,2.586821515897073,2.5434920369100875,0.1554497219625366,22.35901120998654,22.275723919756306,0.23681151783442372,0.989077045623155,0.9853927348016603,0.010475634822553814,5,5,3903.4,3903.0,0.5477225575051661,79.23442888229562,79.23442888229562,0.0,152.4462174422029,152.4462174422029,0.0,22.605934804502045,22.605934804502045,0.0
front,log-0072_184,40.0,oracle-power,full_log,1.856907705503442,1.839755442227936,0.09858948465459128,0.03647751842359985,0.03575267338187303,0.0021071095053356416,0.12045813808506178,0.11806451352122323,0.006958216970972833,2.5836736338695716,2.5323334357452643,0.14924489131611238,1.922365077287561,1.9358865986723208,0.08291585932698309,0.12349028698944402,0.12140132921031245,0.005462242630531465,2.6487093658073078,2.603903882159555,0.11715814714267661,3.5814107864167304,2.8311533359849017,1.7743648373861898,2.776197235650114,2.5695574975170627,0.4761633240822623,5,1.0,0.9928790572884448,0.9931332902361184,0.0009373807536356004,0,0.0,0.12045813808506178,0.11806451352122323,0.006958216970972833,2.5836736338695716,2.5323334357452643,0.14924489131611238,21.30629117360955,21.09138886781999,0.4521038149484822,0.9933592736429784,0.9833399231777161,0.021078352565870786,5,5,3904.0,3904.0,1.224744871391589,70.82920509740632,70.82920509740632,0.0,152.19039707482895,152.19039707482895,0.0,21.448726295645585,21.448726295645585,0.0
front,log-0073_185,40.0,oracle-power,full_log,1.7884204309793048,1.6954480572975863,0.22702133981243194,0.04036237760757946,0.03881841813391971,0.004321896693221897,0.142716156980751,0.13725691558627565,0.015281668808544561,2.76414062574699,2.658405499160977,0.29597687099019837,1.770930331351871,1.6818494846778285,0.2171450923724988,0.14375492916044252,0.1397528942337435,0.015181494686853512,2.7842596679320204,2.706747860155139,0.29403668870619737,6.202428288891314,3.226825027657075,4.309018322897924,3.5770838300749572,3.147709571805559,0.7318588529806037,5,1.0,0.9897973816037432,0.9907223787492291,0.0023684995368900563,0,0.0,0.142716156980751,0.13725691558627565,0.015281668808544561,2.76414062574699,2.658405499160977,0.29597687099019837,19.136939069714913,19.163485464333455,0.3313207494027368,0.9880649251216826,0.9894355498237558,0.017106518981812938,5,5,3904.0,3904.0,0.7071067811865476,68.4830971213134,68.4830971213134,0.0,149.90437255734173,149.90437255734173,0.0,19.368098778891632,19.368098778891632,0.0
front,log-0078-valid,40.0,oracle-power,full_log,5.552719561962251,5.5415853103703325,0.13009946794447397,0.0793305512116875,0.07851900755539498,0.002445261802717047,0.2546719007943403,0.25206663255443984,0.007849932487876111,7.068552494831351,6.996241905169068,0.21787900313448108,5.630077706933905,5.5584174844776415,0.18244590637596275,0.2634763366103094,0.26360090022935795,0.008608860969503768,7.312924239646686,7.316381568380028,0.23894346213241288,6.314319988975117,6.366000770321541,0.36899814461529834,6.314319988975117,6.366000770321541,0.36899814461529834,5,1.0,0.9685290278384195,0.9684552123129542,0.0011392737914470178,0,0.0,0.2546719007943403,0.25206663255443984,0.007849932487876111,7.068552494831351,6.996241905169068,0.21787900313448108,27.301697119400878,27.683251128945194,1.5919646952231703,0.9836490717715293,0.9973960284415697,0.0573566759568418,5,5,3903.4,3904.0,0.8944271909999159,89.10252591047124,89.10252591047124,0.0,191.14572150135155,191.14572150135155,0.0,27.75552572853157,27.75552572853157,0.0
front,log-0079,40.0,oracle-power,full_log,6.300804172604627,6.000307402300912,1.038618127156908,0.08267554680640103,0.07864288688361382,0.014633067505599406,0.28596974988319285,0.2720210214619113,0.05061490145809535,8.437944844933885,8.02636774237737,1.4934647703458828,6.370050134423998,6.2331288094623485,0.8959007364375284,0.3002594303644263,0.2800442723194283,0.06463184329254469,8.859582223718272,8.263105188350064,1.907054606830477,7.8266823601975215,7.494473213349106,1.5609710884250259,7.8266823601975215,7.494473213349106,1.5609710884250259,5,1.0,0.9650493539852087,0.9662467441960635,0.007626316317471031,0,0.0,0.28596974988319285,0.2720210214619113,0.05061490145809535,8.437944844933885,8.02636774237737,1.4934647703458828,28.115387968608037,27.121252614287787,4.092400972093082,0.9528564849625736,0.9191643189376097,0.13869525149999531,5,5,3903.2,3903.0,0.4472135954999579,102.06094995286549,102.06094995286549,0.0,190.67881336638965,190.67881336638965,0.0,29.506424537491974,29.506424537491974,0.0
front,log-0080-valid,40.0,oracle-power,full_log,5.953744063061248,5.961072812123867,0.0957736946810248,0.08038844062277856,0.07877291649869554,0.0035982969095232765,0.2708307211675163,0.26538797890010446,0.012122754707408727,7.927217894842282,7.7679087746906035,0.3548331505269432,6.68528204550924,6.1966496693139534,1.3100853785859707,0.30614487810819985,0.2999527740413889,0.04075373871703347,8.960863618764066,8.779620671311333,1.1928623364687292,7.449862357485483,6.840641517715956,0.9587451358216805,7.449862357485483,6.840641517715956,0.9587451358216805,5,1.0,0.9637998692455773,0.9661780063609925,0.0039238599643760365,0,0.0,0.2708307211675163,0.26538797890010446,0.012122754707408727,7.927217894842282,7.7679087746906035,0.3548331505269432,29.528133666305603,29.46158256930784,0.699173990182747,1.0088187106323347,1.0065450148876878,0.023887043158731122,5,5,3904.0,3904.0,1.224744871391589,98.61141519140322,98.61141519140322,0.0,209.41055645838256,209.41055645838256,0.0,29.270009918627654,29.270009918627654,0.0
front,log-0081,40.0,oracle-power,full_log,7.390268635879866,7.401505022468173,0.20185833099582207,0.13332697304277533,0.1323808740742904,0.002875987643855167,0.4393340340048947,0.43621648421803344,0.009476846466151649,9.052592842082415,8.988354912168111,0.19527290363314476,9.064243597369673,9.09728561123993,2.2155709347025554,0.5358798512333589,0.5269628650299593,0.10625076410222778,11.041944693584217,10.858207857305006,2.189324823778388,8.87819405397758,8.469326217531766,1.312438543185911,8.87819405397758,8.469326217531766,1.312438543185911,5,1.0,0.9040326782879102,0.9041057496653235,0.0034710476809180664,0,0.0,0.4393340340048947,0.43621648421803344,0.009476846466151649,9.052592842082415,8.988354912168111,0.19527290363314476,19.520765796949185,20.446347119851957,2.1539220848476415,0.9473680009743642,0.9922876591854499,0.10453262341252793,5,5,3903.2,3903.0,0.44721359549995787,67.89768518316298,67.89768518316298,0.0,200.25954166451217,200.25954166451217,0.0,20.60526192237035,20.60526192237035,0.0
front,log-0098,40.0,oracle-power,full_log,6.00027877721396,5.99236558248885,0.10427473097523234,0.0914620815546283,0.08959943797042556,0.004214340597619562,0.30633240575238885,0.30009388503965745,0.014115019820073552,8.145056904356021,7.979181191404928,0.3753035509195898,6.10980870808382,6.084552664630878,0.1261599119956213,0.31022427307642236,0.30433411253953585,0.015261989194955824,8.248537568573047,8.091924386788055,0.4058002618471342,7.442766133435614,7.212853457770671,0.5262901434487637,7.442766133435614,7.212853457770671,0.5262901434487637,5,1.0,0.9521402664378993,0.9541570704499283,0.004174457008704785,0,0.0,0.30633240575238885,0.30009388503965745,0.014115019820073552,8.145056904356021,7.979181191404928,0.3753035509195898,25.47831903182705,25.366897171849526,0.5932903827863636,0.958229617692712,0.9540390851008445,0.022313419341675137,5,5,4000.0,4000.0,0.0,89.05392011542135,89.05392011542135,0.0,200.15184341259442,200.15184341259442,0.0,26.58894962271716,26.588949622717163,3.972054645195637e-15
front,log-0099,40.0,oracle-power,full_log,7.830155827922337,6.92007005313081,2.052597836479656,0.15790588587384974,0.1397028186599081,0.04195282381704837,0.5257058412705435,0.46510354826257766,0.13967081984540977,10.325512816029516,9.135208839908204,2.7433076201961852,7.923851438354559,6.983674893891402,2.179971670351201,0.5624982072254918,0.4664500899342745,0.21490614216007556,11.048160381218654,9.161656583488188,4.221022387261911,11.777999313804733,11.395502531979718,2.617161355066868,11.777999313804733,11.395502531979718,2.617161355066868,5,1.0,0.8795753765020089,0.88550260480758,0.016003737998049748,0,0.0,0.5257058412705435,0.46510354826257766,0.13967081984540977,10.325512816029516,9.135208839908204,2.7433076201961852,19.216913276637186,17.296062079483118,4.887610954950586,0.9783963025094898,0.8805994460678637,0.24884436004830363,5,5,4000.0,4000.0,0.0,65.39029725768751,65.39029725768751,0.0,185.2820851030399,185.2820851030399,0.0,19.641236610714596,19.641236610714596,0.0
front,log103,40.0,oracle-power,full_log,4.757978846315798,4.726841071109104,0.5631730519749026,0.09492371017741526,0.09124973944681647,0.005953624597785188,0.31741564084269125,0.305130240580621,0.019908340745539255,7.230791766192445,6.950927891735858,0.45351598288989436,5.268231162502569,5.045907472421547,0.8942607721974257,0.33743545223538135,0.31723283453155454,0.03507991932681171,7.686847072713181,7.226627401872319,0.7991275765541594,7.613924756591099,7.4492997548165985,0.7237790341400853,7.613924756591099,7.4492997548165985,0.7237790341400853,5,1.0,0.9514058945541969,0.9525499689256107,0.0046479790599261986,0,0.0,0.31741564084269125,0.305130240580621,0.019908340745539255,7.230791766192445,6.950927891735858,0.45351598288989436,22.852857719236802,23.090116694920276,1.4691706493879735,1.0031895140382519,1.013604654212024,0.06449331667427038,5,5,4000.0,4000.0,0.0,76.17476974591364,76.17476974591364,0.0,161.83235720034813,161.83235720034813,0.0,22.780199951696677,22.780199951696677,0.0
front,log104,40.0,oracle-power,full_log,5.263284081862247,5.3667996828182964,0.7708029470497402,0.10317750000655024,0.10304209642160644,0.00536944383500381,0.3460577872976197,0.3456036430801804,0.018009138159407793,7.425502714389275,7.415757957175014,0.3864294033975461,5.358139739209479,5.410642002857543,0.8074062820259591,0.36714163408224876,0.36458501091923456,0.033333161115933374,7.877907391514445,7.82304888830063,0.7152431976127381,8.07873647965787,7.885000293824175,0.4246104580035713,8.07873647965787,7.885000293824175,0.4246104580035713,5,1.0,0.9442917437413472,0.9444892083439144,0.0013267475680831984,0,0.0,0.3460577872976197,0.3456036430801804,0.018009138159407793,7.425502714389275,7.415757957175014,0.3864294033975461,22.334403925440228,22.567514027973594,1.1416675433540624,1.0408715342695556,1.051735386776551,0.05320622173055265,5,5,4000.0,4000.0,0.0,71.96823642671964,71.96823642671964,0.0,167.6308323463045,167.6308323463045,0.0,21.457406788546354,21.457406788546354,0.0
front,log106,40.0,oracle-power,full_log,2.9554902974683825,2.8706139398872503,0.15526956456413812,0.056500403944600465,0.05657118110109266,0.0018112575249561007,0.19752058251823026,0.19776801340727365,0.006332001480390246,4.656474650695377,4.662307742355701,0.14927459207387395,2.9028812944377167,2.790573762338199,0.20115081584235697,0.20466711802998075,0.20038199728645814,0.01048426480342211,4.8249515811828045,4.723931445139311,0.24716266358624656,5.5110733263562155,5.376046403609097,0.49235765435152107,5.282140649816935,5.2930202760317036,0.2578493707837077,5,1.0,0.9821094722871754,0.9815764393413315,0.0011711563427820415,0,0.0,0.19752058251823026,0.19776801340727365,0.006332001480390246,4.656474650695377,4.662307742355701,0.14927459207387395,22.321466570686766,21.90273705056133,1.3031480286586306,0.9468427105138095,0.9290808402284416,0.05527756017950129,5,5,4000.0,4000.0,0.0,82.41489132115096,82.41489132115096,0.0,139.2265583706526,139.2265583706526,0.0,23.57463000224599,23.57463000224599,0.0
front,log107,40.0,oracle-power,full_log,2.366707651112005,2.314496884163512,0.13095713360559408,0.04616680542375065,0.045433022788660675,0.0019571775183654847,0.16531750078963864,0.16268991782732467,0.007008405562568873,3.6678815422760414,3.6095836427660926,0.1554947375864411,2.3523097708218095,2.3088828232033705,0.10548994275046795,0.16653890895185405,0.16274114986007024,0.009476577452372506,3.6949807933074004,3.6107203223455877,0.2102558008406873,5.204192357226473,4.969073486811378,0.8375226685931899,4.345102578614648,4.324943590750978,0.11664887836015897,5,1.0,0.9865694716675399,0.9866886406142024,0.0005831444497548229,0,0.0,0.16531750078963864,0.16268991782732467,0.007008405562568873,3.6678815422760414,3.6095836427660926,0.1554947375864411,22.14713411207908,21.868799310141654,0.5769589693984781,0.9982080443061154,0.9856630334302948,0.026004497086330285,5,5,4000.0,4000.0,0.0,79.44845887883525,79.44845887883525,0.0,143.2959687942977,143.2959687942977,0.0,22.186892039599044,22.186892039599044,0.0
front,log109,40.0,oracle-power,full_log,2.9047039577942178,2.8671026659922836,0.2129761601368819,0.0552036411116939,0.05413208425048324,0.0029534974684507684,0.19583589108469446,0.1920345242085763,0.010477584393032395,4.458510978818735,4.371966904298907,0.23853862940594397,3.0073818827163166,2.8788244088157398,0.334151733399506,0.20413952080216985,0.19732667455011105,0.020737951881719636,4.647556122966487,4.492451000797274,0.4721319755574054,6.565820267918156,6.473440238962546,0.6592174023701177,6.565820267918156,6.473440238962546,0.6592174023701177,5,1.0,0.9819381883860409,0.9822396361188854,0.000973917353746638,0,0.0,0.19583589108469446,0.1920345242085763,0.010477584393032395,4.458510978818735,4.371966904298907,0.23853862940594397,22.60429573673767,22.119952737129303,1.27302995619858,0.9928723780150535,0.9715980684149302,0.05591664056319335,5,5,4000.0,4000.0,0.0,80.76479900660537,80.76479900660537,0.0,163.14952995471293,163.14952995471293,0.0,22.766567221789458,22.766567221789458,0.0
front,log110,40.0,oracle-power,full_log,3.636315674686668,3.5153293228734275,0.21001023398709442,0.07660652142417905,0.07667376163528758,0.003583580898960632,0.27737841840173083,0.2776218830972103,0.012975501086446899,6.152228323578214,6.157628348583588,0.2877954447812959,3.508481096304217,3.455016469460184,0.16123473493548754,0.28404815999213373,0.2833514963021109,0.013264244831215499,6.300162590994776,6.284710653131463,0.29419975501947976,9.96956046899948,9.803417279412278,0.6179507142848217,7.299762223343237,7.317608814654417,0.45751988887531975,5,1.0,0.9625166811403778,0.9620821228017925,0.0030884107428491496,0,0.0,0.27737841840173083,0.2776218830972103,0.012975501086446899,6.152228323578214,6.157628348583588,0.2877954447812959,20.07108482575152,20.110870021098883,0.39529179021695743,0.9049218383585496,0.9067155875467847,0.017822064756172325,5,5,4000.0,4000.0,0.0,80.30945941942232,80.30945941942232,0.0,153.5219790158836,153.5219790158836,0.0,22.179909882779203,22.179909882779203,0.0
front,log112,40.0,oracle-power,full_log,3.78337431551691,3.7582555078457967,0.06794343111735329,0.07207898058670084,0.0719177031785327,0.000762958241420183,0.24530667653854712,0.244757800504557,0.0025965787670283965,5.6342627055293555,5.62165598885981,0.05963884520174712,3.726717048289281,3.705078416283119,0.043400056474474494,0.24841792856135164,0.24632143586590718,0.004210406257467259,5.705722689770085,5.6575699416548035,0.09670562288119146,6.330861604611796,6.334546879294325,0.12637006171375983,6.330861604611796,6.334546879294325,0.12637006171375983,5,1.0,0.9700769760882094,0.970196138157592,0.0002045950560667058,0,0.0,0.24530667653854712,0.244757800504557,0.0025965787670283965,5.6342627055293555,5.62165598885981,0.05963884520174712,21.581077724026727,21.622596449358973,0.44452232302615513,0.9396051851479446,0.94141284323165,0.019353782279574332,5,5,4000.0,4000.0,0.0,78.16790220488943,78.16790220488943,0.0,168.2475820465773,168.2475820465773,0.0,22.968240347278098,22.968240347278098,0.0
front,log-0046,40.0,oracle-power,training_window,1.6544251122405549,1.6244882983103124,0.44326620510331793,0.040483828654618685,0.04349325611742664,0.006409975934239661,0.13465155125039702,0.1464742136678006,0.01983629174800983,2.3856367059905113,2.224833772879313,0.6680823463125556,1.6544251135380357,1.6244882983029478,0.4432662049577309,0.13465155125039702,0.1464742136678006,0.019836291748009837,2.3856367059905113,2.2248337728793124,0.6680823463125557,3.0780867790188533,2.6207720278785165,1.0914799534122561,3.0084520970909963,2.7010489258976547,0.830517593773897,5,1.0,0.9907313793552053,0.9892144887386154,0.0026246262934698753,0,0.0,0.15660877380385804,0.1464953216824946,0.05757264006676981,2.617110182894317,2.576169157977027,0.4420185125992191,17.72567323542831,19.062670237259443,4.501998478440864,0.9907313784966929,0.9892144881406445,0.0026246270076870195,5,5,3903.6,3904.0,1.5165750888103102,59.97414711541252,64.65186393631711,16.511309375822492,116.54916659085902,112.6189302005613,31.702825399393603,17.88837316856256,19.182441506715396,4.537113534988662
front,log-0048,40.0,oracle-power,training_window,1.72391761106805,1.8163290397500147,0.3910027691705718,0.04087378485942344,0.04428265603126105,0.007511784532977536,0.1358042569234284,0.14290164402244246,0.02533884758594666,2.579271257126176,2.4391483947281087,0.6119978813427037,1.7239174493074283,1.816329039719124,0.39100303861125485,0.13580425692386483,0.14290164402244257,0.025338847586110762,2.5792712571314413,2.4391483947281083,0.611997881333573,3.160983686200365,3.3091619186191648,0.4368121208627377,3.097390017799081,3.0811908130965375,0.4776364476847462,5,1.0,0.990471717651656,0.9897368943995586,0.0034158778480754414,0,0.0,0.14949391020973737,0.1465683302004701,0.036600939974137305,2.82330509234435,2.730608945356848,0.7297939772193422,19.161146176565342,19.350834672813594,4.699312922199815,0.9904712447822153,0.989736889324435,0.0034160177287461614,5,5,3903.8,3904.0,0.8366600265340756,64.33114558593418,65.56690128949359,15.772611262194692,119.78928836003566,114.89574289420612,19.787122660596044,19.339442447142552,19.503954664475486,4.71098884690965
front,log-0049,40.0,oracle-power,training_window,1.3974548336318038,1.3286597977079855,0.2974412613520913,0.032096729252920134,0.03302322534581808,0.004112568791073143,0.10564392115736701,0.1086016995442535,0.009328255990875733,2.1895430374151976,1.978975323720554,0.4309592558399494,1.3974548351660334,1.328659797629901,0.29744126033563384,0.10564392115736702,0.1086016995442535,0.009328255990875734,2.189543037415198,1.978975323720554,0.4309592558399492,2.40091355857283,2.4142351566237124,0.20259195237283864,2.3272384983005425,2.3317734239482464,0.11431600646694298,5,1.0,0.994368665067207,0.9940853438493602,0.0009399249251295187,0,0.0,0.11944314140218322,0.11999997667083215,0.009065508801058882,2.4587881855763456,2.3394838021490134,0.3023132670868308,20.67602131693098,18.745424344532754,3.9411305278167097,0.9943686649212629,0.9940853439059039,0.0009399249489172312,5,5,3905.0,3905.0,1.224744871391589,68.28302489265994,63.13325304255925,9.476125536227062,113.96016143761638,113.38702968087262,7.790886966433094,20.792385219942766,18.865568741393446,3.959681448023202
front,log-0054,40.0,oracle-power,training_window,1.8162350218347492,1.8839761774568473,0.29695092231429,0.042726410066446875,0.04216079637626387,0.007495227168825812,0.1394928085293552,0.13424410891513763,0.022632296283008585,2.3812037048296935,2.3687052925608243,0.36799318583992097,1.8162350912986374,1.8839761773100985,0.296950928811786,0.13949280852936502,0.13424410891513774,0.022632296283011367,2.3812037048298507,2.3687052925608243,0.3679931858398885,2.4832744090323056,2.5784448563872613,0.36823404358188944,2.565300879052218,2.5784448563872613,0.2924591530996666,5,1.0,0.9900119182219406,0.9909482929101703,0.0032367960765276507,0,0.0,0.16189332644612225,0.1641281808071867,0.02412141437663096,2.746927716387868,2.7496499819085156,0.17645405120499152,17.130972328018064,17.097128899745297,3.050190864187137,0.990011910060274,0.9909482912873413,0.003236796663531676,5,5,3903.8,3904.0,1.0954451150103321,56.817726333646725,56.4712436808022,11.786586920901161,111.44481816147825,112.48590843780602,22.7976959359658,17.298885950393625,17.20070830536059,3.049622957049791
front,log-0055,40.0,oracle-power,training_window,2.096769503025529,2.2657150840122866,0.297966181340212,0.03805569639774169,0.037152198755209434,0.0027351405034913563,0.12874809753950694,0.12494863435525712,0.008814111951343689,2.8729072337281094,3.1287236934410667,0.38025294602649806,2.096769503028459,2.2657150840108393,0.2979661813376506,0.12874809753950694,0.12494863435525712,0.00881411195134369,2.872907233728109,3.1287236934410663,0.380252946026498,3.0443804509362105,3.3215304541060933,0.4252031490025516,2.884886053845734,2.9848746132362396,0.17368075228621144,5,1.0,0.9916454205805071,0.99216321176143,0.0011918295149290754,0,0.0,0.1293152042423543,0.12603878444040367,0.008847037356880763,2.885241252815102,3.1297359234317836,0.379160581294427,22.30086701059903,24.447971795685326,3.9075130007778975,0.9916454206156399,0.992163211855781,0.0011918293808628208,5,5,3903.8,3904.0,0.44721359549995787,76.13486392639552,83.56968561579794,13.586744662798111,128.41864963040567,133.2539275936189,9.817524804915424,22.485738113430823,24.650429560846547,3.921805550338685
front,log-0056,40.0,oracle-power,training_window,1.707789884764411,1.9240919488981856,0.40212158742670073,0.032371377172459054,0.033348475387272564,0.003876795370167301,0.11235348505030737,0.11446688757359559,0.010828255273871691,2.5124960130961136,2.7661049808541875,0.47227466701488086,1.707789908841783,1.9240919489139072,0.40212156715749947,0.11235348505030858,0.11446688757359559,0.010828255273870687,2.5124960130961407,2.7661049808541875,0.4722746670148729,3.3920066162842843,3.1860729951322346,0.5752295610156479,2.6952211249696933,2.878187720821134,0.4090976580605786,5,1.0,0.9936205063412016,0.9934270640813112,0.001215979791790254,0,0.0,0.12719702784710749,0.12732244125351916,0.004031432281384323,2.822006204128697,2.9334709645518426,0.30486146863479774,22.075268411598426,22.740410919008873,2.5983566526396396,0.9936205042763566,0.9934270642055882,0.0012159779450691141,5,5,3903.2,3903.0,0.4472135954999579,77.16601417937677,80.14552084816435,8.05217007255175,135.96419387503644,135.3540904344057,8.79978136977502,22.218763157426913,22.867001074328385,2.6306553590799817
front,log-0058,40.0,oracle-power,training_window,2.475229804654755,2.5683336205704324,0.2793412701338594,0.045794011192345586,0.047179785228016094,0.004704990185160173,0.1553064563938471,0.1578180800229016,0.016236402003760704,3.363654831915189,3.4321353915982478,0.2683306908792911,2.4752298074309538,2.5683336186469723,0.27934126716723456,0.15530645639384716,0.15781808002290162,0.016236402003760673,3.36365483191519,3.432135391598248,0.2683306908792908,5.455570462470837,6.014386541141784,1.1638078770543006,3.9857048512665436,4.1063451740444625,0.24856845185784412,5,1.0,0.987757204890643,0.9874682038515904,0.002426980888920867,0,0.0,0.16105950575905664,0.15928133703327654,0.019239890724056713,3.486660737870602,3.676364374046751,0.315434759584128,21.495296609604054,21.288769200734148,1.7449037401432184,0.9877572030168025,0.9874682010698406,0.0024269801407872686,5,5,3904.0,3904.0,0.7071067811865476,73.80605949301571,77.06656048250208,6.160778736712032,141.99289124588947,136.96458072441416,8.460480962202874,21.75933539725667,21.580596750517504,1.7272186627717299
front,log-0063,40.0,oracle-power,training_window,1.7626325575122315,1.7323171947239036,0.1641832887834555,0.033815164054301586,0.03230356696182397,0.00480242379042748,0.10932144810551048,0.11350675203427917,0.01647488301147081,2.6760148495304614,2.6886947265411054,0.09288209831364574,1.7626325602178903,1.7323171951876666,0.16418328600350726,0.10932144810551048,0.11350675203427917,0.016474883011470827,2.6760148495304614,2.6886947265411054,0.09288209831364537,3.4275187436181414,3.4171136182829516,0.394060344274614,3.221837091938169,3.389625614557838,0.43591492793880426,5,1.0,0.9938958710972667,0.993537224890255,0.0018306364080780562,0,0.0,0.11150951891374314,0.11512938192774301,0.01698535733856962,2.7290256466454323,2.7434903741170444,0.10955653586692261,24.87515486657902,23.534443977546534,4.526303462730667,0.9938958706003582,0.9935372247560993,0.0018306371409948668,5,5,3903.0,3903.0,1.0,80.52764272493748,83.23213129121554,12.289813357142917,132.51781861125284,132.06985174660383,20.317872317846987,25.021327607123965,23.687531167565403,4.508934239509705
front,log-0071_183,40.0,oracle-power,training_window,1.586872581486181,1.7296595686954013,0.3747419786593995,0.03281411626472127,0.03443191215547072,0.008226149302757804,0.10852514700831675,0.11181480066581581,0.028179121333784016,2.366712857326582,2.445909808562284,0.5559823287027698,1.5868725817629719,1.7296595686741483,0.3747419784987859,0.10852514700831675,0.11181480066581581,0.028179121333784026,2.366712857326582,2.445909808562284,0.5559823287027699,3.3617896684040134,3.1416046793302788,1.3246024976371489,2.545032166463911,2.605384604641631,0.7975540320128637,5,1.0,0.9937703715795825,0.9937290628496603,0.003059970197275715,0,0.0,0.11200162504878224,0.11521004579828761,0.02711658026873253,2.4397277022163975,2.5201796129400242,0.5143274172892832,21.868027661386883,21.737477034976877,1.6727575357278455,0.9937703714600381,0.9937290627541121,0.003059970232122842,5,5,3903.4,3903.0,0.5477225575051661,72.66390679748858,72.15140550765997,5.414828076890938,133.61937567393707,134.77011429259983,12.145060057596265,22.00308635725205,21.87465160245151,1.6439060634595388
front,log-0072_184,40.0,oracle-power,training_window,1.7358318357509475,1.7096793221639497,0.06146368070407674,0.03467147359899455,0.033857467371575925,0.0028461376865146063,0.1171032439793521,0.11470954137202627,0.007448924582630794,2.53509672284713,2.5519166779284674,0.06003956786114826,1.735831838831955,1.7096793221087792,0.061463678829427,0.11710324397935398,0.11470954137202627,0.007448924582628828,2.5350967228471735,2.551916677928684,0.06003956786116344,3.533378173416165,2.835973076707735,1.5173762164461608,2.736302886298962,2.763279400999605,0.09555214544593475,5,1.0,0.9930970685286182,0.9933990744500523,0.0009038441700948157,0,0.0,0.11996044768196867,0.11785418016870568,0.006336955418908801,2.599096661825328,2.6357217612533104,0.09842171283760945,21.58292069175946,22.27187527020971,1.672129391880907,0.9930970661833916,0.9933990742752888,0.0009038418043521715,5,5,3904.0,3904.0,1.224744871391589,73.56105153946086,75.95880252783559,6.80680382692379,137.00571465391454,141.31694139341133,12.053650205844066,21.73174539653133,22.419867148011626,1.6658791339290326
front,log-0073_185,40.0,oracle-power,training_window,1.3499859852828793,1.3768685183126248,0.15509897267841688,0.03542773135518025,0.03397009606495661,0.006179801174053398,0.11789552900731035,0.109205678592609,0.021523165098094887,1.9820138464125674,1.929447243366578,0.3199545400604402,1.3499859910792245,1.376868520276244,0.1550989764845106,0.11789552900731037,0.10920567859260902,0.021523165098094852,1.9820138464125683,1.929447243366578,0.3199545400604415,2.683710411536114,2.5181587182895546,0.7304835745535969,2.378584283254179,2.278578508467167,0.5360998378815816,5,1.0,0.9928364803395364,0.994019174746205,0.002685665284373394,0,0.0,0.1195108646592689,0.11269531012912115,0.021216065197712672,2.0095365035719417,1.940481061691861,0.32161972773958153,17.109288320375434,14.645175743514082,4.2307175041994665,0.9928364793940139,0.994019173432607,0.002685665034465423,5,5,3904.0,3904.0,0.7071067811865476,57.5074020758138,49.538625027712136,15.60393999296809,112.38823035196444,105.56917913866877,22.58360937271148,17.22676321754408,14.771252397327672,4.227266949844002
front,log-0078-valid,40.0,oracle-power,training_window,5.012697894648202,5.196208459651107,0.4578028400596801,0.06838579374253664,0.06561375717299703,0.00796831137781009,0.22370227025099032,0.2154769710556285,0.01911692732395961,6.405733220190848,6.569695856813442,0.4570149744167963,5.012697894608182,5.196208459654863,0.45780283988358844,0.22370227025099032,0.2154769710556285,0.01911692732395961,6.405733220190848,6.569695856813442,0.4570149744167963,5.736478462257616,5.888859222244551,0.4694835069032895,5.992023883990556,5.888859222244551,0.43066176730180045,5,1.0,0.9744993794406082,0.9765089221019402,0.004456487711117625,0,0.0,0.23325738288885303,0.21651623039625115,0.023498983183230567,6.672892552692046,6.605417302154485,0.49388505321037174,27.95814000893414,27.102057705152934,1.4939326575293932,0.9744993791942613,0.976508920895864,0.004456487600131992,5,5,3903.4,3904.0,0.8944271909999159,94.14391040004776,94.21458374232947,6.283534842161938,179.31565348383316,182.4568015683726,8.996013007036648,28.686937352575256,27.92723412066734,1.4591070076126726
front,log-0079,40.0,oracle-power,training_window,4.645979411290123,4.712585077263035,0.8902540790006181,0.0752143891087624,0.08185339198818524,0.019500142868845095,0.24636051708225332,0.26926979259190553,0.05916558532577519,5.992565905068182,6.278009073326845,1.1148675453123327,4.645979411747306,4.712585077710656,0.8902540793131044,0.24636051708225332,0.26926979259190553,0.0591655853257752,5.992565905068182,6.278009073326845,1.1148675453123331,5.943386200979502,5.958393724923467,1.332774979873722,6.072997242085416,6.165307007867693,1.28858972097942,5,1.0,0.9676490297696363,0.9630647843200961,0.01420376795489091,0,0.0,0.2762035294067794,0.2753568700900106,0.05235513041174282,6.707913568764759,6.419928920314896,0.6398296270226803,23.91628409299501,22.45379771214139,3.1180270251889426,0.967649029473671,0.9630647841107607,0.014203768086180943,5,5,3903.2,3903.0,0.4472135954999579,81.26017147994276,78.11566719976007,10.71308763903035,159.54284870605667,151.26944770100658,16.434563359437647,24.692116866944097,23.314940056575686,2.951879416255427
front,log-0080-valid,40.0,oracle-power,training_window,4.546686583816053,4.040243580717435,1.5648504892043307,0.06544784975381625,0.06204224627003668,0.026212353779998067,0.21565624815474288,0.19525249933785901,0.0915286738429507,5.861027654085321,5.6400384668890675,1.7345818070841585,4.546686582749308,4.040243576082592,1.5648504895152,0.21565624815474288,0.19525249933785901,0.0915286738429507,5.861027654085321,5.6400384668890675,1.7345818070841585,5.691417962573032,5.271946420693484,1.8036663367494814,5.812070107848706,5.271946420693484,1.9612408992564567,5,1.0,0.9728216291766527,0.9807530073888728,0.022595960079821252,0,0.0,0.262330857677581,0.2046107405960994,0.11865997602708223,7.139906188383302,6.123918703079953,2.3114682615280104,27.721870170553338,28.32990461858763,4.490755888034106,0.9728216291041673,0.9807530064300158,0.022595959951900314,5,5,3904.0,3904.0,1.224744871391589,93.13752062638589,90.90641951197253,12.989708827657623,177.8958639918589,179.30905361918406,16.48628502934217,28.431216976268153,28.885870787905848,4.040445881855291
front,log-0081,40.0,oracle-power,training_window,5.154219376846993,4.25590190261332,1.6445283389305123,0.10460343100012408,0.10221941656126167,0.03046130281168942,0.3400020604907432,0.3261973195799406,0.0925415163933487,6.38057758478543,5.337613440839858,1.8475058392689843,5.1542196598921715,4.255901902606969,1.6445285220747992,0.3400020604910611,0.3261973195799406,0.09254151639401247,6.380577584790055,5.337613440839858,1.847505839271542,6.5768793902155975,5.409435350859147,1.938487606545438,6.497891668989555,5.743976609360793,1.6738150970366663,5,1.0,0.9361286328592614,0.9453017024732693,0.03890108930318794,0,0.0,0.4957935498813222,0.40175934507331684,0.24339935099321122,8.900973142076433,9.856450748416425,3.1611377266425777,18.01366484636283,18.696994872161316,4.990533671402044,0.9361291194233285,0.9453017024815594,0.0389000409963493,5,5,3903.2,3903.0,0.44721359549995787,62.84120184002099,63.76479059733938,17.799633787221975,141.56058258332268,144.61966487925525,18.327032088458047,19.174237428171885,19.443963966314342,5.02584507164397
front,log-0098,40.0,oracle-power,training_window,5.764972580342658,5.461562222628052,0.7550707713986065,0.08471514084026392,0.08913369840574853,0.00971813761458317,0.28727454699078253,0.30232933324521527,0.031503954683368335,7.650376501724753,7.350422681322367,1.0699534796544943,5.764972581484204,5.461562228064509,0.7550707709161547,0.28727454699078253,0.30232933324521527,0.03150395468336835,7.650376501724753,7.350422681322367,1.0699534796544945,7.012551684195498,6.70004271309818,0.6288248078363222,7.404084310231023,7.114087578956139,0.7747475132519935,5,1.0,0.9573975557716652,0.9532035324417886,0.009304268182466399,0,0.0,0.2916321552578428,0.3030098590247098,0.03292975869509888,7.762309148623848,7.536004036582796,1.0642688880267421,25.51216994523225,25.679438046816763,2.3211675332855677,0.9573975556034544,0.953203532316893,0.00930426807267019,5,5,4000.0,4000.0,0.0,90.20842760872719,90.60093633326122,4.986825609118689,166.20572411756086,152.3357110024309,21.529002031186415,26.64571845164117,26.54553099860173,2.4059456876979417
front,log-0099,40.0,oracle-power,training_window,4.863576402409511,5.2128607355023435,1.5896358923202834,0.11791097211013699,0.12971900492653335,0.031279390468018156,0.38979913600377736,0.4337867319903792,0.09893876733929399,6.424601186322446,7.057136949303771,1.8787738405209309,4.863576402571255,5.2128607355018115,1.5896358922907678,0.38979913600377736,0.4337867319903792,0.09893876733929398,6.424601186322448,7.05713694930377,1.8787738405209309,7.346251394226225,7.963429912036794,2.3899258121141322,7.691826493424079,8.528316103183874,2.460633650144037,5,1.0,0.9161266780506614,0.9010155776395362,0.034231556867775216,0,0.0,0.4866611581305416,0.44398519808831743,0.10582832003604414,8.030645376747454,7.966751987801392,2.0269236805062807,15.108700096886349,16.048128123405483,2.0239391459709353,0.9161266779388445,0.901015577386224,0.03423155688274939,5,5,4000.0,4000.0,0.0,54.69921997250633,57.09863432978426,6.859531794764642,118.43785251368922,112.53180825302815,9.294701036804137,16.49109813812214,16.762282016321304,2.148516324621836
front,log103,40.0,oracle-power,training_window,3.425024565634499,3.111737155041312,1.4136856240338465,0.07527980507064927,0.06966809325800634,0.02406339571670229,0.2466418868645989,0.22931658920530887,0.08056960319146991,5.56327604929875,5.240936759939836,2.1640796447356223,3.425024562932286,3.1117371563144736,1.4136856221539862,0.2466418868645989,0.22931658920530887,0.08056960319146991,5.56327604929875,5.240936759939836,2.164079644735622,5.910690345865646,6.533327061436017,2.06998819460718,6.145002829381356,6.672995270432443,2.4759487083388545,5,1.0,0.9662426480447044,0.9733518900763706,0.020909207800720316,0,0.0,0.2747592521605594,0.24404047597290546,0.06838752610378286,6.21181312061136,5.577445163788458,2.018545747987349,21.538435728289254,22.24555891386458,2.191271305792472,0.9662426456634565,0.9733518889382176,0.02090920844805945,5,5,4000.0,4000.0,0.0,73.71909720717592,77.61229259793689,12.267422896304971,128.19037267200918,136.0187539116745,19.580723715107297,22.30963312539675,22.854590581964334,2.429623056006621
front,log104,40.0,oracle-power,training_window,5.372465215513353,5.613462908832116,1.3038887266262569,0.10164103138419452,0.10239270686130898,0.0091502844676334,0.3441310913608304,0.32994071717312184,0.03397509152343045,8.63620845078856,8.841878855460108,1.4933032457371107,5.372466824191307,5.613465908298615,1.3038905312247209,0.3441310913635133,0.32994071718153606,0.0339750915241565,8.636208450860124,8.841878855685595,1.493303245781086,9.568182170042055,8.965766441564474,1.9357292768408723,9.460031764000295,9.450607931834295,0.42324404508068714,5,1.0,0.9383614981110584,0.9440016542117469,0.012651351072477602,0,0.0,0.35847586871557174,0.3598334536385055,0.03657441332207648,9.01743391592233,9.642955960309925,1.6833411611416211,23.495537445117236,24.424468947084023,2.9459967891603047,0.9383620353331839,0.9440034505680317,0.01265125363112166,5,5,4000.0,4000.0,0.0,85.24590064420451,91.37279367088125,14.114071485076003,146.16928623526397,143.59899356172718,11.999069447100522,25.046109760062876,26.503586098598664,3.1707876087525477
front,log106,40.0,oracle-power,training_window,2.1239155806295478,2.024267338010893,0.29221797936228183,0.044421026041810655,0.04311093244688277,0.0030443317945965825,0.15166645206657028,0.14647888488292848,0.013329809155450486,3.3556074852736133,3.1295861588097322,0.5850282456155803,2.123915555754376,2.0242673336673938,0.2922179963406025,0.15166645206658858,0.14647888488292854,0.013329809155444442,3.3556074852739997,3.129586158811611,0.5850282456153939,4.634628304101611,4.9209683001802,0.49930851920383507,4.146866853000226,3.942290455534614,0.5641609896101077,5,1.0,0.988357929994358,0.9892137970547388,0.002162893059574198,0,0.0,0.1629477697206692,0.16666842087550854,0.01340334421510018,3.5963788963186,3.495968208125919,0.5343394780669253,21.74902615837217,20.872359012370467,1.7176096376411703,0.9883579321891146,0.9892137934574552,0.0021628947538379732,5,5,4000.0,4000.0,0.0,75.15038586928236,71.227541401022,7.509287007075141,133.54468575253793,137.34910776770286,6.020876212998297,22.00813454663967,21.10567878701436,1.7875279003291733
front,log107,40.0,oracle-power,training_window,2.0865245238605814,2.065379698758542,0.11633002834603214,0.04460164855695192,0.04387131548821425,0.0034697611401405645,0.15324025358570742,0.14953193545367116,0.010451881354586376,3.1741724733194725,3.1059155024978424,0.26899144868669234,2.08652452424866,2.0653796991478712,0.11633002776349027,0.15324025358570742,0.14953193545367116,0.010451881354586372,3.1741724733194725,3.1059155024978424,0.2689914486866922,4.666877296101873,4.66387926621574,0.4386119873903214,4.070406154132028,3.93837310268959,0.3409911613863038,5,1.0,0.9881436538255605,0.9887568964510332,0.0016395983420271693,0,0.0,0.1545405751698809,0.1495718023665906,0.0118373782188741,3.2034469305101196,3.1066547678946694,0.3292699041932163,20.49380191483555,20.293670202807817,1.499278944974419,0.9881436532036119,0.988756896121218,0.001639597982374408,5,5,4000.0,4000.0,0.0,71.48111906217366,69.86719686108742,7.902550747958948,133.84263706578358,131.78253781658498,8.917105181891307,20.73907390844567,20.515641462954317,1.5075878005888796
front,log109,40.0,oracle-power,training_window,2.2110889629103676,2.0515356526252764,0.41711980852460284,0.0471526988588625,0.0499254255504318,0.005866718706140982,0.1574586562314713,0.16735143585967785,0.019003441889752042,3.456605322392984,3.2080161598469346,0.674388977135465,2.21108909801639,2.0515356526271615,0.4171196899035265,0.1574586562318536,0.16735143585967785,0.019003441889247186,3.4566053224010345,3.2080161598469346,0.6743889771270627,5.140411649049218,4.632873490487914,1.0896442329197107,4.271175447712499,4.221550879244719,0.3333645300269377,5,1.0,0.9873757182643754,0.9858973054612249,0.0029702521402418343,0,0.0,0.17096711542695242,0.17093460162058574,0.030648575675749162,3.7204666200485734,4.095242874874388,0.6367406207232843,21.596925504219588,20.979333095874637,2.4843464628119887,0.9873751634501005,0.9858973053993766,0.002969532376644389,5,5,4000.0,4000.0,0.0,72.9563301798144,71.23170923517716,7.1470316219401635,143.78190886855873,140.4515396909818,12.343762137052648,21.87497802426503,21.181609948265535,2.5403156212972684
front,log110,40.0,oracle-power,training_window,2.3526293130938867,2.1366079138364666,0.4450766259918552,0.053984404558363105,0.051887299710244604,0.009333021863935037,0.1780299631016137,0.17031993737269457,0.031978053416327985,3.521758680930123,3.3475876813190606,0.5199640778512468,2.3526292059319744,2.1366076048094294,0.44507669773255326,0.17802996310164082,0.17031993737274026,0.03197805341631744,3.5217586809306582,3.3475876813208614,0.5199640778509853,9.586617381664599,10.030339875919239,4.403874097146252,4.193110702434517,4.1758541578705195,0.67895017693944,5,1.0,0.983592789496395,0.9853888161194865,0.006371809839190985,0,0.0,0.19139323985313772,0.18015948644518262,0.02765199624052399,3.785844312619628,3.612878758677083,0.4055511998083982,19.616702265803685,19.15908724248763,2.2998635156487284,0.9835927725110458,0.9853887780349908,0.006371804131378146,5,5,4000.0,4000.0,0.0,65.79765751195973,64.34116008314899,8.615437588581617,137.3206603086823,149.37604885105472,17.031414139067262,19.937982812642495,19.375217462716748,2.275531276113974
front,log112,40.0,oracle-power,training_window,3.118870122148434,2.88085382376857,0.40423407661704,0.06483811564953773,0.06206951462370586,0.010371762505664633,0.21697939143263065,0.2007266710240087,0.03684235019536611,4.642811926147671,4.3060184528268195,0.8983510825800904,3.1188696814633383,2.8808538243081308,0.40423366149108747,0.21697939143434047,0.2007266710240087,0.03684235019711265,4.642811926186793,4.3060184528268195,0.8983510826351171,5.101411101275422,5.135856943693445,0.6046948425605555,5.420494922636964,5.434259166336488,0.8042477134312375,5,1.0,0.9755903772744992,0.979647285271398,0.008475881189673785,0,0.0,0.221234901394506,0.20915845542024802,0.03513402255325361,4.733823535432029,4.48689834793613,0.8712186732215248,20.813941852136974,20.428807626782298,0.825207720705018,0.9755899381455109,0.9796472849877055,0.008476307249841091,5,5,4000.0,4000.0,0.0,71.34586993047752,69.48713940184939,3.742153805043455,133.75032861134486,135.17275145042143,5.979370454734737,21.337608773188045,20.947138588962492,0.9173175965690625
front,log-0046,5.0,oracle-power,full_log,2.1884030642970966,2.0733425260694567,0.4145409006929696,0.048905242909626896,0.044427967205079306,0.009900505980794408,0.16134495768125126,0.14657382444278763,0.032663097522000126,3.3184956060803565,3.014687284747455,0.6718049771463487,2.503863564007898,2.1919342456829902,0.8294484288876773,0.182352575164988,0.15398050196914567,0.05609129071847473,3.7505740999848376,3.1670256483387793,1.153669159939692,7.062329274830914,6.3203580058821265,4.427169799080925,4.530692082467953,3.6984605647687006,1.4023469365172454,5,1.0,0.9887210943513809,0.9892645148366118,0.003491569341669284,0,0.0,0.16134495768125126,0.14657382444278763,0.032663097522000126,3.3184956060803565,3.014687284747455,0.6718049771463487,20.968824275354997,20.579749566698528,1.314287723647094,1.0195023489360084,1.000585571620407,0.06390055082920412,5,5,488.0,488.0,0.0,67.85562055611663,67.85562055611663,0.0,165.8998005948889,165.8998005948889,0.0,20.567705701942586,20.567705701942586,0.0
front,log-0048,5.0,oracle-power,full_log,2.2356575459110966,2.1860863409833295,0.20954105010970914,0.04455154133624377,0.042888846453468285,0.003896644838822001,0.15426160874684713,0.14850445692270953,0.01349229866179218,3.4616569584345718,3.3324654840639436,0.3027694961000784,2.6393583120427864,2.3603865183834394,0.7051632573371575,0.17705397642997378,0.18593129614958862,0.022078144109692548,3.973121598473257,4.172330175573496,0.4954373405508811,4.88256912077669,4.104609376390044,2.126558111813741,4.88256912077669,4.104609376390044,2.126558111813741,5,1.0,0.989709045319452,0.9899739751752739,0.0011516926460389478,0,0.0,0.15426160874684713,0.14850445692270953,0.01349229866179218,3.4616569584345718,3.3324654840639436,0.3027694961000784,22.054445954152296,21.330549615815336,1.4781403468836525,0.9828109352714275,0.9505519867220281,0.06587027848276741,5,5,488.0,488.0,0.0,77.70004930488071,77.70004930488071,0.0,147.0280467770388,147.0280467770388,0.0,22.44017151484117,22.44017151484117,0.0
front,log-0049,5.0,oracle-power,full_log,2.973592410143673,2.57129365969269,1.0621637205288443,0.05503330761847323,0.04799815272787189,0.014600493731720206,0.18284674978851104,0.15947262852138577,0.0485097650800919,4.431213349624856,3.8647514446993587,1.1756135608573748,2.673758955970643,2.4591383302525984,0.8068629327843828,0.19358015026340253,0.16474408060085552,0.06209286932133761,4.691332753039033,3.9925028477375424,1.5047943251464424,6.298654813832075,4.161963945648934,4.901112879694172,4.949189539715638,4.017509650520665,1.9694237938217674,5,1.0,0.983712369545481,0.9876291988560157,0.010597443704426009,0,0.0,0.18284674978851104,0.15947262852138577,0.0485097650800919,4.431213349624856,3.8647514446993587,1.1756135608573748,22.979562162084182,22.646311206486054,1.2371001001564985,0.9482139363151763,0.9344628823064155,0.05104690626006695,5,5,488.0,488.0,0.0,80.51875384894029,80.51875384894029,0.0,128.6836164750667,128.6836164750667,0.0,24.23457542860456,24.23457542860456,0.0
front,log-0054,5.0,oracle-power,full_log,2.667807304568896,2.720071166828869,0.22149397252977404,0.06172294286909439,0.062069965010960654,0.0064821931930301386,0.20581557618526886,0.20697272389659446,0.021614917645732472,3.6924615023722054,3.7132214635754415,0.38778528215944297,2.984231098646908,2.8753116795461895,0.31283316178947396,0.23236318838333977,0.22195162408761296,0.021538311009507313,4.168742442027829,3.981952398951411,0.3864109106938305,6.328386118434583,5.034583230551035,2.853550067728499,4.390674863706684,4.425357755201687,0.4254507225395544,5,1.0,0.9813895369800762,0.9822130190271039,0.0028436434830614275,0,0.0,0.20581557618526886,0.20697272389659446,0.021614917645732472,3.6924615023722054,3.7132214635754415,0.38778528215944297,17.766080582964918,17.889765459165996,1.5544350455161817,0.9902706119989922,0.9971647323694752,0.08664327152224933,5,5,488.0,488.0,0.0,59.82316025020701,59.82316025020701,0.0,135.89296889344487,135.89296889344487,0.0,17.94063195221126,17.94063195221126,0.0
front,log-0055,5.0,oracle-power,full_log,2.745829797876554,2.745866544844098,0.12116032387555026,0.047993763069549736,0.045895809788655505,0.004296560103939009,0.16549580470079076,0.1582614799835747,0.014815730761021375,3.922690918045558,3.751218173357425,0.3511722403207786,2.827389795273818,2.7409482197451274,0.2508129162935997,0.16983733186727235,0.16281426141908312,0.018490461121737023,4.025596663705974,3.859131207293263,0.4382731274901361,4.949557062050596,3.930300035970936,2.121865891856154,4.011370289340316,3.9320394221013832,0.39260956081782533,5,1.0,0.9866930615500953,0.9878276094262801,0.002698616528779504,0,0.0,0.16549580470079076,0.1582614799835747,0.014815730761021375,3.922690918045558,3.751218173357425,0.3511722403207786,22.95625383239272,22.914820780346382,0.7161421823577424,0.9685095716897164,0.9667615378953449,0.030213577675532427,5,5,488.0,488.0,0.0,81.73334756770429,81.73334756770429,0.0,144.98409225186288,144.98409225186288,0.0,23.702660772202737,23.702660772202737,0.0
front,log-0056,5.0,oracle-power,full_log,2.683282116620687,2.6263954398680722,0.11028979934130627,0.04982966999884022,0.04856745020146755,0.0022931483340232336,0.17168924188690593,0.16734023535905615,0.007901093846534282,3.867249075355288,3.76928899766667,0.1779697873698597,2.6571782061864377,2.7086274405929864,0.08514313836557084,0.1791781265901801,0.16770450792099867,0.01625473256556385,4.0359339744548866,3.777494128709636,0.36613301330628373,4.421970611040683,4.353457688576167,0.41219531146333493,4.1280456104172165,4.0022513466355845,0.22536256648090477,5,1.0,0.9860435246561593,0.9862457161709351,0.0004993559046190131,0,0.0,0.17168924188690593,0.16734023535905615,0.007901093846534282,3.867249075355288,3.76928899766667,0.1779697873698597,21.40660741498768,21.58834255672316,0.5902288408346344,0.9503613878586812,0.9584296472598184,0.026203624397628387,5,5,488.0,488.0,0.0,77.60936557366922,77.60936557366922,0.0,148.7314640450589,148.7314640450589,0.0,22.524702380028554,22.524702380028554,0.0
front,log-0058,5.0,oracle-power,full_log,2.87481237347989,2.5826314782903412,0.6934720054931892,0.05243444891400417,0.045191852208294,0.014984826526680954,0.1800679951300118,0.15519579955356239,0.051460208430068974,4.212972787167668,3.631048814253789,1.203992178517474,3.0891965243621073,2.9373199067454787,0.49251466730070104,0.1920315768035485,0.17449375009239065,0.04563053641322445,4.492879519017915,4.082554593553937,1.0675978706486824,5.743648069990131,4.841247049336522,2.375237454456263,5.743648069990131,4.841247049336522,2.375237454456263,5,1.0,0.9830646093386586,0.9884466743674394,0.01085469577150648,0,0.0,0.1800679951300118,0.15519579955356239,0.051460208430068974,4.212972787167668,3.631048814253789,1.203992178517474,22.976454516345306,23.17506326911139,1.052792882469077,0.9820438699618752,0.9905326691382649,0.044997751756379496,5,5,487.8,488.0,0.4472135954999579,80.3474218652934,80.3474218652934,0.0,161.1697294857218,161.1697294857218,0.0,23.39656630333357,23.39656630333357,0.0
front,log-0063,5.0,oracle-power,full_log,3.875015104617578,2.9665196464026646,2.2972140029011237,0.0672446432889585,0.04721952915099646,0.04456519167904109,0.20807467716912606,0.1461110923282273,0.1378977925683977,5.712465363117895,4.0113221149630816,3.78583484744328,3.3840835913679355,2.9479758745428057,1.3763285926809936,0.21794197270140714,0.15473729924348703,0.14757965739587908,5.98336129684071,4.248145302142444,4.051639981589528,6.60772905879404,6.1775505663119175,3.3253394040019884,5.998763733136246,4.623056147271583,3.8849684766425443,5,1.0,0.9834130543508314,0.9906557353046916,0.014336407130413033,0,0.0,0.20807467716912606,0.1461110923282273,0.1378977925683977,5.712465363117895,4.0113221149630816,3.78583484744328,28.92772374047337,26.92933521459114,4.054861530889595,1.0536828489847312,0.9808922023987401,0.14769700127246935,5,5,488.0,488.0,0.0,84.9504894920883,84.9504894920883,0.0,153.67050225201805,153.67050225201805,0.0,27.453919144974673,27.453919144974673,0.0
front,log-0071_183,5.0,oracle-power,full_log,2.1596111623391234,2.0207395286633973,0.6204926599793223,0.04034792554601275,0.03664998954324131,0.011873149732540474,0.14142059883261382,0.128459230512445,0.041615719333334966,3.1969448372237057,2.9039409900008315,0.9407622380918255,2.2667168157059394,2.1164586708375883,0.6947014542702178,0.14546163646610002,0.12852309882711516,0.04005733439866955,3.2882962705088348,2.9053847929583387,0.9055334898584608,4.50594646426257,4.027670938645289,1.2366950517695512,3.357029050049344,3.012829989116962,1.0362173510329762,5,1.0,0.9897608801216385,0.9917422119851319,0.0064925145126322956,0,0.0,0.14142059883261382,0.128459230512445,0.041615719333334966,3.1969448372237057,2.9039409900008315,0.9407622380918255,22.069826109227144,22.028997137376834,0.8188266055835988,0.9762846040249513,0.9744784866401406,0.03622175382990696,5,5,488.0,488.0,0.0,79.23442888229562,79.23442888229562,0.0,152.4462174422029,152.4462174422029,0.0,22.605934804502045,22.605934804502045,0.0
front,log-0072_184,5.0,oracle-power,full_log,2.396234102677909,2.5041292876258936,0.34848996323834747,0.047155998157258516,0.05100051741010635,0.0074862796196997535,0.15572122181126685,0.16841681216509444,0.024721618770802967,3.340021865053378,3.612326107714264,0.530247234600247,2.7077338884646314,2.5766805980427314,0.6379152519240503,0.17190230438933335,0.17132382959706793,0.03446879520156972,3.6870854764375656,3.6746779289493343,0.7393117540191307,5.1807727200566065,4.437725225198836,2.3687131972971422,3.71021205497225,4.092729460028625,0.7298671962652493,5,1.0,0.9895299182536526,0.9893443141210715,0.0038698078091904697,0,0.0,0.15572122181126685,0.16841681216509444,0.024721618770802967,3.340021865053378,3.612326107714264,0.530247234600247,22.179638836231653,22.073673397007358,1.0844697627752762,1.0340772002267777,1.0291367931478825,0.05056103322067377,5,5,488.4,488.0,0.8944271909999159,70.82920509740632,70.82920509740632,0.0,152.19039707482895,152.19039707482895,0.0,21.448726295645585,21.448726295645585,0.0
front,log-0073_185,5.0,oracle-power,full_log,2.1479213044272023,1.7594677962427465,0.9625787394781935,0.04916729461534182,0.03893282753872973,0.023277216311100083,0.17384920692393188,0.13766145247296974,0.08230523210074786,3.367128612334683,2.6662406095421733,1.5940958653468873,2.073177159218459,1.7757332905167196,0.7791814895980373,0.1833098180372797,0.14438465304119397,0.09357348048097369,3.550362662886683,2.796456222257841,1.8123404130401866,10.217031782892828,4.684102770017575,13.5204424766969,4.742773905097368,3.2957202546083435,3.2885126088852927,5,1.0,0.9823303529713522,0.9910554793037838,0.019578342762421513,0,0.0,0.17384920692393188,0.13766145247296974,0.08230523210074786,3.367128612334683,2.6662406095421733,1.5940958653468873,18.660302809040125,18.59054354811518,0.27758846198528975,0.9634555782716834,0.9598538173698353,0.014332251459178845,5,5,488.0,488.0,0.0,68.4830971213134,68.4830971213134,0.0,149.90437255734173,149.90437255734173,0.0,19.368098778891632,19.368098778891632,0.0
front,log-0078-valid,5.0,oracle-power,full_log,10.405370794757967,6.028517022423795,9.986143290672533,0.2992502626364775,0.09062375986058349,0.47540566549196633,0.9606719231721337,0.29092606604029797,1.5261770229752314,26.663954280282063,8.074805911081965,42.35984562748275,9.868198477090454,6.512195088142804,7.912732174165638,0.994525692652458,0.31410131824848114,1.555034254524584,27.603583450100977,8.718047220011401,43.160793260205004,38.27297590699618,7.7018843427476185,68.76443058033819,38.27297590699618,7.7018843427476185,68.76443058033819,5,1.0,0.8947941141896782,0.9683965531452023,0.1583073094707001,0,0.0,0.9606719231721337,0.29092606604029797,1.5261770229752314,26.663954280282063,8.074805911081965,42.35984562748275,46.09813225310535,30.117030007570694,39.71756352389112,1.6608632350897363,1.0850823112534882,1.4309786062911087,5,5,488.0,488.0,0.0,89.10252591047124,89.10252591047124,0.0,191.14572150135155,191.14572150135155,0.0,27.75552572853157,27.75552572853157,0.0
front,log-0079,5.0,oracle-power,full_log,6.56091466677438,6.329432310147113,1.5316449194272022,0.08746163616986244,0.08106044439628611,0.022807298670934294,0.3025245454794368,0.2803832076697152,0.07888907601314327,8.92641767192806,8.273105958686392,2.32773456821428,7.421126669436428,7.065748459018115,1.375409289784899,0.34341154144766345,0.30647059579361685,0.07305892754846752,10.132846733029279,9.04285150774456,2.1557077324989504,9.619040580855243,7.921869927074767,3.2633255371483885,9.619040580855243,7.921869927074767,3.2633255371483885,5,1.0,0.9660878363195986,0.9675722761044858,0.008551004354703264,0,0.0,0.3025245454794368,0.2803832076697152,0.07888907601314327,8.92641767192806,8.273105958686392,2.32773456821428,32.46683556867937,32.736247499269396,3.355817499019839,1.100331066118356,1.109461685460178,0.11373175678252077,5,5,488.0,488.0,0.0,102.06094995286549,102.06094995286549,0.0,190.67881336638965,190.67881336638965,0.0,29.506424537491974,29.506424537491974,0.0
front,log-0080-valid,5.0,oracle-power,full_log,8.038049208944745,8.825946714382221,1.784906845330712,0.12737274959559347,0.1483974900105367,0.04279975218303226,0.42912206484932447,0.4999549553100137,0.14419346438021444,12.560407094441706,14.633686500791146,4.2205441326101605,9.938414492260955,8.593255752680372,4.585239439034654,0.5169615374147247,0.5549185657930878,0.2141551955067662,15.13146932767799,16.242471924794312,6.268324696608691,14.14260262540808,16.543140371620968,6.652492631371518,14.14260262540808,16.543140371620968,6.652492631371518,5,1.0,0.9442091059508689,0.9344309913011384,0.019015082218762275,0,0.0,0.42912206484932447,0.4999549553100137,0.14419346438021444,12.560407094441706,14.633686500791146,4.2205441326101605,35.262387356098124,37.10979586309309,4.619571059196666,1.2047275506270627,1.267843638121767,0.15782608451583535,5,5,488.0,488.0,0.0,98.61141519140322,98.61141519140322,0.0,209.41055645838256,209.41055645838256,0.0,29.270009918627654,29.270009918627654,0.0
front,log-0081,5.0,oracle-power,full_log,8.659923114185052,7.8051487849169465,1.7661614036954547,0.234581828279215,0.14238241332609666,0.19285965314109071,0.7729852299960813,0.46917318071743275,0.6355038855046703,15.927563126192942,9.6674362756343,13.094724013507788,12.846472259141468,10.79338392509331,5.393409905762392,0.952210039131377,0.6144918962083616,0.6696250668521275,19.620537261412544,12.661766470547308,13.797799892272845,31.87268419005843,11.027818467003863,48.288896288665455,31.87268419005843,11.027818467003863,48.288896288665455,5,1.0,0.8483297421246304,0.895642613482058,0.09246484442188238,0,0.0,0.7729852299960813,0.46917318071743275,0.6355038855046703,15.927563126192942,9.6674362756343,13.094724013507788,27.376651633293307,21.531914787182206,12.967856100757807,1.328624296863294,1.044971661525245,0.6293468216814608,5,5,487.8,488.0,0.4472135954999579,67.89768518316298,67.89768518316298,0.0,200.25954166451217,200.25954166451217,0.0,20.60526192237035,20.60526192237035,0.0
front,log-0098,5.0,oracle-power,full_log,6.508037470491205,6.3607646077433655,0.3720055212819941,0.10234688900372198,0.09866691324313653,0.012284012377039846,0.3427887075919752,0.33046342689980873,0.041142635284363,9.114391677399354,8.78667540998949,1.0939394569217535,8.554835458213482,8.426898421163308,1.053764758778228,0.4042929323533304,0.38203489351880454,0.053378118031602764,10.7497244111633,10.15790653789161,1.4192680912977367,8.800525909869624,9.3653179962079,1.6253171078823174,8.800525909869624,9.3653179962079,1.6253171078823174,5,1.0,0.9435304868023774,0.9478681736003105,0.011585563456312871,0,0.0,0.3427887075919752,0.33046342689980873,0.041142635284363,9.114391677399354,8.78667540998949,1.0939394569217535,25.76710212094946,26.40398982279661,2.5815872284801396,0.9690906367709413,0.9930437342375298,0.0970924863566056,5,5,500.0,500.0,0.0,89.05392011542135,89.05392011542135,0.0,200.15184341259442,200.15184341259442,0.0,26.58894962271716,26.588949622717163,3.972054645195637e-15
front,log-0099,5.0,oracle-power,full_log,8.490782840298802,8.073292715165813,1.643879231910033,0.1603482170454642,0.14829653091311712,0.036849218318515,0.5338369362967326,0.4937140380154387,0.12267971652287189,10.4852175773431,9.697154238692573,2.4095813395611203,10.211767420060513,11.237882638111303,2.4693753280068966,0.6720026359486801,0.682735793054694,0.199993953002476,13.19896277569193,13.409775253991121,3.928128551633766,10.42563257559129,9.150897610365474,3.398813633270683,10.42563257559129,9.150897610365474,3.398813633270683,5,1.0,0.8781438793737617,0.8834380393057105,0.012343376614517721,0,0.0,0.5338369362967326,0.4937140380154387,0.12267971652287189,10.4852175773431,9.697154238692573,2.4095813395611203,20.78456657655078,19.14870099084578,3.9372702492516822,1.0582106915413092,0.974923390536412,0.20045938691578316,5,5,500.0,500.0,0.0,65.39029725768751,65.39029725768751,0.0,185.2820851030399,185.2820851030399,0.0,19.641236610714596,19.641236610714596,0.0
front,log103,5.0,oracle-power,full_log,6.493463986767969,5.47064671849299,2.455341775952552,0.122478461213097,0.11867533730411294,0.023442373529845736,0.4095560443509888,0.3968387684404908,0.07838901369259925,9.329768581741476,9.040066493659438,1.7857174059336993,7.0901725351178895,6.396745941893679,2.1657897746661696,0.4690263390230413,0.43249854351074973,0.11619274124677391,10.684513785557154,9.852403299992464,2.6468938785372633,9.465253558200027,9.002923324089622,1.0706842110381238,9.465253558200027,9.002923324089622,1.0706842110381238,5,1.0,0.9352012061292545,0.9351174861078647,0.005046387537638949,0,0.0,0.4095560443509888,0.3968387684404908,0.07838901369259925,9.329768581741476,9.040066493659438,1.7857174059336993,24.716336224741656,24.617512431311603,3.920774654524521,1.0849920666697561,1.0806539224199427,0.17211326778685715,5,5,500.0,500.0,0.0,76.17476974591364,76.17476974591364,0.0,161.83235720034813,161.83235720034813,0.0,22.780199951696677,22.780199951696677,0.0
front,log104,5.0,oracle-power,full_log,5.774294502300516,5.192678535453964,2.126151499225826,0.11206028755365613,0.1017774980551339,0.018212759504148527,0.3758506956680606,0.3413621746157004,0.0610856752120298,8.064781268707714,7.324747042951875,1.3107401819775462,5.7863553709494955,5.351682149791172,2.294221201334342,0.4151025472830666,0.36185814621572937,0.1004957622062286,8.907024216014559,7.76453744310019,2.15637845018407,8.564559126802301,8.533870363413724,0.6148632380234845,8.564559126802301,8.533870363413724,0.6148632380234845,5,1.0,0.9413042492907661,0.9412502953621914,0.0031246670482413573,0,0.0,0.3758506956680606,0.3413621746157004,0.0610856752120298,8.064781268707714,7.324747042951875,1.3107401819775462,22.560872453970717,22.284373285680353,3.1864784785419786,1.0514258631669031,1.0385399086331075,0.14850249659445677,5,5,500.0,500.0,0.0,71.96823642671964,71.96823642671964,0.0,167.6308323463045,167.6308323463045,0.0,21.457406788546354,21.457406788546354,0.0
front,log106,5.0,oracle-power,full_log,3.5993450576266577,3.642889868315299,0.36012801436691777,0.06591125938377297,0.06666963130650247,0.006592708359872631,0.23042012869072898,0.2330713321067236,0.023047544879354707,5.432069278953841,5.494570418546605,0.5433373429909464,3.5413871540346333,3.580904427766483,0.392396849814337,0.246890714521875,0.25150946816864983,0.025898160970429428,5.8203572458433435,5.929242654137585,0.6105395626164817,7.202235971166924,7.849574777700796,1.3746509473557913,6.161650206795999,6.278134623778339,0.7688905342594149,5,1.0,0.9757047969127907,0.9761788149754882,0.004926825732917058,0,0.0,0.23042012869072898,0.2330713321067236,0.023047544879354707,5.432069278953841,5.494570418546605,0.5433373429909464,21.86734202639197,21.490727284589607,1.5854982643915767,0.9275794370604602,0.9116040117084405,0.06725442835117773,5,5,500.0,500.0,0.0,82.41489132115096,82.41489132115096,0.0,139.2265583706526,139.2265583706526,0.0,23.57463000224599,23.57463000224599,0.0
front,log107,5.0,oracle-power,full_log,2.6577403812143396,2.7112864187297423,0.19011163942059986,0.051651366134182065,0.051444281144882295,0.0024800165570752425,0.18495702016411794,0.18421547496583407,0.00888062614186605,4.103621438347227,4.087168855090421,0.1970334934536228,2.773457629167787,2.6674394758840845,0.2983700707675783,0.19632992398472554,0.1853596887808323,0.02144761214817275,4.3559508275917915,4.112555403474005,0.4758558552387018,5.859676742854564,5.302106545448624,1.3026201642701205,4.938932047452411,4.801825963794824,0.23754565758678442,5,1.0,0.9845465750535622,0.9844054723944857,0.0015444398926256315,0,0.0,0.18495702016411794,0.18421547496583407,0.00888062614186605,4.103621438347227,4.087168855090421,0.1970334934536228,22.06565479720561,21.88743693920251,1.500155221904692,0.994535636529125,0.9865030622647791,0.06761448242625527,5,5,500.0,500.0,0.0,79.44845887883525,79.44845887883525,0.0,143.2959687942977,143.2959687942977,0.0,22.186892039599044,22.186892039599044,0.0
front,log109,5.0,oracle-power,full_log,3.2400908229988987,3.329356971739526,0.21436560503336816,0.05970858255207605,0.061916584842917365,0.005157538094487894,0.21181725034823623,0.2196501774421043,0.018296457411091625,4.822351668787727,5.00068053001365,0.4165475275702254,3.569624700975608,3.496963290918949,0.3568498982178098,0.23637469418582074,0.25361298079314665,0.03040909131615406,5.381440364711414,5.773896975545572,0.6923106216027556,6.816979803094817,6.598496194365246,0.7621216063264977,6.816979803094817,6.598496194365246,0.7621216063264977,5,1.0,0.9811812662789514,0.9816556523523691,0.001272648744533036,0,0.0,0.21181725034823623,0.2196501774421043,0.018296457411091625,4.822351668787727,5.00068053001365,0.4165475275702254,22.54933931313314,21.92554457989382,2.2237188701311728,0.9904584689233072,0.9630588734040365,0.09767475476069545,5,5,500.0,500.0,0.0,80.76479900660537,80.76479900660537,0.0,163.14952995471293,163.14952995471293,0.0,22.766567221789458,22.766567221789458,0.0
front,log110,5.0,oracle-power,full_log,3.690449298094606,3.703300749194046,0.24058346749346168,0.07634911699322641,0.07648391951120105,0.0054267149854611615,0.276446403311894,0.2769344989535867,0.019649157693108484,6.131556312876244,6.142382230223164,0.43581654690566396,3.807273872274436,3.739242797285038,0.44846753315895255,0.29184242600021515,0.2914057202742885,0.03615577930117403,6.47303870865643,6.463352615010084,0.8019319266416935,10.106662336823035,9.823459402624444,0.6481887001141079,7.30393224909898,7.4265646982866,0.6896438800396164,5,1.0,0.9627916157378913,0.9616173795131198,0.0037077269113387056,0,0.0,0.276446403311894,0.2769344989535867,0.019649157693108484,6.131556312876244,6.142382230223164,0.43581654690566396,20.377393263220867,20.69169225272581,1.0871168168185437,0.9187320133812701,0.9329024492020653,0.049013581324899656,5,5,500.0,500.0,0.0,80.30945941942232,80.30945941942232,0.0,153.5219790158836,153.5219790158836,0.0,22.179909882779203,22.179909882779203,0.0
front,log112,5.0,oracle-power,full_log,4.056317941582023,3.9585664560880716,0.27730314499416664,0.07590696717217574,0.073537501288283,0.004231499515380485,0.2583344782565177,0.25027046574665646,0.014401078850496135,5.933488386584386,5.748272209094436,0.3307674402982988,4.287830809516265,4.239774494924206,0.42960402558457167,0.27268722958940944,0.26427152309665536,0.024726851690578807,6.263145828842959,6.069851859425236,0.567932272660714,7.169557203300516,7.047020973453338,0.6335986767852863,7.169557203300516,7.047020973453338,0.6335986767852863,5,1.0,0.9675230498147794,0.968176025735622,0.003433579435150918,0,0.0,0.2583344782565177,0.25027046574665646,0.014401078850496135,5.933488386584386,5.748272209094436,0.3307674402982988,22.926445436505063,23.65808285836381,1.134429943441762,0.9981803172493364,1.0300346261034952,0.04939124313788366,5,5,500.0,500.0,0.0,78.16790220488943,78.16790220488943,0.0,168.2475820465773,168.2475820465773,0.0,22.968240347278098,22.968240347278098,0.0
front,log-0046,5.0,oracle-power,training_window,1.1800144566268334,1.166278800604597,0.34068154339288476,0.03352427397527159,0.029994974181521993,0.008440395394583107,0.10959909868898365,0.10856224946206572,0.024621032028708276,1.7743791353305016,1.8236345381389787,0.483195803587248,1.1800144074260237,1.1662788005798288,0.34068147946280325,0.10959909868899156,0.10856224946209246,0.024621032028709723,1.7743791353306484,1.8236345381389787,0.48319580358742015,2.2459273461777416,2.2222751814165953,0.8154196007371273,1.5371252115809821,1.6760154451630231,0.2721046011125347,5,1.0,0.9937286513799677,0.9940896528944139,0.0028391941167419266,0,0.0,0.1746659275566287,0.10941619055276416,0.09995419165847416,2.56097854140066,2.4485803133306634,0.8175346268611903,16.53281758607301,16.56255067467431,4.863223699728217,0.9937286447934308,0.9940896425996553,0.00283919783035621,5,5,488.0,488.0,0.0,55.22612216092332,49.57941501962987,19.36771126163531,89.95019267000342,92.04509029232094,30.93584167640114,16.631471435484876,16.620761935278193,4.871367645337756
front,log-0048,5.0,oracle-power,training_window,1.0186591505477072,1.1274818363071142,0.43896261844924245,0.034556257242284324,0.03424140549375359,0.01857516636205889,0.11230724463947057,0.11754983483510281,0.05891829239457383,1.4961713216413428,1.5356535012941808,0.6838307667789966,1.0186780828219084,1.1274818363051224,0.43894162390940716,0.11230724625129869,0.11754983483510284,0.05891829164817316,1.4961713444539564,1.5356535012941812,0.6838307335386324,2.1251872381285035,2.2632027419795007,0.9320526943951399,1.1638853460498533,1.150490326039889,0.5464938684811471,5,1.0,0.9922605302455919,0.9930669848153447,0.006023992635305544,0,0.0,0.18345818145539247,0.19778211965942186,0.09592631689814263,2.44037941911228,2.5837960978374537,0.8537710760437943,15.436287318127984,12.97327889175967,6.913078611839475,0.9922581357954998,0.9930669839979309,0.006023559409246958,5,5,488.0,488.0,0.0,50.128781414459276,44.84785245086738,22.931764931994266,71.04993132537327,63.977535741170584,26.821761913410562,15.529995699018253,13.063850778253947,6.886982073420531
front,log-0049,5.0,oracle-power,training_window,1.4269849192196635,1.3618739819862737,0.576541431069056,0.045622204361131825,0.03866577837372757,0.022159043439967763,0.14896521835238524,0.12532326590370294,0.07328709659234489,2.1823107556815007,2.032206792761817,0.7561619967025932,1.4269849188920456,1.3618739819554255,0.5765414303603866,0.14896521835238524,0.12532326590370294,0.07328709659234488,2.182310755681501,2.032206792761817,0.756161996702593,2.3663565994600924,2.2622529175319297,0.19536689161889897,1.9972105487535754,1.8353555860967237,0.6578746274876209,5,1.0,0.9865797525193853,0.9921159604719749,0.014703605785058995,0,0.0,0.2059853256126419,0.13070108055593435,0.11242329757519921,2.82330093231104,2.591569243581551,0.6400186568839398,15.398207150631894,17.86864118640789,4.445652134925533,0.9865797506246528,0.9921159602396915,0.014703608906394052,5,5,488.0,488.0,0.0,51.03675476205244,59.187720309765915,14.963582088929252,83.17634755319109,78.02934211410246,17.301738953147474,15.581214733897971,17.97907455117659,4.381993661526119
front,log-0054,5.0,oracle-power,training_window,1.0708028843880613,1.18980585685907,0.3517393224598162,0.03260795927585713,0.03029380814273073,0.007186323166953204,0.09931661375924372,0.08579125749227752,0.02484232287762882,1.40487443159298,1.661275280268717,0.44259484393605963,1.0708137250164946,1.1898058892559036,0.3517309084847232,0.09931661966056674,0.08579125749227831,0.024842318516758034,1.4048745103410512,1.661275280268717,0.4425947826519006,1.4327200795073882,1.6962071997200394,0.5124828633411472,1.3631398607476488,1.5401280461089424,0.42721195047875393,5,1.0,0.9948049307554315,0.9963131335769365,0.0026568822931871557,0,0.0,0.17367679684522158,0.20250012358195152,0.06924718057490269,2.3373494478190167,2.465826461337118,0.7162723218271536,14.081718745714557,13.296065928168796,3.6422626337488877,0.9948018429909562,0.9963131296094127,0.0026545535117741847,5,5,488.0,488.0,0.0,43.30162709141469,40.78678618455378,13.17970662806825,66.4940534541494,65.21411434118829,20.69738926883652,14.154920413700065,13.344145021806455,3.6533156554139934
front,log-0055,5.0,oracle-power,training_window,1.7506040467380064,1.6409262043214377,0.33240919179726186,0.03197343364167552,0.03445592014377234,0.0064765488830880675,0.10757569529136364,0.11471385052830012,0.022294943263446845,2.4000766387914223,2.2336752644941478,0.431519426096331,1.750603864690048,1.640925294341472,0.3324092669124433,0.10757569529357655,0.11471385052830012,0.022294943262657844,2.4000766388383235,2.2336752644941478,0.4315194260617023,2.7643838794219917,2.3408412380343786,0.7906402247263267,2.2184317248920458,2.003923046241122,0.5552179151810597,5,1.0,0.9939949066960617,0.9933985768547137,0.0022202614699914484,0,0.0,0.11434462363945537,0.11773094182289079,0.01817457009828091,2.573520181790272,2.559144333256873,0.44618217284386585,22.587366416834914,21.085237015251305,3.712931924650016,0.9939948353612843,0.9933985768072252,0.002220226525756733,5,5,488.0,488.0,0.0,76.24638253640418,74.00025772095589,11.527534417202556,104.28963695794502,101.60864140747043,12.828490180747515,22.719725776170197,21.194088350882645,3.6981873905277483
front,log-0056,5.0,oracle-power,training_window,1.5245897838045384,1.6322999226616535,0.654504278971683,0.025184025276953452,0.02674763818576062,0.008206795919629407,0.08427719010414575,0.08937719477025975,0.02523217313849051,2.219489733255884,2.332435268304179,0.9731455463794979,1.5245898375566695,1.6322999226707446,0.6545043554242101,0.08427719010416782,0.08937719477026701,0.02523217313846247,2.2194897332563146,2.332435268304179,0.9731455463792433,2.227980356381469,2.315841207749348,0.9535936994772166,2.23872457073633,2.292592715021145,1.0848335136341964,5,1.0,0.9961852755819741,0.9959978499248875,0.0019111164222519426,0,0.0,0.10699052929965824,0.10569770937904151,0.020997692241589348,2.605594395247799,2.394725841911563,0.6221702810913232,24.970957173039412,25.782324391330523,6.8597918304315,0.9961852643288566,0.9959978410458155,0.0019111140000774402,5,5,488.0,488.0,0.0,84.15679001841306,85.51317486439295,20.89134008860471,112.94048716105917,114.55093044659306,27.965039836738548,25.073878979256047,25.944676267243178,6.908188180281358
front,log-0058,5.0,oracle-power,training_window,1.3795578268394,1.445808636881586,0.41938949056081065,0.03975788646263223,0.037365567007424834,0.0081447057668437,0.12777447629454808,0.12619663757406122,0.025610209280538362,2.0043912166658653,2.174505249145879,0.5496948629891439,1.3795564420141595,1.4458086835962445,0.41935593568035395,0.12777448000260244,0.12619663757406327,0.02561020398720661,2.004391258134821,2.1745052491459145,0.5496947816055532,2.46121157184236,2.495506931881605,0.7391031789504103,1.8048146835830696,1.9954166797701218,0.5016119647244816,5,1.0,0.9915342021851595,0.9920052462890516,0.0033359757620080484,0,0.0,0.1575821180267311,0.14512116971240052,0.026302843061115216,2.4701875605614143,2.8349274326651264,0.6576673485919107,15.445701497617268,15.037669014805527,3.1585396190080037,0.9915276779188751,0.9920052359048033,0.0033311230654770535,5,5,487.8,488.0,0.4472135954999579,50.187540210859325,48.2865453196506,10.762982332927244,83.10460832298345,90.6864529875957,21.209908867333564,15.57892108217509,15.190215721195369,3.183784109679549
front,log-0063,5.0,oracle-power,training_window,1.1818777347816014,1.2968825731485807,0.4552454681322947,0.024377756294865802,0.027523213092612592,0.006427154012880017,0.08505404922772118,0.09842781951150474,0.024448787953417865,1.7409102454766114,1.8388859533291015,0.7119991168753921,1.181877734055671,1.2968825765297556,0.45524546785209735,0.08505404922772182,0.09842781951150474,0.02444878795341732,1.7409102454766283,1.8388859533291866,0.711999116875395,1.9754338728908671,1.9154901519885563,0.8167112864973463,1.7268221266628108,1.635420664502669,0.8450261621551488,5,1.0,0.9961348321470908,0.9951441927410372,0.0019398155011427012,0,0.0,0.12195323727406127,0.12282416083593031,0.04656879096941156,2.5751056412335096,2.2389717931978557,1.4318246115520312,20.3119196746649,18.1275843610867,6.410271046191873,0.9961348305179645,0.9951441925060404,0.0019398145065983043,5,5,488.0,488.0,0.0,70.70726659450727,69.79470111880934,21.959681763767886,94.37106713139602,94.6736618838354,26.682255763341907,20.390650412265167,18.229082763192622,6.432829994555116
front,log-0071_183,5.0,oracle-power,training_window,1.5316394037473438,1.2573196036223142,0.6067070269941692,0.02908584311631569,0.02708850849856376,0.006430459153738164,0.09614527457068367,0.0914028740293798,0.01962030074669861,2.2021059816201083,1.9033155183768091,0.7848495972507691,1.5316394039144268,1.2573196036224001,0.6067070270682906,0.09614527457068367,0.0914028740293798,0.019620300746698613,2.2021059816201083,1.9033155183768091,0.784849597250769,2.2464474357852096,1.8287483051369768,0.7516174461094869,2.13505353830326,1.8350022130053822,0.8112745069351007,5,1.0,0.9952110289091495,0.9958139959948187,0.0019777367769410674,0,0.0,0.1026964376649874,0.09714544537209464,0.015336571319716923,2.3416740315648026,2.182634433713564,0.7062458097673066,22.36916989001785,21.062352538031032,3.528313747333135,0.9952110288044848,0.9958139960271242,0.001977736887389909,5,5,488.0,488.0,0.0,74.48293205952962,67.86503635614997,11.476651038803253,104.82146760584428,100.41295450469599,10.63164352217963,22.481111595656795,21.184991930973197,3.5848018231577417
front,log-0072_184,5.0,oracle-power,training_window,1.718972338564471,1.7137786589577546,0.356647663553142,0.034808850480634895,0.03545459352346546,0.009862503062202741,0.1166628502405753,0.11741759573122362,0.03427630170934362,2.5186886929023826,2.5521232594984706,0.5791791147975772,1.71897233853404,1.7137786589812967,0.35664766354627636,0.1166628502405753,0.11741759573122364,0.03427630170934362,2.518688692902383,2.552123259498471,0.5791791147975772,2.911981298870097,2.831044499196289,0.6238398131746982,2.216058842366105,2.290792458213872,0.644848001905304,5,1.0,0.9926917924623171,0.9930826290962393,0.0040144527337889835,0,0.0,0.1379831356473097,0.14354939203994047,0.025677737989255534,3.010007636573058,3.120109384206847,0.5039773794118678,21.794268400314845,21.585089185987897,1.6675166997925959,0.9926917923134508,0.9930826289169097,0.004014452736680284,5,5,488.4,488.0,0.8944271909999159,73.37266027045409,71.98286613579026,5.438151537262787,104.00283107494363,97.56283464341806,14.79336550680925,21.94978203257428,21.735441299108558,1.5944611204336785
front,log-0073_185,5.0,oracle-power,training_window,0.9900442500566378,1.0845282972573729,0.2112608242559933,0.02883413877619837,0.02617916600813195,0.008266720746309655,0.10177666336895475,0.10068894187330321,0.02494113410179807,1.3962828158311258,1.4864072051600292,0.29859730086980285,0.9900442422525362,1.0845282579080053,0.21126081992630338,0.10177666336895508,0.10068894187330321,0.024941134101798063,1.396282815831131,1.4864072051600292,0.2985973008698081,1.5657682211231705,1.441972574966393,0.362874398429989,1.2686418407882778,1.350353706035617,0.2292582599861503,5,1.0,0.9945538777154705,0.9949179549010233,0.002838788997104679,0,0.0,0.17019301071426532,0.10121598318736365,0.15908115905533196,1.8986856120285664,1.881595639593318,0.5896987387882803,14.650104802247398,16.086877164001162,5.2223776768961105,0.9945538778974562,0.994917954710603,0.002838789225117856,5,5,488.0,488.0,0.0,52.62250840799434,60.406480085072644,18.849373126186993,71.65222430520191,79.25029751345252,23.274723801115027,14.718722968625283,16.16996927321678,5.223059640867052
front,log-0078-valid,5.0,oracle-power,training_window,3.8611700658210224,3.5908695171880733,1.0433904067982753,0.06275329244052329,0.055053949990938336,0.03231645909179769,0.2169809252873945,0.18863340064674894,0.11757401540037281,4.927946817482123,4.630829633502347,1.1964203977720886,3.861170136655422,3.5908695218873508,1.0433905555520728,0.21698092528763854,0.18863340064674897,0.11757401540039938,4.927946817488906,4.630829633502347,1.1964203977818957,4.804278444158894,4.651402665176929,1.2225655611688253,4.851634639065223,4.616685173958882,1.1962521771279415,5,1.0,0.9700200579568637,0.9820475753039885,0.03393828857363741,0,0.0,0.558228036753454,0.23129604099011988,0.8184467654071097,9.150930379933248,6.423953650546984,7.7038693897751935,25.615521730888368,29.65469300510832,8.74154634488951,0.9700202346908797,0.9820475753715273,0.03393831181867325,5,5,488.0,488.0,0.0,89.2776031338641,99.22556376425482,29.21881969793044,132.12007104549804,147.91010051477554,44.90509310150869,26.174987924135117,29.934208662264986,8.484264770945595
front,log-0079,5.0,oracle-power,training_window,3.0706550390851417,3.2437315562400237,1.6023018087631105,0.056617477194540446,0.0528315105251414,0.01391694631391036,0.18694546582840427,0.18733006629928814,0.048492547629699255,3.9821120025156005,4.266052416278174,1.949163478761495,3.0706554992647823,3.243731556256679,1.602301586253223,0.18694546583841568,0.1873300662993134,0.04849254761875951,3.9821120027309944,4.266052416278173,1.949163478643037,3.8192157043169397,3.9266299996269973,1.656967494357157,3.7081312275617946,4.170105531141869,1.6479946573414808,5,1.0,0.9813765540946816,0.9822970254767212,0.009369507667850645,0,0.0,0.32826735693843817,0.3104230244034391,0.13222131895670605,6.210303222299485,6.581341217494686,1.8390290140328225,21.358470490329704,21.051985259553074,9.849193977877642,0.9813764708252517,0.9822973569275099,0.009369361388061792,5,5,488.0,488.0,0.0,70.329790774383,67.15607130723421,30.025464621561415,108.28486340175364,117.70087900310776,36.6346982505476,21.752713632978477,21.276039630463497,9.96905806132408
front,log-0080-valid,5.0,oracle-power,training_window,3.434757631321824,3.0878974539148096,1.270405402437821,0.05387389151477179,0.05605610724729676,0.027642790680660216,0.18143571976209494,0.177086262367902,0.0942572697985715,4.278647691157419,3.970916710292702,1.4314209910411542,3.4347576230962966,3.087897454868896,1.2704053982438868,0.18143571976211129,0.177086262367902,0.09425726979860038,4.278647691157666,3.9709167102927023,1.431420991041252,4.1282034746526435,4.047207589641542,1.4583502741241041,4.107335435733162,3.6310857748355256,1.4687996507281644,5,1.0,0.9796314578040499,0.9841953341083095,0.019226939019388708,0,0.0,0.45001169868295154,0.27560518713003057,0.4269461205545194,9.442863253693032,7.842012588274282,4.893747958146074,26.27912185925345,27.712386538673343,9.05452996165852,0.9796315298788182,0.9841953341837827,0.01922679582119124,5,5,488.0,488.0,0.0,90.93505263949903,92.81905087232047,32.3117888448524,134.009955874178,122.0124797823456,40.41784288583488,26.709268502759908,28.453791708116217,8.855845560996011
front,log-0081,5.0,oracle-power,training_window,3.5022542763430993,2.8396175703601236,1.2929756931601162,0.08910038094199,0.08987985541505328,0.024977949977179687,0.2916845393263539,0.2944352312947884,0.08090761570602664,4.271030108487032,3.4661826512209277,1.6242060174614663,3.502255821492416,2.839617571249892,1.2929788191785476,0.29168453932770555,0.2944352313010408,0.08090761570622343,4.271030108518302,3.466182651220928,1.624206017527145,4.365093808213933,3.570050499967845,1.4369082935622128,4.2688698709648465,3.5423028741844376,1.7222867494625314,5,1.0,0.9535520021594148,0.9556714365172732,0.022963962888414687,0,0.0,0.7700931034619132,0.4647731231135432,0.5796233141545944,11.206255653336356,10.460795550473572,7.174291205487021,14.766057434517506,11.226892296492894,6.140298437137244,0.9535520567042697,0.9556730501888269,0.02296443681875197,5,5,487.8,488.0,0.4472135954999579,50.575148182702456,37.049266278693054,20.914302469420438,71.3068807932014,69.36716657178818,17.622509568409555,15.41583173859081,11.71033285777027,6.215206151627035
front,log-0098,5.0,oracle-power,training_window,4.404413731542837,4.3949353579783415,1.2868856025279354,0.06316730138037081,0.048637216124963745,0.024215797061355036,0.21259056236014978,0.1530376230172023,0.08624493035860534,5.580811134053785,5.956063989090818,1.5385454612109197,4.404413731356129,4.394935357821969,1.286885602234899,0.21259056236014978,0.1530376230172023,0.08624493035860534,5.580811134053785,5.956063989090818,1.5385454612109195,5.458922854386302,5.3765336371834955,1.7862921342814744,5.602448118041998,5.856396628363496,1.6615056608258307,5,1.0,0.973912452439674,0.9882203630472532,0.02089370025529574,0,0.0,0.3050420421896978,0.24006466709886196,0.14245871450493866,7.848540165554563,7.384768205883636,2.3922013878449944,27.79189181821233,20.877308560897053,10.786294574909846,0.973912451324862,0.9882203629687144,0.02089370224899746,5,5,500.0,500.0,0.0,94.50220137738097,73.35709619352929,34.13476490453088,123.47617699041753,120.75461342997369,28.227774181890908,28.425440505151716,22.12972189639311,10.635909405068489
front,log-0099,5.0,oracle-power,training_window,3.2265563375961364,3.6326632988298946,0.8324054510827155,0.06903101358855078,0.06954280973638739,0.024392436264669283,0.23249015697209705,0.2261000123893251,0.0855873480947399,4.095780877442058,4.503809483153786,0.8614826944328214,3.226556348388126,3.63266329917432,0.8324054595130823,0.23249015697209732,0.2261000123893251,0.08558734809474043,4.095780877442062,4.503809483153786,0.861482694432825,3.822118957788979,3.798014324618551,0.7492572550484985,4.226242646582885,4.146379002112111,0.7784394849115375,5,1.0,0.9693750624802796,0.9741040932043903,0.022365146694859315,0,0.0,0.47858626989038255,0.4121706648661638,0.16186022132481398,8.922105143660117,10.287796011464557,3.4887861852955315,18.15422118556368,17.616988638301986,4.958888999775129,0.96937500873447,0.9741040928841249,0.02236525322157058,5,5,500.0,500.0,0.0,62.63165027609098,58.79963887072505,15.17481247915976,98.94739976475798,96.0784739183731,19.21842328341512,18.66101656338067,18.08532452229171,4.793724068049295
front,log103,5.0,oracle-power,training_window,2.8194623840887627,2.058207111204197,1.9966404391286428,0.06083477726537184,0.04767491498220184,0.039371301825883026,0.19717607879437846,0.15742831429939455,0.12001704397209438,4.577061381828893,3.1533535324315145,3.3041501863023153,2.819227768482228,2.0582071082700257,1.9962389773452052,0.19717609134113903,0.15742831429939502,0.1200170619998743,4.577061720682788,3.1533535324315243,3.304150759836285,5.445951053371088,4.88440273662348,3.605037072264296,4.225238785127681,3.090229606661381,3.646478164632999,5,1.0,0.9742068816915973,0.9875304176868934,0.025478638055339533,0,0.0,0.32277975617594523,0.32775466886186433,0.10391884618569723,7.09131942887492,5.103018378943398,3.4540824081106294,20.86656590975726,21.16200068329355,3.7290278611409082,0.974101204318895,0.9875304138293471,0.02564542099277167,5,5,500.0,500.0,0.0,70.22277601153716,75.3606655420738,12.773293013955836,93.23589581951794,96.86746067764301,21.02803308537168,21.49173466908194,22.238489613998343,4.253241285279932
front,log104,5.0,oracle-power,training_window,4.32085815749316,5.344847396532091,1.7381217735072865,0.08252861741310129,0.08260089658875049,0.019203309591781514,0.28218352545549374,0.28257268098510974,0.07716538735837616,6.87503349995823,8.304632360262021,2.7516681492833173,4.32085719999223,5.344842609212334,1.738121068600305,0.28218352545579695,0.2825726809866255,0.07716538735837808,6.87503349996714,8.304632360306568,2.7516681492891037,7.483631702795009,8.970198040536392,2.636950740189249,5.664675559553569,5.2087644122412655,3.152129863688984,5,1.0,0.9566393254946381,0.959245891292209,0.023718697101578527,0,0.0,0.3170391825115227,0.360347819555969,0.08654965097026918,7.806023883150088,9.47223542911731,3.3595516378794623,22.701608001861693,21.53364284639396,4.990703219588946,0.9566393866454957,0.9592462022006644,0.02371870491664433,5,5,500.0,500.0,0.0,81.42169501133814,83.97697357606928,21.373151690188624,106.17501634500722,111.7037306993613,21.320179172790798,23.776112584457294,23.38343208527975,5.397742196714411
front,log106,5.0,oracle-power,training_window,2.0621287940168616,2.154776189480627,0.2890761795482857,0.04654148156018756,0.04445187057575533,0.00640085427297932,0.15812798105911785,0.1564864682161079,0.01429081107068128,2.905578952875379,2.9101216285197955,0.4349920540194375,2.0621287941235513,2.154776189439694,0.2890761794297077,0.15812798105911785,0.1564864682161079,0.014290811070681272,2.905578952875379,2.9101216285197955,0.4349920540194374,3.3118303346527656,3.4282344855761475,0.6580479137084189,2.3938829800235686,2.1884993575146074,0.5199338345983914,5,1.0,0.9873337803307042,0.9876801026978571,0.002281994522802248,0,0.0,0.19735783952447553,0.18368104600288165,0.02900351865428678,3.592855059731895,3.568254886362534,0.38139935544358416,18.12056491763965,17.18074426761052,2.005729708619578,0.9873337796712859,0.9876801026586829,0.002281994512945263,5,5,500.0,500.0,0.0,63.04383275651192,59.09337523663545,11.39468864755044,98.15757614214252,92.95921541391237,14.092515518913036,18.353524814955037,17.349611782174257,2.035658696748163
front,log107,5.0,oracle-power,training_window,1.9422121168262159,1.9827587629826413,0.408158103431984,0.04160108795220148,0.03966273676296913,0.01070524248128795,0.1512426906032515,0.14440454225111912,0.031249344194683747,2.9956528146984702,2.767305549364692,0.3812097964017701,1.9422120984357185,1.9827587623549008,0.408158126401422,0.15124269060325282,0.14440454225111912,0.03124934419468203,2.995652814698501,2.7673055493648464,0.3812097964017468,3.48812872432822,3.485256163977879,0.3930787549376779,2.7056268722923136,2.575279767933925,0.5370661542753018,5,1.0,0.9880903523230566,0.9895187356373021,0.0052305562692964505,0,0.0,0.16950436308362488,0.1498467315674059,0.03251172544313779,3.3576107678393328,3.4894467065792036,0.3559057572610872,19.93722178494466,19.09263763571532,3.0151924733248,0.9880903455793941,0.9895187348647725,0.005230549616702614,5,5,500.0,500.0,0.0,74.67310852223127,68.09170812006144,16.180958838741027,104.35803924123722,100.16333492077942,27.435542449294495,20.168509743200033,19.282702397502028,2.9764356129546847
front,log109,5.0,oracle-power,training_window,1.8809758048497431,2.2006942939802974,0.7279842216044016,0.03568121352152483,0.03399289772327256,0.003437733492114068,0.1183864292206552,0.11686841124447314,0.014162158662141683,2.877516483352893,3.1177766324323466,1.1400458551444037,1.8809757814869912,2.200694293946397,0.72798420582765,0.11838642922065556,0.11686841124447464,0.014162158662141738,2.8775164833529034,3.1177766324323466,1.1400458551444135,3.232648381376736,3.3078495106166237,1.2827589235952088,2.454345482468713,2.897083930533081,0.8312612685244677,5,1.0,0.9928855697051094,0.9931474082195417,0.0017483768778784286,0,0.0,0.17732389854893602,0.16388967701420512,0.06032703191043273,3.8562923250755374,4.136980029105705,0.7056246921926502,23.602158689475786,25.57218646300583,7.885141000535262,0.9928855645104127,0.9931473916839223,0.0017483793900807106,5,5,500.0,500.0,0.0,80.69465807187028,93.11222509385414,30.40976961672268,117.08140748261849,112.62681420012309,30.76647922603843,23.778668048291102,25.76154598611172,7.960611899141814
front,log110,5.0,oracle-power,training_window,1.8576344156181925,1.7399829856397564,0.3161923707443711,0.04089895601909483,0.042167667916357544,0.0038956496364147856,0.13812622830202856,0.13725582354700913,0.013972466309369555,2.6927453009378377,2.5108050782712765,0.47583620487599826,1.8576344120554602,1.7399829852500754,0.3161923790457829,0.13812622830202945,0.13725582354700913,0.013972466309368188,2.6927453009378537,2.5108050782712765,0.47583620487597916,3.294903269166361,3.551714198399809,0.44405021875875755,2.381146408982674,2.1449072654115553,0.5399168765727648,5,1.0,0.9903342420194147,0.9905356323234579,0.001952654307030843,0,0.0,0.17776248452037857,0.18186444523986997,0.042902811218553404,3.418771350866731,3.413830840959051,0.7165813589750296,19.385216007329856,18.496808463589105,3.4716196906902326,0.9903342395064356,0.9905356318138756,0.0019526519960443528,5,5,500.0,500.0,0.0,66.44858908932254,61.838766727616495,14.313365171147858,99.9648065007621,100.95894959665489,13.48492332043982,19.572894353676144,18.632536126345155,3.493232033885291
front,log112,5.0,oracle-power,training_window,2.6358939790250466,2.8427999611848813,1.2423999656712692,0.06239741167651873,0.06434031000596313,0.021106835225618504,0.20382004942026147,0.21297508531071704,0.07209883549854741,3.995201732178059,4.315830586005807,1.7415023705086086,2.6358942187154053,2.8427999612551016,1.2423998655298107,0.20382004942285584,0.2129750853107171,0.07209883549985323,3.9952017322320303,4.3158305860058075,1.7415023705439974,4.253255412984386,4.702119867767559,1.15715770798024,3.357596059359699,3.4444493238253022,1.5218187986742209,5,1.0,0.9767831906887985,0.9770576303560058,0.015547997436177814,0,0.0,0.233578295171051,0.2163162781302678,0.06486813296391393,4.527427243197693,4.383538140358102,1.6130353101757566,18.667036266728058,19.60467323137286,2.22158097605354,0.9767824849166047,0.9770576301822426,0.015548028565591636,5,5,500.0,500.0,0.0,62.273145781329674,66.29558113091939,9.913212711446583,93.59448770189024,90.2975676644927,17.113911167184188,19.131226829445545,20.26448577170088,2.447236029833396
front,log-0046,1.0,self-supervised,full_log,5.229137679322798,4.955834651340963,1.2924291931749772,0.10888433437976525,0.1103221884007971,0.023728050890111253,0.3592240274753081,0.363967700798921,0.07828202333639699,7.388414078178675,7.4859805550449,1.6100816177356148,14.110919279206296,14.16493541922679,2.9570664473072497,0.7446205319637544,0.75066138049555,0.12613661511229013,15.315135961054434,15.439382355846417,2.594340777868788,14.248116728009348,13.311429299077705,4.1617620160768185,11.06436526490518,11.383877450532536,2.6280148766141083,5,1.0,0.9610373490576176,0.964942641553963,0.011673608837837577,1,0.2,0.3592240274753081,0.363967700798921,0.07828202333639699,7.388414078178675,7.4859805550449,1.6100816177356148,15.395073310599496,14.65166428578598,2.6870320541123274,0.7485070787037493,0.7123625988290058,0.13064325662042808,5,4,2.5,2.0,1.9148542155126762,67.85562055611663,67.85562055611663,0.0,165.8998005948889,165.8998005948889,0.0,20.567705701942586,20.567705701942586,0.0
front,log-0048,1.0,self-supervised,full_log,8.820360256097928,8.64935523507339,4.618692327879539,0.19513687951238842,0.15994947910590496,0.13876301429789095,0.6756697536507427,0.5538318815700356,0.48047284511658994,15.162145159313143,12.428082412818801,10.781893052639996,9.49111101628338,8.728717227106394,4.284832088186787,0.6924478850671069,0.5544820809023876,0.46088905690438375,15.538649305994902,12.442672997355613,10.342429486247765,59.040724876927584,26.056876839783644,69.98143774628282,59.040724876927584,26.056876839783644,69.98143774628282,5,1.0,0.9301791959370496,0.9700793567359053,0.07872680289232072,2,0.4,0.6756697536507427,0.5538318815700356,0.48047284511658994,15.162145159313143,12.428082412818801,10.781893052639996,23.81777858217796,17.873016936092306,16.990432106770765,1.0613902200536074,0.796474167956858,0.7571435938238651,5,3,1.6666666666666667,2.0,0.5773502691896257,77.70004930488071,77.70004930488071,0.0,147.0280467770388,147.0280467770388,0.0,22.44017151484117,22.44017151484117,0.0
front,log-0049,1.0,self-supervised,full_log,5.087544868284776,4.878972672341993,1.5077023921648218,0.08682098219622901,0.0817682981398646,0.027925022213956808,0.2884604813885085,0.2716730685035823,0.09278016842076969,6.9907172943813904,6.583881470570519,2.2484879898717782,18.80774682270163,19.244522326579816,8.47846222299955,0.8284252189193347,0.8389942086798797,0.3589721340901605,20.076533454858865,20.33266843441494,8.699537260375143,9.318923123764222,7.868596871828451,5.898332390235705,7.763083037799873,6.692776867198966,3.8703020840070788,5,1.0,0.9678625897365324,0.9635232632002375,0.011332241570212575,2,0.4,0.2884604813885085,0.2716730685035823,0.09278016842076969,6.9907172943813904,6.583881470570519,2.2484879898717782,21.428494990951474,22.21818832984748,4.308305428107831,0.8842116939114595,0.9167970941064187,0.1777751560286322,5,3,5.0,5.0,1.0,80.51875384894029,80.51875384894029,0.0,128.6836164750667,128.6836164750667,0.0,24.23457542860456,24.23457542860456,0.0
front,log-0054,1.0,self-supervised,full_log,3.8382380970351875,3.7238601043631108,0.47715640534789067,0.08813721687899494,0.08123565642276377,0.018963227134355377,0.29389415397429675,0.27088085331413136,0.06323301089624052,5.272646849359364,4.859773692209756,1.1344401757196154,6.858293478492226,7.2352434226473665,2.1894477136659267,0.4415546947175275,0.46493444777644377,0.1211839526046037,7.921770264698163,8.341217809461764,2.174116692193408,17.326700225025977,8.799132833313855,15.615010657140733,9.867838403480883,6.820577467514604,6.166613945004535,5,1.0,0.9679562483704768,0.9636780202131857,0.008281183267305873,2,0.4,0.29389415397429675,0.27088085331413136,0.06323301089624052,5.272646849359364,4.859773692209756,1.1344401757196154,18.179790090827407,17.488786816768883,3.292929130421708,1.0133305303432563,0.974814424784703,0.18354588284254061,5,3,2.3333333333333335,3.0,1.1547005383792515,59.823160250207,59.82316025020701,8.702335715267317e-15,135.89296889344487,135.89296889344487,0.0,17.94063195221126,17.94063195221126,0.0
front,log-0055,1.0,self-supervised,full_log,9.288202750888061,9.984380358130485,3.9724293857891078,0.1571415097110763,0.14702366356163996,0.07545620193869904,0.5418675039889028,0.5069783645831589,0.26019390980894636,12.843701630529177,12.016736194560739,6.16728797919457,10.117695670812198,9.877407530192983,2.5092758850448,0.5854950396416487,0.5078928185937504,0.2133975754311461,13.877790308433394,12.038411187765568,5.058090340055002,35.54197185370306,24.220041453917652,39.26569531319102,18.774745295515316,17.65082246792778,12.247021386399181,5,1.0,0.9293088850343496,0.9659028627591921,0.06969545302326642,0,0.0,0.5418675039889028,0.5069783645831589,0.26019390980894636,12.843701630529177,12.016736194560739,6.16728797919457,22.010000250757155,22.79615230950157,11.988054902768145,0.9285877422069573,0.9617549915001832,0.5057683193452746,5,5,2.2,2.0,0.8366600265340756,81.73334756770429,81.73334756770429,0.0,144.98409225186288,144.98409225186288,0.0,23.702660772202737,23.702660772202737,0.0
front,log-0056,1.0,self-supervised,full_log,6.535950487272107,6.046045254792377,3.080749291933489,0.10610031959170062,0.09421879646888442,0.05066418780335454,0.36557102294840593,0.3246329694259657,0.17456459163739643,8.234378490675432,7.3122610190647865,3.9320154727235757,9.744901045999208,10.825722173383001,3.3777103301471603,0.5244572577523728,0.590063902891339,0.18727903896786874,11.813243641918122,13.291013797825482,4.218404614769013,8.82931924169627,7.0759322074909035,4.367317513818305,8.660187695492551,6.589990908134762,4.870747815075227,5,1.0,0.9397243252547998,0.949847184028191,0.0483811915658795,1,0.2,0.36557102294840593,0.3246329694259657,0.17456459163739643,8.234378490675432,7.3122610190647865,3.9320154727235757,19.338258887310232,21.005159038960514,5.621850048520335,0.8585356006504412,0.9325388049337628,0.24958598580662839,5,4,4.0,4.0,0.0,77.60936557366922,77.60936557366922,0.0,148.7314640450589,148.7314640450589,0.0,22.524702380028554,22.524702380028554,0.0
front,log-0058,1.0,self-supervised,full_log,19.74908937205408,5.741246902740424,32.511744764701355,0.3609859431606563,0.10623887708510378,0.6165154348631064,1.2396814766121265,0.3648407105975915,2.117209213061019,29.00428986257008,8.536019875651885,49.53542573141083,19.624925167950057,6.241578395367931,31.853536503130307,1.2444014781112749,0.3764971527321656,2.1180700946938416,29.114721690596745,8.808740596914419,49.55556740561248,82.55383116647994,14.710270331691794,159.85162527862403,82.55383116647994,14.710270331691794,159.85162527862403,5,1.0,0.6195014454285588,0.9888839858939528,0.8151150947683373,0,0.0,1.2396814766121265,0.3648407105975915,2.117209213061019,29.00428986257008,8.536019875651885,49.53542573141083,33.58167982613841,18.071712119537434,35.6576737861794,1.435325140909829,0.7724087323430257,1.5240558517810734,5,5,2.6,3.0,1.140175425099138,80.3474218652934,80.3474218652934,0.0,161.1697294857218,161.1697294857218,0.0,23.39656630333357,23.39656630333357,0.0
front,log-0063,1.0,self-supervised,full_log,7.017041430625701,6.99805235213069,4.073290189418661,0.11418856868457847,0.10424419993994252,0.06576697745157897,0.35333297052896356,0.32256217281204524,0.20350234505405515,9.700374804155885,8.855595811609238,5.586936926926767,18.61954984835517,21.310613630881285,9.507575021403094,0.742182392087694,0.8357261386253566,0.3844026370102614,20.375815383199445,22.943957837162436,10.553358915594767,23.00320688394385,12.90986979009988,25.226204955010992,9.937881296976784,8.887981864774845,5.718233974165284,5,1.0,0.9300530125419907,0.9460591281244761,0.0694406104513784,1,0.2,0.35333297052896356,0.32256217281204524,0.20350234505405515,9.700374804155885,8.855595811609238,5.586936926926767,26.341734487640675,27.001591816315965,4.1295399598701525,0.9594890386519703,0.9835241254164798,0.15041713855364244,5,4,2.5,2.0,1.7320508075688772,84.9504894920883,84.9504894920883,0.0,153.67050225201805,153.67050225201805,0.0,27.453919144974673,27.453919144974673,0.0
front,log-0071_183,1.0,self-supervised,full_log,4.9695954515863745,4.228596274731967,2.6130945442562177,0.08114275866286395,0.06639342477063585,0.04503904107396008,0.28440762110424006,0.23271079646718776,0.15786308895267512,6.429300140585971,5.260645093240991,3.568642696901481,9.61615659363023,9.665090417434625,1.136703798116633,0.4872645111682825,0.45394205711179214,0.05997040175436649,11.015069772017755,10.261784548090716,1.3556869922590042,11.77968434717136,9.936146498676925,7.123338305197861,8.443748170811677,6.9138781820040816,5.043768915909822,5,1.0,0.9727866160275107,0.9885093183388715,0.02734399050895274,0,0.0,0.28440762110424006,0.23271079646718776,0.15786308895267512,6.429300140585971,5.260645093240991,3.568642696901481,18.069950363020503,18.51908641448979,3.870420898795483,0.7993454161170904,0.8192134753393014,0.1712126011274117,5,5,2.4,2.0,1.140175425099138,79.23442888229562,79.23442888229562,0.0,152.4462174422029,152.4462174422029,0.0,22.605934804502045,22.605934804502045,0.0
front,log-0072_184,1.0,self-supervised,full_log,5.866414678006,5.144242655943076,1.8965635529417064,0.10981178518639087,0.09143396599984963,0.04249319381507333,0.36262672887285763,0.3019384480647408,0.14032344384863046,7.7778814550792035,6.476195130672625,3.009759139971666,6.7523582329912575,6.214953650747617,2.07864151526504,0.4037884094826994,0.35084777501000297,0.1472935997211194,8.660747076348482,7.525237897625797,3.1592601055186695,15.592484975912202,12.88820981477975,8.237383187365504,11.126929494578626,9.587099121030082,5.432845711191741,5,1.0,0.9749407389130619,0.9737347107665637,0.015386287030021737,1,0.2,0.36262672887285763,0.3019384480647408,0.14032344384863046,7.7778814550792035,6.476195130672625,3.009759139971666,15.256266950069179,15.631016648046113,4.128056119593375,0.711290112978244,0.7287619988520926,0.1924615971453481,5,4,3.5,3.5,1.2909944487358056,70.82920509740632,70.82920509740632,0.0,152.19039707482895,152.19039707482895,0.0,21.448726295645585,21.448726295645585,0.0
front,log-0073_185,1.0,self-supervised,full_log,8.95021574708253,6.881081628431088,5.8585105565323685,0.18267627281325188,0.153566555138139,0.10379000096933451,0.6459197196197588,0.542991515593279,0.36698804553551057,12.510236932829473,10.516713310110703,7.107860716604148,11.396214747656572,8.718355876103546,5.880995254564392,0.7362238475142846,0.5684915340898662,0.3986792917952463,14.259256202032315,11.010600187216168,7.721659904588892,30.497124953082043,26.52785629427901,17.195084818305464,20.504665125648422,17.65471935114174,11.694367461269326,5,1.0,0.5595351595421599,0.9448773319420541,0.8583199172637062,0,0.0,0.6459197196197588,0.542991515593279,0.36698804553551057,12.510236932829473,10.516713310110703,7.107860716604148,10.010801665621873,9.838724712834958,3.485838187925427,0.5168706427980515,0.5079860870782895,0.1799783359079352,5,5,2.0,1.0,1.7320508075688772,68.4830971213134,68.4830971213134,0.0,149.90437255734173,149.90437255734173,0.0,19.368098778891632,19.368098778891632,0.0
front,log-0078-valid,1.0,self-supervised,full_log,10.15294132272133,11.046445671067028,4.12436512523035,0.25901316011776426,0.30488213109980694,0.15838764937628033,0.8315002582286568,0.9787516998114332,0.508465945501487,23.07872681054613,27.16576798596024,14.112739632448653,17.144542429881938,18.363796962746292,4.667190552369181,0.9637074464217067,1.1112642934581234,0.40747066780115065,26.74820682393514,30.8437246882754,11.309562603776778,40.84403304157583,49.8677269030562,31.164361587430104,40.84403304157583,49.8677269030562,31.164361587430104,5,1.0,0.8822124084644885,0.8417613544323005,0.07136892427265275,2,0.4,0.8315002582286568,0.9787516998114332,0.508465945501487,23.07872681054613,27.16576798596024,14.112739632448653,42.75827918545851,45.93854348585265,13.768379185009264,1.5405321305625537,1.6551134334533488,0.4960590305394908,5,3,2.3333333333333335,2.0,1.5275252316519465,89.10252591047124,89.10252591047124,0.0,191.14572150135155,191.14572150135155,0.0,27.75552572853157,27.75552572853157,0.0
front,log-0079,1.0,self-supervised,full_log,7.757549426750251,7.250947299952111,3.1014736655888817,0.09869005523432972,0.09245363722480732,0.0374630564402044,0.34136297250512626,0.3197915772469085,0.12958246173021654,10.072400788116456,9.435906041761442,3.823515128425076,10.806276611438552,11.109240295137472,1.9099571521023002,0.4496304892606775,0.46520178080076136,0.0689887088147205,13.266988101125778,13.726441239904547,2.035610130580558,11.421687449377206,11.636030693401938,5.805589552374667,11.421687449377206,11.636030693401938,5.805589552374667,5,1.0,0.9474136711904907,0.9666453672097692,0.04353660440139366,1,0.2,0.34136297250512626,0.3197915772469085,0.12958246173021654,10.072400788116456,9.435906041761442,3.823515128425076,25.174145143854993,25.371103221994247,5.365045755053103,0.8531750470772146,0.8598501383912771,0.18182635948439205,5,4,2.0,2.0,0.816496580927726,102.06094995286549,102.06094995286549,0.0,190.67881336638965,190.67881336638965,0.0,29.506424537491974,29.506424537491974,0.0
front,log-0080-valid,1.0,self-supervised,full_log,7.811790757969176,7.158624733294428,2.116210739038492,0.10366677779512845,0.09456115725969708,0.02837860567026167,0.34925603698564284,0.318578967531582,0.09560825138369107,10.222727666710352,9.324809539515563,2.7984544663032835,23.181898440911127,21.769173103365247,13.905066076411183,0.8599017096438838,0.7953995733714687,0.47393156717089446,25.169331570321354,23.281353401855096,13.87198167184283,12.7132599135929,11.139037722068776,5.742096354517466,12.7132599135929,11.139037722068776,5.742096354517466,5,1.0,0.9594590653336239,0.9622884421165614,0.0059623299365020085,1,0.2,0.34925603698564284,0.318578967531582,0.09560825138369107,10.222727666710352,9.324809539515563,2.7984544663032835,24.322810269632814,25.88833215219384,6.045006490439292,0.8309805954029963,0.8844661216092828,0.20652560444102222,5,4,3.0,3.0,0.816496580927726,98.61141519140322,98.61141519140322,0.0,209.41055645838256,209.41055645838256,0.0,29.270009918627654,29.270009918627654,0.0
front,log-0081,1.0,self-supervised,full_log,8.046973848186337,8.052969759335335,0.014874487128478886,0.1437909588645664,0.1434167674647797,0.001648711338856219,0.4738145670728926,0.4725815456263959,0.005432771680618018,9.763073257171465,9.737666527310502,0.11194368344357039,14.100581930270431,15.396141783564003,5.436323686855219,0.7953578679923862,0.8800586929521181,0.2813121841421457,16.38855719200118,18.133839875337298,5.796511236202989,12.333996912073834,10.670427377057301,4.783846253678276,12.333996912073834,10.670427377057301,4.783846253678276,5,1.0,0.8899901386148222,0.8917978786556959,0.006998469968316954,2,0.4,0.4738145670728926,0.4725815456263959,0.005432771680618018,9.763073257171465,9.737666527310502,0.11194368344357039,18.230801812502964,19.03513379982651,3.1782776153874353,0.8847643811171589,0.9237996523189443,0.15424592161756992,5,3,2.6666666666666665,2.0,1.1547005383792515,67.89768518316298,67.89768518316298,0.0,200.25954166451217,200.25954166451217,0.0,20.60526192237035,20.60526192237035,0.0
front,log-0098,1.0,self-supervised,full_log,6.998550757769122,6.752193949808621,0.5482775390756938,0.10722172775322233,0.10811758773039684,0.010427838011948801,0.35911592272207793,0.36211641142035045,0.03492578181799358,9.54851517797292,9.62829502081482,0.9286398532926428,13.348307345881917,10.867124064334932,7.07333340726854,0.5798178832171035,0.4864292450371852,0.27059753938392106,15.416748487210072,12.93364269131006,7.1949043427103,10.58044102598974,9.254847559973408,2.04187688056273,10.58044102598974,9.254847559973408,2.04187688056273,5,1.0,0.9409142398494588,0.9433806186267961,0.009855254252452992,0,0.0,0.35911592272207793,0.36211641142035045,0.03492578181799358,9.54851517797292,9.62829502081482,0.9286398532926428,26.410246892275815,24.300044779684523,3.37790776877571,0.9932790601743564,0.9139151837319276,0.1270417905448089,5,5,2.6,2.0,1.51657508881031,89.05392011542135,89.05392011542135,0.0,200.15184341259442,200.15184341259442,0.0,26.58894962271716,26.588949622717163,3.972054645195637e-15
front,log-0099,1.0,self-supervised,full_log,8.28093559194466,8.348042759166265,0.26811374967717977,0.1691902072367717,0.15499437305112312,0.033440465926496514,0.5632740017126519,0.5160127301533033,0.1113311779043642,11.063397944302253,10.135128127081853,2.186682007369178,17.799000813124398,18.583095752511174,7.545046081851505,1.0219283829083556,1.0867960821596332,0.39852610022974316,20.071937167907958,21.346018997294976,7.827545430157746,26.175332211787666,17.896332694236058,22.12574638642825,26.175332211787666,17.896332694236058,22.12574638642825,5,1.0,0.8648927478269071,0.8719073082141715,0.016146673367197717,1,0.2,0.5632740017126519,0.5160127301533033,0.1113311779043642,11.063397944302253,10.135128127081853,2.186682007369178,18.274261327017243,16.94107114506281,5.753017419064199,0.9304027892545397,0.8625256892339047,0.2929050514022034,5,4,1.0,1.0,0.0,65.39029725768751,65.39029725768751,0.0,185.2820851030399,185.2820851030399,0.0,19.641236610714596,19.641236610714596,0.0
front,log103,1.0,self-supervised,full_log,6.8396355900999,6.4079080724049735,2.309674952895588,0.11664142451952464,0.11316646904499017,0.02198983772558337,0.39003756220095803,0.37841764957019774,0.07353187544657869,8.885133655610154,8.620429722460187,1.675070825496318,17.528868441265885,16.194512919584067,4.430266372527055,0.8447258349565328,0.7893862837889409,0.17887034657564585,19.24302342467374,17.982377383838852,4.074702260422497,11.214543239282168,11.203820130188252,2.954991352550649,11.214543239282168,11.203820130188252,2.954991352550649,5,1.0,0.9474420781556232,0.9475099113657929,0.004240812709537893,1,0.2,0.39003756220095803,0.37841764957019774,0.07353187544657869,8.885133655610154,8.620429722460187,1.675070825496318,23.121696328356776,22.705060707561845,5.819061476011251,1.0149909297277553,0.9967015546705403,0.25544382790098585,5,4,3.5,3.5,2.3804761428476167,76.17476974591364,76.17476974591364,0.0,161.83235720034813,161.83235720034813,0.0,22.780199951696677,22.780199951696677,0.0
front,log104,1.0,self-supervised,full_log,10.084845978785891,5.7675837578938145,8.185279995674659,0.18479772729041977,0.11832021886113463,0.12801973263849006,0.6198123873876735,0.3968465327135751,0.4293787444403693,13.299566528757387,8.51529748505935,9.21335438581229,28.492608025463586,26.080676045259448,4.658766558868739,1.4493150670632324,1.4649870520646628,0.173051022880215,31.09854295874512,31.434823116104806,3.713226193114817,22.777511414692306,13.766792339698672,21.47319688783762,22.777511414692306,13.766792339698672,21.47319688783762,5,1.0,0.5540638266417635,0.9195904783013426,0.8364505592773063,0,0.0,0.6198123873876735,0.3968465327135751,0.4293787444403693,13.299566528757387,8.51529748505935,9.21335438581229,18.638920053309267,18.53083024135964,7.791048953057022,0.8686473737012081,0.8636099610718628,0.3630936874075467,5,5,2.2,2.0,1.0954451150103321,71.96823642671964,71.96823642671964,0.0,167.6308323463045,167.6308323463045,0.0,21.457406788546354,21.457406788546354,0.0
front,log106,1.0,self-supervised,full_log,14.979333014753758,7.364373418461664,13.961367844939518,0.28230555855861156,0.12306959548803661,0.3270109885225741,0.9869161011540027,0.4302407857988962,1.1432024628739652,23.266181927964787,10.142767337084548,26.950575079910088,15.622867352244347,13.142965842761704,10.124505381562523,1.0839118656002582,0.6360458409733316,1.130031327183087,25.55282118657027,14.994545365413686,26.640070429288258,70.89879932681549,11.05187698558313,124.83671869864556,33.96011468234421,12.082794399576818,46.47259187774921,5,1.0,0.9216929239254139,0.935072928902973,0.06555188383720513,0,0.0,0.9869161011540027,0.4302407857988962,1.1432024628739652,23.266181927964787,10.142767337084548,26.950575079910088,38.816359066285955,24.16881373057039,29.148790399345447,1.6465309980512042,1.0252043713206862,1.236447418117205,5,5,2.0,1.0,1.4142135623730951,82.41489132115096,82.41489132115096,0.0,139.2265583706526,139.2265583706526,0.0,23.57463000224599,23.57463000224599,0.0
front,log107,1.0,self-supervised,full_log,8.720220232864971,3.9328530589428343,11.187689437669539,0.19385411697041655,0.06857174748761401,0.2866446365617458,0.6941671151204372,0.24554676927242258,1.026438249217987,15.40141084061706,5.447919660519576,22.773474620714538,8.742631416755037,4.183557250096427,9.759058711637705,0.7195328809552122,0.25091714569397433,1.018215105359855,15.96419834869496,5.567071622396553,22.59102861570807,57.963722129243685,7.3286945197459765,110.39007690537537,26.588492188214463,7.033444999189561,43.61320223088687,5,1.0,0.9513268660882741,0.9837518884678523,0.0721182392365696,0,0.0,0.6941671151204372,0.24554676927242258,1.026438249217987,15.40141084061706,5.447919660519576,22.773474620714538,29.473192658476925,19.98549904901303,24.328502619961835,1.3284056462650708,0.9007795690060157,1.0965259386731794,5,5,2.6,2.0,2.5099800796022267,79.44845887883525,79.44845887883525,0.0,143.2959687942977,143.2959687942977,0.0,22.186892039599044,22.186892039599044,0.0
front,log109,1.0,self-supervised,full_log,5.98294321765083,4.770160836836451,3.7114187245800436,0.09583964291177809,0.08678178793140208,0.04656737295729471,0.3399928246198808,0.30785992422280684,0.16519857739299187,7.740469496634589,7.00891365971354,3.761004517161537,12.626837117275224,12.570107120823394,1.9941068671859254,0.6121537825456281,0.6137531389962596,0.07692577437890075,13.936640240397727,13.973052096542634,1.7513358134854538,11.000480343150489,13.642685167855639,4.4031675283341025,11.000480343150489,13.642685167855639,4.4031675283341025,5,1.0,0.9717157394177249,0.9747420423315113,0.009556563940456718,0,0.0,0.3399928246198808,0.30785992422280684,0.16519857739299187,7.740469496634589,7.00891365971354,3.761004517161537,23.498156448244295,22.98858761251668,6.963787400766224,1.0321343670008645,1.0097520363331163,0.30587779584536184,5,5,2.0,2.0,1.0,80.76479900660537,80.76479900660537,0.0,163.14952995471293,163.14952995471293,0.0,22.766567221789458,22.766567221789458,0.0
front,log110,1.0,self-supervised,full_log,5.7125682218254905,5.999948736703055,1.5501493335627237,0.10136828809538576,0.10667386408588703,0.021668075896420908,0.3670363162987128,0.3862468515063714,0.07845620072837431,8.140832419212694,8.566920358918518,1.7401514619005785,11.11118179792166,10.671299751868897,2.5703732424321886,0.5698052288681726,0.5442280981993413,0.1337812528232143,12.638228627032447,12.070930173737699,2.9672561316241937,13.697998157679246,12.690797588289009,5.013867506391845,9.882605045511612,9.602033055606322,3.293663004589357,5,1.0,0.9483491628449954,0.948593624054237,0.01638536534912452,1,0.2,0.3670363162987128,0.3862468515063714,0.07845620072837431,8.140832419212694,8.566920358918518,1.7401514619005785,20.128796065745885,19.612923275536485,5.156578701327347,0.9075237984341031,0.8842652372886437,0.23248871291992879,5,4,1.75,2.0,0.5,80.30945941942232,80.30945941942232,0.0,153.5219790158836,153.5219790158836,0.0,22.179909882779203,22.179909882779203,0.0
front,log112,1.0,self-supervised,full_log,6.399098854226667,5.708088355917357,2.552244992406211,0.11483311522058387,0.0933741251164576,0.05214422886153932,0.3908119901535754,0.31778052520402744,0.17746265802557287,8.976263720445399,7.298859480570368,4.076004982198179,17.134562964570044,19.489068663724403,8.264041706777194,0.8191237568353975,0.9377787167088578,0.34638933331036775,18.81383132116079,21.539126957931067,7.95595346120595,19.436271776881433,9.568082928098617,21.118671041173112,19.436271776881433,9.568082928098617,21.118671041173112,5,1.0,0.9226949783552129,0.9546182232374576,0.07253669397527708,1,0.2,0.3908119901535754,0.31778052520402744,0.17746265802557287,8.976263720445399,7.298859480570368,4.076004982198179,23.93742032677604,24.905129928492187,2.362588543282044,1.0421965272412692,1.0843290366144056,0.10286328023217618,5,4,2.0,1.5,1.4142135623730951,78.16790220488943,78.16790220488943,0.0,168.2475820465773,168.2475820465773,0.0,22.968240347278098,22.968240347278098,0.0
front,log-0046,1.0,self-supervised,training_window,2.8003870827130886,2.966832937715427,1.0910097104873846,0.09495442798038493,0.07793098277671867,0.04405237047901087,0.2946855938263443,0.2658938552551786,0.10634032099331588,3.3776394330601605,3.6859741075395083,1.23094798909742,12.728019006407514,13.229168246433765,5.199099574442945,1.1795103264461786,1.1418697328622371,0.43049701530949247,13.328238280870682,13.468990706752209,4.777840559559331,4.006059480468938,4.466458854959797,1.70637484239296,nan,nan,nan,5,1.0,0.9779880929764893,0.9792292142960324,0.01706094390646461,1,0.2,0.30857346730531177,0.26731492337169277,0.1262919229344376,3.5335513656701028,3.7652491799313523,1.396604381408887,9.975842323280132,7.977593526993235,5.739411812640635,0.8100303455584602,0.8867584456529096,0.16570097381797838,5,4,2.5,2.0,1.9148542155126762,38.5429638495215,32.21523195581418,18.27498702144068,44.708017649466065,35.610157912282176,23.813865715645537,12.090795557027594,10.242312334318282,5.635581114540895
front,log-0048,1.0,self-supervised,training_window,1.63697473865849,1.6553838032582924,0.7570443371443826,0.07544488658795369,0.06133350845995403,0.03579269072392616,0.25946096954453707,0.21773627158143702,0.12373708656138917,2.1091300311085575,2.313856294853858,1.0104652362653326,5.824536610517725,3.755981446040131,4.067017467357997,0.8822323869981065,0.5913469740457855,0.7086578107016483,6.297644102926493,4.452243191167809,3.701133268756777,2.265015823718551,2.7815136726838383,1.0907258511604776,nan,nan,nan,5,1.0,0.9784405815633744,0.9812444157193604,0.010479123609982,2,0.4,0.7522452420443223,0.5349795169443641,0.6618150663818629,5.258658410954456,4.027853386031483,3.6285081308749,6.892567167471339,6.351601937318018,2.2382196430013703,0.8524532299018318,0.880003676179318,0.1795690098430865,5,3,1.6666666666666667,2.0,0.5773502691896257,28.093956597260135,25.843770180453532,8.727111516566833,32.85467669204678,26.468606320893798,13.632917306208727,8.134470590354253,7.5289861732227115,2.2515732683155214
front,log-0049,1.0,self-supervised,training_window,2.442986033985839,2.187170707601721,1.005819042288088,0.07069089275037603,0.061613668258297644,0.016697787505611267,0.23205497536917305,0.1957492971289802,0.06313272410163707,3.412591698695353,3.6045345160108737,1.2163306268593945,19.80799808366144,21.016762234801053,9.771500428357086,1.8894755392070863,0.930689410128089,1.9990731261109058,20.21448993304597,21.49764191999857,9.488262813176245,3.8672015804404904,4.294627050045798,2.0917734605379588,nan,nan,nan,5,1.0,0.9805926630158533,0.9806706280833358,0.007073950117951979,2,0.4,0.2718085817308107,0.21036453485858045,0.11712441292484112,3.777148177672125,3.6548840632114374,1.0263269291604147,17.00734633341969,20.364593717830164,7.7568988310071045,1.0847936762272834,1.1043015542015262,0.10150057873352637,5,3,5.0,5.0,1.0,52.23814105754675,58.5021898209322,26.20037172224215,63.41362704035092,65.66778218055569,31.478677278193274,16.15480882767263,18.441152817678446,8.325853648428758
front,log-0054,1.0,self-supervised,training_window,1.9620095179832564,1.4458751858911492,0.9464980276493009,0.12523351444699338,0.06733389238435832,0.10334951628742768,0.3795537934561219,0.21309146739765483,0.310605282495147,2.430726512029794,1.8290068288465138,1.1475770650371893,9.851761109231182,11.064317542958033,4.477654069338857,1.549509372603367,1.306560652477918,1.121847404593204,10.168012891867797,11.214472286798701,4.553244153957524,2.634968329208087,2.805781009600644,0.31091491255746234,nan,nan,nan,5,1.0,0.9899268510724545,0.9894128517194896,0.0040157593276175544,2,0.4,0.75331270219395,0.4814170690038564,0.6827006625998349,4.726319900239552,4.132099316244219,2.8081675547411216,9.001043820756541,8.714226584122457,0.9979629974189016,1.26294178943305,1.1779998640644893,0.41408354211200554,5,3,2.3333333333333335,3.0,1.1547005383792515,23.09918005505833,26.783794138702575,6.713231932899921,27.124460483286043,27.422538375489353,9.993096144141749,7.592741863755122,8.583200684583783,2.1854932012904675
front,log-0055,1.0,self-supervised,training_window,4.514258720541858,3.657081294376571,3.1674188912437415,0.11131796569381866,0.13631097863555713,0.05218330051847508,0.35814426471653804,0.4228043587284895,0.17882839339229073,5.673271612566903,4.299775690298739,3.615926228875099,9.035744745795466,8.7231566429664,0.6968886152919186,0.7031057830192479,0.6783065800567664,0.2500027733754515,9.904507580246865,10.03483610951907,0.7309050038845611,6.895393337690163,4.897728233103173,4.189368739540862,nan,nan,nan,5,1.0,0.9837727330612781,0.9813093947084147,0.00739745217110146,0,0.0,0.7591701805360903,0.7181149275570151,0.5050061852862758,9.89775656634165,10.008932430561627,4.136016610609741,15.006908610717687,12.685412912321924,8.24222067906643,0.946105463693657,0.9656795067971904,0.38703761481934923,5,5,2.2,2.0,0.8366600265340756,50.286805200844,56.80557478842651,18.704864171773078,59.48223415751636,68.00431440556818,15.758269711225804,15.844975763539106,16.01106293069461,6.187629457602289
front,log-0056,1.0,self-supervised,training_window,4.199769629373014,4.420320955491022,0.7472043631376803,0.07425192928281688,0.06767664242117877,0.020835790206217463,0.23890875175240006,0.23050290847778787,0.05986306562439902,5.322092020249922,5.3548219682265685,1.201481374020416,8.168046305564141,9.007335012362045,2.7746828423306,0.4138082558180882,0.42539806855330314,0.11676213070341492,9.327224418828871,10.12380391675941,2.8707670128821077,7.494233291412247,4.91249832096376,5.713345220361431,nan,nan,nan,5,1.0,0.9765343867975361,0.9772771539217007,0.010551195100717376,1,0.2,0.31684043312573074,0.23621399731083526,0.19895349396999737,7.016878557784456,5.502134848348843,4.193636667656041,21.731440175175525,20.904332470652996,4.7530000571709285,0.9631936392390804,0.9873195133441617,0.13698770190261833,5,4,4.0,4.0,0.0,72.56714909385934,70.7655681837526,8.74850401865591,87.61222414604808,87.39284228248935,5.951285103165558,22.42886653732632,21.445204011102057,2.25539777832614
front,log-0058,1.0,self-supervised,training_window,11.782145277252758,4.248436469405367,19.286874807857924,0.32990849938380906,0.09962294324084695,0.5448016276074815,0.962888346629164,0.3376633745821454,1.5482996525726105,13.926470324943725,5.364678373293611,22.382675216173,13.752935069002763,4.561968136775877,21.71491967405765,1.0604226643652372,0.38829285349019776,1.6248972946775277,15.363931038395341,5.7778102607968975,23.469184172888536,16.963457713246342,6.559062211170468,26.92374956320836,nan,nan,nan,5,1.0,0.5930571936721264,0.9831285097762951,0.8791191509304052,0,0.0,1.154795200060951,0.41070699009210365,1.6714451584023826,16.094206172753058,5.818880404188167,24.29337295239815,18.921595287778924,15.741531139167062,12.494995697835192,1.2978612760028203,0.9513068546979838,0.839862507951795,5,5,2.6,3.0,1.140175425099138,49.59027900323449,62.294690362231,21.86153440505216,63.407636398318516,71.67072882930677,30.000059957860657,15.719088512551988,19.02155609784447,6.377763343134191
front,log-0063,1.0,self-supervised,training_window,2.8004292353566314,3.260255750688051,1.4907154462028878,0.06307285221992683,0.06502778288246425,0.01909508091637161,0.2056427725101776,0.21480371940521212,0.059350540987351395,3.738621525916743,4.2351237969713225,1.870092470273873,23.139911330641418,24.888777964477086,12.462696821775337,2.566699955408071,1.2139000903557766,3.3851261608027716,23.60093009960302,25.374448143454757,12.150264504833494,4.4423269117698405,4.747103778587626,2.544415563871139,nan,nan,nan,5,1.0,0.9840289807911508,0.9869174156590399,0.012100188801634318,1,0.2,0.8064927322022228,0.2958499781373982,1.1245642347447948,7.182326550769753,6.19659335452722,3.158525292683444,19.59539389087868,20.40780492011518,11.00264777471747,1.0295122546823519,1.0207690776366254,0.13214536360358062,5,4,2.5,2.0,1.7320508075688772,65.11660300198196,71.06801587006967,37.268207765394244,74.21550093949625,81.29042120493477,40.9471145638322,19.76880111530307,21.097982341715387,11.358373655274121
front,log-0071_183,1.0,self-supervised,training_window,3.464796064949193,3.8819792557634556,1.5971687615680603,0.07732230032887506,0.06651815518369164,0.020135091231752455,0.2484492448184433,0.23174723022725635,0.07511751382620321,4.363219401513999,4.31195016064119,2.0286288946924325,8.974769348214426,7.537319787315412,2.5618941561185355,0.620154402277161,0.5545145402428708,0.27764415426446976,9.692547977471154,8.59777958842204,2.6794769285887674,4.331925554597326,4.643689701797304,1.9151736921228117,nan,nan,nan,5,1.0,0.98519851422648,0.9840331506721829,0.00985309154496334,0,0.0,0.30455220155586227,0.27613234113738716,0.11405643295659636,5.120709978976962,4.8468050769263495,2.0982287691982426,15.163531596042944,14.180627465976892,6.370142071381992,0.8757318718987508,0.8358656328294967,0.1742030867267153,5,5,2.4,2.0,1.140175425099138,57.859170361858105,49.882719306051946,30.478969544554676,67.33649177562842,52.29180234661325,32.55035240747578,17.932245776713067,14.669180788788882,8.649970834379634
front,log-0072_184,1.0,self-supervised,training_window,4.510273167239479,5.019997685106578,1.4085799646953479,0.11336381725658823,0.10855054873876024,0.046098900393381374,0.35282809098300727,0.3453140366117,0.13895432158324858,5.971415435135638,6.7521053171495495,2.0188965362952564,5.470792146623231,5.755688480946797,0.9256190395906057,0.4185085889316239,0.3726219506327621,0.12652991096567315,7.018759082084832,7.281963792938435,1.416735479326766,9.123074259865152,8.26324763231871,5.789416614814747,nan,nan,nan,5,1.0,0.976974669601891,0.9794952942858082,0.017110966269178466,1,0.2,0.3858518131461244,0.3914170938190402,0.13046301856376852,6.582521691990671,7.1516913996707565,2.158949169415296,12.87134774372775,13.596363688226038,4.187959931282558,0.749614602544488,0.6946476021149253,0.24610991756426473,5,4,3.5,3.5,1.2909944487358056,53.76733674073312,53.22248762066614,10.617347790526862,71.80484056156884,74.61264623233559,16.59859433811339,17.17757800909618,17.432816676334635,2.843640264153072
front,log-0073_185,1.0,self-supervised,training_window,3.734906649762695,2.0834718876348304,3.4513200440451732,0.1821461688694474,0.12415806413040599,0.15656271152067305,0.5373670924975322,0.36297108062901384,0.45290610642408463,4.476044113451816,2.6709924938735514,3.881568906022953,7.8322927577658135,6.759797923573095,3.323391686161708,1.3064730878417168,1.0107243797579857,0.7831169364826268,8.911031682276297,6.992992612806825,4.70936411791416,4.965291452265677,2.066146994706956,5.222622782747224,nan,nan,nan,5,1.0,0.5757438011822801,0.9551570315902153,0.8676817449479279,0,0.0,0.6658612206978022,0.49466470218661795,0.41269542657796715,5.119430686740145,3.6392831499897302,3.415802942874857,6.9700146467508475,4.700059962126115,6.111870769023463,0.7912242012649938,0.7705116159313024,0.31689428101267536,5,5,2.0,1.0,1.7320508075688772,27.362971212371814,19.743932315643548,21.47189754556033,32.58394843365912,27.283317263842804,21.263450569417515,9.436709889440717,7.358692293735446,7.816421137804722
front,log-0078-valid,1.0,self-supervised,training_window,6.560408842137576,5.4837344039641085,4.664268671636055,0.16042165751379184,0.10070625288735685,0.1337908192425333,0.4811370552205563,0.2925936078878865,0.388052859735814,8.052971339922506,6.868496140354717,5.381090842237495,14.203777844573503,14.258605556956855,1.062362428775525,0.8785715761271381,0.9557999279023186,0.1490365315218144,15.198151973971349,14.649785634634126,1.2153905395172437,8.85908273811694,7.514223766215256,6.58158256035419,nan,nan,nan,5,1.0,0.984536618978892,0.9835338468546468,0.005661398915693899,2,0.4,0.5094358011923797,0.2933551447895624,0.3906559135998274,8.480716612535298,6.886372857852602,5.326756692036859,20.842678390644732,17.686306395916056,6.804781350787468,1.245597519418606,1.075406407412188,0.595786542762195,5,3,2.3333333333333335,2.0,1.5275252316519465,54.29353249780191,50.27533455406785,12.39898077341316,62.582842389877705,65.45939988003855,13.960418975136712,17.848644467724178,15.054074837351559,4.872190618523842
front,log-0079,1.0,self-supervised,training_window,5.284884787040752,4.51279043788681,3.4895158804327466,0.08238969254628097,0.08425516965940709,0.031200667844941007,0.26272124298786403,0.2858834130434514,0.09691581438735142,6.597654187424057,5.484332281961845,4.096705598473135,13.104581800609896,11.770900573817388,4.381959658799962,0.6976029301765792,0.5001829178054238,0.4820039730721362,14.326960071448717,13.268919732056109,3.7006116180389723,7.908490154537288,7.0967178537555755,4.874630481878413,nan,nan,nan,5,1.0,0.980940245005318,0.9847812917638525,0.01578286870434272,1,0.2,0.401722158840932,0.3748287257418452,0.17620133327105755,8.959470192363518,8.720676260661058,2.6435508709186397,19.963377887935124,20.170978862769452,7.009402340415381,0.8270485273582558,0.8186059856689698,0.1409852085150879,5,4,2.0,2.0,0.816496580927726,77.52811833262385,81.13807921867358,25.034942549403596,91.6107017140135,87.48792595180294,20.184234479450332,24.575223356498725,24.40214386058213,9.208265396586965
front,log-0080-valid,1.0,self-supervised,training_window,9.53167997646307,9.361616003182537,7.5454276151182675,0.08742303945759305,0.07611918117210247,0.04387174674867203,0.2887797932997757,0.2429462418736008,0.13884339493170006,11.152134744555775,10.414110865938095,8.728309035414526,16.917209417450838,14.8547288467523,13.632236339378279,0.5157566480828173,0.4295348312748673,0.25676191960967154,19.815044399724478,18.10681642618404,15.598236712649493,10.877903913925138,10.552593118652176,7.794992934587094,nan,nan,nan,5,1.0,0.989876873360501,0.9901214263585085,0.007421112441975715,1,0.2,0.4305267303569007,0.4088647947384879,0.22027935067132393,13.895848767157545,14.214524243571368,7.667252342144021,26.190145273723488,22.87185603443732,12.032750693483264,0.8218913871563618,0.8433142002963023,0.250090340653638,5,4,3.0,3.0,0.816496580927726,113.46337639103231,116.32804669484833,52.026610606630086,124.27539391161582,127.83550738485303,56.22758291224956,34.980022081333956,32.26267266753207,19.59987659435808
front,log-0081,1.0,self-supervised,training_window,3.4902791065493104,3.957197094178848,1.0598927420725541,0.10666169583546263,0.1264840663775118,0.03946211956556678,0.3120992575132518,0.37356485845836873,0.12542830920977047,4.101826869098216,4.743339594653436,1.1223809862592786,15.805525633019329,16.11058947135605,5.261795232907624,1.1978857181079956,1.3193327193339077,0.393082033931105,16.335743949607007,16.798022031160233,5.34984755584807,4.163892772383337,4.144749408090167,1.5129140484011667,nan,nan,nan,5,1.0,0.956315541589789,0.9379554102959325,0.03238645647781211,2,0.4,0.7720713372026174,0.4279604047562381,0.7463102179595977,8.121500682917933,7.347006753601317,3.1325163065340207,15.416047935944386,13.711567563678337,8.420714440304266,1.0228734224522358,1.0769196329520985,0.13544318430972174,5,3,2.6666666666666665,2.0,1.1547005383792515,45.43255856722073,37.603996978106494,28.941313202943242,51.832573726651766,39.2506220845068,29.2937464291748,16.03518114183168,12.732210597824832,10.961980117590302
front,log-0098,1.0,self-supervised,training_window,3.697827767027148,2.6689187926507234,2.6372653838501363,0.057180080661137334,0.050387648797029574,0.02329716075419688,0.19498226795745285,0.16429018155641884,0.0967187114404268,4.7897707082008685,3.2553193799228124,3.7257221300909618,16.629081977597302,14.10212210254854,11.25935650620433,0.932614383719321,0.6614718388336341,0.7440362035208675,17.13124473225504,14.868468396171057,10.895817044452127,5.190259325147441,3.9748960213565248,3.7598071724669726,nan,nan,nan,5,1.0,0.9821435856904325,0.9889923058892884,0.022212693944558482,0,0.0,0.3901000476420252,0.34230886880169104,0.19675484993107553,8.06644451408442,6.801798980924076,2.8906191450352012,22.30865609984441,16.94288672894771,11.379085730191191,0.9186004918768642,0.9011864501169443,0.09200225407266681,5,5,2.6,2.0,1.51657508881031,82.68947976133043,53.70454049370926,46.64502516558456,94.10023635142826,63.66872892427526,48.09459187243506,24.4110109791485,16.642478717394372,12.87538413797021
front,log-0099,1.0,self-supervised,training_window,5.867196183983877,6.325462276266054,2.2871695863159665,0.11877470071305028,0.11939264990799608,0.023342140894353967,0.36222770947440164,0.3468229669225291,0.07002742613406354,6.89496709786367,7.47888265469273,2.2484513469916214,15.550772155246086,15.32866085426616,10.749264543622838,0.8453086228219235,0.877062312659737,0.42027800783148084,16.668198955529075,16.373473880287957,10.91266838464583,7.46481179774452,8.328301249140504,2.27220239997315,nan,nan,nan,5,1.0,0.9642052584219295,0.9588802846239116,0.020263893745581414,1,0.2,0.41719453651172905,0.41803978861015195,0.06410790456578537,8.361497379180202,8.357246315490267,3.9245766101596335,16.96499802702435,17.31382436457409,6.797332316023508,0.8941131633071279,0.8364385959247,0.26552253329256886,5,4,1.0,1.0,0.0,62.02050508502075,66.72499491718108,27.965731996411947,70.38091661466834,70.54547344356786,30.284010952977358,20.335936094889796,22.656853497861327,9.093823025848936
front,log103,1.0,self-supervised,training_window,4.171230320762176,4.755165487115046,2.8872489143673885,0.06481714400457834,0.06904556401685458,0.03890985042276975,0.19150343142413448,0.20089815702503794,0.1154694794515149,5.214069560633061,6.2716321403862185,3.547996467100073,14.122055260120725,16.199384429327743,6.1992360335369785,0.9985634243482202,0.7254498056857417,0.9302679451585852,15.445449185843863,17.51273847134648,5.140149824084281,5.940100771895893,6.854768271000484,4.300914234256957,0.33378422821520104,0.33378422821520104,nan,5,1.0,0.9895050649239423,0.9886687709264574,0.008476299274605189,1,0.2,0.371409292203239,0.3450191106793091,0.15962771464398573,7.976500393436835,6.494171845583043,4.407934696249566,21.578353849381035,19.01738413340594,13.446719923314824,0.9044653944978315,0.9511856116492283,0.1558105200799389,5,4,3.5,3.5,2.3804761428476167,69.93105712729754,73.02737736821535,34.3436673953466,79.50308346067845,88.2399517834197,37.80828371865622,23.88395300567084,24.176672738072778,12.687161050581292
front,log104,1.0,self-supervised,training_window,12.632235446275283,3.3945322442013977,17.884686396392954,0.15346504904367034,0.07363915287138977,0.16622496646450804,0.4554704920717402,0.2495585941683968,0.45029135344429577,14.541272949025313,3.9679327085439278,19.70114139863318,30.87982876144888,34.540599667011726,12.998509054734212,1.641085702242696,2.0393611073022684,0.7886044724316327,33.09462344286995,34.74135207299286,12.606436839226578,14.951381382865435,5.065307768179678,19.390902867892205,nan,nan,nan,5,1.0,0.5820243408768159,0.9697106082382058,0.8659355183520413,0,0.0,0.5092471258936149,0.27681950350368667,0.42973740517625075,16.27596418980646,4.755929603109923,19.586895007132284,19.33562743990917,15.250820504105214,12.418733483486413,0.8523645376373512,0.986472468006665,0.3361181573358728,5,5,2.2,2.0,1.0954451150103321,75.96374183286459,53.883464893653695,35.279522100800875,83.5108304212993,64.35156452689142,36.38089846062257,25.155530238102063,17.180616043719564,13.881074445936738
front,log106,1.0,self-supervised,training_window,7.008997424610001,6.335779068122734,5.610160732526548,0.1971590236651244,0.09648719218558127,0.1559872263469129,0.6064217354262361,0.3301135240146668,0.4599678058063434,8.205977210622109,7.046636218032794,6.388540107296192,11.420296907747359,9.24915477021831,5.322461771520448,0.9019720038341607,0.7435755108506592,0.40546373746573566,12.49344629671061,10.117123890171246,5.6174718101622645,8.985659405589702,6.009039279373231,7.320223043652395,8.109580466587419,8.109580466587419,nan,5,1.0,0.9664360230117524,0.9827599320188428,0.039717396864067146,0,0.0,1.1934870547258547,0.4729602807485321,1.4273354748371814,12.971252245167292,7.172889368871427,9.434685134998551,20.11520152622832,14.861531594944065,9.440933673274385,1.4211171515373486,1.2064453051625714,0.5635052800505052,5,5,2.0,1.0,1.4142135623730951,47.615708186350005,42.73513855142609,20.201809148155952,58.78915387308025,61.05699574440834,22.635143356138,14.909931865439637,14.618092793164573,5.628707039801122
front,log107,1.0,self-supervised,training_window,4.668092102483214,4.959757241596054,1.148212323819658,0.10234163549658401,0.09317088867927772,0.05299849175236393,0.32786886816659955,0.3280370527330218,0.151074960725955,5.957022744109812,6.377196732178221,1.4648884330031542,6.716015738950818,5.543470252455731,3.8062398354005564,0.5047323216857513,0.3350330864282454,0.45062425063027867,8.223358096303071,6.534365530758827,3.832940180393427,7.759105443637715,8.8890822998894,1.9547567307009794,nan,nan,nan,5,1.0,0.9736166643615924,0.9819399669047338,0.025085256144177757,0,0.0,0.5793579557628108,0.3296283518956113,0.6601499136506198,8.98633831188325,6.78547880603517,6.342559442207292,15.12659084674291,16.890961841432933,6.114638313100826,0.737715280196626,0.7236281656830833,0.17097978790292365,5,5,2.6,2.0,2.5099800796022267,65.16464318085004,67.55930571265458,19.597812809998246,74.66486409943397,77.35508056705925,26.49736299730576,19.822177113039515,19.503642462364095,5.497533545770865
front,log109,1.0,self-supervised,training_window,4.959106769359357,3.554856958438051,4.224328290639667,0.08637498444418758,0.06595870843475027,0.04278276266459396,0.28893571358497294,0.25088157249439225,0.13532495516655366,6.432784252237911,4.653646808466361,5.340918926985963,13.25030238911001,13.108114775722816,2.558611562134134,0.8613574042666643,0.5602410255854416,0.6911301987226103,14.108357016874814,13.90618912580946,2.9331430837745676,7.480081590505708,5.259459106697933,6.456197155778585,1.9727300602997686,1.9727300602997686,nan,5,1.0,0.9827299818507585,0.9866214503965175,0.008115377939126029,0,0.0,0.36704195454368477,0.3303244703987667,0.20707829474991132,7.371179716333441,5.982901135002375,5.246692625149965,26.708915326624755,26.766573444613954,17.087207787920526,1.1171047662882772,1.078349533603491,0.23241135052587159,5,5,2.0,2.0,1.0,80.27954761918399,89.68324511006139,41.15757359216786,94.10695895801818,110.43110866409745,44.38266784825225,24.062223108805323,24.821797210009294,13.277716586477078
front,log110,1.0,self-supervised,training_window,3.87972833220926,4.254982639252554,1.5674055179353465,0.09245652932099208,0.09879093007472486,0.030228688249682757,0.3028181129202363,0.3050093775676049,0.09170381686245897,5.061863874302064,5.7786742812634335,2.079285061692621,9.945537943180767,10.524911031716627,3.588872585425074,0.6815083789151674,0.7310518825749965,0.21771708422846717,10.940246259998336,11.944677473642159,3.915181703653118,6.036233708054263,6.376884833933745,3.472942562688298,nan,nan,nan,5,1.0,0.9606497794020409,0.9729534974152346,0.03412513667757611,1,0.2,0.32051633217876685,0.3174967922311319,0.10887290857220741,5.353170299298332,5.987743006739418,2.3104303886582915,18.7533158286309,20.073441589404474,9.033997632186818,1.0664912927781467,1.041052862631803,0.14096916198582737,5,4,1.75,2.0,0.5,58.37763157349062,56.49632592327775,28.987015888230367,68.17303520804481,65.35728423866075,31.691015962912722,17.530031192240873,18.06140981653766,8.045773340572683
front,log112,1.0,self-supervised,training_window,3.8041651227882305,3.5715104416382104,1.5137106521634058,0.07199325465598036,0.06763027549001946,0.022014422597835908,0.24218125399596907,0.242239716235712,0.055670654214926556,4.7175084627262125,4.455343060426815,1.3326878591667612,15.256846713432303,17.749610470515186,9.163677802269081,0.8648817145278171,0.933410345620749,0.5083586220956514,16.05367263603592,18.550544512438115,8.899925267723651,5.372000345648893,5.1529224014233,1.1494601826395683,nan,nan,nan,5,1.0,0.9776687386011986,0.9789771129989575,0.006477174814524342,1,0.2,0.2607035134226699,0.252459450632327,0.03685062359051758,5.102065132999749,5.0752886574600495,1.166568451838948,18.962635537430547,19.008191643510735,6.698248095706787,0.942176730952778,0.9653746499071523,0.14177989400052465,5,4,2.0,1.5,1.4142135623730951,68.02920217613928,68.72946705785887,19.521665272401606,77.29770180726143,78.63423648722593,22.425939472974306,19.682369701829632,19.507199039799985,4.3432029936348755
front,log-0046,10.0,self-supervised,full_log,3.279521476320413,3.4534525189569614,0.771263800080072,0.06578821125594023,0.0638127250353575,0.02135304440839226,0.21704413534209088,0.21052674126128013,0.07044655831286639,4.464099900048721,4.330052056651023,1.448924079093773,13.638438076531926,13.48482704840212,1.2145209495087497,0.692936417639513,0.677497860329625,0.06223181915433388,14.25211230816788,13.934576604955529,1.279965741662853,7.218781633307738,6.438935852372819,4.400826186896925,6.121891460072218,5.620958727045376,2.851190519069218,5,1.0,0.9838469807784176,0.9889668924318462,0.011829322086484705,0,0.0,0.21704413534209088,0.21052674126128013,0.07044655831286639,4.464099900048721,4.330052056651023,1.448924079093773,17.60865712822549,17.25127777130877,1.3949403959621276,0.8561313246796594,0.8387555725128553,0.06782187649789141,5,5,31.4,34.0,6.107372593840988,67.85562055611663,67.85562055611663,0.0,165.8998005948889,165.8998005948889,0.0,20.567705701942586,20.567705701942586,0.0
front,log-0048,10.0,self-supervised,full_log,3.3001576763372804,2.8154582717926044,1.156974294832745,0.06102693266450314,0.05117342343769143,0.019881546590782877,0.21130835269335915,0.1771901574628542,0.06884070156680559,4.741795676957528,3.976177524208162,1.5447971503611126,5.638600381628418,5.674346646931905,0.6620309753689937,0.29831721331247174,0.30029097982427183,0.031716853933197876,6.694289432561325,6.738581091616369,0.711731642172125,8.014705792695832,6.904650429817471,3.9011974784694927,8.014705792695832,6.904650429817471,3.9011974784694927,5,1.0,0.9861954003990354,0.9876340315066701,0.0037341439938656552,0,0.0,0.21130835269335915,0.1771901574628542,0.06884070156680559,4.741795676957528,3.976177524208162,1.5447971503611126,20.553952478811773,21.75637436367697,3.230295467015237,0.9159445356831647,0.9695279890925985,0.14395146065968475,5,5,28.8,29.0,11.584472366059666,77.70004930488071,77.70004930488071,0.0,147.0280467770388,147.0280467770388,0.0,22.44017151484117,22.44017151484117,0.0
front,log-0049,10.0,self-supervised,full_log,3.373336855076393,3.3677652182081736,1.0688179618146298,0.06012265494101994,0.06128748789361747,0.017371674969689166,0.1997559754328036,0.2036261029727576,0.05771694350284477,4.8410012539407585,4.934792151726094,1.3987456208281994,11.699676094844289,8.55925578051922,6.476023172539159,0.5130294860833213,0.3784537223335116,0.2757174902410147,12.433051777584486,9.171665280127653,6.681896314231412,5.968530716108933,4.859359584799673,2.3221996307348345,5.427865089621742,5.151892873423212,1.7004367053015377,5,1.0,0.9847236347177664,0.9892976951987629,0.009324211793773443,0,0.0,0.1997559754328036,0.2036261029727576,0.05771694350284477,4.8410012539407585,4.934792151726094,1.3987456208281994,21.518441448432775,21.107158415401653,1.6002175051144278,0.8879231869287928,0.8709522672507167,0.06603035030791826,5,5,38.4,40.0,15.565988564816564,80.51875384894029,80.51875384894029,0.0,128.6836164750667,128.6836164750667,0.0,24.23457542860456,24.23457542860456,0.0
front,log-0054,10.0,self-supervised,full_log,3.126380533068855,2.966768180336368,0.4365196649044766,0.07099472394276497,0.06570049489963604,0.010943317334248817,0.2367323937451245,0.21907875070222352,0.03649056668123359,4.247128747347237,3.930411234898836,0.6546638265556352,5.113292538099414,5.0094197304488075,0.9159002697673918,0.3379746612424167,0.33869499056621427,0.052064211131262306,6.063479006523478,6.076402169806115,0.9340648497881975,6.986876563697573,6.085693209383525,2.585632708293689,5.600373726020241,5.248411067795112,1.4600857046480271,5,1.0,0.9795197405958515,0.9785390099824754,0.0058024138591327434,0,0.0,0.2367323937451245,0.21907875070222352,0.03649056668123359,4.247128747347237,3.930411234898836,0.6546638265556352,16.134364265838634,15.500493379878899,2.0818755775277893,0.8993197290271597,0.8639881483086997,0.11604248852957429,5,5,35.6,37.0,9.6850400102426,59.82316025020701,59.82316025020701,0.0,135.89296889344487,135.89296889344487,0.0,17.94063195221126,17.94063195221126,0.0
front,log-0055,10.0,self-supervised,full_log,3.9018505736491056,3.8640799920432363,1.0180229667357086,0.06233475880349083,0.06431459594524151,0.01640228924818267,0.21494753503833136,0.22177456255179653,0.056559642012846766,5.094828506834729,5.25664722406889,1.340614008027733,7.8817454448931015,7.759999229966815,1.7200574697537485,0.3739720198517093,0.3639747263728667,0.07624742728901385,8.864131924840532,8.627169468871372,1.8072669037846891,5.234748960951785,4.739749620485383,1.3829031292271712,5.252605589531177,4.664626660460765,1.6046709537037527,5,1.0,0.9826148721208019,0.9811600798799107,0.0051250203475269145,0,0.0,0.21494753503833136,0.22177456255179653,0.056559642012846766,5.094828506834729,5.25664722406889,1.340614008027733,21.76136283971071,21.564773141838725,2.6628798518445413,0.9180978898888567,0.9098038970852075,0.11234518678879421,5,5,38.0,32.0,9.669539802906858,81.73334756770429,81.73334756770429,0.0,144.98409225186288,144.98409225186288,0.0,23.702660772202737,23.702660772202737,0.0
front,log-0056,10.0,self-supervised,full_log,4.139146869923094,3.260643725714051,1.4922378193253072,0.07478431447820841,0.059704035017212866,0.028052444705535327,0.2576710272834319,0.20571158729193154,0.09665532532484776,5.80396320151552,4.633592279874022,2.1771324363870326,6.479624719690767,6.386042638800333,1.617788567984613,0.3413951316234301,0.31542660591436744,0.085668348427331,7.6898237338084385,7.104890420963681,1.929654051714218,8.452602886288698,5.252570192547577,6.452482565196306,7.037615752297934,5.206842618353364,4.023398669215886,5,1.0,0.9775799429700663,0.9813732723132879,0.010962678799494184,0,0.0,0.2576710272834319,0.20571158729193154,0.09665532532484776,5.80396320151552,4.633592279874022,2.1771324363870326,19.26454712318473,20.31618696729831,3.028120181750174,0.8552631150529905,0.9019514053740211,0.13443552463694464,5,5,44.2,51.0,14.166862743741115,77.60936557366922,77.60936557366922,0.0,148.7314640450589,148.7314640450589,0.0,22.524702380028554,22.524702380028554,0.0
front,log-0058,10.0,self-supervised,full_log,3.230785812358994,3.2240925116179473,0.6643102299714388,0.05351189121849022,0.05300202178240914,0.009511272243834308,0.1837680983952384,0.18201712801155484,0.03266317773057689,4.299542498541723,4.258575803864697,0.7642062034510109,3.5795308565868567,3.337604497327839,0.7547520175783882,0.19555689385894237,0.1837854918342996,0.03740211500680246,4.575359833244711,4.299949445291961,0.8750810636415614,5.249110915167472,4.798452709914442,1.2778007417826907,5.249110915167472,4.798452709914442,1.2778007417826907,5,1.0,0.9866050736484846,0.9884458889914225,0.004064611526981545,0,0.0,0.1837680983952384,0.18201712801155484,0.03266317773057689,4.299542498541723,4.258575803864697,0.7642062034510109,21.51247197695225,21.65137736493615,1.5481463937073325,0.9194713317349956,0.9254083306169262,0.06616981199872697,5,5,42.2,41.0,8.555699854482976,80.3474218652934,80.3474218652934,0.0,161.1697294857218,161.1697294857218,0.0,23.39656630333357,23.39656630333357,0.0
front,log-0063,10.0,self-supervised,full_log,4.348431891431921,3.5408344967626983,1.40437258562538,0.0668643838438113,0.054391289929528325,0.020850985508984687,0.20689804275752666,0.16830262663847392,0.06451907343454526,5.68016213711865,4.620566703619524,1.7713014253806887,9.526318564739741,10.826697562986284,3.7826258942063338,0.3798828555168397,0.419682821937983,0.1408922784542812,10.429273199921415,11.521938260020189,3.8680452208350937,6.735929587588497,5.861932780021688,2.8079375377211244,6.1444314400484865,5.131656606528465,1.7546872113939151,5,1.0,0.9836243359246497,0.9876897577844652,0.013554656830710355,0,0.0,0.20689804275752666,0.16830262663847392,0.06451907343454526,5.68016213711865,4.620566703619524,1.7713014253806887,25.241121297964064,24.717049575899328,2.70493221573588,0.9193995642179325,0.9003104236366807,0.09852626874334648,5,5,23.6,27.0,9.710818709048173,84.9504894920883,84.9504894920883,0.0,153.67050225201805,153.67050225201805,0.0,27.453919144974673,27.453919144974673,0.0
front,log-0071_183,10.0,self-supervised,full_log,2.6937313736818225,2.3507287927822884,0.9304022838083628,0.04500721767826286,0.03981803943900139,0.012337544423502022,0.15775154706754757,0.1395633333213753,0.04324343561370663,3.5661211883183164,3.1549596141619975,0.9775582862061339,8.623342438331445,8.405692626886472,0.839638451771133,0.4119356577905052,0.4278489324732333,0.03960586576890689,9.312190623661827,9.67192507366571,0.8953276194477681,5.3660973283027245,4.0774353922556195,2.5298538718071666,4.114208798460934,3.3707123569015374,1.7207666163099589,5,1.0,0.9904289228857209,0.9906086358383303,0.0008514433773561717,0,0.0,0.15775154706754757,0.1395633333213753,0.04324343561370663,3.5661211883183164,3.1549596141619975,0.9775582862061339,21.392456041430137,22.005734647077148,1.8592626642559014,0.9463203458044902,0.9734494431389157,0.08224666134512712,5,5,42.8,47.0,10.894952959971878,79.23442888229562,79.23442888229562,0.0,152.4462174422029,152.4462174422029,0.0,22.605934804502045,22.605934804502045,0.0
front,log-0072_184,10.0,self-supervised,full_log,2.8384383291793798,2.5211273477670915,1.0589991306826128,0.05340021889064088,0.046559816982007694,0.018863775307043883,0.17634124301448417,0.1537524783924268,0.062293032775808665,3.782295056051595,3.2977948263163244,1.336106210134,3.056725243960577,3.0115701040223444,0.7717484413940535,0.2019413408509283,0.1897047022305451,0.06423170606671963,4.331384547687233,4.068924235139908,1.3776882829274275,5.9865877977203406,5.736559127787103,1.795669203497512,4.505978487882669,3.9640186274056566,1.5480733532307358,5,1.0,0.9897307300262946,0.9907050388230441,0.002138450104499732,0,0.0,0.17634124301448417,0.1537524783924268,0.062293032775808665,3.782295056051595,3.2977948263163244,1.336106210134,21.500791004991477,20.562967488647317,2.757407149755745,1.002427403316553,0.9587034309268943,0.12855808367117533,5,5,41.6,48.0,10.261578825892242,70.82920509740632,70.82920509740632,0.0,152.19039707482895,152.19039707482895,0.0,21.448726295645585,21.448726295645585,0.0
front,log-0073_185,10.0,self-supervised,full_log,3.661641309169396,2.534475302200305,2.067190955665926,0.07477791891604217,0.04871922300954865,0.041921624278491276,0.2644050684643438,0.17226488356586026,0.14822945193133827,5.121023483657015,3.3364432810378473,2.870922666947128,9.489318070292764,9.074550682945873,3.1567205252644976,0.5367705661831406,0.4872188944869653,0.15162980244682484,10.396225347436655,9.436503675365923,2.9367809916139276,10.111053211858438,7.24063131049974,6.2789166337002715,7.086526071141895,4.550032980500376,4.423054324293573,5,1.0,0.9691914402378743,0.9889982864575365,0.04118381236376002,0,0.0,0.2644050684643438,0.17226488356586026,0.14822945193133827,5.121023483657015,3.3364432810378473,2.870922666947128,16.402359271348345,17.418546804770546,2.6207480018126006,0.8468750319068228,0.8993421090847694,0.13531261027379876,5,5,29.6,30.0,3.646916505762094,68.4830971213134,68.4830971213134,0.0,149.90437255734173,149.90437255734173,0.0,19.368098778891632,19.368098778891632,0.0
front,log-0078-valid,10.0,self-supervised,full_log,5.771540046060408,5.7384127676192245,0.16062440891883545,0.08228180275195592,0.08120719977018563,0.0037893912451540156,0.264146193207572,0.260696435456155,0.012164940952970802,7.331516461666434,7.23576662163978,0.33764433160624885,9.99762343375392,9.611261302181804,1.883638613519379,0.43557165010043547,0.4278873475740236,0.061895543797766545,12.089520140981586,11.876238284503941,1.7179433583603614,6.848049037312455,6.927347079592686,0.6893950885982767,6.848049037312455,6.927347079592686,0.6893950885982767,5,1.0,0.9648854662775678,0.9664101130857728,0.003638502885367203,0,0.0,0.264146193207572,0.260696435456155,0.012164940952970802,7.331516461666434,7.23576662163978,0.33764433160624885,26.538520589278495,26.28744036563868,0.9071730450724393,0.9561526900568833,0.9471065553846182,0.032684412248041174,5,5,31.2,33.0,7.5960516059331775,89.10252591047124,89.10252591047124,0.0,191.14572150135155,191.14572150135155,0.0,27.75552572853157,27.75552572853157,0.0
front,log-0079,10.0,self-supervised,full_log,5.825197850962278,5.751268244559349,0.7369799351782197,0.073719358797217,0.07337641815960273,0.008277673069708493,0.2549908335793104,0.2538046225150766,0.02863197388827073,7.523867788760097,7.488866941507745,0.8448271768937008,7.47834799156428,7.482820093400475,0.5068638164010764,0.3176510369883503,0.3238062893773383,0.023246666654053328,9.372746352152827,9.554365842277722,0.6859260153760556,7.709548642759576,7.117940128893154,1.9601023590352225,7.709548642759576,7.117940128893154,1.9601023590352225,5,1.0,0.9703263778069504,0.9696330484656527,0.0034475540655419966,0,0.0,0.2549908335793104,0.2538046225150766,0.02863197388827073,7.523867788760097,7.488866941507745,0.8448271768937008,26.746810527966954,27.062597224007217,1.8901903630423194,0.9064741305399933,0.9171764335465472,0.06406029848315142,5,5,37.6,38.0,10.114346246792227,102.06094995286549,102.06094995286549,0.0,190.67881336638965,190.67881336638965,0.0,29.506424537491974,29.506424537491974,0.0
front,log-0080-valid,10.0,self-supervised,full_log,6.735046044732241,6.67623681796903,0.48789614154363053,0.08701280996486217,0.08590519876760468,0.005114033996350067,0.2931483916223419,0.2894168210507209,0.017229311883358314,8.580456330415691,8.471233222772286,0.5043021297170274,19.80858279553817,18.88427396455787,4.220477213804009,0.7317025333872003,0.7112812261940056,0.1433040452986708,21.416940409728333,20.819208545632183,4.194510827271562,9.313609518552761,8.676517476953011,1.5700678978375808,9.313609518552761,8.676517476953011,1.5700678978375808,5,1.0,0.9601864111948695,0.9612641247127219,0.0036762002460034634,0,0.0,0.2931483916223419,0.2894168210507209,0.017229311883358314,8.580456330415691,8.471233222772286,0.5043021297170274,26.54909730756392,26.538386594055233,2.350082125530749,0.9070409399030602,0.9066750119946493,0.08028976184374777,5,5,23.0,22.0,6.041522986797286,98.61141519140322,98.61141519140322,0.0,209.41055645838256,209.41055645838256,0.0,29.270009918627654,29.270009918627654,0.0
front,log-0081,10.0,self-supervised,full_log,7.912241245725231,7.947708633031661,0.21841722349070425,0.1398976193461671,0.13985577049311693,0.005213429396955777,0.46098538091998814,0.46084748215119886,0.017179096740083086,9.498724516240022,9.495883075990347,0.3539797879191505,13.105614355155248,13.670832771239665,3.28315590216801,0.7592593194806294,0.8027601990654645,0.15988595986748547,15.64473714489904,16.541084162598057,3.2944920807791322,11.539069095956496,10.763768370512455,2.6112268455445573,11.539069095956496,10.763768370512455,2.6112268455445573,5,1.0,0.8916204153011279,0.8888176278783627,0.0049013777029672,0,0.0,0.46098538091998814,0.46084748215119886,0.017179096740083086,9.498724516240022,9.495883075990347,0.3539797879191505,18.176252185253908,18.699228710057433,2.0798462935460624,0.8821170171838799,0.9074977440474266,0.10093762949395231,5,5,25.0,27.0,10.954451150103322,67.89768518316298,67.89768518316298,0.0,200.25954166451217,200.25954166451217,0.0,20.60526192237035,20.60526192237035,0.0
front,log-0098,10.0,self-supervised,full_log,6.5213766937358475,6.517222662570222,0.18534449369391592,0.09523171834933748,0.0947335558719724,0.0028412006702842924,0.3189579866325515,0.3172894994567411,0.009515985441831914,8.480757838336206,8.436394516872435,0.25302005752337875,7.155252711894041,7.320408291528474,0.7229774034757821,0.342650173603349,0.351649128502199,0.029117900462062283,9.110708204154736,9.349980962617362,0.7742143885050669,9.011030925527754,8.456539917423772,0.917005821749171,9.011030925527754,8.456539917423772,0.917005821749171,5,1.0,0.9496356824658972,0.9506792154389648,0.0042051194862916755,0,0.0,0.3189579866325515,0.3172894994567411,0.009515985441831914,8.480757838336206,8.436394516872435,0.25302005752337875,24.112296604369966,24.807867134864583,1.1828580261033896,0.9068540482610421,0.933014183970214,0.044486827907363996,5,5,33.8,31.0,7.049822692805827,89.05392011542135,89.05392011542135,0.0,200.15184341259442,200.15184341259442,0.0,26.58894962271716,26.588949622717163,3.972054645195637e-15
front,log-0099,10.0,self-supervised,full_log,8.655249338741038,8.794601445582122,0.6575360956728755,0.15912561083348808,0.15785988061769193,0.009457137409433212,0.529766592600216,0.525552678950105,0.03148503521780726,10.405270993712886,10.322504518653938,0.6184050264096344,11.20691179667305,10.171638473486484,2.3913040929617577,0.7094656199092694,0.7012645360323126,0.13173589104694744,13.934782107805267,13.773702678913645,2.5874558061764135,11.313064713380994,9.872807074429652,3.2201922315761093,11.313064713380994,9.872807074429652,3.2201922315761093,5,1.0,0.8698436757891367,0.8697813657036905,0.0003562728595427559,0,0.0,0.529766592600216,0.525552678950105,0.03148503521780726,10.405270993712886,10.322504518653938,0.6184050264096344,19.258647488445288,20.661761797632142,3.530287436565054,0.9805211285902132,1.05195829606578,0.17973855244120562,5,5,22.6,20.0,9.60728889958036,65.39029725768751,65.39029725768751,0.0,185.2820851030399,185.2820851030399,0.0,19.641236610714596,19.641236610714596,0.0
front,log103,10.0,self-supervised,full_log,5.20935223751444,5.177757732051979,0.802143421113649,0.10349503406865809,0.10256195658713763,0.010830524269030894,0.346077313050026,0.34295719283770865,0.036216218214516184,7.883710390025516,7.812633427715599,0.8250126924209579,18.551867282622283,17.9651590406992,1.4605948322878914,0.8567207302046176,0.821022850876104,0.07409986880735366,19.516269536824773,18.703064707869693,1.6880098278260076,10.34883554770796,11.108645176845258,1.933567308595447,10.34883554770796,11.108645176845258,1.933567308595447,5,1.0,0.9443168173570331,0.9470744324875663,0.00987499757603933,0,0.0,0.346077313050026,0.34295719283770865,0.036216218214516184,7.883710390025516,7.812633427715599,0.8250126924209579,21.467204570882636,21.303164910661565,2.9232473753755897,0.9423624294958725,0.9351614540624301,0.12832404375615966,5,5,30.2,43.0,23.274449510138798,76.17476974591364,76.17476974591364,0.0,161.83235720034813,161.83235720034813,0.0,22.780199951696677,22.780199951696677,0.0
front,log104,10.0,self-supervised,full_log,5.131122162528671,5.1741416261493045,0.6187249070623796,0.11163698756555465,0.11341952234609921,0.004100019214617999,0.3744309456524447,0.38040957512008194,0.013751482418146922,8.034317115084596,8.16260299960968,0.29507115219172153,28.12863607330018,28.104002919361303,1.1180045255373252,1.3487363127260776,1.3474022638967595,0.050763006008647395,28.94038371264752,28.911758484241055,1.0892424697369685,10.898895242863428,10.30459690762881,1.7173690780829793,10.898895242863428,10.30459690762881,1.7173690780829793,5,1.0,0.9366796661586656,0.9384758754847299,0.005021902722971705,0,0.0,0.3744309456524447,0.38040957512008194,0.013751482418146922,8.034317115084596,8.16260299960968,0.29507115219172153,18.52923798056657,17.713561018719396,2.725521669634332,0.8635357554230272,0.8255219837736698,0.12702008665320985,5,5,42.0,41.0,4.0,71.96823642671964,71.96823642671964,0.0,167.6308323463045,167.6308323463045,0.0,21.457406788546354,21.457406788546354,0.0
front,log106,10.0,self-supervised,full_log,4.9251743666255585,3.7883803476536,2.3166050424285753,0.08706391878734096,0.06933933162379917,0.03944302763918681,0.3043680178297013,0.24240437620917982,0.13788945302433323,7.1753634048522175,5.714593480056655,3.2506928362607344,10.49914132815094,6.6924781726478555,9.291610761550281,0.491991913436966,0.31614808973547276,0.407647867874067,11.598527323373512,7.453074241430634,9.610147656335588,8.736413358501682,6.431029555268016,5.116090747336173,8.6859887850789,6.612141736641446,4.418702549535098,5,1.0,0.977200430676729,0.9767258704778606,0.00240750131003433,0,0.0,0.3043680178297013,0.24240437620917982,0.13788945302433323,7.1753634048522175,5.714593480056655,3.2506928362607344,23.09560985064882,20.641946144809776,6.565347111534785,0.9796806926958542,0.8756000048714736,0.2784920531482061,5,5,42.4,39.0,8.203657720797475,82.41489132115096,82.41489132115096,0.0,139.2265583706526,139.2265583706526,0.0,23.57463000224599,23.57463000224599,0.0
front,log107,10.0,self-supervised,full_log,2.631691401521634,2.561306390307616,0.19228734008816042,0.04910449227784054,0.04874851277182996,0.0019748684986638115,0.1758369864755785,0.17456226881370354,0.0070717547291961474,3.9012762355020976,3.8729942123571077,0.156900258707199,4.918589919928875,5.001708724315722,0.7249021977056319,0.2657162366393743,0.26616274480658497,0.031787957149732725,5.89541745548635,5.905324083987052,0.7052759734405203,5.165205618682831,4.62103389109133,0.9906979352732458,4.564292843674382,4.5150491253337455,0.3132387232954462,5,1.0,0.9855828609752791,0.9861568153698422,0.0014715371597786723,0,0.0,0.1758369864755785,0.17456226881370354,0.0070717547291961474,3.9012762355020976,3.8729942123571077,0.156900258707199,21.769602329120538,21.94775858347568,1.185447397612801,0.9811920610721984,0.9892218587580197,0.053430079142992214,5,5,36.4,39.0,11.674759098157015,79.44845887883525,79.44845887883525,0.0,143.2959687942977,143.2959687942977,0.0,22.186892039599044,22.186892039599044,0.0
front,log109,10.0,self-supervised,full_log,3.722100992837391,3.5706662059776373,0.3933262191065987,0.06507360878946467,0.062362928296965096,0.00562195136364564,0.23084977560804565,0.22123358872246532,0.019943971679453845,5.255656934515583,5.036729369367729,0.45405577190975116,12.033972909664943,12.2512456120097,1.6042185758376193,0.5676476435747659,0.5732989600365983,0.06919979421099556,12.923388235735292,13.052049311855203,1.5754417666386271,7.575150080136342,7.78737562280515,1.0952786093620865,7.575150080136342,7.78737562280515,1.0952786093620865,5,1.0,0.9762012273334184,0.9782149966780718,0.004808623500543052,0,0.0,0.23084977560804565,0.22123358872246532,0.019943971679453845,5.255656934515583,5.036729369367729,0.45405577190975116,20.77617380929791,20.937204484734483,1.2322877864163744,0.9125738459776851,0.9196469665701676,0.0541270791688338,5,5,41.0,41.0,8.916277250063503,80.76479900660537,80.76479900660537,0.0,163.14952995471293,163.14952995471293,0.0,22.766567221789458,22.766567221789458,0.0
front,log110,10.0,self-supervised,full_log,4.21866374045354,3.98759958799093,0.5108844631582787,0.08071188330562726,0.07855178179809888,0.008269185417734555,0.2922431944609064,0.2844218559037388,0.029941231242460734,6.481927716998422,6.308451132637739,0.6640938107372323,8.55323147329441,8.89738108850537,0.666548706256161,0.4300106492269876,0.4425886515121141,0.032416559803339705,9.537597448489963,9.81657640567946,0.7189963751477975,11.81093415560925,10.934386015578914,2.6242301347767087,8.148077489650031,7.799909415075924,1.4237428966483656,5,1.0,0.9624784755915456,0.9618385440535792,0.005879770093677384,0,0.0,0.2922431944609064,0.2844218559037388,0.029941231242460734,6.481927716998422,6.308451132637739,0.6640938107372323,19.515269846185486,19.37226411313943,1.863534163619654,0.8798624498171392,0.8734149153680886,0.08401901421008608,5,5,40.6,40.0,6.9498201415576215,80.30945941942232,80.30945941942232,0.0,153.5219790158836,153.5219790158836,0.0,22.179909882779203,22.179909882779203,0.0
front,log112,10.0,self-supervised,full_log,4.335749265656144,4.084014626825262,0.8182656131013671,0.08104509354455376,0.07602491910575496,0.014869337775595163,0.2758210838353384,0.2587359045333892,0.050604875407093686,6.335124946376793,5.942708441793283,1.1623049410941906,16.635828180651927,14.17464839122013,6.440891613851277,0.7693306895189481,0.6562304536847178,0.2778267242906784,17.670172183408383,15.072458783433945,6.381190978405267,8.219848673489563,6.235304703949653,3.7459841798122078,8.219848673489563,6.235304703949653,3.7459841798122078,5,1.0,0.9642292016778858,0.9699823091624905,0.012846983085433,0,0.0,0.2758210838353384,0.2587359045333892,0.050604875407093686,6.335124946376793,5.942708441793283,1.1623049410941906,21.251147622270373,21.805273210695233,2.2518149863276573,0.9252405626619449,0.9493662936733991,0.09804037890062021,5,5,33.0,31.0,18.587630295441105,78.16790220488943,78.16790220488943,0.0,168.2475820465773,168.2475820465773,0.0,22.968240347278098,22.968240347278098,0.0
front,log-0046,10.0,self-supervised,training_window,2.6328129356874737,2.4498909887470015,1.0082037699907684,0.06060049201963802,0.06618380599470568,0.018498959483171876,0.1998348255648793,0.21789519433279897,0.054701908546248026,3.4735764536226115,3.1374848103002515,1.223774966428939,13.776490064386257,14.167891924370739,1.7556497526601695,0.8459659505981392,0.8165472134384762,0.2068354088694114,14.23975062276558,14.511132709596257,1.8107253587644123,4.98538470212444,4.229328178453495,2.124046219866673,2.875482277502626,2.8066607113825444,0.9957840244862695,5,1.0,0.9841689581471968,0.9850224216543517,0.0065992439532082114,0,0.0,0.20868042656450272,0.21927057756379453,0.05040634519179639,3.6141239418008766,3.213931994471508,1.1217721906734766,15.714631514528127,16.534730792027986,3.8331277998760345,0.8945989450685232,0.9166395235414748,0.06440698508072354,5,5,31.4,34.0,6.107372593840988,59.128315317002105,63.90782182476124,15.900881245353876,99.00559861627295,100.3932705032487,24.30668177536464,17.609327458767286,19.263367442830614,4.2061002292196035
front,log-0048,10.0,self-supervised,training_window,2.2032868639674956,1.8759226507540625,0.7173940705520494,0.05481461302689668,0.053541402923089836,0.013705867452226378,0.1764999446668996,0.16959202566669804,0.047405454046068586,2.795400670850895,2.4608084293657826,0.661258569502852,4.546202138284395,3.761190624608392,2.0555283548335512,0.3140775667107338,0.30666789446246784,0.054294672937764674,5.218046952411333,4.23181831372686,2.080431314187074,3.2400711364441057,3.3025335843934247,0.429422641539436,3.0238613748039755,2.796650363976367,0.7468514568799214,5,1.0,0.9864678972058304,0.9894990782747088,0.010157036853058556,0,0.0,0.2098011836207588,0.2201684537005298,0.03638071037014912,3.3607002751327273,3.0852965156670598,0.7274412233314704,15.925647723683474,14.66196946021878,6.623309451312328,0.9407764954929252,0.9343820391737782,0.07045670551166812,5,5,28.8,29.0,11.584472366059666,53.60869931586772,49.58860048575277,18.83153460184947,84.89877336092441,75.6282134513348,26.098159074721778,16.806109774390755,14.995466556246894,6.2001887635429105
front,log-0049,10.0,self-supervised,training_window,2.4665739671565716,2.4814950954541866,0.4171866418668826,0.048464475408050364,0.04637969968964966,0.006775696441930548,0.16493506695030813,0.16312044712374116,0.015507923677393226,3.236534261032807,3.07622104600227,0.40323938339591897,11.877008078188926,8.585519683407625,7.816994203029607,0.6407256771870002,0.44866990556302955,0.4173145726488395,12.352824084239984,8.928375304166103,7.6394046730746075,4.333317931940379,4.555646665659294,0.5827747361941155,3.0690843931579193,3.1324436324256726,0.4299653975884489,5,1.0,0.9884779750551418,0.9903803558123027,0.003960419353978038,0,0.0,0.1785605605257421,0.1689943881097028,0.028323318979500613,3.50828250146335,3.1354538043531996,0.6400264706165621,18.2425779173917,18.105089726346012,1.6701644350672105,0.9295349664729106,0.9314771114755271,0.03255310512980254,5,5,38.4,40.0,15.565988564816564,67.70598040592299,66.32688582692086,12.436733257804024,103.82576527750821,104.66319054849649,11.124816618002844,19.666462884603977,18.890378734697325,2.2251772821362588
front,log-0054,10.0,self-supervised,training_window,2.3765460318773677,2.1832723367576325,0.40201631763905116,0.0581853208844629,0.06075048427982856,0.006388664664479926,0.1956808346796947,0.20224881308029166,0.01886112825025274,2.9997322521865133,2.827491456959406,0.5713614056479237,5.35731279087804,5.971350420412793,1.6487965390302926,0.4038764145039514,0.42441277788172993,0.12758352617341892,6.031815246061242,6.442603477726361,1.6716814911715117,3.8749634300627873,3.2222247482087227,1.2016409540405635,3.0826743431934327,2.8343454020208796,0.7858060375966597,5,1.0,0.9858134046900242,0.9848554294350995,0.0038024294027326168,0,0.0,0.2347521314680645,0.24964291159729027,0.03732237945007365,3.605406226663367,3.6049050052019753,0.8442301077817093,13.961778677080442,14.448420412898846,1.693140070640569,0.9168573148428234,0.8807170634013404,0.08187756477433253,5,5,35.6,37.0,9.6850400102426,51.876170768380504,46.542698226658246,10.011220862602865,83.51500084735417,81.37137021578258,16.05399587293298,15.312914551143574,13.733840266428059,2.281040746919102
front,log-0055,10.0,self-supervised,training_window,3.549900855517302,2.6998200405123534,1.4002263713519345,0.05914510790713845,0.05452876958685173,0.01607159922998096,0.1993573662904345,0.18451563036454213,0.0509447994286194,4.458909799089275,3.5370858039498394,1.5707726963057786,7.5931519975062045,6.516185171469794,1.9576348382617028,0.3941908922329143,0.3976558806541686,0.12454171404054115,8.498058181902296,7.4643819752808955,2.1133667883794676,4.760119867446454,3.9167926112203446,1.5021055373057557,4.624792536075158,3.602778513484599,1.5841308370561071,5,1.0,0.985482268395739,0.9859611208014866,0.004113018848078151,0,0.0,0.2017497328966206,0.18469599363661154,0.04814737393315762,4.518229971215873,3.7708503556862616,1.5355493838188417,21.29871552021135,21.35372159735153,4.232660871627171,0.9602587662020128,0.9703530827692854,0.12233912832038156,5,5,38.0,32.0,9.669539802906858,75.49999353519925,73.67739426006162,14.84614194074267,115.63187749356639,113.54902524243585,17.293304306280234,22.316115383047013,21.48653794591846,4.40086058422604
front,log-0056,10.0,self-supervised,training_window,2.7391610539122992,2.498285346530923,0.7331093010545925,0.05696235767706751,0.05244379614441139,0.026699337236986805,0.18382480262639067,0.17699642628484014,0.07501098369536711,3.789444626194313,3.602256942478008,0.5850069687096181,5.4811366342472505,5.476805495835157,2.4205873123824637,0.289648794960332,0.2832664479591344,0.05757769614720117,6.445793843612011,6.068060140354208,2.04258296598008,5.623285298343757,4.58197167637136,2.896571941705831,3.6070607053784856,3.7025505463397232,1.2937144166549304,5,1.0,0.9851962610889273,0.9886529184681585,0.00978364742082554,0,0.0,0.18825961717186573,0.17741301100982734,0.07119362520640198,3.903816573958369,3.6096276234612503,0.4676086667378887,21.02826775837401,23.571955733058086,6.8134338496071445,0.91578341504625,0.9412389721218088,0.08115954764932373,5,5,44.2,51.0,14.166862743741115,74.79492082717817,84.82067748977943,22.480618337947906,115.1110234643875,116.09928685793942,26.51294218599351,22.553318631784087,25.043539877997702,6.145224772574627
front,log-0058,10.0,self-supervised,training_window,2.729160206517525,2.7860551220535235,0.3403756740796095,0.05897389532211159,0.05803121965266824,0.011277379423788229,0.19145689390954845,0.18764450573457858,0.029245264377016647,3.548938461698884,3.702633232651439,0.3709480566574056,3.141119143207092,3.028842347201767,0.5757949141890082,0.20959610161733072,0.22255504827640107,0.03437492105236,3.8948780395103126,4.053178464229868,0.5921520167136137,4.9689110734171535,4.273472321471537,1.389397795392174,3.062658170252616,3.1587887092583316,0.27044874518412376,5,1.0,0.9853742916555983,0.9877044052967805,0.008486625631477288,0,0.0,0.2206483132076451,0.22727471685150366,0.03106104761717495,4.091219565232411,4.147413017813279,0.415198179386488,17.007909782365182,17.18558112274049,0.44051281453891444,0.9148022538102284,0.9063648295860359,0.05729947162496025,5,5,42.2,41.0,8.555699854482976,60.99980623400793,63.80416015401107,6.269684692501462,124.06497085935844,126.3539534547979,9.152122039367484,18.669169888098324,18.662750805850575,1.5561693153008151
front,log-0063,10.0,self-supervised,training_window,3.5357258663243143,3.151983498678678,1.499232274858623,0.05433221245487273,0.05461607767392024,0.009636162678388476,0.17439732875063593,0.17463062898211726,0.027462462303211813,4.587369599221093,3.9981896738269818,1.879374364014201,8.810996564354332,8.61958925245917,3.491313087639141,0.3669024510793212,0.38095122295868267,0.05375873819545576,9.655220370385914,9.488904463374107,3.740983801271269,6.199422400880081,6.163484338525918,2.4811222713528345,4.179690075527593,3.4765645715317075,1.8011972344213347,5,1.0,0.9898674025699987,0.9927640595263804,0.0075428290690278555,0,0.0,0.19699376082763326,0.19672620142819278,0.01774729829190998,5.0508443048715685,4.900144738469767,1.5802480259596876,23.151360753977354,22.342994831543354,7.445472302464547,0.9021580973697937,0.8970046266657613,0.056350075759707526,5,5,23.6,27.0,9.710818709048173,82.30084844137349,87.8405840907832,23.605148843840766,119.2920158096285,125.27300965539557,10.04174763575495,25.59759823817656,24.908449931405674,7.695763454927887
front,log-0071_183,10.0,self-supervised,training_window,2.50642843353915,2.3448059099088105,0.7105688810069215,0.047391987976546444,0.04159472159019642,0.015171191567122249,0.15771972145289626,0.14328923745594985,0.04862758251089867,3.2769688387544305,3.286195849610433,0.6698080542000165,8.837776405101199,8.70182671223019,1.217299656909212,0.4550931927172458,0.39235977557412,0.12014673500023357,9.420010445544268,9.082571781489246,1.2213428092919194,4.031519943060376,3.6951105112499865,1.2255176510008954,3.188174391948709,3.441366382181981,0.7534533240100258,5,1.0,0.9916562247306864,0.9918007167556997,0.0011250986649275613,0,0.0,0.1649449687049199,0.14392676547248384,0.05677316952295414,3.419982238819884,3.2896150847609142,0.814778993945949,20.141071715614984,20.47670713503755,3.871276740153919,0.9419835600589523,0.9863501692543801,0.09747625818698603,5,5,42.8,47.0,10.894952959971878,71.02786890558892,70.5904617527749,9.640432920087745,108.66621962011875,104.6828550656124,7.160112676004786,21.27187835569763,22.400482549507487,2.744565641765133
front,log-0072_184,10.0,self-supervised,training_window,2.81747434395849,2.399594371341656,0.870078838900742,0.047763066002324106,0.04479545730301034,0.007335842065321532,0.1631360413308916,0.14924293789812562,0.022571877113846086,3.809383839796454,3.4976185253976846,0.7817232102160012,3.100382497825267,3.0567030714234376,0.6741995922881898,0.18469513138027982,0.19389219647459827,0.024106241249756133,4.286128908110865,4.024521848192074,0.6902758256419971,5.6434704481903575,5.290224361433393,1.073337102970844,3.719871967921486,3.72381105592639,1.1204447877477361,5,1.0,0.9904439150894231,0.9902523457341829,0.0013222454004439047,0,0.0,0.16522684200174317,0.1499849532267604,0.022231915053143016,3.8582895756576336,3.5956156069912395,0.7817296620366196,23.230123069465016,21.374968409373416,3.534257991372603,0.9990382577564961,0.9906815421687607,0.1005048988675631,5,5,41.6,48.0,10.261578825892242,79.52116860939347,80.5902883796108,8.61251212269096,120.29159534390223,125.94064273936429,13.98929449465036,23.205179621043744,24.232187667445547,1.901744152504692
front,log-0073_185,10.0,self-supervised,training_window,3.0358816603588537,1.928286334165565,2.0149158564789893,0.07072474295354209,0.05155982925204146,0.036798252360565456,0.23045978936906306,0.16931334924286848,0.11735043022824188,3.9910292201023934,2.6748601217144565,2.4901324507269216,9.737289910691924,9.090958900166395,3.6811485007515743,0.6591383055201758,0.5761355741235449,0.2556599764688564,10.58136409793669,9.241962363412151,3.384393060686456,6.405912217804278,3.9800235187716777,4.692811263626215,3.7007019131682144,3.0432916694447396,2.38703376441266,5,1.0,0.9788031620529642,0.9880685595740435,0.022001313885053265,0,0.0,0.23865969944602144,0.16946011295502825,0.12533107521317458,4.13110970062503,2.776857254186336,2.582240773912763,15.007973489159081,13.47891697813014,5.108870256341619,0.8828638535857738,0.9115256879684049,0.12958880238851297,5,5,29.6,30.0,3.646916505762094,56.5437515032544,54.58061254310403,18.397305190659676,96.16494078962118,98.68748034732485,19.53772336407691,17.043559535531962,16.472204899187354,4.872885225379986
front,log-0078-valid,10.0,self-supervised,training_window,6.165431069702653,6.442739860461577,1.593053284434201,0.08949980366589345,0.07498418266535163,0.04438779370100135,0.2953498991665924,0.2530996285768713,0.14898058668319591,7.553137897957311,7.8424773681288675,1.716392502429028,11.111971810524391,11.423809390232822,2.059326698966427,0.5057378716044545,0.4618339282739754,0.21238130834191205,13.14824185595722,13.694606486788611,2.5308723684398253,7.048751185572091,7.0581502777295,0.5300764622445565,7.198506406573917,8.106821511821803,1.6785589454861083,5,1.0,0.954593849158433,0.9676706927050953,0.04424905033079121,0,0.0,0.31892117215933363,0.2545133836734819,0.16824659405307488,8.072615384025926,8.034062430655675,1.6251588520917652,27.15535845200131,26.790977493372562,5.70207455923859,0.9850456644802474,0.9465521817227909,0.10187237770335675,5,5,31.2,33.0,7.5960516059331775,93.19906697384233,87.62101908832814,28.0242584984298,144.56446770005635,162.45143849061375,35.152129828991846,28.155463989940706,26.66940918409932,7.9334698079373025
front,log-0079,10.0,self-supervised,training_window,4.364398278056425,4.55649991332667,0.9011346031132382,0.08359541349325078,0.08502578738590405,0.023017554041492586,0.25105995515494794,0.2723659889851859,0.053157341351432075,5.590079040749204,5.613353871136339,1.0037588239047288,8.300331073161875,8.845584699105451,1.4998217207214897,0.4305244848924345,0.473842176390566,0.09165553455127552,9.626559773439451,10.135638948767935,1.9803494818418734,7.060131576327679,6.8054228870267055,2.6366703285724413,5.362368548358761,5.159042510863774,1.3658511786554624,5,1.0,0.9715136578257922,0.9672341569011726,0.009754582893207369,0,0.0,0.2881681191891701,0.2923181062340649,0.08355173797845518,6.276047742294935,6.571941080229444,0.9116235821859779,21.996764313288786,23.63923796006241,7.110316349151677,0.9350405641355035,0.948560299646227,0.09736473617115095,5,5,37.6,38.0,10.114346246792227,71.77372902104393,70.25950267274709,23.256368460171835,134.09483279625698,145.81952949657463,23.514245172956056,23.19652602883204,22.48215536456425,6.32221882750345
front,log-0080-valid,10.0,self-supervised,training_window,5.331831865726188,5.165903056980145,1.3902686589352717,0.07806207419020397,0.07475376698220551,0.030934856680148306,0.2551735904512625,0.23750547383172624,0.10163358253967528,6.667382342279635,6.159072024470841,1.6272595323859131,19.349186936782765,18.263911090598064,4.416804447064354,0.7779186035889468,0.6329332583439234,0.29445938022111073,20.47270276512743,18.91692848992909,4.631815845966844,7.3176190455875245,6.9371358570146215,1.9524185582352322,6.210016480137268,5.876889489981841,1.5045936838065201,5,1.0,0.9692317814935126,0.9716478934277873,0.027059823946561035,0,0.0,0.35581066587169974,0.3091302181001672,0.21030496268931745,8.798745162262588,7.998735973727147,2.7735724233750254,24.97626557808467,24.557895680882236,7.772788389307491,0.8786025181025401,0.9062171834574082,0.07650309463030955,5,5,23.0,22.0,6.041522986797286,92.8825060327423,83.39423006087924,27.95570473353827,146.93363419738728,157.58045947621162,41.285623588676984,28.46796567530233,27.420792829384332,8.502951449721888
front,log-0081,10.0,self-supervised,training_window,4.651043441566008,4.169978481437899,1.3417022561675684,0.11240607901085906,0.11502321127563973,0.021486319643649738,0.36981734646659675,0.3870247393900505,0.06960589297349294,5.715281405091409,5.057822274573579,1.8143092532539324,17.7937491444632,16.90804733793533,3.1296338832506443,1.2678079712560044,1.1730783647237735,0.42987318576267963,18.72837338549454,17.507704122544794,3.328528481076843,5.795728082288766,5.14250916895214,1.7232945424891775,5.594382382982952,5.020392813221899,1.79517524128275,5,1.0,0.9317770724622543,0.9259966393322124,0.027142205116825767,0,0.0,0.6360611166206102,0.4513769762570439,0.341198664436408,9.539600787016012,11.32021035308854,4.05297858825182,14.812770210439293,12.987704045815319,4.359405001408231,0.9498196161694485,0.9808979252291793,0.08141878005492074,5,5,25.0,27.0,10.954451150103322,52.109997098670554,42.58341961848387,17.59373284884089,86.60911746634595,75.69301852971404,25.692550011247924,15.877692328802755,13.240627502378334,5.627850017235849
front,log-0098,10.0,self-supervised,training_window,6.38890516884093,6.012687057164878,2.1640714534425993,0.08992314623085892,0.06624017822399755,0.05046546576134659,0.30951527716848465,0.22382548984407497,0.17351100284496312,7.807834262004067,7.610835094471162,2.4426385308865304,6.825378494836509,6.076600042823209,2.3189241548882515,0.3503899207851519,0.22407092965956005,0.22282435744753046,8.678688584426071,7.626778401218592,3.1813960846459914,7.78031598933879,8.382703583501087,1.2172240507296406,7.601637497647097,6.819033671445024,2.644895497686825,5,1.0,0.9520320197111765,0.9818059749567609,0.052663643229286995,0,0.0,0.35637401870421864,0.2550854315905465,0.21471029042191836,8.959096413227018,8.521548556887575,3.0924498749577034,25.74803628482703,25.781619248581425,4.126093093467688,0.9552191184026722,0.8991723659364624,0.13835372003888532,5,5,33.8,31.0,7.049822692805827,94.126938165003,88.88769211035904,21.119215907715127,141.98340279589397,150.90348959066807,18.012823516445543,27.56743152643579,27.105330076539673,6.799486251040592
front,log-0099,10.0,self-supervised,training_window,5.241458218495369,5.4436191683621376,2.048979805831301,0.09505214208945648,0.08698424208777245,0.03840571248120212,0.32144215896092326,0.3076286428988436,0.12557477857523155,6.310477151836643,6.490279286092125,2.1738322426126055,6.0739503878678915,6.787153890688849,1.9363746813813305,0.36709040557560024,0.339270800191533,0.10088783783447083,7.312530052876989,8.26045229868666,2.0857824724757092,7.697933513744883,8.571446930490257,2.655788885660417,6.188497107828597,6.34841755672526,1.826322500968924,5,1.0,0.9472535159631328,0.9570968974919725,0.04217362458347286,0,0.0,0.4961820988895164,0.5068910422845445,0.05186404188272567,9.81209172912541,10.209845302618751,0.9929333982101245,18.398676035919124,19.220512893742228,3.243985638067539,0.9205307338343104,0.8735153777054743,0.09437760564981032,5,5,22.6,20.0,9.60728889958036,68.16060823876421,69.21732228576693,13.292400783160648,111.71408155776449,109.38477222575219,17.706840322716044,20.103303649015466,20.142090609065114,3.9628228526631224
front,log103,10.0,self-supervised,training_window,5.2727220305926235,3.3915422271237188,3.435478620970002,0.10148093902182664,0.08123802172446064,0.056320361065661496,0.3101830671456076,0.27295475724643947,0.15128537415408105,6.600286072220248,5.436519178010845,3.5576094253195776,16.396131724604526,15.601076816847769,2.7322140312854573,0.8437723593006725,0.7151630985206674,0.3209597474305811,17.22140628105202,15.999290932258592,2.877526174890346,7.364885547402227,6.685280519635481,2.757845596662219,6.643778407340806,6.685280519635481,3.3968806566641994,5,1.0,0.9518657829513012,0.964139553597537,0.04003768092972311,0,0.0,0.345724273447744,0.30857014716375497,0.16382233666546409,7.420136156352055,6.14588124325232,4.131216849779709,18.641231940635677,20.47360491637779,4.298331492297985,0.8697442486609605,0.9263227728417565,0.16451854045417488,5,5,30.2,43.0,23.274449510138798,67.71917098404248,73.1539006466637,11.619931211027414,100.07778580053471,107.60623773111331,26.896840288404547,21.545438515140177,22.371527509394042,3.8882567037978117
front,log104,10.0,self-supervised,training_window,5.560635503513806,6.290003108280065,1.9082867214836297,0.1105901835307804,0.12508314109075394,0.026808156649924517,0.3743151575397917,0.4359006405907686,0.0928377785981366,8.640533303464085,9.946826225658855,2.952038070708937,27.195837781314975,27.90624313424281,2.768799887513663,1.3072226879814282,1.2606799799578527,0.42930143854810493,28.090054377858657,28.93639352570496,2.520025464798986,10.295599673615065,11.845098885950643,2.6472660979681453,11.076669282358328,13.045330828246906,3.5702524660045043,5,1.0,0.9318934526877116,0.9150970472838755,0.029544805591058255,0,0.0,0.3854330449364244,0.4367178919922111,0.08417719422874208,8.912018530629101,9.965475103214548,2.902095485599814,18.692030228170815,18.062947874605975,4.537980902800795,0.82628630315167,0.7915741534910422,0.10085442430779083,5,5,42.0,41.0,4.0,76.7870872973285,79.52171762653406,16.105985988442985,112.85072113717406,117.73390493692011,20.72715895647858,22.659424932777206,22.989544708089884,4.464704267632496
front,log106,10.0,self-supervised,training_window,3.2073796669054397,2.581581032054467,1.2481934058942565,0.0680358726833712,0.05804524431063327,0.02295945388411903,0.23663487651553403,0.20203221636601087,0.09332026356260018,4.754325986727661,3.7739618218676205,2.424478783308266,10.653899792423143,6.1633423433967405,10.811953803928398,0.5509073805350304,0.3579805507710973,0.4575302142861068,11.350799644918443,6.91293410676313,10.79930996531522,6.327778395578616,4.3348090805916,4.53793028843759,6.1853754599642645,4.693157652828361,4.014440879282979,5,1.0,0.9811037734268522,0.9819334203863325,0.004833600435889716,0,0.0,0.25314661242848946,0.22280909584612626,0.10175125520118522,5.073512435226048,4.162073932628446,2.60709624603201,19.783999919073658,17.86558470965208,5.54156984583372,0.9993141578185256,0.9314330177388516,0.17306687309939459,5,5,42.4,39.0,8.203657720797475,67.48631825103848,66.11810493828195,10.248631548065376,114.78929927584811,110.27977033354477,16.206659668994625,19.576778263508885,18.680000099739228,2.3367653589155952
front,log107,10.0,self-supervised,training_window,2.1231087085075666,1.9702084137698632,0.3899379637303553,0.046042416905466496,0.04524890015862777,0.004748297621002067,0.16118912290569565,0.16057027878012622,0.0206066854394831,3.1562627768396196,2.902363792436865,0.5540622576490215,4.464682767705318,4.660203259356185,1.0551017941497753,0.26286012819805993,0.26109812160042567,0.03645003468243235,5.1827059022622,5.374524199939407,1.059265605323267,3.9799799151837014,3.7212307341777384,0.44771303702930876,3.384131333457417,3.561835260215078,1.034931399609879,5,1.0,0.9875524578176751,0.9875779555471257,0.00257098996585845,0,0.0,0.1764783125525265,0.16440395451288722,0.026525009524471083,3.4418960022092477,3.3434006450407634,0.5145781185906432,19.27923068954561,19.392032671509522,3.2335914513078463,0.9786718878337897,0.9842434952540507,0.04449739932727247,5,5,36.4,39.0,11.674759098157015,68.9289596377969,66.00356754199382,12.841528805548444,107.61842836091387,103.3086629088578,24.44254763133416,19.666042019826136,19.163060182390147,2.986780541707873
front,log109,10.0,self-supervised,training_window,2.91647519012697,3.281620458664993,0.5940408195383119,0.05766125719057995,0.05245629892852939,0.017921453830508038,0.18965498813078754,0.1762872054506512,0.05837494389753941,4.120473140214012,4.577635862155322,0.9710275408226076,12.978936313637409,13.024623866023337,0.43800235238033663,0.6237546540550395,0.5984276130599122,0.11300119128573322,13.525769235850433,13.696679597554779,0.5275133519246793,5.089792567485535,5.773332793550047,1.3105200152964012,4.69505526129444,4.934441694881207,1.7744101128600491,5,1.0,0.9816362127796088,0.9875494894366676,0.01368041658037203,0,0.0,0.21691581768318918,0.19964914910826992,0.054584874372016014,4.6809922443063146,4.826191844619075,0.6289624722309001,21.064677106943034,22.450393330602477,3.943627968811354,0.9460825770696687,0.9589900565806783,0.029335516989529895,5,5,41.0,41.0,8.916277250063503,73.5110489173727,74.14430734646106,15.28690668717445,121.61641254159186,112.62681420012309,23.789089172437667,22.307648692294915,23.126331531347873,4.3680061163676305
front,log110,10.0,self-supervised,training_window,3.0287031794548387,2.767576363440144,0.791979266242585,0.06366665249996688,0.06113582057403274,0.016985229152325,0.2150676706996144,0.20060886699748118,0.06068287185958516,4.076038261936441,3.697462071513428,1.1710349380739282,8.838663042197714,8.681957392416523,1.5700990219560609,0.5106093803622249,0.5271459744573044,0.11553501673314132,9.560796147368883,9.694221956194907,1.5728474316391399,5.68161531752526,5.4653928647035945,1.9827039220086886,4.324966451262963,3.4651492577080454,2.0708347786184156,5,1.0,0.9798306708644624,0.9854420492844226,0.015955688525926756,0,0.0,0.23936318048533015,0.23552231344953392,0.061762083191337185,4.518284095054978,4.531169963706497,1.1168413476438068,18.072301837417452,18.693792834245674,1.918817092945634,0.9572572826962251,0.8971546701673342,0.1113198428654626,5,5,40.6,40.0,6.9498201415576215,64.02654370080315,63.57526290985246,7.198270806696989,107.51060510324888,109.57954137809632,11.588060212704814,19.009562262213308,18.39001420085791,2.463098638382541
front,log112,10.0,self-supervised,training_window,3.970396023673193,2.9439649298994897,3.1638437404200697,0.07952194363401255,0.06083586404836899,0.045608782723605634,0.24536852731485706,0.19625124376123917,0.1279098764323604,5.375922530599065,4.263023726495343,3.495873111622446,15.053929702770095,12.960320022110325,6.573489426258974,0.7537738662483532,0.6484861860537889,0.3312279020504404,15.970625839630813,13.62166695198642,7.005684010930261,6.347314941533197,4.748832955546525,3.852452735244796,5.44702549623035,5.003854555041831,3.1718212218979827,5,1.0,0.968798245163892,0.9806545179307039,0.028803182229037896,0,0.0,0.267217752254505,0.19630136524164737,0.13393451226031602,5.844311990153945,4.264112479137579,3.7225137090958165,18.97664894357771,19.401947934726863,2.044100844010482,0.9077325318185304,0.963954252776746,0.13330018520074152,5,5,33.0,31.0,18.587630295441105,65.67287041338471,66.53742562493542,6.657373504870656,124.82098962437314,124.56262494196045,6.960812841488686,21.117356773879187,20.787433663766773,2.4044040621143368
front,log-0046,2.0,self-supervised,full_log,3.082534895005346,2.7010602944743125,0.755858251988549,0.05974285297759398,0.0581035996038748,0.012442846205985758,0.1970996873124549,0.19169157050378643,0.04105061901540825,4.053888362587479,3.9426558076650573,0.8443170507914849,14.066268158449214,14.148451672941068,1.4635748158547863,0.7126626305871946,0.7083558608672612,0.062303813169702266,14.657835250689647,14.569254878564017,1.2814464933832517,5.867699785619777,4.691456262349748,2.395439848946147,5.096375170904862,4.590526718631814,1.384748418242284,5,1.0,0.9859735298882942,0.9868049241207989,0.0035448880560309238,0,0.0,0.1970996873124549,0.19169157050378643,0.04105061901540825,4.053888362587479,3.9426558076650573,0.8443170507914849,18.925820434146765,19.130088125563976,2.019686422428169,0.9201716860602129,0.9301031628314854,0.09819697207342934,5,5,5.0,4.0,1.7320508075688772,67.85562055611663,67.85562055611663,0.0,165.8998005948889,165.8998005948889,0.0,20.567705701942586,20.567705701942586,0.0
front,log-0048,2.0,self-supervised,full_log,5.4604655488299825,4.374618397083024,3.937376502907266,0.11968363321554036,0.08059172865177527,0.10608785443898226,0.4144096757765163,0.27905229180922453,0.36733371289547717,9.299424201834745,6.261981289808506,8.24303152055793,7.323075901980905,6.205921193111524,2.2632064423478946,0.49210150995541097,0.35511863278211386,0.30302469528405385,11.042842286111743,7.968923027746533,6.7999261354066505,34.53841546860043,11.403746730973861,51.24839647736685,34.53841546860043,11.403746730973861,51.24839647736685,5,1.0,0.9477471870163511,0.9808980180078886,0.07223117470279707,1,0.2,0.4144096757765163,0.27905229180922453,0.36733371289547717,9.299424201834745,6.261981289808506,8.24303152055793,24.066277692511086,22.680882404852035,8.905289287960228,1.0724640708113335,1.010726784768631,0.396845865552791,5,4,4.25,4.0,2.6299556396765835,77.70004930488071,77.70004930488071,0.0,147.0280467770388,147.0280467770388,0.0,22.44017151484117,22.44017151484117,0.0
front,log-0049,2.0,self-supervised,full_log,4.03589453946091,3.535537373202816,2.3069622514104355,0.07273546823852829,0.06296330705827363,0.03727419675240989,0.24166172336870595,0.20919396906605087,0.12384256048000741,5.856569263185474,5.069727022540379,3.0012718732242614,15.375535534379225,13.432942166729255,11.495966064349055,0.678000954305673,0.5913009112355772,0.4890245646430931,16.431065267786707,14.329926534341205,11.851302698283543,8.41399703268328,6.805114222616246,6.047312985066195,6.892559356573885,5.653214685123518,4.224299347923052,5,1.0,0.9767377370602341,0.9792958644746974,0.015770736570359923,1,0.2,0.24166172336870595,0.20919396906605087,0.12384256048000741,5.856569263185474,5.069727022540379,3.0012718732242614,21.591626415000505,22.603039121363373,3.9969377459099724,0.8909430445195863,0.9326773306985419,0.16492707939881238,5,4,8.75,9.5,2.6299556396765835,80.51875384894029,80.51875384894029,0.0,128.6836164750667,128.6836164750667,0.0,24.23457542860456,24.23457542860456,0.0
front,log-0054,2.0,self-supervised,full_log,4.256415482544904,4.278667126247587,1.113314350051081,0.10190800257645816,0.10541222758208046,0.03042262043401813,0.33981293329851464,0.3514977956056246,0.10144443642249563,6.096458768909965,6.306092582974091,1.8199772974554886,6.179742591488854,5.423254973974004,1.7554898097362865,0.4338964996275852,0.4276436352729378,0.08740805576351744,7.784377405171276,7.672197067137446,1.5681557581116248,24.63308076113688,24.35341385673122,17.402463943610503,11.564733246085286,13.113362066274668,4.9537850060049164,5,1.0,0.9505119234777428,0.9643570057201205,0.03832535910629171,1,0.2,0.33981293329851464,0.3514977956056246,0.10144443642249563,6.096458768909965,6.306092582974091,1.8199772974554886,16.73256907985898,16.07016259188309,3.6423515898879435,0.9326633044159081,0.8957411664588757,0.2030224798987088,5,4,4.25,4.5,1.707825127659933,59.82316025020701,59.82316025020701,0.0,135.89296889344487,135.89296889344487,0.0,17.94063195221126,17.94063195221126,0.0
front,log-0055,2.0,self-supervised,full_log,4.879763984546354,3.911876675129071,1.9752275579017755,0.07458620993313286,0.05974547605150219,0.03161549415836407,0.25719393610745145,0.20601897004922523,0.10901899147123283,6.096180620222507,4.883197759715381,2.5840401725702953,8.028918450002388,6.506387477969198,3.049746469588651,0.40032649175370594,0.31301486762304054,0.14361093936619587,9.488803032164109,7.419285223924875,3.4039613789743166,9.866522185091947,5.75979631586718,9.112414007833726,6.8208648023813865,6.15459111366774,3.0169279117264685,5,1.0,0.9658666997748814,0.9874420237049509,0.03573465887729007,0,0.0,0.25719393610745145,0.20601897004922523,0.10901899147123283,6.096180620222507,4.883197759715381,2.5840401725702953,21.80256137583688,21.311541702049848,2.2169877180163424,0.9198360296075201,0.8991202256517516,0.09353328469419395,5,5,7.8,9.0,2.16794833886788,81.73334756770429,81.73334756770429,0.0,144.98409225186288,144.98409225186288,0.0,23.702660772202737,23.702660772202737,0.0
front,log-0056,2.0,self-supervised,full_log,5.43794019321724,4.955672718769073,1.3207259914130818,0.092835607063631,0.08877815787100705,0.021637887599106474,0.31986715940997545,0.3058871275154745,0.07455382542190507,7.204912566854849,6.890016509167906,1.679302728921018,7.675242695626137,7.060755577655324,3.0658015908527148,0.4134009827237436,0.4238881656659737,0.1438200364892391,9.311734099463651,9.547954774042296,3.239503518204957,10.807756366236816,8.210171913711232,5.686757482757757,8.655125178580503,7.451348946801323,3.403285368685603,5,1.0,0.9678611216045503,0.9663408089564939,0.016555651807290763,0,0.0,0.31986715940997545,0.3058871275154745,0.07455382542190507,7.204912566854849,6.890016509167906,1.679302728921018,18.733710271703313,18.565762053577075,3.6953738553443465,0.8316962397831056,0.8242400605496275,0.1640587206435561,5,5,8.0,9.0,2.9154759474226504,77.60936557366922,77.60936557366922,0.0,148.7314640450589,148.7314640450589,0.0,22.524702380028554,22.524702380028554,0.0
front,log-0058,2.0,self-supervised,full_log,4.904589780994273,4.730549061273747,2.117296326754133,0.08344318290003035,0.07483819318690459,0.042754875590556955,0.28655677638031507,0.2570059128192585,0.14682684550096384,6.704444618251574,6.013055879624549,3.435244025872615,5.110435371404469,4.706812459579826,1.729848452904218,0.3006052672694466,0.25832073514733717,0.1384448814698694,7.033131066800917,6.0438182074005455,3.2391348486669567,12.65972820348944,7.548236843442967,13.751120536494634,12.65972820348944,7.548236843442967,13.751120536494634,5,1.0,0.98185873728366,0.9869795082845669,0.01035752353142842,0,0.0,0.28655677638031507,0.2570059128192585,0.14682684550096384,6.704444618251574,6.013055879624549,3.435244025872615,23.114557309622025,21.551702776169428,6.352348676931006,0.9879465648909616,0.9211481076647865,0.27150773299695324,5,5,6.8,7.0,2.2803508501982757,80.3474218652934,80.3474218652934,0.0,161.1697294857218,161.1697294857218,0.0,23.39656630333357,23.39656630333357,0.0
front,log-0063,2.0,self-supervised,full_log,4.386606749849153,3.337762959340547,2.7852246840957857,0.06691688414729487,0.05289074207285181,0.036748905447948586,0.2070604941166882,0.16365949083488113,0.11371190720043853,5.684622063598061,4.493094428688551,3.1218375061017034,11.333197567053059,12.508522052894206,4.279749540546192,0.4521201684278594,0.480936795645999,0.1688829578857874,12.412470547830782,13.203599901508465,4.63649907076057,6.663854596565846,5.41460666119806,4.1753739808653005,6.2093951377710095,4.928874298426328,3.6794024316885663,5,1.0,0.98977416834104,0.990780687306356,0.0038468929090280566,1,0.2,0.2070604941166882,0.16365949083488113,0.11371190720043853,5.684622063598061,4.493094428688551,3.1218375061017034,23.90399955045752,24.82162887942447,4.345120239391148,0.8706953431394893,0.9041196904656859,0.15826957952509685,5,4,6.5,6.5,2.3804761428476167,84.9504894920883,84.9504894920883,0.0,153.67050225201805,153.67050225201805,0.0,27.453919144974673,27.453919144974673,0.0
front,log-0071_183,2.0,self-supervised,full_log,3.5178235941208222,3.7482465123800406,0.9731167229413334,0.05946549033060501,0.06099024840096122,0.01472373617331154,0.2084281939808482,0.21377251333473243,0.05160710392182495,4.711714164551159,4.8325274994395055,1.1666268267059368,8.49237176038135,9.096408967031046,1.0746013770036873,0.420292582042782,0.4361518209784208,0.05908985711524032,9.501106708474959,9.859619629903028,1.335781457554464,10.75029953135229,9.512481869887976,6.819142395803534,6.843039690051502,6.68069451041142,3.015107531285239,5,1.0,0.9872739754002728,0.9886077747608379,0.004073573465150773,0,0.0,0.2084281939808482,0.21377251333473243,0.05160710392182495,4.711714164551159,4.8325274994395055,1.1666268267059368,21.337897940439316,20.526752355886178,3.4087020725274306,0.9439069043138977,0.9080249294445549,0.15078792812622716,5,5,7.4,7.0,2.701851217221259,79.23442888229562,79.23442888229562,0.0,152.4462174422029,152.4462174422029,0.0,22.605934804502045,22.605934804502045,0.0
front,log-0072_184,2.0,self-supervised,full_log,5.03850580603069,4.3686630678851515,2.161402087297869,0.09219300107204684,0.08100167522097995,0.04070939577595579,0.30444497689371347,0.2674883435211274,0.13443288440824733,6.529956981477406,5.737284267460284,2.8834141428066586,5.453698599239431,5.121750877194451,2.2324210636882214,0.3469365369824368,0.2923485536085208,0.14986066803504244,7.441346823695409,6.2705041092770335,3.2143204511662287,10.664462228904506,6.581446671960455,8.691009650492614,8.233458300175787,6.995705327678764,5.016114892957447,5,1.0,0.9797607803636902,0.9865815680677468,0.0168906758652757,0,0.0,0.30444497689371347,0.2674883435211274,0.13443288440824733,6.529956981477406,5.737284267460284,2.8834141428066586,22.722339583119467,22.716860951245174,5.891518238384868,1.0593794367981861,1.0591240075573642,0.27467916542815574,5,5,6.2,7.0,3.1144823004794873,70.82920509740632,70.82920509740632,0.0,152.19039707482895,152.19039707482895,0.0,21.448726295645585,21.448726295645585,0.0
front,log-0073_185,2.0,self-supervised,full_log,5.304795716427856,6.045531379536663,1.7265056251956148,0.11648274711808326,0.12373647750637623,0.03479714114220706,0.4118679574548095,0.4375162117488593,0.1230381992363108,7.977099283845085,8.473857206518375,2.383015996385817,9.314623246585896,9.433600123907087,2.208912517682547,0.5671440397133392,0.5575349933121928,0.08020198872875346,10.984501783027593,10.798392823159237,1.5533600399620504,19.348777077524865,21.936977994816107,6.34753172829999,12.912692320858332,14.664445525432008,4.31087760832071,5,1.0,0.959977134917119,0.9568509434514177,0.024194047950936423,0,0.0,0.4118679574548095,0.4375162117488593,0.1230381992363108,7.977099283845085,8.473857206518375,2.383015996385817,13.916506337374505,11.434047631418979,4.931873068931653,0.718527228523919,0.5903546735253334,0.25463898781364463,5,5,5.2,3.0,4.919349550499537,68.4830971213134,68.4830971213134,0.0,149.90437255734173,149.90437255734173,0.0,19.368098778891632,19.368098778891632,0.0
front,log-0078-valid,2.0,self-supervised,full_log,8.920081981208842,8.474191210529593,3.38449036209929,0.165026972098375,0.12319309464927856,0.12800801396048805,0.5297799148587778,0.3954821830917349,0.41093933843009883,14.704320057322075,10.97681590797848,11.40583738066235,16.76421262992681,15.50575257574677,7.570758561692474,0.7890390779087804,0.6260786120329213,0.3901843110429251,21.900194427713977,17.37714102436308,10.829770684021273,21.04446837534102,10.143184809607769,25.603031436805725,21.04446837534102,10.143184809607769,25.603031436805725,5,1.0,0.9168137103066822,0.923859401356214,0.052600450788706184,0,0.0,0.5297799148587778,0.3954821830917349,0.41093933843009883,14.704320057322075,10.97681590797848,11.40583738066235,31.51092967265493,26.156524516898116,13.11206310270246,1.1353029296167487,0.9423898063660259,0.4724127091285389,5,5,3.2,2.0,2.949576240750525,89.10252591047124,89.10252591047124,0.0,191.14572150135155,191.14572150135155,0.0,27.75552572853157,27.75552572853157,0.0
front,log-0079,2.0,self-supervised,full_log,6.674959242015989,6.255699784730547,1.625948674499825,0.08393337891508372,0.07783988418438052,0.020043984255339865,0.29032051558610794,0.26924348336357856,0.06933093744858554,8.566320384827256,7.944412524078906,2.0457080739402658,9.889748689188597,6.7219012225250285,4.876536634385083,0.3954313267160422,0.29580705830062504,0.16873940447404215,11.667764601507235,8.728208643404882,4.978896504614661,9.661316114601062,8.019363497113934,3.2391976005204737,9.661316114601062,8.019363497113934,3.2391976005204737,5,1.0,0.9605279894533814,0.9723219907055146,0.024221115460143924,0,0.0,0.29032051558610794,0.26924348336357856,0.06933093744858554,8.566320384827256,7.944412524078906,2.0457080739402658,27.12373463874915,26.34534609733748,3.537887572092251,0.9192484370407101,0.8928681299173369,0.11990227984406843,5,5,4.8,5.0,2.588435821108957,102.06094995286549,102.06094995286549,0.0,190.67881336638965,190.67881336638965,0.0,29.506424537491974,29.506424537491974,0.0
front,log-0080-valid,2.0,self-supervised,full_log,6.7163654490312865,6.482862085268428,0.6828579620481976,0.0880895940359884,0.08497790571971008,0.011261593928366734,0.2967761048142579,0.28629274695562323,0.03794059918922039,8.686639531525008,8.379791543022248,1.1105217145871575,17.460658556593057,16.324135640295747,4.3111898998415015,0.6562606080079554,0.6544154197140194,0.14387040191765688,19.208754505597465,19.154745825932228,4.211088091126764,9.165746157214485,8.768491115680954,1.5556545536357174,9.165746157214485,8.768491115680954,1.5556545536357174,5,1.0,0.9566941272729336,0.9602608390709849,0.011518039240193326,0,0.0,0.2967761048142579,0.28629274695562323,0.03794059918922039,8.686639531525008,8.379791543022248,1.1105217145871575,27.329945512314897,26.777065144413623,2.265958538300686,0.9337183550088899,0.9148293840301194,0.0774157079071782,5,5,5.2,5.0,2.3874672772626644,98.61141519140322,98.61141519140322,0.0,209.41055645838256,209.41055645838256,0.0,29.270009918627654,29.270009918627654,0.0
front,log-0081,2.0,self-supervised,full_log,8.385998425113064,8.444375245298582,0.3291467988059307,0.15187196314624404,0.1523101200809016,0.00896546484225337,0.5004427888712022,0.5018865871457537,0.029542663018476658,10.311754741852607,10.341504583462807,0.6087343093800351,12.935013989040431,11.342221871040561,4.210269165514387,0.7688021876618396,0.715828868071968,0.20351902266236707,15.841370443263525,14.749841318216792,4.1935627681428995,13.517462587304541,12.397473060912208,3.88590250701041,13.517462587304541,12.397473060912208,3.88590250701041,5,1.0,0.8875424643573118,0.8835208859993189,0.009474197517808097,0,0.0,0.5004427888712022,0.5018865871457537,0.029542663018476658,10.311754741852607,10.341504583462807,0.6087343093800351,20.0619021963122,19.71999789420975,4.205377175552721,0.9736300500277435,0.9570369922257819,0.20409239112787506,5,5,5.2,4.0,3.2710854467592254,67.89768518316298,67.89768518316298,0.0,200.25954166451217,200.25954166451217,0.0,20.60526192237035,20.60526192237035,0.0
front,log-0098,2.0,self-supervised,full_log,8.642334596804835,6.558081598579429,3.4163315401663685,0.15937038820102087,0.09928640876109089,0.12009820184526324,0.5337765508228844,0.3325382927802057,0.4022428800269719,14.1925578196174,8.84184391435726,10.695215673133822,10.24200087821389,8.969668820309794,3.8062599095922343,0.5919783927689423,0.4352040442784933,0.3867248423649666,15.740083663070482,11.571618408923628,10.282607351495335,23.778777093894057,9.403861234181791,31.915868638494302,23.778777093894057,9.403861234181791,31.915868638494302,5,1.0,0.9154003172220729,0.9431347996154645,0.04728963396549344,0,0.0,0.5337765508228844,0.3325382927802057,0.4022428800269719,14.1925578196174,8.84184391435726,10.695215673133822,29.59016606922749,24.56125790181262,12.784342667823003,1.1128745771869881,0.9237393071303533,0.48081412952470565,5,5,6.0,5.0,2.9154759474226504,89.05392011542135,89.05392011542135,0.0,200.15184341259442,200.15184341259442,0.0,26.58894962271716,26.588949622717163,3.972054645195637e-15
front,log-0099,2.0,self-supervised,full_log,8.811112706267457,8.337439648144114,1.0778597014528994,0.1628523037451799,0.15118684030484278,0.020909291396515883,0.542173630003895,0.5033365579227915,0.06961194994819812,10.648960550996529,9.8861524289842,1.3672647798657813,12.828488976380948,11.955721523358386,2.4964892333816,0.8043179140288444,0.7439413409641544,0.13368741804916795,15.797798459676935,14.61192790236926,2.6257862097792253,16.5185391478414,13.76608007188201,9.203313106513964,16.5185391478414,13.76608007188201,9.203313106513964,5,1.0,0.8774153963875099,0.8763434644055925,0.010801713658990462,0,0.0,0.542173630003895,0.5033365579227915,0.06961194994819812,10.648960550996529,9.8861524289842,1.3672647798657813,19.414049142597083,17.763577473997053,5.288049136897205,0.9884331382682097,0.904402193510909,0.2692319858319151,5,5,3.4,3.0,2.1908902300206643,65.39029725768751,65.39029725768751,0.0,185.2820851030399,185.2820851030399,0.0,19.641236610714596,19.641236610714596,0.0
front,log103,2.0,self-supervised,full_log,6.719155192319249,7.1465638409555,2.129461216688918,0.11918778633762143,0.11249360761299158,0.03266635378011677,0.39855234809373347,0.3761676664812837,0.10923310519289879,9.079102180793464,8.56917465780679,2.488351977638951,19.114485528713836,17.988724244503114,4.6120414470885835,0.9022889702406969,0.8257119295493756,0.19373209891595455,20.55432315629357,18.809882857636055,4.413255950367324,12.22305959645068,8.971281470566845,7.810869122868759,12.22305959645068,8.971281470566845,7.810869122868759,5,1.0,0.9446973811436971,0.9443094456873805,0.004315721810596959,0,0.0,0.39855234809373347,0.3761676664812837,0.10923310519289879,9.079102180793464,8.56917465780679,2.488351977638951,20.51411685460825,20.313080465772376,6.2079822302336565,0.9005240032179943,0.8916989538653919,0.2725165820930946,5,5,5.2,4.0,4.08656334834051,76.17476974591364,76.17476974591364,0.0,161.83235720034813,161.83235720034813,0.0,22.780199951696677,22.780199951696677,0.0
front,log104,2.0,self-supervised,full_log,6.70157416826064,4.9408177822513215,2.840016868292073,0.13308196494201355,0.11269850011849347,0.03815962585408243,0.446357493776539,0.37799126340811173,0.12798755238623208,9.577674317079245,8.11071230146443,2.7462809754217683,27.351249575299306,28.635328655705845,3.7541571987535383,1.339664465882327,1.3664353144202548,0.1492943578105525,28.74572540459777,29.32015839175065,3.2034697667758185,15.193031908934893,12.182976421846117,7.637610565961765,15.193031908934893,12.182976421846117,7.637610565961765,5,1.0,0.9332155528436183,0.9408443988575503,0.018397368083304028,0,0.0,0.446357493776539,0.37799126340811173,0.12798755238623208,9.577674317079245,8.11071230146443,2.7462809754217683,17.32987504476934,17.341605220153387,6.5249041782766355,0.8076407002741716,0.8081873728287651,0.30408633450336287,5,5,6.0,7.0,2.6457513110645907,71.96823642671964,71.96823642671964,0.0,167.6308323463045,167.6308323463045,0.0,21.457406788546354,21.457406788546354,0.0
front,log106,2.0,self-supervised,full_log,4.35766282024953,4.773921385297119,1.2613792770958827,0.07611153823065206,0.08151306856289892,0.018255738924595692,0.26607943161641157,0.2849627199334546,0.06382050277414826,6.272724151564815,6.717890686864841,1.5045447394578593,7.756568911852296,7.2762640310365105,2.129891263981816,0.3772231386524944,0.3598369783463139,0.0871151676856588,8.892895922018493,8.483023625640552,2.053707845773022,8.624655408746964,8.43520146951167,3.0284727132115488,7.540057088465249,8.731757281383073,2.007126036315186,5,1.0,0.9699744738274351,0.9775193194632166,0.018645792291663618,0,0.0,0.26607943161641157,0.2849627199334546,0.06382050277414826,6.272724151564815,6.717890686864841,1.5045447394578593,20.74541834878975,21.518040376382704,2.1135221899783754,0.8799891386127081,0.9127625915797045,0.08965240132197269,5,5,7.4,8.0,3.286335345030997,82.41489132115096,82.41489132115096,0.0,139.2265583706526,139.2265583706526,0.0,23.57463000224599,23.57463000224599,0.0
front,log107,2.0,self-supervised,full_log,4.971038688399743,4.414555938236733,2.8334457954417624,0.08725703673791123,0.07191519175143721,0.04502202564771392,0.312456430706382,0.2575192210080662,0.16121818896176082,6.932437095160958,5.713551154627611,3.5769305533142655,6.583813461608665,5.940929432060263,1.992569005445187,0.3899801162254374,0.3970751770492489,0.1419164566221992,8.652446736284066,8.809864084796361,3.1486851017191744,9.64359800374154,6.218937887519868,6.32006060268203,8.638115726368351,5.728387906009619,5.064439042279937,5,1.0,0.9596589782960823,0.9741493418796707,0.0407031768195872,0,0.0,0.312456430706382,0.2575192210080662,0.16121818896176082,6.932437095160958,5.713551154627611,3.5769305533142655,18.740680724752195,21.436412559642942,4.707621054079154,0.8446735437890052,0.9661746458847571,0.2121802840017889,5,5,5.4,4.0,4.39317652729776,79.44845887883525,79.44845887883525,0.0,143.2959687942977,143.2959687942977,0.0,22.186892039599044,22.186892039599044,0.0
front,log109,2.0,self-supervised,full_log,3.7684499240018936,3.921752816943828,0.9011746076660474,0.06653701239011882,0.06486210869429006,0.015330364709565171,0.23604122570770122,0.23009947528783278,0.05438473935943111,5.373848432187958,5.238575171838927,1.2381538244659873,11.557415507298577,11.38423824136567,0.9083662873556375,0.5485324266674283,0.5273528975673336,0.03712584207033292,12.488200365055302,12.006015192072152,0.8452279791597735,9.546306902844062,9.500401847612544,3.2673343475280596,9.546306902844062,9.500401847612544,3.2673343475280596,5,1.0,0.977680679282978,0.9806447653905448,0.007252707983188263,0,0.0,0.23604122570770122,0.23009947528783278,0.05438473935943111,5.373848432187958,5.238575171838927,1.2381538244659873,20.327842302879112,19.755122643152685,2.21661328338163,0.8928813072628582,0.8677251361920485,0.09736264856214909,5,5,7.0,7.0,2.5495097567963922,80.76479900660537,80.76479900660537,0.0,163.14952995471293,163.14952995471293,0.0,22.766567221789458,22.766567221789458,0.0
front,log110,2.0,self-supervised,full_log,4.89510413236074,4.636002036011855,1.070340189869872,0.0902593201266015,0.08973402867689707,0.018648298058733134,0.3268127438407641,0.32491075809842523,0.06752212899439712,7.248677206931951,7.206491334568545,1.497634736189121,10.057160358330155,9.40301804813081,1.9650292879257356,0.5178620334956119,0.4996594887190922,0.094693238238626,11.486133234645456,11.082402431864997,2.100287490641266,12.406999194087458,9.918625136713358,4.58824264059966,8.790273735467988,7.349810579703098,3.078893139146949,5,1.0,0.9567139615317911,0.961488745764402,0.008440552627058543,0,0.0,0.3268127438407641,0.32491075809842523,0.06752212899439712,7.248677206931951,7.206491334568545,1.497634736189121,20.85412151183517,21.046816125496512,4.0527208925844,0.9402257097548716,0.9489135094204129,0.18272034981219606,5,5,4.4,4.0,1.51657508881031,80.30945941942232,80.30945941942232,0.0,153.5219790158836,153.5219790158836,0.0,22.179909882779203,22.179909882779203,0.0
front,log112,2.0,self-supervised,full_log,6.0729363729511485,6.116841239421917,1.008662635556421,0.10647877897768478,0.10953380145224498,0.017838474799969264,0.36237964494350405,0.3727768148796616,0.06070975105472666,8.323222782023699,8.562027480048862,1.3943961536483822,15.875381284841481,18.292828776176748,6.966554221018682,0.7585180520080131,0.8463927681066294,0.28904133489874156,17.42182492626923,19.44015252607108,6.638770850252397,14.164213685033435,15.540045953069292,5.33921193844444,14.164213685033435,15.540045953069292,5.33921193844444,5,1.0,0.9506369315302081,0.9628287015014776,0.026959656333645107,1,0.2,0.36237964494350405,0.3727768148796616,0.06070975105472666,8.323222782023699,8.562027480048862,1.3943961536483822,21.441101182057523,21.892381084478394,5.2102624526784584,0.933510833127382,0.9531588294735345,0.22684639196994089,5,4,5.75,5.0,3.774917217635375,78.16790220488943,78.16790220488943,0.0,168.2475820465773,168.2475820465773,0.0,22.968240347278098,22.968240347278098,0.0
front,log-0046,2.0,self-supervised,training_window,2.72888496450611,2.3032040751747673,1.0600282539559411,0.07123678990667201,0.06894029668567792,0.030190736019468534,0.23963163522569123,0.20464558795036666,0.11108079151044592,3.3965439948486713,3.0546394831817425,1.1431237310661804,13.683314959341311,14.459946184575225,3.538088833462312,0.9541215436645174,0.8600969225726645,0.2745709795040396,14.122033109280409,14.840679170081122,3.6051428217655417,4.856658263742426,4.63356355130153,1.8005447561608776,2.6184431623079947,2.0981507837650546,1.4421701179316826,5,1.0,0.9879936017224992,0.9924115262617066,0.00673095926075835,0,0.0,0.291125643864789,0.21223101047431278,0.1451770391447838,4.068040865637934,3.3544929684192675,1.339550413767308,14.742813156036055,14.517788276389629,4.465512064184013,0.9769143147274584,0.9532045097043468,0.22868992483060807,5,5,5.0,4.0,1.7320508075688772,50.50115351546437,45.24739594696592,13.20163136713075,74.49962430764444,59.016823604134004,28.375219167248623,15.20865221915717,12.835278616143148,4.1211953832057056
front,log-0048,2.0,self-supervised,training_window,1.1077871868250062,1.1663789436971772,0.45700074331307966,0.054671685941270996,0.05371491304558856,0.021397645807336645,0.17744553962054252,0.18801798056721525,0.07484495711305213,1.513523269231658,1.4694435249076419,0.5536687730024181,5.691340982458331,5.636628947856767,2.605562900145243,0.6742552416261754,0.7514741110757259,0.25591635791243644,5.911910591399475,5.827962393763137,2.447371773368799,2.234419361594288,1.989417037085877,0.6837229784575094,1.3552998918767383,1.4452172410611461,0.566570638143294,5,1.0,0.9895463317878178,0.988283350712793,0.005943170794422702,1,0.2,0.46906331677918484,0.4014524793658186,0.32354547169428266,3.906237581387858,3.8781831709930623,2.1341947785973123,7.88355995890188,8.042488299273284,1.6724766819067685,0.8872933391121577,0.8845887816394877,0.08141472360183195,5,4,4.25,4.0,2.6299556396765835,28.4324704686112,28.436596676589282,5.946435385366916,45.045049399936346,43.37027587323472,18.531562014780317,8.834124251369946,8.95169068521302,1.3560684501351816
front,log-0049,2.0,self-supervised,training_window,2.3212926448971705,1.8998864549406829,0.864222855885168,0.06802009904481257,0.05833610722243457,0.023913857710700304,0.22002095710419234,0.19965552922484497,0.07217946215207,3.160707831018043,2.861768182801436,0.849053141789544,16.273083963265528,14.245506275132861,13.030395198639077,1.4318496973368133,0.7452020395103344,1.66779877185053,16.714664843683053,14.716315803779626,12.798111944375014,5.054988124906485,4.966496791187483,0.45599088834159446,2.379902843286219,2.379902843286219,0.07630094215013727,5,1.0,0.9765336562752376,0.9829522638046125,0.016250827597080172,1,0.2,0.25359064570817025,0.21611573798942432,0.11382448848825558,3.5553399704489306,3.2468425975153394,1.0592534601000652,15.344489593133602,16.651405029325925,4.6654789812707005,1.0124366666938223,1.0247284260758631,0.07354836119904959,5,4,8.75,9.5,2.6299556396765835,50.247373873654205,53.507844730493815,18.30800538923928,67.5748827241975,65.83652643116781,20.016868315840238,15.368101903338571,16.121573721577146,5.336830524116994
front,log-0054,2.0,self-supervised,training_window,1.5079463642003665,1.4208345830775024,0.4474986476956396,0.06589860974113242,0.06460092080815343,0.022190249165773734,0.2013312635390455,0.20147991023735456,0.06338666449427158,1.930724699703755,1.8116816821395791,0.5545911801318846,6.482335317862011,5.888887277931017,3.1438631555215224,0.7385664961745514,0.654446034377711,0.4457920452391288,6.705830210038138,6.154826274558651,3.0583896411805314,2.456890814866412,2.4999951813395502,0.18151210041163487,1.7810046082237814,1.5798487051077554,0.7833651394623723,5,1.0,0.9870583068791121,0.9929655694186852,0.01328162375419216,1,0.2,0.3398935533158093,0.3744933082218006,0.10585478121811451,3.2037756784256173,3.035146270265054,0.7314773184655252,9.56406964447362,9.221907017453937,2.3520011269415173,0.974235562048467,0.9885409003824128,0.14855946420766472,5,4,4.25,4.5,1.707825127659933,30.806927326168104,30.980616551178745,9.136078606625182,39.351042797789624,33.582571538967144,14.518104251217263,10.10770512584449,9.90592880119178,3.33768168051035
front,log-0055,2.0,self-supervised,training_window,2.7829067014069624,2.598555397523645,0.9979354426542838,0.0636128606249709,0.06775925141316291,0.01968600382530261,0.20848409673196827,0.22004933638126273,0.07154084377799495,3.4467013321509716,3.1942866119319198,1.31952602141145,7.418576004831145,7.824568847883142,2.521622659238443,0.47775260463046176,0.47566083524159014,0.0921763816134618,8.166598321252653,8.442864007391586,2.776883137024699,3.4930700306352653,3.2545173895654345,1.1866649536117548,2.684564826168776,2.663106801472426,0.06481114746246051,5,1.0,0.9817167593920775,0.9823140407864187,0.010473289259798355,0,0.0,0.2900578445501113,0.28064839175558853,0.15485775820243364,4.5116430606586455,3.593904712651914,1.4567807044259942,17.80168612592909,21.115007489294722,5.9431357036863774,1.0244367546483015,0.98751662044844,0.11100729633426652,5,5,7.8,9.0,2.16794833886788,55.872967701505445,67.00329517761767,16.072154745482877,70.22024107756202,75.84413893664299,16.271439421332143,17.314722567607284,20.299793448367346,5.315640089364081
front,log-0056,2.0,self-supervised,training_window,4.59123186824891,4.537269094372859,0.42298892602663235,0.07277411104393934,0.0655838425082088,0.022823458017611004,0.23278510981092512,0.21258597534223278,0.07699214517918782,5.788382001725879,5.454035736455735,0.876900924031281,7.316145290141128,5.692166986953394,3.165171143639457,0.34284258899789416,0.37876471674123363,0.09732760506021194,8.797275861765565,7.465196101426492,2.8583566643655507,6.700810392589011,6.128934186297632,2.664772500810067,3.5762363685391785,3.5762363685391785,nan,5,1.0,0.9850746209772433,0.9852195213581642,0.005521365076854033,0,0.0,0.24003544284364603,0.2157301758725374,0.08005419917107372,5.964474819697954,5.57964091367889,0.8919728319950878,22.88758226721673,23.6254791296396,6.4495719703815695,0.8718508585744893,0.884881212803864,0.1423200994529978,5,5,8.0,9.0,2.9154759474226504,82.11023972253727,85.2981983239819,10.925732208637836,97.0666720611013,101.28624144652292,17.53870616215465,25.813050003102923,27.541118751473405,3.7780319981913735
front,log-0058,2.0,self-supervised,training_window,2.443712885189769,2.1115517888573367,0.9934684852497903,0.0639172801017896,0.0678089211817042,0.016444560308532266,0.2077745614180678,0.22311662008318453,0.06323470675892887,3.22279439946812,3.0432842067829213,1.3169408324568135,3.6213996705671447,3.9582866619464756,0.9670660227976234,0.30333465996416054,0.2523636498613168,0.1484036412572822,4.293310469350155,4.880042904315362,1.140842410191263,4.4092868021563145,3.525382377531273,1.9622856395715376,2.1687103254197235,2.066234804082234,0.6881335270221736,5,1.0,0.987762684842018,0.9906992342167155,0.0071497517918498055,0,0.0,0.35801520545244037,0.3000504806542735,0.20639237178964737,4.814272648788226,5.013477104038669,0.5626909262120614,14.401219630900599,14.912541816435951,4.730721610650303,0.9308521847195579,0.9279749371505016,0.15673600406559635,5,5,6.8,7.0,2.2803508501982757,51.689696583005954,53.3699692532301,19.543614885893373,76.67878404687158,89.77125493708154,27.818248450662,15.958222067114331,16.069983379322014,5.553558025649473
front,log-0063,2.0,self-supervised,training_window,2.981820253493207,2.6663259807549595,2.3157683620778275,0.048998074865800344,0.04069089270432779,0.03291134111513953,0.1753598027881253,0.14019440039334663,0.12008794211857675,3.872474025118991,3.381128805772459,3.0980659860085806,11.974721414836678,13.473513753390224,5.084277035710097,0.6252675691117198,0.5810911411003472,0.1892095039998168,12.57928418548996,14.531155411308594,5.380232391404499,4.682395873303054,3.792497970638503,4.245113568877942,1.9248475004411547,2.1621891408574454,1.1005537015152824,5,1.0,0.9930425636354115,0.9929281287386407,0.003740202625262177,1,0.2,0.20244447776682548,0.18745375633657216,0.11821097524053324,4.3849465626919475,4.324394889505803,3.008021584145725,17.784105308172464,16.70942309229759,8.32418461067623,0.8840752586914881,0.9499635171206265,0.1456846096327086,5,4,6.5,6.5,2.3804761428476167,72.8072902822428,73.80675618004724,31.443155914476968,85.15646566313151,92.63959826992149,35.31198580985453,20.4209038428683,20.985692070761186,8.956921535123566
front,log-0071_183,2.0,self-supervised,training_window,2.896538743531424,2.6160838525219052,0.9606586747901223,0.0594551766045334,0.05645673713362392,0.023834393094538445,0.18639452153101838,0.1838633210415993,0.06576983627658889,3.6991959476872482,3.3046714266135564,1.062221073848176,8.149204296460223,8.36801896450047,2.0059621516025503,0.45237812229274715,0.4437994323076655,0.1590372309947245,8.886805911536296,9.15852118427821,2.2498312608097812,5.020489555681872,5.233687654454703,1.8824167761328972,3.0260278230553848,2.1838905204798404,1.5059077722820524,5,1.0,0.9889427118354774,0.990038968825657,0.0051051053242800746,0,0.0,0.21295900510945126,0.203993831373234,0.06007280568132537,4.240957019777165,4.073470867012822,0.9614780129171316,19.022514944793905,19.472636308879935,5.204603890046696,0.9252543549971055,0.9314068013539333,0.12659305784823593,5,5,7.4,7.0,2.701851217221259,65.93345635872444,55.31951695550592,19.661525217166837,93.19065313200757,89.76842082831443,17.36469436066197,20.515799215579925,18.27699590971154,4.755834405336488
front,log-0072_184,2.0,self-supervised,training_window,3.7771382394785817,3.3892564696526284,2.1011190187510773,0.08149912555940941,0.09478558100556166,0.03572436357161777,0.2602863342146882,0.2510088826637573,0.1265676057308478,4.40445677854122,3.950239193137286,2.180392951116338,3.8463106333147308,3.539265027476013,1.9880979013256213,0.29238273543977983,0.28007067798900726,0.14672419691851474,4.963243684357602,4.816654886168201,2.546865098238233,5.154148857483934,5.779626782989336,2.4170830689136014,4.6209408853289045,4.817159722538873,3.138867973422558,5,1.0,0.9820475457606685,0.995372166678552,0.021519010910141627,0,0.0,0.27531074702518527,0.29762837216601645,0.13117415573665583,4.648330819845592,4.683910976548106,2.232720271602162,16.605710282684473,15.435207905084626,3.547973037463352,0.9952027673209111,0.9412066220156834,0.23163267484980027,5,5,6.2,7.0,3.1144823004794873,53.26119643295292,57.972274837075496,8.023750343981794,71.87555686357851,71.14885841049028,16.538341118854056,16.789186187751824,16.91248024178459,1.3610326142833649
front,log-0073_185,2.0,self-supervised,training_window,2.312446431716581,2.0776485377764593,1.122881271780685,0.10332716831458733,0.11403143195506885,0.016813964158956887,0.31215304726827875,0.31889277801730614,0.046536282066825835,3.0847012934016247,2.7986757452688567,1.6238159465080335,7.986938216250318,7.358914784737303,4.1312795460120615,0.9625198167585148,0.7726391562725219,0.5405314717009121,8.572209207123986,7.486888527628787,4.2592014938060965,5.157823439651441,5.540601047278046,1.57867206549218,2.0140109061990605,2.215674728337582,0.4689453195344879,5,1.0,0.9682557124377486,0.9721840225849179,0.015991494542027338,0,0.0,0.4092474419552129,0.3213380668610553,0.19475219010750602,3.5839180856497466,3.0556901190670303,1.3375930975576487,10.415819467518045,7.691905583986164,8.160160169461442,0.9669794206867041,1.0379457357897388,0.2179834262195622,5,5,5.2,3.0,4.919349550499537,31.679216672009584,26.879315032349588,20.517023258572564,49.09239003281561,47.88932887812723,15.435989099034932,10.207017459120015,9.611653177494947,5.811524126882537
front,log-0078-valid,2.0,self-supervised,training_window,10.2594744067968,8.219433991328206,7.620849640869589,0.23876566756563417,0.13913029807905022,0.23403419543221954,0.7194719568209331,0.47290444765132517,0.6625528419365507,15.899276106437137,10.299744903624214,17.023365037215747,21.027251475912834,21.86291496184336,6.579548402849634,1.4815225355829265,1.146605672981757,1.1236701124962827,27.144254693303758,24.478981487727985,12.637425954815908,19.431721776487514,11.01477581476403,23.24003689664308,5.463648336127466,5.463648336127466,nan,5,1.0,0.9327583577768108,0.9415850409851346,0.04398320325657216,0,0.0,0.8942679995075175,0.47297643239112425,0.7388975955224822,17.872380752609395,13.006601981788451,16.369315090258553,31.799917129018475,27.929216370433803,20.745546676218932,1.416235008874874,0.9359386494364492,0.7805497373556055,5,5,3.2,2.0,2.949576240750525,80.0554161779586,93.47081562414272,36.86602602162873,112.9776872612131,129.5115936666416,52.69538894625041,24.1374398570428,27.499471624904857,9.945098500665232
front,log-0079,2.0,self-supervised,training_window,3.19978773294953,2.6537611245409356,1.7840697377462047,0.06584808284132762,0.061779660564525135,0.018702533857055514,0.20875962914935187,0.1928674180358491,0.0593666257836307,4.129516805781075,3.689228716497944,2.1497756312959435,10.007589511641998,9.420248333445267,3.4581472302607965,0.872303827818337,0.6150495135174512,0.9520742252259732,10.721562747572456,10.116891181900268,2.911346329845614,5.075703649284123,5.081059244519345,2.0704190344213216,1.9339303897452353,2.1353640010695623,0.6146320452078178,5,1.0,0.9897131754471251,0.9904794824984551,0.004014642745377578,0,0.0,0.301932462331774,0.20470758479974707,0.14495461991641498,5.461175576133968,6.815175672280344,2.365784158051026,19.12034378719872,18.497945945696664,10.85720105507721,0.8679404488445142,0.8551072532029295,0.11709814370887021,5,5,4.8,5.0,2.588435821108957,68.39841252741965,56.51620752008789,38.785445857087495,97.99496309029786,93.57215772890763,45.08264139429888,21.63227552087975,17.74747049047227,12.412990756391132
front,log-0080-valid,2.0,self-supervised,training_window,5.202095467305706,4.468205830246273,1.8988045889459293,0.06700942076171475,0.06517352982856864,0.02646374413981238,0.21682674161492882,0.20700535170117587,0.09121016285906568,6.1496751972266495,5.297618906363486,2.145110780356463,12.82959848694567,14.995829703107372,6.158688833246401,0.4830136454779247,0.4746672204350003,0.21040188588913036,14.096869882964347,15.90407729362685,6.524955459211997,6.668394102921672,6.143459565172696,2.1991602698158537,6.08643210616475,6.08643210616475,nan,5,1.0,0.9778621275689929,0.9893769134197591,0.026582998813995923,0,0.0,0.3400244208048565,0.2345758696127487,0.28575086187822907,8.529178555416227,8.275946742547164,3.4861880013084208,28.152709270581575,30.312395226606586,9.313512565336715,0.9250666986866168,0.9297626776341343,0.08075096376725667,5,5,5.2,5.0,2.3874672772626644,99.31112692999336,91.46847565784944,38.45298135835753,125.50056291652088,110.6738006980114,43.426072798282455,31.143541028028473,30.04468458911574,12.491338433018667
front,log-0081,2.0,self-supervised,training_window,3.887075689741059,3.7255675521877114,0.7561697465884983,0.09342552537787405,0.09938813306961772,0.01161893684798379,0.3171227982002939,0.3271154434054726,0.045778269202742514,4.7985810458040685,4.829085452247154,0.8948857716531043,16.406679723885112,20.995712646331192,7.218072538212042,1.1389188861786697,1.0405197390622651,0.5257551366808894,17.171816161700825,21.40344447403604,6.948451918543577,5.467769630536767,5.657884431032955,1.1407729222409115,4.474121924331367,4.159317264760965,1.2371041565042449,5,1.0,0.9548321937828236,0.9535438329415888,0.020548685380138442,0,0.0,0.5668284672013819,0.5361148958259043,0.22367424981396397,8.652397536792105,8.139159418225205,3.543572560198298,14.683410822072085,13.740384485837561,3.4830810889823316,0.9610423975366571,1.0071633873009807,0.11646113489918763,5,5,5.2,4.0,3.2710854467592254,52.91335986894795,48.11677914618436,16.370301976530403,64.02192450249159,61.23961782501681,17.918482841265448,15.657978483842788,13.031389210229724,4.979939903678482
front,log-0098,2.0,self-supervised,training_window,5.327468397646412,2.8172574229016822,5.241987858254907,0.08268490270816535,0.057751584787355356,0.05966833990891529,0.25206902420629274,0.1926098168936601,0.15337286185596585,6.378921349599258,3.747037346342515,5.817327083002495,11.256289394531365,12.372854744571178,5.277156747046723,0.5731705008337405,0.5653784829289656,0.30455782291606476,12.08545402245655,12.88246014714201,5.39636332590235,6.332956610380977,4.198949306754551,4.333909392564313,3.3001776864970673,3.0796107815943534,0.506027184159021,5,1.0,0.9626034940869268,0.9834737045307468,0.049577163071625456,0,0.0,0.5206405682055228,0.48358997147932875,0.2767422388525254,11.141445329621815,10.08855650387928,4.659595492112507,21.189502344731107,21.291626643143527,5.568775765826629,0.9199289510571452,0.9177540798571376,0.14311391140786073,5,5,6.0,5.0,2.9154759474226504,75.40162937570665,67.89546424094841,25.342326166519747,108.47629675831368,92.7461198780581,36.224904436958134,23.81795104072762,20.861798421952013,8.315212638757673
front,log-0099,2.0,self-supervised,training_window,5.292467758267034,5.282875375673491,1.5157469014702256,0.09079702441466704,0.0771042419076781,0.02282767966596043,0.30468567222844145,0.2709829225152685,0.06796816774277219,6.584274166515345,6.308579398650183,1.7632445439695263,7.452816323932959,7.751910489466902,1.9446966500815899,0.4303077000982555,0.39204194078667953,0.1549512954263604,8.924084660750797,9.20316292137862,2.0225504041410836,8.396845489356846,10.605238885857922,3.534186776161483,5.013603567062083,5.013603567062083,2.095672262084874,5,1.0,0.9724844772903454,0.9715865841856686,0.016898755253809628,0,0.0,0.4123097993065758,0.43548453299364437,0.10117047468863699,9.256420424887754,10.222975375641665,3.6637259156567734,20.767390092659003,18.124628928300663,6.453473910604936,0.9593988105007636,0.8755201611148279,0.2264354004954464,5,5,3.4,3.0,2.1908902300206643,75.42393706777735,76.13741569732179,26.5829756445911,95.76882562961791,96.0784739183731,23.828252668391862,22.17165429083717,23.474944805424037,6.842278738658589
front,log103,2.0,self-supervised,training_window,3.6375570265885337,2.8045510236121953,2.547854258103996,0.09374951645992613,0.10315601901412347,0.03450461273156858,0.30800798782524075,0.3225059242894018,0.11955792607094709,4.772420882123673,4.162786463746846,3.0711517396573207,16.349507740863004,15.601806332082164,2.8923500733750447,1.4758099817556052,0.7734309435144882,1.0929543667162693,17.178006889327598,16.28470402576336,3.3377888653767913,5.826950888958471,5.808903615072456,2.6050383940201884,2.5410941986804723,1.7454408305954832,1.399889774688979,5,1.0,0.9644872102315529,0.9797121154897968,0.03036900728568973,0,0.0,0.46039210321184604,0.3812818089969288,0.32808399441639,5.90973339320721,5.00052833749049,3.308843367387152,16.86370037387949,18.46267620793553,9.67130837552292,0.9833841321105183,0.8780359691985671,0.22234470073168383,5,5,5.2,4.0,4.08656334834051,56.57163961461009,69.052066025812,32.40700460442241,73.90080673528507,92.93198349185457,39.78406938077179,17.509201883199644,21.05514934761375,10.53380020379776
front,log104,2.0,self-supervised,training_window,7.062674647957617,4.630192336915732,6.857671488965586,0.10940485868688148,0.08608968630305408,0.06290318986945852,0.3572260254613532,0.26626236637334677,0.20750720065865685,9.269643102282128,6.682088058504041,8.177919863219328,27.2504128066143,29.772460545437344,8.355432381761892,1.4307585823455067,1.43875411256184,0.7305824389892932,28.40511580308472,30.513107146785718,8.2387468412988,11.015277771753874,7.967021242650276,8.161005243739769,2.1379991379200867,2.1379991379200867,nan,5,1.0,0.9564043218328088,0.9659655248115342,0.029387188672334842,0,0.0,0.3967775010177384,0.3206261393748991,0.19294769756385508,10.396213808169264,6.714924526850503,8.217956746371978,16.97261944297994,14.481248702406862,8.149733634212158,0.7633314148591555,0.8409502409770373,0.2527733174457142,5,5,6.0,7.0,2.6457513110645907,76.18203755422167,70.32873380022924,28.61235351297651,91.91014108824335,80.15071220424329,29.467045373320104,23.502636676361142,21.20800690011874,9.291859731775613
front,log106,2.0,self-supervised,training_window,3.1717476046525226,3.574962942395162,1.148526388083725,0.0749702859910939,0.07684712658076846,0.004254857029966382,0.24767821411875685,0.24783701850767662,0.016975384310215752,4.036468006504078,4.2611693074535735,1.3409604662129064,7.806661206929152,8.832850489416762,3.6587069202121136,0.5170160842613064,0.48956961298403995,0.14025933116225758,8.737853569129223,9.963705131870775,3.8827199892500723,4.7107448273358274,4.7558162538975965,0.9700235575969095,3.877109643254541,4.488280928547543,1.796925768139485,5,1.0,0.9784869970955137,0.9759090177711652,0.008354513217362124,0,0.0,0.3029700353631267,0.28542931668269605,0.05126852444169518,4.762932058542614,5.061817276886456,1.301068765563054,16.858134597139657,19.33057765731493,6.326982242503438,1.0202193506968396,1.059631798688351,0.1490646798886282,5,5,7.4,8.0,3.286335345030997,54.401696329588255,55.449949751536465,19.411265363373946,73.85239010706064,73.72670428061338,17.171746749741736,16.171675492168028,17.193433543994907,5.1134443591243395
front,log107,2.0,self-supervised,training_window,5.373812149910043,4.023193362677237,4.361659281535218,0.09939299113360853,0.06442080719218739,0.07323586747026228,0.3317286473048462,0.2281922330542562,0.22813362211877194,6.913418974951329,4.894722702347308,5.501657721571755,7.805348620468661,6.981849908864765,2.599673327517871,0.5063402231285303,0.380563895211806,0.267342518315397,10.134569094758621,8.163094390439005,4.859503346717023,7.515936867364564,6.502616551344973,4.821647016477548,6.6777421992143875,6.6777421992143875,2.264906304097153,5,1.0,0.9437743678817618,0.9752736712010938,0.05805440846115944,0,0.0,0.4087233038686094,0.22995840358504233,0.34029097423829047,8.010868930291764,4.932607054840586,5.935994591906653,17.8322036834168,20.680019541522437,6.429692287786911,0.8467329835138309,1.0252765858050525,0.2646733826217118,5,5,5.4,4.0,4.39317652729776,72.1904880489117,74.90997753705082,21.538791708531132,87.91667505334972,93.43030329663262,26.730442034653084,20.8849628199996,20.505456030152555,5.479066514252209
front,log109,2.0,self-supervised,training_window,2.9529425142985124,3.033565900687754,0.7944129050019797,0.05090594411180823,0.04419243834528384,0.01331573981876339,0.17684950336703517,0.16471795443008264,0.050355738913387925,3.8626141274463257,4.00033041122872,1.187787908336277,12.56063968537305,13.915237842258195,2.6550446215430643,0.6663770968802034,0.49461418667538354,0.37357812191915724,13.13186845772751,14.568607252546556,2.8069582540269495,4.383345584305655,4.7408927207574365,1.8551004881248665,2.080130347454261,2.080130347454261,nan,5,1.0,0.9890742341623012,0.9908181825669652,0.005002773069612717,0,0.0,0.2245485112178458,0.21026293969528173,0.08013736621479353,4.800590489067026,4.578131909477636,1.529815500647113,23.842017477784434,29.125481312048105,9.665399626069448,1.016446499865798,1.0595699836590815,0.11366894584710895,5,5,7.0,7.0,2.5495097567963922,82.77613448239542,94.72729986517366,35.20978788382101,101.55976883416942,111.71811766712464,43.332924414998374,23.93638679043233,27.47833341014193,9.890843900601755
front,log110,2.0,self-supervised,training_window,3.5629758510223555,2.9600793261138154,1.3175487923410374,0.07987475414001673,0.08375638769569074,0.017250109310213185,0.2705844504044415,0.28932797809916544,0.07881697291227656,4.753473623872827,4.457450631895378,1.326684776274175,10.049908056645085,9.388962143796636,4.217939957413812,0.611127772709321,0.5963981136585935,0.22481873935383162,10.972926618754007,10.080945964952292,4.500324699064272,5.577621065254452,6.14348966017984,1.4971265631996191,3.1476353648337687,3.1476353648337687,1.6804566676949508,5,1.0,0.9762099012737778,0.9782388838634625,0.009704981925601727,0,0.0,0.28970311002542887,0.32777112427168104,0.09317497942364997,5.092916718956927,4.677216470949428,1.6279993394994854,18.760783176797045,20.50969042088417,4.946969295868877,1.0370798016126066,1.0423211403453074,0.18627867975682263,5,5,4.4,4.0,1.51657508881031,59.222864772587194,60.62143887422872,6.690584697078486,81.17599614757415,76.5816611415031,19.11451643138337,17.894746609558815,18.41731417277862,2.7933851877882647
front,log112,2.0,self-supervised,training_window,3.7185453278330574,3.2249421315525124,1.3072519879532065,0.08179844746633484,0.0793739031282022,0.02051197160936113,0.2801919870461632,0.25873368856568296,0.07426241537924183,4.963966623280525,4.272043286562672,1.499009248522116,14.576485682260895,15.493164443923636,7.485377675138738,0.8755087115843038,0.9542267520858213,0.39555207477928495,15.481987654586307,16.072971720501023,7.346656370247617,7.098443890229571,6.7475124101854895,2.137140504603365,3.1834923368187127,3.0407145321229754,0.8986757473733664,5,1.0,0.977986615950372,0.9767716766622518,0.004961078479552052,1,0.2,0.3099880024246996,0.2860470523296834,0.05655628776533894,5.511334909582876,5.097796331470908,1.3215731264906048,15.822321419097994,15.686951403807115,4.389276794106978,0.8893638285307228,0.878386475158097,0.2079038781391702,5,4,5.75,5.0,3.774917217635375,60.949379044039276,64.3693291235128,9.51632051331398,83.5545662563687,86.49754601809614,17.07933096501748,17.719775886090513,18.42154052440821,1.9557355257595865
front,log-0046,40.0,self-supervised,full_log,2.9293580542807627,2.590796755653563,0.797593489011573,0.06130536606817233,0.05647066208799456,0.01560997728851738,0.20225462763125943,0.18630429055748926,0.051499409371614645,4.159913657975729,3.83185181919564,1.0592246957792337,14.956309679435185,15.246586254390163,1.0466898103993152,0.7543423447385221,0.7610301306998031,0.03929685790567609,15.51509134509524,15.652643758544452,0.8082462084150017,6.046027155982526,4.509765709975879,3.6550093191480633,5.431638769738006,4.533231615856833,2.0726178573488485,5,1.0,0.9837465703576305,0.9844618812916471,0.002105958919701888,0,0.0,0.20225462763125943,0.18630429055748926,0.051499409371614645,4.159913657975729,3.83185181919564,1.0592246957792337,19.874137271190516,20.82435596464547,2.3906385781802486,0.9662787653225434,1.0124783126724068,0.11623263249796775,5,5,58.2,55.0,11.432410069622241,67.85562055611663,67.85562055611663,0.0,165.8998005948889,165.8998005948889,0.0,20.567705701942586,20.567705701942586,0.0
front,log-0048,40.0,self-supervised,full_log,2.778925982900766,2.6650686819831213,0.5607668607495333,0.048735159524978464,0.04600181350007896,0.008063550531221193,0.16874756485117068,0.15928323786233597,0.027920387035986444,3.786724297972053,3.574343177070062,0.6265382738482836,5.037468594099432,4.823546384993814,0.6016913416177773,0.26086474151747724,0.24918037553501998,0.027551015215983927,5.8538495418268965,5.59165036513838,0.6182495068546784,4.841362171463496,4.335478515741015,1.0794326618027283,4.841362171463496,4.335478515741015,1.0794326618027283,5,1.0,0.9890725797458428,0.9897919004652819,0.0018288694904335086,0,0.0,0.16874756485117068,0.15928323786233597,0.027920387035986444,3.786724297972053,3.574343177070062,0.6265382738482836,20.767138667458756,20.76299741088524,1.4208613718051948,0.9254447388570124,0.9252601922919038,0.06331775899598116,5,5,52.8,52.0,9.67987603226405,77.70004930488071,77.70004930488071,0.0,147.0280467770388,147.0280467770388,0.0,22.44017151484117,22.44017151484117,0.0
front,log-0049,40.0,self-supervised,full_log,3.428615220827153,3.0065801834641257,1.3437762435959348,0.060221105848215564,0.05300155369179721,0.019652292421960007,0.2000830760410252,0.17609629959863274,0.06529423635882968,4.848928398303448,4.267619055321212,1.5823780960911922,12.068712913940402,10.858346008228546,9.321729530256846,0.537181820535575,0.48716944243504745,0.3848201253766947,13.018373348644511,11.806344599203385,9.325952354886573,5.140750162470267,4.520775391189783,2.1313176298165684,4.929678450330713,4.312782476274871,1.711550390201879,5,1.0,0.981255034265379,0.9854179075522584,0.011174687634949183,0,0.0,0.2000830760410252,0.17609629959863274,0.06529423635882968,4.848928398303448,4.267619055321212,1.5823780960911922,23.293787631637652,23.341142832396788,2.321387014026091,0.9611799348522327,0.9631339695287899,0.09578822706694133,5,5,59.0,55.0,9.772410142846033,80.51875384894029,80.51875384894029,0.0,128.6836164750667,128.6836164750667,0.0,24.23457542860456,24.23457542860456,0.0
front,log-0054,40.0,self-supervised,full_log,3.429208265811213,3.0625073477276215,1.0273202047969832,0.07982868285472985,0.07504578315643398,0.022738027285454532,0.2661892903049518,0.2502406784682013,0.07582010788107539,4.775604086981458,4.489475911869636,1.360260650071326,7.573898993230111,7.154107570343657,1.5488656317342513,0.49773823794422556,0.46969021276329964,0.11402168207363514,8.929738535499505,8.426539238742158,2.0456210326551325,7.353398407659131,6.470980016017442,2.394666363857576,5.795772496584877,5.317998682431173,1.884117441398045,5,1.0,0.9781292025304597,0.9781734400876362,0.005048594764559652,0,0.0,0.2661892903049518,0.2502406784682013,0.07582010788107539,4.775604086981458,4.489475911869636,1.360260650071326,20.383574600373095,20.050701844207616,1.6467624111696015,1.1361681491861124,1.1176140226061704,0.09178954317529661,5,5,61.4,62.0,8.763560920082657,59.82316025020701,59.82316025020701,0.0,135.89296889344487,135.89296889344487,0.0,17.94063195221126,17.94063195221126,0.0
front,log-0055,40.0,self-supervised,full_log,3.729538307938855,3.6153025847433042,0.7035165956912489,0.062099831337745236,0.06228510453914607,0.009914051092114299,0.21413743998632348,0.2147763133647432,0.03418639753162415,5.075627098623746,5.0907700975888215,0.8103085837157565,7.686506710823491,8.161911045768456,1.7566363632088808,0.35871682824468776,0.3703870323147953,0.07735461889496001,8.502543293164347,8.779158181380486,1.8335102908302612,5.311044688402609,5.31022700754846,1.1189329813382538,5.0400056989468665,5.075761274950391,0.9188935027673188,5,1.0,0.9845380279752168,0.9847584712018304,0.0010383204549910816,0,0.0,0.21413743998632348,0.2147763133647432,0.03418639753162415,5.075627098623746,5.0907700975888215,0.8103085837157565,26.138611351942597,26.328129829294667,1.1986967942322933,1.1027711868785894,1.11076684944042,0.050572246118379315,5,5,52.8,51.0,2.949576240750525,81.73334756770429,81.73334756770429,0.0,144.98409225186288,144.98409225186288,0.0,23.702660772202737,23.702660772202737,0.0
front,log-0056,40.0,self-supervised,full_log,3.0952862262049745,3.2229061024421353,0.2888040364225701,0.05842826463961502,0.06198458014953791,0.006004262217444964,0.20131589193700256,0.2135692565252793,0.020687819691105953,4.534580550250974,4.810583940755888,0.4659869814338558,6.976352992013022,7.941247054833096,1.4047528429895797,0.35565604927769506,0.4093420057669861,0.07843131090005064,8.01104665963685,9.220306851545294,1.76664193529913,5.294766010502416,5.1353531416853,0.41770023862734595,4.882364204555676,5.072159003015021,0.3209397208741699,5,1.0,0.9824736735089743,0.9816743903776524,0.0021784503775176345,0,0.0,0.20131589193700256,0.2135692565252793,0.020687819691105953,4.534580550250974,4.810583940755888,0.4659869814338558,23.060296333234476,23.996946871399057,1.6342362942162485,1.0237780701458148,1.065361329376581,0.07255306936553525,5,5,64.0,63.0,14.404860290887934,77.60936557366922,77.60936557366922,0.0,148.7314640450589,148.7314640450589,0.0,22.524702380028554,22.524702380028554,0.0
front,log-0058,40.0,self-supervised,full_log,2.743480584861989,2.6793416823375398,0.2268909974639843,0.04727998445937028,0.045776361819993665,0.0037009569448760602,0.16236676817829795,0.15720309582715533,0.012709657695064238,3.7988248571415397,3.678012654609341,0.2973623489552442,3.1798086986267626,3.0219873504809955,0.3342794218152089,0.18000481756365835,0.17558403529802677,0.020585751630845747,4.211494649047597,4.108063523657146,0.4816359029350396,4.425288866839418,4.190198012919232,0.7052488735737399,4.425288866839418,4.190198012919232,0.7052488735737399,5,1.0,0.9868739816260614,0.9879734295153936,0.0023331813118151407,0,0.0,0.16236676817829795,0.15720309582715533,0.012709657695064238,3.7988248571415397,3.678012654609341,0.2973623489552442,23.017685728482906,23.044491258923838,0.5167367433308633,0.9838061461695478,0.9849518497780775,0.022086007691531972,5,5,93.2,90.0,9.67987603226405,80.3474218652934,80.3474218652934,0.0,161.1697294857218,161.1697294857218,0.0,23.39656630333357,23.39656630333357,0.0
front,log-0063,40.0,self-supervised,full_log,2.722807123973465,2.5085899543151884,0.5775670707054029,0.04352618346458459,0.03962816922659615,0.007803045221682754,0.13468279597944857,0.12262119501764704,0.024144913795748058,3.697570591038901,3.366432373474653,0.6628725111108505,6.451223080688189,5.528185985457732,3.9999954245472242,0.2644770038299451,0.2264538208290267,0.1441973139489467,7.260930278852468,6.2170448871106805,3.9587813980769115,4.290194686727564,3.4556529601975954,1.6000148529538685,3.961437848067849,3.555672323807001,0.9747504963332623,5,1.0,0.9924706249288338,0.992802609594833,0.0006992702105793154,0,0.0,0.13468279597944857,0.12262119501764704,0.024144913795748058,3.697570591038901,3.366432373474653,0.6628725111108505,26.505972958727746,26.533611987995783,1.66209642428562,0.9654713710912766,0.9664781136667933,0.06054131708877927,5,5,61.4,57.0,12.501999840025595,84.9504894920883,84.9504894920883,0.0,153.67050225201805,153.67050225201805,0.0,27.453919144974673,27.453919144974673,0.0
front,log-0071_183,40.0,self-supervised,full_log,2.406565491136794,2.4933992066559156,0.16447349125246555,0.042636179115219525,0.04166085031185431,0.0037875345223537886,0.14944099109959785,0.14602243657507075,0.01327541361797231,3.378253301917679,3.300973681210584,0.3001031347506806,8.63542114982257,8.297068835756416,0.8811275328925267,0.4082272785017097,0.3904379759795955,0.04175426444540529,9.22835924322895,8.826215430196472,0.9438941798627696,4.202022008290543,4.19899444253439,0.09882319767234794,3.5918062599519027,3.4965559538433224,0.31315009591089604,5,1.0,0.989945407897812,0.9903278296003053,0.0015023888716516082,0,0.0,0.14944099109959785,0.14602243657507075,0.01327541361797231,3.378253301917679,3.300973681210584,0.3001031347506806,22.590719640957893,22.47175265768383,1.201554922293822,0.999326939422071,0.9940642955941157,0.0531521891346218,5,5,81.2,80.0,8.700574693662482,79.23442888229562,79.23442888229562,0.0,152.4462174422029,152.4462174422029,0.0,22.605934804502045,22.605934804502045,0.0
front,log-0072_184,40.0,self-supervised,full_log,2.7670256844293695,2.6623661603843765,0.49756424281808453,0.054224057604648435,0.05182125438173307,0.00950609983058333,0.17906177011885918,0.1711270965191903,0.03139158406406156,3.8406468972932197,3.6704582550086373,0.673309494576806,2.7410857354222857,2.6371027974578576,0.39255002951387885,0.18178944681573495,0.17144477557047305,0.03223355934335534,3.899152088187519,3.677272066029461,0.6913687918900779,5.013514171971223,5.412197768702568,1.4216421587621888,4.311689514127703,4.125578428885557,0.7519719761050409,5,1.0,0.9867407663517941,0.9871303790850513,0.0033900914175524653,0,0.0,0.17906177011885918,0.1711270965191903,0.03139158406406156,3.8406468972932197,3.6704582550086373,0.673309494576806,22.620938665067644,22.479279193513356,1.0392956067188248,1.05465184054589,1.0480472771978535,0.04845488689600269,5,5,89.6,89.0,18.201648277010516,70.82920509740632,70.82920509740632,0.0,152.19039707482895,152.19039707482895,0.0,21.448726295645585,21.448726295645585,0.0
front,log-0073_185,40.0,self-supervised,full_log,4.250775098436032,3.8204125561192437,2.260730805231623,0.09395812444137108,0.0866113379455348,0.04715865770273543,0.3322237992955493,0.3062465106175171,0.16674692608894376,6.434543361454866,5.931412668330957,3.229570935567205,10.149588686970432,9.662741273564617,0.8520373309636247,0.5759307290887287,0.5648151387431758,0.03621196371984768,11.154683250789573,10.939395398991211,0.7013568903036496,13.270809457196743,11.638588242321376,8.631421209215507,9.529662825234047,8.789490943642233,5.644959636159027,5,1.0,0.9622632278160616,0.9656660060047229,0.026547063961965652,0,0.0,0.3322237992955493,0.3062465106175171,0.16674692608894376,6.434543361454866,5.931412668330957,3.229570935567205,15.840496888795126,15.562270538912436,4.741699055461178,0.8178653501116449,0.8035001636749712,0.24482005743531887,5,5,50.4,50.0,0.5477225575051661,68.4830971213134,68.4830971213134,0.0,149.90437255734173,149.90437255734173,0.0,19.368098778891632,19.368098778891632,0.0
front,log-0078-valid,40.0,self-supervised,full_log,6.039333830216409,5.932996639706846,0.3716924887214074,0.08880265965130851,0.08792991591512911,0.005602991014008665,0.2850798561659274,0.2822781195990646,0.01798707244405194,7.912541282499477,7.834777611133349,0.4992406520018447,10.890312205286438,10.371301661487015,2.97920084167562,0.46490804898259,0.4392020819764379,0.10545470886316512,12.903767314937692,12.190284686321654,2.9269508850463852,8.057008263508772,7.372127158214172,1.9416627049856565,8.057008263508772,7.372127158214172,1.9416627049856565,5,1.0,0.9631230443499345,0.9625622503536087,0.0028677725403337523,0,0.0,0.2850798561659274,0.2822781195990646,0.01798707244405194,7.912541282499477,7.834777611133349,0.4992406520018447,26.570602433218784,25.51350376820276,3.024899644130064,0.9573085623777347,0.9192225006920297,0.10898369116534477,5,5,51.8,51.0,2.16794833886788,89.10252591047124,89.10252591047124,0.0,191.14572150135155,191.14572150135155,0.0,27.75552572853157,27.75552572853157,0.0
front,log-0079,40.0,self-supervised,full_log,6.06442313253749,6.270015128437562,0.7099465765882249,0.07899673832495899,0.07921908530886572,0.009178890153824965,0.273244972340812,0.274014057201224,0.03174922964393868,8.06248215662325,8.085175101019926,0.9368062486123797,8.043904161509184,7.1867116550835215,2.5273124999135352,0.3404311011741477,0.3168679143012999,0.08736987105279946,10.044904597010284,9.349639201683779,2.5779725070698314,8.175094199765194,8.868897468960844,1.6019893913693322,8.175094199765194,8.868897468960844,1.6019893913693322,5,1.0,0.9670064552741392,0.9661854403611875,0.005304503026613761,0,0.0,0.273244972340812,0.274014057201224,0.03174922964393868,8.06248215662325,8.085175101019926,0.9368062486123797,26.91864239553009,25.77268135064317,3.012442496925428,0.9122976713537844,0.873459992344902,0.10209446058426037,5,5,51.2,51.0,1.3038404810405297,102.06094995286549,102.06094995286549,0.0,190.67881336638965,190.67881336638965,0.0,29.506424537491974,29.506424537491974,0.0
front,log-0080-valid,40.0,self-supervised,full_log,6.370637574124629,6.309313948668994,0.26485952827965786,0.08321922308853635,0.08376177907864285,0.0014632530434052916,0.2803677000009171,0.28219558506667947,0.004929737085654157,8.206365359889666,8.259867573894642,0.1442934533933236,15.60616204257752,13.678039219469598,4.546976994803095,0.580468637101915,0.5126032832902272,0.15667267896783366,16.99032276542533,15.003903186226053,4.585810867366456,7.826117238215552,7.365380626993353,1.159570934788293,7.826117238215552,7.365380626993353,1.159570934788293,5,1.0,0.9638212281051208,0.964187336797561,0.0010022797145189438,0,0.0,0.2803677000009171,0.28219558506667947,0.004929737085654157,8.206365359889666,8.259867573894642,0.1442934533933236,29.3090182274734,30.51363072348628,2.5732286610837543,1.0013327056927617,1.0424878846408308,0.08791348784088154,5,5,66.6,51.0,29.12559012277691,98.61141519140322,98.61141519140322,0.0,209.41055645838256,209.41055645838256,0.0,29.270009918627654,29.270009918627654,0.0
front,log-0081,40.0,self-supervised,full_log,7.430277128060448,7.421421606060602,0.14953399245967336,0.13402282823638417,0.1330907458349469,0.0038135805434543436,0.44162698990357346,0.43855562698200606,0.012566367374296023,9.099839798951137,9.036553561493584,0.2589332911600988,18.919052457875676,20.608717879024745,4.575654181398277,1.0183433487686255,1.0907036679011555,0.20321514407440025,20.983231428281265,22.474234756793354,4.187301270245244,10.006623139827221,10.477402466648448,1.2961295999661508,10.006623139827221,10.477402466648448,1.2961295999661508,5,1.0,0.9016281610168925,0.9031009199944103,0.00269742622908487,0,0.0,0.44162698990357346,0.43855562698200606,0.012566367374296023,9.099839798951137,9.036553561493584,0.2589332911600988,19.95351869800419,20.41851321724281,1.3906222783613906,0.968370058734435,0.990936843907585,0.06748869699402585,5,5,50.0,50.0,0.0,67.89768518316298,67.89768518316298,0.0,200.25954166451217,200.25954166451217,0.0,20.60526192237035,20.60526192237035,0.0
front,log-0098,40.0,self-supervised,full_log,6.47352130635158,6.483510237959975,0.10987126746348298,0.09997900021310709,0.10222716028334186,0.004874586375341331,0.3348579776386017,0.34238770220998216,0.016326369857592254,8.90352189819773,9.1037293654991,0.4341010256653683,8.165517373532023,7.100036884408378,1.9267854196239065,0.41445654577500174,0.37981244538554176,0.0884751832466791,11.019964216416891,10.098813976437183,2.3524621902066203,8.384001524036044,8.334734434813297,0.18623866392262786,8.384001524036044,8.334734434813297,0.18623866392262786,5,1.0,0.9448578252714992,0.9438384263891041,0.004819823290279702,0,0.0,0.3348579776386017,0.34238770220998216,0.016326369857592254,8.90352189819773,9.1037293654991,0.4341010256653683,26.384875311045278,26.386572447139297,1.503637875269546,0.9923248449236397,0.9923886735486175,0.05655123262127144,5,5,99.8,94.0,12.049896265113654,89.05392011542135,89.05392011542135,0.0,200.15184341259442,200.15184341259442,0.0,26.58894962271716,26.588949622717163,3.972054645195637e-15
front,log-0099,40.0,self-supervised,full_log,10.362338913213394,10.461249175653597,0.212988389756461,0.18762503897512617,0.18960953664537422,0.004655241627499324,0.6246478933447528,0.6312547529400351,0.015498394518728136,12.268857071568707,12.398623964133414,0.304407633828542,10.709287810288798,10.418656232116891,0.6634931119613281,0.7675696752357337,0.7540415208185972,0.047315169927317643,15.076017606514409,14.810307924701144,0.929328447818614,9.958484428951355,9.868674022467056,0.7567044599093168,9.958484428951355,9.868674022467056,0.7567044599093168,5,1.0,0.8665192694006649,0.8664740942389231,0.0004980421672216534,0,0.0,0.6246478933447528,0.6312547529400351,0.015498394518728136,12.268857071568707,12.398623964133414,0.304407633828542,24.387195519478766,24.648424207053313,0.4974774263477819,1.2416323881651716,1.2549324004175593,0.025328213096134696,5,5,58.4,58.0,8.502940667792526,65.39029725768751,65.39029725768751,0.0,185.2820851030399,185.2820851030399,0.0,19.641236610714596,19.641236610714596,0.0
front,log103,40.0,self-supervised,full_log,4.983355825180956,4.849235671429252,0.4052635256205189,0.10080417827154502,0.10067250880177117,0.005956523065161168,0.3370793533657749,0.33663906348404177,0.01991803293812095,7.678735069260972,7.668705177718382,0.45373677297487597,16.91948659243293,16.513029243579563,2.0832653095004163,0.7791868422320392,0.7571518099091085,0.09326436062765342,17.750032065776985,17.248069623518525,2.1245807834650914,9.026881117929857,9.008507172531942,1.257850404313364,9.026881117929857,9.008507172531942,1.257850404313364,5,1.0,0.9446551240091313,0.9454267664386905,0.004598114128434702,0,0.0,0.3370793533657749,0.33663906348404177,0.01991803293812095,7.678735069260972,7.668705177718382,0.45373677297487597,20.10522906393004,20.563939794269665,1.309655266160852,0.8825747406327134,0.902711119212018,0.057490946916087464,5,5,47.0,50.0,7.280109889280518,76.17476974591364,76.17476974591364,0.0,161.83235720034813,161.83235720034813,0.0,22.780199951696677,22.780199951696677,0.0
front,log104,40.0,self-supervised,full_log,3.952604128952759,3.9429396782109007,0.042950711135576365,0.10098504494225677,0.10137351414629381,0.0013679504783414207,0.33870428340141473,0.34000721081459867,0.004588111900729307,7.267715589967244,7.295673033487881,0.09844898344531955,25.623153593911724,25.813513846670713,0.8059533160634386,1.2210663185722879,1.2292309828220356,0.037222363726173206,26.200916713398318,26.376109235497054,0.7986954001037302,8.862772688837326,8.904662471840068,0.12317013479625409,8.862772688837326,8.904662471840068,0.12317013479625409,5,1.0,0.9411388363530889,0.9406649650872707,0.0015867745307600804,0,0.0,0.33870428340141473,0.34000721081459867,0.004588111900729307,7.267715589967244,7.295673033487881,0.09844898344531955,19.882700415807882,19.777374268363914,0.3947456215895992,0.9266124565630628,0.9217038416273482,0.018396706809897866,5,5,50.8,50.0,1.7888543819998317,71.96823642671964,71.96823642671964,0.0,167.6308323463045,167.6308323463045,0.0,21.457406788546354,21.457406788546354,0.0
front,log106,40.0,self-supervised,full_log,3.6745211116855616,4.029569654975286,0.7079370586932068,0.0657733266064365,0.07308029856940298,0.011392565670235135,0.22993792749169728,0.2554824768719933,0.039827435743087045,5.42070156410003,6.022904864314611,0.9389170615815039,5.583558831754281,5.990738989695274,0.9553232159911936,0.28975697389290545,0.2947411281381432,0.015756316483071253,6.830913450095697,6.9484130423013,0.37144933128669455,6.107320173382912,6.787174073469696,1.0987160070964093,6.212791956604741,6.618080114300314,1.0445397021868585,5,1.0,0.9797522848723395,0.981238031853303,0.005192491315120365,0,0.0,0.22993792749169728,0.2554824768719933,0.039827435743087045,5.42070156410003,6.022904864314611,0.9389170615815039,22.125008900371007,20.93906848055505,2.9884121941862394,0.9385092745151514,0.8882034830900911,0.12676390653433497,5,5,56.4,51.0,8.324662155306966,82.41489132115096,82.41489132115096,0.0,139.2265583706526,139.2265583706526,0.0,23.57463000224599,23.57463000224599,0.0
front,log107,40.0,self-supervised,full_log,3.162147099146666,3.019570982779697,0.6873184205268502,0.05977235654964428,0.058451868934391464,0.009937085640315682,0.21403726141317234,0.20930876199950138,0.03558344893286607,4.748821611425493,4.643910905425068,0.7894861398700851,5.650548358312028,4.943634666970501,1.2409894666762085,0.3079091784142074,0.2676508924129347,0.06464314813370999,6.8315476994776585,5.938341454268121,1.4342305487424323,7.503336305560649,7.862389035194487,1.5456033680767705,5.930034527007976,5.977864817461591,0.8739042405576583,5,1.0,0.9819651665010612,0.9839315644612494,0.006081441982724012,0,0.0,0.21403726141317234,0.20930876199950138,0.03558344893286607,4.748821611425493,4.643910905425068,0.7894861398700851,22.778797001433567,22.642401675484063,2.4853457645318238,1.0266781377390801,1.0205305743171251,0.11201865318026483,5,5,55.6,54.0,6.4265076052238514,79.44845887883525,79.44845887883525,0.0,143.2959687942977,143.2959687942977,0.0,22.186892039599044,22.186892039599044,0.0
front,log109,40.0,self-supervised,full_log,3.599591054047989,3.491110175859137,0.7944703969841176,0.0649812693014579,0.06429022724475399,0.012986361134302161,0.23052219964472243,0.22807071575296617,0.046069345308908945,5.248199154326343,5.19238728151154,1.048840846839106,11.735031936931431,12.14972850619522,1.8243797968472952,0.5493618398907139,0.5637854995431385,0.08229226633338733,12.507083256957875,12.835460474019014,1.8735124133124643,7.524568353463946,7.4454598668516825,1.6899422107919324,7.524568353463946,7.4454598668516825,1.6899422107919324,5,1.0,0.9759083815410907,0.9807178224361619,0.008905457160470726,0,0.0,0.23052219964472243,0.22807071575296617,0.046069345308908945,5.248199154326343,5.19238728151154,1.048840846839106,21.884019445571894,22.29171446198856,2.306594294887482,0.9612349210304796,0.9791425402356475,0.10131497965489868,5,5,52.6,51.0,3.1304951684997055,80.76479900660537,80.76479900660537,0.0,163.14952995471293,163.14952995471293,0.0,22.766567221789458,22.766567221789458,0.0
front,log110,40.0,self-supervised,full_log,3.642793959441348,3.559224760507391,0.17049116870335787,0.07456332019446126,0.07609880134154054,0.0032394519070686693,0.2699803546985444,0.2755400554152003,0.011729471979229824,5.988139937334479,6.111453598205131,0.26015863147190127,9.057113907765352,9.028157630980369,0.40929245986540136,0.4532014795979764,0.45571343491237953,0.016090258582478534,10.051967976225317,10.107682918728344,0.35688048534998845,9.507979312803112,9.496179673678963,0.3837361142537378,6.860468066170993,6.805019029894115,0.5548565875930386,5,1.0,0.9633620966281871,0.9617884502457593,0.0032972845234363365,0,0.0,0.2699803546985444,0.2755400554152003,0.011729471979229824,5.988139937334479,6.111453598205131,0.26015863147190127,21.738176346470492,21.836057701823385,0.7258396771163763,0.9800840698342206,0.9844971335423328,0.03272509586163506,5,5,51.4,51.0,1.140175425099138,80.30945941942232,80.30945941942232,0.0,153.5219790158836,153.5219790158836,0.0,22.179909882779203,22.179909882779203,0.0
front,log112,40.0,self-supervised,full_log,4.359913802820213,3.9918125128326407,0.7085779325425423,0.0816015965380665,0.0751396497308647,0.011243544427521398,0.2777150326496971,0.25572306380745147,0.03826519872476765,6.378625617950426,5.8735087918718785,0.8788842812468223,19.11479232925887,19.892228483510507,3.8581318144686083,0.8674909309508708,0.9031141526954487,0.16561761346491705,19.92474020116363,20.742942920137477,3.8039451518048164,7.355371727338915,7.090507559979366,1.0500549696224994,7.355371727338915,7.090507559979366,1.0500549696224994,5,1.0,0.9651622371247871,0.9685267932979367,0.006160323745893908,0,0.0,0.2777150326496971,0.25572306380745147,0.03826519872476765,6.378625617950426,5.8735087918718785,0.8788842812468223,20.26706529498111,20.683256752565836,1.5412435786423786,0.8823952113241841,0.9005155135890482,0.06710325019848667,5,5,60.0,52.0,12.82575533838066,78.16790220488943,78.16790220488943,0.0,168.2475820465773,168.2475820465773,0.0,22.968240347278098,22.968240347278098,0.0
front,log-0046,40.0,self-supervised,training_window,2.3384163747067856,2.3940796658000694,0.33059239411931274,0.057827609921122056,0.055580758313864186,0.010154186439089082,0.19184567449801898,0.18516937428362243,0.027045809650553435,3.3397160699460757,3.5987457019074935,0.5740197889200654,14.659149147298399,15.219268013223118,1.5625879985774573,0.879296053425913,0.834353544931673,0.19095381384731022,15.037224406694898,15.651541182035956,1.6298092467488046,4.422867099010235,4.562999291483043,0.5617349316464562,4.545763626355593,4.568649807785979,0.731497845516689,5,1.0,0.9815901812979113,0.9838658375103002,0.00588160542840103,0,0.0,0.19696550628233775,0.18718084992257758,0.03455645637921215,3.402461126677243,3.6378385018814994,0.49678704063962714,18.01698123335202,19.667478624369775,4.639076588196467,1.0053975156142803,1.0094866026741622,0.024285461626852106,5,5,58.2,55.0,11.432410069622241,59.97414711541252,64.65186393631711,16.511309375822492,116.54916659085902,112.6189302005613,31.702825399393603,17.88837316856256,19.182441506715396,4.537113534988662
front,log-0048,40.0,self-supervised,training_window,2.481630986363079,2.5537724067581298,0.859424518581731,0.05296211185987003,0.050754012268256495,0.0100966693153665,0.17578460044999913,0.1706209519908158,0.03192516065983677,3.417660574905973,3.32778331243852,1.1125855250887633,4.7210269015334605,4.8717625120419425,1.6037541185073336,0.292456122297387,0.2554259799646435,0.10452800446651397,5.417325948224798,5.597028170624921,1.4738638330986948,4.455843037328591,4.556020267028625,1.1297517185255996,4.169396314937396,4.274526949339052,0.8219814629990503,5,1.0,0.9881067741040687,0.9882926445064494,0.002026412567060995,0,0.0,0.1942993842891506,0.1877893875183179,0.04405208958473968,3.754280183467329,3.662635700626891,1.1821170267333734,17.62765263758348,17.67845356977193,4.138588163487298,0.9170133531470004,0.906403540917344,0.06199179829622927,5,5,52.8,52.0,9.67987603226405,64.33114558593418,65.56690128949359,15.772611262194692,119.78928836003566,114.89574289420612,19.787122660596044,19.339442447142552,19.503954664475486,4.71098884690965
front,log-0049,40.0,self-supervised,training_window,2.564403454492362,2.6443850873990993,0.3944562367145892,0.056333800243346596,0.06096842482715488,0.010077923128083225,0.1864182062722678,0.20666348875759694,0.03610140776361883,3.780683217668282,3.8988242534926365,0.3848526035440804,12.609042775871947,10.432435398079104,10.51288213771534,0.6763267508656589,0.49502755856083175,0.5841489109677616,13.347269078307448,11.143052170684877,10.178078728764929,4.720640468359015,4.5799333693534905,1.0973427872082977,4.743357560756509,4.5799333693534905,1.071489614008283,5,1.0,0.9847775384626665,0.9854243901010667,0.004936344899326095,0,0.0,0.19839626894489495,0.21233959428312912,0.044378591534669734,4.012088628285666,4.005907212467967,0.49754075239392653,21.15550419146947,20.804466359430286,3.5385634361747966,1.021899961419513,1.0246714520634768,0.07286718399840214,5,5,59.0,55.0,9.772410142846033,68.28302489265994,63.13325304255925,9.476125536227062,113.96016143761638,113.38702968087262,7.790886966433094,20.792385219942766,18.865568741393446,3.959681448023202
front,log-0054,40.0,self-supervised,training_window,3.3250768514277715,3.6038883546603047,1.2531931528457962,0.08355623377762723,0.07054018400097502,0.035390427166336766,0.2716780728630947,0.2458255023934242,0.1085653503972675,4.64459394279354,5.244463925402518,1.6759945444715816,7.508318768086828,8.07173836283193,2.255309981691643,0.5192230190945344,0.49696158230848936,0.18277532996224424,8.823084916580772,9.597562508764515,2.754486683315597,6.381849554789805,5.9566975159550255,2.4477688372732165,6.141310261103215,5.9566975159550255,2.812756261819623,5,1.0,0.9794330080595364,0.9790111589932822,0.005676505565729817,0,0.0,0.2847474069491056,0.24947438026452431,0.09815899864343552,4.8722919045743724,5.322309422215772,1.4960406798354817,19.653111760319856,20.40936467090471,4.242993505432392,1.1341028502452537,1.1420621150225603,0.14893153412137777,5,5,61.4,62.0,8.763560920082657,56.817726333646725,56.4712436808022,11.786586920901161,111.44481816147825,112.48590843780602,22.7976959359658,17.298885950393625,17.20070830536059,3.049622957049791
front,log-0055,40.0,self-supervised,training_window,3.898638073600087,3.47114064080968,1.022803444484003,0.06962154320930233,0.07083927305549412,0.01052950633419369,0.23535973158616835,0.23824351515028536,0.03422218423531157,5.2694700324294494,4.719189908312861,1.1311198721042282,7.647555481294582,7.727062241918099,1.3862320246480673,0.38190861945097854,0.3436869947385572,0.08523305994505541,8.447320276759605,8.743840386634554,1.57542265491286,5.7195861881702825,5.35266111609806,1.2111068415686446,5.644288310690932,5.60030597874188,0.9852780442711646,5,1.0,0.9816172377129512,0.9830854856390131,0.004953112642726474,0,0.0,0.24091567895899102,0.24943343079456512,0.03598091753164536,5.37296011897922,4.940842686354043,1.050530515983278,25.148638005997043,26.968702918328013,5.016464271824983,1.1146691659627979,1.1145268336415841,0.05433416199252454,5,5,52.8,51.0,2.949576240750525,76.13486392639552,83.56968561579794,13.586744662798111,128.41864963040567,133.2539275936189,9.817524804915424,22.485738113430823,24.650429560846547,3.921805550338685
front,log-0056,40.0,self-supervised,training_window,2.473765665530676,3.129550280996275,0.9860078018505487,0.04610538515834143,0.051770684880912764,0.01407969318834851,0.15939950408609305,0.17770015261726638,0.04530492421125135,3.609033899953863,4.2941438146218465,1.264771880859633,6.665580777553169,6.757925477324106,0.3847036499142134,0.3417214982467851,0.34088185470680454,0.03641107497751574,7.553672357701153,8.075283893773873,0.9025702980489531,5.265465259491047,5.058079354036208,0.4044733097135624,4.144077266792688,4.677841982382745,1.4035542849211344,5,1.0,0.9873238930805186,0.9846702675408066,0.006275683879159891,0,0.0,0.17325732302435237,0.18233384042275147,0.03364824712913248,3.89317027668168,4.406117392222923,1.0437589876256979,22.81383785366894,23.913226884026017,2.7353057740037876,1.026694162590765,1.0228003768847904,0.015736176756985704,5,5,64.0,63.0,14.404860290887934,77.16601417937677,80.14552084816435,8.05217007255175,135.96419387503644,135.3540904344057,8.79978136977502,22.218763157426913,22.867001074328385,2.6306553590799817
front,log-0058,40.0,self-supervised,training_window,2.8119128481396656,2.9076509500462917,0.2756833987716986,0.05082962428117286,0.04988073299183459,0.0031470411036520762,0.17234207504904817,0.17364754453177342,0.010385899358495342,3.7431152854824554,3.7785522622621848,0.2660135243849618,3.199968934720135,2.986506953888924,0.5756841210980328,0.1900266206719115,0.18681420207382127,0.016998839171868,4.149768972498488,3.79899184787413,0.6500413708287495,4.457608530588425,4.421918252899129,0.19071804311817356,4.461170162507932,4.4765642989952585,0.18177707374775035,5,1.0,0.9853974682775318,0.9857469126488987,0.0015829767359040682,0,0.0,0.18077382022429722,0.17499202267727731,0.01774178647969766,3.9217417269522294,4.039216375959656,0.3393301942497575,21.012742172675324,20.269961499884072,1.812320767625871,0.9654873640248554,0.9727678833641846,0.02316829941203871,5,5,93.2,90.0,9.67987603226405,73.80605949301571,77.06656048250208,6.160778736712032,141.99289124588947,136.96458072441416,8.460480962202874,21.75933539725667,21.580596750517504,1.7272186627717299
front,log-0063,40.0,self-supervised,training_window,2.535910987021478,2.192843922291868,0.8447556617110026,0.04333077175453038,0.04004831020659153,0.006813204504613147,0.13894140101817412,0.13661279172657298,0.012432224227891114,3.480685684204963,3.2235642972685836,0.7719447080779492,5.981299620068276,5.700024458225863,3.59375939226433,0.2594835954107169,0.2540046978143584,0.09543533908065818,6.779828174822079,6.30895092108612,3.6622498268880257,4.7317543253581,4.2191735076753085,1.377379465497362,4.32147617696946,4.146498185826262,0.8508588593364822,5,1.0,0.9921275911099195,0.9921261445455364,0.0020245652352805245,0,0.0,0.14089052448230582,0.13686636812237812,0.014194870011397302,3.5334046964129326,3.229547776603253,0.8320638292066327,23.460496427560468,22.93329397205204,3.4934022475803186,0.9420429316639481,0.9513733879238523,0.03770409111668197,5,5,61.4,57.0,12.501999840025595,80.52764272493748,83.23213129121554,12.289813357142917,132.51781861125284,132.06985174660383,20.317872317846987,25.021327607123965,23.687531167565403,4.508934239509705
front,log-0071_183,40.0,self-supervised,training_window,2.445570397949794,2.3973315317648307,0.24594185541431823,0.048717156325746816,0.05185642157537002,0.007482317667007471,0.16094616816828627,0.1707310029172083,0.025213756353087785,3.5133506217032737,3.518014542299008,0.4030682047803199,8.921958196738476,9.105554495030852,1.2585690332984354,0.4361032348396569,0.4183128886482358,0.0760298550116183,9.529065858377498,9.552693114525436,1.2244711803064714,4.4224375243132625,4.1661164137943825,0.6267432901924592,3.917365496984811,4.246902146849351,0.5889594580584102,5,1.0,0.9888854796141521,0.988767565082609,0.00350113391521865,0,0.0,0.16344064716255233,0.17694957900740013,0.02379252948499044,3.56842148694882,3.5535097744624182,0.3509123301407221,22.029742246173665,21.513747411420365,2.39916032961795,1.000945116212704,1.0413487839110986,0.0728231391212591,5,5,81.2,80.0,8.700574693662482,72.66390679748858,72.15140550765997,5.414828076890938,133.61937567393707,134.77011429259983,12.145060057596265,22.00308635725205,21.87465160245151,1.6439060634595388
front,log-0072_184,40.0,self-supervised,training_window,2.54223423176684,2.3983876557394392,0.4457417115806852,0.04927014157861491,0.049894992290627105,0.004811260437184908,0.1665411801965242,0.1634937923634032,0.01588254498404356,3.6191077707478456,3.5682376474835706,0.44687820426664004,2.6049993498564814,2.397968604531377,0.4396061124311579,0.16891164546289422,0.16503476587170757,0.013872861237891328,3.671324128469878,3.6208734460802634,0.42162522588160467,5.002871136010498,4.553738382078433,1.5740524538265521,4.448407594917478,4.546739022017393,0.45223818079842115,5,1.0,0.9874478404529556,0.9881230262292886,0.0036920952825852575,0,0.0,0.16973038343942498,0.1670687433020693,0.016423486241496817,3.6875119624934163,3.614971728711318,0.4504575545917749,22.225300501324462,21.95164770917149,2.1162903876614307,1.0224328972725825,1.015649238076321,0.04961036459967718,5,5,89.6,89.0,18.201648277010516,73.56105153946086,75.95880252783559,6.80680382692379,137.00571465391454,141.31694139341133,12.053650205844066,21.73174539653133,22.419867148011626,1.6658791339290326
front,log-0073_185,40.0,self-supervised,training_window,3.2474777162660415,2.834621871179329,1.2461654444181283,0.09186012663200169,0.07410185006484409,0.04844522130189472,0.30432018756722373,0.25006275647900117,0.15731554572776452,4.8523779155467714,4.1922953159622205,1.834557885545246,9.660197456295188,9.397191404123285,1.868743724687498,0.6151891353531371,0.5977240362560382,0.06502657635798285,10.416412648044716,9.895446756423278,1.6606277967309089,8.38295441819301,7.487019669661744,4.457272110161671,6.921379110221804,5.54766603432885,3.2343724025394027,5,1.0,0.9626767139343448,0.9720935192551446,0.03146123555767195,0,0.0,0.3066860052589806,0.25616154822342746,0.15660367688108026,4.892853088110869,4.275815927491859,1.8191926234761169,15.444474000638916,12.571127043952082,7.467156548490582,0.8602579661996573,0.8855071903357998,0.22025951291361776,5,5,50.4,50.0,0.5477225575051661,57.5074020758138,49.538625027712136,15.60393999296809,112.38823035196444,105.56917913866877,22.58360937271148,17.22676321754408,14.771252397327672,4.227266949844002
front,log-0078-valid,40.0,self-supervised,training_window,5.983900471956941,5.695916551916982,0.9864389698057741,0.08308997717155367,0.08070887119266137,0.016420619831606684,0.27162162761342895,0.27450372868386613,0.047723483608064284,7.741131720513946,7.6039527037298775,1.0212685691210315,10.693165085056012,10.447063180196086,1.9246286846329006,0.43636192540712904,0.45508489440516625,0.04187148704267656,12.55789624402188,12.709262390832253,1.7556459005891651,7.880616928587057,7.91353042277669,2.1736917456563707,7.210475831302325,7.39334862646824,0.979168538753411,5,1.0,0.964203561893281,0.9643325606853747,0.01168616028284034,0,0.0,0.2757258206062077,0.2773314159108777,0.046907604747602485,7.859394658108147,7.682281694152807,0.9901917459847109,26.96323531273209,25.45789842340168,3.820657597948198,0.9366068421992528,0.9115796542329895,0.08679275197664632,5,5,51.8,51.0,2.16794833886788,94.14391040004776,94.21458374232947,6.283534842161938,179.31565348383316,182.4568015683726,8.996013007036648,28.686937352575256,27.92723412066734,1.4591070076126726
front,log-0079,40.0,self-supervised,training_window,5.3185787886577796,5.507500175029656,0.7753672850545122,0.08438492688296824,0.0875546531807574,0.016600701722838184,0.2765573126786255,0.3054424275109281,0.048573352391434954,6.752390921052712,7.121371888152253,0.8740585810610358,7.298438216078077,6.628885032833787,1.7262915063372921,0.3724350977343477,0.36743167322177755,0.05953886854753079,9.12524197384706,8.59965788011344,1.3620778802304925,7.329403643749275,7.509212490835774,1.627312287046127,6.889041697269716,7.1739671984342195,1.0922818447485014,5,1.0,0.9616015935505903,0.9526044968230825,0.0152645645403165,0,0.0,0.2897382879306979,0.30664784731081435,0.05193058180210903,7.061025073875544,7.299818171305815,0.8049352452089145,23.46747625490075,22.073615276529633,2.826242150166343,0.9519818870534641,0.9390752161335734,0.0680863713982607,5,5,51.2,51.0,1.3038404810405297,81.26017147994276,78.11566719976007,10.71308763903035,159.54284870605667,151.26944770100658,16.434563359437647,24.692116866944097,23.314940056575686,2.951879416255427
front,log-0080-valid,40.0,self-supervised,training_window,5.099555699104963,4.1076190835809,1.626028027269883,0.07353426014419921,0.06431042012100172,0.02716853673111258,0.24245914932257104,0.20239064535865486,0.09616895718015851,6.6186725606984425,5.846230030510981,1.7556472172465936,15.189083093374512,15.420023106072627,4.388758665230843,0.5868863710117024,0.5496564993599347,0.18808544634187238,16.364328565447018,16.187771138616434,4.0124516020289,6.5216498309618895,5.229428305996751,2.0044882850537658,6.3943259427536,5.229428305996751,1.8991894737656643,5,1.0,0.9692992437743815,0.9796734167609729,0.024016790680735763,0,0.0,0.2873165218477057,0.2198099205012089,0.13586676694282274,7.819267508700524,6.539622235793553,2.6981396600473317,28.716997142466333,29.074872294704317,5.200107703984174,1.006780943941385,1.0355046035211057,0.07337889617066327,5,5,66.6,51.0,29.12559012277691,93.13752062638589,90.90641951197253,12.989708827657623,177.8958639918589,179.30905361918406,16.48628502934217,28.431216976268153,28.885870787905848,4.040445881855291
front,log-0081,40.0,self-supervised,training_window,5.948200972956689,4.732052802932842,1.9575144197000505,0.12387937516089302,0.10844461785959125,0.05027000937743399,0.40179490457329187,0.3621095382477962,0.15435463236554223,7.3827931178075135,6.148571853554941,2.1666534404078344,22.803915454646383,22.32445593465993,3.7394714148370767,1.333704493106271,1.1273373315381996,0.4884190193072583,23.993249747471815,23.128343371337046,4.067942212730671,7.914805581889432,7.929318805667765,1.1961921226855958,8.136586100181285,8.691525404224999,1.913674124484518,5,1.0,0.9120028844439558,0.9367121046241511,0.07030450073261532,0,0.0,0.5494300161358967,0.3980820743398761,0.290452206711905,9.71912601725812,10.80931368231728,3.4681571946930903,17.35046689420093,17.711112528894724,3.767770317086906,0.914014469987211,0.910879723886462,0.08134002755120244,5,5,50.0,50.0,0.0,62.84120184002099,63.76479059733938,17.799633787221975,141.56058258332268,144.61966487925525,18.327032088458047,19.174237428171885,19.443963966314342,5.02584507164397
front,log-0098,40.0,self-supervised,training_window,6.292740848611691,5.690830451462354,0.9632408113752934,0.09363107403453486,0.09393729068837194,0.012201820759593933,0.31753863089164136,0.319934379041181,0.04039406385606774,8.467028827788662,7.746551578670388,1.3982955682313885,8.341515946258813,7.437203139363151,3.0011521617751953,0.4047458011269721,0.3713820642509721,0.12338354044345978,10.77021449597495,10.08653103814622,3.4792781961521007,7.969776568188169,7.764157805468946,1.0513407238802803,8.456242852728248,8.52466034455716,1.1809414556161975,5,1.0,0.9506286875924645,0.9476402293797366,0.010451189645347742,0,0.0,0.3240165944768818,0.3208073600772451,0.0441585904940316,8.632158222451912,8.07182759056601,1.431217377724468,26.4540526626151,26.417565936470382,3.237625988766895,0.99184348872496,0.973017470406858,0.06545117094555421,5,5,99.8,94.0,12.049896265113654,90.20842760872719,90.60093633326122,4.986825609118689,166.20572411756086,152.3357110024309,21.529002031186415,26.64571845164117,26.54553099860173,2.4059456876979417
front,log-0099,40.0,self-supervised,training_window,7.859306572572751,7.65815835260374,3.274872303085924,0.1814503582427082,0.2122643283598948,0.06291239701697127,0.5993723173841182,0.7035914634212495,0.20350391328877385,9.848145694631246,10.34073135594504,3.567370407752099,7.542588038336336,6.9097019153284025,3.343849705307635,0.6677847997962638,0.7452831780134801,0.24940935316230026,11.054376735826306,10.943991028934432,4.658998370999601,8.097136443183924,8.608694194689733,2.320181057499283,9.31900583345223,9.516275111389714,3.363444472504931,5,1.0,0.8667939103121421,0.850154749579513,0.060740101437616115,0,0.0,0.7162058700167853,0.7035921897499284,0.07604880216921193,11.704250094367751,11.210450847583889,0.9619292554155603,19.983849174433956,20.35494212617603,3.736535341764565,1.2099687544876698,1.2436770635838268,0.1333003208248191,5,5,58.4,58.0,8.502940667792526,54.69921997250633,57.09863432978426,6.859531794764642,118.43785251368922,112.53180825302815,9.294701036804137,16.49109813812214,16.762282016321304,2.148516324621836
front,log103,40.0,self-supervised,training_window,4.490000198441729,4.36727129510734,1.4177653072629786,0.09063762522469601,0.09139945423447476,0.022069518904675147,0.2964321748278,0.30244348858450326,0.07117769147638302,6.667077404645781,6.9122221057798265,2.056868364012221,15.596994928402404,17.0307910392903,2.479218313973889,0.7421861780282584,0.7280519204949115,0.16721250755559317,16.310438161280928,17.971577818885464,2.5140042102535367,7.897950598489118,8.37849249099444,2.0776904036462995,7.624812510547047,9.18619055921466,2.5884245796804493,5,1.0,0.9570596385308369,0.9580722382894219,0.023071954490343032,0,0.0,0.315108175434737,0.30271635786803863,0.06409822100609475,7.081601264524224,6.91845842153742,1.967100891492814,19.61996167827426,19.683524194930733,0.9050627545432215,0.8849680988866087,0.8612503524987211,0.06536933741309227,5,5,47.0,50.0,7.280109889280518,73.71909720717592,77.61229259793689,12.267422896304971,128.19037267200918,136.0187539116745,19.580723715107297,22.30963312539675,22.854590581964334,2.429623056006621
front,log104,40.0,self-supervised,training_window,5.988598963149766,6.551791532965909,1.7741190861637843,0.1154280890022323,0.11675614513883681,0.009785362186679625,0.3913163998869872,0.4013643399723627,0.04253245672321149,9.855002458906911,10.7559167032884,1.9219453512600733,24.506093155150133,24.63698522119281,1.1151922107844896,1.031593802818855,0.9770923347721083,0.18799175687233646,25.364798278830722,25.896450820913362,1.0531259649143483,11.478299472323636,11.010945334649845,1.3107321536985221,11.415021170015953,11.76435016023869,0.7212530945224057,5,1.0,0.9234522040629061,0.9264465502384682,0.017305587193666424,0,0.0,0.39937693947531744,0.41652199012576896,0.04690708698708982,10.069141869688227,10.92191664415174,2.0627127614823597,21.035936017242673,21.573035420525223,2.3543947929213878,0.8422507785840827,0.8522746919842109,0.04076824888172162,5,5,50.8,50.0,1.7888543819998317,85.24590064420451,91.37279367088125,14.114071485076003,146.16928623526397,143.59899356172718,11.999069447100522,25.046109760062876,26.503586098598664,3.1707876087525477
front,log106,40.0,self-supervised,training_window,2.6964201234633247,2.6159797108142886,0.4003911847178472,0.05292390736250392,0.05439223119345055,0.004766190079013519,0.1806423107077369,0.18356315086199193,0.018317233427776924,3.9979397124506355,3.8742248992254593,0.7221128781847137,5.605759244779421,5.507189071517031,1.5979204213977753,0.3028790512701067,0.2911816428611737,0.0710554807613012,6.581370778148177,6.181498014014422,1.1912268157990011,5.065212878253293,5.718044265143745,1.1668567410552435,4.976019958462034,5.172794892684497,0.7884573709430981,5,1.0,0.9854958996428899,0.9851320354801298,0.001792814204536307,0,0.0,0.19293013074620965,0.19370875759504233,0.01350839676564978,4.263230545406377,4.0883548160325915,0.644639532831391,21.69438767527026,20.324524368716165,3.1590088810726473,0.9826112154916735,0.956780273656539,0.07088190991125855,5,5,56.4,51.0,8.324662155306966,75.15038586928236,71.227541401022,7.509287007075141,133.54468575253793,137.34910776770286,6.020876212998297,22.00813454663967,21.10567878701436,1.7875279003291733
front,log107,40.0,self-supervised,training_window,2.564325922739845,2.4048609699038455,0.5560324551526838,0.056210907848227444,0.057784941538368446,0.00908794616141132,0.19313710265766837,0.193114711385996,0.030628302665254015,4.0132922633974575,3.8153759037760664,0.7688632257113868,5.0842242141958405,4.647265647640658,0.8119768359062954,0.28979455821993955,0.270755554727359,0.039402599435408005,6.008851547583274,5.518032868549197,0.9159866000371024,6.788551852893006,7.519674488290761,1.422439298018756,5.479943214997659,5.383438674723178,1.124883963515383,5,1.0,0.9837073420018447,0.9862926015478957,0.006206491272256642,0,0.0,0.1962764636482978,0.1972888450419436,0.03116071985962021,4.082676271998926,3.8547742486781207,0.8075952118036188,21.000350348608528,21.00861028698313,2.2850822245976556,1.0128114727921143,1.0240289256818502,0.08394587169896896,5,5,55.6,54.0,6.4265076052238514,71.48111906217366,69.86719686108742,7.902550747958948,133.84263706578358,131.78253781658498,8.917105181891307,20.73907390844567,20.515641462954317,1.5075878005888796
front,log109,40.0,self-supervised,training_window,3.076452182139362,2.1311319388915297,1.3137287059755423,0.06135278111811084,0.05108172104483682,0.01851878007375957,0.20423798097091406,0.17602150264249478,0.05836035068260475,4.569682279329841,3.2823152687821695,1.7977748561405336,11.543832156885426,11.465851415433471,1.512482431908663,0.5631699713752979,0.6395785007606296,0.10867639791960847,12.115936027318567,11.926374034513067,1.3163161351646793,6.188762619093128,4.135701242381743,3.031958471095181,5.716946720069289,4.371213618809889,2.1408440836622784,5,1.0,0.9787409784865144,0.9847313172438258,0.011267602471993772,0,0.0,0.21649940533471063,0.22509539934107714,0.05574373846115205,4.807200834099852,4.197408016056042,1.6729863612982592,20.793807639524314,21.095000009531667,1.221994611065009,0.9559328787659535,0.9909835166161735,0.05996911194845058,5,5,52.6,51.0,3.1304951684997055,72.9563301798144,71.23170923517716,7.1470316219401635,143.78190886855873,140.4515396909818,12.343762137052648,21.87497802426503,21.181609948265535,2.5403156212972684
front,log110,40.0,self-supervised,training_window,2.9785387984817167,3.0377974283744007,0.49328331139759646,0.06878907992602509,0.0615172611978471,0.012796565598986967,0.22687076139744286,0.20487676530290216,0.04375046612078609,4.477417168985429,4.53508227727738,0.6305115507440158,9.246886663522847,9.234057397114798,0.4797835365803694,0.5168016528899767,0.5141447174526362,0.05927624470746303,10.214511424232654,10.573767367225221,0.5893938675150642,9.692135159344767,10.45685626223111,4.234699563057577,5.399331290772155,5.336342466771817,0.8323480913606367,5,1.0,0.9780037876986706,0.9805341182406282,0.00686191194372251,0,0.0,0.23416676864225652,0.20908782327255693,0.045863686810604584,4.618534814075543,4.674255222607107,0.642587227562327,20.981778751886157,20.14557144367843,1.4375330484799713,1.0570591324623837,1.0532146489146825,0.06054994708485544,5,5,51.4,51.0,1.140175425099138,65.79765751195973,64.34116008314899,8.615437588581617,137.3206603086823,149.37604885105472,17.031414139067262,19.937982812642495,19.375217462716748,2.275531276113974
front,log112,40.0,self-supervised,training_window,3.8172676772639442,3.100001005353326,1.212455882619877,0.07714103572045292,0.06564196698395,0.02384401308496095,0.2586079359834915,0.21227962860730834,0.08336511123195413,5.561348956734136,4.553854220164701,1.9903836939481017,19.768554854477568,20.251305865950695,3.8436173412477905,0.9577990398333771,0.9738726562221204,0.1892979981775508,20.377291684955182,21.11738080507378,3.7187607641462392,6.087515954309375,5.097403659433564,1.9835950040482888,6.634200092165649,5.329186643487046,2.2815732711093326,5,1.0,0.9688214275305242,0.9789791858303571,0.016942933078401463,0,0.0,0.26228672734680886,0.21864851048181816,0.08086501761666863,5.638956393934021,4.6904804230285615,1.941037337114319,19.2377106091266,19.46748113359012,2.054547573016528,0.9035165734042566,0.9440782040556365,0.10888002272821547,5,5,60.0,52.0,12.82575533838066,71.34586993047752,69.48713940184939,3.742153805043455,133.75032861134486,135.17275145042143,5.979370454734737,21.337608773188045,20.947138588962492,0.9173175965690625
front,log-0046,5.0,self-supervised,full_log,3.2016800739641647,3.5407782858832126,0.6767450718646767,0.061770869359697535,0.06549793580037447,0.010718962509553667,0.20379038544377875,0.2160864776696669,0.0353632954177683,4.191500672693087,4.444403078879097,0.7273418528035134,13.634462001235402,13.800203442967446,1.2184509474489327,0.6932366131193579,0.7100781658903192,0.051255532677054544,14.258286640450383,14.604678741407252,1.0542087116979586,6.358362594612931,5.884790804728834,2.544153405297302,5.464823013188204,5.798155935023508,1.2936189637670044,5,1.0,0.9862363244329657,0.9871454866607068,0.0038431711928550135,0,0.0,0.20379038544377875,0.2160864776696669,0.0353632954177683,4.191500672693087,4.444403078879097,0.7273418528035134,18.27114472105667,17.243573561044535,1.7130699834851184,0.8883414118148817,0.8383809945032376,0.08328930840950927,5,5,12.2,13.0,2.2803508501982757,67.85562055611663,67.85562055611663,0.0,165.8998005948889,165.8998005948889,0.0,20.567705701942586,20.567705701942586,0.0
front,log-0048,5.0,self-supervised,full_log,3.271185251986027,3.440445092971546,0.5916882723429301,0.06054107636800335,0.06355566404410556,0.012086177997082087,0.2096260545804346,0.22006419276097897,0.04184890590786064,4.704044618764408,4.938278229831436,0.9390966262808425,6.246757162173177,6.113412156984845,0.9045772910604291,0.31364531311540583,0.30678079263393965,0.043112463908955616,7.03825462113577,6.884213604164528,0.9674510845443638,11.070786248631423,11.245409369830629,7.092130123274256,11.070786248631423,11.245409369830629,7.092130123274256,5,1.0,0.9829882093930802,0.9826327617078185,0.0047464425999934326,1,0.2,0.2096260545804346,0.22006419276097897,0.04184890590786064,4.704044618764408,4.938278229831436,0.9390966262808425,22.77891767116659,22.675678918236834,2.6348746298220354,1.0150955243858715,1.010494902110704,0.11741775806300848,5,4,15.5,14.5,4.041451884327381,77.70004930488071,77.70004930488071,0.0,147.0280467770388,147.0280467770388,0.0,22.44017151484117,22.44017151484117,0.0
front,log-0049,5.0,self-supervised,full_log,4.101796351367002,3.835475103516339,1.825183403730171,0.07231945765908787,0.06435404484934448,0.031177549023359334,0.24027953891314574,0.21381465962436288,0.1035866051303746,5.823072609740956,5.181707496408032,2.510377395425139,15.7401535607478,13.448536509483976,8.671614807652851,0.6878845869049124,0.5887771853712531,0.37578056544586314,16.67059090752159,14.268765109521125,9.106882457901442,8.191871055198803,7.0712402808759744,5.072780380008116,6.92106050371965,6.2069480787197655,3.4993707919872317,5,1.0,0.9802469593722325,0.9901179914318523,0.014004539252597903,0,0.0,0.24027953891314574,0.21381465962436288,0.1035866051303746,5.823072609740956,5.181707496408032,2.510377395425139,20.295636588409984,20.041794139769262,2.5535074304027723,0.8374661503025397,0.8269917580694863,0.10536629527203582,5,5,21.8,25.0,11.670475568716126,80.51875384894029,80.51875384894029,0.0,128.6836164750667,128.6836164750667,0.0,24.23457542860456,24.23457542860456,0.0
front,log-0054,5.0,self-supervised,full_log,4.270069680620454,4.0520202901341875,1.3302260222404279,0.09959207048714362,0.09512560274268507,0.03174563649166952,0.33209044186807296,0.3171969745509314,0.10585604253767043,5.957912392402305,5.690714176773181,1.8991242990859645,5.427484942512472,5.734637533532222,0.8357782057556068,0.3911048600435399,0.36230276468618305,0.08534330398359365,7.016668348762243,6.499940556503413,1.5311128063553388,13.401922789106987,13.921354597561834,2.531463207251943,9.222679425869128,9.782742944524403,1.295260189316411,5,1.0,0.9518121911359142,0.9676254479237865,0.04284777306044768,0,0.0,0.33209044186807296,0.3171969745509314,0.10585604253767043,5.957912392402305,5.690714176773181,1.8991242990859645,14.54335255910254,13.912925510196347,1.9130245488550015,0.8106376964781339,0.7754980731590962,0.10663083407266562,5,5,15.2,19.0,6.648308055437865,59.82316025020701,59.82316025020701,0.0,135.89296889344487,135.89296889344487,0.0,17.94063195221126,17.94063195221126,0.0
front,log-0055,5.0,self-supervised,full_log,5.487849367080721,3.375661217051199,4.707190620056336,0.08885259077591517,0.05715090459329088,0.0708481334051562,0.3063883736080647,0.19707216813439854,0.24430401159509046,7.262219684178871,4.67113474893215,5.790655112126713,9.102065431372242,7.993895209623517,3.2720368144618246,0.4430011955630161,0.3746209406370881,0.1905839445378599,10.500307060110416,8.879513074084398,4.517346586009195,13.309964970663994,9.577032149034741,12.396123330539632,9.212223013983547,5.314390852040374,9.181853741922653,5,1.0,0.9830530531897426,0.9828958442745395,0.003513077663747736,0,0.0,0.3063883736080647,0.19707216813439854,0.24430401159509046,7.262219684178871,4.67113474893215,5.790655112126713,20.070304879596062,22.766054659745873,7.880539237004405,0.8467532431267581,0.9604851910315796,0.3324748775144391,5,5,20.2,21.0,7.463243262818116,81.73334756770429,81.73334756770429,0.0,144.98409225186288,144.98409225186288,0.0,23.702660772202737,23.702660772202737,0.0
front,log-0056,5.0,self-supervised,full_log,5.1984470184063465,5.492739856711899,1.510980729920412,0.09474895240600416,0.10120853903369063,0.03169109611257955,0.3264596335585608,0.34871628368359864,0.10919238008721498,7.353406084999763,7.854730505042667,2.459525863631474,8.559984615923266,9.596477335844009,2.1384885677782615,0.44583149270829336,0.4830298651242939,0.09442092768592283,10.042221684898177,10.880103952590055,2.1268032945716095,10.419689931373009,7.96837774168682,7.359662613979999,8.636679029599733,8.032081725029666,4.517039816765298,5,1.0,0.9586131033447393,0.962934056421675,0.01977244077508183,0,0.0,0.3264596335585608,0.34871628368359864,0.10919238008721498,7.353406084999763,7.854730505042667,2.459525863631474,19.00854479751682,19.869870186021572,3.717821250006808,0.8438977118015408,0.8821368580496372,0.1650552885130771,5,5,22.0,24.0,8.94427190999916,77.60936557366922,77.60936557366922,0.0,148.7314640450589,148.7314640450589,0.0,22.524702380028554,22.524702380028554,0.0
front,log-0058,5.0,self-supervised,full_log,3.7152759092379077,3.4809715365802307,0.7965106403123694,0.06472219026075918,0.05801694011479817,0.014745963944358665,0.22226599653582765,0.1992391320290864,0.05063991743433649,5.200261124927001,4.661511562737152,1.1848001858477912,3.841231491125535,4.141452434412645,0.6951797460210375,0.23553846533640513,0.2519500094697096,0.05341947161038647,5.510791321228639,5.894765101683581,1.2498322094214522,8.30547328221462,6.132398209457895,5.555633235153871,8.30547328221462,6.132398209457895,5.555633235153871,5,1.0,0.9812897048770578,0.98252983736601,0.00642743613217917,0,0.0,0.22226599653582765,0.1992391320290864,0.05063991743433649,5.200261124927001,4.661511562737152,1.1848001858477912,22.665925665901863,22.61641710648953,3.108672445197795,0.9687714586850461,0.9666553977737798,0.13286874684491068,5,5,21.6,24.0,5.412947441089743,80.3474218652934,80.3474218652934,0.0,161.1697294857218,161.1697294857218,0.0,23.39656630333357,23.39656630333357,0.0
front,log-0063,5.0,self-supervised,full_log,4.547839089842816,3.961790874446273,1.4584371531979008,0.07014313016395612,0.07077065676896681,0.01987222361112041,0.2170434468925742,0.2189851985231323,0.06149049664444441,5.958693241935336,6.012001934200302,1.6881551230609133,10.259705416109458,11.50360680465535,2.801386084715797,0.4084246512952083,0.4668876433684708,0.10356572326399714,11.212857353473124,12.817895610825767,2.8432849926806,8.48617462495254,9.832273923565811,2.65363847312772,6.683669748394026,6.6243534099493235,1.8345417062171794,5,1.0,0.9864228492326012,0.9854513848263835,0.007171480514463103,0,0.0,0.2170434468925742,0.2189851985231323,0.06149049664444441,5.958693241935336,6.012001934200302,1.6881551230609133,25.43958507024835,24.95950128006538,4.242548316541479,0.9266285420274853,0.9091416474370332,0.15453343087877705,5,5,12.6,14.0,6.9498201415576215,84.9504894920883,84.9504894920883,0.0,153.67050225201805,153.67050225201805,0.0,27.453919144974673,27.453919144974673,0.0
front,log-0071_183,5.0,self-supervised,full_log,2.9552005266447683,2.969332659771801,0.8279384822128264,0.04933851626900894,0.047813173228801166,0.009807583810707394,0.17293286883655978,0.1675864991471109,0.03437585345074458,3.909309158474774,3.788449473834327,0.7770983019566488,8.680098267617002,8.496557033055746,0.6317664704783933,0.41909893563572354,0.4306566217748584,0.02644735271980505,9.474123215617366,9.735395514969545,0.597867131335583,5.76545688857435,4.8168922785418795,2.161066683383388,4.628680293215479,4.277608804621113,1.422481627104273,5,1.0,0.9899847852865111,0.9898140113092271,0.0007142739164315977,0,0.0,0.17293286883655978,0.1675864991471109,0.03437585345074458,3.909309158474774,3.788449473834327,0.7770983019566488,21.04915414213969,20.232471643215305,2.186128119807237,0.9311339842468132,0.8950070774859504,0.09670593756520357,5,5,22.8,22.0,3.1144823004794873,79.23442888229562,79.23442888229562,0.0,152.4462174422029,152.4462174422029,0.0,22.605934804502045,22.605934804502045,0.0
front,log-0072_184,5.0,self-supervised,full_log,3.157961662830445,2.8919216850186644,1.0405608739583982,0.05844294931798595,0.05221028450028819,0.018056277617986234,0.19299363452557666,0.17241177392503715,0.05962646793435433,4.139467643740949,3.698012949064846,1.2789117907000542,3.22825725772189,2.981470375456079,0.7685132990823924,0.2094744307821268,0.18155128445155122,0.06653902382490344,4.492959731781995,3.894043808824218,1.4271773099997946,6.770895297231954,7.864855543329497,2.5439585913522276,5.156519156178332,4.824003044329697,1.4100122320131092,5,1.0,0.9870535344583715,0.9851631046883744,0.00295326464077142,0,0.0,0.19299363452557666,0.17241177392503715,0.05962646793435433,4.139467643740949,3.698012949064846,1.2789117907000542,21.621508393749217,21.484340979413556,2.8098026585025213,1.0080555878107647,1.0016604568158065,0.13100090978702797,5,5,20.0,20.0,7.905694150420948,70.82920509740632,70.82920509740632,0.0,152.19039707482895,152.19039707482895,0.0,21.448726295645585,21.448726295645585,0.0
front,log-0073_185,5.0,self-supervised,full_log,4.3374634512088885,3.225928906067418,2.4590789105366406,0.08867045215014686,0.0626082456925218,0.051539500972232866,0.31352727264109836,0.2213746748869786,0.1822370223819891,6.072427186389281,4.287606570356022,3.5295846506654502,10.310314451922872,8.846362465280512,3.4802763695913503,0.5872395160217018,0.5594467894337171,0.18606063879458995,11.373712953176835,10.83542067928602,3.6036408310372945,10.622416919828357,9.09532545946655,8.791069386570063,8.38266152082386,6.847885376676572,5.441734782938542,5,1.0,0.9545301649990001,0.9858447447571149,0.051358325105491515,0,0.0,0.31352727264109836,0.2213746748869786,0.1822370223819891,6.072427186389281,4.287606570356022,3.5295846506654502,16.068125136927584,16.294152100659804,3.4787920404801254,0.8296180910869513,0.841288155676799,0.1796145341984467,5,5,14.2,14.0,5.06951674225463,68.4830971213134,68.4830971213134,0.0,149.90437255734173,149.90437255734173,0.0,19.368098778891632,19.368098778891632,0.0
front,log-0078-valid,5.0,self-supervised,full_log,7.058887560881907,5.935888603031324,2.641635759775549,0.10114954767893798,0.0865702510448232,0.03542987966113839,0.3247166089032262,0.2779132383310635,0.11373921724229148,9.012680192895017,7.71362803679736,3.156891770511462,10.420613772220637,9.166796660505726,2.8382286017485305,0.4605460777731706,0.4011403159933439,0.12444980070904414,12.782698510807538,11.13386036130454,3.454169645490501,10.3746618508735,8.368922905839536,5.941562301544929,10.3746618508735,8.368922905839536,5.941562301544929,5,1.0,0.9634339617559556,0.963551237334065,0.00128511694744833,0,0.0,0.3247166089032262,0.2779132383310635,0.11373921724229148,9.012680192895017,7.71362803679736,3.156891770511462,23.44685264195683,24.69625680448315,5.400399375139351,0.8447634129248147,0.8897780227991281,0.19457024262336195,5,5,11.6,10.0,4.722287581247038,89.10252591047124,89.10252591047124,0.0,191.14572150135155,191.14572150135155,0.0,27.75552572853157,27.75552572853157,0.0
front,log-0079,5.0,self-supervised,full_log,5.937110196652187,5.986659137737379,0.5139111898264054,0.07580017097103034,0.077707968201784,0.008039240468003516,0.2621882378891085,0.26878719390428946,0.027807249842196527,7.736237455892974,7.930949053581139,0.8204925190639577,7.272953072000116,6.970202156110792,1.1630194844608666,0.3109437894428421,0.30778948901301656,0.043695712047845475,9.174839458597015,9.081767330995788,1.289304230151731,7.798439742641593,7.332753031164412,1.1466846533165478,7.798439742641593,7.332753031164412,1.1466846533165478,5,1.0,0.9673471301551434,0.9642984801729628,0.005583970923672243,0,0.0,0.2621882378891085,0.26878719390428946,0.027807249842196527,7.736237455892974,7.930949053581139,0.8204925190639577,26.625407821117335,27.068316077387255,1.0929890569368141,0.9023596805938345,0.9173702507734623,0.03704240937589784,5,5,18.0,17.0,7.874007874011811,102.06094995286549,102.06094995286549,0.0,190.67881336638965,190.67881336638965,0.0,29.506424537491974,29.506424537491974,0.0
front,log-0080-valid,5.0,self-supervised,full_log,6.542251432261867,6.554404185623688,0.20183859902169107,0.08510157058560401,0.08368747031855063,0.0035622805541099217,0.28670937706504784,0.2819452369453709,0.012001414680971363,8.391986310457506,8.25253988190083,0.35128152674959556,19.291992257905896,18.91104226371581,2.5385483930887554,0.7148684156407341,0.7123915470070062,0.0824569217695384,20.924205616317927,20.85170764684157,2.413514918053894,9.10630618775528,8.773026789979902,0.7138971464693529,9.10630618775528,8.773026789979902,0.7138971464693529,5,1.0,0.960218913329488,0.9598582500433841,0.003458372925074636,0,0.0,0.28670937706504784,0.2819452369453709,0.012001414680971363,8.391986310457506,8.25253988190083,0.35128152674959556,26.404310536464703,26.451291684785563,1.0040476460894658,0.9020943487846516,0.9036994438444574,0.03430294861125013,5,5,15.4,15.0,6.730527468185536,98.61141519140322,98.61141519140322,0.0,209.41055645838256,209.41055645838256,0.0,29.270009918627654,29.270009918627654,0.0
front,log-0081,5.0,self-supervised,full_log,8.076067543406177,8.001880045974044,0.7063961597669267,0.146121789143147,0.14030056228250773,0.015293103954370162,0.48149503146430306,0.4623131433498719,0.050393261763874736,9.921331237641917,9.52608340887846,1.0383663577672095,15.765285935883975,13.7790058125719,6.959667762899032,0.8916253897571499,0.8690590727884879,0.31513114392400515,18.372174692581623,17.907189820819113,6.493359760450313,11.90669901269485,11.914287269238041,2.8499582521243534,11.90669901269485,11.914287269238041,2.8499582521243534,5,1.0,0.8919913439410136,0.8891966571260473,0.005627483845602301,0,0.0,0.48149503146430306,0.4623131433498719,0.050393261763874736,9.921331237641917,9.52608340887846,1.0383663577672095,19.66813420512559,19.784345253936547,3.707047318721062,0.9545199803440813,0.9601598527829164,0.17990779892472328,5,5,13.4,17.0,5.9413803110051795,67.89768518316298,67.89768518316298,0.0,200.25954166451217,200.25954166451217,0.0,20.60526192237035,20.60526192237035,0.0
front,log-0098,5.0,self-supervised,full_log,6.591834770120171,6.5843543893879755,0.12124998417581777,0.09826246720544904,0.09549040892634617,0.006689018347717514,0.32910882261335556,0.3198244146150943,0.022403416232707495,8.75065790485827,8.503795248315749,0.5956833055882231,9.918286898069221,7.52320049609778,5.499713880808489,0.4445248148763423,0.36017082152990454,0.21188809583783683,11.81944790879474,9.576563829231286,5.633881905885708,9.866759340979574,9.651472613047034,1.4365237289847463,9.866759340979574,9.651472613047034,1.4365237289847463,5,1.0,0.9480454416309112,0.9509663768554365,0.00435929825106072,0,0.0,0.32910882261335556,0.3198244146150943,0.022403416232707495,8.75065790485827,8.503795248315749,0.5956833055882231,24.9110325550141,24.2044937595046,2.466583273541034,0.9368941950881174,0.9103215472199278,0.09276723257370145,5,5,16.4,15.0,6.066300355241241,89.05392011542135,89.05392011542135,0.0,200.15184341259442,200.15184341259442,0.0,26.58894962271716,26.588949622717163,3.972054645195637e-15
front,log-0099,5.0,self-supervised,full_log,8.968629607502844,8.813564762740484,1.2595959142405166,0.16357295530503274,0.15890044127830122,0.01849454415536304,0.5445728485791798,0.5290169501800936,0.06157268831560686,10.696084170714524,10.390547089565835,1.2093637399646164,11.48475136383691,11.757718111460672,2.4360240044647163,0.7261899158560381,0.7368701471396584,0.17130551611321404,14.26326796164337,14.47304091134211,3.3646521747002187,11.523947027570799,11.765332767990483,2.9167114733452477,11.523947027570799,11.765332767990483,2.9167114733452477,5,1.0,0.8733016091008048,0.8705238589621425,0.006717512004202765,0,0.0,0.5445728485791798,0.5290169501800936,0.06157268831560686,10.696084170714524,10.390547089565835,1.2093637399646164,19.612370532383007,20.587197567927447,4.7041936263346225,0.9985303329467637,1.0481619857222644,0.23950598017684963,5,5,9.0,10.0,4.0,65.39029725768751,65.39029725768751,0.0,185.2820851030399,185.2820851030399,0.0,19.641236610714596,19.641236610714596,0.0
front,log103,5.0,self-supervised,full_log,5.063650457867062,4.55205332523614,0.8443769259996112,0.10233879587927874,0.09915316457957032,0.010533328252789501,0.34221096516747174,0.3315585243958713,0.03522242368441572,7.795634212178113,7.552969481427449,0.8023738543143669,18.356909229170235,17.642022636945605,1.5569666288673731,0.8461066420003938,0.8053249998074122,0.07932645939916402,19.27447848522761,18.345464521712938,1.8070726065731053,9.648877312812282,9.429673696532857,1.8697571696490742,9.648877312812282,9.429673696532857,1.8697571696490742,5,1.0,0.9442870415046853,0.946183494187686,0.010022515587436125,0,0.0,0.34221096516747174,0.3315585243958713,0.03522242368441572,7.795634212178113,7.552969481427449,0.8023738543143669,21.50903173487641,21.196298845206563,2.599080923579962,0.9441985487609562,0.9304702719972331,0.11409385910093302,5,5,16.0,17.0,12.409673645990857,76.17476974591364,76.17476974591364,0.0,161.83235720034813,161.83235720034813,0.0,22.780199951696677,22.780199951696677,0.0
front,log104,5.0,self-supervised,full_log,5.517187227157666,5.2530800488994185,0.9674411102800126,0.11454914808349685,0.11740660826964458,0.006162710821521436,0.38419834479499604,0.3937822787849313,0.020669759109451312,8.24390017175242,8.449546542009038,0.4435194294327585,28.888622857369207,28.07277723068607,1.8046155173279437,1.38886689570156,1.346600698634646,0.07949015502193975,29.801481956213955,28.894558972344317,1.705652591990371,11.140468467346432,10.711765611185958,1.897726995141295,11.140468467346432,10.711765611185958,1.897726995141295,5,1.0,0.934295426434461,0.9347349032518222,0.005660504963098178,0,0.0,0.38419834479499604,0.3937822787849313,0.020669759109451312,8.24390017175242,8.449546542009038,0.4435194294327585,18.682217128161376,18.03673929769757,3.114701494843394,0.8706651885881043,0.8405833694370427,0.145157405344339,5,5,20.6,21.0,1.8165902124584952,71.96823642671964,71.96823642671964,0.0,167.6308323463045,167.6308323463045,0.0,21.457406788546354,21.457406788546354,0.0
front,log106,5.0,self-supervised,full_log,5.167491785182673,4.12500975054606,1.9040984499147648,0.09134579860016229,0.0738212625104779,0.03277723675594971,0.3193371036389072,0.2580728234721632,0.1145864178904131,7.528254064276117,6.0839713269911915,2.7013324050492296,10.552240644670727,6.7193709493956595,7.718511761359388,0.4937264729558487,0.319560503607412,0.3396831844059046,11.639418922248044,7.533520635876132,8.007905390353896,9.835895364398374,6.855778262047131,5.317672006563257,9.22174623626383,7.22535935313082,3.9005597063924786,5,1.0,0.9711003750804259,0.9782379083869208,0.015428481696743058,0,0.0,0.3193371036389072,0.2580728234721632,0.1145864178904131,7.528254064276117,6.0839713269911915,2.7013324050492296,22.710303610881873,20.081598129714624,6.2736167301556325,0.9633365872006573,0.8518308931169406,0.2661172934446028,5,5,22.0,22.0,6.082762530298219,82.41489132115096,82.41489132115096,0.0,139.2265583706526,139.2265583706526,0.0,23.57463000224599,23.57463000224599,0.0
front,log107,5.0,self-supervised,full_log,3.648058582687251,3.9244006209175315,0.6815675923436495,0.06357663730768752,0.06777139486660462,0.009008281955028945,0.22765991044528996,0.24268080759625169,0.03225752021489552,5.051065854794436,5.384332878220744,0.7156941184730707,5.43284382383463,5.274460823325011,1.3713207198329607,0.3011219376856632,0.28367633311131063,0.05552982817671425,6.680959922186679,6.293896176929985,1.2320343027342442,7.67472186673793,8.151646812311613,2.6591388729675085,6.361473650591989,6.669911918198336,1.38949314894146,5,1.0,0.9797853618129995,0.9839670293422115,0.007637416041523768,0,0.0,0.22765991044528996,0.24268080759625169,0.03225752021489552,5.051065854794436,5.384332878220744,0.7156941184730707,20.347991714406948,19.993131654378484,2.2650079043915206,0.9171177142832786,0.9011235831812248,0.10208766060379018,5,5,16.8,16.0,7.661592523751183,79.44845887883525,79.44845887883525,0.0,143.2959687942977,143.2959687942977,0.0,22.186892039599044,22.186892039599044,0.0
front,log109,5.0,self-supervised,full_log,3.6581619557849536,3.471183929092439,0.6141381220476312,0.06609107944516143,0.06412265686677865,0.008719385857248758,0.2344592707155829,0.22747625687979506,0.03093217520943332,5.337832747518052,5.178853493614901,0.7042194462217333,12.250018100856167,12.91500041583941,1.5474221444718836,0.5763959151270827,0.6093529129112352,0.0667290960524111,13.122556348105581,13.872874053586854,1.5191924509264634,7.764871336365279,7.341453116377761,1.9780882569596567,7.764871336365279,7.341453116377761,1.9780882569596567,5,1.0,0.9758852317199092,0.9751004657791525,0.005477204662744986,0,0.0,0.2344592707155829,0.22747625687979506,0.03093217520943332,5.337832747518052,5.178853493614901,0.7042194462217333,21.26819255748087,21.88172900382156,2.0540486763951704,0.9341853055969491,0.961134315536115,0.09022215147258911,5,5,17.8,17.0,4.658325879540846,80.76479900660537,80.76479900660537,0.0,163.14952995471293,163.14952995471293,0.0,22.766567221789458,22.766567221789458,0.0
front,log110,5.0,self-supervised,full_log,4.5274487997405455,4.633369698001749,0.27064335163114006,0.08382312408969264,0.0817248247714846,0.0038248827221241998,0.3035084370526243,0.2959108730933467,0.013849211533315461,6.731789782490371,6.563276498544943,0.30717426375648305,9.80349269460979,9.2444442644938,0.8905118581801494,0.48640939664879335,0.4604003444920968,0.040771084606977634,10.78851658380724,10.211638150835208,0.9042989824059297,12.145708264584888,12.616314504270616,1.7635390260166535,8.276078837573959,8.573178360783885,0.9307352607958899,5,1.0,0.9573738566332535,0.9585350480305647,0.0034705930570884877,0,0.0,0.3035084370526243,0.2959108730933467,0.013849211533315461,6.731789782490371,6.563276498544943,0.30717426375648305,20.41764137963243,19.244652868957377,2.160759747839861,0.9205466337572892,0.8676614544723286,0.09741968111049475,5,5,17.2,17.0,4.494441010848846,80.30945941942232,80.30945941942232,0.0,153.5219790158836,153.5219790158836,0.0,22.179909882779203,22.179909882779203,0.0
front,log112,5.0,self-supervised,full_log,4.98226536951608,4.818371509439075,1.0433162124209758,0.09138811724398078,0.08771358862171033,0.018641707133073736,0.31102153684415923,0.2985159992125512,0.06344339479550005,7.143617411416459,6.856387217421755,1.4571831401102975,13.577402167882914,9.851516198692273,8.055018582672918,0.6546990328668769,0.4961139102416638,0.34044402049899164,15.03728474201695,11.394863530058487,7.819400087614512,10.362140153056547,10.706519214162052,3.536964495175747,10.362140153056547,10.706519214162052,3.536964495175747,5,1.0,0.9599516575290951,0.9682663718078838,0.02005286383756932,0,0.0,0.31102153684415923,0.2985159992125512,0.06344339479550005,7.143617411416459,6.856387217421755,1.4571831401102975,21.71524855587212,22.859981483917668,4.0025685370458834,0.9454467659489436,0.9952865843563301,0.17426535409449495,5,5,14.8,16.0,9.959919678390985,78.16790220488943,78.16790220488943,0.0,168.2475820465773,168.2475820465773,0.0,22.968240347278098,22.968240347278098,0.0
front,log-0046,5.0,self-supervised,training_window,2.1722060937814534,2.1381377004089748,0.7019524343686296,0.05500846423131452,0.05166171408941845,0.020151765009468286,0.17928889336333367,0.17694985175531275,0.059848582299858934,2.840873215790879,2.931572809934751,0.7973939769038473,13.045881276999248,12.623823552538418,2.311009013998609,0.8470456107512137,0.7822169210701266,0.21270106729070193,13.390350611307488,13.118332170657727,2.163158796822674,3.7377558650558975,3.4324902434722318,0.457505921342185,2.685358570716537,2.486543773952473,1.1294570744561616,5,1.0,0.9865245007941634,0.9903728904430574,0.007363839038792944,0,0.0,0.2068604362354221,0.17851453275870013,0.09885812640191156,3.2207731228221284,2.934794766554636,1.1989271380376219,15.358370808696026,16.24450444259615,4.711991134234509,0.9242504298416032,0.9600922912946528,0.07627240991289683,5,5,12.2,13.0,2.2803508501982757,55.22612216092332,49.57941501962987,19.36771126163531,89.95019267000342,92.04509029232094,30.93584167640114,16.631471435484876,16.620761935278193,4.871367645337756
front,log-0048,5.0,self-supervised,training_window,1.6365504294429427,1.5890367206130054,0.5947717849181088,0.05047896967107489,0.05312522047244478,0.00934599199084262,0.16586374009786953,0.17626216887038565,0.026437473748210105,2.231600949510922,2.2363493278701903,0.724509455882077,5.77481082896798,4.953540497202368,1.82878943373975,0.4633891162272358,0.431297037182016,0.12011962149750076,6.08587765042468,5.274140820882538,1.909305112371646,3.431280302644184,3.5534894246244235,0.6577298637392427,1.6435172540669312,1.6918662706532868,0.3227433021401309,5,1.0,0.9868445214528455,0.9849846913140761,0.005284665041415965,1,0.2,0.1886908049485357,0.18446690944593974,0.013957459920938735,2.692035550601615,2.3814948551702217,1.3724767999215877,13.569361377811406,12.184175714003146,6.49563077725905,0.9596442866263373,0.9596727423555047,0.03512612994332615,5,4,15.5,14.5,4.041451884327381,47.49366424429239,40.57985019239225,25.59027498598378,72.81803022142395,64.66115948982443,30.63279383511736,14.227338224913993,12.311518653642505,7.206102932507262
front,log-0049,5.0,self-supervised,training_window,2.732222702388527,2.7332695608977526,0.5239240337609067,0.0711992670771519,0.06138326356492572,0.023282668597809784,0.23201050039448018,0.20042318864568806,0.07563932492403651,3.4277393073038893,3.2431765095480523,0.7360470221586832,16.452855283357707,14.592212358420888,10.861521589902795,1.2147523369716675,0.831019837251034,1.0779204383408911,16.882317102056998,14.940967607442978,10.60725595750438,4.7848132854353,4.417149538616384,0.839830157222641,3.1233109676551143,3.1679983110311687,0.6381255471224769,5,1.0,0.9761934018192031,0.9818217244451788,0.01673706639168787,0,0.0,0.29807517814314916,0.24013390053248984,0.1369702114749212,4.238699587742127,3.797844674865729,1.108062880622466,13.991162754416601,15.626608054774998,3.9999511428662275,0.9015858550920308,0.9125875259156381,0.09186356005117631,5,5,21.8,25.0,11.670475568716126,51.03675476205244,59.187720309765915,14.963582088929252,83.17634755319109,78.02934211410246,17.301738953147474,15.581214733897971,17.97907455117659,4.381993661526119
front,log-0054,5.0,self-supervised,training_window,2.921354267403327,3.4547006023544116,1.2082112653860402,0.08192059818478198,0.08208371842486517,0.02471251169072642,0.2507495785020598,0.26625217391579714,0.080574243933241,3.5991559145484415,4.246360429791786,1.5668160065089451,5.601382826678432,6.37408390741156,1.8276211144830035,0.46367106399771696,0.46350368362671296,0.14399273631167675,6.387903530193009,6.745162418114658,1.9332318272197582,5.425608557308047,6.2604240346406055,3.0430973365159852,3.0282636030043952,3.0471541887230846,1.1574391986404955,5,1.0,0.9793574518925012,0.9850861573833063,0.01906773854982263,0,0.0,0.33145984124831884,0.3465813056546129,0.10379391444840143,4.731139445766894,5.304119954060954,1.9544081332992154,12.443559973701918,12.505456607379738,2.0454658576770894,0.9035667631306044,0.9371493330553463,0.15689295375980175,5,5,15.2,19.0,6.648308055437865,43.30162709141469,40.78678618455378,13.17970662806825,66.4940534541494,65.21411434118829,20.69738926883652,14.154920413700065,13.344145021806455,3.6533156554139934
front,log-0055,5.0,self-supervised,training_window,5.463577332340263,2.8854332776846237,6.680969709274696,0.08327219688106809,0.05250677884150979,0.07904140572319861,0.276414905054101,0.17831657911516402,0.2545579412221659,6.930689280652589,4.129582774756827,7.683739113773085,9.639826739746761,6.820368329148062,5.310141735750792,0.4536072616356746,0.3586511007622173,0.17848313672447763,10.69166503536344,7.980108807813766,6.039904246819755,10.192137105006314,4.213712202736945,14.027504506799547,5.940517291514891,3.4849281568557577,6.227023992015659,5,1.0,0.9896439670627609,0.9900562671109007,0.0034245803157712047,0,0.0,0.28127727388406953,0.18337020211770375,0.2527629584228713,7.035855679348948,4.179473385602424,7.653410498495218,19.15042745334471,19.617346336337903,7.049891318726403,0.8772182467981487,1.0074791851617686,0.3417909632082043,5,5,20.2,21.0,7.463243262818116,76.24638253640418,74.00025772095589,11.527534417202556,104.28963695794502,101.60864140747043,12.828490180747515,22.719725776170197,21.194088350882645,3.6981873905277483
front,log-0056,5.0,self-supervised,training_window,3.8377414192282515,3.670303520735552,1.3156310349129008,0.06360959387823695,0.06514321551380307,0.020407580884191978,0.21787331177205677,0.21250836163494705,0.08173625172842948,5.191127838880003,4.9937698144963685,1.5576614817522079,7.829804254137956,9.521377082772636,3.1860338318324986,0.3647569336476416,0.37489070733010316,0.04368840412985127,9.12786639827371,10.550617155107187,2.682635629607462,6.773077008620459,6.636717270463458,3.1924933225375063,4.491227988497416,3.6109965585075856,2.796514267231385,5,1.0,0.9832029973646172,0.9822631532191778,0.006143020585673456,0,0.0,0.2270598111425793,0.2159426164008723,0.08276884135704206,5.387187886992704,5.2369769862113555,1.4085728022461825,22.80844495559399,24.252397922478217,7.713775233535359,0.8911921622270386,0.9126546272016133,0.12026497133888536,5,5,22.0,24.0,8.94427190999916,84.15679001841306,85.51317486439295,20.89134008860471,112.94048716105917,114.55093044659306,27.965039836738548,25.073878979256047,25.944676267243178,6.908188180281358
front,log-0058,5.0,self-supervised,training_window,2.220689279789462,2.364459068846573,0.7941543359961153,0.059921708139982675,0.05600794262834648,0.019281507649818615,0.19319289858643804,0.17717295522628765,0.06392540198641211,3.063773480912202,3.4678838609539016,1.173492136408171,2.581839371165584,2.953513844346967,1.0190589109546349,0.209398244310918,0.21763950577920527,0.06298636077656614,3.343447814318175,3.946869055316788,1.286072809720228,4.326185758309507,4.128847914862212,1.8889407085735899,2.391353521584692,2.5720405665869834,0.6505037391673688,5,1.0,0.9853536304330627,0.9864996897291456,0.010197842910581525,0,0.0,0.2384827518425066,0.21669293350148597,0.07597808749720118,3.7764013482729375,4.241425706947078,1.4656648633395088,14.772374811908255,14.870509468348297,2.268306230984713,0.9605674439012677,0.9307720968792386,0.11065703918837999,5,5,21.6,24.0,5.412947441089743,50.187540210859325,48.2865453196506,10.762982332927244,83.10460832298345,90.6864529875957,21.209908867333564,15.57892108217509,15.190215721195369,3.183784109679549
front,log-0063,5.0,self-supervised,training_window,3.443080220369867,3.6272424365963447,0.8471615167088198,0.06401767689662147,0.05561854051322053,0.020919248518619184,0.22267254028907288,0.19307757276707058,0.073740115719499,4.300929314600415,4.715422035419243,1.0734927267017589,10.578302586228022,10.925272497189487,3.6365912424418028,0.6209724827898984,0.6200909879167626,0.3003390418127869,11.26093519309473,11.899444697546285,3.4954093176127414,5.339895583900351,5.006644982825326,1.6280171215155435,4.106160101188373,4.609793572310734,1.2477244906109235,5,1.0,0.990070806546243,0.9920635828431242,0.005299134024676882,0,0.0,0.24294366604247114,0.2369516198199325,0.05900283770294816,4.70437732494843,4.812549869427787,0.7515793494368201,19.496359975041734,18.856564891160247,6.523018427637818,0.9665216539048492,0.897831736160879,0.20408987959001607,5,5,12.6,14.0,6.9498201415576215,70.70726659450727,69.79470111880934,21.959681763767886,94.37106713139602,94.6736618838354,26.682255763341907,20.390650412265167,18.229082763192622,6.432829994555116
front,log-0071_183,5.0,self-supervised,training_window,2.9714623725247016,2.9788386531843747,0.6960969286930068,0.052761039007067724,0.048427218658500665,0.011148676681972313,0.17482554769781564,0.15863315241396406,0.03695750500927149,3.879391322505563,4.031321076009952,0.695380948958565,9.191002584843947,9.188512662320889,0.5590438529406279,0.4522484120010645,0.46146839394962236,0.07796612897261906,9.964872301391203,10.219410975515315,0.6191536528417109,4.716311801256003,4.348366027284188,1.1132380053304167,3.6632012880553733,3.852387546066567,1.251117907616647,5,1.0,0.9918704171628704,0.9923716939582434,0.0016622773571517006,0,0.0,0.17764775227569202,0.16064312469264436,0.03890202754981067,3.9404508984887414,4.034743382413078,0.7232679292081646,21.21577552198977,21.13857610504263,5.488651681449176,0.935802005307572,0.9103148567556975,0.12286799021571333,5,5,22.8,22.0,3.1144823004794873,74.48293205952962,67.86503635614997,11.476651038803253,104.82146760584428,100.41295450469599,10.63164352217963,22.481111595656795,21.184991930973197,3.5848018231577417
front,log-0072_184,5.0,self-supervised,training_window,3.2991298455708793,3.1193680091112395,1.1668774679487437,0.0586288363500617,0.0616792323579364,0.013735932605927254,0.19560273470315007,0.20241061573596394,0.04461239466201726,4.2685314255538405,4.137721455200161,0.9272188518546538,3.5902243587839835,3.377851999063347,0.9921801401727744,0.21517164400016392,0.2217174282916643,0.04944327534416401,4.698320768315961,4.816249125723148,1.07419659755338,5.946298077642976,5.361458703201568,2.2568580512286656,3.6545295829588467,3.7833836277450357,1.4672115323605344,5,1.0,0.9877500373468164,0.9883279894117437,0.005723376017543822,0,0.0,0.19832852601052645,0.20265946744545146,0.04334706105400046,4.328005485482289,4.142808535508503,0.8976896383120728,21.57722905678526,21.547630272463937,4.277513852394452,0.9779759897316712,0.9130275372796809,0.14153306321475267,5,5,20.0,20.0,7.905694150420948,73.37266027045409,71.98286613579026,5.438151537262787,104.00283107494363,97.56283464341806,14.79336550680925,21.94978203257428,21.735441299108558,1.5944611204336785
front,log-0073_185,5.0,self-supervised,training_window,2.8147798684815544,1.9426731783376054,1.822821336438816,0.07035227473282951,0.055966299180471225,0.029019266368261878,0.24696970853138728,0.18338942205959274,0.09486143103119497,3.59904066621976,2.8984012474021474,2.1703120046595386,9.945726237804084,7.824139244753698,4.333936401910151,0.7569221284546772,0.7089638613276662,0.2601207261386868,10.563315833577684,8.178617266269269,4.700022467260503,4.568751727120786,3.6364896244980254,2.505498085828724,2.9412747233028744,1.9749002949935441,1.6536922890597798,5,1.0,0.9667295589418657,0.984109871324061,0.027728332512862986,0,0.0,0.2840728655928377,0.18501095452566957,0.13872402383062032,3.8980926992759466,2.9916214498885836,2.1424357449188225,14.197432442349655,16.926135796776308,5.193920915926176,0.9571502467038583,0.93700581026447,0.07285126279453018,5,5,14.2,14.0,5.06951674225463,52.62250840799434,60.406480085072644,18.849373126186993,71.65222430520191,79.25029751345252,23.274723801115027,14.718722968625283,16.16996927321678,5.223059640867052
front,log-0078-valid,5.0,self-supervised,training_window,6.876955678659281,6.60660658524076,2.6474981503766495,0.10766549377488702,0.09420925604472039,0.05916523434692604,0.367937805958199,0.27604621707925275,0.20950806360105112,8.451304368969561,7.904403379629503,3.1905317130596633,11.000112983155697,11.326252628920436,2.2059524672775694,0.601538486371919,0.43803729481779297,0.4479217695542784,12.769580050562462,12.862319617969519,2.587515430034375,9.869890217116334,7.625254732801088,4.979341381847017,7.2143028343562445,7.969472792327813,1.8512602966848735,5,1.0,0.9491321170458132,0.9726213071356538,0.06264533975128493,0,0.0,0.4448070727142638,0.3214032208226489,0.29219378233007526,9.993233683185972,9.67422285925012,4.24843845448668,22.601238755816684,23.55313542100723,5.789798832288639,0.9211399388790984,0.9328722881220941,0.251979911758334,5,5,11.6,10.0,4.722287581247038,89.2776031338641,99.22556376425482,29.21881969793044,132.12007104549804,147.91010051477554,44.90509310150869,26.174987924135117,29.934208662264986,8.484264770945595
front,log-0079,5.0,self-supervised,training_window,3.7454181504772195,4.368051785927704,1.6008775290400274,0.06903838473468124,0.075500455335321,0.01364636935442333,0.22868960105549094,0.2596856669934261,0.053725461559177616,4.707575771900231,5.296021161009277,1.9105458958248844,8.130383651488252,9.29173247467702,3.407800597499735,0.43223328652195897,0.4089954549872084,0.1267953178098942,9.149734921524734,10.976644790149384,3.7808960006367927,4.810278585299094,5.016841099693993,1.7243953490866328,4.316037478799985,4.9067982343707115,1.6155652042517958,5,1.0,0.9760495855166063,0.9725482322188769,0.011357167535833225,0,0.0,0.3460522614119781,0.31542909047777123,0.1443615559651018,6.431998194142632,5.9317363192270545,1.821949302025142,21.075460671835692,20.34020340339862,9.08128734793992,0.9911186022952178,0.954895411223874,0.08735589066184979,5,5,18.0,17.0,7.874007874011811,70.329790774383,67.15607130723421,30.025464621561415,108.28486340175364,117.70087900310776,36.6346982505476,21.752713632978477,21.276039630463497,9.96905806132408
front,log-0080-valid,5.0,self-supervised,training_window,4.756798254159479,4.81893411138506,0.9995728661430037,0.07295201232819928,0.07850233661353426,0.02711439412070165,0.24644623003430718,0.24799591089529469,0.09252792127073753,5.988424400625208,5.825858683091766,1.0370414671689696,16.61475303525604,16.196403096451583,3.827986564476639,0.7106252257994229,0.6260721919573927,0.2194131152289948,17.719011221788197,17.814127744199407,3.547207533905424,7.233205534045456,6.818180017704114,0.7791439394035119,5.026045872764145,4.485940130423809,1.3195005294400282,5,1.0,0.9688945161567732,0.9703129338045567,0.027644606714721926,0,0.0,0.3576567050383537,0.26223751295965764,0.30084373316351765,7.803228792086979,6.400470166815714,3.390171948064935,24.333547265454104,26.47985603766671,7.258162802070899,0.9219703172428616,0.9154571106934859,0.05041114321592529,5,5,15.4,15.0,6.730527468185536,90.93505263949903,92.81905087232047,32.3117888448524,134.009955874178,122.0124797823456,40.41784288583488,26.709268502759908,28.453791708116217,8.855845560996011
front,log-0081,5.0,self-supervised,training_window,3.923699007253981,3.551878127600364,1.3351904102597965,0.09984886397939033,0.09726133828332859,0.022543493336254945,0.3271417625199619,0.32553050913593123,0.07478207762757302,4.841988712660738,4.442771507101141,1.7385315505280687,20.8546214472642,19.07807531643128,8.170639352655444,1.4524543706417676,1.4192080466967867,0.4837412336656722,21.417225075865453,19.588547073321553,8.328267523817656,4.976925451688614,4.658674071407789,1.8058578988620884,5.011830145542355,4.362773571944751,1.9715740675263984,5,1.0,0.9488918618993656,0.9509666561134216,0.02559074281256634,0,0.0,0.6441807702084993,0.48201046754950033,0.4017044182460997,9.426336756170489,10.153706313799214,5.053695333073604,14.280634250196025,11.826897990529748,4.191032996068104,0.9586046142981454,1.009954040946166,0.10413361137952536,5,5,13.4,17.0,5.9413803110051795,50.575148182702456,37.049266278693054,20.914302469420438,71.3068807932014,69.36716657178818,17.622509568409555,15.41583173859081,11.71033285777027,6.215206151627035
front,log-0098,5.0,self-supervised,training_window,5.083443476768807,5.452670432219808,1.4959758654663438,0.07203835372241316,0.05882089788317647,0.024577189686049706,0.24171426649223235,0.18933824982250175,0.08601172231544912,6.438561967251848,7.088313576306896,1.7749016348670523,10.513993882660904,7.795482969812001,7.806672924351363,0.5088101721110434,0.4411088323304208,0.41446689185308183,11.89826131926598,9.76161578551491,7.187236735361,7.562997153986693,7.74263642705256,1.5069297587191017,5.943080659699316,6.25271193600498,1.9777739667191947,5,1.0,0.970801680802877,0.9833962923335241,0.02355056653625174,0,0.0,0.328904625091622,0.29249576380016706,0.15162684711257832,8.47369835224261,7.584972883739157,2.5909320825526483,26.77723851672564,23.288015643193766,8.140352419362157,0.9614922558608292,0.962275795262967,0.07616970858040387,5,5,16.4,15.0,6.066300355241241,94.50220137738097,73.35709619352929,34.13476490453088,123.47617699041753,120.75461342997369,28.227774181890908,28.425440505151716,22.12972189639311,10.635909405068489
front,log-0099,5.0,self-supervised,training_window,4.594574679113001,4.584346000428584,0.9279395092661665,0.09389911872271087,0.10001588536626989,0.02528750185877392,0.31601398582546386,0.3218409382395496,0.08778017949216757,5.652273282275141,5.800134018401094,0.9951205328299997,5.380753510968499,5.876008928221354,1.5780425525625772,0.37086582678731306,0.413192888525816,0.08802987384460122,6.7576967305596325,7.345168634580004,1.6958019100827706,6.686403172367635,5.296928320351635,3.2254058699894927,5.452262415673464,5.214912814306274,0.7762657477104877,5,1.0,0.9584694542073935,0.9602609552101428,0.02575392023970435,0,0.0,0.4897503776270999,0.4987463793343892,0.11036960315755551,9.000071163487018,9.445362919834919,2.4209114094438116,17.36261276917339,16.085576324897623,3.68352368206033,0.9491050977618212,0.9554733945691652,0.16684983496404768,5,5,9.0,10.0,4.0,62.63165027609098,58.79963887072505,15.17481247915976,98.94739976475798,96.0784739183731,19.21842328341512,18.66101656338067,18.08532452229171,4.793724068049295
front,log103,5.0,self-supervised,training_window,6.013563038523369,4.8424099468980755,4.070648535946932,0.10824362195152906,0.08745207154889269,0.06098511437600453,0.3456596129068245,0.3232354878880966,0.1679322980998703,7.522732984955932,6.9743630578630915,4.659649239506685,17.60114815654807,17.416886720519773,2.853772006095212,0.8998436607002052,0.8107855820869037,0.3557126618742327,18.272582252436347,17.945270595779593,3.0904029006798464,8.65413327223397,7.1960595908388845,4.832050200538809,7.379763698706702,4.582281718202578,5.736771510658188,5,1.0,0.9451405749187964,0.9479457218122553,0.04352427464285817,0,0.0,0.3807842580527443,0.3565950144684243,0.18938333679235392,8.267458998924559,7.930134525659643,5.130332595227664,17.432080287919284,16.817021524475066,4.1325898310210505,0.8257550826522696,0.8456458414187662,0.18382070505804823,5,5,16.0,17.0,12.409673645990857,70.22277601153716,75.3606655420738,12.773293013955836,93.23589581951794,96.86746067764301,21.02803308537168,21.49173466908194,22.238489613998343,4.253241285279932
front,log104,5.0,self-supervised,training_window,5.932318114043578,6.26966746325783,2.597736595436461,0.10270372941704572,0.09538275177668079,0.026166404159872456,0.352079668387463,0.3262986359998498,0.10604462325904787,8.615398999909441,9.58971052044661,3.702053742921952,27.86767413594322,27.47807895251571,4.143604264995154,1.2933509510333792,1.2239641645279558,0.4327815861168641,28.909605926127824,28.620482916055625,3.531074423497291,9.944116464357993,10.028040162443382,3.1585381622513062,6.93439013680756,5.526464569643811,4.4489781554957695,5,1.0,0.937147479988465,0.9452733945202197,0.036238170663178394,0,0.0,0.3679100782771828,0.37304523555648267,0.10339213862140953,9.038076572101389,10.96356351308846,3.8440999308346178,19.99284759765724,18.14366790617805,5.066149830489182,0.8428160611244528,0.8794319009752799,0.09377348389598775,5,5,20.6,21.0,1.8165902124584952,81.42169501133814,83.97697357606928,21.373151690188624,106.17501634500722,111.7037306993613,21.320179172790798,23.776112584457294,23.38343208527975,5.397742196714411
front,log106,5.0,self-supervised,training_window,3.13531020194701,2.7319217655934454,1.4311110774085853,0.07237714296434522,0.06036490432929847,0.03540966843618542,0.25227444847978714,0.19789884914650877,0.14380615716194586,4.861669750414935,3.4165268373707804,3.4683983500519533,10.592590683206847,6.3620448131959675,8.331386407600496,0.5845355850323429,0.406663401383561,0.34744008355633504,11.286596002241131,6.82503077957251,8.362887838410959,6.752181099532517,4.109563305581264,6.710409899045637,3.0350278813123905,3.16878984935186,0.7595097247592071,5,1.0,0.9763235270075483,0.9813197754862768,0.01437939693142105,0,0.0,0.28250729932338514,0.23733411735838483,0.12512197444567896,5.382377059704872,3.9831778579106976,3.1536955297724325,19.41994358477077,16.473051472561693,5.788451620318918,1.0426945818313256,0.9624222432053048,0.17816511237456442,5,5,22.0,22.0,6.082762530298219,63.04383275651192,59.09337523663545,11.39468864755044,98.15757614214252,92.95921541391237,14.092515518913036,18.353524814955037,17.349611782174257,2.035658696748163
front,log107,5.0,self-supervised,training_window,3.1017738555885948,3.4628570641118666,0.6935976291164573,0.060732684772186685,0.05844863037392208,0.011560144237737734,0.22224277260960568,0.22456474089428877,0.03745254805921304,4.469165945576992,4.558588482142764,0.9114915252462311,4.853187376813035,5.0079956002972175,0.6146771874356342,0.3036233618739409,0.29830098087789175,0.029362130779883304,6.08576029513264,6.334606758173761,0.7341600223360212,6.635702565873667,5.403511066612073,2.710703289835858,3.3549952404214016,3.4584917560800545,0.6240083905115609,5,1.0,0.981317486123378,0.9804968867656562,0.004883952701269153,0,0.0,0.2513502495873706,0.2450765994806466,0.06953810506912365,5.009729802370263,5.56611050999782,1.211622741399957,18.331475182151646,19.65769676847131,2.636933899625598,0.9130024376522314,0.8573214593859105,0.10562351950180929,5,5,16.8,16.0,7.661592523751183,74.67310852223127,68.09170812006144,16.180958838741027,104.35803924123722,100.16333492077942,27.435542449294495,20.168509743200033,19.282702397502028,2.9764356129546847
front,log109,5.0,self-supervised,training_window,2.9123516903992073,2.7263792536960505,0.7309809297157153,0.06244996027710058,0.047103132189811235,0.038221603939961574,0.19868243989022155,0.16194171701616483,0.0961746183571828,4.234566750913087,3.8815129331346445,1.1763621092445793,12.917830704133745,12.962819900472532,1.7789537775749262,0.6255930792657189,0.5266785199383315,0.24071054179562257,13.425918043274567,13.314701201063297,1.9191580887978494,5.5186611004776625,5.84506853638253,1.5747427175736837,3.2316636272342336,2.7629714314145573,0.7042224853279067,5,1.0,0.9771494168641984,0.987451285999438,0.024883322035130637,0,0.0,0.23093560936712815,0.2137960726567769,0.10190906738255386,4.914521312756823,5.138003454473708,1.0493583667470145,23.323600457456145,26.305526529889665,8.074432737128022,0.9796906620168508,0.9848708912410881,0.04659392145351076,5,5,17.8,17.0,4.658325879540846,80.69465807187028,93.11222509385414,30.40976961672268,117.08140748261849,112.62681420012309,30.76647922603843,23.778668048291102,25.76154598611172,7.960611899141814
front,log110,5.0,self-supervised,training_window,3.662347638274723,4.079507571283191,0.9315211647269696,0.07408505125344031,0.07772424469620358,0.011365749016606213,0.2501935393418173,0.24040175862974553,0.03937272653395001,4.923067843294375,5.417145675657584,1.1949551882176586,10.05072839165768,9.656215393647214,1.904714786528765,0.5706544144533557,0.5093517587597358,0.1384453258137414,10.921248956221898,10.350388983632719,2.0028592295701304,6.769590408560437,7.106092347598815,2.364926766406509,3.747590868809283,3.66102438259591,1.0353136738516433,5,1.0,0.9774651080811696,0.9805575133652816,0.0104737889410187,0,0.0,0.2681730396443491,0.24354483292689075,0.03967930367941328,5.243911603330234,5.835411464430418,1.1030187766496782,18.89673379674641,18.094448541067656,2.6666709058898377,0.9795476172990897,0.8964583985751079,0.1594437976253916,5,5,17.2,17.0,4.494441010848846,66.44858908932254,61.838766727616495,14.313365171147858,99.9648065007621,100.95894959665489,13.48492332043982,19.572894353676144,18.632536126345155,3.493232033885291
front,log112,5.0,self-supervised,training_window,4.5542228940830745,3.285473447987012,4.322244831809579,0.09196949168153201,0.07691878285285171,0.06376866518284005,0.30008550848406595,0.2546115232979812,0.2068518279568162,5.950849847309376,5.159571591183027,4.468765909344928,10.360778626588218,7.640419903978241,7.80318928129067,0.5809701332578553,0.45258929756330285,0.36202603979840503,11.696939748470509,9.171489380895647,8.03507245631643,7.494737639959078,5.965076349257097,4.681013010335111,5.43119296266035,3.9039337221898625,5.061831377663135,5,1.0,0.9485891195632205,0.9697002329587963,0.07066247350223662,0,0.0,0.3721483848919512,0.25623326298647114,0.3063046889888408,7.374595166932258,5.192435312025834,6.517875754615266,16.77936193443745,17.031414106039445,4.055436679547277,0.8911307504780176,1.029819530479746,0.23978249147591488,5,5,14.8,16.0,9.959919678390985,62.273145781329674,66.29558113091939,9.913212711446583,93.59448770189024,90.2975676644927,17.113911167184188,19.131226829445545,20.26448577170088,2.447236029833396
