centering,section,log,comparison,metric,value
uncentered,summary,log-0046,,samples,61344.0
uncentered,summary,log-0046,,dt_ms,9.999999999990905
uncentered,summary,log-0046,,total_s,613.4399999994421
uncentered,summary,log-0046,,boring_s,377.7799999996564
uncentered,summary,log-0046,,boring_pct,61.583854981742306
uncentered,summary,log-0048,,samples,108107.0
uncentered,summary,log-0048,,dt_ms,9.999999999990905
uncentered,summary,log-0048,,total_s,1081.0699999990168
uncentered,summary,log-0048,,boring_s,338.82999999969184
uncentered,summary,log-0048,,boring_pct,31.34209625648663
uncentered,summary,log-0049,,samples,44189.0
uncentered,summary,log-0049,,dt_ms,9.999999999990905
uncentered,summary,log-0049,,total_s,441.8899999995981
uncentered,summary,log-0049,,boring_s,193.91999999982363
uncentered,summary,log-0049,,boring_pct,43.884224580778024
uncentered,summary,log-0054,,samples,111816.0
uncentered,summary,log-0054,,dt_ms,9.999999999990905
uncentered,summary,log-0054,,total_s,1118.159999998983
uncentered,summary,log-0054,,boring_s,678.459999999383
uncentered,summary,log-0054,,boring_pct,60.6764684839379
uncentered,summary,log-0055,,samples,43808.0
uncentered,summary,log-0055,,dt_ms,9.999999999990905
uncentered,summary,log-0055,,total_s,438.07999999960157
uncentered,summary,log-0055,,boring_s,232.18999999978882
uncentered,summary,log-0055,,boring_pct,53.00173484295106
uncentered,summary,log-0056,,samples,61448.0
uncentered,summary,log-0056,,dt_ms,9.999999999990905
uncentered,summary,log-0056,,total_s,614.4799999994411
uncentered,summary,log-0056,,boring_s,278.8099999997464
uncentered,summary,log-0056,,boring_pct,45.37332378596537
uncentered,summary,log-0058,,samples,44381.0
uncentered,summary,log-0058,,dt_ms,9.999999999990905
uncentered,summary,log-0058,,total_s,443.80999999959636
uncentered,summary,log-0058,,boring_s,391.0099999996444
uncentered,summary,log-0058,,boring_pct,88.10301705684864
uncentered,summary,log-0063,,samples,40781.0
uncentered,summary,log-0063,,dt_ms,9.999999999990905
uncentered,summary,log-0063,,total_s,407.8099999996291
uncentered,summary,log-0063,,boring_s,112.98999999989724
uncentered,summary,log-0063,,boring_pct,27.706530001716484
uncentered,summary,log-0071_183,,samples,65908.0
uncentered,summary,log-0071_183,,dt_ms,9.999999999990905
uncentered,summary,log-0071_183,,total_s,659.0799999994006
uncentered,summary,log-0071_183,,boring_s,432.16999999960694
uncentered,summary,log-0071_183,,boring_pct,65.57170601444437
uncentered,summary,log-0072_184,,samples,58385.0
uncentered,summary,log-0072_184,,dt_ms,9.999999999990905
uncentered,summary,log-0072_184,,total_s,583.849999999469
uncentered,summary,log-0072_184,,boring_s,343.9199999996872
uncentered,summary,log-0072_184,,boring_pct,58.90554080671405
uncentered,summary,log-0073_185,,samples,39115.0
uncentered,summary,log-0073_185,,dt_ms,9.999999999990905
uncentered,summary,log-0073_185,,total_s,391.14999999964425
uncentered,summary,log-0073_185,,boring_s,291.1299999997352
uncentered,summary,log-0073_185,,boring_pct,74.42924709190848
uncentered,summary,log-0078-valid,,samples,22949.0
uncentered,summary,log-0078-valid,,dt_ms,9.99999999999801
uncentered,summary,log-0078-valid,,total_s,229.48999999995434
uncentered,summary,log-0078-valid,,boring_s,133.3399999999735
uncentered,summary,log-0078-valid,,boring_pct,58.10274957514489
uncentered,summary,log-0079,,samples,46824.0
uncentered,summary,log-0079,,dt_ms,9.999999999990905
uncentered,summary,log-0079,,total_s,468.23999999957414
uncentered,summary,log-0079,,boring_s,263.5599999997603
uncentered,summary,log-0079,,boring_pct,56.28737399624124
uncentered,summary,log-0080-valid,,samples,64718.0
uncentered,summary,log-0080-valid,,dt_ms,9.999999999990905
uncentered,summary,log-0080-valid,,total_s,647.1799999994114
uncentered,summary,log-0080-valid,,boring_s,327.8899999997018
uncentered,summary,log-0080-valid,,boring_pct,50.66442102660774
uncentered,summary,log-0081,,samples,113665.0
uncentered,summary,log-0081,,dt_ms,9.999999999990905
uncentered,summary,log-0081,,total_s,1136.6499999989662
uncentered,summary,log-0081,,boring_s,776.9599999992934
uncentered,summary,log-0081,,boring_pct,68.35525447587209
uncentered,summary,log103,,samples,72985.0
uncentered,summary,log103,,dt_ms,9.999999999990905
uncentered,summary,log103,,total_s,729.8499999993362
uncentered,summary,log103,,boring_s,415.2899999996223
uncentered,summary,log103,,boring_pct,56.90073302733438
uncentered,summary,log104,,samples,59770.0
uncentered,summary,log104,,dt_ms,9.999999999990905
uncentered,summary,log104,,total_s,597.6999999994564
uncentered,summary,log104,,boring_s,398.1399999996379
uncentered,summary,log104,,boring_pct,66.61201271540907
uncentered,summary,log106,,samples,19535.0
uncentered,summary,log106,,dt_ms,9.99999999999801
uncentered,summary,log106,,total_s,195.34999999996114
uncentered,summary,log106,,boring_s,159.03999999996836
uncentered,summary,log106,,boring_pct,81.41284873304325
uncentered,summary,log107,,samples,25307.0
uncentered,summary,log107,,dt_ms,9.99999999999801
uncentered,summary,log107,,total_s,253.06999999994966
uncentered,summary,log107,,boring_s,171.05999999996595
uncentered,summary,log107,,boring_pct,67.5939463389576
uncentered,summary,log109,,samples,21587.0
uncentered,summary,log109,,dt_ms,9.99999999999801
uncentered,summary,log109,,total_s,215.86999999995706
uncentered,summary,log109,,boring_s,185.25999999996316
uncentered,summary,log109,,boring_pct,85.82016954648631
uncentered,summary,log110,,samples,21450.0
uncentered,summary,log110,,dt_ms,9.99999999999801
uncentered,summary,log110,,total_s,214.4999999999573
uncentered,summary,log110,,boring_s,175.3799999999651
uncentered,summary,log110,,boring_pct,81.76223776223775
uncentered,summary,log112,,samples,63277.0
uncentered,summary,log112,,dt_ms,9.999999999990905
uncentered,summary,log112,,total_s,632.7699999994245
uncentered,summary,log112,,boring_s,331.3799999996986
uncentered,summary,log112,,boring_pct,52.36973939978191
uncentered,summary,log-0098,,samples,36717.0
uncentered,summary,log-0098,,dt_ms,9.999999999990905
uncentered,summary,log-0098,,total_s,367.16999999966606
uncentered,summary,log-0098,,boring_s,228.38999999979228
uncentered,summary,log-0098,,boring_pct,62.202794345943296
uncentered,summary,log-0099,,samples,65579.0
uncentered,summary,log-0099,,dt_ms,9.999999999990905
uncentered,summary,log-0099,,total_s,655.7899999994036
uncentered,summary,log-0099,,boring_s,640.2899999994177
uncentered,summary,log-0099,,boring_pct,97.6364384940301
uncentered,summary,log-0113,,samples,29498.0
uncentered,summary,log-0113,,dt_ms,9.99999999999801
uncentered,summary,log-0113,,total_s,294.9799999999413
uncentered,summary,log-0113,,boring_s,238.7199999999525
uncentered,summary,log-0113,,boring_pct,80.92752050986508
uncentered,summary,log-0115,,samples,18835.0
uncentered,summary,log-0115,,dt_ms,9.99999999999801
uncentered,summary,log-0115,,total_s,188.34999999996253
uncentered,summary,log-0115,,boring_s,174.56999999996526
uncentered,summary,log-0115,,boring_pct,92.68383328908945
uncentered,summary,log-0116,,samples,27283.0
uncentered,summary,log-0116,,dt_ms,9.99999999999801
uncentered,summary,log-0116,,total_s,272.8299999999457
uncentered,summary,log-0116,,boring_s,188.87999999996242
uncentered,summary,log-0116,,boring_pct,69.22992339552103
uncentered,summary,log-0117,,samples,14148.0
uncentered,summary,log-0117,,dt_ms,9.999999999999787
uncentered,summary,log-0117,,total_s,141.47999999999698
uncentered,summary,log-0117,,boring_s,125.77999999999732
uncentered,summary,log-0117,,boring_pct,88.90302516256715
uncentered,summary,log-0118,,samples,16328.0
uncentered,summary,log-0118,,dt_ms,9.999999999999787
uncentered,summary,log-0118,,total_s,163.2799999999965
uncentered,summary,log-0118,,boring_s,123.56999999999736
uncentered,summary,log-0118,,boring_pct,75.67981381675649
uncentered,summary,log-0119,,samples,19584.0
uncentered,summary,log-0119,,dt_ms,9.99999999999801
uncentered,summary,log-0119,,total_s,195.83999999996104
uncentered,summary,log-0119,,boring_s,141.09999999997194
uncentered,summary,log-0119,,boring_pct,72.04861111111113
uncentered,summary,log-0120,,samples,6011.0
uncentered,summary,log-0120,,dt_ms,9.99999999999801
uncentered,summary,log-0120,,total_s,60.10999999998804
uncentered,summary,log-0120,,boring_s,54.71999999998911
uncentered,summary,log-0120,,boring_pct,91.03310597238396
uncentered,summary,log-0122,,samples,43803.0
uncentered,summary,log-0122,,dt_ms,9.999999999990905
uncentered,summary,log-0122,,total_s,438.0299999996016
uncentered,summary,log-0122,,boring_s,322.86999999970635
uncentered,summary,log-0122,,boring_pct,73.70956327192201
uncentered,summary,log-0125,,samples,24913.0
uncentered,summary,log-0125,,dt_ms,9.99999999999801
uncentered,summary,log-0125,,total_s,249.12999999995043
uncentered,summary,log-0125,,boring_s,192.68999999996166
uncentered,summary,log-0125,,boring_pct,77.34516116083972
uncentered,summary,log-0126,,samples,14241.0
uncentered,summary,log-0126,,dt_ms,9.999999999999787
uncentered,summary,log-0126,,total_s,142.40999999999696
uncentered,summary,log-0126,,boring_s,62.03999999999868
uncentered,summary,log-0126,,boring_pct,43.56435643564357
uncentered,summary,log-0127,,samples,26922.0
uncentered,summary,log-0127,,dt_ms,9.99999999999801
uncentered,summary,log-0127,,total_s,269.2199999999464
uncentered,summary,log-0127,,boring_s,135.09999999997314
uncentered,summary,log-0127,,boring_pct,50.18200728029122
uncentered,summary,log-0129,,samples,77819.0
uncentered,summary,log-0129,,dt_ms,9.999999999990905
uncentered,summary,log-0129,,total_s,778.1899999992922
uncentered,summary,log-0129,,boring_s,418.7199999996192
uncentered,summary,log-0129,,boring_pct,53.80691090864699
uncentered,summary,log-0132,,samples,34660.0
uncentered,summary,log-0132,,dt_ms,9.999999999990905
uncentered,summary,log-0132,,total_s,346.59999999968477
uncentered,summary,log-0132,,boring_s,277.14999999974793
uncentered,summary,log-0132,,boring_pct,79.96249278707444
uncentered,summary,log-0133,,samples,10539.0
uncentered,summary,log-0133,,dt_ms,9.999999999999787
uncentered,summary,log-0133,,total_s,105.38999999999776
uncentered,summary,log-0133,,boring_s,104.51999999999776
uncentered,summary,log-0133,,boring_pct,99.1744947338457
uncentered,error,log-0046,travel/mag_model,t,377.0
uncentered,error,log-0046,travel/mag_model,rmse,23.21222184165922
uncentered,error,log-0046,travel/mag_model,bin_rmse,25.21180960012928
uncentered,error,log-0046,travel/mag_model,mae,22.842890924499315
uncentered,error,log-0046,travel/mag_model,me,-22.842890924499315
uncentered,error,log-0046,travel/mag_model,rms_travel,20.431188641477352
uncentered,error,log-0048,travel/mag_model,t,338.0
uncentered,error,log-0048,travel/mag_model,rmse,19.868085872610543
uncentered,error,log-0048,travel/mag_model,bin_rmse,21.344358183833783
uncentered,error,log-0048,travel/mag_model,mae,19.441937062297267
uncentered,error,log-0048,travel/mag_model,me,-19.441937062297267
uncentered,error,log-0048,travel/mag_model,rms_travel,22.592565380062393
uncentered,error,log-0049,travel/mag_model,t,193.0
uncentered,error,log-0049,travel/mag_model,rmse,26.364108473692912
uncentered,error,log-0049,travel/mag_model,bin_rmse,26.562083404615123
uncentered,error,log-0049,travel/mag_model,mae,26.04581083546799
uncentered,error,log-0049,travel/mag_model,me,-26.045132319723646
uncentered,error,log-0049,travel/mag_model,rms_travel,24.49038457000544
uncentered,error,log-0054,travel/mag_model,t,678.0
uncentered,error,log-0054,travel/mag_model,rmse,15.72893707459844
uncentered,error,log-0054,travel/mag_model,bin_rmse,16.814316617627604
uncentered,error,log-0054,travel/mag_model,mae,14.936962515334029
uncentered,error,log-0054,travel/mag_model,me,-14.936046879919283
uncentered,error,log-0054,travel/mag_model,rms_travel,17.971342375802237
uncentered,error,log-0055,travel/mag_model,t,232.0
uncentered,error,log-0055,travel/mag_model,rmse,17.83251623693138
uncentered,error,log-0055,travel/mag_model,bin_rmse,18.287978138773948
uncentered,error,log-0055,travel/mag_model,mae,17.07495835337844
uncentered,error,log-0055,travel/mag_model,me,-17.07495835337844
uncentered,error,log-0055,travel/mag_model,rms_travel,23.777957936386144
uncentered,error,log-0056,travel/mag_model,t,278.0
uncentered,error,log-0056,travel/mag_model,rmse,15.206095452636019
uncentered,error,log-0056,travel/mag_model,bin_rmse,16.195427878362604
uncentered,error,log-0056,travel/mag_model,mae,14.300952532901382
uncentered,error,log-0056,travel/mag_model,me,-14.293180854447474
uncentered,error,log-0056,travel/mag_model,rms_travel,22.681419899158424
uncentered,error,log-0058,travel/mag_model,t,391.0
uncentered,error,log-0058,travel/mag_model,rmse,7.202202577583233
uncentered,error,log-0058,travel/mag_model,bin_rmse,8.035672495121599
uncentered,error,log-0058,travel/mag_model,mae,5.976544595589879
uncentered,error,log-0058,travel/mag_model,me,-5.79271930011403
uncentered,error,log-0058,travel/mag_model,rms_travel,23.452950650247033
uncentered,error,log-0063,travel/mag_model,t,112.0
uncentered,error,log-0063,travel/mag_model,rmse,26.69898743456465
uncentered,error,log-0063,travel/mag_model,bin_rmse,27.314975426607127
uncentered,error,log-0063,travel/mag_model,mae,26.419306670255878
uncentered,error,log-0063,travel/mag_model,me,-26.419306670255878
uncentered,error,log-0063,travel/mag_model,rms_travel,27.915370280510768
uncentered,error,log-0071_183,travel/mag_model,t,432.0
uncentered,error,log-0071_183,travel/mag_model,rmse,6.868360608070856
uncentered,error,log-0071_183,travel/mag_model,bin_rmse,7.3415370262364785
uncentered,error,log-0071_183,travel/mag_model,mae,5.2434522075541565
uncentered,error,log-0071_183,travel/mag_model,me,-5.0747155139173845
uncentered,error,log-0071_183,travel/mag_model,rms_travel,22.63405913751642
uncentered,error,log-0072_184,travel/mag_model,t,343.0
uncentered,error,log-0072_184,travel/mag_model,rmse,9.657538174572936
uncentered,error,log-0072_184,travel/mag_model,bin_rmse,10.415638537802065
uncentered,error,log-0072_184,travel/mag_model,mae,8.503317099092781
uncentered,error,log-0072_184,travel/mag_model,me,-8.459081069453678
uncentered,error,log-0072_184,travel/mag_model,rms_travel,21.606937671882868
uncentered,error,log-0073_185,travel/mag_model,t,291.0
uncentered,error,log-0073_185,travel/mag_model,rmse,34.05470518549803
uncentered,error,log-0073_185,travel/mag_model,bin_rmse,32.97018851131939
uncentered,error,log-0073_185,travel/mag_model,mae,33.367468343412405
uncentered,error,log-0073_185,travel/mag_model,me,-33.367468343412405
uncentered,error,log-0073_185,travel/mag_model,rms_travel,19.672038461898666
uncentered,error,log-0078-valid,travel/mag_model,t,133.0
uncentered,error,log-0078-valid,travel/mag_model,rmse,28.167220590049336
uncentered,error,log-0078-valid,travel/mag_model,bin_rmse,27.368402988438675
uncentered,error,log-0078-valid,travel/mag_model,mae,26.938176085546637
uncentered,error,log-0078-valid,travel/mag_model,me,-26.938176085546637
uncentered,error,log-0078-valid,travel/mag_model,rms_travel,27.939688100988757
uncentered,error,log-0079,travel/mag_model,t,263.0
uncentered,error,log-0079,travel/mag_model,rmse,36.93605099100062
uncentered,error,log-0079,travel/mag_model,bin_rmse,36.21478896292308
uncentered,error,log-0079,travel/mag_model,mae,36.187526675895015
uncentered,error,log-0079,travel/mag_model,me,-36.187526675895015
uncentered,error,log-0079,travel/mag_model,rms_travel,29.64585954676722
uncentered,error,log-0080-valid,travel/mag_model,t,327.0
uncentered,error,log-0080-valid,travel/mag_model,rmse,19.532918406741857
uncentered,error,log-0080-valid,travel/mag_model,bin_rmse,20.6188098117969
uncentered,error,log-0080-valid,travel/mag_model,mae,16.25501440084244
uncentered,error,log-0080-valid,travel/mag_model,me,-16.24417119217461
uncentered,error,log-0080-valid,travel/mag_model,rms_travel,29.55434071667215
uncentered,error,log-0081,travel/mag_model,t,776.0
uncentered,error,log-0081,travel/mag_model,rmse,36.0568004894783
uncentered,error,log-0081,travel/mag_model,bin_rmse,34.39619366587027
uncentered,error,log-0081,travel/mag_model,mae,34.30938352797034
uncentered,error,log-0081,travel/mag_model,me,-34.30938352797034
uncentered,error,log-0081,travel/mag_model,rms_travel,20.83648809071663
uncentered,error,log103,travel/mag_model,t,415.0
uncentered,error,log103,travel/mag_model,rmse,28.188316679653553
uncentered,error,log103,travel/mag_model,bin_rmse,28.526135585837462
uncentered,error,log103,travel/mag_model,mae,27.43534871509225
uncentered,error,log103,travel/mag_model,me,-27.170472245963854
uncentered,error,log103,travel/mag_model,rms_travel,22.693440834941512
uncentered,error,log104,travel/mag_model,t,398.0
uncentered,error,log104,travel/mag_model,rmse,37.194082704283026
uncentered,error,log104,travel/mag_model,bin_rmse,37.29924791029781
uncentered,error,log104,travel/mag_model,mae,36.52602056379267
uncentered,error,log104,travel/mag_model,me,-36.49999493916164
uncentered,error,log104,travel/mag_model,rms_travel,21.56331485170561
uncentered,error,log106,travel/mag_model,t,159.0
uncentered,error,log106,travel/mag_model,rmse,14.75445730413204
uncentered,error,log106,travel/mag_model,bin_rmse,15.12398020293022
uncentered,error,log106,travel/mag_model,mae,14.27650580354896
uncentered,error,log106,travel/mag_model,me,-14.06143705161444
uncentered,error,log106,travel/mag_model,rms_travel,23.729862183883984
uncentered,error,log107,travel/mag_model,t,171.0
uncentered,error,log107,travel/mag_model,rmse,21.180738905200748
uncentered,error,log107,travel/mag_model,bin_rmse,20.887972357500526
uncentered,error,log107,travel/mag_model,mae,20.822348959077143
uncentered,error,log107,travel/mag_model,me,-20.82203455313424
uncentered,error,log107,travel/mag_model,rms_travel,22.35319082275923
uncentered,error,log109,travel/mag_model,t,185.0
uncentered,error,log109,travel/mag_model,rmse,25.859717675130618
uncentered,error,log109,travel/mag_model,bin_rmse,25.370810882652563
uncentered,error,log109,travel/mag_model,mae,25.437286098679028
uncentered,error,log109,travel/mag_model,me,-25.437286098679028
uncentered,error,log109,travel/mag_model,rms_travel,22.840996318383194
uncentered,error,log110,travel/mag_model,t,175.0
uncentered,error,log110,travel/mag_model,rmse,28.31364485721246
uncentered,error,log110,travel/mag_model,bin_rmse,27.77429627823102
uncentered,error,log110,travel/mag_model,mae,27.621322665883568
uncentered,error,log110,travel/mag_model,me,-27.621322665883568
uncentered,error,log110,travel/mag_model,rms_travel,22.186608890645125
uncentered,error,log112,travel/mag_model,t,331.0
uncentered,error,log112,travel/mag_model,rmse,24.39595836275832
uncentered,error,log112,travel/mag_model,bin_rmse,24.735042732603944
uncentered,error,log112,travel/mag_model,mae,23.742062844287876
uncentered,error,log112,travel/mag_model,me,-23.713727838233613
uncentered,error,log112,travel/mag_model,rms_travel,23.092870317659774
uncentered,error,log-0098,travel/mag_model,t,228.0
uncentered,error,log-0098,travel/mag_model,rmse,10.229067122503919
uncentered,error,log-0098,travel/mag_model,bin_rmse,9.20604134872914
uncentered,error,log-0098,travel/mag_model,mae,7.597682015339916
uncentered,error,log-0098,travel/mag_model,me,2.290817096392071
uncentered,error,log-0098,travel/mag_model,rms_travel,26.771291868886678
uncentered,error,log-0099,travel/mag_model,t,640.0
uncentered,error,log-0099,travel/mag_model,rmse,27.475669753091267
uncentered,error,log-0099,travel/mag_model,bin_rmse,25.636625532302343
uncentered,error,log-0099,travel/mag_model,mae,24.294063664072567
uncentered,error,log-0099,travel/mag_model,me,-24.28654672950682
uncentered,error,log-0099,travel/mag_model,rms_travel,19.751607765799193
uncentered,error,log-0113,travel/mag_model,t,238.0
uncentered,error,log-0113,travel/mag_model,rmse,22.874750994530793
uncentered,error,log-0113,travel/mag_model,bin_rmse,25.24267928290054
uncentered,error,log-0113,travel/mag_model,mae,21.910657938029605
uncentered,error,log-0113,travel/mag_model,me,-21.905107865043387
uncentered,error,log-0113,travel/mag_model,rms_travel,28.740736251618014
uncentered,error,log-0115,travel/mag_model,t,174.0
uncentered,error,log-0115,travel/mag_model,rmse,41.95104634400693
uncentered,error,log-0115,travel/mag_model,bin_rmse,44.449793627837465
uncentered,error,log-0115,travel/mag_model,mae,41.46884296525363
uncentered,error,log-0115,travel/mag_model,me,-41.46814461386831
uncentered,error,log-0115,travel/mag_model,rms_travel,27.23520681156712
uncentered,error,log-0116,travel/mag_model,t,188.0
uncentered,error,log-0116,travel/mag_model,rmse,20.95833612498641
uncentered,error,log-0116,travel/mag_model,bin_rmse,21.705961251551965
uncentered,error,log-0116,travel/mag_model,mae,19.57976614997258
uncentered,error,log-0116,travel/mag_model,me,-19.576819340563443
uncentered,error,log-0116,travel/mag_model,rms_travel,34.80413564782217
uncentered,error,log-0117,travel/mag_model,t,125.0
uncentered,error,log-0117,travel/mag_model,rmse,18.177419981052463
uncentered,error,log-0117,travel/mag_model,bin_rmse,21.014222021304903
uncentered,error,log-0117,travel/mag_model,mae,17.028646670988994
uncentered,error,log-0117,travel/mag_model,me,-17.017325856646423
uncentered,error,log-0117,travel/mag_model,rms_travel,29.561469034357394
uncentered,error,log-0118,travel/mag_model,t,123.0
uncentered,error,log-0118,travel/mag_model,rmse,46.46259196415265
uncentered,error,log-0118,travel/mag_model,bin_rmse,45.58525708852208
uncentered,error,log-0118,travel/mag_model,mae,45.34914905399907
uncentered,error,log-0118,travel/mag_model,me,-45.34914905399907
uncentered,error,log-0118,travel/mag_model,rms_travel,46.936084697483885
uncentered,error,log-0119,travel/mag_model,t,141.0
uncentered,error,log-0119,travel/mag_model,rmse,25.464400888554778
uncentered,error,log-0119,travel/mag_model,bin_rmse,26.25325857621525
uncentered,error,log-0119,travel/mag_model,mae,24.410857984164686
uncentered,error,log-0119,travel/mag_model,me,-24.404295458852403
uncentered,error,log-0119,travel/mag_model,rms_travel,39.837321689407155
uncentered,error,log-0120,travel/mag_model,t,54.0
uncentered,error,log-0120,travel/mag_model,rmse,28.973604458736457
uncentered,error,log-0120,travel/mag_model,bin_rmse,29.644006090781836
uncentered,error,log-0120,travel/mag_model,mae,28.23168899257003
uncentered,error,log-0120,travel/mag_model,me,-28.229125425381874
uncentered,error,log-0120,travel/mag_model,rms_travel,40.24895845163582
uncentered,error,log-0122,travel/mag_model,t,322.0
uncentered,error,log-0122,travel/mag_model,rmse,46.33599243940845
uncentered,error,log-0122,travel/mag_model,bin_rmse,47.22427383319059
uncentered,error,log-0122,travel/mag_model,mae,45.66045527290233
uncentered,error,log-0122,travel/mag_model,me,-45.66045527290233
uncentered,error,log-0122,travel/mag_model,rms_travel,36.15695340591876
uncentered,error,log-0125,travel/mag_model,t,192.0
uncentered,error,log-0125,travel/mag_model,rmse,44.99164512281571
uncentered,error,log-0125,travel/mag_model,bin_rmse,45.9740343096283
uncentered,error,log-0125,travel/mag_model,mae,44.21343189533721
uncentered,error,log-0125,travel/mag_model,me,-44.21343189533721
uncentered,error,log-0125,travel/mag_model,rms_travel,36.31407105932256
uncentered,error,log-0126,travel/mag_model,t,62.0
uncentered,error,log-0126,travel/mag_model,rmse,51.674155861358116
uncentered,error,log-0126,travel/mag_model,bin_rmse,53.42133321652559
uncentered,error,log-0126,travel/mag_model,mae,49.86570592671684
uncentered,error,log-0126,travel/mag_model,me,-49.86570592671684
uncentered,error,log-0126,travel/mag_model,rms_travel,45.16820761589024
uncentered,error,log-0127,travel/mag_model,t,135.0
uncentered,error,log-0127,travel/mag_model,rmse,36.32220839711112
uncentered,error,log-0127,travel/mag_model,bin_rmse,37.427813413145955
uncentered,error,log-0127,travel/mag_model,mae,35.56128110279368
uncentered,error,log-0127,travel/mag_model,me,-35.553499930014986
uncentered,error,log-0127,travel/mag_model,rms_travel,46.83296752241396
uncentered,error,log-0129,travel/mag_model,t,418.0
uncentered,error,log-0129,travel/mag_model,rmse,19.15415905201113
uncentered,error,log-0129,travel/mag_model,bin_rmse,21.250425072145283
uncentered,error,log-0129,travel/mag_model,mae,16.74272350318218
uncentered,error,log-0129,travel/mag_model,me,-16.69552391828219
uncentered,error,log-0129,travel/mag_model,rms_travel,36.08531213988321
uncentered,error,log-0132,travel/mag_model,t,277.0
uncentered,error,log-0132,travel/mag_model,rmse,44.09767169013208
uncentered,error,log-0132,travel/mag_model,bin_rmse,44.29518793218715
uncentered,error,log-0132,travel/mag_model,mae,42.82921496869592
uncentered,error,log-0132,travel/mag_model,me,-42.82878689476725
uncentered,error,log-0132,travel/mag_model,rms_travel,36.65824600588626
uncentered,error,log-0133,travel/mag_model,t,104.0
uncentered,error,log-0133,travel/mag_model,rmse,14.787026158640222
uncentered,error,log-0133,travel/mag_model,bin_rmse,16.02321284395304
uncentered,error,log-0133,travel/mag_model,mae,13.068247621016365
uncentered,error,log-0133,travel/mag_model,me,-12.971594528806815
uncentered,error,log-0133,travel/mag_model,rms_travel,34.579963344169
uncentered,error,log-0046,travel/mag_model/adj,t,377.0
uncentered,error,log-0046,travel/mag_model/adj,rmse,16.4770408252136
uncentered,error,log-0046,travel/mag_model/adj,bin_rmse,18.517972689928328
uncentered,error,log-0046,travel/mag_model/adj,mae,15.953831496019482
uncentered,error,log-0046,travel/mag_model/adj,me,-15.9525326302104
uncentered,error,log-0046,travel/mag_model/adj,rms_travel,20.431188641477352
uncentered,error,log-0048,travel/mag_model/adj,t,338.0
uncentered,error,log-0048,travel/mag_model/adj,rmse,7.6287044848993135
uncentered,error,log-0048,travel/mag_model/adj,bin_rmse,8.944502746808181
uncentered,error,log-0048,travel/mag_model/adj,mae,6.533840135841862
uncentered,error,log-0048,travel/mag_model/adj,me,-6.43779563288742
uncentered,error,log-0048,travel/mag_model/adj,rms_travel,22.592565380062393
uncentered,error,log-0049,travel/mag_model/adj,t,193.0
uncentered,error,log-0049,travel/mag_model/adj,rmse,7.634075166031568
uncentered,error,log-0049,travel/mag_model/adj,bin_rmse,7.74144081373963
uncentered,error,log-0049,travel/mag_model/adj,mae,6.5740737228184045
uncentered,error,log-0049,travel/mag_model/adj,me,-6.446844621974903
uncentered,error,log-0049,travel/mag_model/adj,rms_travel,24.49038457000544
uncentered,error,log-0054,travel/mag_model/adj,t,678.0
uncentered,error,log-0054,travel/mag_model/adj,rmse,8.907668576808096
uncentered,error,log-0054,travel/mag_model/adj,bin_rmse,10.07549212194407
uncentered,error,log-0054,travel/mag_model/adj,mae,7.438692757058715
uncentered,error,log-0054,travel/mag_model/adj,me,-7.4183956740473
uncentered,error,log-0054,travel/mag_model/adj,rms_travel,17.971342375802237
uncentered,error,log-0055,travel/mag_model/adj,t,232.0
uncentered,error,log-0055,travel/mag_model/adj,rmse,8.135950894578809
uncentered,error,log-0055,travel/mag_model/adj,bin_rmse,7.638199988560637
uncentered,error,log-0055,travel/mag_model/adj,mae,7.512506549296677
uncentered,error,log-0055,travel/mag_model/adj,me,6.304701768377682
uncentered,error,log-0055,travel/mag_model/adj,rms_travel,23.777957936386144
uncentered,error,log-0056,travel/mag_model/adj,t,278.0
uncentered,error,log-0056,travel/mag_model/adj,rmse,9.545376753040893
uncentered,error,log-0056,travel/mag_model/adj,bin_rmse,10.494743914760646
uncentered,error,log-0056,travel/mag_model/adj,mae,8.092605398911408
uncentered,error,log-0056,travel/mag_model/adj,me,-8.011485341730305
uncentered,error,log-0056,travel/mag_model/adj,rms_travel,22.681419899158424
uncentered,error,log-0058,travel/mag_model/adj,t,391.0
uncentered,error,log-0058,travel/mag_model/adj,rmse,4.752769662519517
uncentered,error,log-0058,travel/mag_model/adj,bin_rmse,5.503450330828084
uncentered,error,log-0058,travel/mag_model/adj,mae,3.235322747983425
uncentered,error,log-0058,travel/mag_model/adj,me,-2.067049681631502
uncentered,error,log-0058,travel/mag_model/adj,rms_travel,23.452950650247033
uncentered,error,log-0063,travel/mag_model/adj,t,112.0
uncentered,error,log-0063,travel/mag_model/adj,rmse,4.469224877471179
uncentered,error,log-0063,travel/mag_model/adj,bin_rmse,4.731021488821403
uncentered,error,log-0063,travel/mag_model/adj,mae,3.3801745705159196
uncentered,error,log-0063,travel/mag_model/adj,me,-2.262256818177979
uncentered,error,log-0063,travel/mag_model/adj,rms_travel,27.915370280510768
uncentered,error,log-0071_183,travel/mag_model/adj,t,432.0
uncentered,error,log-0071_183,travel/mag_model/adj,rmse,10.562499270416783
uncentered,error,log-0071_183,travel/mag_model/adj,bin_rmse,10.916365516810943
uncentered,error,log-0071_183,travel/mag_model/adj,mae,9.512791664534417
uncentered,error,log-0071_183,travel/mag_model/adj,me,-9.494458959953928
uncentered,error,log-0071_183,travel/mag_model/adj,rms_travel,22.63405913751642
uncentered,error,log-0072_184,travel/mag_model/adj,t,343.0
uncentered,error,log-0072_184,travel/mag_model/adj,rmse,4.69314617664714
uncentered,error,log-0072_184,travel/mag_model/adj,bin_rmse,5.02203798916378
uncentered,error,log-0072_184,travel/mag_model/adj,mae,2.942691657136369
uncentered,error,log-0072_184,travel/mag_model/adj,me,-0.5600267686760216
uncentered,error,log-0072_184,travel/mag_model/adj,rms_travel,21.606937671882868
uncentered,error,log-0073_185,travel/mag_model/adj,t,291.0
uncentered,error,log-0073_185,travel/mag_model/adj,rmse,12.545917318550272
uncentered,error,log-0073_185,travel/mag_model/adj,bin_rmse,11.517170406682657
uncentered,error,log-0073_185,travel/mag_model/adj,mae,10.554615756234305
uncentered,error,log-0073_185,travel/mag_model/adj,me,-10.538739950361323
uncentered,error,log-0073_185,travel/mag_model/adj,rms_travel,19.672038461898666
uncentered,error,log-0078-valid,travel/mag_model/adj,t,133.0
uncentered,error,log-0078-valid,travel/mag_model/adj,rmse,17.3992876223484
uncentered,error,log-0078-valid,travel/mag_model/adj,bin_rmse,16.422683534516974
uncentered,error,log-0078-valid,travel/mag_model/adj,mae,15.343430494220456
uncentered,error,log-0078-valid,travel/mag_model/adj,me,-15.329977978217174
uncentered,error,log-0078-valid,travel/mag_model/adj,rms_travel,27.939688100988757
uncentered,error,log-0079,travel/mag_model/adj,t,263.0
uncentered,error,log-0079,travel/mag_model/adj,rmse,13.928984800479611
uncentered,error,log-0079,travel/mag_model/adj,bin_rmse,12.837442145583356
uncentered,error,log-0079,travel/mag_model/adj,mae,11.819903043016856
uncentered,error,log-0079,travel/mag_model/adj,me,-11.801772819403352
uncentered,error,log-0079,travel/mag_model/adj,rms_travel,29.64585954676722
uncentered,error,log-0080-valid,travel/mag_model/adj,t,327.0
uncentered,error,log-0080-valid,travel/mag_model/adj,rmse,16.257301471700053
uncentered,error,log-0080-valid,travel/mag_model/adj,bin_rmse,15.055225346427388
uncentered,error,log-0080-valid,travel/mag_model/adj,mae,14.880313121638343
uncentered,error,log-0080-valid,travel/mag_model/adj,me,12.109419778749992
uncentered,error,log-0080-valid,travel/mag_model/adj,rms_travel,29.55434071667215
uncentered,error,log-0081,travel/mag_model/adj,t,776.0
uncentered,error,log-0081,travel/mag_model/adj,rmse,17.232337134074367
uncentered,error,log-0081,travel/mag_model/adj,bin_rmse,14.887471415170895
uncentered,error,log-0081,travel/mag_model/adj,mae,13.260923527535246
uncentered,error,log-0081,travel/mag_model/adj,me,-13.19069291711844
uncentered,error,log-0081,travel/mag_model/adj,rms_travel,20.83648809071663
uncentered,error,log103,travel/mag_model/adj,t,415.0
uncentered,error,log103,travel/mag_model/adj,rmse,18.175537714264223
uncentered,error,log103,travel/mag_model/adj,bin_rmse,18.571964429123977
uncentered,error,log103,travel/mag_model/adj,mae,17.40475299437147
uncentered,error,log103,travel/mag_model/adj,me,-16.55305216686333
uncentered,error,log103,travel/mag_model/adj,rms_travel,22.693440834941512
uncentered,error,log104,travel/mag_model/adj,t,398.0
uncentered,error,log104,travel/mag_model/adj,rmse,25.755647047206
uncentered,error,log104,travel/mag_model/adj,bin_rmse,25.96327569094738
uncentered,error,log104,travel/mag_model/adj,mae,25.04861882240064
uncentered,error,log104,travel/mag_model/adj,me,-24.74274029217521
uncentered,error,log104,travel/mag_model/adj,rms_travel,21.56331485170561
uncentered,error,log106,travel/mag_model/adj,t,159.0
uncentered,error,log106,travel/mag_model/adj,rmse,7.080572065530975
uncentered,error,log106,travel/mag_model/adj,bin_rmse,7.624747433256651
uncentered,error,log106,travel/mag_model/adj,mae,6.169042803976971
uncentered,error,log106,travel/mag_model/adj,me,-5.492221990436811
uncentered,error,log106,travel/mag_model/adj,rms_travel,23.729862183883984
uncentered,error,log107,travel/mag_model/adj,t,171.0
uncentered,error,log107,travel/mag_model/adj,rmse,6.5097319143846635
uncentered,error,log107,travel/mag_model/adj,bin_rmse,6.755604040046432
uncentered,error,log107,travel/mag_model/adj,mae,5.541574423714154
uncentered,error,log107,travel/mag_model/adj,me,-5.225900109913107
uncentered,error,log107,travel/mag_model/adj,rms_travel,22.35319082275923
uncentered,error,log109,travel/mag_model/adj,t,185.0
uncentered,error,log109,travel/mag_model/adj,rmse,14.074783003421668
uncentered,error,log109,travel/mag_model/adj,bin_rmse,13.932207327621184
uncentered,error,log109,travel/mag_model/adj,mae,13.288061709160942
uncentered,error,log109,travel/mag_model/adj,me,-13.282697106461246
uncentered,error,log109,travel/mag_model/adj,rms_travel,22.840996318383194
uncentered,error,log110,travel/mag_model/adj,t,175.0
uncentered,error,log110,travel/mag_model/adj,rmse,12.104916238432033
uncentered,error,log110,travel/mag_model/adj,bin_rmse,11.692725285764105
uncentered,error,log110,travel/mag_model/adj,mae,10.544763910601663
uncentered,error,log110,travel/mag_model/adj,me,-10.382869442112588
uncentered,error,log110,travel/mag_model/adj,rms_travel,22.186608890645125
uncentered,error,log112,travel/mag_model/adj,t,331.0
uncentered,error,log112,travel/mag_model/adj,rmse,10.871564730970986
uncentered,error,log112,travel/mag_model/adj,bin_rmse,11.382310378753042
uncentered,error,log112,travel/mag_model/adj,mae,9.883065967950719
uncentered,error,log112,travel/mag_model/adj,me,-9.239535878390775
uncentered,error,log112,travel/mag_model/adj,rms_travel,23.092870317659774
uncentered,error,log-0098,travel/mag_model/adj,t,228.0
uncentered,error,log-0098,travel/mag_model/adj,rmse,11.52421705668521
uncentered,error,log-0098,travel/mag_model/adj,bin_rmse,11.339021063509794
uncentered,error,log-0098,travel/mag_model/adj,mae,7.659928196159268
uncentered,error,log-0098,travel/mag_model/adj,me,-5.781142408038907
uncentered,error,log-0098,travel/mag_model/adj,rms_travel,26.771291868886678
uncentered,error,log-0099,travel/mag_model/adj,t,640.0
uncentered,error,log-0099,travel/mag_model/adj,rmse,15.5109858180163
uncentered,error,log-0099,travel/mag_model/adj,bin_rmse,12.904214616286499
uncentered,error,log-0099,travel/mag_model/adj,mae,10.873953226455889
uncentered,error,log-0099,travel/mag_model/adj,me,-8.689913964492801
uncentered,error,log-0099,travel/mag_model/adj,rms_travel,19.751607765799193
uncentered,error,log-0113,travel/mag_model/adj,t,238.0
uncentered,error,log-0113,travel/mag_model/adj,rmse,16.246825793974736
uncentered,error,log-0113,travel/mag_model/adj,bin_rmse,18.548899744755634
uncentered,error,log-0113,travel/mag_model/adj,mae,14.969346893500909
uncentered,error,log-0113,travel/mag_model/adj,me,-14.850551030085075
uncentered,error,log-0113,travel/mag_model/adj,rms_travel,28.740736251618014
uncentered,error,log-0115,travel/mag_model/adj,t,174.0
uncentered,error,log-0115,travel/mag_model/adj,rmse,7.044702443583856
uncentered,error,log-0115,travel/mag_model/adj,bin_rmse,6.6669283118239715
uncentered,error,log-0115,travel/mag_model/adj,mae,5.863113652341764
uncentered,error,log-0115,travel/mag_model/adj,me,3.056887449402434
uncentered,error,log-0115,travel/mag_model/adj,rms_travel,27.23520681156712
uncentered,error,log-0116,travel/mag_model/adj,t,188.0
uncentered,error,log-0116,travel/mag_model/adj,rmse,22.826270617602024
uncentered,error,log-0116,travel/mag_model/adj,bin_rmse,23.57934219072466
uncentered,error,log-0116,travel/mag_model/adj,mae,21.566274431793552
uncentered,error,log-0116,travel/mag_model/adj,me,-21.56475440790249
uncentered,error,log-0116,travel/mag_model/adj,rms_travel,34.80413564782217
uncentered,error,log-0117,travel/mag_model/adj,t,125.0
uncentered,error,log-0117,travel/mag_model/adj,rmse,6.6001742764306774
uncentered,error,log-0117,travel/mag_model/adj,bin_rmse,7.501865101920968
uncentered,error,log-0117,travel/mag_model/adj,mae,4.996367333127016
uncentered,error,log-0117,travel/mag_model/adj,me,1.653203745150237
uncentered,error,log-0117,travel/mag_model/adj,rms_travel,29.561469034357394
uncentered,error,log-0118,travel/mag_model/adj,t,123.0
uncentered,error,log-0118,travel/mag_model/adj,rmse,31.148010282612596
uncentered,error,log-0118,travel/mag_model/adj,bin_rmse,30.283558235030988
uncentered,error,log-0118,travel/mag_model/adj,mae,29.476964784441126
uncentered,error,log-0118,travel/mag_model/adj,me,-29.46135455915466
uncentered,error,log-0118,travel/mag_model/adj,rms_travel,46.936084697483885
uncentered,error,log-0119,travel/mag_model/adj,t,141.0
uncentered,error,log-0119,travel/mag_model/adj,rmse,10.081465064548041
uncentered,error,log-0119,travel/mag_model/adj,bin_rmse,10.80385287336188
uncentered,error,log-0119,travel/mag_model/adj,mae,8.290238135851792
uncentered,error,log-0119,travel/mag_model/adj,me,-6.983542229960176
uncentered,error,log-0119,travel/mag_model/adj,rms_travel,39.837321689407155
uncentered,error,log-0120,travel/mag_model/adj,t,54.0
uncentered,error,log-0120,travel/mag_model/adj,rmse,12.256044102341077
uncentered,error,log-0120,travel/mag_model/adj,bin_rmse,12.825492696273596
uncentered,error,log-0120,travel/mag_model/adj,mae,10.577320168037032
uncentered,error,log-0120,travel/mag_model/adj,me,-10.374217271156297
uncentered,error,log-0120,travel/mag_model/adj,rms_travel,40.24895845163582
uncentered,error,log-0122,travel/mag_model/adj,t,322.0
uncentered,error,log-0122,travel/mag_model/adj,rmse,18.5950693143085
uncentered,error,log-0122,travel/mag_model/adj,bin_rmse,19.332697198434737
uncentered,error,log-0122,travel/mag_model/adj,mae,16.856165999928614
uncentered,error,log-0122,travel/mag_model/adj,me,-16.841305863493357
uncentered,error,log-0122,travel/mag_model/adj,rms_travel,36.15695340591876
uncentered,error,log-0125,travel/mag_model/adj,t,192.0
uncentered,error,log-0125,travel/mag_model/adj,rmse,21.130948371189188
uncentered,error,log-0125,travel/mag_model/adj,bin_rmse,22.004449698539723
uncentered,error,log-0125,travel/mag_model/adj,mae,19.43009854217361
uncentered,error,log-0125,travel/mag_model/adj,me,-19.41897031698894
uncentered,error,log-0125,travel/mag_model/adj,rms_travel,36.31407105932256
uncentered,error,log-0126,travel/mag_model/adj,t,62.0
uncentered,error,log-0126,travel/mag_model/adj,rmse,32.06914913335287
uncentered,error,log-0126,travel/mag_model/adj,bin_rmse,33.63489508052184
uncentered,error,log-0126,travel/mag_model/adj,mae,29.065453200029406
uncentered,error,log-0126,travel/mag_model/adj,me,-29.065453200029406
uncentered,error,log-0126,travel/mag_model/adj,rms_travel,45.16820761589024
uncentered,error,log-0127,travel/mag_model/adj,t,135.0
uncentered,error,log-0127,travel/mag_model/adj,rmse,9.786416923020724
uncentered,error,log-0127,travel/mag_model/adj,bin_rmse,10.800886418244346
uncentered,error,log-0127,travel/mag_model/adj,mae,7.243260990969457
uncentered,error,log-0127,travel/mag_model/adj,me,-6.365727815544182
uncentered,error,log-0127,travel/mag_model/adj,rms_travel,46.83296752241396
uncentered,error,log-0129,travel/mag_model/adj,t,418.0
uncentered,error,log-0129,travel/mag_model/adj,rmse,32.874654099146646
uncentered,error,log-0129,travel/mag_model/adj,bin_rmse,34.734944537167195
uncentered,error,log-0129,travel/mag_model/adj,mae,31.50564330726329
uncentered,error,log-0129,travel/mag_model/adj,me,-31.5055803319782
uncentered,error,log-0129,travel/mag_model/adj,rms_travel,36.08531213988321
uncentered,error,log-0132,travel/mag_model/adj,t,277.0
uncentered,error,log-0132,travel/mag_model/adj,rmse,23.440483148397785
uncentered,error,log-0132,travel/mag_model/adj,bin_rmse,23.408872560116865
uncentered,error,log-0132,travel/mag_model/adj,mae,20.964981066237414
uncentered,error,log-0132,travel/mag_model/adj,me,-20.956063290060705
uncentered,error,log-0132,travel/mag_model/adj,rms_travel,36.65824600588626
uncentered,error,log-0133,travel/mag_model/adj,t,104.0
uncentered,error,log-0133,travel/mag_model/adj,rmse,13.297413983712373
uncentered,error,log-0133,travel/mag_model/adj,bin_rmse,14.49940581057299
uncentered,error,log-0133,travel/mag_model/adj,mae,11.416551573059476
uncentered,error,log-0133,travel/mag_model/adj,me,-11.243991313483397
uncentered,error,log-0133,travel/mag_model/adj,rms_travel,34.579963344169
uncentered,error,log-0046,travel/solved,t,377.0
uncentered,error,log-0046,travel/solved,rmse,14.02504966756897
uncentered,error,log-0046,travel/solved,bin_rmse,14.463747317366536
uncentered,error,log-0046,travel/solved,mae,13.669687575681179
uncentered,error,log-0046,travel/solved,me,-13.636849659448687
uncentered,error,log-0046,travel/solved,rms_travel,20.431188641477352
uncentered,error,log-0048,travel/solved,t,338.0
uncentered,error,log-0048,travel/solved,rmse,5.59467238976123
uncentered,error,log-0048,travel/solved,bin_rmse,7.223938285697712
uncentered,error,log-0048,travel/solved,mae,4.916567290930112
uncentered,error,log-0048,travel/solved,me,-4.7087600754439585
uncentered,error,log-0048,travel/solved,rms_travel,22.592565380062393
uncentered,error,log-0049,travel/solved,t,193.0
uncentered,error,log-0049,travel/solved,rmse,6.265009371227005
uncentered,error,log-0049,travel/solved,bin_rmse,6.6074775208040695
uncentered,error,log-0049,travel/solved,mae,5.603417967966055
uncentered,error,log-0049,travel/solved,me,-5.505123907606916
uncentered,error,log-0049,travel/solved,rms_travel,24.49038457000544
uncentered,error,log-0054,travel/solved,t,678.0
uncentered,error,log-0054,travel/solved,rmse,6.020796411345643
uncentered,error,log-0054,travel/solved,bin_rmse,6.477766731585907
uncentered,error,log-0054,travel/solved,mae,5.457453451843648
uncentered,error,log-0054,travel/solved,me,-5.3963413140014636
uncentered,error,log-0054,travel/solved,rms_travel,17.971342375802237
uncentered,error,log-0055,travel/solved,t,232.0
uncentered,error,log-0055,travel/solved,rmse,8.434102257440252
uncentered,error,log-0055,travel/solved,bin_rmse,7.8808711800402245
uncentered,error,log-0055,travel/solved,mae,7.779236482280481
uncentered,error,log-0055,travel/solved,me,7.365676896331966
uncentered,error,log-0055,travel/solved,rms_travel,23.777957936386144
uncentered,error,log-0056,travel/solved,t,278.0
uncentered,error,log-0056,travel/solved,rmse,5.9511908787492755
uncentered,error,log-0056,travel/solved,bin_rmse,6.819692364268449
uncentered,error,log-0056,travel/solved,mae,5.215199479433545
uncentered,error,log-0056,travel/solved,me,-4.9158613463375955
uncentered,error,log-0056,travel/solved,rms_travel,22.681419899158424
uncentered,error,log-0058,travel/solved,t,391.0
uncentered,error,log-0058,travel/solved,rmse,3.258431975963268
uncentered,error,log-0058,travel/solved,bin_rmse,3.6781007374873815
uncentered,error,log-0058,travel/solved,mae,2.517084523728725
uncentered,error,log-0058,travel/solved,me,-0.8158012290257466
uncentered,error,log-0058,travel/solved,rms_travel,23.452950650247033
uncentered,error,log-0063,travel/solved,t,112.0
uncentered,error,log-0063,travel/solved,rmse,3.794224131145171
uncentered,error,log-0063,travel/solved,bin_rmse,4.145800778046664
uncentered,error,log-0063,travel/solved,mae,2.988140067937612
uncentered,error,log-0063,travel/solved,me,-1.9467025136078406
uncentered,error,log-0063,travel/solved,rms_travel,27.915370280510768
uncentered,error,log-0071_183,travel/solved,t,432.0
uncentered,error,log-0071_183,travel/solved,rmse,7.965890523891
uncentered,error,log-0071_183,travel/solved,bin_rmse,7.71762775272656
uncentered,error,log-0071_183,travel/solved,mae,7.574629788910976
uncentered,error,log-0071_183,travel/solved,me,-7.514393469867158
uncentered,error,log-0071_183,travel/solved,rms_travel,22.63405913751642
uncentered,error,log-0072_184,travel/solved,t,343.0
uncentered,error,log-0072_184,travel/solved,rmse,3.5946226165478
uncentered,error,log-0072_184,travel/solved,bin_rmse,3.725368801323382
uncentered,error,log-0072_184,travel/solved,mae,2.5665097963621943
uncentered,error,log-0072_184,travel/solved,me,0.886337419718707
uncentered,error,log-0072_184,travel/solved,rms_travel,21.606937671882868
uncentered,error,log-0073_185,travel/solved,t,291.0
uncentered,error,log-0073_185,travel/solved,rmse,9.408152693828525
uncentered,error,log-0073_185,travel/solved,bin_rmse,8.784550348420902
uncentered,error,log-0073_185,travel/solved,mae,8.15077761630355
uncentered,error,log-0073_185,travel/solved,me,-7.978564862456431
uncentered,error,log-0073_185,travel/solved,rms_travel,19.672038461898666
uncentered,error,log-0078-valid,travel/solved,t,133.0
uncentered,error,log-0078-valid,travel/solved,rmse,13.057676002440315
uncentered,error,log-0078-valid,travel/solved,bin_rmse,13.237976385577223
uncentered,error,log-0078-valid,travel/solved,mae,12.260872505488447
uncentered,error,log-0078-valid,travel/solved,me,-12.095648504042623
uncentered,error,log-0078-valid,travel/solved,rms_travel,27.939688100988757
uncentered,error,log-0079,travel/solved,t,263.0
uncentered,error,log-0079,travel/solved,rmse,10.386493568928842
uncentered,error,log-0079,travel/solved,bin_rmse,10.513632329262293
uncentered,error,log-0079,travel/solved,mae,8.808653151277342
uncentered,error,log-0079,travel/solved,me,-8.460280255536567
uncentered,error,log-0079,travel/solved,rms_travel,29.64585954676722
uncentered,error,log-0080-valid,travel/solved,t,327.0
uncentered,error,log-0080-valid,travel/solved,rmse,14.828030445787952
uncentered,error,log-0080-valid,travel/solved,bin_rmse,14.05606708712022
uncentered,error,log-0080-valid,travel/solved,mae,13.722327705039719
uncentered,error,log-0080-valid,travel/solved,me,13.124006235140316
uncentered,error,log-0080-valid,travel/solved,rms_travel,29.55434071667215
uncentered,error,log-0081,travel/solved,t,776.0
uncentered,error,log-0081,travel/solved,rmse,13.980136936756361
uncentered,error,log-0081,travel/solved,bin_rmse,12.595788938021423
uncentered,error,log-0081,travel/solved,mae,11.522812652574721
uncentered,error,log-0081,travel/solved,me,-11.372904840685925
uncentered,error,log-0081,travel/solved,rms_travel,20.83648809071663
uncentered,error,log103,travel/solved,t,415.0
uncentered,error,log103,travel/solved,rmse,16.021275286902537
uncentered,error,log103,travel/solved,bin_rmse,17.212263023273525
uncentered,error,log103,travel/solved,mae,15.267310901906997
uncentered,error,log103,travel/solved,me,-15.056260179511742
uncentered,error,log103,travel/solved,rms_travel,22.693440834941512
uncentered,error,log104,travel/solved,t,398.0
uncentered,error,log104,travel/solved,rmse,21.534930155384163
uncentered,error,log104,travel/solved,bin_rmse,23.922809960641324
uncentered,error,log104,travel/solved,mae,20.941957405779807
uncentered,error,log104,travel/solved,me,-20.756873452607785
uncentered,error,log104,travel/solved,rms_travel,21.56331485170561
uncentered,error,log106,travel/solved,t,159.0
uncentered,error,log106,travel/solved,rmse,5.968407114560964
uncentered,error,log106,travel/solved,bin_rmse,6.392314423266553
uncentered,error,log106,travel/solved,mae,5.311287421228798
uncentered,error,log106,travel/solved,me,-5.070224132172574
uncentered,error,log106,travel/solved,rms_travel,23.729862183883984
uncentered,error,log107,travel/solved,t,171.0
uncentered,error,log107,travel/solved,rmse,5.183635587150093
uncentered,error,log107,travel/solved,bin_rmse,5.200744956989934
uncentered,error,log107,travel/solved,mae,4.593383422927675
uncentered,error,log107,travel/solved,me,-4.317321670788608
uncentered,error,log107,travel/solved,rms_travel,22.35319082275923
uncentered,error,log109,travel/solved,t,185.0
uncentered,error,log109,travel/solved,rmse,11.793822224384225
uncentered,error,log109,travel/solved,bin_rmse,11.540628472274859
uncentered,error,log109,travel/solved,mae,11.319726868386066
uncentered,error,log109,travel/solved,me,-11.302439370292298
uncentered,error,log109,travel/solved,rms_travel,22.840996318383194
uncentered,error,log110,travel/solved,t,175.0
uncentered,error,log110,travel/solved,rmse,9.139667357188504
uncentered,error,log110,travel/solved,bin_rmse,9.010766166339362
uncentered,error,log110,travel/solved,mae,8.512607589779668
uncentered,error,log110,travel/solved,me,-8.46178260266217
uncentered,error,log110,travel/solved,rms_travel,22.186608890645125
uncentered,error,log112,travel/solved,t,331.0
uncentered,error,log112,travel/solved,rmse,9.177939391892037
uncentered,error,log112,travel/solved,bin_rmse,10.02864817530314
uncentered,error,log112,travel/solved,mae,8.385660931742892
uncentered,error,log112,travel/solved,me,-8.028593588824073
uncentered,error,log112,travel/solved,rms_travel,23.092870317659774
uncentered,error,log-0098,travel/solved,t,228.0
uncentered,error,log-0098,travel/solved,rmse,7.008019120633244
uncentered,error,log-0098,travel/solved,bin_rmse,7.777822858124687
uncentered,error,log-0098,travel/solved,mae,5.665432771789539
uncentered,error,log-0098,travel/solved,me,-4.704838756944699
uncentered,error,log-0098,travel/solved,rms_travel,26.771291868886678
uncentered,error,log-0099,travel/solved,t,640.0
uncentered,error,log-0099,travel/solved,rmse,9.084714947055216
uncentered,error,log-0099,travel/solved,bin_rmse,8.570216449417165
uncentered,error,log-0099,travel/solved,mae,6.711450438693546
uncentered,error,log-0099,travel/solved,me,-5.663703809557814
uncentered,error,log-0099,travel/solved,rms_travel,19.751607765799193
uncentered,error,log-0113,travel/solved,t,238.0
uncentered,error,log-0113,travel/solved,rmse,13.357930125217097
uncentered,error,log-0113,travel/solved,bin_rmse,15.67880193731965
uncentered,error,log-0113,travel/solved,mae,12.27618702063192
uncentered,error,log-0113,travel/solved,me,-12.066904639711447
uncentered,error,log-0113,travel/solved,rms_travel,28.740736251618014
uncentered,error,log-0115,travel/solved,t,174.0
uncentered,error,log-0115,travel/solved,rmse,7.988904128528232
uncentered,error,log-0115,travel/solved,bin_rmse,8.527885386035786
uncentered,error,log-0115,travel/solved,mae,6.501019142393335
uncentered,error,log-0115,travel/solved,me,4.5856913650430435
uncentered,error,log-0115,travel/solved,rms_travel,27.23520681156712
uncentered,error,log-0116,travel/solved,t,188.0
uncentered,error,log-0116,travel/solved,rmse,20.015606000306356
uncentered,error,log-0116,travel/solved,bin_rmse,20.76401055906157
uncentered,error,log-0116,travel/solved,mae,18.809251978768483
uncentered,error,log-0116,travel/solved,me,-18.71663199716841
uncentered,error,log-0116,travel/solved,rms_travel,34.80413564782217
uncentered,error,log-0117,travel/solved,t,125.0
uncentered,error,log-0117,travel/solved,rmse,6.452523548256983
uncentered,error,log-0117,travel/solved,bin_rmse,7.088687182528134
uncentered,error,log-0117,travel/solved,mae,5.106300951465335
uncentered,error,log-0117,travel/solved,me,2.962695401204294
uncentered,error,log-0117,travel/solved,rms_travel,29.561469034357394
uncentered,error,log-0118,travel/solved,t,123.0
uncentered,error,log-0118,travel/solved,rmse,29.91580972135851
uncentered,error,log-0118,travel/solved,bin_rmse,28.66841506916559
uncentered,error,log-0118,travel/solved,mae,26.817111009648382
uncentered,error,log-0118,travel/solved,me,-26.590956711019892
uncentered,error,log-0118,travel/solved,rms_travel,46.936084697483885
uncentered,error,log-0119,travel/solved,t,141.0
uncentered,error,log-0119,travel/solved,rmse,9.92296151080074
uncentered,error,log-0119,travel/solved,bin_rmse,10.54363935780235
uncentered,error,log-0119,travel/solved,mae,8.077134479978437
uncentered,error,log-0119,travel/solved,me,-5.124493500589942
uncentered,error,log-0119,travel/solved,rms_travel,39.837321689407155
uncentered,error,log-0120,travel/solved,t,54.0
uncentered,error,log-0120,travel/solved,rmse,10.872626081099314
uncentered,error,log-0120,travel/solved,bin_rmse,11.502030812006927
uncentered,error,log-0120,travel/solved,mae,9.387504553999456
uncentered,error,log-0120,travel/solved,me,-8.23614968011474
uncentered,error,log-0120,travel/solved,rms_travel,40.24895845163582
uncentered,error,log-0122,travel/solved,t,322.0
uncentered,error,log-0122,travel/solved,rmse,16.15846860862597
uncentered,error,log-0122,travel/solved,bin_rmse,16.86514432669454
uncentered,error,log-0122,travel/solved,mae,14.645351227906747
uncentered,error,log-0122,travel/solved,me,-14.255391109083675
uncentered,error,log-0122,travel/solved,rms_travel,36.15695340591876
uncentered,error,log-0125,travel/solved,t,192.0
uncentered,error,log-0125,travel/solved,rmse,18.608653064895204
uncentered,error,log-0125,travel/solved,bin_rmse,19.747709706514847
uncentered,error,log-0125,travel/solved,mae,17.00839332586135
uncentered,error,log-0125,travel/solved,me,-16.747235497160492
uncentered,error,log-0125,travel/solved,rms_travel,36.31407105932256
uncentered,error,log-0126,travel/solved,t,62.0
uncentered,error,log-0126,travel/solved,rmse,30.867040116298696
uncentered,error,log-0126,travel/solved,bin_rmse,32.46854033984907
uncentered,error,log-0126,travel/solved,mae,27.21925709247293
uncentered,error,log-0126,travel/solved,me,-27.0767148993069
uncentered,error,log-0126,travel/solved,rms_travel,45.16820761589024
uncentered,error,log-0127,travel/solved,t,135.0
uncentered,error,log-0127,travel/solved,rmse,9.168673646260602
uncentered,error,log-0127,travel/solved,bin_rmse,9.975718431555377
uncentered,error,log-0127,travel/solved,mae,6.717541967093503
uncentered,error,log-0127,travel/solved,me,-4.559560860895042
uncentered,error,log-0127,travel/solved,rms_travel,46.83296752241396
uncentered,error,log-0129,travel/solved,t,418.0
uncentered,error,log-0129,travel/solved,rmse,28.75759171463522
uncentered,error,log-0129,travel/solved,bin_rmse,27.66591044505271
uncentered,error,log-0129,travel/solved,mae,27.578587342275593
uncentered,error,log-0129,travel/solved,me,-27.56319451998379
uncentered,error,log-0129,travel/solved,rms_travel,36.08531213988321
uncentered,error,log-0132,travel/solved,t,277.0
uncentered,error,log-0132,travel/solved,rmse,18.420733043705454
uncentered,error,log-0132,travel/solved,bin_rmse,18.108142197617056
uncentered,error,log-0132,travel/solved,mae,16.759757272252997
uncentered,error,log-0132,travel/solved,me,-16.524630246355947
uncentered,error,log-0132,travel/solved,rms_travel,36.65824600588626
uncentered,error,log-0133,travel/solved,t,104.0
uncentered,error,log-0133,travel/solved,rmse,11.354642836878178
uncentered,error,log-0133,travel/solved,bin_rmse,12.95507113612418
uncentered,error,log-0133,travel/solved,mae,9.912348432556513
uncentered,error,log-0133,travel/solved,me,-9.521114760373187
uncentered,error,log-0133,travel/solved,rms_travel,34.579963344169
uncentered,error,log-0046,travel/solved/mag_nuisance/delta_lifted,t,377.0
uncentered,error,log-0046,travel/solved/mag_nuisance/delta_lifted,rmse,14.356343626559712
uncentered,error,log-0046,travel/solved/mag_nuisance/delta_lifted,bin_rmse,14.941795498912935
uncentered,error,log-0046,travel/solved/mag_nuisance/delta_lifted,mae,14.017532196340118
uncentered,error,log-0046,travel/solved/mag_nuisance/delta_lifted,me,-14.011198158946975
uncentered,error,log-0046,travel/solved/mag_nuisance/delta_lifted,rms_travel,20.431188641477352
uncentered,error,log-0048,travel/solved/mag_nuisance/delta_lifted,t,338.0
uncentered,error,log-0048,travel/solved/mag_nuisance/delta_lifted,rmse,5.989742783858237
uncentered,error,log-0048,travel/solved/mag_nuisance/delta_lifted,bin_rmse,7.743132191985866
uncentered,error,log-0048,travel/solved/mag_nuisance/delta_lifted,mae,5.21992385766149
uncentered,error,log-0048,travel/solved/mag_nuisance/delta_lifted,me,-5.10889928418149
uncentered,error,log-0048,travel/solved/mag_nuisance/delta_lifted,rms_travel,22.592565380062393
uncentered,error,log-0049,travel/solved/mag_nuisance/delta_lifted,t,193.0
uncentered,error,log-0049,travel/solved/mag_nuisance/delta_lifted,rmse,6.782996397039142
uncentered,error,log-0049,travel/solved/mag_nuisance/delta_lifted,bin_rmse,7.082215418330498
uncentered,error,log-0049,travel/solved/mag_nuisance/delta_lifted,mae,6.017688614861378
uncentered,error,log-0049,travel/solved/mag_nuisance/delta_lifted,me,-5.9638196253459075
uncentered,error,log-0049,travel/solved/mag_nuisance/delta_lifted,rms_travel,24.49038457000544
uncentered,error,log-0054,travel/solved/mag_nuisance/delta_lifted,t,678.0
uncentered,error,log-0054,travel/solved/mag_nuisance/delta_lifted,rmse,6.400100798414998
uncentered,error,log-0054,travel/solved/mag_nuisance/delta_lifted,bin_rmse,6.913160727137166
uncentered,error,log-0054,travel/solved/mag_nuisance/delta_lifted,mae,5.746135050696046
uncentered,error,log-0054,travel/solved/mag_nuisance/delta_lifted,me,-5.717404235099726
uncentered,error,log-0054,travel/solved/mag_nuisance/delta_lifted,rms_travel,17.971342375802237
uncentered,error,log-0055,travel/solved/mag_nuisance/delta_lifted,t,232.0
uncentered,error,log-0055,travel/solved/mag_nuisance/delta_lifted,rmse,8.053169705140956
uncentered,error,log-0055,travel/solved/mag_nuisance/delta_lifted,bin_rmse,7.524542154449277
uncentered,error,log-0055,travel/solved/mag_nuisance/delta_lifted,mae,7.352747742031711
uncentered,error,log-0055,travel/solved/mag_nuisance/delta_lifted,me,6.741555468281352
uncentered,error,log-0055,travel/solved/mag_nuisance/delta_lifted,rms_travel,23.777957936386144
uncentered,error,log-0056,travel/solved/mag_nuisance/delta_lifted,t,278.0
uncentered,error,log-0056,travel/solved/mag_nuisance/delta_lifted,rmse,6.191154248594846
uncentered,error,log-0056,travel/solved/mag_nuisance/delta_lifted,bin_rmse,7.029543595144674
uncentered,error,log-0056,travel/solved/mag_nuisance/delta_lifted,mae,5.4197439401937055
uncentered,error,log-0056,travel/solved/mag_nuisance/delta_lifted,me,-5.253637337289973
uncentered,error,log-0056,travel/solved/mag_nuisance/delta_lifted,rms_travel,22.681419899158424
uncentered,error,log-0058,travel/solved/mag_nuisance/delta_lifted,t,391.0
uncentered,error,log-0058,travel/solved/mag_nuisance/delta_lifted,rmse,3.4301938053404495
uncentered,error,log-0058,travel/solved/mag_nuisance/delta_lifted,bin_rmse,3.8079330491207446
uncentered,error,log-0058,travel/solved/mag_nuisance/delta_lifted,mae,2.6145396748792007
uncentered,error,log-0058,travel/solved/mag_nuisance/delta_lifted,me,-1.1979202997972185
uncentered,error,log-0058,travel/solved/mag_nuisance/delta_lifted,rms_travel,23.452950650247033
uncentered,error,log-0063,travel/solved/mag_nuisance/delta_lifted,t,112.0
uncentered,error,log-0063,travel/solved/mag_nuisance/delta_lifted,rmse,3.967506737974776
uncentered,error,log-0063,travel/solved/mag_nuisance/delta_lifted,bin_rmse,4.310967533179676
uncentered,error,log-0063,travel/solved/mag_nuisance/delta_lifted,mae,3.1000092778722728
uncentered,error,log-0063,travel/solved/mag_nuisance/delta_lifted,me,-2.1564173289505453
uncentered,error,log-0063,travel/solved/mag_nuisance/delta_lifted,rms_travel,27.915370280510768
uncentered,error,log-0071_183,travel/solved/mag_nuisance/delta_lifted,t,432.0
uncentered,error,log-0071_183,travel/solved/mag_nuisance/delta_lifted,rmse,8.200656038094285
uncentered,error,log-0071_183,travel/solved/mag_nuisance/delta_lifted,bin_rmse,8.038300834788187
uncentered,error,log-0071_183,travel/solved/mag_nuisance/delta_lifted,mae,7.7937473567747935
uncentered,error,log-0071_183,travel/solved/mag_nuisance/delta_lifted,me,-7.768373155092217
uncentered,error,log-0071_183,travel/solved/mag_nuisance/delta_lifted,rms_travel,22.63405913751642
uncentered,error,log-0072_184,travel/solved/mag_nuisance/delta_lifted,t,343.0
uncentered,error,log-0072_184,travel/solved/mag_nuisance/delta_lifted,rmse,3.5567212131660915
uncentered,error,log-0072_184,travel/solved/mag_nuisance/delta_lifted,bin_rmse,3.7269929403958693
uncentered,error,log-0072_184,travel/solved/mag_nuisance/delta_lifted,mae,2.5409305463106073
uncentered,error,log-0072_184,travel/solved/mag_nuisance/delta_lifted,me,0.5461741376084219
uncentered,error,log-0072_184,travel/solved/mag_nuisance/delta_lifted,rms_travel,21.606937671882868
uncentered,error,log-0073_185,travel/solved/mag_nuisance/delta_lifted,t,291.0
uncentered,error,log-0073_185,travel/solved/mag_nuisance/delta_lifted,rmse,10.343269692203048
uncentered,error,log-0073_185,travel/solved/mag_nuisance/delta_lifted,bin_rmse,9.688087068573765
uncentered,error,log-0073_185,travel/solved/mag_nuisance/delta_lifted,mae,8.935071323476269
uncentered,error,log-0073_185,travel/solved/mag_nuisance/delta_lifted,me,-8.833251103970202
uncentered,error,log-0073_185,travel/solved/mag_nuisance/delta_lifted,rms_travel,19.672038461898666
uncentered,error,log-0078-valid,travel/solved/mag_nuisance/delta_lifted,t,133.0
uncentered,error,log-0078-valid,travel/solved/mag_nuisance/delta_lifted,rmse,13.376799613479623
uncentered,error,log-0078-valid,travel/solved/mag_nuisance/delta_lifted,bin_rmse,13.498209965434999
uncentered,error,log-0078-valid,travel/solved/mag_nuisance/delta_lifted,mae,12.563727371546216
uncentered,error,log-0078-valid,travel/solved/mag_nuisance/delta_lifted,me,-12.488331755733167
uncentered,error,log-0078-valid,travel/solved/mag_nuisance/delta_lifted,rms_travel,27.939688100988757
uncentered,error,log-0079,travel/solved/mag_nuisance/delta_lifted,t,263.0
uncentered,error,log-0079,travel/solved/mag_nuisance/delta_lifted,rmse,11.162631725917286
uncentered,error,log-0079,travel/solved/mag_nuisance/delta_lifted,bin_rmse,11.180257628912878
uncentered,error,log-0079,travel/solved/mag_nuisance/delta_lifted,mae,9.631655536309612
uncentered,error,log-0079,travel/solved/mag_nuisance/delta_lifted,me,-9.377463698477477
uncentered,error,log-0079,travel/solved/mag_nuisance/delta_lifted,rms_travel,29.64585954676722
uncentered,error,log-0080-valid,travel/solved/mag_nuisance/delta_lifted,t,327.0
uncentered,error,log-0080-valid,travel/solved/mag_nuisance/delta_lifted,rmse,14.485088754780769
uncentered,error,log-0080-valid,travel/solved/mag_nuisance/delta_lifted,bin_rmse,13.568440168975998
uncentered,error,log-0080-valid,travel/solved/mag_nuisance/delta_lifted,mae,13.322158282872682
uncentered,error,log-0080-valid,travel/solved/mag_nuisance/delta_lifted,me,12.55875480916848
uncentered,error,log-0080-valid,travel/solved/mag_nuisance/delta_lifted,rms_travel,29.55434071667215
uncentered,error,log-0081,travel/solved/mag_nuisance/delta_lifted,t,776.0
uncentered,error,log-0081,travel/solved/mag_nuisance/delta_lifted,rmse,14.40958467481714
uncentered,error,log-0081,travel/solved/mag_nuisance/delta_lifted,bin_rmse,13.080729670818751
uncentered,error,log-0081,travel/solved/mag_nuisance/delta_lifted,mae,11.896483419201472
uncentered,error,log-0081,travel/solved/mag_nuisance/delta_lifted,me,-11.823531109689526
uncentered,error,log-0081,travel/solved/mag_nuisance/delta_lifted,rms_travel,20.83648809071663
uncentered,error,log103,travel/solved/mag_nuisance/delta_lifted,t,415.0
uncentered,error,log103,travel/solved/mag_nuisance/delta_lifted,rmse,16.429718070156937
uncentered,error,log103,travel/solved/mag_nuisance/delta_lifted,bin_rmse,17.456607097176217
uncentered,error,log103,travel/solved/mag_nuisance/delta_lifted,mae,15.711130900363125
uncentered,error,log103,travel/solved/mag_nuisance/delta_lifted,me,-15.596139166886758
uncentered,error,log103,travel/solved/mag_nuisance/delta_lifted,rms_travel,22.693440834941512
uncentered,error,log104,travel/solved/mag_nuisance/delta_lifted,t,398.0
uncentered,error,log104,travel/solved/mag_nuisance/delta_lifted,rmse,22.116533659318144
uncentered,error,log104,travel/solved/mag_nuisance/delta_lifted,bin_rmse,24.314186191152718
uncentered,error,log104,travel/solved/mag_nuisance/delta_lifted,mae,21.56524970839363
uncentered,error,log104,travel/solved/mag_nuisance/delta_lifted,me,-21.52171973297928
uncentered,error,log104,travel/solved/mag_nuisance/delta_lifted,rms_travel,21.56331485170561
uncentered,error,log106,travel/solved/mag_nuisance/delta_lifted,t,159.0
uncentered,error,log106,travel/solved/mag_nuisance/delta_lifted,rmse,6.128086590453095
uncentered,error,log106,travel/solved/mag_nuisance/delta_lifted,bin_rmse,6.596521351584105
uncentered,error,log106,travel/solved/mag_nuisance/delta_lifted,mae,5.449793317085513
uncentered,error,log106,travel/solved/mag_nuisance/delta_lifted,me,-5.265226221494248
uncentered,error,log106,travel/solved/mag_nuisance/delta_lifted,rms_travel,23.729862183883984
uncentered,error,log107,travel/solved/mag_nuisance/delta_lifted,t,171.0
uncentered,error,log107,travel/solved/mag_nuisance/delta_lifted,rmse,5.522865645747706
uncentered,error,log107,travel/solved/mag_nuisance/delta_lifted,bin_rmse,5.680531818332731
uncentered,error,log107,travel/solved/mag_nuisance/delta_lifted,mae,4.837013015924871
uncentered,error,log107,travel/solved/mag_nuisance/delta_lifted,me,-4.6471578578335375
uncentered,error,log107,travel/solved/mag_nuisance/delta_lifted,rms_travel,22.35319082275923
uncentered,error,log109,travel/solved/mag_nuisance/delta_lifted,t,185.0
uncentered,error,log109,travel/solved/mag_nuisance/delta_lifted,rmse,12.138241154960953
uncentered,error,log109,travel/solved/mag_nuisance/delta_lifted,bin_rmse,11.946164341050062
uncentered,error,log109,travel/solved/mag_nuisance/delta_lifted,mae,11.633783197771168
uncentered,error,log109,travel/solved/mag_nuisance/delta_lifted,me,-11.629625691726394
uncentered,error,log109,travel/solved/mag_nuisance/delta_lifted,rms_travel,22.840996318383194
uncentered,error,log110,travel/solved/mag_nuisance/delta_lifted,t,175.0
uncentered,error,log110,travel/solved/mag_nuisance/delta_lifted,rmse,9.843179464724328
uncentered,error,log110,travel/solved/mag_nuisance/delta_lifted,bin_rmse,9.806990898210238
uncentered,error,log110,travel/solved/mag_nuisance/delta_lifted,mae,9.108512119992438
uncentered,error,log110,travel/solved/mag_nuisance/delta_lifted,me,-9.075164672157987
uncentered,error,log110,travel/solved/mag_nuisance/delta_lifted,rms_travel,22.186608890645125
uncentered,error,log112,travel/solved/mag_nuisance/delta_lifted,t,331.0
uncentered,error,log112,travel/solved/mag_nuisance/delta_lifted,rmse,9.731537161849158
uncentered,error,log112,travel/solved/mag_nuisance/delta_lifted,bin_rmse,10.697730869556356
uncentered,error,log112,travel/solved/mag_nuisance/delta_lifted,mae,8.841828525556105
uncentered,error,log112,travel/solved/mag_nuisance/delta_lifted,me,-8.59002140356776
uncentered,error,log112,travel/solved/mag_nuisance/delta_lifted,rms_travel,23.092870317659774
uncentered,error,log-0098,travel/solved/mag_nuisance/delta_lifted,t,228.0
uncentered,error,log-0098,travel/solved/mag_nuisance/delta_lifted,rmse,7.23059438557632
uncentered,error,log-0098,travel/solved/mag_nuisance/delta_lifted,bin_rmse,7.907494798668614
uncentered,error,log-0098,travel/solved/mag_nuisance/delta_lifted,mae,5.784224406660472
uncentered,error,log-0098,travel/solved/mag_nuisance/delta_lifted,me,-4.8042813256989465
uncentered,error,log-0098,travel/solved/mag_nuisance/delta_lifted,rms_travel,26.771291868886678
uncentered,error,log-0099,travel/solved/mag_nuisance/delta_lifted,t,640.0
uncentered,error,log-0099,travel/solved/mag_nuisance/delta_lifted,rmse,9.454357536125812
uncentered,error,log-0099,travel/solved/mag_nuisance/delta_lifted,bin_rmse,8.745781673005652
uncentered,error,log-0099,travel/solved/mag_nuisance/delta_lifted,mae,7.000819872456312
uncentered,error,log-0099,travel/solved/mag_nuisance/delta_lifted,me,-5.991780669702177
uncentered,error,log-0099,travel/solved/mag_nuisance/delta_lifted,rms_travel,19.751607765799193
uncentered,error,log-0113,travel/solved/mag_nuisance/delta_lifted,t,238.0
uncentered,error,log-0113,travel/solved/mag_nuisance/delta_lifted,rmse,13.649138168487664
uncentered,error,log-0113,travel/solved/mag_nuisance/delta_lifted,bin_rmse,15.85805148063871
uncentered,error,log-0113,travel/solved/mag_nuisance/delta_lifted,mae,12.620431436387179
uncentered,error,log-0113,travel/solved/mag_nuisance/delta_lifted,me,-12.500003747070322
uncentered,error,log-0113,travel/solved/mag_nuisance/delta_lifted,rms_travel,28.740736251618014
uncentered,error,log-0115,travel/solved/mag_nuisance/delta_lifted,t,174.0
uncentered,error,log-0115,travel/solved/mag_nuisance/delta_lifted,rmse,7.40856195770042
uncentered,error,log-0115,travel/solved/mag_nuisance/delta_lifted,bin_rmse,7.471571976347136
uncentered,error,log-0115,travel/solved/mag_nuisance/delta_lifted,mae,6.129927308832186
uncentered,error,log-0115,travel/solved/mag_nuisance/delta_lifted,me,3.8975587997446315
uncentered,error,log-0115,travel/solved/mag_nuisance/delta_lifted,rms_travel,27.23520681156712
uncentered,error,log-0116,travel/solved/mag_nuisance/delta_lifted,t,188.0
uncentered,error,log-0116,travel/solved/mag_nuisance/delta_lifted,rmse,20.223460838598456
uncentered,error,log-0116,travel/solved/mag_nuisance/delta_lifted,bin_rmse,20.968189504232573
uncentered,error,log-0116,travel/solved/mag_nuisance/delta_lifted,mae,19.046935437909166
uncentered,error,log-0116,travel/solved/mag_nuisance/delta_lifted,me,-19.002471058763756
uncentered,error,log-0116,travel/solved/mag_nuisance/delta_lifted,rms_travel,34.80413564782217
uncentered,error,log-0117,travel/solved/mag_nuisance/delta_lifted,t,125.0
uncentered,error,log-0117,travel/solved/mag_nuisance/delta_lifted,rmse,6.111037161549207
uncentered,error,log-0117,travel/solved/mag_nuisance/delta_lifted,bin_rmse,6.50439196107024
uncentered,error,log-0117,travel/solved/mag_nuisance/delta_lifted,mae,4.88530552733445
uncentered,error,log-0117,travel/solved/mag_nuisance/delta_lifted,me,2.677468236299872
uncentered,error,log-0117,travel/solved/mag_nuisance/delta_lifted,rms_travel,29.561469034357394
uncentered,error,log-0118,travel/solved/mag_nuisance/delta_lifted,t,123.0
uncentered,error,log-0118,travel/solved/mag_nuisance/delta_lifted,rmse,30.228684295260255
uncentered,error,log-0118,travel/solved/mag_nuisance/delta_lifted,bin_rmse,29.058421385854345
uncentered,error,log-0118,travel/solved/mag_nuisance/delta_lifted,mae,27.241983653409687
uncentered,error,log-0118,travel/solved/mag_nuisance/delta_lifted,me,-27.03522077495971
uncentered,error,log-0118,travel/solved/mag_nuisance/delta_lifted,rms_travel,46.936084697483885
uncentered,error,log-0119,travel/solved/mag_nuisance/delta_lifted,t,141.0
uncentered,error,log-0119,travel/solved/mag_nuisance/delta_lifted,rmse,9.902829375798122
uncentered,error,log-0119,travel/solved/mag_nuisance/delta_lifted,bin_rmse,10.514068780886118
uncentered,error,log-0119,travel/solved/mag_nuisance/delta_lifted,mae,8.018282058461178
uncentered,error,log-0119,travel/solved/mag_nuisance/delta_lifted,me,-6.032776104064407
uncentered,error,log-0119,travel/solved/mag_nuisance/delta_lifted,rms_travel,39.837321689407155
uncentered,error,log-0120,travel/solved/mag_nuisance/delta_lifted,t,54.0
uncentered,error,log-0120,travel/solved/mag_nuisance/delta_lifted,rmse,11.074821558840117
uncentered,error,log-0120,travel/solved/mag_nuisance/delta_lifted,bin_rmse,11.7041526856921
uncentered,error,log-0120,travel/solved/mag_nuisance/delta_lifted,mae,9.567674349684955
uncentered,error,log-0120,travel/solved/mag_nuisance/delta_lifted,me,-8.920718976663071
uncentered,error,log-0120,travel/solved/mag_nuisance/delta_lifted,rms_travel,40.24895845163582
uncentered,error,log-0122,travel/solved/mag_nuisance/delta_lifted,t,322.0
uncentered,error,log-0122,travel/solved/mag_nuisance/delta_lifted,rmse,16.85477598492588
uncentered,error,log-0122,travel/solved/mag_nuisance/delta_lifted,bin_rmse,17.528156708502824
uncentered,error,log-0122,travel/solved/mag_nuisance/delta_lifted,mae,15.420529798321054
uncentered,error,log-0122,travel/solved/mag_nuisance/delta_lifted,me,-15.217155862205669
uncentered,error,log-0122,travel/solved/mag_nuisance/delta_lifted,rms_travel,36.15695340591876
uncentered,error,log-0125,travel/solved/mag_nuisance/delta_lifted,t,192.0
uncentered,error,log-0125,travel/solved/mag_nuisance/delta_lifted,rmse,19.22669249408791
uncentered,error,log-0125,travel/solved/mag_nuisance/delta_lifted,bin_rmse,20.29636672768644
uncentered,error,log-0125,travel/solved/mag_nuisance/delta_lifted,mae,17.687134965098462
uncentered,error,log-0125,travel/solved/mag_nuisance/delta_lifted,me,-17.591844299007725
uncentered,error,log-0125,travel/solved/mag_nuisance/delta_lifted,rms_travel,36.31407105932256
uncentered,error,log-0126,travel/solved/mag_nuisance/delta_lifted,t,62.0
uncentered,error,log-0126,travel/solved/mag_nuisance/delta_lifted,rmse,31.22320566440954
uncentered,error,log-0126,travel/solved/mag_nuisance/delta_lifted,bin_rmse,32.798938044120554
uncentered,error,log-0126,travel/solved/mag_nuisance/delta_lifted,mae,27.77218556517194
uncentered,error,log-0126,travel/solved/mag_nuisance/delta_lifted,me,-27.7430803262956
uncentered,error,log-0126,travel/solved/mag_nuisance/delta_lifted,rms_travel,45.16820761589024
uncentered,error,log-0127,travel/solved/mag_nuisance/delta_lifted,t,135.0
uncentered,error,log-0127,travel/solved/mag_nuisance/delta_lifted,rmse,9.25450956810191
uncentered,error,log-0127,travel/solved/mag_nuisance/delta_lifted,bin_rmse,10.17502374027549
uncentered,error,log-0127,travel/solved/mag_nuisance/delta_lifted,mae,6.7594702082448395
uncentered,error,log-0127,travel/solved/mag_nuisance/delta_lifted,me,-5.53987201942419
uncentered,error,log-0127,travel/solved/mag_nuisance/delta_lifted,rms_travel,46.83296752241396
uncentered,error,log-0129,travel/solved/mag_nuisance/delta_lifted,t,418.0
uncentered,error,log-0129,travel/solved/mag_nuisance/delta_lifted,rmse,28.939299842956586
uncentered,error,log-0129,travel/solved/mag_nuisance/delta_lifted,bin_rmse,27.835538662674224
uncentered,error,log-0129,travel/solved/mag_nuisance/delta_lifted,mae,27.78199013729937
uncentered,error,log-0129,travel/solved/mag_nuisance/delta_lifted,me,-27.779668793962504
uncentered,error,log-0129,travel/solved/mag_nuisance/delta_lifted,rms_travel,36.08531213988321
uncentered,error,log-0132,travel/solved/mag_nuisance/delta_lifted,t,277.0
uncentered,error,log-0132,travel/solved/mag_nuisance/delta_lifted,rmse,18.97881529475598
uncentered,error,log-0132,travel/solved/mag_nuisance/delta_lifted,bin_rmse,18.59015292558266
uncentered,error,log-0132,travel/solved/mag_nuisance/delta_lifted,mae,17.299585839475483
uncentered,error,log-0132,travel/solved/mag_nuisance/delta_lifted,me,-17.14645495105905
uncentered,error,log-0132,travel/solved/mag_nuisance/delta_lifted,rms_travel,36.65824600588626
uncentered,error,log-0133,travel/solved/mag_nuisance/delta_lifted,t,104.0
uncentered,error,log-0133,travel/solved/mag_nuisance/delta_lifted,rmse,11.60309905413916
uncentered,error,log-0133,travel/solved/mag_nuisance/delta_lifted,bin_rmse,13.194317948931499
uncentered,error,log-0133,travel/solved/mag_nuisance/delta_lifted,mae,10.13488273811934
uncentered,error,log-0133,travel/solved/mag_nuisance/delta_lifted,me,-9.898558268000258
uncentered,error,log-0133,travel/solved/mag_nuisance/delta_lifted,rms_travel,34.579963344169
uncentered,error,log-0046,travel/mag_nuisance/corrected,t,377.0
uncentered,error,log-0046,travel/mag_nuisance/corrected,rmse,14.664696401559091
uncentered,error,log-0046,travel/mag_nuisance/corrected,bin_rmse,15.936237338430072
uncentered,error,log-0046,travel/mag_nuisance/corrected,mae,14.327511332365365
uncentered,error,log-0046,travel/mag_nuisance/corrected,me,-14.326009380495105
uncentered,error,log-0046,travel/mag_nuisance/corrected,rms_travel,20.431188641477352
uncentered,error,log-0048,travel/mag_nuisance/corrected,t,338.0
uncentered,error,log-0048,travel/mag_nuisance/corrected,rmse,6.248064839606843
uncentered,error,log-0048,travel/mag_nuisance/corrected,bin_rmse,7.831956576870913
uncentered,error,log-0048,travel/mag_nuisance/corrected,mae,5.389704425317374
uncentered,error,log-0048,travel/mag_nuisance/corrected,me,-5.288505926179389
uncentered,error,log-0048,travel/mag_nuisance/corrected,rms_travel,22.592565380062393
uncentered,error,log-0049,travel/mag_nuisance/corrected,t,193.0
uncentered,error,log-0049,travel/mag_nuisance/corrected,rmse,7.062975134764012
uncentered,error,log-0049,travel/mag_nuisance/corrected,bin_rmse,7.324240926372
uncentered,error,log-0049,travel/mag_nuisance/corrected,mae,6.150475701028324
uncentered,error,log-0049,travel/mag_nuisance/corrected,me,-6.119946227363697
uncentered,error,log-0049,travel/mag_nuisance/corrected,rms_travel,24.49038457000544
uncentered,error,log-0054,travel/mag_nuisance/corrected,t,678.0
uncentered,error,log-0054,travel/mag_nuisance/corrected,rmse,6.7830255450366215
uncentered,error,log-0054,travel/mag_nuisance/corrected,bin_rmse,7.639163688842568
uncentered,error,log-0054,travel/mag_nuisance/corrected,mae,5.986447098498767
uncentered,error,log-0054,travel/mag_nuisance/corrected,me,-5.971315087255865
uncentered,error,log-0054,travel/mag_nuisance/corrected,rms_travel,17.971342375802237
uncentered,error,log-0055,travel/mag_nuisance/corrected,t,232.0
uncentered,error,log-0055,travel/mag_nuisance/corrected,rmse,8.085294240902954
uncentered,error,log-0055,travel/mag_nuisance/corrected,bin_rmse,7.484105404291996
uncentered,error,log-0055,travel/mag_nuisance/corrected,mae,7.425752251601454
uncentered,error,log-0055,travel/mag_nuisance/corrected,me,6.548126815585212
uncentered,error,log-0055,travel/mag_nuisance/corrected,rms_travel,23.777957936386144
uncentered,error,log-0056,travel/mag_nuisance/corrected,t,278.0
uncentered,error,log-0056,travel/mag_nuisance/corrected,rmse,6.690057718509932
uncentered,error,log-0056,travel/mag_nuisance/corrected,bin_rmse,7.678279374788644
uncentered,error,log-0056,travel/mag_nuisance/corrected,mae,5.838224094357323
uncentered,error,log-0056,travel/mag_nuisance/corrected,me,-5.750677363376763
uncentered,error,log-0056,travel/mag_nuisance/corrected,rms_travel,22.681419899158424
uncentered,error,log-0058,travel/mag_nuisance/corrected,t,391.0
uncentered,error,log-0058,travel/mag_nuisance/corrected,rmse,3.5714107402201583
uncentered,error,log-0058,travel/mag_nuisance/corrected,bin_rmse,4.167860895090954
uncentered,error,log-0058,travel/mag_nuisance/corrected,mae,2.6470075638422865
uncentered,error,log-0058,travel/mag_nuisance/corrected,me,-1.373748486791117
uncentered,error,log-0058,travel/mag_nuisance/corrected,rms_travel,23.452950650247033
uncentered,error,log-0063,travel/mag_nuisance/corrected,t,112.0
uncentered,error,log-0063,travel/mag_nuisance/corrected,rmse,4.1485615586267
uncentered,error,log-0063,travel/mag_nuisance/corrected,bin_rmse,4.466465002933228
uncentered,error,log-0063,travel/mag_nuisance/corrected,mae,3.1974202206618063
uncentered,error,log-0063,travel/mag_nuisance/corrected,me,-2.255705271486262
uncentered,error,log-0063,travel/mag_nuisance/corrected,rms_travel,27.915370280510768
uncentered,error,log-0071_183,travel/mag_nuisance/corrected,t,432.0
uncentered,error,log-0071_183,travel/mag_nuisance/corrected,rmse,8.638589866629149
uncentered,error,log-0071_183,travel/mag_nuisance/corrected,bin_rmse,8.604359208977256
uncentered,error,log-0071_183,travel/mag_nuisance/corrected,mae,8.221514175484657
uncentered,error,log-0071_183,travel/mag_nuisance/corrected,me,-8.210816902620946
uncentered,error,log-0071_183,travel/mag_nuisance/corrected,rms_travel,22.63405913751642
uncentered,error,log-0072_184,travel/mag_nuisance/corrected,t,343.0
uncentered,error,log-0072_184,travel/mag_nuisance/corrected,rmse,3.716805763100103
uncentered,error,log-0072_184,travel/mag_nuisance/corrected,bin_rmse,3.9084617490355655
uncentered,error,log-0072_184,travel/mag_nuisance/corrected,mae,2.5810618178040734
uncentered,error,log-0072_184,travel/mag_nuisance/corrected,me,0.30134803401589894
uncentered,error,log-0072_184,travel/mag_nuisance/corrected,rms_travel,21.606937671882868
uncentered,error,log-0073_185,travel/mag_nuisance/corrected,t,291.0
uncentered,error,log-0073_185,travel/mag_nuisance/corrected,rmse,10.949593782862554
uncentered,error,log-0073_185,travel/mag_nuisance/corrected,bin_rmse,10.427353572835921
uncentered,error,log-0073_185,travel/mag_nuisance/corrected,mae,9.380009339170824
uncentered,error,log-0073_185,travel/mag_nuisance/corrected,me,-9.363122620350543
uncentered,error,log-0073_185,travel/mag_nuisance/corrected,rms_travel,19.672038461898666
uncentered,error,log-0078-valid,travel/mag_nuisance/corrected,t,133.0
uncentered,error,log-0078-valid,travel/mag_nuisance/corrected,rmse,13.830081345504745
uncentered,error,log-0078-valid,travel/mag_nuisance/corrected,bin_rmse,13.966026253505314
uncentered,error,log-0078-valid,travel/mag_nuisance/corrected,mae,13.048465931317724
uncentered,error,log-0078-valid,travel/mag_nuisance/corrected,me,-13.03707253109746
uncentered,error,log-0078-valid,travel/mag_nuisance/corrected,rms_travel,27.939688100988757
uncentered,error,log-0079,travel/mag_nuisance/corrected,t,263.0
uncentered,error,log-0079,travel/mag_nuisance/corrected,rmse,11.373130943680296
uncentered,error,log-0079,travel/mag_nuisance/corrected,bin_rmse,11.199094252822539
uncentered,error,log-0079,travel/mag_nuisance/corrected,mae,9.975065850432657
uncentered,error,log-0079,travel/mag_nuisance/corrected,me,-9.950127127024567
uncentered,error,log-0079,travel/mag_nuisance/corrected,rms_travel,29.64585954676722
uncentered,error,log-0080-valid,travel/mag_nuisance/corrected,t,327.0
uncentered,error,log-0080-valid,travel/mag_nuisance/corrected,rmse,14.396667006900733
uncentered,error,log-0080-valid,travel/mag_nuisance/corrected,bin_rmse,13.414588294214983
uncentered,error,log-0080-valid,travel/mag_nuisance/corrected,mae,13.32690479694999
uncentered,error,log-0080-valid,travel/mag_nuisance/corrected,me,12.346729721666295
uncentered,error,log-0080-valid,travel/mag_nuisance/corrected,rms_travel,29.55434071667215
uncentered,error,log-0081,travel/mag_nuisance/corrected,t,776.0
uncentered,error,log-0081,travel/mag_nuisance/corrected,rmse,14.732165555092433
uncentered,error,log-0081,travel/mag_nuisance/corrected,bin_rmse,13.24541510081903
uncentered,error,log-0081,travel/mag_nuisance/corrected,mae,12.169490306485459
uncentered,error,log-0081,travel/mag_nuisance/corrected,me,-12.141485657592876
uncentered,error,log-0081,travel/mag_nuisance/corrected,rms_travel,20.83648809071663
uncentered,error,log103,travel/mag_nuisance/corrected,t,415.0
uncentered,error,log103,travel/mag_nuisance/corrected,rmse,16.31869356922985
uncentered,error,log103,travel/mag_nuisance/corrected,bin_rmse,17.697985876572766
uncentered,error,log103,travel/mag_nuisance/corrected,mae,15.559800652312475
uncentered,error,log103,travel/mag_nuisance/corrected,me,-15.458148460897556
uncentered,error,log103,travel/mag_nuisance/corrected,rms_travel,22.693440834941512
uncentered,error,log104,travel/mag_nuisance/corrected,t,398.0
uncentered,error,log104,travel/mag_nuisance/corrected,rmse,22.316358752307387
uncentered,error,log104,travel/mag_nuisance/corrected,bin_rmse,24.646603231987374
uncentered,error,log104,travel/mag_nuisance/corrected,mae,21.760411312696046
uncentered,error,log104,travel/mag_nuisance/corrected,me,-21.72229431289435
uncentered,error,log104,travel/mag_nuisance/corrected,rms_travel,21.56331485170561
uncentered,error,log106,travel/mag_nuisance/corrected,t,159.0
uncentered,error,log106,travel/mag_nuisance/corrected,rmse,6.242344961436985
uncentered,error,log106,travel/mag_nuisance/corrected,bin_rmse,6.77427578904416
uncentered,error,log106,travel/mag_nuisance/corrected,mae,5.5231987979068755
uncentered,error,log106,travel/mag_nuisance/corrected,me,-5.356854857112404
uncentered,error,log106,travel/mag_nuisance/corrected,rms_travel,23.729862183883984
uncentered,error,log107,travel/mag_nuisance/corrected,t,171.0
uncentered,error,log107,travel/mag_nuisance/corrected,rmse,5.71433532559388
uncentered,error,log107,travel/mag_nuisance/corrected,bin_rmse,6.009665312307719
uncentered,error,log107,travel/mag_nuisance/corrected,mae,4.933475224133429
uncentered,error,log107,travel/mag_nuisance/corrected,me,-4.748374299667887
uncentered,error,log107,travel/mag_nuisance/corrected,rms_travel,22.35319082275923
uncentered,error,log109,travel/mag_nuisance/corrected,t,185.0
uncentered,error,log109,travel/mag_nuisance/corrected,rmse,12.445966172084466
uncentered,error,log109,travel/mag_nuisance/corrected,bin_rmse,12.78333596291458
uncentered,error,log109,travel/mag_nuisance/corrected,mae,11.91911729542893
uncentered,error,log109,travel/mag_nuisance/corrected,me,-11.91770222869442
uncentered,error,log109,travel/mag_nuisance/corrected,rms_travel,22.840996318383194
uncentered,error,log110,travel/mag_nuisance/corrected,t,175.0
uncentered,error,log110,travel/mag_nuisance/corrected,rmse,10.273420382131265
uncentered,error,log110,travel/mag_nuisance/corrected,bin_rmse,10.442091501084331
uncentered,error,log110,travel/mag_nuisance/corrected,mae,9.3653072930131
uncentered,error,log110,travel/mag_nuisance/corrected,me,-9.333295819293934
uncentered,error,log110,travel/mag_nuisance/corrected,rms_travel,22.186608890645125
uncentered,error,log112,travel/mag_nuisance/corrected,t,331.0
uncentered,error,log112,travel/mag_nuisance/corrected,rmse,9.781645573954645
uncentered,error,log112,travel/mag_nuisance/corrected,bin_rmse,10.771476089846862
uncentered,error,log112,travel/mag_nuisance/corrected,mae,8.853021039817351
uncentered,error,log112,travel/mag_nuisance/corrected,me,-8.603245892699208
uncentered,error,log112,travel/mag_nuisance/corrected,rms_travel,23.092870317659774
uncentered,error,log-0098,travel/mag_nuisance/corrected,t,228.0
uncentered,error,log-0098,travel/mag_nuisance/corrected,rmse,7.595434664314643
uncentered,error,log-0098,travel/mag_nuisance/corrected,bin_rmse,8.334631971967344
uncentered,error,log-0098,travel/mag_nuisance/corrected,mae,5.931102760608972
uncentered,error,log-0098,travel/mag_nuisance/corrected,me,-5.0609119606315325
uncentered,error,log-0098,travel/mag_nuisance/corrected,rms_travel,26.771291868886678
uncentered,error,log-0099,travel/mag_nuisance/corrected,t,640.0
uncentered,error,log-0099,travel/mag_nuisance/corrected,rmse,10.182472321599967
uncentered,error,log-0099,travel/mag_nuisance/corrected,bin_rmse,9.566503741064995
uncentered,error,log-0099,travel/mag_nuisance/corrected,mae,7.35375559952187
uncentered,error,log-0099,travel/mag_nuisance/corrected,me,-6.496842693066177
uncentered,error,log-0099,travel/mag_nuisance/corrected,rms_travel,19.751607765799193
uncentered,error,log-0113,travel/mag_nuisance/corrected,t,238.0
uncentered,error,log-0113,travel/mag_nuisance/corrected,rmse,13.855959026201988
uncentered,error,log-0113,travel/mag_nuisance/corrected,bin_rmse,16.330553585531828
uncentered,error,log-0113,travel/mag_nuisance/corrected,mae,12.917506821936323
uncentered,error,log-0113,travel/mag_nuisance/corrected,me,-12.893486694409097
uncentered,error,log-0113,travel/mag_nuisance/corrected,rms_travel,28.740736251618014
uncentered,error,log-0115,travel/mag_nuisance/corrected,t,174.0
uncentered,error,log-0115,travel/mag_nuisance/corrected,rmse,6.746562726694369
uncentered,error,log-0115,travel/mag_nuisance/corrected,bin_rmse,6.479352058852812
uncentered,error,log-0115,travel/mag_nuisance/corrected,mae,5.722377401922139
uncentered,error,log-0115,travel/mag_nuisance/corrected,me,3.4371117481753655
uncentered,error,log-0115,travel/mag_nuisance/corrected,rms_travel,27.23520681156712
uncentered,error,log-0116,travel/mag_nuisance/corrected,t,188.0
uncentered,error,log-0116,travel/mag_nuisance/corrected,rmse,20.446800375852323
uncentered,error,log-0116,travel/mag_nuisance/corrected,bin_rmse,21.248428367470147
uncentered,error,log-0116,travel/mag_nuisance/corrected,mae,19.475081440461356
uncentered,error,log-0116,travel/mag_nuisance/corrected,me,-19.47430393305342
uncentered,error,log-0116,travel/mag_nuisance/corrected,rms_travel,34.80413564782217
uncentered,error,log-0117,travel/mag_nuisance/corrected,t,125.0
uncentered,error,log-0117,travel/mag_nuisance/corrected,rmse,5.936781365796717
uncentered,error,log-0117,travel/mag_nuisance/corrected,bin_rmse,6.351820853495242
uncentered,error,log-0117,travel/mag_nuisance/corrected,mae,4.791411353758535
uncentered,error,log-0117,travel/mag_nuisance/corrected,me,2.49649680471532
uncentered,error,log-0117,travel/mag_nuisance/corrected,rms_travel,29.561469034357394
uncentered,error,log-0118,travel/mag_nuisance/corrected,t,123.0
uncentered,error,log-0118,travel/mag_nuisance/corrected,rmse,30.315135988846208
uncentered,error,log-0118,travel/mag_nuisance/corrected,bin_rmse,29.25869665843479
uncentered,error,log-0118,travel/mag_nuisance/corrected,mae,27.809765662017075
uncentered,error,log-0118,travel/mag_nuisance/corrected,me,-27.636252826869573
uncentered,error,log-0118,travel/mag_nuisance/corrected,rms_travel,46.936084697483885
uncentered,error,log-0119,travel/mag_nuisance/corrected,t,141.0
uncentered,error,log-0119,travel/mag_nuisance/corrected,rmse,9.342669857024829
uncentered,error,log-0119,travel/mag_nuisance/corrected,bin_rmse,10.089129484628685
uncentered,error,log-0119,travel/mag_nuisance/corrected,mae,7.628481338826438
uncentered,error,log-0119,travel/mag_nuisance/corrected,me,-6.276561591507769
uncentered,error,log-0119,travel/mag_nuisance/corrected,rms_travel,39.837321689407155
uncentered,error,log-0120,travel/mag_nuisance/corrected,t,54.0
uncentered,error,log-0120,travel/mag_nuisance/corrected,rmse,10.937590713925005
uncentered,error,log-0120,travel/mag_nuisance/corrected,bin_rmse,11.624034025797245
uncentered,error,log-0120,travel/mag_nuisance/corrected,mae,9.602255049106555
uncentered,error,log-0120,travel/mag_nuisance/corrected,me,-9.334954113128928
uncentered,error,log-0120,travel/mag_nuisance/corrected,rms_travel,40.24895845163582
uncentered,error,log-0122,travel/mag_nuisance/corrected,t,322.0
uncentered,error,log-0122,travel/mag_nuisance/corrected,rmse,17.235730935436358
uncentered,error,log-0122,travel/mag_nuisance/corrected,bin_rmse,18.010077827919428
uncentered,error,log-0122,travel/mag_nuisance/corrected,mae,15.922297392045685
uncentered,error,log-0122,travel/mag_nuisance/corrected,me,-15.90762638835751
uncentered,error,log-0122,travel/mag_nuisance/corrected,rms_travel,36.15695340591876
uncentered,error,log-0125,travel/mag_nuisance/corrected,t,192.0
uncentered,error,log-0125,travel/mag_nuisance/corrected,rmse,19.384617141398834
uncentered,error,log-0125,travel/mag_nuisance/corrected,bin_rmse,20.530060860647378
uncentered,error,log-0125,travel/mag_nuisance/corrected,mae,18.022228643660537
uncentered,error,log-0125,travel/mag_nuisance/corrected,me,-18.003506034046087
uncentered,error,log-0125,travel/mag_nuisance/corrected,rms_travel,36.31407105932256
uncentered,error,log-0126,travel/mag_nuisance/corrected,t,62.0
uncentered,error,log-0126,travel/mag_nuisance/corrected,rmse,31.37863373669669
uncentered,error,log-0126,travel/mag_nuisance/corrected,bin_rmse,32.992976709691106
uncentered,error,log-0126,travel/mag_nuisance/corrected,mae,28.20716362067809
uncentered,error,log-0126,travel/mag_nuisance/corrected,me,-28.206456260756568
uncentered,error,log-0126,travel/mag_nuisance/corrected,rms_travel,45.16820761589024
uncentered,error,log-0127,travel/mag_nuisance/corrected,t,135.0
uncentered,error,log-0127,travel/mag_nuisance/corrected,rmse,9.009541625034927
uncentered,error,log-0127,travel/mag_nuisance/corrected,bin_rmse,10.038473336442575
uncentered,error,log-0127,travel/mag_nuisance/corrected,mae,6.705158524942343
uncentered,error,log-0127,travel/mag_nuisance/corrected,me,-5.824356184661393
uncentered,error,log-0127,travel/mag_nuisance/corrected,rms_travel,46.83296752241396
uncentered,error,log-0129,travel/mag_nuisance/corrected,t,418.0
uncentered,error,log-0129,travel/mag_nuisance/corrected,rmse,29.531000077586974
uncentered,error,log-0129,travel/mag_nuisance/corrected,bin_rmse,29.155185283527647
uncentered,error,log-0129,travel/mag_nuisance/corrected,mae,28.634376077895233
uncentered,error,log-0129,travel/mag_nuisance/corrected,me,-28.63416289158025
uncentered,error,log-0129,travel/mag_nuisance/corrected,rms_travel,36.08531213988321
uncentered,error,log-0132,travel/mag_nuisance/corrected,t,277.0
uncentered,error,log-0132,travel/mag_nuisance/corrected,rmse,19.631128533323917
uncentered,error,log-0132,travel/mag_nuisance/corrected,bin_rmse,19.575895661660525
uncentered,error,log-0132,travel/mag_nuisance/corrected,mae,18.1149786175018
uncentered,error,log-0132,travel/mag_nuisance/corrected,me,-18.10575859715304
uncentered,error,log-0132,travel/mag_nuisance/corrected,rms_travel,36.65824600588626
uncentered,error,log-0133,travel/mag_nuisance/corrected,t,104.0
uncentered,error,log-0133,travel/mag_nuisance/corrected,rmse,11.631208525973069
uncentered,error,log-0133,travel/mag_nuisance/corrected,bin_rmse,13.167173671322404
uncentered,error,log-0133,travel/mag_nuisance/corrected,mae,10.297096440768845
uncentered,error,log-0133,travel/mag_nuisance/corrected,me,-10.142716537028356
uncentered,error,log-0133,travel/mag_nuisance/corrected,rms_travel,34.579963344169
centered,summary,log-0046,,samples,61344.0
centered,summary,log-0046,,dt_ms,9.999999999990905
centered,summary,log-0046,,total_s,613.4399999994421
centered,summary,log-0046,,boring_s,377.7799999996564
centered,summary,log-0046,,boring_pct,61.583854981742306
centered,summary,log-0048,,samples,108107.0
centered,summary,log-0048,,dt_ms,9.999999999990905
centered,summary,log-0048,,total_s,1081.0699999990168
centered,summary,log-0048,,boring_s,338.82999999969184
centered,summary,log-0048,,boring_pct,31.34209625648663
centered,summary,log-0049,,samples,44189.0
centered,summary,log-0049,,dt_ms,9.999999999990905
centered,summary,log-0049,,total_s,441.8899999995981
centered,summary,log-0049,,boring_s,193.91999999982363
centered,summary,log-0049,,boring_pct,43.884224580778024
centered,summary,log-0054,,samples,111816.0
centered,summary,log-0054,,dt_ms,9.999999999990905
centered,summary,log-0054,,total_s,1118.159999998983
centered,summary,log-0054,,boring_s,678.459999999383
centered,summary,log-0054,,boring_pct,60.6764684839379
centered,summary,log-0055,,samples,43808.0
centered,summary,log-0055,,dt_ms,9.999999999990905
centered,summary,log-0055,,total_s,438.07999999960157
centered,summary,log-0055,,boring_s,232.18999999978882
centered,summary,log-0055,,boring_pct,53.00173484295106
centered,summary,log-0056,,samples,61448.0
centered,summary,log-0056,,dt_ms,9.999999999990905
centered,summary,log-0056,,total_s,614.4799999994411
centered,summary,log-0056,,boring_s,278.8099999997464
centered,summary,log-0056,,boring_pct,45.37332378596537
centered,summary,log-0058,,samples,44381.0
centered,summary,log-0058,,dt_ms,9.999999999990905
centered,summary,log-0058,,total_s,443.80999999959636
centered,summary,log-0058,,boring_s,391.0099999996444
centered,summary,log-0058,,boring_pct,88.10301705684864
centered,summary,log-0063,,samples,40781.0
centered,summary,log-0063,,dt_ms,9.999999999990905
centered,summary,log-0063,,total_s,407.8099999996291
centered,summary,log-0063,,boring_s,112.98999999989724
centered,summary,log-0063,,boring_pct,27.706530001716484
centered,summary,log-0071_183,,samples,65908.0
centered,summary,log-0071_183,,dt_ms,9.999999999990905
centered,summary,log-0071_183,,total_s,659.0799999994006
centered,summary,log-0071_183,,boring_s,432.16999999960694
centered,summary,log-0071_183,,boring_pct,65.57170601444437
centered,summary,log-0072_184,,samples,58385.0
centered,summary,log-0072_184,,dt_ms,9.999999999990905
centered,summary,log-0072_184,,total_s,583.849999999469
centered,summary,log-0072_184,,boring_s,343.9199999996872
centered,summary,log-0072_184,,boring_pct,58.90554080671405
centered,summary,log-0073_185,,samples,39115.0
centered,summary,log-0073_185,,dt_ms,9.999999999990905
centered,summary,log-0073_185,,total_s,391.14999999964425
centered,summary,log-0073_185,,boring_s,291.1299999997352
centered,summary,log-0073_185,,boring_pct,74.42924709190848
centered,summary,log-0078-valid,,samples,22949.0
centered,summary,log-0078-valid,,dt_ms,9.99999999999801
centered,summary,log-0078-valid,,total_s,229.48999999995434
centered,summary,log-0078-valid,,boring_s,133.3399999999735
centered,summary,log-0078-valid,,boring_pct,58.10274957514489
centered,summary,log-0079,,samples,46824.0
centered,summary,log-0079,,dt_ms,9.999999999990905
centered,summary,log-0079,,total_s,468.23999999957414
centered,summary,log-0079,,boring_s,263.5599999997603
centered,summary,log-0079,,boring_pct,56.28737399624124
centered,summary,log-0080-valid,,samples,64718.0
centered,summary,log-0080-valid,,dt_ms,9.999999999990905
centered,summary,log-0080-valid,,total_s,647.1799999994114
centered,summary,log-0080-valid,,boring_s,327.8899999997018
centered,summary,log-0080-valid,,boring_pct,50.66442102660774
centered,summary,log-0081,,samples,113665.0
centered,summary,log-0081,,dt_ms,9.999999999990905
centered,summary,log-0081,,total_s,1136.6499999989662
centered,summary,log-0081,,boring_s,776.9599999992934
centered,summary,log-0081,,boring_pct,68.35525447587209
centered,summary,log103,,samples,72985.0
centered,summary,log103,,dt_ms,9.999999999990905
centered,summary,log103,,total_s,729.8499999993362
centered,summary,log103,,boring_s,415.2899999996223
centered,summary,log103,,boring_pct,56.90073302733438
centered,summary,log104,,samples,59770.0
centered,summary,log104,,dt_ms,9.999999999990905
centered,summary,log104,,total_s,597.6999999994564
centered,summary,log104,,boring_s,398.1399999996379
centered,summary,log104,,boring_pct,66.61201271540907
centered,summary,log106,,samples,19535.0
centered,summary,log106,,dt_ms,9.99999999999801
centered,summary,log106,,total_s,195.34999999996114
centered,summary,log106,,boring_s,159.03999999996836
centered,summary,log106,,boring_pct,81.41284873304325
centered,summary,log107,,samples,25307.0
centered,summary,log107,,dt_ms,9.99999999999801
centered,summary,log107,,total_s,253.06999999994966
centered,summary,log107,,boring_s,171.05999999996595
centered,summary,log107,,boring_pct,67.5939463389576
centered,summary,log109,,samples,21587.0
centered,summary,log109,,dt_ms,9.99999999999801
centered,summary,log109,,total_s,215.86999999995706
centered,summary,log109,,boring_s,185.25999999996316
centered,summary,log109,,boring_pct,85.82016954648631
centered,summary,log110,,samples,21450.0
centered,summary,log110,,dt_ms,9.99999999999801
centered,summary,log110,,total_s,214.4999999999573
centered,summary,log110,,boring_s,175.3799999999651
centered,summary,log110,,boring_pct,81.76223776223775
centered,summary,log112,,samples,63277.0
centered,summary,log112,,dt_ms,9.999999999990905
centered,summary,log112,,total_s,632.7699999994245
centered,summary,log112,,boring_s,331.3799999996986
centered,summary,log112,,boring_pct,52.36973939978191
centered,summary,log-0098,,samples,36717.0
centered,summary,log-0098,,dt_ms,9.999999999990905
centered,summary,log-0098,,total_s,367.16999999966606
centered,summary,log-0098,,boring_s,228.38999999979228
centered,summary,log-0098,,boring_pct,62.202794345943296
centered,summary,log-0099,,samples,65579.0
centered,summary,log-0099,,dt_ms,9.999999999990905
centered,summary,log-0099,,total_s,655.7899999994036
centered,summary,log-0099,,boring_s,640.2899999994177
centered,summary,log-0099,,boring_pct,97.6364384940301
centered,summary,log-0113,,samples,29498.0
centered,summary,log-0113,,dt_ms,9.99999999999801
centered,summary,log-0113,,total_s,294.9799999999413
centered,summary,log-0113,,boring_s,238.7199999999525
centered,summary,log-0113,,boring_pct,80.92752050986508
centered,summary,log-0115,,samples,18835.0
centered,summary,log-0115,,dt_ms,9.99999999999801
centered,summary,log-0115,,total_s,188.34999999996253
centered,summary,log-0115,,boring_s,174.56999999996526
centered,summary,log-0115,,boring_pct,92.68383328908945
centered,summary,log-0116,,samples,27283.0
centered,summary,log-0116,,dt_ms,9.99999999999801
centered,summary,log-0116,,total_s,272.8299999999457
centered,summary,log-0116,,boring_s,188.87999999996242
centered,summary,log-0116,,boring_pct,69.22992339552103
centered,summary,log-0117,,samples,14148.0
centered,summary,log-0117,,dt_ms,9.999999999999787
centered,summary,log-0117,,total_s,141.47999999999698
centered,summary,log-0117,,boring_s,125.77999999999732
centered,summary,log-0117,,boring_pct,88.90302516256715
centered,summary,log-0118,,samples,16328.0
centered,summary,log-0118,,dt_ms,9.999999999999787
centered,summary,log-0118,,total_s,163.2799999999965
centered,summary,log-0118,,boring_s,123.56999999999736
centered,summary,log-0118,,boring_pct,75.67981381675649
centered,summary,log-0119,,samples,19584.0
centered,summary,log-0119,,dt_ms,9.99999999999801
centered,summary,log-0119,,total_s,195.83999999996104
centered,summary,log-0119,,boring_s,141.09999999997194
centered,summary,log-0119,,boring_pct,72.04861111111113
centered,summary,log-0120,,samples,6011.0
centered,summary,log-0120,,dt_ms,9.99999999999801
centered,summary,log-0120,,total_s,60.10999999998804
centered,summary,log-0120,,boring_s,54.71999999998911
centered,summary,log-0120,,boring_pct,91.03310597238396
centered,summary,log-0122,,samples,43803.0
centered,summary,log-0122,,dt_ms,9.999999999990905
centered,summary,log-0122,,total_s,438.0299999996016
centered,summary,log-0122,,boring_s,322.86999999970635
centered,summary,log-0122,,boring_pct,73.70956327192201
centered,summary,log-0125,,samples,24913.0
centered,summary,log-0125,,dt_ms,9.99999999999801
centered,summary,log-0125,,total_s,249.12999999995043
centered,summary,log-0125,,boring_s,192.68999999996166
centered,summary,log-0125,,boring_pct,77.34516116083972
centered,summary,log-0126,,samples,14241.0
centered,summary,log-0126,,dt_ms,9.999999999999787
centered,summary,log-0126,,total_s,142.40999999999696
centered,summary,log-0126,,boring_s,62.03999999999868
centered,summary,log-0126,,boring_pct,43.56435643564357
centered,summary,log-0127,,samples,26922.0
centered,summary,log-0127,,dt_ms,9.99999999999801
centered,summary,log-0127,,total_s,269.2199999999464
centered,summary,log-0127,,boring_s,135.09999999997314
centered,summary,log-0127,,boring_pct,50.18200728029122
centered,summary,log-0129,,samples,77819.0
centered,summary,log-0129,,dt_ms,9.999999999990905
centered,summary,log-0129,,total_s,778.1899999992922
centered,summary,log-0129,,boring_s,418.7199999996192
centered,summary,log-0129,,boring_pct,53.80691090864699
centered,summary,log-0132,,samples,34660.0
centered,summary,log-0132,,dt_ms,9.999999999990905
centered,summary,log-0132,,total_s,346.59999999968477
centered,summary,log-0132,,boring_s,277.14999999974793
centered,summary,log-0132,,boring_pct,79.96249278707444
centered,summary,log-0133,,samples,10539.0
centered,summary,log-0133,,dt_ms,9.999999999999787
centered,summary,log-0133,,total_s,105.38999999999776
centered,summary,log-0133,,boring_s,104.51999999999776
centered,summary,log-0133,,boring_pct,99.1744947338457
centered,error,log-0046,travel/mag_model,t,377.0
centered,error,log-0046,travel/mag_model,rmse,4.124266848523274
centered,error,log-0046,travel/mag_model,bin_rmse,5.441775230418143
centered,error,log-0046,travel/mag_model,mae,2.7013451579625856
centered,error,log-0046,travel/mag_model,me,-4.357523982765102e-15
centered,error,log-0046,travel/mag_model,rms_travel,20.431188641477352
centered,error,log-0048,travel/mag_model,t,338.0
centered,error,log-0048,travel/mag_model,rmse,4.092910884333858
centered,error,log-0048,travel/mag_model,bin_rmse,4.385766894758402
centered,error,log-0048,travel/mag_model,mae,2.749274862598663
centered,error,log-0048,travel/mag_model,me,2.308430314684999e-15
centered,error,log-0048,travel/mag_model,rms_travel,22.592565380062393
centered,error,log-0049,travel/mag_model,t,193.0
centered,error,log-0049,travel/mag_model,rmse,4.088679256279854
centered,error,log-0049,travel/mag_model,bin_rmse,3.9324775366940106
centered,error,log-0049,travel/mag_model,mae,2.7906980260837595
centered,error,log-0049,travel/mag_model,me,1.1256122546694657e-15
centered,error,log-0049,travel/mag_model,rms_travel,24.49038457000544
centered,error,log-0054,travel/mag_model,t,678.0
centered,error,log-0054,travel/mag_model,rmse,4.930919295377962
centered,error,log-0054,travel/mag_model,bin_rmse,5.788247032778437
centered,error,log-0054,travel/mag_model,mae,3.310946297319916
centered,error,log-0054,travel/mag_model,me,4.075205455575424e-15
centered,error,log-0054,travel/mag_model,rms_travel,17.971342375802237
centered,error,log-0055,travel/mag_model,t,232.0
centered,error,log-0055,travel/mag_model,rmse,5.1424150523672285
centered,error,log-0055,travel/mag_model,bin_rmse,5.01463445850039
centered,error,log-0055,travel/mag_model,mae,3.675426842737715
centered,error,log-0055,travel/mag_model,me,-1.0967678043689216e-15
centered,error,log-0055,travel/mag_model,rms_travel,23.777957936386144
centered,error,log-0056,travel/mag_model,t,278.0
centered,error,log-0056,travel/mag_model,rmse,5.1894431278061
centered,error,log-0056,travel/mag_model,bin_rmse,5.531625415375247
centered,error,log-0056,travel/mag_model,mae,3.440938175918256
centered,error,log-0056,travel/mag_model,me,-1.905042522991966e-14
centered,error,log-0056,travel/mag_model,rms_travel,22.681419899158424
centered,error,log-0058,travel/mag_model,t,391.0
centered,error,log-0058,travel/mag_model,rmse,4.279734229906454
centered,error,log-0058,travel/mag_model,bin_rmse,4.820846448158753
centered,error,log-0058,travel/mag_model,mae,2.7185044047832405
centered,error,log-0058,travel/mag_model,me,3.721622267555012e-16
centered,error,log-0058,travel/mag_model,rms_travel,23.452950650247033
centered,error,log-0063,travel/mag_model,t,112.0
centered,error,log-0063,travel/mag_model,rmse,3.85436961045701
centered,error,log-0063,travel/mag_model,bin_rmse,3.7913678083311533
centered,error,log-0063,travel/mag_model,mae,2.9375801677764253
centered,error,log-0063,travel/mag_model,me,-4.910096186224323e-15
centered,error,log-0063,travel/mag_model,rms_travel,27.915370280510768
centered,error,log-0071_183,travel/mag_model,t,432.0
centered,error,log-0071_183,travel/mag_model,rmse,4.628351747145594
centered,error,log-0071_183,travel/mag_model,bin_rmse,5.209474840838671
centered,error,log-0071_183,travel/mag_model,mae,2.868687081856513
centered,error,log-0071_183,travel/mag_model,me,-1.936124963859347e-15
centered,error,log-0071_183,travel/mag_model,rms_travel,22.63405913751642
centered,error,log-0072_184,travel/mag_model,t,343.0
centered,error,log-0072_184,travel/mag_model,rmse,4.659612757917117
centered,error,log-0072_184,travel/mag_model,bin_rmse,4.904577814085987
centered,error,log-0072_184,travel/mag_model,mae,3.044387930884716
centered,error,log-0072_184,travel/mag_model,me,1.0260640389855086e-14
centered,error,log-0072_184,travel/mag_model,rms_travel,21.606937671882868
centered,error,log-0073_185,travel/mag_model,t,291.0
centered,error,log-0073_185,travel/mag_model,rmse,6.806981829163191
centered,error,log-0073_185,travel/mag_model,bin_rmse,6.6112759657310205
centered,error,log-0073_185,travel/mag_model,mae,5.707334537781479
centered,error,log-0073_185,travel/mag_model,me,-5.217106282282108e-15
centered,error,log-0073_185,travel/mag_model,rms_travel,19.672038461898666
centered,error,log-0078-valid,travel/mag_model,t,133.0
centered,error,log-0078-valid,travel/mag_model,rmse,8.2296406332587
centered,error,log-0078-valid,travel/mag_model,bin_rmse,7.047108979529713
centered,error,log-0078-valid,travel/mag_model,mae,6.303246206646365
centered,error,log-0078-valid,travel/mag_model,me,2.728347687934388e-16
centered,error,log-0078-valid,travel/mag_model,rms_travel,27.939688100988757
centered,error,log-0079,travel/mag_model,t,263.0
centered,error,log-0079,travel/mag_model,rmse,7.398295472011391
centered,error,log-0079,travel/mag_model,bin_rmse,6.075572802544791
centered,error,log-0079,travel/mag_model,mae,5.416733271216737
centered,error,log-0079,travel/mag_model,me,6.211452660461644e-16
centered,error,log-0079,travel/mag_model,rms_travel,29.64585954676722
centered,error,log-0080-valid,travel/mag_model,t,327.0
centered,error,log-0080-valid,travel/mag_model,rmse,10.847202577796695
centered,error,log-0080-valid,travel/mag_model,bin_rmse,10.710668476775652
centered,error,log-0080-valid,travel/mag_model,mae,7.88536443178743
centered,error,log-0080-valid,travel/mag_model,me,8.876095781125897e-16
centered,error,log-0080-valid,travel/mag_model,rms_travel,29.55434071667215
centered,error,log-0081,travel/mag_model,t,776.0
centered,error,log-0081,travel/mag_model,rmse,11.088690791463154
centered,error,log-0081,travel/mag_model,bin_rmse,8.583383711034942
centered,error,log-0081,travel/mag_model,mae,9.120146250850555
centered,error,log-0081,travel/mag_model,me,-7.491719124982935e-16
centered,error,log-0081,travel/mag_model,rms_travel,20.83648809071663
centered,error,log103,travel/mag_model,t,415.0
centered,error,log103,travel/mag_model,rmse,7.506439579703702
centered,error,log103,travel/mag_model,bin_rmse,7.984730998726778
centered,error,log103,travel/mag_model,mae,4.505278245128848
centered,error,log103,travel/mag_model,me,3.328835143381374e-15
centered,error,log103,travel/mag_model,rms_travel,22.693440834941512
centered,error,log104,travel/mag_model,t,398.0
centered,error,log104,travel/mag_model,rmse,7.151933840173623
centered,error,log104,travel/mag_model,bin_rmse,8.246231023537828
centered,error,log104,travel/mag_model,mae,4.444314166351758
centered,error,log104,travel/mag_model,me,-7.447010417892565e-15
centered,error,log104,travel/mag_model,rms_travel,21.56331485170561
centered,error,log106,travel/mag_model,t,159.0
centered,error,log106,travel/mag_model,rmse,4.468780413372301
centered,error,log106,travel/mag_model,bin_rmse,5.101453215329791
centered,error,log106,travel/mag_model,mae,2.730996611127846
centered,error,log106,travel/mag_model,me,-1.3924922024755283e-14
centered,error,log106,travel/mag_model,rms_travel,23.729862183883984
centered,error,log107,travel/mag_model,t,171.0
centered,error,log107,travel/mag_model,rmse,3.8815689660713733
centered,error,log107,travel/mag_model,bin_rmse,4.85262197617421
centered,error,log107,travel/mag_model,mae,2.488728567908956
centered,error,log107,travel/mag_model,me,-2.1798949358523357e-15
centered,error,log107,travel/mag_model,rms_travel,22.35319082275923
centered,error,log109,travel/mag_model,t,185.0
centered,error,log109,travel/mag_model,rmse,4.655048245873883
centered,error,log109,travel/mag_model,bin_rmse,6.3784225027048755
centered,error,log109,travel/mag_model,mae,3.0604392099553777
centered,error,log109,travel/mag_model,me,-2.4546440186033906e-16
centered,error,log109,travel/mag_model,rms_travel,22.840996318383194
centered,error,log110,travel/mag_model,t,175.0
centered,error,log110,travel/mag_model,rmse,6.222942976397917
centered,error,log110,travel/mag_model,bin_rmse,6.42091168792099
centered,error,log110,travel/mag_model,mae,4.419278145213565
centered,error,log110,travel/mag_model,me,1.2964629686579546e-15
centered,error,log110,travel/mag_model,rms_travel,22.186608890645125
centered,error,log112,travel/mag_model,t,331.0
centered,error,log112,travel/mag_model,rmse,5.729039749523639
centered,error,log112,travel/mag_model,bin_rmse,6.388183933661739
centered,error,log112,travel/mag_model,mae,3.715708615737011
centered,error,log112,travel/mag_model,me,7.794571045431577e-15
centered,error,log112,travel/mag_model,rms_travel,23.092870317659774
centered,error,log-0098,travel/mag_model,t,228.0
centered,error,log-0098,travel/mag_model,rmse,9.969251287211511
centered,error,log-0098,travel/mag_model,bin_rmse,9.16211607612666
centered,error,log-0098,travel/mag_model,mae,6.862607982299756
centered,error,log-0098,travel/mag_model,me,-4.141488199325038e-15
centered,error,log-0098,travel/mag_model,rms_travel,26.771291868886678
centered,error,log-0099,travel/mag_model,t,640.0
centered,error,log-0099,travel/mag_model,rmse,12.848193504785636
centered,error,log-0099,travel/mag_model,bin_rmse,10.205658238911607
centered,error,log-0099,travel/mag_model,mae,10.676683803894436
centered,error,log-0099,travel/mag_model,me,-5.4544966418467324e-15
centered,error,log-0099,travel/mag_model,rms_travel,19.751607765799193
centered,error,log-0113,travel/mag_model,t,238.0
centered,error,log-0113,travel/mag_model,rmse,6.589422014304586
centered,error,log-0113,travel/mag_model,bin_rmse,7.231460659324916
centered,error,log-0113,travel/mag_model,mae,4.9636084071034725
centered,error,log-0113,travel/mag_model,me,8.953219458639332e-16
centered,error,log-0113,travel/mag_model,rms_travel,28.740736251618014
centered,error,log-0115,travel/mag_model,t,174.0
centered,error,log-0115,travel/mag_model,rmse,6.346910401157578
centered,error,log-0115,travel/mag_model,bin_rmse,7.090930658080113
centered,error,log-0115,travel/mag_model,mae,4.846290936316756
centered,error,log-0115,travel/mag_model,me,-4.584724394570527e-15
centered,error,log-0115,travel/mag_model,rms_travel,27.23520681156712
centered,error,log-0116,travel/mag_model,t,188.0
centered,error,log-0116,travel/mag_model,rmse,7.483314615519751
centered,error,log-0116,travel/mag_model,bin_rmse,7.606744656866601
centered,error,log-0116,travel/mag_model,mae,5.603555357130492
centered,error,log-0116,travel/mag_model,me,5.200414431992601e-15
centered,error,log-0116,travel/mag_model,rms_travel,34.80413564782217
centered,error,log-0117,travel/mag_model,t,125.0
centered,error,log-0117,travel/mag_model,rmse,6.38977447616725
centered,error,log-0117,travel/mag_model,bin_rmse,7.890718620311474
centered,error,log-0117,travel/mag_model,mae,4.612616117945502
centered,error,log-0117,travel/mag_model,me,1.2292423223199062e-15
centered,error,log-0117,travel/mag_model,rms_travel,29.561469034357394
centered,error,log-0118,travel/mag_model,t,123.0
centered,error,log-0118,travel/mag_model,rmse,10.110743400241017
centered,error,log-0118,travel/mag_model,bin_rmse,10.019926644396259
centered,error,log-0118,travel/mag_model,mae,8.522133845982674
centered,error,log-0118,travel/mag_model,me,2.6496568150704393e-15
centered,error,log-0118,travel/mag_model,rms_travel,46.936084697483885
centered,error,log-0119,travel/mag_model,t,141.0
centered,error,log-0119,travel/mag_model,rmse,7.270906117538962
centered,error,log-0119,travel/mag_model,bin_rmse,7.592539211526886
centered,error,log-0119,travel/mag_model,mae,5.980051541029967
centered,error,log-0119,travel/mag_model,me,-4.769851731480984e-15
centered,error,log-0119,travel/mag_model,rms_travel,39.837321689407155
centered,error,log-0120,travel/mag_model,t,54.0
centered,error,log-0120,travel/mag_model,rmse,6.525812826719127
centered,error,log-0120,travel/mag_model,bin_rmse,6.5065058352743
centered,error,log-0120,travel/mag_model,mae,4.896686630154207
centered,error,log-0120,travel/mag_model,me,3.4488331618765095e-15
centered,error,log-0120,travel/mag_model,rms_travel,40.24895845163582
centered,error,log-0122,travel/mag_model,t,322.0
centered,error,log-0122,travel/mag_model,rmse,7.8833381010966335
centered,error,log-0122,travel/mag_model,bin_rmse,7.609602069142347
centered,error,log-0122,travel/mag_model,mae,6.215626692439541
centered,error,log-0122,travel/mag_model,me,-1.6000030681296596e-14
centered,error,log-0122,travel/mag_model,rms_travel,36.15695340591876
centered,error,log-0125,travel/mag_model,t,192.0
centered,error,log-0125,travel/mag_model,rmse,8.331900797163007
centered,error,log-0125,travel/mag_model,bin_rmse,8.162102345355752
centered,error,log-0125,travel/mag_model,mae,6.717502313450528
centered,error,log-0125,travel/mag_model,me,-1.0100776697255002e-14
centered,error,log-0125,travel/mag_model,rms_travel,36.31407105932256
centered,error,log-0126,travel/mag_model,t,62.0
centered,error,log-0126,travel/mag_model,rmse,13.551005734414247
centered,error,log-0126,travel/mag_model,bin_rmse,13.178628592521113
centered,error,log-0126,travel/mag_model,mae,10.862651283061018
centered,error,log-0126,travel/mag_model,me,1.4659811440569443e-16
centered,error,log-0126,travel/mag_model,rms_travel,45.16820761589024
centered,error,log-0127,travel/mag_model,t,135.0
centered,error,log-0127,travel/mag_model,rmse,7.433132957884819
centered,error,log-0127,travel/mag_model,bin_rmse,7.931484955880937
centered,error,log-0127,travel/mag_model,mae,6.02792430489266
centered,error,log-0127,travel/mag_model,me,2.9620848910443257e-15
centered,error,log-0127,travel/mag_model,rms_travel,46.83296752241396
centered,error,log-0129,travel/mag_model,t,418.0
centered,error,log-0129,travel/mag_model,rmse,9.388359286041798
centered,error,log-0129,travel/mag_model,bin_rmse,11.248826233041699
centered,error,log-0129,travel/mag_model,mae,6.825312456655413
centered,error,log-0129,travel/mag_model,me,1.7376666063678415e-15
centered,error,log-0129,travel/mag_model,rms_travel,36.08531213988321
centered,error,log-0132,travel/mag_model,t,277.0
centered,error,log-0132,travel/mag_model,rmse,10.502364572480367
centered,error,log-0132,travel/mag_model,bin_rmse,9.52221174049022
centered,error,log-0132,travel/mag_model,mae,8.21575910596208
centered,error,log-0132,travel/mag_model,me,-3.41286122981723e-15
centered,error,log-0132,travel/mag_model,rms_travel,36.65824600588626
centered,error,log-0133,travel/mag_model,t,104.0
centered,error,log-0133,travel/mag_model,rmse,7.098864556852689
centered,error,log-0133,travel/mag_model,bin_rmse,7.3057664617559075
centered,error,log-0133,travel/mag_model,mae,5.34839113525935
centered,error,log-0133,travel/mag_model,me,-2.7845226231088504e-15
centered,error,log-0133,travel/mag_model,rms_travel,34.579963344169
centered,error,log-0046,travel/mag_model/adj,t,377.0
centered,error,log-0046,travel/mag_model/adj,rmse,4.124266848523274
centered,error,log-0046,travel/mag_model/adj,bin_rmse,5.441775230418143
centered,error,log-0046,travel/mag_model/adj,mae,2.701345157962587
centered,error,log-0046,travel/mag_model/adj,me,-5.657558762153586e-16
centered,error,log-0046,travel/mag_model/adj,rms_travel,20.431188641477352
centered,error,log-0048,travel/mag_model/adj,t,338.0
centered,error,log-0048,travel/mag_model/adj,rmse,4.092910884333858
centered,error,log-0048,travel/mag_model/adj,bin_rmse,4.385766894758404
centered,error,log-0048,travel/mag_model/adj,mae,2.749274862598662
centered,error,log-0048,travel/mag_model/adj,me,-4.831598333061626e-15
centered,error,log-0048,travel/mag_model/adj,rms_travel,22.592565380062393
centered,error,log-0049,travel/mag_model/adj,t,193.0
centered,error,log-0049,travel/mag_model/adj,rmse,4.088679256279854
centered,error,log-0049,travel/mag_model/adj,bin_rmse,3.9324775366940106
centered,error,log-0049,travel/mag_model/adj,mae,2.790698026083759
centered,error,log-0049,travel/mag_model/adj,me,1.219413275891921e-15
centered,error,log-0049,travel/mag_model/adj,rms_travel,24.49038457000544
centered,error,log-0054,travel/mag_model/adj,t,678.0
centered,error,log-0054,travel/mag_model/adj,rmse,4.930919295377962
centered,error,log-0054,travel/mag_model/adj,bin_rmse,5.788247032778437
centered,error,log-0054,travel/mag_model/adj,mae,3.310946297319916
centered,error,log-0054,travel/mag_model/adj,me,3.994773768952224e-15
centered,error,log-0054,travel/mag_model/adj,rms_travel,17.971342375802237
centered,error,log-0055,travel/mag_model/adj,t,232.0
centered,error,log-0055,travel/mag_model/adj,rmse,5.1424150523672285
centered,error,log-0055,travel/mag_model/adj,bin_rmse,5.01463445850039
centered,error,log-0055,travel/mag_model/adj,mae,3.675426842737715
centered,error,log-0055,travel/mag_model/adj,me,-1.0184272469139986e-15
centered,error,log-0055,travel/mag_model/adj,rms_travel,23.777957936386144
centered,error,log-0056,travel/mag_model/adj,t,278.0
centered,error,log-0056,travel/mag_model/adj,rmse,5.1894431278061
centered,error,log-0056,travel/mag_model/adj,bin_rmse,5.531625415375244
centered,error,log-0056,travel/mag_model/adj,mae,3.4409381759182605
centered,error,log-0056,travel/mag_model/adj,me,-4.7299857163327925e-15
centered,error,log-0056,travel/mag_model/adj,rms_travel,22.681419899158424
centered,error,log-0058,travel/mag_model/adj,t,391.0
centered,error,log-0058,travel/mag_model/adj,rmse,4.279734229906454
centered,error,log-0058,travel/mag_model/adj,bin_rmse,4.820846448158753
centered,error,log-0058,travel/mag_model/adj,mae,2.7185044047832405
centered,error,log-0058,travel/mag_model/adj,me,3.721622267555012e-16
centered,error,log-0058,travel/mag_model/adj,rms_travel,23.452950650247033
centered,error,log-0063,travel/mag_model/adj,t,112.0
centered,error,log-0063,travel/mag_model/adj,rmse,3.85436961045701
centered,error,log-0063,travel/mag_model/adj,bin_rmse,3.791367808331152
centered,error,log-0063,travel/mag_model/adj,mae,2.937580167776426
centered,error,log-0063,travel/mag_model/adj,me,2.1733212627550282e-15
centered,error,log-0063,travel/mag_model/adj,rms_travel,27.915370280510768
centered,error,log-0071_183,travel/mag_model/adj,t,432.0
centered,error,log-0071_183,travel/mag_model/adj,rmse,4.628351747145594
centered,error,log-0071_183,travel/mag_model/adj,bin_rmse,5.209474840838671
centered,error,log-0071_183,travel/mag_model/adj,mae,2.868687081856513
centered,error,log-0071_183,travel/mag_model/adj,me,-1.8940352907319698e-15
centered,error,log-0071_183,travel/mag_model/adj,rms_travel,22.63405913751642
centered,error,log-0072_184,travel/mag_model/adj,t,343.0
centered,error,log-0072_184,travel/mag_model/adj,rmse,4.659612757917117
centered,error,log-0072_184,travel/mag_model/adj,bin_rmse,4.904577814085987
centered,error,log-0072_184,travel/mag_model/adj,mae,3.0443879308847155
centered,error,log-0072_184,travel/mag_model/adj,me,1.0366420187688644e-14
centered,error,log-0072_184,travel/mag_model/adj,rms_travel,21.606937671882868
centered,error,log-0073_185,travel/mag_model/adj,t,291.0
centered,error,log-0073_185,travel/mag_model/adj,rmse,6.806981829163191
centered,error,log-0073_185,travel/mag_model/adj,bin_rmse,6.611275965731021
centered,error,log-0073_185,travel/mag_model/adj,mae,5.707334537781481
centered,error,log-0073_185,travel/mag_model/adj,me,1.8119291279782173e-15
centered,error,log-0073_185,travel/mag_model/adj,rms_travel,19.672038461898666
centered,error,log-0078-valid,travel/mag_model/adj,t,133.0
centered,error,log-0078-valid,travel/mag_model/adj,rmse,8.2296406332587
centered,error,log-0078-valid,travel/mag_model/adj,bin_rmse,7.047108979529714
centered,error,log-0078-valid,travel/mag_model/adj,mae,6.3032462066463655
centered,error,log-0078-valid,travel/mag_model/adj,me,4.092521531901582e-15
centered,error,log-0078-valid,travel/mag_model/adj,rms_travel,27.939688100988757
centered,error,log-0079,travel/mag_model/adj,t,263.0
centered,error,log-0079,travel/mag_model/adj,rmse,7.398295472011391
centered,error,log-0079,travel/mag_model/adj,bin_rmse,6.07557280254479
centered,error,log-0079,travel/mag_model/adj,mae,5.416733271216737
centered,error,log-0079,travel/mag_model/adj,me,4.486049143666743e-16
centered,error,log-0079,travel/mag_model/adj,rms_travel,29.64585954676722
centered,error,log-0080-valid,travel/mag_model/adj,t,327.0
centered,error,log-0080-valid,travel/mag_model/adj,rmse,10.847202577796695
centered,error,log-0080-valid,travel/mag_model/adj,bin_rmse,10.710668476775648
centered,error,log-0080-valid,travel/mag_model/adj,mae,7.885364431787433
centered,error,log-0080-valid,travel/mag_model/adj,me,1.5089362827914026e-14
centered,error,log-0080-valid,travel/mag_model/adj,rms_travel,29.55434071667215
centered,error,log-0081,travel/mag_model/adj,t,776.0
centered,error,log-0081,travel/mag_model/adj,rmse,11.088690791463154
centered,error,log-0081,travel/mag_model/adj,bin_rmse,8.583383711034942
centered,error,log-0081,travel/mag_model/adj,mae,9.120146250850553
centered,error,log-0081,travel/mag_model/adj,me,-1.8729297812457335e-15
centered,error,log-0081,travel/mag_model/adj,rms_travel,20.83648809071663
centered,error,log103,travel/mag_model/adj,t,415.0
centered,error,log103,travel/mag_model/adj,rmse,7.506439579703702
centered,error,log103,travel/mag_model/adj,bin_rmse,7.984730998726778
centered,error,log103,travel/mag_model/adj,mae,4.505278245128847
centered,error,log103,travel/mag_model/adj,me,6.657670286762748e-15
centered,error,log103,travel/mag_model/adj,rms_travel,22.693440834941512
centered,error,log104,travel/mag_model/adj,t,398.0
centered,error,log104,travel/mag_model/adj,rmse,7.151933840173623
centered,error,log104,travel/mag_model/adj,bin_rmse,8.246231023537828
centered,error,log104,travel/mag_model/adj,mae,4.4443141663517585
centered,error,log104,travel/mag_model/adj,me,-5.665210379255694e-15
centered,error,log104,travel/mag_model/adj,rms_travel,21.56331485170561
centered,error,log106,travel/mag_model/adj,t,159.0
centered,error,log106,travel/mag_model/adj,rmse,4.468780413372301
centered,error,log106,travel/mag_model/adj,bin_rmse,5.10145321532979
centered,error,log106,travel/mag_model/adj,mae,2.730996611127844
centered,error,log106,travel/mag_model/adj,me,2.859326904467204e-16
centered,error,log106,travel/mag_model/adj,rms_travel,23.729862183883984
centered,error,log107,travel/mag_model/adj,t,171.0
centered,error,log107,travel/mag_model/adj,rmse,3.8815689660713733
centered,error,log107,travel/mag_model/adj,bin_rmse,4.85262197617421
centered,error,log107,travel/mag_model/adj,mae,2.488728567908956
centered,error,log107,travel/mag_model/adj,me,-2.1798949358523357e-15
centered,error,log107,travel/mag_model/adj,rms_travel,22.35319082275923
centered,error,log109,travel/mag_model/adj,t,185.0
centered,error,log109,travel/mag_model/adj,rmse,4.655048245873883
centered,error,log109,travel/mag_model/adj,bin_rmse,6.3784225027048755
centered,error,log109,travel/mag_model/adj,mae,3.0604392099553785
centered,error,log109,travel/mag_model/adj,me,3.14194434381234e-15
centered,error,log109,travel/mag_model/adj,rms_travel,22.840996318383194
centered,error,log110,travel/mag_model/adj,t,175.0
centered,error,log110,travel/mag_model/adj,rmse,6.222942976397917
centered,error,log110,travel/mag_model/adj,bin_rmse,6.42091168792099
centered,error,log110,travel/mag_model/adj,mae,4.419278145213563
centered,error,log110,travel/mag_model/adj,me,-2.1521285279722046e-15
centered,error,log110,travel/mag_model/adj,rms_travel,22.186608890645125
centered,error,log112,travel/mag_model/adj,t,331.0
centered,error,log112,travel/mag_model/adj,rmse,5.729039749523638
centered,error,log112,travel/mag_model/adj,bin_rmse,6.388183933661739
centered,error,log112,travel/mag_model/adj,mae,3.715708615737011
centered,error,log112,travel/mag_model/adj,me,7.904353736212303e-15
centered,error,log112,travel/mag_model/adj,rms_travel,23.092870317659774
centered,error,log-0098,travel/mag_model/adj,t,228.0
centered,error,log-0098,travel/mag_model/adj,rmse,9.969251287211511
centered,error,log-0098,travel/mag_model/adj,bin_rmse,9.162116076126658
centered,error,log-0098,travel/mag_model/adj,mae,6.862607982299758
centered,error,log-0098,travel/mag_model/adj,me,2.867184137994257e-15
centered,error,log-0098,travel/mag_model/adj,rms_travel,26.771291868886678
centered,error,log-0099,travel/mag_model/adj,t,640.0
centered,error,log-0099,travel/mag_model/adj,rmse,12.848193504785636
centered,error,log-0099,travel/mag_model/adj,bin_rmse,10.205658238911607
centered,error,log-0099,travel/mag_model/adj,mae,10.676683803894436
centered,error,log-0099,travel/mag_model/adj,me,-1.2272617444155148e-14
centered,error,log-0099,travel/mag_model/adj,rms_travel,19.751607765799193
centered,error,log-0113,travel/mag_model/adj,t,238.0
centered,error,log-0113,travel/mag_model/adj,rmse,6.589422014304586
centered,error,log-0113,travel/mag_model/adj,bin_rmse,7.231460659324918
centered,error,log-0113,travel/mag_model/adj,mae,4.963608407103472
centered,error,log-0113,travel/mag_model/adj,me,-6.152957202426605e-15
centered,error,log-0113,travel/mag_model/adj,rms_travel,28.740736251618014
centered,error,log-0115,travel/mag_model/adj,t,174.0
centered,error,log-0115,travel/mag_model/adj,rmse,6.346910401157578
centered,error,log-0115,travel/mag_model/adj,bin_rmse,7.090930658080113
centered,error,log-0115,travel/mag_model/adj,mae,4.8462909363167554
centered,error,log-0115,travel/mag_model/adj,me,-4.584724394570527e-15
centered,error,log-0115,travel/mag_model/adj,rms_travel,27.23520681156712
centered,error,log-0116,travel/mag_model/adj,t,188.0
centered,error,log-0116,travel/mag_model/adj,rmse,7.483314615519751
centered,error,log-0116,travel/mag_model/adj,bin_rmse,7.606744656866599
centered,error,log-0116,travel/mag_model/adj,mae,5.603555357130493
centered,error,log-0116,travel/mag_model/adj,me,1.232690828324172e-14
centered,error,log-0116,travel/mag_model/adj,rms_travel,34.80413564782217
centered,error,log-0117,travel/mag_model/adj,t,125.0
centered,error,log-0117,travel/mag_model/adj,rmse,6.38977447616725
centered,error,log-0117,travel/mag_model/adj,bin_rmse,7.890718620311474
centered,error,log-0117,travel/mag_model/adj,mae,4.612616117945501
centered,error,log-0117,travel/mag_model/adj,me,1.2292423223199062e-15
centered,error,log-0117,travel/mag_model/adj,rms_travel,29.561469034357394
centered,error,log-0118,travel/mag_model/adj,t,123.0
centered,error,log-0118,travel/mag_model/adj,rmse,10.110743400241017
centered,error,log-0118,travel/mag_model/adj,bin_rmse,10.019926644396259
centered,error,log-0118,travel/mag_model/adj,mae,8.522133845982674
centered,error,log-0118,travel/mag_model/adj,me,2.5024536586776368e-15
centered,error,log-0118,travel/mag_model/adj,rms_travel,46.936084697483885
centered,error,log-0119,travel/mag_model/adj,t,141.0
centered,error,log-0119,travel/mag_model/adj,rmse,7.270906117538962
centered,error,log-0119,travel/mag_model/adj,bin_rmse,7.592539211526885
centered,error,log-0119,travel/mag_model/adj,mae,5.980051541029966
centered,error,log-0119,travel/mag_model/adj,me,2.4493833215713164e-15
centered,error,log-0119,travel/mag_model/adj,rms_travel,39.837321689407155
centered,error,log-0120,travel/mag_model/adj,t,54.0
centered,error,log-0120,travel/mag_model/adj,rmse,6.525812826719127
centered,error,log-0120,travel/mag_model/adj,bin_rmse,6.506505835274301
centered,error,log-0120,travel/mag_model/adj,mae,4.896686630154209
centered,error,log-0120,travel/mag_model/adj,me,5.858861154513107e-15
centered,error,log-0120,travel/mag_model/adj,rms_travel,40.24895845163582
centered,error,log-0122,travel/mag_model/adj,t,322.0
centered,error,log-0122,travel/mag_model/adj,rmse,7.883338101096633
centered,error,log-0122,travel/mag_model/adj,bin_rmse,7.609602069142348
centered,error,log-0122,travel/mag_model/adj,mae,6.215626692439539
centered,error,log-0122,travel/mag_model/adj,me,-1.909862817239277e-14
centered,error,log-0122,travel/mag_model/adj,rms_travel,36.15695340591876
centered,error,log-0125,travel/mag_model/adj,t,192.0
centered,error,log-0125,travel/mag_model/adj,rmse,8.331900797163007
centered,error,log-0125,travel/mag_model/adj,bin_rmse,8.162102345355754
centered,error,log-0125,travel/mag_model/adj,mae,6.717502313450528
centered,error,log-0125,travel/mag_model/adj,me,-1.1233574083863041e-14
centered,error,log-0125,travel/mag_model/adj,rms_travel,36.31407105932256
centered,error,log-0126,travel/mag_model/adj,t,62.0
centered,error,log-0126,travel/mag_model/adj,rmse,13.551005734414248
centered,error,log-0126,travel/mag_model/adj,bin_rmse,13.178628592521113
centered,error,log-0126,travel/mag_model/adj,mae,10.862651283061021
centered,error,log-0126,travel/mag_model/adj,me,4.251345317765138e-15
centered,error,log-0126,travel/mag_model/adj,rms_travel,45.16820761589024
centered,error,log-0127,travel/mag_model/adj,t,135.0
centered,error,log-0127,travel/mag_model/adj,rmse,7.433132957884819
centered,error,log-0127,travel/mag_model/adj,bin_rmse,7.931484955880937
centered,error,log-0127,travel/mag_model/adj,mae,6.027924304892657
centered,error,log-0127,travel/mag_model/adj,me,-7.20325189413052e-15
centered,error,log-0127,travel/mag_model/adj,rms_travel,46.83296752241396
centered,error,log-0129,travel/mag_model/adj,t,418.0
centered,error,log-0129,travel/mag_model/adj,rmse,9.388359286041798
centered,error,log-0129,travel/mag_model/adj,bin_rmse,11.248826233041699
centered,error,log-0129,travel/mag_model/adj,mae,6.825312456655413
centered,error,log-0129,travel/mag_model/adj,me,1.7376666063678415e-15
centered,error,log-0129,travel/mag_model/adj,rms_travel,36.08531213988321
centered,error,log-0132,travel/mag_model/adj,t,277.0
centered,error,log-0132,travel/mag_model/adj,rmse,10.502364572480367
centered,error,log-0132,travel/mag_model/adj,bin_rmse,9.52221174049022
centered,error,log-0132,travel/mag_model/adj,mae,8.215759105962078
centered,error,log-0132,travel/mag_model/adj,me,-6.300666885816425e-15
centered,error,log-0132,travel/mag_model/adj,rms_travel,36.65824600588626
centered,error,log-0133,travel/mag_model/adj,t,104.0
centered,error,log-0133,travel/mag_model/adj,rmse,7.098864556852689
centered,error,log-0133,travel/mag_model/adj,bin_rmse,7.30576646175591
centered,error,log-0133,travel/mag_model/adj,mae,5.348391135259352
centered,error,log-0133,travel/mag_model/adj,me,-5.046947254384791e-15
centered,error,log-0133,travel/mag_model/adj,rms_travel,34.579963344169
centered,error,log-0046,travel/solved,t,377.0
centered,error,log-0046,travel/solved,rmse,3.2769421025356325
centered,error,log-0046,travel/solved,bin_rmse,4.223284942019458
centered,error,log-0046,travel/solved,mae,2.3847288215701634
centered,error,log-0046,travel/solved,me,-3.177862794060737e-15
centered,error,log-0046,travel/solved,rms_travel,20.431188641477352
centered,error,log-0048,travel/solved,t,338.0
centered,error,log-0048,travel/solved,rmse,3.0212477059423035
centered,error,log-0048,travel/solved,bin_rmse,3.818658601993253
centered,error,log-0048,travel/solved,mae,2.2866253797420018
centered,error,log-0048,travel/solved,me,-3.757909814603487e-15
centered,error,log-0048,travel/solved,rms_travel,22.592565380062393
centered,error,log-0049,travel/solved,t,193.0
centered,error,log-0049,travel/solved,rmse,2.990644275646464
centered,error,log-0049,travel/solved,bin_rmse,2.96275454982702
centered,error,log-0049,travel/solved,mae,2.059367217055154
centered,error,log-0049,travel/solved,me,1.407015318336832e-16
centered,error,log-0049,travel/solved,rms_travel,24.49038457000544
centered,error,log-0054,travel/solved,t,678.0
centered,error,log-0054,travel/solved,rmse,2.670110456455601
centered,error,log-0054,travel/solved,bin_rmse,2.9383572230977903
centered,error,log-0054,travel/solved,mae,2.013129677348246
centered,error,log-0054,travel/solved,me,5.268275473819544e-15
centered,error,log-0054,travel/solved,rms_travel,17.971342375802237
centered,error,log-0055,travel/solved,t,232.0
centered,error,log-0055,travel/solved,rmse,4.108635387546604
centered,error,log-0055,travel/solved,bin_rmse,4.058644909459833
centered,error,log-0055,travel/solved,mae,2.987632295806967
centered,error,log-0055,travel/solved,me,-3.368643970561688e-15
centered,error,log-0055,travel/solved,rms_travel,23.777957936386144
centered,error,log-0056,travel/solved,t,278.0
centered,error,log-0056,travel/solved,rmse,3.354248067584223
centered,error,log-0056,travel/solved,bin_rmse,3.779126455777232
centered,error,log-0056,travel/solved,mae,2.5578818642742513
centered,error,log-0056,travel/solved,me,-1.7060569169945176e-14
centered,error,log-0056,travel/solved,rms_travel,22.681419899158424
centered,error,log-0058,travel/solved,t,391.0
centered,error,log-0058,travel/solved,rmse,3.1546548617400236
centered,error,log-0058,travel/solved,bin_rmse,3.4636404049609077
centered,error,log-0058,travel/solved,mae,2.3880555542123663
centered,error,log-0058,travel/solved,me,5.210271174577017e-15
centered,error,log-0058,travel/solved,rms_travel,23.452950650247033
centered,error,log-0063,travel/solved,t,112.0
centered,error,log-0063,travel/solved,rmse,3.256760058843335
centered,error,log-0063,travel/solved,bin_rmse,3.2796810511439545
centered,error,log-0063,travel/solved,mae,2.644254194263934
centered,error,log-0063,travel/solved,me,-1.3683874617346473e-15
centered,error,log-0063,travel/solved,rms_travel,27.915370280510768
centered,error,log-0071_183,travel/solved,t,432.0
centered,error,log-0071_183,travel/solved,rmse,2.6437289230619383
centered,error,log-0071_183,travel/solved,bin_rmse,2.802432207488138
centered,error,log-0071_183,travel/solved,mae,1.9284157509690185
centered,error,log-0071_183,travel/solved,me,2.5253803876426267e-16
centered,error,log-0071_183,travel/solved,rms_travel,22.63405913751642
centered,error,log-0072_184,travel/solved,t,343.0
centered,error,log-0072_184,travel/solved,rmse,3.483635706241876
centered,error,log-0072_184,travel/solved,bin_rmse,3.769068225073023
centered,error,log-0072_184,travel/solved,mae,2.4189174424691817
centered,error,log-0072_184,travel/solved,me,7.140136353765138e-15
centered,error,log-0072_184,travel/solved,rms_travel,21.606937671882868
centered,error,log-0073_185,travel/solved,t,291.0
centered,error,log-0073_185,travel/solved,rmse,4.985563142310856
centered,error,log-0073_185,travel/solved,bin_rmse,4.93781693738609
centered,error,log-0073_185,travel/solved,mae,3.6750393285802883
centered,error,log-0073_185,travel/solved,me,-1.1871259803995217e-15
centered,error,log-0073_185,travel/solved,rms_travel,19.672038461898666
centered,error,log-0078-valid,travel/solved,t,133.0
centered,error,log-0078-valid,travel/solved,rmse,4.919165564540101
centered,error,log-0078-valid,travel/solved,bin_rmse,4.754188900128673
centered,error,log-0078-valid,travel/solved,mae,3.659997925017632
centered,error,log-0078-valid,travel/solved,me,-7.664951785790672e-15
centered,error,log-0078-valid,travel/solved,rms_travel,27.939688100988757
centered,error,log-0079,travel/solved,t,263.0
centered,error,log-0079,travel/solved,rmse,6.025189346002191
centered,error,log-0079,travel/solved,bin_rmse,5.732329672192394
centered,error,log-0079,travel/solved,mae,4.531783739478162
centered,error,log-0079,travel/solved,me,-4.1409684403077624e-16
centered,error,log-0079,travel/solved,rms_travel,29.64585954676722
centered,error,log-0080-valid,travel/solved,t,327.0
centered,error,log-0080-valid,travel/solved,rmse,6.901517749105089
centered,error,log-0080-valid,travel/solved,bin_rmse,7.156534519548318
centered,error,log-0080-valid,travel/solved,mae,5.146868301049069
centered,error,log-0080-valid,travel/solved,me,8.876095781125897e-15
centered,error,log-0080-valid,travel/solved,rms_travel,29.55434071667215
centered,error,log-0081,travel/solved,t,776.0
centered,error,log-0081,travel/solved,rmse,8.1302683999461
centered,error,log-0081,travel/solved,bin_rmse,6.88391362266319
centered,error,log-0081,travel/solved,mae,6.550662757419604
centered,error,log-0081,travel/solved,me,-7.491719124982935e-16
centered,error,log-0081,travel/solved,rms_travel,20.83648809071663
centered,error,log103,travel/solved,t,415.0
centered,error,log103,travel/solved,rmse,5.476339217539672
centered,error,log103,travel/solved,bin_rmse,5.9368723015983935
centered,error,log103,travel/solved,mae,3.8501807257367653
centered,error,log103,travel/solved,me,9.811303580492472e-15
centered,error,log103,travel/solved,rms_travel,22.693440834941512
centered,error,log104,travel/solved,t,398.0
centered,error,log104,travel/solved,rmse,5.7363247179444325
centered,error,log104,travel/solved,bin_rmse,7.9658702776678565
centered,error,log104,travel/solved,mae,3.6945962743833216
centered,error,log104,travel/solved,me,-8.954687373662226e-15
centered,error,log104,travel/solved,rms_travel,21.56331485170561
centered,error,log106,travel/solved,t,159.0
centered,error,log106,travel/solved,rmse,3.1487633659385725
centered,error,log106,travel/solved,bin_rmse,3.554256840638601
centered,error,log106,travel/solved,mae,2.3070055510781917
centered,error,log106,travel/solved,me,-3.831498051986053e-15
centered,error,log106,travel/solved,rms_travel,23.729862183883984
centered,error,log107,travel/solved,t,171.0
centered,error,log107,travel/solved,rmse,2.8689390881139225
centered,error,log107,travel/solved,bin_rmse,3.591165599141982
centered,error,log107,travel/solved,mae,1.9414217494504897
centered,error,log107,travel/solved,me,-6.712481357350181e-15
centered,error,log107,travel/solved,rms_travel,22.35319082275923
centered,error,log109,travel/solved,t,185.0
centered,error,log109,travel/solved,rmse,3.3688435614088585
centered,error,log109,travel/solved,bin_rmse,4.458990869523923
centered,error,log109,travel/solved,mae,2.427198857048678
centered,error,log109,travel/solved,me,-5.400216840927459e-16
centered,error,log109,travel/solved,rms_travel,22.840996318383194
centered,error,log110,travel/solved,t,175.0
centered,error,log110,travel/solved,rmse,3.454237192976318
centered,error,log110,travel/solved,bin_rmse,3.7768849162139797
centered,error,log110,travel/solved,mae,2.3994470934856387
centered,error,log110,travel/solved,me,4.2653631668846705e-15
centered,error,log110,travel/solved,rms_travel,22.186608890645125
centered,error,log112,travel/solved,t,331.0
centered,error,log112,travel/solved,rmse,4.4470503107944035
centered,error,log112,travel/solved,bin_rmse,5.115003732719922
centered,error,log112,travel/solved,mae,3.2558694428167008
centered,error,log112,travel/solved,me,8.398375844725573e-15
centered,error,log112,travel/solved,rms_travel,23.092870317659774
centered,error,log-0098,travel/solved,t,228.0
centered,error,log-0098,travel/solved,rmse,5.19392185793281
centered,error,log-0098,travel/solved,bin_rmse,5.417460217060877
centered,error,log-0098,travel/solved,mae,3.9219193118161026
centered,error,log-0098,travel/solved,me,4.8184622319070154e-15
centered,error,log-0098,travel/solved,rms_travel,26.771291868886678
centered,error,log-0099,travel/solved,t,640.0
centered,error,log-0099,travel/solved,rmse,7.10313345129097
centered,error,log-0099,travel/solved,bin_rmse,6.2710536390581035
centered,error,log-0099,travel/solved,mae,5.892290178150934
centered,error,log-0099,travel/solved,me,-3.977237134679909e-15
centered,error,log-0099,travel/solved,rms_travel,19.751607765799193
centered,error,log-0113,travel/solved,t,238.0
centered,error,log-0113,travel/solved,rmse,5.729232902081468
centered,error,log-0113,travel/solved,bin_rmse,7.082070986160231
centered,error,log-0113,travel/solved,mae,4.481633344565293
centered,error,log-0113,travel/solved,me,6.667291086220779e-16
centered,error,log-0113,travel/solved,rms_travel,28.740736251618014
centered,error,log-0115,travel/solved,t,174.0
centered,error,log-0115,travel/solved,rmse,6.5417141392287315
centered,error,log-0115,travel/solved,bin_rmse,8.25854411291947
centered,error,log-0115,travel/solved,mae,4.871519235598515
centered,error,log-0115,travel/solved,me,-3.646939859317464e-15
centered,error,log-0115,travel/solved,rms_travel,27.23520681156712
centered,error,log-0116,travel/solved,t,188.0
centered,error,log-0116,travel/solved,rmse,7.093107234637833
centered,error,log-0116,travel/solved,bin_rmse,7.510619560082727
centered,error,log-0116,travel/solved,mae,5.678020944313468
centered,error,log-0116,travel/solved,me,1.3530707920277045e-14
centered,error,log-0116,travel/solved,rms_travel,34.80413564782217
centered,error,log-0117,travel/solved,t,125.0
centered,error,log-0117,travel/solved,rmse,5.732145854781943
centered,error,log-0117,travel/solved,bin_rmse,7.177964949049124
centered,error,log-0117,travel/solved,mae,4.425485961945504
centered,error,log-0117,travel/solved,me,7.773149979375877e-15
centered,error,log-0117,travel/solved,rms_travel,29.561469034357394
centered,error,log-0118,travel/solved,t,123.0
centered,error,log-0118,travel/solved,rmse,13.706811900554936
centered,error,log-0118,travel/solved,bin_rmse,13.577449527374249
centered,error,log-0118,travel/solved,mae,11.050837325044407
centered,error,log-0118,travel/solved,me,4.7105010045696694e-15
centered,error,log-0118,travel/solved,rms_travel,46.936084697483885
centered,error,log-0119,travel/solved,t,141.0
centered,error,log-0119,travel/solved,rmse,8.497336730249327
centered,error,log-0119,travel/solved,bin_rmse,8.930538768948498
centered,error,log-0119,travel/solved,mae,6.803081928841954
centered,error,log-0119,travel/solved,me,-6.961405229729004e-15
centered,error,log-0119,travel/solved,rms_travel,39.837321689407155
centered,error,log-0120,travel/solved,t,54.0
centered,error,log-0120,travel/solved,rmse,7.097875481166663
centered,error,log-0120,travel/solved,bin_rmse,7.162356874887976
centered,error,log-0120,travel/solved,mae,5.339745075819323
centered,error,log-0120,travel/solved,me,1.8490732012470444e-15
centered,error,log-0120,travel/solved,rms_travel,40.24895845163582
centered,error,log-0122,travel/solved,t,322.0
centered,error,log-0122,travel/solved,rmse,7.6078861783684095
centered,error,log-0122,travel/solved,bin_rmse,8.015136311723563
centered,error,log-0122,travel/solved,mae,5.968457443760097
centered,error,log-0122,travel/solved,me,-1.9211304444796268e-14
centered,error,log-0122,travel/solved,rms_travel,36.15695340591876
centered,error,log-0125,travel/solved,t,192.0
centered,error,log-0125,travel/solved,rmse,8.11246399636271
centered,error,log-0125,travel/solved,bin_rmse,8.467365941638333
centered,error,log-0125,travel/solved,mae,6.562453923465562
centered,error,log-0125,travel/solved,me,-1.6991960799120564e-14
centered,error,log-0125,travel/solved,rms_travel,36.31407105932256
centered,error,log-0126,travel/solved,t,62.0
centered,error,log-0126,travel/solved,rmse,14.819773136011388
centered,error,log-0126,travel/solved,bin_rmse,14.47865276226816
centered,error,log-0126,travel/solved,mae,11.903169395127536
centered,error,log-0126,travel/solved,me,-3.5183547457366663e-15
centered,error,log-0126,travel/solved,rms_travel,45.16820761589024
centered,error,log-0127,travel/solved,t,135.0
centered,error,log-0127,travel/solved,rmse,7.954557259045142
centered,error,log-0127,travel/solved,bin_rmse,8.255429710055717
centered,error,log-0127,travel/solved,mae,5.924313188693357
centered,error,log-0127,travel/solved,me,4.7460678367869315e-15
centered,error,log-0127,travel/solved,rms_travel,46.83296752241396
centered,error,log-0129,travel/solved,t,418.0
centered,error,log-0129,travel/solved,rmse,8.201791821254185
centered,error,log-0129,travel/solved,bin_rmse,9.562747632822262
centered,error,log-0129,travel/solved,mae,6.494170401418791
centered,error,log-0129,travel/solved,me,1.140343710428896e-14
centered,error,log-0129,travel/solved,rms_travel,36.08531213988321
centered,error,log-0132,travel/solved,t,277.0
centered,error,log-0132,travel/solved,rmse,8.140024636859525
centered,error,log-0132,travel/solved,bin_rmse,7.819189813982529
centered,error,log-0132,travel/solved,mae,6.275249710034043
centered,error,log-0132,travel/solved,me,-8.400889181088567e-15
centered,error,log-0132,travel/solved,rms_travel,36.65824600588626
centered,error,log-0133,travel/solved,t,104.0
centered,error,log-0133,travel/solved,rmse,6.18678330579573
centered,error,log-0133,travel/solved,bin_rmse,6.837330296720132
centered,error,log-0133,travel/solved,mae,4.833104320963058
centered,error,log-0133,travel/solved,me,-6.352192233967065e-15
centered,error,log-0133,travel/solved,rms_travel,34.579963344169
centered,error,log-0046,travel/solved/mag_nuisance/delta_lifted,t,377.0
centered,error,log-0046,travel/solved/mag_nuisance/delta_lifted,rmse,3.1290459367964836
centered,error,log-0046,travel/solved/mag_nuisance/delta_lifted,bin_rmse,3.865772863621914
centered,error,log-0046,travel/solved/mag_nuisance/delta_lifted,mae,2.267051990523321
centered,error,log-0046,travel/solved/mag_nuisance/delta_lifted,me,-5.326531387772258e-15
centered,error,log-0046,travel/solved/mag_nuisance/delta_lifted,rms_travel,20.431188641477352
centered,error,log-0048,travel/solved/mag_nuisance/delta_lifted,t,338.0
centered,error,log-0048,travel/solved/mag_nuisance/delta_lifted,rmse,3.1266862204051873
centered,error,log-0048,travel/solved/mag_nuisance/delta_lifted,bin_rmse,4.003329481518206
centered,error,log-0048,travel/solved/mag_nuisance/delta_lifted,mae,2.3223128561834927
centered,error,log-0048,travel/solved/mag_nuisance/delta_lifted,me,2.684221296145348e-16
centered,error,log-0048,travel/solved/mag_nuisance/delta_lifted,rms_travel,22.592565380062393
centered,error,log-0049,travel/solved/mag_nuisance/delta_lifted,t,193.0
centered,error,log-0049,travel/solved/mag_nuisance/delta_lifted,rmse,3.2313922074834847
centered,error,log-0049,travel/solved/mag_nuisance/delta_lifted,bin_rmse,3.1701397929868294
centered,error,log-0049,travel/solved/mag_nuisance/delta_lifted,mae,2.2935555970501293
centered,error,log-0049,travel/solved/mag_nuisance/delta_lifted,me,-1.3132142971143765e-15
centered,error,log-0049,travel/solved/mag_nuisance/delta_lifted,rms_travel,24.49038457000544
centered,error,log-0054,travel/solved/mag_nuisance/delta_lifted,t,678.0
centered,error,log-0054,travel/solved/mag_nuisance/delta_lifted,rmse,2.8762091444010136
centered,error,log-0054,travel/solved/mag_nuisance/delta_lifted,bin_rmse,3.1355668152585134
centered,error,log-0054,travel/solved/mag_nuisance/delta_lifted,mae,2.1326245665094805
centered,error,log-0054,travel/solved/mag_nuisance/delta_lifted,me,9.4105073349143e-15
centered,error,log-0054,travel/solved/mag_nuisance/delta_lifted,rms_travel,17.971342375802237
centered,error,log-0055,travel/solved/mag_nuisance/delta_lifted,t,232.0
centered,error,log-0055,travel/solved/mag_nuisance/delta_lifted,rmse,4.405107509231287
centered,error,log-0055,travel/solved/mag_nuisance/delta_lifted,bin_rmse,4.309328448112867
centered,error,log-0055,travel/solved/mag_nuisance/delta_lifted,mae,3.3147882796898807
centered,error,log-0055,travel/solved/mag_nuisance/delta_lifted,me,-2.271876166192766e-15
centered,error,log-0055,travel/solved/mag_nuisance/delta_lifted,rms_travel,23.777957936386144
centered,error,log-0056,travel/solved/mag_nuisance/delta_lifted,t,278.0
centered,error,log-0056,travel/solved/mag_nuisance/delta_lifted,rmse,3.275619889139571
centered,error,log-0056,travel/solved/mag_nuisance/delta_lifted,bin_rmse,3.62191585403327
centered,error,log-0056,travel/solved/mag_nuisance/delta_lifted,mae,2.4853886417610984
centered,error,log-0056,travel/solved/mag_nuisance/delta_lifted,me,-6.719841776307278e-15
centered,error,log-0056,travel/solved/mag_nuisance/delta_lifted,rms_travel,22.681419899158424
centered,error,log-0058,travel/solved/mag_nuisance/delta_lifted,t,391.0
centered,error,log-0058,travel/solved/mag_nuisance/delta_lifted,rmse,3.214220978328923
centered,error,log-0058,travel/solved/mag_nuisance/delta_lifted,bin_rmse,3.4111567987454965
centered,error,log-0058,travel/solved/mag_nuisance/delta_lifted,mae,2.3905139801110282
centered,error,log-0058,travel/solved/mag_nuisance/delta_lifted,me,-1.860811133777506e-16
centered,error,log-0058,travel/solved/mag_nuisance/delta_lifted,rms_travel,23.452950650247033
centered,error,log-0063,travel/solved/mag_nuisance/delta_lifted,t,112.0
centered,error,log-0063,travel/solved/mag_nuisance/delta_lifted,rmse,3.330311399745833
centered,error,log-0063,travel/solved/mag_nuisance/delta_lifted,bin_rmse,3.3279777898688025
centered,error,log-0063,travel/solved/mag_nuisance/delta_lifted,mae,2.6925693096511982
centered,error,log-0063,travel/solved/mag_nuisance/delta_lifted,me,-6.27848364795897e-15
centered,error,log-0063,travel/solved/mag_nuisance/delta_lifted,rms_travel,27.915370280510768
centered,error,log-0071_183,travel/solved/mag_nuisance/delta_lifted,t,432.0
centered,error,log-0071_183,travel/solved/mag_nuisance/delta_lifted,rmse,2.627382343393303
centered,error,log-0071_183,travel/solved/mag_nuisance/delta_lifted,bin_rmse,2.835427194663913
centered,error,log-0071_183,travel/solved/mag_nuisance/delta_lifted,mae,1.8922019017647214
centered,error,log-0071_183,travel/solved/mag_nuisance/delta_lifted,me,4.4404605149382845e-15
centered,error,log-0071_183,travel/solved/mag_nuisance/delta_lifted,rms_travel,22.63405913751642
centered,error,log-0072_184,travel/solved/mag_nuisance/delta_lifted,t,343.0
centered,error,log-0072_184,travel/solved/mag_nuisance/delta_lifted,rmse,3.514535474226056
centered,error,log-0072_184,travel/solved/mag_nuisance/delta_lifted,bin_rmse,3.7851409034578434
centered,error,log-0072_184,travel/solved/mag_nuisance/delta_lifted,mae,2.4525648672708913
centered,error,log-0072_184,travel/solved/mag_nuisance/delta_lifted,me,4.178302014425525e-15
centered,error,log-0072_184,travel/solved/mag_nuisance/delta_lifted,rms_travel,21.606937671882868
centered,error,log-0073_185,travel/solved/mag_nuisance/delta_lifted,t,291.0
centered,error,log-0073_185,travel/solved/mag_nuisance/delta_lifted,rmse,5.381161850367944
centered,error,log-0073_185,travel/solved/mag_nuisance/delta_lifted,bin_rmse,5.363743690897276
centered,error,log-0073_185,travel/solved/mag_nuisance/delta_lifted,mae,4.2180107690223405
centered,error,log-0073_185,travel/solved/mag_nuisance/delta_lifted,me,-3.936259829745782e-15
centered,error,log-0073_185,travel/solved/mag_nuisance/delta_lifted,rms_travel,19.672038461898666
centered,error,log-0078-valid,travel/solved/mag_nuisance/delta_lifted,t,133.0
centered,error,log-0078-valid,travel/solved/mag_nuisance/delta_lifted,rmse,4.79378116500275
centered,error,log-0078-valid,travel/solved/mag_nuisance/delta_lifted,bin_rmse,4.596640595549177
centered,error,log-0078-valid,travel/solved/mag_nuisance/delta_lifted,mae,3.6188217179953344
centered,error,log-0078-valid,travel/solved/mag_nuisance/delta_lifted,me,2.728347687934388e-15
centered,error,log-0078-valid,travel/solved/mag_nuisance/delta_lifted,rms_travel,27.939688100988757
centered,error,log-0079,travel/solved/mag_nuisance/delta_lifted,t,263.0
centered,error,log-0079,travel/solved/mag_nuisance/delta_lifted,rmse,6.055371304238266
centered,error,log-0079,travel/solved/mag_nuisance/delta_lifted,bin_rmse,5.7274265902339
centered,error,log-0079,travel/solved/mag_nuisance/delta_lifted,mae,4.621620504537421
centered,error,log-0079,travel/solved/mag_nuisance/delta_lifted,me,7.039646348523196e-15
centered,error,log-0079,travel/solved/mag_nuisance/delta_lifted,rms_travel,29.64585954676722
centered,error,log-0080-valid,travel/solved/mag_nuisance/delta_lifted,t,327.0
centered,error,log-0080-valid,travel/solved/mag_nuisance/delta_lifted,rmse,7.217719437402915
centered,error,log-0080-valid,travel/solved/mag_nuisance/delta_lifted,bin_rmse,7.36730812398047
centered,error,log-0080-valid,travel/solved/mag_nuisance/delta_lifted,mae,5.452024586479686
centered,error,log-0080-valid,travel/solved/mag_nuisance/delta_lifted,me,-5.1037550741473905e-15
centered,error,log-0080-valid,travel/solved/mag_nuisance/delta_lifted,rms_travel,29.55434071667215
centered,error,log-0081,travel/solved/mag_nuisance/delta_lifted,t,776.0
centered,error,log-0081,travel/solved/mag_nuisance/delta_lifted,rmse,8.2365188398333
centered,error,log-0081,travel/solved/mag_nuisance/delta_lifted,bin_rmse,6.854604711347595
centered,error,log-0081,travel/solved/mag_nuisance/delta_lifted,mae,6.732189696604331
centered,error,log-0081,travel/solved/mag_nuisance/delta_lifted,me,-8.240891037481227e-15
centered,error,log-0081,travel/solved/mag_nuisance/delta_lifted,rms_travel,20.83648809071663
centered,error,log103,travel/solved/mag_nuisance/delta_lifted,t,415.0
centered,error,log103,travel/solved/mag_nuisance/delta_lifted,rmse,5.166824842390354
centered,error,log103,travel/solved/mag_nuisance/delta_lifted,bin_rmse,5.570731800766252
centered,error,log103,travel/solved/mag_nuisance/delta_lifted,mae,3.652802316221274
centered,error,log103,travel/solved/mag_nuisance/delta_lifted,me,4.467647166117108e-15
centered,error,log103,travel/solved/mag_nuisance/delta_lifted,rms_travel,22.693440834941512
centered,error,log104,travel/solved/mag_nuisance/delta_lifted,t,398.0
centered,error,log104,travel/solved/mag_nuisance/delta_lifted,rmse,5.094766023954646
centered,error,log104,travel/solved/mag_nuisance/delta_lifted,bin_rmse,7.154302268022594
centered,error,log104,travel/solved/mag_nuisance/delta_lifted,mae,3.336386681453423
centered,error,log104,travel/solved/mag_nuisance/delta_lifted,me,-8.86331301270649e-15
centered,error,log104,travel/solved/mag_nuisance/delta_lifted,rms_travel,21.56331485170561
centered,error,log106,travel/solved/mag_nuisance/delta_lifted,t,159.0
centered,error,log106,travel/solved/mag_nuisance/delta_lifted,rmse,3.135416734116924
centered,error,log106,travel/solved/mag_nuisance/delta_lifted,bin_rmse,3.539449500877568
centered,error,log106,travel/solved/mag_nuisance/delta_lifted,mae,2.2579633851141487
centered,error,log106,travel/solved/mag_nuisance/delta_lifted,me,-3.0666281050410762e-15
centered,error,log106,travel/solved/mag_nuisance/delta_lifted,rms_travel,23.729862183883984
centered,error,log107,travel/solved/mag_nuisance/delta_lifted,t,171.0
centered,error,log107,travel/solved/mag_nuisance/delta_lifted,rmse,2.9842869810653663
centered,error,log107,travel/solved/mag_nuisance/delta_lifted,bin_rmse,3.7898003067638424
centered,error,log107,travel/solved/mag_nuisance/delta_lifted,mae,1.9959969421338983
centered,error,log107,travel/solved/mag_nuisance/delta_lifted,me,-3.66860367253198e-15
centered,error,log107,travel/solved/mag_nuisance/delta_lifted,rms_travel,22.35319082275923
centered,error,log109,travel/solved/mag_nuisance/delta_lifted,t,185.0
centered,error,log109,travel/solved/mag_nuisance/delta_lifted,rmse,3.476881448413967
centered,error,log109,travel/solved/mag_nuisance/delta_lifted,bin_rmse,4.595756935581925
centered,error,log109,travel/solved/mag_nuisance/delta_lifted,mae,2.4677305672653946
centered,error,log109,travel/solved/mag_nuisance/delta_lifted,me,2.847387061579933e-15
centered,error,log109,travel/solved/mag_nuisance/delta_lifted,rms_travel,22.840996318383194
centered,error,log110,travel/solved/mag_nuisance/delta_lifted,t,175.0
centered,error,log110,travel/solved/mag_nuisance/delta_lifted,rmse,3.8117670637102594
centered,error,log110,travel/solved/mag_nuisance/delta_lifted,bin_rmse,4.160133459340206
centered,error,log110,travel/solved/mag_nuisance/delta_lifted,mae,2.7302883958830613
centered,error,log110,travel/solved/mag_nuisance/delta_lifted,me,8.84187744624725e-15
centered,error,log110,travel/solved/mag_nuisance/delta_lifted,rms_travel,22.186608890645125
centered,error,log112,travel/solved/mag_nuisance/delta_lifted,t,331.0
centered,error,log112,travel/solved/mag_nuisance/delta_lifted,rmse,4.573220727091455
centered,error,log112,travel/solved/mag_nuisance/delta_lifted,bin_rmse,5.384109857914961
centered,error,log112,travel/solved/mag_nuisance/delta_lifted,mae,3.255702124257683
centered,error,log112,travel/solved/mag_nuisance/delta_lifted,me,5.653808575207412e-15
centered,error,log112,travel/solved/mag_nuisance/delta_lifted,rms_travel,23.092870317659774
centered,error,log-0098,travel/solved/mag_nuisance/delta_lifted,t,228.0
centered,error,log-0098,travel/solved/mag_nuisance/delta_lifted,rmse,5.403737235679412
centered,error,log-0098,travel/solved/mag_nuisance/delta_lifted,bin_rmse,5.512099674262057
centered,error,log-0098,travel/solved/mag_nuisance/delta_lifted,mae,4.032054179788851
centered,error,log-0098,travel/solved/mag_nuisance/delta_lifted,me,-2.0110110967876386e-15
centered,error,log-0098,travel/solved/mag_nuisance/delta_lifted,rms_travel,26.771291868886678
centered,error,log-0099,travel/solved/mag_nuisance/delta_lifted,t,640.0
centered,error,log-0099,travel/solved/mag_nuisance/delta_lifted,rmse,7.313237369802944
centered,error,log-0099,travel/solved/mag_nuisance/delta_lifted,bin_rmse,6.348799632182482
centered,error,log-0099,travel/solved/mag_nuisance/delta_lifted,mae,6.0982288810473095
centered,error,log-0099,travel/solved/mag_nuisance/delta_lifted,me,-3.068154361038787e-15
centered,error,log-0099,travel/solved/mag_nuisance/delta_lifted,rms_travel,19.751607765799193
centered,error,log-0113,travel/solved/mag_nuisance/delta_lifted,t,238.0
centered,error,log-0113,travel/solved/mag_nuisance/delta_lifted,rmse,5.4816857868446505
centered,error,log-0113,travel/solved/mag_nuisance/delta_lifted,bin_rmse,6.6435511677221655
centered,error,log-0113,travel/solved/mag_nuisance/delta_lifted,mae,4.356116188115859
centered,error,log-0113,travel/solved/mag_nuisance/delta_lifted,me,7.429267210360297e-16
centered,error,log-0113,travel/solved/mag_nuisance/delta_lifted,rms_travel,28.740736251618014
centered,error,log-0115,travel/solved/mag_nuisance/delta_lifted,t,174.0
centered,error,log-0115,travel/solved/mag_nuisance/delta_lifted,rmse,6.300462338877923
centered,error,log-0115,travel/solved/mag_nuisance/delta_lifted,bin_rmse,7.533237120486533
centered,error,log-0115,travel/solved/mag_nuisance/delta_lifted,mae,4.790441254319698
centered,error,log-0115,travel/solved/mag_nuisance/delta_lifted,me,-1.2712190366763733e-14
centered,error,log-0115,travel/solved/mag_nuisance/delta_lifted,rms_travel,27.23520681156712
centered,error,log-0116,travel/solved/mag_nuisance/delta_lifted,t,188.0
centered,error,log-0116,travel/solved/mag_nuisance/delta_lifted,rmse,6.920582486407576
centered,error,log-0116,travel/solved/mag_nuisance/delta_lifted,bin_rmse,7.327295213273144
centered,error,log-0116,travel/solved/mag_nuisance/delta_lifted,mae,5.582173905359996
centered,error,log-0116,travel/solved/mag_nuisance/delta_lifted,me,1.0063764965615311e-14
centered,error,log-0116,travel/solved/mag_nuisance/delta_lifted,rms_travel,34.80413564782217
centered,error,log-0117,travel/solved/mag_nuisance/delta_lifted,t,125.0
centered,error,log-0117,travel/solved/mag_nuisance/delta_lifted,rmse,5.49326305882402
centered,error,log-0117,travel/solved/mag_nuisance/delta_lifted,bin_rmse,6.7090018650891645
centered,error,log-0117,travel/solved/mag_nuisance/delta_lifted,mae,4.264582846390991
centered,error,log-0117,travel/solved/mag_nuisance/delta_lifted,me,-1.0123172066163933e-15
centered,error,log-0117,travel/solved/mag_nuisance/delta_lifted,rms_travel,29.561469034357394
centered,error,log-0118,travel/solved/mag_nuisance/delta_lifted,t,123.0
centered,error,log-0118,travel/solved/mag_nuisance/delta_lifted,rmse,13.522950560868765
centered,error,log-0118,travel/solved/mag_nuisance/delta_lifted,bin_rmse,13.351337913108262
centered,error,log-0118,travel/solved/mag_nuisance/delta_lifted,mae,10.786276811191545
centered,error,log-0118,travel/solved/mag_nuisance/delta_lifted,me,1.7664378767136261e-15
centered,error,log-0118,travel/solved/mag_nuisance/delta_lifted,rms_travel,46.936084697483885
centered,error,log-0119,travel/solved/mag_nuisance/delta_lifted,t,141.0
centered,error,log-0119,travel/solved/mag_nuisance/delta_lifted,rmse,7.8531294478315905
centered,error,log-0119,travel/solved/mag_nuisance/delta_lifted,bin_rmse,8.205960455315578
centered,error,log-0119,travel/solved/mag_nuisance/delta_lifted,mae,6.325867259517388
centered,error,log-0119,travel/solved/mag_nuisance/delta_lifted,me,-1.1022224947070923e-14
centered,error,log-0119,travel/solved/mag_nuisance/delta_lifted,rms_travel,39.837321689407155
centered,error,log-0120,travel/solved/mag_nuisance/delta_lifted,t,54.0
centered,error,log-0120,travel/solved/mag_nuisance/delta_lifted,rmse,6.562960117169171
centered,error,log-0120,travel/solved/mag_nuisance/delta_lifted,bin_rmse,6.634794270814814
centered,error,log-0120,travel/solved/mag_nuisance/delta_lifted,mae,4.8772320352791425
centered,error,log-0120,travel/solved/mag_nuisance/delta_lifted,me,-4.820055985273194e-15
centered,error,log-0120,travel/solved/mag_nuisance/delta_lifted,rms_travel,40.24895845163582
centered,error,log-0122,travel/solved/mag_nuisance/delta_lifted,t,322.0
centered,error,log-0122,travel/solved/mag_nuisance/delta_lifted,rmse,7.247181587857024
centered,error,log-0122,travel/solved/mag_nuisance/delta_lifted,bin_rmse,7.4149582608810904
centered,error,log-0122,travel/solved/mag_nuisance/delta_lifted,mae,5.728689754927283
centered,error,log-0122,travel/solved/mag_nuisance/delta_lifted,me,-1.7408484086340312e-14
centered,error,log-0122,travel/solved/mag_nuisance/delta_lifted,rms_travel,36.15695340591876
centered,error,log-0125,travel/solved/mag_nuisance/delta_lifted,t,192.0
centered,error,log-0125,travel/solved/mag_nuisance/delta_lifted,rmse,7.758396639879008
centered,error,log-0125,travel/solved/mag_nuisance/delta_lifted,bin_rmse,7.992723095275738
centered,error,log-0125,travel/solved/mag_nuisance/delta_lifted,mae,6.306556998968438
centered,error,log-0125,travel/solved/mag_nuisance/delta_lifted,me,-6.607984755213553e-15
centered,error,log-0125,travel/solved/mag_nuisance/delta_lifted,rms_travel,36.31407105932256
centered,error,log-0126,travel/solved/mag_nuisance/delta_lifted,t,62.0
centered,error,log-0126,travel/solved/mag_nuisance/delta_lifted,rmse,14.325155006865575
centered,error,log-0126,travel/solved/mag_nuisance/delta_lifted,bin_rmse,13.982365131050804
centered,error,log-0126,travel/solved/mag_nuisance/delta_lifted,mae,11.475650857218456
centered,error,log-0126,travel/solved/mag_nuisance/delta_lifted,me,-4.104747203359444e-15
centered,error,log-0126,travel/solved/mag_nuisance/delta_lifted,rms_travel,45.16820761589024
centered,error,log-0127,travel/solved/mag_nuisance/delta_lifted,t,135.0
centered,error,log-0127,travel/solved/mag_nuisance/delta_lifted,rmse,7.41321558802189
centered,error,log-0127,travel/solved/mag_nuisance/delta_lifted,bin_rmse,7.8008745811305635
centered,error,log-0127,travel/solved/mag_nuisance/delta_lifted,mae,5.759738100271724
centered,error,log-0127,travel/solved/mag_nuisance/delta_lifted,me,4.173846891926096e-15
centered,error,log-0127,travel/solved/mag_nuisance/delta_lifted,rms_travel,46.83296752241396
centered,error,log-0129,travel/solved/mag_nuisance/delta_lifted,t,418.0
centered,error,log-0129,travel/solved/mag_nuisance/delta_lifted,rmse,8.110060240114926
centered,error,log-0129,travel/solved/mag_nuisance/delta_lifted,bin_rmse,9.366848948240602
centered,error,log-0129,travel/solved/mag_nuisance/delta_lifted,mae,6.490204971006259
centered,error,log-0129,travel/solved/mag_nuisance/delta_lifted,me,2.9540332308253305e-15
centered,error,log-0129,travel/solved/mag_nuisance/delta_lifted,rms_travel,36.08531213988321
centered,error,log-0132,travel/solved/mag_nuisance/delta_lifted,t,277.0
centered,error,log-0132,travel/solved/mag_nuisance/delta_lifted,rmse,8.136001020388711
centered,error,log-0132,travel/solved/mag_nuisance/delta_lifted,bin_rmse,7.569644748885517
centered,error,log-0132,travel/solved/mag_nuisance/delta_lifted,mae,6.307089322523523
centered,error,log-0132,travel/solved/mag_nuisance/delta_lifted,me,-5.250555738180354e-15
centered,error,log-0132,travel/solved/mag_nuisance/delta_lifted,rms_travel,36.65824600588626
centered,error,log-0133,travel/solved/mag_nuisance/delta_lifted,t,104.0
centered,error,log-0133,travel/solved/mag_nuisance/delta_lifted,rmse,6.053961667798104
centered,error,log-0133,travel/solved/mag_nuisance/delta_lifted,bin_rmse,6.7231192871820635
centered,error,log-0133,travel/solved/mag_nuisance/delta_lifted,mae,4.752632911541184
centered,error,log-0133,travel/solved/mag_nuisance/delta_lifted,me,2.610489959164547e-16
centered,error,log-0133,travel/solved/mag_nuisance/delta_lifted,rms_travel,34.579963344169
centered,error,log-0046,travel/mag_nuisance/corrected,t,377.0
centered,error,log-0046,travel/mag_nuisance/corrected,rmse,3.1334925849387942
centered,error,log-0046,travel/mag_nuisance/corrected,bin_rmse,3.8925857776966337
centered,error,log-0046,travel/mag_nuisance/corrected,mae,2.275050808721288
centered,error,log-0046,travel/mag_nuisance/corrected,me,-3.478796770771034e-15
centered,error,log-0046,travel/mag_nuisance/corrected,rms_travel,20.431188641477352
centered,error,log-0048,travel/mag_nuisance/corrected,t,338.0
centered,error,log-0048,travel/mag_nuisance/corrected,rmse,3.3271638535991537
centered,error,log-0048,travel/mag_nuisance/corrected,bin_rmse,3.881498208232816
centered,error,log-0048,travel/mag_nuisance/corrected,mae,2.426842223323657
centered,error,log-0048,travel/mag_nuisance/corrected,me,1.1273729443810462e-15
centered,error,log-0048,travel/mag_nuisance/corrected,rms_travel,22.592565380062393
centered,error,log-0049,travel/mag_nuisance/corrected,t,193.0
centered,error,log-0049,travel/mag_nuisance/corrected,rmse,3.5258865450368053
centered,error,log-0049,travel/mag_nuisance/corrected,bin_rmse,3.398991846766774
centered,error,log-0049,travel/mag_nuisance/corrected,mae,2.440982999426925
centered,error,log-0049,travel/mag_nuisance/corrected,me,1.4070153183368321e-15
centered,error,log-0049,travel/mag_nuisance/corrected,rms_travel,24.49038457000544
centered,error,log-0054,travel/mag_nuisance/corrected,t,678.0
centered,error,log-0054,travel/mag_nuisance/corrected,rmse,3.2175816498311014
centered,error,log-0054,travel/mag_nuisance/corrected,bin_rmse,3.7353394602436967
centered,error,log-0054,travel/mag_nuisance/corrected,mae,2.2061966316698203
centered,error,log-0054,travel/mag_nuisance/corrected,me,1.8767393545413136e-15
centered,error,log-0054,travel/mag_nuisance/corrected,rms_travel,17.971342375802237
centered,error,log-0055,travel/mag_nuisance/corrected,t,232.0
centered,error,log-0055,travel/mag_nuisance/corrected,rmse,4.742785907986185
centered,error,log-0055,travel/mag_nuisance/corrected,bin_rmse,4.630468525850502
centered,error,log-0055,travel/mag_nuisance/corrected,mae,3.534752351127853
centered,error,log-0055,travel/mag_nuisance/corrected,me,-2.741919510922304e-15
centered,error,log-0055,travel/mag_nuisance/corrected,rms_travel,23.777957936386144
centered,error,log-0056,travel/mag_nuisance/corrected,t,278.0
centered,error,log-0056,travel/mag_nuisance/corrected,rmse,3.41856433892071
centered,error,log-0056,travel/mag_nuisance/corrected,bin_rmse,3.7274470266336843
centered,error,log-0056,travel/mag_nuisance/corrected,mae,2.4791567035222255
centered,error,log-0056,travel/mag_nuisance/corrected,me,-1.1580309857228562e-14
centered,error,log-0056,travel/mag_nuisance/corrected,rms_travel,22.681419899158424
centered,error,log-0058,travel/mag_nuisance/corrected,t,391.0
centered,error,log-0058,travel/mag_nuisance/corrected,rmse,3.296633096114734
centered,error,log-0058,travel/mag_nuisance/corrected,bin_rmse,3.652390974478585
centered,error,log-0058,travel/mag_nuisance/corrected,mae,2.3918694037826342
centered,error,log-0058,travel/mag_nuisance/corrected,me,-1.860811133777506e-15
centered,error,log-0058,travel/mag_nuisance/corrected,rms_travel,23.452950650247033
centered,error,log-0063,travel/mag_nuisance/corrected,t,112.0
centered,error,log-0063,travel/mag_nuisance/corrected,rmse,3.481717497716362
centered,error,log-0063,travel/mag_nuisance/corrected,bin_rmse,3.4398171416843404
centered,error,log-0063,travel/mag_nuisance/corrected,mae,2.784527987067242
centered,error,log-0063,travel/mag_nuisance/corrected,me,-6.197990267856932e-15
centered,error,log-0063,travel/mag_nuisance/corrected,rms_travel,27.915370280510768
centered,error,log-0071_183,travel/mag_nuisance/corrected,t,432.0
centered,error,log-0071_183,travel/mag_nuisance/corrected,rmse,2.684719850461491
centered,error,log-0071_183,travel/mag_nuisance/corrected,bin_rmse,2.9509086574141636
centered,error,log-0071_183,travel/mag_nuisance/corrected,mae,1.804925254954596
centered,error,log-0071_183,travel/mag_nuisance/corrected,me,1.4310488863308216e-15
centered,error,log-0071_183,travel/mag_nuisance/corrected,rms_travel,22.63405913751642
centered,error,log-0072_184,travel/mag_nuisance/corrected,t,343.0
centered,error,log-0072_184,travel/mag_nuisance/corrected,rmse,3.704569400484879
centered,error,log-0072_184,travel/mag_nuisance/corrected,bin_rmse,3.9537490419683845
centered,error,log-0072_184,travel/mag_nuisance/corrected,mae,2.5281799554781195
centered,error,log-0072_184,travel/mag_nuisance/corrected,me,3.96674241875841e-15
centered,error,log-0072_184,travel/mag_nuisance/corrected,rms_travel,21.606937671882868
centered,error,log-0073_185,travel/mag_nuisance/corrected,t,291.0
centered,error,log-0073_185,travel/mag_nuisance/corrected,rmse,5.676754249215151
centered,error,log-0073_185,travel/mag_nuisance/corrected,bin_rmse,5.7379905348511535
centered,error,log-0073_185,travel/mag_nuisance/corrected,mae,4.558409651118152
centered,error,log-0073_185,travel/mag_nuisance/corrected,me,-5.248346439661043e-15
centered,error,log-0073_185,travel/mag_nuisance/corrected,rms_travel,19.672038461898666
centered,error,log-0078-valid,travel/mag_nuisance/corrected,t,133.0
centered,error,log-0078-valid,travel/mag_nuisance/corrected,rmse,4.615830352404907
centered,error,log-0078-valid,travel/mag_nuisance/corrected,bin_rmse,4.417594245603489
centered,error,log-0078-valid,travel/mag_nuisance/corrected,mae,3.536796931427446
centered,error,log-0078-valid,travel/mag_nuisance/corrected,me,1.15102168084732e-14
centered,error,log-0078-valid,travel/mag_nuisance/corrected,rms_travel,27.939688100988757
centered,error,log-0079,travel/mag_nuisance/corrected,t,263.0
centered,error,log-0079,travel/mag_nuisance/corrected,rmse,5.508455102671534
centered,error,log-0079,travel/mag_nuisance/corrected,bin_rmse,5.030029577037442
centered,error,log-0079,travel/mag_nuisance/corrected,mae,4.263064232801688
centered,error,log-0079,travel/mag_nuisance/corrected,me,3.036710189559026e-15
centered,error,log-0079,travel/mag_nuisance/corrected,rms_travel,29.64585954676722
centered,error,log-0080-valid,travel/mag_nuisance/corrected,t,327.0
centered,error,log-0080-valid,travel/mag_nuisance/corrected,rmse,7.404207323387576
centered,error,log-0080-valid,travel/mag_nuisance/corrected,bin_rmse,7.782978402667257
centered,error,log-0080-valid,travel/mag_nuisance/corrected,mae,5.497125149986822
centered,error,log-0080-valid,travel/mag_nuisance/corrected,me,8.432290992069603e-15
centered,error,log-0080-valid,travel/mag_nuisance/corrected,rms_travel,29.55434071667215
centered,error,log-0081,travel/mag_nuisance/corrected,t,776.0
centered,error,log-0081,travel/mag_nuisance/corrected,rmse,8.343921618107304
centered,error,log-0081,travel/mag_nuisance/corrected,bin_rmse,6.749714134549195
centered,error,log-0081,travel/mag_nuisance/corrected,mae,6.83348064344803
centered,error,log-0081,travel/mag_nuisance/corrected,me,-2.24751573749488e-15
centered,error,log-0081,travel/mag_nuisance/corrected,rms_travel,20.83648809071663
centered,error,log103,travel/mag_nuisance/corrected,t,415.0
centered,error,log103,travel/mag_nuisance/corrected,rmse,5.229283504197699
centered,error,log103,travel/mag_nuisance/corrected,bin_rmse,6.104024187087831
centered,error,log103,travel/mag_nuisance/corrected,mae,3.7521811139191907
centered,error,log103,travel/mag_nuisance/corrected,me,4.81805086542041e-15
centered,error,log103,travel/mag_nuisance/corrected,rms_travel,22.693440834941512
centered,error,log104,travel/mag_nuisance/corrected,t,398.0
centered,error,log104,travel/mag_nuisance/corrected,rmse,5.114860481546327
centered,error,log104,travel/mag_nuisance/corrected,bin_rmse,7.276994469616973
centered,error,log104,travel/mag_nuisance/corrected,mae,3.3846919019533095
centered,error,log104,travel/mag_nuisance/corrected,me,-7.766820681237645e-15
centered,error,log104,travel/mag_nuisance/corrected,rms_travel,21.56331485170561
centered,error,log106,travel/mag_nuisance/corrected,t,159.0
centered,error,log106,travel/mag_nuisance/corrected,rmse,3.204836447840822
centered,error,log106,travel/mag_nuisance/corrected,bin_rmse,3.63463387861915
centered,error,log106,travel/mag_nuisance/corrected,mae,2.305228603073189
centered,error,log106,travel/mag_nuisance/corrected,me,-8.106191774164523e-15
centered,error,log106,travel/mag_nuisance/corrected,rms_travel,23.729862183883984
centered,error,log107,travel/mag_nuisance/corrected,t,171.0
centered,error,log107,travel/mag_nuisance/corrected,rmse,3.179083157701859
centered,error,log107,travel/mag_nuisance/corrected,bin_rmse,4.057523043570755
centered,error,log107,travel/mag_nuisance/corrected,mae,2.0865704925707322
centered,error,log107,travel/mag_nuisance/corrected,me,-6.313720088596704e-15
centered,error,log107,travel/mag_nuisance/corrected,rms_travel,22.35319082275923
centered,error,log109,travel/mag_nuisance/corrected,t,185.0
centered,error,log109,travel/mag_nuisance/corrected,rmse,3.5875405983546536
centered,error,log109,travel/mag_nuisance/corrected,bin_rmse,5.6817948273916565
centered,error,log109,travel/mag_nuisance/corrected,mae,2.4577968157930217
centered,error,log109,travel/mag_nuisance/corrected,me,2.847387061579933e-15
centered,error,log109,travel/mag_nuisance/corrected,rms_travel,22.840996318383194
centered,error,log110,travel/mag_nuisance/corrected,t,175.0
centered,error,log110,travel/mag_nuisance/corrected,rmse,4.293338502557247
centered,error,log110,travel/mag_nuisance/corrected,bin_rmse,4.738415587291089
centered,error,log110,travel/mag_nuisance/corrected,mae,2.9973548454695043
centered,error,log110,travel/mag_nuisance/corrected,me,-2.6966429748085453e-15
centered,error,log110,travel/mag_nuisance/corrected,rms_travel,22.186608890645125
centered,error,log112,travel/mag_nuisance/corrected,t,331.0
centered,error,log112,travel/mag_nuisance/corrected,rmse,4.6545408199113165
centered,error,log112,travel/mag_nuisance/corrected,bin_rmse,5.474132904286323
centered,error,log112,travel/mag_nuisance/corrected,mae,3.2869656374677936
centered,error,log112,travel/mag_nuisance/corrected,me,6.038047992939954e-15
centered,error,log112,travel/mag_nuisance/corrected,rms_travel,23.092870317659774
centered,error,log-0098,travel/mag_nuisance/corrected,t,228.0
centered,error,log-0098,travel/mag_nuisance/corrected,rmse,5.663726499982959
centered,error,log-0098,travel/mag_nuisance/corrected,bin_rmse,5.83571485889529
centered,error,log-0098,travel/mag_nuisance/corrected,mae,4.01801516607327
centered,error,log-0098,travel/mag_nuisance/corrected,me,4.221132203158211e-15
centered,error,log-0098,travel/mag_nuisance/corrected,rms_travel,26.771291868886678
centered,error,log-0099,travel/mag_nuisance/corrected,t,640.0
centered,error,log-0099,travel/mag_nuisance/corrected,rmse,7.840521513375373
centered,error,log-0099,travel/mag_nuisance/corrected,bin_rmse,6.92387962734587
centered,error,log-0099,travel/mag_nuisance/corrected,mae,6.451661181188425
centered,error,log-0099,travel/mag_nuisance/corrected,me,-7.499932882539257e-15
centered,error,log-0099,travel/mag_nuisance/corrected,rms_travel,19.751607765799193
centered,error,log-0113,travel/mag_nuisance/corrected,t,238.0
centered,error,log-0113,travel/mag_nuisance/corrected,rmse,5.074012356792598
centered,error,log-0113,travel/mag_nuisance/corrected,bin_rmse,6.184419390828712
centered,error,log-0113,travel/mag_nuisance/corrected,mae,4.0602970107226595
centered,error,log-0113,travel/mag_nuisance/corrected,me,1.981137922762746e-15
centered,error,log-0113,travel/mag_nuisance/corrected,rms_travel,28.740736251618014
centered,error,log-0115,travel/mag_nuisance/corrected,t,174.0
centered,error,log-0115,travel/mag_nuisance/corrected,rmse,5.805374359658181
centered,error,log-0115,travel/mag_nuisance/corrected,bin_rmse,6.833753888943225
centered,error,log-0115,travel/mag_nuisance/corrected,mae,4.565857133680564
centered,error,log-0115,travel/mag_nuisance/corrected,me,-3.2301467325383257e-15
centered,error,log-0115,travel/mag_nuisance/corrected,rms_travel,27.23520681156712
centered,error,log-0116,travel/mag_nuisance/corrected,t,188.0
centered,error,log-0116,travel/mag_nuisance/corrected,rmse,6.2308211283116375
centered,error,log-0116,travel/mag_nuisance/corrected,bin_rmse,6.627262762590982
centered,error,log-0116,travel/mag_nuisance/corrected,mae,5.107436868244938
centered,error,log-0116,travel/mag_nuisance/corrected,me,1.3001036079981502e-14
centered,error,log-0116,travel/mag_nuisance/corrected,rms_travel,34.80413564782217
centered,error,log-0117,travel/mag_nuisance/corrected,t,125.0
centered,error,log-0117,travel/mag_nuisance/corrected,rmse,5.386360245037212
centered,error,log-0117,travel/mag_nuisance/corrected,bin_rmse,6.702416703158274
centered,error,log-0117,travel/mag_nuisance/corrected,mae,4.208671969199891
centered,error,log-0117,travel/mag_nuisance/corrected,me,-2.1692511570351286e-16
centered,error,log-0117,travel/mag_nuisance/corrected,rms_travel,29.561469034357394
centered,error,log-0118,travel/mag_nuisance/corrected,t,123.0
centered,error,log-0118,travel/mag_nuisance/corrected,rmse,12.459735138099122
centered,error,log-0118,travel/mag_nuisance/corrected,bin_rmse,12.306579556125863
centered,error,log-0118,travel/mag_nuisance/corrected,mae,9.967011373853822
centered,error,log-0118,travel/mag_nuisance/corrected,me,9.715408321924944e-15
centered,error,log-0118,travel/mag_nuisance/corrected,rms_travel,46.936084697483885
centered,error,log-0119,travel/mag_nuisance/corrected,t,141.0
centered,error,log-0119,travel/mag_nuisance/corrected,rmse,6.9202785092342785
centered,error,log-0119,travel/mag_nuisance/corrected,bin_rmse,7.318654475996026
centered,error,log-0119,travel/mag_nuisance/corrected,mae,5.785909905660149
centered,error,log-0119,travel/mag_nuisance/corrected,me,1.9981811307555476e-15
centered,error,log-0119,travel/mag_nuisance/corrected,rms_travel,39.837321689407155
centered,error,log-0120,travel/mag_nuisance/corrected,t,54.0
centered,error,log-0120,travel/mag_nuisance/corrected,rmse,5.699958099066676
centered,error,log-0120,travel/mag_nuisance/corrected,bin_rmse,5.822629128340182
centered,error,log-0120,travel/mag_nuisance/corrected,mae,4.3063628973529955
centered,error,log-0120,travel/mag_nuisance/corrected,me,2.4515801994061935e-15
centered,error,log-0120,travel/mag_nuisance/corrected,rms_travel,40.24895845163582
centered,error,log-0122,travel/mag_nuisance/corrected,t,322.0
centered,error,log-0122,travel/mag_nuisance/corrected,rmse,6.634594453859974
centered,error,log-0122,travel/mag_nuisance/corrected,bin_rmse,6.520154244110166
centered,error,log-0122,travel/mag_nuisance/corrected,mae,5.424441524545466
centered,error,log-0122,travel/mag_nuisance/corrected,me,-1.8535246810375285e-14
centered,error,log-0122,travel/mag_nuisance/corrected,rms_travel,36.15695340591876
centered,error,log-0125,travel/mag_nuisance/corrected,t,192.0
centered,error,log-0125,travel/mag_nuisance/corrected,rmse,7.185899540118799
centered,error,log-0125,travel/mag_nuisance/corrected,bin_rmse,7.387425861789408
centered,error,log-0125,travel/mag_nuisance/corrected,mae,5.890237445017308
centered,error,log-0125,travel/mag_nuisance/corrected,me,-1.897435622568463e-14
centered,error,log-0125,travel/mag_nuisance/corrected,rms_travel,36.31407105932256
centered,error,log-0126,travel/mag_nuisance/corrected,t,62.0
centered,error,log-0126,travel/mag_nuisance/corrected,rmse,13.748253721538095
centered,error,log-0126,travel/mag_nuisance/corrected,bin_rmse,13.417987360521094
centered,error,log-0126,travel/mag_nuisance/corrected,mae,10.82321941001279
centered,error,log-0126,travel/mag_nuisance/corrected,me,-1.7591773728683332e-15
centered,error,log-0126,travel/mag_nuisance/corrected,rms_travel,45.16820761589024
centered,error,log-0127,travel/mag_nuisance/corrected,t,135.0
centered,error,log-0127,travel/mag_nuisance/corrected,rmse,6.873770095619551
centered,error,log-0127,travel/mag_nuisance/corrected,bin_rmse,7.428894071270486
centered,error,log-0127,travel/mag_nuisance/corrected,mae,5.5332999998659975
centered,error,log-0127,travel/mag_nuisance/corrected,me,-3.5006457803251122e-15
centered,error,log-0127,travel/mag_nuisance/corrected,rms_travel,46.83296752241396
centered,error,log-0129,travel/mag_nuisance/corrected,t,418.0
centered,error,log-0129,travel/mag_nuisance/corrected,rmse,7.222512103201377
centered,error,log-0129,travel/mag_nuisance/corrected,bin_rmse,8.09322889782225
centered,error,log-0129,travel/mag_nuisance/corrected,mae,5.772710853757739
centered,error,log-0129,travel/mag_nuisance/corrected,me,3.3884498824172908e-15
centered,error,log-0129,travel/mag_nuisance/corrected,rms_travel,36.08531213988321
centered,error,log-0132,travel/mag_nuisance/corrected,t,277.0
centered,error,log-0132,travel/mag_nuisance/corrected,rmse,7.587009497391135
centered,error,log-0132,travel/mag_nuisance/corrected,bin_rmse,6.895545057273639
centered,error,log-0132,travel/mag_nuisance/corrected,mae,6.0203814969056015
centered,error,log-0132,travel/mag_nuisance/corrected,me,1.837694508363124e-15
centered,error,log-0132,travel/mag_nuisance/corrected,rms_travel,36.65824600588626
centered,error,log-0133,travel/mag_nuisance/corrected,t,104.0
centered,error,log-0133,travel/mag_nuisance/corrected,rmse,5.693005623057131
centered,error,log-0133,travel/mag_nuisance/corrected,bin_rmse,6.307401351172362
centered,error,log-0133,travel/mag_nuisance/corrected,mae,4.480860416414554
centered,error,log-0133,travel/mag_nuisance/corrected,me,-7.74445354552149e-15
centered,error,log-0133,travel/mag_nuisance/corrected,rms_travel,34.579963344169
