Experiment: front_200hz_front_default_hybrid_2sboring_nb2
ID: 20260918T194932Z-front-200hz-front-default-hybrid-2sboring-nb2
Created: 2026-09-18T12:49:32-07:00
Group: front-default
Tags: none
Pipeline code: 593865ded5a4
Experiment fingerprint: 09d270df65804cf734fba8bc42b6a8da0da082f5f59cc5752650e17a7badb413
Notes: (none)

======================== UNCENTERED ERRORS ========================

Cache duration summary
log                    samples  dt_ms  total_s  active_s  active_%
---------------------  -------  -----  -------  --------  --------
log-0046                 61344  10.00   613.44    402.05     65.54
log-0048                108107  10.00  1081.07    379.13     35.07
log-0049                 44189  10.00   441.89    199.91     45.24
log-0054                111816  10.00  1118.16    706.92     63.22
log-0055                 43808  10.00   438.08    236.95     54.09
log-0056                 61448  10.00   614.48    287.76     46.83
log-0058                 44381  10.00   443.81    400.31     90.20
log-0063                 40781  10.00   407.81    126.50     31.02
log-0071_183             65908  10.00   659.08    419.40     63.63
log-0072_184             58385  10.00   583.85    339.12     58.08
log-0073_185             39115  10.00   391.15    297.90     76.16
log-0078-valid           22949  10.00   229.49    141.99     61.87
log-0079                 46824  10.00   468.24    251.80     53.78
log-0080-valid           64718  10.00   647.18    335.31     51.81
log-0081                113665  10.00  1136.65    785.97     69.15
log-0098                 36717  10.00   367.17    230.80     62.86
log-0099                 65579  10.00   655.79    645.05     98.36
log-0113                 29498  10.00   294.98    246.66     83.62
log-0115                 18835  10.00   188.35    177.75     94.37
log-0116                 27283  10.00   272.83    185.11     67.85
log-0117                 14148  10.00   141.48    126.15     89.16
log-0118                 16328  10.00   163.28    113.54     69.54
log-0119                 19584  10.00   195.84    145.56     74.33
log-0120                  6011  10.00    60.11     52.85     87.92
log-0122                 43803  10.00   438.03    331.58     75.70
log-0125                 24913  10.00   249.13    196.22     78.76
log-0126                 14241  10.00   142.41     56.79     39.88
log-0127                 26922  10.00   269.22    106.19     39.44
log-0129                 77819  10.00   778.19    431.44     55.44
log-0132                 34660  10.00   346.60    285.22     82.29
log-0133                 10539  10.00   105.39     94.73     89.89
log-0145-filtered-c01    39029  10.00   390.29    361.66     92.66
log-0147-filtered-c01    20838  10.00   208.38     87.92     42.19
log-0147-filtered-c02    38239  10.00   382.39    336.52     88.00
log-0151-filtered-c01     9991  10.00    99.91     90.59     90.67
log-0152-filtered-c01    16176  10.00   161.76    159.74     98.75
log-0152-filtered-c02    10216  10.00   102.16     92.56     90.60
log-0155-filtered-c01    14580  10.00   145.80    135.49     92.93
log103                   72985  10.00   729.85    425.86     58.35
log104                   59770  10.00   597.70    424.99     71.10
log106                   19535  10.00   195.35    161.64     82.74
log107                   25307  10.00   253.07    183.87     72.66
log109                   21587  10.00   215.87    190.90     88.43
log110                   21450  10.00   214.50    177.33     82.67
log112                   63277  10.00   632.77    352.33     55.68

Error stats on active_mask (raw): travel/mag_model vs travel
log                      t   rmse  bin_rmse    mae      me  rms_trav
---------------------  ---  -----  --------  -----  ------  --------
log-0046               401  16.71     18.40  16.37  -16.37     20.21
log-0048               379   4.31      5.51   3.36   -2.20     22.36
log-0049               199  21.11     21.52  20.85  -20.84     22.35
log-0054               706   6.74      8.40   5.51   -5.44     17.59
log-0055               236   4.62      4.81   3.02   -0.65     23.23
log-0056               287   7.11      6.93   6.31    6.04     22.01
log-0058               400   4.56      5.16   2.97    1.36     23.54
log-0063               126  18.51     19.32  18.06  -18.06     25.95
log-0071_183           419   6.07      6.62   5.50    5.31     21.41
log-0072_184           339   5.99      6.95   4.69   -4.45     20.80
log-0073_185           297  20.73     21.31  20.33  -20.33     19.22
log-0078-valid         141  10.34      9.58   8.17    2.28     29.06
log-0079               251  36.66     37.10  36.06  -36.06     25.35
log-0080-valid         335  41.19     39.82  40.37   39.67     29.27
log-0081               785  18.25     15.98  12.72  -12.45     20.71
log-0098               230  10.22      9.07   7.41    1.51     26.60
log-0099               644  26.62     25.65  23.30  -23.29     19.76
log-0113               246  11.05     12.98   9.00   -8.44     26.26
log-0115               177  25.54     29.90  24.37  -24.37     23.66
log-0116               185   8.78      8.82   5.66   -4.60     31.02
log-0117               126   6.54      7.59   4.47   -4.03     25.57
log-0118               113  15.07     16.66  13.71  -13.55     36.55
log-0119               145   6.72      6.62   5.12    1.06     35.94
log-0120                52  19.93     19.83  18.63  -18.60     33.90
log-0122               331  23.70     24.60  21.18  -21.17     32.73
log-0125               196  29.73     31.56  28.61  -28.61     32.57
log-0126                56  26.52     29.07  25.53  -25.53     36.35
log-0127               106   9.96      8.64   8.11    6.53     35.22
log-0129               431  27.81     26.37  27.09   26.30     32.12
log-0132               285  19.69     18.61  16.29  -16.27     32.88
log-0133                94  13.48     14.83  11.86  -11.77     29.99
log-0145-filtered-c01  361   9.81      9.33   5.79   -4.19     17.76
log-0147-filtered-c01   87  35.38     35.55  34.89  -34.87     16.07
log-0147-filtered-c02  336  29.08     36.32  27.65   25.84     17.36
log-0151-filtered-c01   90  11.12     10.73   6.71   -5.85     19.35
log-0152-filtered-c01  159  22.00     24.02  21.50  -21.46     18.11
log-0152-filtered-c02   92  33.24     31.99  32.72  -32.69     14.22
log-0155-filtered-c01  135  36.77     38.36  36.42  -36.42     26.54
log103                 425  32.98     32.11  32.22  -32.13     22.94
log104                 424  31.88     31.54  31.12  -30.92     21.82
log106                 161  17.54     17.25  17.15  -17.13     22.35
log107                 183  19.50     17.67  19.19  -19.19     21.68
log109                 190  24.02     22.80  23.64  -23.64     22.17
log110                 177  23.58     22.96  23.00  -23.00     21.09
log112                 352  18.13     18.23  17.42  -17.11     23.10

Median                 230.00  18.51     18.40  17.42  -16.27     23.10
Mean                   264.22  18.87     19.27  17.42  -11.55     24.86
Std Dev                164.05  10.17     10.36  10.63   16.50      5.89

Error stats on active_mask (raw): travel/mag_model/adj vs travel
log                      t   rmse  bin_rmse    mae      me  rms_trav
---------------------  ---  -----  --------  -----  ------  --------
log-0046               401  16.71     18.40  16.37  -16.37     20.21
log-0048               379   4.31      5.51   3.36   -2.20     22.36
log-0049               199  21.11     21.52  20.85  -20.84     22.35
log-0054               706   6.74      8.40   5.51   -5.44     17.59
log-0055               236   4.62      4.81   3.02   -0.65     23.23
log-0056               287   7.11      6.93   6.31    6.04     22.01
log-0058               400   4.56      5.16   2.97    1.36     23.54
log-0063               126  18.51     19.32  18.06  -18.06     25.95
log-0071_183           419   6.07      6.62   5.50    5.31     21.41
log-0072_184           339   5.99      6.95   4.69   -4.45     20.80
log-0073_185           297  20.73     21.31  20.33  -20.33     19.22
log-0078-valid         141  10.34      9.58   8.17    2.28     29.06
log-0079               251  36.66     37.10  36.06  -36.06     25.35
log-0080-valid         335  41.19     39.82  40.37   39.67     29.27
log-0081               785  18.25     15.98  12.72  -12.45     20.71
log-0098               230  10.22      9.07   7.41    1.51     26.60
log-0099               644  26.62     25.65  23.30  -23.29     19.76
log-0113               246  11.05     12.98   9.00   -8.44     26.26
log-0115               177  25.54     29.90  24.37  -24.37     23.66
log-0116               185   8.78      8.82   5.66   -4.60     31.02
log-0117               126   6.54      7.59   4.47   -4.03     25.57
log-0118               113  15.07     16.66  13.71  -13.55     36.55
log-0119               145   6.72      6.62   5.12    1.06     35.94
log-0120                52  19.93     19.83  18.63  -18.60     33.90
log-0122               331  23.70     24.60  21.18  -21.17     32.73
log-0125               196  29.73     31.56  28.61  -28.61     32.57
log-0126                56  26.52     29.07  25.53  -25.53     36.35
log-0127               106   9.96      8.64   8.11    6.53     35.22
log-0129               431  27.81     26.37  27.09   26.30     32.12
log-0132               285  19.69     18.61  16.29  -16.27     32.88
log-0133                94  13.48     14.83  11.86  -11.77     29.99
log-0145-filtered-c01  361   9.81      9.33   5.79   -4.19     17.76
log-0147-filtered-c01   87  35.38     35.55  34.89  -34.87     16.07
log-0147-filtered-c02  336  29.08     36.32  27.65   25.84     17.36
log-0151-filtered-c01   90  11.12     10.73   6.71   -5.85     19.35
log-0152-filtered-c01  159  22.00     24.02  21.50  -21.46     18.11
log-0152-filtered-c02   92  33.24     31.99  32.72  -32.69     14.22
log-0155-filtered-c01  135  36.77     38.36  36.42  -36.42     26.54
log103                 425  32.98     32.11  32.22  -32.13     22.94
log104                 424  31.88     31.54  31.12  -30.92     21.82
log106                 161  17.54     17.25  17.15  -17.13     22.35
log107                 183  19.50     17.67  19.19  -19.19     21.68
log109                 190  24.02     22.80  23.64  -23.64     22.17
log110                 177  23.58     22.96  23.00  -23.00     21.09
log112                 352  18.13     18.23  17.42  -17.11     23.10

Median                 230.00  18.51     18.40  17.42  -16.27     23.10
Mean                   264.22  18.87     19.27  17.42  -11.55     24.86
Std Dev                164.05  10.17     10.36  10.63   16.50      5.89

Error stats on active_mask (raw): travel/solved vs travel
log                      t   rmse  bin_rmse    mae      me  rms_trav
---------------------  ---  -----  --------  -----  ------  --------
log-0046               401   4.09      5.26   3.50   -3.28     20.21
log-0048               379   3.06      3.42   2.22    1.08     22.36
log-0049               199   6.36      6.88   5.85   -5.74     22.35
log-0054               706   2.65      3.25   2.04   -0.97     17.59
log-0055               236   2.62      2.88   2.00   -0.44     23.23
log-0056               287   4.18      3.92   3.36    3.21     22.01
log-0058               400   2.76      2.92   1.99    0.62     23.54
log-0063               126   3.85      3.41   3.02    1.88     25.95
log-0071_183           419   5.90      5.58   5.60   -5.51     21.41
log-0072_184           339   3.46      3.33   2.75    2.49     20.80
log-0073_185           297   2.62      2.97   1.81   -1.17     19.22
log-0078-valid         141   6.38      5.90   4.71   -3.19     29.06
log-0079               251   6.13      5.72   5.13    3.96     25.35
log-0080-valid         335   9.26      9.91   7.86   -7.66     29.27
log-0081               785  10.00      9.36   8.70    3.27     20.71
log-0098               230   5.28      5.14   3.96    0.49     26.60
log-0099               644   8.83      7.56   7.62    2.69     19.76
log-0113               246  11.68     12.96  10.98  -10.92     26.26
log-0115               177   5.98      8.70   4.05   -2.38     23.66
log-0116               185  10.17      9.89   9.21    8.76     31.02
log-0117               126  11.53     12.07  11.03  -11.00     25.57
log-0118               113  15.35     13.84  14.38   14.32     36.55
log-0119               145   6.14      7.65   4.96   -3.02     35.94
log-0120                52   6.32      6.31   5.11   -4.41     33.90
log-0122               331  11.27      9.44   9.98    8.27     32.73
log-0125               196   9.23     11.02   7.94   -6.92     32.57
log-0126                56  55.31     52.62  54.87   54.87     36.35
log-0127               106  10.59     13.30   9.38   -9.09     35.22
log-0129               431   7.78      9.07   6.56   -6.26     32.12
log-0132               285  12.82     12.00  11.28  -11.19     32.88
log-0133                94  10.11      9.30   9.07    8.91     29.99
log-0145-filtered-c01  361  13.61     14.44  12.70   12.21     17.76
log-0147-filtered-c01   87  14.74     15.15  13.76  -13.34     16.07
log-0147-filtered-c02  336  27.86     34.52  26.79   26.72     17.36
log-0151-filtered-c01   90  11.78     13.48  10.18    9.63     19.35
log-0152-filtered-c01  159   7.72      9.59   6.63   -6.12     18.11
log-0152-filtered-c02   92  10.07      9.03   8.70   -8.27     14.22
log-0155-filtered-c01  135  13.89     15.62  13.02  -12.72     26.54
log103                 425   9.71      9.98   9.04   -8.31     22.94
log104                 424  20.73     21.80  20.12  -19.86     21.82
log106                 161   2.55      2.83   1.77   -0.53     22.35
log107                 183   2.91      5.77   1.95    0.84     21.68
log109                 190   7.09      6.59   6.57   -6.47     22.17
log110                 177   3.90      4.24   2.85   -2.10     21.09
log112                 352   9.53      9.97   8.78   -8.24     23.10

Median                 230.00   7.78      9.03   6.63   -2.10     23.10
Mean                   264.22   9.51      9.97   8.53   -0.33     24.86
Std Dev                164.05   8.53      8.58   8.58   11.72      5.89

Error stats on active_mask (raw): travel/solved/mag_nuisance/delta_lifted vs travel
log                      t   rmse  bin_rmse    mae      me  rms_trav
---------------------  ---  -----  --------  -----  ------  --------
log-0046               401  16.34     17.97  16.10  -16.10     20.21
log-0048               379   4.40      5.75   3.22   -2.43     22.36
log-0049               199  20.70     21.30  20.50  -20.50     22.35
log-0054               706   6.37      7.93   5.36   -5.34     17.59
log-0055               236   3.91      4.09   2.53   -0.55     23.23
log-0056               287   6.91      6.48   6.37    6.04     22.01
log-0058               400   4.11      4.47   2.86    1.16     23.54
log-0063               126  18.70     19.61  18.41  -18.41     25.95
log-0071_183           419   5.74      6.18   5.38    5.15     21.41
log-0072_184           339   5.18      5.95   4.29   -4.12     20.80
log-0073_185           297  20.22     20.74  19.96  -19.96     19.22
log-0078-valid         141   8.36      8.18   6.33    2.05     29.06
log-0079               251  36.56     37.19  36.23  -36.23     25.35
log-0080-valid         335  40.22     39.22  39.77   39.58     29.27
log-0081               785  15.72     14.15  11.89  -11.79     20.71
log-0098               230   5.96      5.65   4.43    1.32     26.60
log-0099               644  23.94     23.92  22.23  -22.23     19.76
log-0113               246   9.81     11.54   8.45   -8.23     26.26
log-0115               177  24.66     28.79  23.79  -23.79     23.66
log-0116               185   7.15      7.30   5.07   -4.19     31.02
log-0117               126   6.72      7.74   4.64   -4.24     25.57
log-0118               113  15.24     16.78  14.25  -14.12     36.55
log-0119               145   5.60      5.77   4.43    1.11     35.94
log-0120                52  18.40     18.31  17.61  -17.58     33.90
log-0122               331  22.05     23.32  20.36  -20.35     32.73
log-0125               196  28.64     30.72  27.88  -27.88     32.57
log-0126                56  25.95     28.57  25.16  -25.16     36.35
log-0127               106   8.93      7.94   7.55    6.75     35.22
log-0129               431  27.28     25.81  26.66   26.60     32.12
log-0132               285  18.11     17.36  15.66  -15.64     32.88
log-0133                94  12.31     13.51  11.35  -11.32     29.99
log-0145-filtered-c01  361   8.00      7.52   4.89   -3.36     17.76
log-0147-filtered-c01   87  35.33     35.82  34.87  -34.83     16.07
log-0147-filtered-c02  336  28.59     35.24  27.46   26.74     17.36
log-0151-filtered-c01   90  10.81     10.54   6.70   -5.66     19.35
log-0152-filtered-c01  159  21.71     23.72  21.28  -21.25     18.11
log-0152-filtered-c02   92  33.14     32.17  32.70  -32.68     14.22
log-0155-filtered-c01  135  37.69     39.15  37.35  -37.33     26.54
log103                 425  32.06     32.05  31.68  -31.67     22.94
log104                 424  30.07     31.03  29.62  -29.45     21.82
log106                 161  17.34     17.33  17.08  -17.08     22.35
log107                 183  19.45     18.03  19.23  -19.23     21.68
log109                 190  23.50     22.86  23.28  -23.28     22.17
log110                 177  22.82     22.88  22.58  -22.58     21.09
log112                 352  17.73     18.22  17.07  -16.96     23.10

Median                 230.00  18.11     18.03  17.08  -15.64     23.10
Mean                   264.22  18.05     18.64  16.99  -11.31     24.86
Std Dev                164.05  10.31     10.60  10.73   16.45      5.89

Error stats on active_mask (raw): travel/mag_nuisance/corrected vs travel
log                      t   rmse  bin_rmse    mae      me  rms_trav
---------------------  ---  -----  --------  -----  ------  --------
log-0046               401  16.55     18.55  16.23  -16.23     20.21
log-0048               379   4.43      5.72   3.22   -2.41     22.36
log-0049               199  20.80     21.40  20.57  -20.57     22.35
log-0054               706   6.51      8.35   5.41   -5.38     17.59
log-0055               236   4.17      4.44   2.64   -0.63     23.23
log-0056               287   7.04      6.70   6.43    5.93     22.01
log-0058               400   4.38      4.95   2.93    1.15     23.54
log-0063               126  18.63     19.50  18.30  -18.30     25.95
log-0071_183           419   5.89      6.52   5.47    5.12     21.41
log-0072_184           339   5.76      6.66   4.50   -4.32     20.80
log-0073_185           297  20.50     21.22  20.15  -20.15     19.22
log-0078-valid         141   8.38      8.25   6.36    2.01     29.06
log-0079               251  36.48     37.02  36.17  -36.17     25.35
log-0080-valid         335  40.15     39.15  39.66   39.65     29.27
log-0081               785  15.95     14.28  12.03  -11.91     20.71
log-0098               230   5.93      5.67   4.50    1.31     26.60
log-0099               644  24.16     24.20  22.40  -22.39     19.76
log-0113               246  10.04     11.88   8.55   -8.32     26.26
log-0115               177  25.11     29.48  24.12  -24.12     23.66
log-0116               185   7.40      7.51   5.15   -4.33     31.02
log-0117               126   7.08      8.26   4.78   -4.41     25.57
log-0118               113  15.36     17.00  14.33  -14.18     36.55
log-0119               145   5.70      5.87   4.49    1.00     35.94
log-0120                52  18.93     18.86  18.04  -18.01     33.90
log-0122               331  22.61     23.82  20.70  -20.69     32.73
log-0125               196  28.91     31.01  28.12  -28.12     32.57
log-0126                56  26.16     28.85  25.35  -25.34     36.35
log-0127               106   8.99      7.79   7.58    6.79     35.22
log-0129               431  27.23     25.83  26.60   26.53     32.12
log-0132               285  18.58     17.80  15.91  -15.89     32.88
log-0133                94  12.51     13.68  11.46  -11.39     29.99
log-0145-filtered-c01  361   9.22      8.78   5.61   -4.01     17.76
log-0147-filtered-c01   87  35.39     35.57  34.92  -34.90     16.07
log-0147-filtered-c02  336  29.12     36.36  27.73   25.95     17.36
log-0151-filtered-c01   90  11.44     11.07   6.92   -6.06     19.35
log-0152-filtered-c01  159  22.03     24.07  21.54  -21.50     18.11
log-0152-filtered-c02   92  33.30     32.06  32.78  -32.75     14.22
log-0155-filtered-c01  135  36.95     38.49  36.63  -36.63     26.54
log103                 425  32.21     32.04  31.82  -31.82     22.94
log104                 424  30.64     31.32  30.21  -30.18     21.82
log106                 161  17.53     17.50  17.22  -17.22     22.35
log107                 183  19.47     17.91  19.20  -19.20     21.68
log109                 190  23.72     22.87  23.45  -23.45     22.17
log110                 177  23.05     22.97  22.70  -22.70     21.09
log112                 352  17.99     18.32  17.29  -17.25     23.10

Median                 230.00  18.58     18.32  17.29  -15.89     23.10
Mean                   264.22  18.28     18.88  17.12  -11.46     24.86
Std Dev                164.05  10.24     10.51  10.70   16.43      5.89

Binned RMSE summary on active_mask (raw, GT 0-200 mm, bins>=40)
log                    range_%  n_bins  mag_adj  solved
---------------------  -------  ------  -------  ------
log-0046                 99.98       7    18.40    5.26
log-0048                 99.84       7     5.51    3.42
log-0049                 99.22       6    21.52    6.88
log-0054                 99.60       6     8.40    3.25
log-0055                 99.67       7     4.81    2.88
log-0056                 99.16       7     6.93    3.92
log-0058                 99.84       7     5.16    2.92
log-0063                100.00       7    19.32    3.41
log-0071_183             99.57       7     6.62    5.58
log-0072_184             99.24       7     6.95    3.33
log-0073_185             99.48       6    21.31    2.97
log-0078-valid           99.58       8     9.58    5.90
log-0079                 99.87       8    37.10    5.72
log-0080-valid           99.34       9    39.82    9.91
log-0081                 99.98       8    15.98    9.36
log-0098                 99.71       8     9.07    5.14
log-0099                 99.99       8    25.65    7.56
log-0113                 99.96       8    12.98   12.96
log-0115                 99.98       8    29.90    8.70
log-0116                 99.91       8     8.82    9.89
log-0117                 99.86       9     7.59   12.07
log-0118                 99.26       9    16.66   13.84
log-0119                 99.89       9     6.62    7.65
log-0120                 99.49       8    19.83    6.31
log-0122                 99.15       9    24.60    9.44
log-0125                 99.62       9    31.56   11.02
log-0126                 99.84       8    29.07   52.62
log-0127                 99.55       9     8.64   13.30
log-0129                 99.67      10    26.37    9.07
log-0132                 99.52      10    18.61   12.00
log-0133                 99.90       8    14.83    9.30
log-0145-filtered-c01    99.46       6     9.33   14.44
log-0147-filtered-c01    99.98       5    35.55   15.15
log-0147-filtered-c02    99.97       6    36.32   34.52
log-0151-filtered-c01    99.45       5    10.73   13.48
log-0152-filtered-c01    99.49       5    24.02    9.59
log-0152-filtered-c02    99.44       5    31.99    9.03
log-0155-filtered-c01    99.99       7    38.36   15.62
log103                  100.00       7    32.11    9.98
log104                   99.94       7    31.54   21.80
log106                  100.00       7    17.25    2.83
log107                   99.35       7    17.67    5.77
log109                   99.76       7    22.80    6.59
log110                  100.00       6    22.96    4.24
log112                  100.00       7    18.23    9.97

Stage RMSE summary on active_mask (raw)
log                        n  mag_rmse  mag_adj  solved  solv-mag  anchor_%  |mag|_%  badmag_%  zv/1k
---------------------  -----  --------  -------  ------  --------  --------  -------  --------  -----
log-0046               40196     16.71    16.71    4.09    -12.62     88.55    88.55      0.00  40.30
log-0048               37904      4.31     4.31    3.06     -1.25     88.44    88.44      0.00  33.19
log-0049               19982     21.11    21.11    6.36    -14.75     79.12    79.12      0.00  34.03
log-0054               70683      6.74     6.74    2.65     -4.09     90.03    90.03      0.00  34.66
log-0055               23686      4.62     4.62    2.62     -2.00     88.50    88.50      0.00  34.32
log-0056               28767      7.11     7.11    4.18     -2.93     90.73    90.73      0.00  38.90
log-0058               40022      4.56     4.56    2.76     -1.79     91.05    91.05      0.00  46.65
log-0063               12641     18.51    18.51    3.85    -14.66     84.45    84.45      0.00  24.13
log-0071_183           41931      6.07     6.07    5.90     -0.17     93.26    93.26      0.00  50.25
log-0072_184           33903      5.99     5.99    3.46     -2.53     91.07    91.07      0.00  43.48
log-0073_185           29781     20.73    20.73    2.62    -18.10     80.99    80.99      0.00  37.20
log-0078-valid         14190     10.34    10.34    6.38     -3.96     89.84    89.84      0.00  38.62
log-0079               25171     36.66    36.66    6.13    -30.53     94.86    94.86      0.00  42.35
log-0080-valid         33522     41.19    41.19    9.26    -31.93     97.12    97.12      0.00  38.75
log-0081               78588     18.25    18.25   10.00     -8.26     84.81    84.81      0.00  33.58
log-0098               23071     10.22    10.22    5.28     -4.95     92.18    92.18      0.00  32.03
log-0099               64496     26.62    26.62    8.83    -17.79     76.40    76.40      0.00  33.44
log-0113               24657     11.05    11.05   11.68      0.63     89.06    89.06      0.00  29.44
log-0115               17766     25.54    25.54    5.98    -19.56     81.19    81.19      0.00  41.93
log-0116               18502      8.78     8.78   10.17      1.39     79.79    79.79      0.00  47.83
log-0117               12606      6.54     6.54   11.53      4.99     92.13    92.13      0.00  34.59
log-0118               11345     15.07    15.07   15.35      0.27     93.21    93.21      0.00  47.16
log-0119               14547      6.72     6.72    6.14     -0.59     85.73    85.73      0.00  47.71
log-0120                5276     19.93    19.93    6.32    -13.61     78.73    78.73      0.00  38.29
log-0122               33149     23.70    23.70   11.27    -12.43     74.52    74.52      0.00  41.24
log-0125               19613     29.73    29.73    9.23    -20.50     67.65    67.65      0.00  31.31
log-0126                5670     26.52    26.52   55.31     28.79     77.90    77.90      0.00  39.15
log-0127               10610      9.96     9.96   10.59      0.62     91.69    91.69      0.00  42.70
log-0129               43135     27.81    27.81    7.78    -20.02     90.21    90.21      0.00  36.98
log-0132               28513     19.69    19.69   12.82     -6.87     70.07    70.07      0.00  34.12
log-0133                9464     13.48    13.48   10.11     -3.37     91.18    91.18      0.00  45.12
log-0145-filtered-c01  36157      9.81     9.81   13.61      3.80     78.70    78.70      0.00  41.54
log-0147-filtered-c01   8783     35.38    35.38   14.74    -20.63     89.07    89.07      0.00  35.98
log-0147-filtered-c02  33643     29.08    29.08   27.86     -1.22     92.57    92.57      0.00  41.05
log-0151-filtered-c01   9050     11.12    11.12   11.78      0.66     84.55    84.55      0.00  31.49
log-0152-filtered-c01  15965     22.00    22.00    7.72    -14.28     87.00    87.00      0.00  31.26
log-0152-filtered-c02   9247     33.24    33.24   10.07    -23.17     88.20    88.20      0.00  34.93
log-0155-filtered-c01  13540     36.77    36.77   13.89    -22.88     75.04    75.04      0.00  48.38
log103                 42577     32.98    32.98    9.71    -23.28     71.69    71.69      0.00  36.31
log104                 42490     31.88    31.88   20.73    -11.15     60.56    60.56      0.00  40.64
log106                 16155     17.54    17.54    2.55    -15.00     81.96    81.96      0.00  40.54
log107                 18378     19.50    19.50    2.91    -16.59     80.12    80.12      0.00  35.97
log109                 19081     24.02    24.02    7.09    -16.93     79.58    79.58      0.00  38.57
log110                 17724     23.58    23.58    3.90    -19.68     79.08    79.08      0.00  40.40
log112                 35224     18.13    18.13    9.53     -8.60     87.97    87.97      0.00  38.18

Conditioned solved RMSE on active_mask (raw)
log                    trav<30  trav>100  acc>p80  mag<p20  mag>25000  bad_mag     zv
---------------------  -------  --------  -------  -------  ---------  -------  -----
log-0046                  5.60      6.37     4.61     4.28      12.19      nan   4.24
log-0048                  5.35      2.79     2.79     4.91       5.74      nan   2.75
log-0049                  8.66      5.99     6.00     8.42        nan      nan   5.89
log-0054                  4.64      1.99     2.58     4.15        nan      nan   2.52
log-0055                  3.76      2.66     2.55     3.73       0.40      nan   2.23
log-0056                  6.12      2.79     4.32     5.65       0.78      nan   3.95
log-0058                  4.66      2.21     3.23     4.01       5.24      nan   2.53
log-0063                  4.92      1.94     3.28     4.43       7.33      nan   3.53
log-0071_183              4.72      4.97     6.06     4.88       8.86      nan   5.82
log-0072_184              5.20      2.28     3.75     4.84       2.39      nan   3.44
log-0073_185              5.18      2.45     2.82     4.74       4.65      nan   2.90
log-0078-valid            8.96      4.63     5.40    10.25        nan      nan   5.37
log-0079                  8.19      3.31     5.89     7.35        nan      nan   5.56
log-0080-valid            7.31     10.64     9.96    10.24        nan      nan   9.41
log-0081                 12.41      7.57     9.73    13.69        nan      nan   9.62
log-0098                  7.15      4.68     4.33     7.44        nan      nan   5.13
log-0099                 11.62      4.73     8.35    11.11        nan      nan   8.78
log-0113                 10.71     14.94    11.85    11.77        nan      nan  11.96
log-0115                  9.63      9.64     5.54    10.37        nan      nan   6.02
log-0116                 10.78      8.46    10.92     9.83        nan      nan  10.61
log-0117                 10.36     13.47    11.16    11.54        nan      nan  11.53
log-0118                 17.25      9.68    15.63    17.00        nan      nan  15.29
log-0119                  5.35      9.08     7.01     5.51        nan      nan   6.48
log-0120                  6.31      6.91     7.37     6.87        nan      nan   5.43
log-0122                 10.16      7.31    12.55     9.03        nan      nan  12.04
log-0125                  9.22     12.06     9.27    10.85        nan      nan   9.75
log-0126                 57.84     45.57    53.63    56.43        nan      nan  53.49
log-0127                  6.27     15.73    12.27     6.88        nan      nan  11.57
log-0129                  7.61      9.07     8.05     8.39        nan      nan   7.59
log-0132                 13.58     11.34    11.59    17.05        nan      nan  11.58
log-0133                 11.83      6.17    10.35    11.21        nan      nan  10.30
log-0145-filtered-c01    11.55     17.82    14.26     8.01        nan      nan  13.70
log-0147-filtered-c01    14.82     25.77    14.06    13.44        nan      nan  14.35
log-0147-filtered-c02    23.07     48.70    29.38    20.45      60.65      nan  28.90
log-0151-filtered-c01    10.62     38.66    13.48     9.00      44.79      nan  12.24
log-0152-filtered-c01     7.93     15.23     8.32     9.18        nan      nan   7.97
log-0152-filtered-c02    11.88     10.60     9.23    10.56        nan      nan   9.47
log-0155-filtered-c01    13.28     19.57    13.28    11.23      17.86      nan  14.12
log103                    8.95     10.89     9.90    10.73      16.93      nan   9.25
log104                   15.20     25.34    21.21    20.24      37.53      nan  21.01
log106                    4.51      2.70     3.19     4.08       3.20      nan   2.50
log107                    5.10      7.99     3.41     4.62      13.28      nan   3.10
log109                    7.34      6.39     7.67     7.77      10.56      nan   7.00
log110                    7.17      4.17     4.17     6.61      15.05      nan   3.32
log112                    7.35     11.86    10.49     8.90      18.73      nan   9.71

Condition occurrence on active_mask (raw, % of diagnostic samples)
log                    trav<30  trav>100  acc>p80  mag<p20  mag>25000  bad_mag    zv
---------------------  -------  --------  -------  -------  ---------  -------  ----
log-0046                  8.75      1.83    20.00    20.00       0.06     0.00  4.03
log-0048                 17.72      1.85    20.00    20.00       0.03     0.00  3.32
log-0049                 18.30      1.32    20.00    20.00       0.00     0.00  3.40
log-0054                 14.66      0.39    20.00    20.00       0.00     0.00  3.47
log-0055                 23.01      1.38    20.00    20.00       0.01     0.00  3.43
log-0056                 18.37      1.55    20.00    20.00       0.04     0.00  3.89
log-0058                 14.36      2.66    20.00    20.00       0.07     0.00  4.66
log-0063                 20.13      2.67    20.00    20.00       0.10     0.00  2.41
log-0071_183             16.37      1.15    20.00    20.00       0.01     0.00  5.02
log-0072_184             16.54      1.27    20.00    20.00       0.04     0.00  4.35
log-0073_185             14.86      0.60    20.00    20.00       0.05     0.00  3.72
log-0078-valid           21.14      6.26    20.00    20.00       0.00     0.00  3.86
log-0079                 15.40      5.15    20.00    20.00       0.00     0.00  4.24
log-0080-valid           17.44      7.51    20.00    20.00       0.00     0.00  3.88
log-0081                 13.62      2.35    20.00    20.00       0.00     0.00  3.36
log-0098                 17.81      4.44    20.00    20.00       0.00     0.00  3.20
log-0099                 10.44      2.07    20.00    20.00       0.00     0.00  3.34
log-0113                 11.62      6.74    20.00    20.00       0.00     0.00  2.94
log-0115                 10.08      4.94    20.00    20.00       0.00     0.00  4.19
log-0116                 16.95     11.43    20.00    20.00       0.00     0.00  4.78
log-0117                 10.99      5.66    20.00    20.00       0.00     0.00  3.46
log-0118                 14.48     20.63    20.00    20.00       0.00     0.00  4.72
log-0119                 22.10     15.26    20.00    20.00       0.00     0.00  4.77
log-0120                 17.10     13.53    20.00    20.00       0.00     0.00  3.83
log-0122                 18.68     12.18    20.00    20.00       0.00     0.00  4.12
log-0125                 16.79     12.77    20.00    20.00       0.00     0.00  3.13
log-0126                 23.88     14.74    20.00    20.00       0.00     0.00  3.92
log-0127                 20.90     15.07    20.00    20.00       0.00     0.00  4.27
log-0129                 15.25     12.72    20.00    20.00       0.00     0.00  3.70
log-0132                 15.04     13.00    20.00    20.00       0.00     0.00  3.41
log-0133                 12.65     12.08    20.00    20.00       0.00     0.00  4.51
log-0145-filtered-c01    39.06      0.45    20.00    20.00       0.00     0.00  4.15
log-0147-filtered-c01    44.61      0.25    20.00    20.00       0.00     0.00  3.60
log-0147-filtered-c02    35.40      0.36    20.00    20.00       0.01     0.00  4.10
log-0151-filtered-c01    42.11      0.63    20.00    20.00       0.09     0.00  3.15
log-0152-filtered-c01    35.20      0.21    20.00    20.00       0.00     0.00  3.13
log-0152-filtered-c02    47.19      0.06    20.01    20.01       0.00     0.00  3.49
log-0155-filtered-c01    32.70      3.76    20.00    20.00       0.19     0.00  4.84
log103                   18.02      2.02    20.00    20.00       0.07     0.00  3.63
log104                   15.17      2.05    20.00    20.00       0.05     0.00  4.06
log106                   14.39      1.94    20.00    20.00       0.15     0.00  4.05
log107                   14.73      1.76    20.00    20.00       0.07     0.00  3.60
log109                   12.76      2.56    20.00    20.00       0.18     0.00  3.86
log110                   13.07      1.96    20.00    20.00       0.02     0.00  4.04
log112                   15.55      2.68    20.00    20.00       0.19     0.00  3.82

Solver delta vs mag_adj RMSE on active_mask (raw, negative is better)
log                       all  trav<30  trav>100  anchor_off  anchor_on  bad_mag      zv
---------------------  ------  -------  --------  ----------  ---------  -------  ------
log-0046               -12.62   -16.73    -12.09      -16.44     -12.03      nan  -14.15
log-0048                -1.25    -2.08     -2.83       -3.35      -0.73      nan   -1.86
log-0049               -14.75   -16.30    -14.12      -16.42     -14.31      nan  -15.58
log-0054                -4.09    -7.33     -2.41       -8.92      -3.13      nan   -5.18
log-0055                -2.00    -4.79     -0.56       -7.05      -0.46      nan   -2.69
log-0056                -2.93    -3.97     -2.87       -4.91      -2.67      nan   -2.70
log-0058                -1.79    -4.76     -0.56       -6.08      -0.90      nan   -2.23
log-0063               -14.66   -15.60    -18.95      -17.99     -13.97      nan  -15.29
log-0071_183            -0.17    -3.35     -2.21       -1.99      -0.03      nan   -0.19
log-0072_184            -2.53    -5.79     -2.71       -9.70      -1.06      nan   -5.02
log-0073_185           -18.10   -22.45    -14.87      -22.08     -17.25      nan  -19.51
log-0078-valid          -3.96    -7.99     -1.56       -9.93      -2.63      nan   -3.04
log-0079               -30.53   -25.27    -36.46      -27.37     -30.74      nan  -31.89
log-0080-valid         -31.93   -36.01    -27.73      -18.26     -32.26      nan  -31.69
log-0081                -8.26   -13.46     -2.15      -22.62      -3.09      nan   -5.33
log-0098                -4.95    -9.23      0.23      -15.92      -3.09      nan   -5.47
log-0099               -17.79   -19.74    -18.95      -30.18     -12.11      nan  -17.57
log-0113                 0.63   -11.36      3.75      -11.62       3.28      nan   -0.20
log-0115               -19.56   -28.08    -20.40      -25.71     -18.07      nan  -21.09
log-0116                 1.39    -5.01      3.16       -6.62       4.96      nan    1.17
log-0117                 4.99    -4.26      7.48       -6.76       7.01      nan    4.79
log-0118                 0.27     0.23     -9.41      -11.35       1.29      nan   -0.76
log-0119                -0.59    -5.10      4.06       -5.11       0.43      nan   -0.55
log-0120               -13.61   -21.93    -11.01      -21.36     -10.85      nan  -15.07
log-0122               -12.43   -26.54    -13.75      -27.13      -5.40      nan  -11.76
log-0125               -20.50   -25.33    -19.79      -24.26     -18.45      nan  -21.91
log-0126                28.79    31.66     11.63       28.78      28.81      nan   24.60
log-0127                 0.62    -8.56     12.21       -7.32       1.42      nan    2.64
log-0129               -20.02   -20.47    -16.17      -14.84     -20.56      nan  -20.50
log-0132                -6.87   -20.72     -1.51      -14.19      -1.37      nan   -7.10
log-0133                -3.37    -7.86     -8.72      -14.67      -1.79      nan   -4.13
log-0145-filtered-c01    3.80    -3.55     13.37      -12.10      11.39      nan    1.76
log-0147-filtered-c01  -20.63   -20.85    -19.30      -21.46     -20.58      nan  -20.29
log-0147-filtered-c02   -1.22    -1.28     -3.56       -5.78      -0.92      nan   -1.00
log-0151-filtered-c01    0.66    -4.72      7.37      -15.04       5.91      nan    2.94
log-0152-filtered-c01  -14.28   -15.27    -14.62      -17.55     -13.73      nan  -14.63
log-0152-filtered-c02  -23.17   -24.00    -24.23      -25.01     -22.94      nan  -22.86
log-0155-filtered-c01  -22.88   -22.41    -23.06      -21.98     -23.18      nan  -22.63
log103                 -23.28   -17.50    -22.49      -23.92     -23.02      nan  -24.50
log104                 -11.15   -10.03     -9.07      -13.36      -9.75      nan  -11.89
log106                 -15.00   -16.31    -12.95      -16.50     -14.77      nan  -16.34
log107                 -16.59   -16.38     -4.86      -17.08     -16.62      nan  -17.18
log109                 -16.93   -18.50    -14.89      -19.55     -16.19      nan  -18.19
log110                 -19.68   -19.72    -17.74      -21.84     -19.31      nan  -21.50
log112                  -8.60    -7.73     -8.15       -9.85      -8.42      nan   -9.55

Travel-bin occurrence on active_mask (% of in-range samples, GT 0-200 mm)
log                     0-20  20-40  40-60  60-80  80-100  100-120  120-140  140-160  160-180  180-200
---------------------  -----  -----  -----  -----  ------  -------  -------  -------  -------  -------
log-0046                3.98  19.34  41.29  25.03    8.53     1.59     0.16     0.07     0.01     0.00
log-0048               10.23  21.76  38.33  20.86    6.96     1.56     0.25     0.04     0.00     0.00
log-0049                9.22  22.75  36.32  21.89    8.49     1.32     0.01     0.00     0.00     0.00
log-0054                5.65  32.17  42.50  16.26    3.03     0.35     0.04     0.00     0.00     0.00
log-0055               14.14  25.34  35.21  17.66    6.27     1.09     0.28     0.02     0.00     0.00
log-0056                9.69  26.40  37.74  19.23    5.38     1.35     0.18     0.04     0.00     0.00
log-0058                8.39  18.21  34.66  26.73    9.35     2.01     0.56     0.09     0.00     0.00
log-0063               12.80  18.05  25.88  28.00   12.59     2.13     0.43     0.11     0.00     0.00
log-0071_183            8.06  21.89  36.07  25.63    7.18     1.04     0.11     0.01     0.00     0.00
log-0072_184            8.08  23.79  40.57  20.68    5.60     1.13     0.13     0.02     0.00     0.00
log-0073_185            7.18  24.96  44.28  19.11    3.86     0.50     0.09     0.02     0.00     0.00
log-0078-valid         13.45  17.30  30.83  21.16   10.98     3.89     1.35     0.70     0.26     0.08
log-0079                7.44  20.29  35.16  22.30    9.66     3.68     1.14     0.31     0.02     0.00
log-0080-valid         10.05  18.30  31.02  21.87   11.21     4.61     1.82     0.81     0.24     0.07
log-0081                6.19  23.38  46.29  16.48    5.31     1.66     0.54     0.11     0.02     0.01
log-0098               11.59  18.42  34.11  21.95    9.48     2.87     1.05     0.44     0.06     0.03
log-0099                4.46  19.94  46.83  20.94    5.75     1.54     0.39     0.11     0.02     0.01
log-0113                7.60  13.24  39.09  24.65    8.67     3.93     1.92     0.70     0.16     0.03
log-0115                5.87  11.41  36.59  32.31    8.88     3.32     1.02     0.39     0.12     0.08
log-0116               10.34  13.71  22.02  26.28   16.25     7.38     2.95     0.88     0.13     0.06
log-0117                7.01  12.28  39.14  27.83    8.07     2.97     1.36     0.99     0.36     0.00
log-0118                9.35   9.71  18.64  25.20   16.37    10.91     6.12     2.50     0.91     0.28
log-0119               14.76  14.42  19.43  20.58   15.53     9.04     4.18     1.34     0.53     0.19
log-0120               12.73  10.52  24.84  21.55   16.77     8.55     3.20     1.18     0.57     0.10
log-0122               11.74  13.18  22.10  24.57   16.14     7.56     3.23     1.09     0.37     0.02
log-0125               11.16  12.52  24.72  24.71   14.07     7.55     3.48     1.42     0.32     0.06
log-0126               15.47  17.66  19.01  19.48   13.64     7.01     4.98     2.00     0.65     0.09
log-0127               15.51  11.30  21.07  20.72   16.28    10.17     3.16     1.22     0.49     0.09
log-0129               10.66  10.60  21.02  26.77   18.20     8.02     3.38     0.93     0.33     0.10
log-0132                9.25  13.13  24.86  25.74   13.95     7.24     3.57     1.58     0.42     0.25
log-0133                7.59  12.10  22.68  27.73   17.83     7.94     2.83     1.04     0.18     0.07
log-0145-filtered-c01  15.25  50.30  25.41   7.14    1.43     0.43     0.03     0.00     0.00     0.00
log-0147-filtered-c01  15.89  57.01  20.70   4.92    1.23     0.22     0.03     0.00     0.00     0.00
log-0147-filtered-c02  12.05  51.98  26.25   7.29    2.06     0.32     0.04     0.00     0.00     0.00
log-0151-filtered-c01  19.54  47.77  24.96   5.18    1.92     0.33     0.22     0.06     0.02     0.00
log-0152-filtered-c01  13.94  47.53  28.14   7.98    2.20     0.21     0.00     0.00     0.00     0.00
log-0152-filtered-c02  16.12  60.55  19.67   2.95    0.64     0.07     0.00     0.00     0.00     0.00
log-0155-filtered-c01  17.22  33.55  24.83  14.40    6.25     2.68     0.79     0.24     0.05     0.00
log103                  9.72  23.96  35.70  20.01    8.58     1.74     0.22     0.06     0.00     0.00
log104                  7.52  25.82  38.13  19.69    6.79     1.72     0.28     0.03     0.01     0.00
log106                  9.71  19.52  40.43  21.52    6.87     1.41     0.54     0.00     0.00     0.00
log107                  8.75  23.41  39.16  21.65    5.26     1.42     0.33     0.02     0.00     0.00
log109                  7.11  20.11  40.75  22.18    7.29     1.97     0.42     0.16     0.02     0.00
log110                  6.26  23.54  39.89  21.03    7.33     1.81     0.12     0.03     0.00     0.00
log112                  9.25  22.09  35.30  23.55    7.13     2.03     0.55     0.08     0.02     0.00

Per-bin RMSE on active_mask (raw): travel/mag_model/adj vs travel [GT 0-200 mm]
log                     0-20  20-40  40-60  60-80  80-100  100-120  120-140  140-160  160-180  180-200
---------------------  -----  -----  -----  -----  ------  -------  -------  -------  -------  -------
log-0046               23.98  16.90  15.03  17.05   18.39    18.14    18.00    23.26    37.35      nan
log-0048                8.97   3.32   2.38   3.98    5.08     5.30     6.73     9.22      nan      nan
log-0049               24.15  22.66  19.34  20.94   21.55    20.10    21.29      nan      nan      nan
log-0054               16.35   6.00   5.06   6.13    6.00     4.53     3.00      nan      nan      nan
log-0055               10.32   3.40   2.20   2.22    2.11     2.74     4.69     1.09      nan      nan
log-0056               11.19   7.59   6.44   5.05    4.82     5.73     5.55     3.14      nan      nan
log-0058               11.25   4.90   3.32   2.09    2.01     2.46     3.22     5.27      nan      nan
log-0063               21.54  16.67  16.30  18.83   20.58    20.72    19.96    26.89      nan      nan
log-0071_183            7.68   6.96   5.74   4.62    5.19     7.09     8.23     3.05      nan      nan
log-0072_184           14.12   4.31   3.94   5.18    5.60     4.97     4.61     7.76      nan      nan
log-0073_185           27.54  22.78  18.72  19.58   19.78    17.92    14.47    13.75      nan      nan
log-0078-valid         18.15  12.43   8.38   6.08    4.68     4.83     6.20     7.69    11.37    16.78
log-0079               30.89  36.48  36.31  37.21   39.40    40.22    39.36    36.16    35.84    30.65
log-0080-valid         43.16  43.72  41.35  39.85   39.22    38.91    37.79    37.42    36.34    35.39
log-0081               27.04  23.68  16.41  12.04   10.62    10.18     9.08     6.13     3.79     8.74
log-0098               17.39  13.02   8.82   6.13    5.23     4.61     3.85     2.76     6.93    13.96
log-0099               30.46  31.21  26.04  23.11   23.56    23.97    23.63    21.46    17.63    12.94
log-0113               24.62  11.74   7.75   8.41    9.69    11.12    11.48    11.15    10.24     8.06
log-0115               37.91  33.82  22.21  22.06   24.97    28.63    31.55    33.99    35.90    36.53
log-0116               17.30  12.34   6.85   5.10    5.29     5.57     5.11     3.52     3.21     6.50
log-0117               17.26   4.61   4.19   4.83    5.74     6.46     6.05     4.57     5.18      nan
log-0118               18.68  10.82  10.32  12.85   16.45    18.70    19.62    19.37    19.49    18.26
log-0119               10.76   9.07   6.03   3.78    3.76     4.71     5.20     5.69     7.06     4.28
log-0120               29.02  22.53  16.32  17.65   18.80    18.66    17.37    14.69    15.23    19.77
log-0122               37.70  31.35  19.93  16.25   17.64    20.07    21.87    23.38    25.30    24.14
log-0125               34.28  33.76  27.06  27.01   29.00    31.10    32.44    33.48    34.70    34.60
log-0126               26.77  22.80  21.77  25.15   29.40    32.52    34.18    36.44    37.55    34.65
log-0127               15.22  13.34  10.80   7.79    5.03     3.49     2.82     4.87     4.04     2.65
log-0129               26.92  30.93  29.02  28.02   26.46    25.52    24.94    24.49    24.07    22.19
log-0132               36.10  27.49  18.25  12.37   12.52    12.95    12.97    12.59    12.13    11.03
log-0133               22.35  12.99  10.43  11.64   13.87    14.94    15.03    14.32    13.82    15.43
log-0145-filtered-c01  20.89   7.12   2.69   2.34    2.21     4.21     7.38      nan      nan      nan
log-0147-filtered-c01  31.10  37.46  31.89  35.37   40.98    44.96    45.75      nan      nan      nan
log-0147-filtered-c02  23.35  26.80  31.64  36.39   42.17    50.46    65.45    63.81      nan      nan
log-0151-filtered-c01  20.36   7.48   5.30   3.26    8.18    17.72    38.12    49.84    49.66      nan
log-0152-filtered-c01  24.46  20.84  21.17  24.89   27.98    29.85      nan      nan      nan      nan
log-0152-filtered-c02  33.09  35.18  27.34  29.89   33.80    34.83      nan      nan      nan      nan
log-0155-filtered-c01  31.44  40.19  33.73  36.16   40.21    42.86    42.40    39.60    47.92      nan
log103                 18.62  35.95  33.49  33.36   33.93    32.91    33.28    44.67      nan      nan
log104                 15.35  35.42  31.58  31.60   33.00    33.50    35.56    51.30    60.78      nan
log106                 19.05  18.94  16.45  17.63   17.69    16.08    14.45      nan      nan      nan
log107                 20.40  20.64  19.09  19.52   17.97    13.54     9.49    11.15      nan      nan
log109                 23.13  26.49  23.30  23.83   23.35    20.78    17.75    30.97    37.09      nan
log110                 21.31  27.40  22.12  22.70   22.73    20.92    23.40    54.00      nan      nan
log112                 12.44  17.74  18.36  19.28   19.67    18.87    20.11    30.00    49.30      nan

Per-bin RMSE on active_mask (raw): travel/solved vs travel [GT 0-200 mm]
log                     0-20  20-40  40-60  60-80  80-100  100-120  120-140  140-160  160-180  180-200
---------------------  -----  -----  -----  -----  ------  -------  -------  -------  -------  -------
log-0046                6.65   3.17   2.89   4.78    6.10     5.96     5.95    11.21    21.68      nan
log-0048                6.04   3.72   2.14   1.35    2.20     2.47     3.75     5.83      nan      nan
log-0049                9.29   6.27   5.01   6.67    7.28     6.00     3.60      nan      nan      nan
log-0054                6.15   2.47   2.00   2.52    2.40     1.86     2.83      nan      nan      nan
log-0055                4.20   2.41   1.97   2.54    2.30     2.36     3.65     0.81      nan      nan
log-0056                6.42   5.16   3.66   2.33    2.24     2.83     2.80     0.78      nan      nan
log-0058                5.22   3.34   2.37   1.83    1.97     1.94     2.15     5.64      nan      nan
log-0063                4.61   5.87   4.30   1.71    1.10     1.36     1.20     7.08      nan      nan
log-0071_183            4.95   4.84   5.90   6.83    6.48     4.89     4.76    11.83      nan      nan
log-0072_184            5.70   4.22   3.15   1.90    1.60     2.26     2.51     1.65      nan      nan
log-0073_185            5.04   3.52   1.49   1.97    2.25     1.97     3.72     4.67      nan      nan
log-0078-valid          9.43   7.18   5.34   5.49    5.60     5.02     3.60     3.12     5.61     7.09
log-0079                9.69   6.69   6.17   5.16    3.89     3.12     3.42     4.71     4.71     1.98
log-0080-valid          6.28   8.86   9.38   9.66   10.17    10.28    11.14    10.96    11.47    13.76
log-0081               11.36  13.00   9.05   7.85    7.52     7.24     7.95     9.37    11.65     5.38
log-0098                7.36   6.53   4.18   4.22    5.40     5.04     4.37     2.42     4.39     4.76
log-0099               10.28  11.84   8.52   6.54    5.71     4.68     4.53     4.62     7.99    10.06
log-0113                9.83  11.28  10.88  11.99   13.37    14.82    15.30    15.02    13.77    12.32
log-0115                8.62  10.34   4.93   3.34    4.92     8.10    10.96    13.37    14.99    16.32
log-0116               10.32  11.56  11.12  10.05    8.62     8.21     8.40    10.28    10.38     8.39
log-0117                9.90  10.92  10.88  12.13   13.19    14.04    13.67    12.22    10.96      nan
log-0118               15.96  18.56  18.87  16.00   12.44    10.15     9.10     9.19     9.39     8.69
log-0119                5.76   4.11   4.31   5.30    7.33     8.69     9.37     9.91    10.70    10.10
log-0120                6.08   6.17   5.19   6.54    7.27     7.17     6.19     5.60     7.48    13.82
log-0122                9.78  11.95  12.75  12.43   10.40     8.14     6.25     4.80     3.06     2.82
log-0125                8.35  10.64   7.89   8.22    9.53    11.30    12.56    13.79    14.64    15.69
log-0126               56.90  60.88  58.81  54.97   50.70    47.77    45.68    42.31    32.18    13.95
log-0127                6.06   6.98   7.92  10.44   13.14    15.05    16.49    17.49    18.93    18.03
log-0129                7.62   7.34   7.50   7.39    8.09     8.80     9.28     9.47    10.23    13.27
log-0132               10.36  16.93  14.54  11.01   11.07    11.43    11.43    11.23    10.44     9.71
log-0133               10.80  13.05  11.88   9.77    7.31     6.19     5.87     6.51     7.70     6.54
log-0145-filtered-c01   9.56  13.77  14.98  14.41   14.99    17.68    19.99      nan      nan      nan
log-0147-filtered-c01  10.68  16.40  11.72  14.73   20.24    25.74    25.98      nan      nan      nan
log-0147-filtered-c02  20.94  25.88  30.51  34.86   40.15    47.79    56.76    41.01      nan      nan
log-0151-filtered-c01   9.76  11.22  11.63  13.01   19.58    29.11    48.76    43.25    38.08      nan
log-0152-filtered-c01   7.83   6.83   7.35  10.79   13.49    15.23      nan      nan      nan      nan
log-0152-filtered-c02   9.76  11.46   4.94   6.69   10.60    10.60      nan      nan      nan      nan
log-0155-filtered-c01   9.97  16.30  11.26  12.78   16.63    19.57    19.83    17.75    23.12      nan
log103                  7.49  10.26   8.97  10.47   11.07    10.27    10.86    21.87      nan      nan
log104                  9.57  20.73  20.54  22.45   23.86    24.41    26.70    38.47    53.81      nan
log106                  4.11   3.29   1.73   2.14    2.38     2.63     2.87      nan      nan      nan
log107                  5.61   3.23   1.77   1.56    2.94     7.00    11.30     7.80      nan      nan
log109                  6.94   6.98   6.86   7.67    7.29     5.13     4.65    13.23    27.81      nan
log110                  6.94   5.10   2.67   3.17    3.24     2.41     7.50    24.40      nan      nan
log112                  6.73   8.09   9.53  10.79   11.24    10.60    11.78    19.25    43.25      nan

Pooled correlation with |travel/solved error| on active_mask (raw)
feature     corr
----------  ----
mag         0.02
travel      0.00
|accel_hp|  0.06
|dmag|      0.01
|dtravel|   0.05


======================== CENTERED ERRORS ========================

Cache duration summary
log                    samples  dt_ms  total_s  active_s  active_%
---------------------  -------  -----  -------  --------  --------
log-0046                 61344  10.00   613.44    402.05     65.54
log-0048                108107  10.00  1081.07    379.13     35.07
log-0049                 44189  10.00   441.89    199.91     45.24
log-0054                111816  10.00  1118.16    706.92     63.22
log-0055                 43808  10.00   438.08    236.95     54.09
log-0056                 61448  10.00   614.48    287.76     46.83
log-0058                 44381  10.00   443.81    400.31     90.20
log-0063                 40781  10.00   407.81    126.50     31.02
log-0071_183             65908  10.00   659.08    419.40     63.63
log-0072_184             58385  10.00   583.85    339.12     58.08
log-0073_185             39115  10.00   391.15    297.90     76.16
log-0078-valid           22949  10.00   229.49    141.99     61.87
log-0079                 46824  10.00   468.24    251.80     53.78
log-0080-valid           64718  10.00   647.18    335.31     51.81
log-0081                113665  10.00  1136.65    785.97     69.15
log-0098                 36717  10.00   367.17    230.80     62.86
log-0099                 65579  10.00   655.79    645.05     98.36
log-0113                 29498  10.00   294.98    246.66     83.62
log-0115                 18835  10.00   188.35    177.75     94.37
log-0116                 27283  10.00   272.83    185.11     67.85
log-0117                 14148  10.00   141.48    126.15     89.16
log-0118                 16328  10.00   163.28    113.54     69.54
log-0119                 19584  10.00   195.84    145.56     74.33
log-0120                  6011  10.00    60.11     52.85     87.92
log-0122                 43803  10.00   438.03    331.58     75.70
log-0125                 24913  10.00   249.13    196.22     78.76
log-0126                 14241  10.00   142.41     56.79     39.88
log-0127                 26922  10.00   269.22    106.19     39.44
log-0129                 77819  10.00   778.19    431.44     55.44
log-0132                 34660  10.00   346.60    285.22     82.29
log-0133                 10539  10.00   105.39     94.73     89.89
log-0145-filtered-c01    39029  10.00   390.29    361.66     92.66
log-0147-filtered-c01    20838  10.00   208.38     87.92     42.19
log-0147-filtered-c02    38239  10.00   382.39    336.52     88.00
log-0151-filtered-c01     9991  10.00    99.91     90.59     90.67
log-0152-filtered-c01    16176  10.00   161.76    159.74     98.75
log-0152-filtered-c02    10216  10.00   102.16     92.56     90.60
log-0155-filtered-c01    14580  10.00   145.80    135.49     92.93
log103                   72985  10.00   729.85    425.86     58.35
log104                   59770  10.00   597.70    424.99     71.10
log106                   19535  10.00   195.35    161.64     82.74
log107                   25307  10.00   253.07    183.87     72.66
log109                   21587  10.00   215.87    190.90     88.43
log110                   21450  10.00   214.50    177.33     82.67
log112                   63277  10.00   632.77    352.33     55.68

Error stats on active_mask (centered): travel/mag_model vs travel
log                      t   rmse  bin_rmse    mae  nrmse  rms_trav
---------------------  ---  -----  --------  -----  -----  --------
log-0046               401   3.34      4.37   2.15   0.17     20.21
log-0048               379   3.70      4.50   2.43   0.17     22.36
log-0049               199   3.34      3.50   2.16   0.15     22.35
log-0054               706   3.98      5.35   2.70   0.23     17.59
log-0055               236   4.58      4.82   3.01   0.20     23.23
log-0056               287   3.76      4.27   2.46   0.17     22.01
log-0058               400   4.35      5.11   2.70   0.18     23.54
log-0063               126   4.05      4.08   2.85   0.16     25.95
log-0071_183           419   2.93      3.47   1.81   0.14     21.41
log-0072_184           339   4.00      4.65   2.38   0.19     20.80
log-0073_185           297   4.04      4.56   2.67   0.21     19.22
log-0078-valid         141  10.09      9.16   7.34   0.35     29.06
log-0079               251   6.59      5.77   5.06   0.26     25.35
log-0080-valid         335  11.08     10.16   6.86   0.38     29.27
log-0081               785  13.35     11.78  10.39   0.64     20.71
log-0098               230  10.11      9.11   7.00   0.38     26.60
log-0099               644  12.89     10.24  10.59   0.65     19.76
log-0113               246   7.13      7.90   4.78   0.27     26.26
log-0115               177   7.64      8.99   5.44   0.32     23.66
log-0116               185   7.48      7.41   5.02   0.24     31.02
log-0117               126   5.15      5.68   3.35   0.20     25.57
log-0118               113   6.60      7.01   5.16   0.18     36.55
log-0119               145   6.64      6.85   5.08   0.18     35.94
log-0120                52   7.15      7.25   5.20   0.21     33.90
log-0122               331  10.65      9.43   8.17   0.33     32.73
log-0125               196   8.08      7.49   6.09   0.25     32.57
log-0126                56   7.19      7.91   5.90   0.20     36.35
log-0127               106   7.52      7.80   5.24   0.21     35.22
log-0129               431   9.05      8.71   5.43   0.28     32.12
log-0132               285  11.09     10.15   8.39   0.34     32.88
log-0133                94   6.57      7.15   4.67   0.22     29.99
log-0145-filtered-c01  361   8.87      8.88   6.47   0.50     17.76
log-0147-filtered-c01   87   5.97      5.60   4.64   0.37     16.07
log-0147-filtered-c02  336  13.33     18.71   7.56   0.77     17.36
log-0151-filtered-c01   90   9.46     10.13   5.59   0.49     19.35
log-0152-filtered-c01  159   4.84      5.18   3.48   0.27     18.11
log-0152-filtered-c02   92   6.02      5.16   4.89   0.42     14.22
log-0155-filtered-c01  135   5.08      5.48   4.09   0.19     26.54
log103                 425   7.43      8.39   4.43   0.32     22.94
log104                 424   7.74      9.77   4.22   0.35     21.82
log106                 161   3.79      4.30   2.24   0.17     22.35
log107                 183   3.47      6.02   2.10   0.16     21.68
log109                 190   4.25      5.01   2.75   0.19     22.17
log110                 177   5.22      5.98   3.23   0.25     21.09
log112                 352   6.00      6.74   3.95   0.26     23.10

Median                 230.00   6.59      6.85   4.67   0.24     23.10
Mean                   264.22   6.79      7.11   4.71   0.28     24.86
Std Dev                164.05   2.82      2.75   2.14   0.14      5.89

Error stats on active_mask (centered): travel/mag_model/adj vs travel
log                      t   rmse  bin_rmse    mae  nrmse  rms_trav
---------------------  ---  -----  --------  -----  -----  --------
log-0046               401   3.34      4.37   2.15   0.17     20.21
log-0048               379   3.70      4.50   2.43   0.17     22.36
log-0049               199   3.34      3.50   2.16   0.15     22.35
log-0054               706   3.98      5.35   2.70   0.23     17.59
log-0055               236   4.58      4.82   3.01   0.20     23.23
log-0056               287   3.76      4.27   2.46   0.17     22.01
log-0058               400   4.35      5.11   2.70   0.18     23.54
log-0063               126   4.05      4.08   2.85   0.16     25.95
log-0071_183           419   2.93      3.47   1.81   0.14     21.41
log-0072_184           339   4.00      4.65   2.38   0.19     20.80
log-0073_185           297   4.04      4.56   2.67   0.21     19.22
log-0078-valid         141  10.09      9.16   7.34   0.35     29.06
log-0079               251   6.59      5.77   5.06   0.26     25.35
log-0080-valid         335  11.08     10.16   6.86   0.38     29.27
log-0081               785  13.35     11.78  10.39   0.64     20.71
log-0098               230  10.11      9.11   7.00   0.38     26.60
log-0099               644  12.89     10.24  10.59   0.65     19.76
log-0113               246   7.13      7.90   4.78   0.27     26.26
log-0115               177   7.64      8.99   5.44   0.32     23.66
log-0116               185   7.48      7.41   5.02   0.24     31.02
log-0117               126   5.15      5.68   3.35   0.20     25.57
log-0118               113   6.60      7.01   5.16   0.18     36.55
log-0119               145   6.64      6.85   5.08   0.18     35.94
log-0120                52   7.15      7.25   5.20   0.21     33.90
log-0122               331  10.65      9.43   8.17   0.33     32.73
log-0125               196   8.08      7.49   6.09   0.25     32.57
log-0126                56   7.19      7.91   5.90   0.20     36.35
log-0127               106   7.52      7.80   5.24   0.21     35.22
log-0129               431   9.05      8.71   5.43   0.28     32.12
log-0132               285  11.09     10.15   8.39   0.34     32.88
log-0133                94   6.57      7.15   4.67   0.22     29.99
log-0145-filtered-c01  361   8.87      8.88   6.47   0.50     17.76
log-0147-filtered-c01   87   5.97      5.60   4.64   0.37     16.07
log-0147-filtered-c02  336  13.33     18.71   7.56   0.77     17.36
log-0151-filtered-c01   90   9.46     10.13   5.59   0.49     19.35
log-0152-filtered-c01  159   4.84      5.18   3.48   0.27     18.11
log-0152-filtered-c02   92   6.02      5.16   4.89   0.42     14.22
log-0155-filtered-c01  135   5.08      5.48   4.09   0.19     26.54
log103                 425   7.43      8.39   4.43   0.32     22.94
log104                 424   7.74      9.77   4.22   0.35     21.82
log106                 161   3.79      4.30   2.24   0.17     22.35
log107                 183   3.47      6.02   2.10   0.16     21.68
log109                 190   4.25      5.01   2.75   0.19     22.17
log110                 177   5.22      5.98   3.23   0.25     21.09
log112                 352   6.00      6.74   3.95   0.26     23.10

Median                 230.00   6.59      6.85   4.67   0.24     23.10
Mean                   264.22   6.79      7.11   4.71   0.28     24.86
Std Dev                164.05   2.82      2.75   2.14   0.14      5.89

Error stats on active_mask (centered): travel/solved vs travel
log                      t  rmse  bin_rmse   mae  nrmse  rms_trav
---------------------  ---  ----  --------  ----  -----  --------
log-0046               401  2.45      3.18  1.82   0.12     20.21
log-0048               379  2.86      3.66  2.11   0.13     22.36
log-0049               199  2.75      3.00  1.84   0.12     22.35
log-0054               706  2.47      2.94  1.87   0.14     17.59
log-0055               236  2.59      2.89  1.96   0.11     23.23
log-0056               287  2.68      2.98  2.01   0.12     22.01
log-0058               400  2.69      2.92  1.98   0.11     23.54
log-0063               126  3.35      3.40  2.53   0.13     25.95
log-0071_183           419  2.10      2.40  1.52   0.10     21.41
log-0072_184           339  2.39      2.70  1.70   0.12     20.80
log-0073_185           297  2.35      2.66  1.52   0.12     19.22
log-0078-valid         141  5.52      5.34  4.36   0.19     29.06
log-0079               251  4.68      4.73  3.66   0.18     25.35
log-0080-valid         335  5.21      4.98  4.05   0.18     29.27
log-0081               785  9.45      8.15  7.65   0.46     20.71
log-0098               230  5.25      5.19  3.88   0.20     26.60
log-0099               644  8.41      7.23  7.03   0.43     19.76
log-0113               246  4.14      4.38  3.28   0.16     26.26
log-0115               177  5.49      7.28  4.03   0.23     23.66
log-0116               185  5.16      4.97  3.87   0.17     31.02
log-0117               126  3.46      3.40  2.59   0.14     25.57
log-0118               113  5.53      5.81  4.36   0.15     36.55
log-0119               145  5.34      6.05  4.35   0.15     35.94
log-0120                52  4.52      4.63  3.47   0.13     33.90
log-0122               331  7.65      7.23  6.04   0.23     32.73
log-0125               196  6.11      6.40  4.93   0.19     32.57
log-0126                56  7.02      7.93  5.55   0.19     36.35
log-0127               106  5.42      6.79  4.33   0.15     35.22
log-0129               431  4.62      4.87  3.68   0.14     32.12
log-0132               285  6.26      5.03  4.85   0.19     32.88
log-0133                94  4.78      5.08  3.70   0.16     29.99
log-0145-filtered-c01  361  6.00      5.77  4.52   0.34     17.76
log-0147-filtered-c01   87  6.28      6.42  4.66   0.39     16.07
log-0147-filtered-c02  336  7.87     13.07  5.46   0.45     17.36
log-0151-filtered-c01   90  6.78      7.54  4.23   0.35     19.35
log-0152-filtered-c01  159  4.71      5.66  3.47   0.26     18.11
log-0152-filtered-c02   92  5.75      5.32  4.67   0.40     14.22
log-0155-filtered-c01  135  5.57      6.18  4.09   0.21     26.54
log103                 425  5.02      5.58  3.39   0.22     22.94
log104                 424  5.95      7.88  3.67   0.27     21.82
log106                 161  2.49      2.82  1.69   0.11     22.35
log107                 183  2.79      5.39  1.77   0.13     21.68
log109                 190  2.89      3.75  2.05   0.13     22.17
log110                 177  3.29      3.84  2.13   0.16     21.09
log112                 352  4.80      5.27  3.48   0.21     23.10

Median                 230.00  4.80      5.08  3.67   0.16     23.10
Mean                   264.22  4.73      5.17  3.55   0.20     24.86
Std Dev                164.05  1.80      2.01  1.47   0.10      5.89

Error stats on active_mask (centered): travel/solved/mag_nuisance/delta_lifted vs travel
log                      t   rmse  bin_rmse   mae  nrmse  rms_trav
---------------------  ---  -----  --------  ----  -----  --------
log-0046               401   2.84      3.82  2.00   0.14     20.21
log-0048               379   3.67      4.46  2.45   0.16     22.36
log-0049               199   2.90      3.16  1.97   0.13     22.35
log-0054               706   3.48      4.74  2.26   0.20     17.59
log-0055               236   3.87      4.10  2.57   0.17     23.23
log-0056               287   3.37      3.79  2.24   0.15     22.01
log-0058               400   3.94      4.49  2.51   0.17     23.54
log-0063               126   3.31      3.36  2.52   0.13     25.95
log-0071_183           419   2.55      2.99  1.65   0.12     21.41
log-0072_184           339   3.14      3.63  2.01   0.15     20.80
log-0073_185           297   3.19      3.74  2.16   0.17     19.22
log-0078-valid         141   8.11      7.73  5.59   0.28     29.06
log-0079               251   4.83      4.84  3.75   0.19     25.35
log-0080-valid         335   7.14      6.65  4.66   0.24     29.27
log-0081               785  10.40      9.57  8.24   0.50     20.71
log-0098               230   5.81      5.68  4.14   0.22     26.60
log-0099               644   8.88      7.75  7.34   0.45     19.76
log-0113               246   5.34      5.79  3.76   0.20     26.26
log-0115               177   6.51      8.22  4.72   0.28     23.66
log-0116               185   5.79      5.74  4.15   0.19     31.02
log-0117               126   5.22      5.75  3.33   0.20     25.57
log-0118               113   5.74      6.03  4.49   0.16     36.55
log-0119               145   5.49      6.05  4.36   0.15     35.94
log-0120                52   5.44      5.55  4.12   0.16     33.90
log-0122               331   8.48      7.72  6.66   0.26     32.73
log-0125               196   6.56      6.47  5.15   0.20     32.57
log-0126                56   6.34      7.28  5.29   0.17     36.35
log-0127               106   5.84      7.18  4.53   0.17     35.22
log-0129               431   6.05      5.91  4.38   0.19     32.12
log-0132               285   9.14      8.45  7.07   0.28     32.88
log-0133                94   4.85      5.22  3.73   0.16     29.99
log-0145-filtered-c01  361   7.26      7.23  5.32   0.41     17.76
log-0147-filtered-c01   87   5.90      5.88  4.43   0.37     16.07
log-0147-filtered-c02  336  10.13     15.30  6.38   0.58     17.36
log-0151-filtered-c01   90   9.21      9.90  5.41   0.48     19.35
log-0152-filtered-c01  159   4.45      5.12  3.34   0.25     18.11
log-0152-filtered-c02   92   5.53      5.19  4.47   0.39     14.22
log-0155-filtered-c01  135   5.22      5.54  3.82   0.20     26.54
log103                 425   4.99      5.50  3.32   0.22     22.94
log104                 424   6.03      8.01  3.43   0.28     21.82
log106                 161   3.02      3.49  1.91   0.14     22.35
log107                 183   2.95      5.62  1.94   0.14     21.68
log109                 190   3.24      4.21  2.23   0.15     22.17
log110                 177   3.29      3.70  2.24   0.16     21.09
log112                 352   5.16      5.80  3.55   0.22     23.10

Median                 230.00   5.34      5.68  3.76   0.19     23.10
Mean                   264.22   5.44      5.92  3.90   0.23     24.86
Std Dev                164.05   2.05      2.20  1.60   0.11      5.89

Error stats on active_mask (centered): travel/mag_nuisance/corrected vs travel
log                      t   rmse  bin_rmse   mae  nrmse  rms_trav
---------------------  ---  -----  --------  ----  -----  --------
log-0046               401   3.23      4.50  2.14   0.16     20.21
log-0048               379   3.72      4.45  2.44   0.17     22.36
log-0049               199   3.08      3.31  2.06   0.14     22.35
log-0054               706   3.67      5.21  2.33   0.21     17.59
log-0055               236   4.12      4.45  2.69   0.18     23.23
log-0056               287   3.79      4.35  2.39   0.17     22.01
log-0058               400   4.23      5.00  2.58   0.18     23.54
log-0063               126   3.49      3.51  2.61   0.13     25.95
log-0071_183           419   2.91      3.71  1.74   0.14     21.41
log-0072_184           339   3.81      4.38  2.27   0.18     20.80
log-0073_185           297   3.72      4.39  2.46   0.19     19.22
log-0078-valid         141   8.14      7.80  5.64   0.28     29.06
log-0079               251   4.78      4.82  3.74   0.19     25.35
log-0080-valid         335   6.34      6.19  4.58   0.22     29.27
log-0081               785  10.60      9.87  8.38   0.51     20.71
log-0098               230   5.78      5.69  4.20   0.22     26.60
log-0099               644   9.07      7.85  7.50   0.46     19.76
log-0113               246   5.63      6.13  3.93   0.21     26.26
log-0115               177   6.96      8.49  5.10   0.29     23.66
log-0116               185   5.99      5.97  4.27   0.19     31.02
log-0117               126   5.54      6.21  3.51   0.22     25.57
log-0118               113   5.91      6.13  4.58   0.16     36.55
log-0119               145   5.61      6.11  4.42   0.16     35.94
log-0120                52   5.86      5.97  4.46   0.17     33.90
log-0122               331   9.10      8.18  7.24   0.28     32.73
log-0125               196   6.71      6.54  5.25   0.21     32.57
log-0126                56   6.52      7.53  5.39   0.18     36.35
log-0127               106   5.89      6.76  4.60   0.17     35.22
log-0129               431   6.16      6.00  4.47   0.19     32.12
log-0132               285   9.61      8.97  7.45   0.29     32.88
log-0133                94   5.15      5.48  3.93   0.17     29.99
log-0145-filtered-c01  361   8.30      8.35  6.20   0.47     17.76
log-0147-filtered-c01   87   5.91      5.54  4.59   0.37     16.07
log-0147-filtered-c02  336  13.23     18.61  7.42   0.76     17.36
log-0151-filtered-c01   90   9.70     10.40  5.89   0.50     19.35
log-0152-filtered-c01  159   4.79      5.13  3.46   0.26     18.11
log-0152-filtered-c02   92   5.99      5.15  4.87   0.42     14.22
log-0155-filtered-c01  135   4.89      5.27  3.96   0.18     26.54
log103                 425   5.02      5.59  3.38   0.22     22.94
log104                 424   5.30      6.58  3.27   0.24     21.82
log106                 161   3.32      3.90  2.08   0.15     22.35
log107                 183   3.25      5.94  2.01   0.15     21.68
log109                 190   3.57      4.43  2.36   0.16     22.17
log110                 177   4.02      4.52  2.56   0.19     21.09
log112                 352   5.08      5.46  3.52   0.22     23.10

Median                 230.00   5.54      5.69  3.93   0.19     23.10
Mean                   264.22   5.72      6.20  4.09   0.24     24.86
Std Dev                164.05   2.23      2.48  1.69   0.13      5.89

Binned RMSE summary on active_mask (centered, GT 0-200 mm, bins>=40)
log                    range_%  n_bins  mag_adj  solved
---------------------  -------  ------  -------  ------
log-0046                 99.98       7     4.37    3.18
log-0048                 99.84       7     4.50    3.66
log-0049                 99.22       6     3.50    3.00
log-0054                 99.60       6     5.35    2.94
log-0055                 99.67       7     4.82    2.89
log-0056                 99.16       7     4.27    2.98
log-0058                 99.84       7     5.11    2.92
log-0063                100.00       7     4.08    3.40
log-0071_183             99.57       7     3.47    2.40
log-0072_184             99.24       7     4.65    2.70
log-0073_185             99.48       6     4.56    2.66
log-0078-valid           99.58       8     9.16    5.34
log-0079                 99.87       8     5.77    4.73
log-0080-valid           99.34       9    10.16    4.98
log-0081                 99.98       8    11.78    8.15
log-0098                 99.71       8     9.11    5.19
log-0099                 99.99       8    10.24    7.23
log-0113                 99.96       8     7.90    4.38
log-0115                 99.98       8     8.99    7.28
log-0116                 99.91       8     7.41    4.97
log-0117                 99.86       9     5.68    3.40
log-0118                 99.26       9     7.01    5.81
log-0119                 99.89       9     6.85    6.05
log-0120                 99.49       8     7.25    4.63
log-0122                 99.15       9     9.43    7.23
log-0125                 99.62       9     7.49    6.40
log-0126                 99.84       8     7.91    7.93
log-0127                 99.55       9     7.80    6.79
log-0129                 99.67      10     8.71    4.87
log-0132                 99.52      10    10.15    5.03
log-0133                 99.90       8     7.15    5.08
log-0145-filtered-c01    99.46       6     8.88    5.77
log-0147-filtered-c01    99.98       5     5.60    6.42
log-0147-filtered-c02    99.97       6    18.71   13.07
log-0151-filtered-c01    99.45       5    10.13    7.54
log-0152-filtered-c01    99.49       5     5.18    5.66
log-0152-filtered-c02    99.44       5     5.16    5.32
log-0155-filtered-c01    99.99       7     5.48    6.18
log103                  100.00       7     8.39    5.58
log104                   99.94       7     9.77    7.88
log106                  100.00       7     4.30    2.82
log107                   99.35       7     6.02    5.39
log109                   99.76       7     5.01    3.75
log110                  100.00       6     5.98    3.84
log112                  100.00       7     6.74    5.27

Stage RMSE summary on active_mask (centered)
log                        n  mag_rmse  mag_adj  solved  solv-mag  anchor_%  |mag|_%  badmag_%  zv/1k
---------------------  -----  --------  -------  ------  --------  --------  -------  --------  -----
log-0046               40196      3.34     3.34    2.45     -0.89     88.55    88.55      0.00  40.30
log-0048               37904      3.70     3.70    2.86     -0.84     88.44    88.44      0.00  33.19
log-0049               19982      3.34     3.34    2.75     -0.59     79.12    79.12      0.00  34.03
log-0054               70683      3.98     3.98    2.47     -1.52     90.03    90.03      0.00  34.66
log-0055               23686      4.58     4.58    2.59     -1.99     88.50    88.50      0.00  34.32
log-0056               28767      3.76     3.76    2.68     -1.08     90.73    90.73      0.00  38.90
log-0058               40022      4.35     4.35    2.69     -1.66     91.05    91.05      0.00  46.65
log-0063               12641      4.05     4.05    3.35     -0.70     84.45    84.45      0.00  24.13
log-0071_183           41931      2.93     2.93    2.10     -0.83     93.26    93.26      0.00  50.25
log-0072_184           33903      4.00     4.00    2.39     -1.61     91.07    91.07      0.00  43.48
log-0073_185           29781      4.04     4.04    2.35     -1.69     80.99    80.99      0.00  37.20
log-0078-valid         14190     10.09    10.09    5.52     -4.56     89.84    89.84      0.00  38.62
log-0079               25171      6.59     6.59    4.68     -1.91     94.86    94.86      0.00  42.35
log-0080-valid         33522     11.08    11.08    5.21     -5.87     97.12    97.12      0.00  38.75
log-0081               78588     13.35    13.35    9.45     -3.90     84.81    84.81      0.00  33.58
log-0098               23071     10.11    10.11    5.25     -4.86     92.18    92.18      0.00  32.03
log-0099               64496     12.89    12.89    8.41     -4.48     76.40    76.40      0.00  33.44
log-0113               24657      7.13     7.13    4.14     -2.99     89.06    89.06      0.00  29.44
log-0115               17766      7.64     7.64    5.49     -2.15     81.19    81.19      0.00  41.93
log-0116               18502      7.48     7.48    5.16     -2.32     79.79    79.79      0.00  47.83
log-0117               12606      5.15     5.15    3.46     -1.69     92.13    92.13      0.00  34.59
log-0118               11345      6.60     6.60    5.53     -1.07     93.21    93.21      0.00  47.16
log-0119               14547      6.64     6.64    5.34     -1.30     85.73    85.73      0.00  47.71
log-0120                5276      7.15     7.15    4.52     -2.63     78.73    78.73      0.00  38.29
log-0122               33149     10.65    10.65    7.65     -2.99     74.52    74.52      0.00  41.24
log-0125               19613      8.08     8.08    6.11     -1.97     67.65    67.65      0.00  31.31
log-0126                5670      7.19     7.19    7.02     -0.18     77.90    77.90      0.00  39.15
log-0127               10610      7.52     7.52    5.42     -2.11     91.69    91.69      0.00  42.70
log-0129               43135      9.05     9.05    4.62     -4.43     90.21    90.21      0.00  36.98
log-0132               28513     11.09    11.09    6.26     -4.82     70.07    70.07      0.00  34.12
log-0133                9464      6.57     6.57    4.78     -1.80     91.18    91.18      0.00  45.12
log-0145-filtered-c01  36157      8.87     8.87    6.00     -2.87     78.70    78.70      0.00  41.54
log-0147-filtered-c01   8783      5.97     5.97    6.28      0.32     89.07    89.07      0.00  35.98
log-0147-filtered-c02  33643     13.33    13.33    7.87     -5.45     92.57    92.57      0.00  41.05
log-0151-filtered-c01   9050      9.46     9.46    6.78     -2.68     84.55    84.55      0.00  31.49
log-0152-filtered-c01  15965      4.84     4.84    4.71     -0.13     87.00    87.00      0.00  31.26
log-0152-filtered-c02   9247      6.02     6.02    5.75     -0.27     88.20    88.20      0.00  34.93
log-0155-filtered-c01  13540      5.08     5.08    5.57      0.49     75.04    75.04      0.00  48.38
log103                 42577      7.43     7.43    5.02     -2.41     71.69    71.69      0.00  36.31
log104                 42490      7.74     7.74    5.95     -1.80     60.56    60.56      0.00  40.64
log106                 16155      3.79     3.79    2.49     -1.30     81.96    81.96      0.00  40.54
log107                 18378      3.47     3.47    2.79     -0.68     80.12    80.12      0.00  35.97
log109                 19081      4.25     4.25    2.89     -1.35     79.58    79.58      0.00  38.57
log110                 17724      5.22     5.22    3.29     -1.93     79.08    79.08      0.00  40.40
log112                 35224      6.00     6.00    4.80     -1.21     87.97    87.97      0.00  38.18

Conditioned solved RMSE on active_mask (centered)
log                    trav<30  trav>100  acc>p80  mag<p20  mag>25000  bad_mag    zv
---------------------  -------  --------  -------  -------  ---------  -------  ----
log-0046                  4.68      3.46     3.04     3.42       9.33      nan  2.55
log-0048                  4.97      3.76     2.76     4.55       6.81      nan  2.61
log-0049                  5.26      1.43     2.64     4.96        nan      nan  2.12
log-0054                  4.30      2.20     2.40     3.75        nan      nan  2.31
log-0055                  3.80      2.80     2.48     3.71       0.72      nan  2.18
log-0056                  4.12      2.45     3.03     3.77       3.30      nan  2.48
log-0058                  4.54      2.38     3.17     3.89       5.74      nan  2.46
log-0063                  5.33      3.19     2.69     5.02       9.15      nan  2.69
log-0071_183              3.37      2.20     2.80     3.05       4.94      nan  2.02
log-0072_184              4.17      2.15     2.81     3.81       3.22      nan  2.36
log-0073_185              4.61      3.01     2.66     4.13       5.81      nan  2.57
log-0078-valid            8.39      4.30     4.93     8.96        nan      nan  4.73
log-0079                  5.86      4.55     4.83     6.61        nan      nan  4.71
log-0080-valid            6.47      4.61     5.29     7.09        nan      nan  4.99
log-0081                 12.13      5.35     8.17    15.61        nan      nan  8.04
log-0098                  7.00      4.93     4.32     7.45        nan      nan  5.18
log-0099                 11.43      4.75     7.62    12.83        nan      nan  8.29
log-0113                  5.30      4.43     4.56     4.56        nan      nan  4.20
log-0115                  8.70      7.41     5.27     9.29        nan      nan  5.47
log-0116                  8.31      2.98     5.14     8.04        nan      nan  4.67
log-0117                  5.00      3.11     3.42     4.91        nan      nan  3.59
log-0118                  8.70      5.59     5.99     7.77        nan      nan  5.43
log-0119                  6.88      6.26     6.23     6.68        nan      nan  5.43
log-0120                  5.36      4.44     5.74     5.35        nan      nan  4.44
log-0122                 12.83      3.48     6.70    12.85        nan      nan  6.64
log-0125                  7.04      5.57     6.20     7.04        nan      nan  6.20
log-0126                  6.84     11.27     8.52     6.42        nan      nan  7.88
log-0127                  7.26      7.01     6.13     7.06        nan      nan  5.57
log-0129                  5.70      3.66     4.81     5.70        nan      nan  4.40
log-0132                  7.70      2.77     5.94     9.55        nan      nan  5.89
log-0133                  7.38      4.43     5.23     6.27        nan      nan  4.55
log-0145-filtered-c01     8.22      6.03     4.95    10.86        nan      nan  5.49
log-0147-filtered-c01     6.94     12.78     5.64     8.97        nan      nan  5.98
log-0147-filtered-c02    10.10     22.50     8.36    13.18      33.93      nan  7.95
log-0151-filtered-c01     8.21     29.64     7.11    10.70      35.25      nan  6.13
log-0152-filtered-c01     6.09      9.22     5.45     7.21        nan      nan  5.00
log-0152-filtered-c02     6.16      2.61     6.03     7.18        nan      nan  5.24
log-0155-filtered-c01     7.51      7.43     5.73     8.82       6.53      nan  4.82
log103                    9.54      3.87     3.92     6.59      10.40      nan  3.53
log104                   13.00      6.38     4.35     7.48      19.54      nan  3.99
log106                    4.40      2.87     3.08     3.98       3.66      nan  2.45
log107                    5.18      7.25     3.27     4.69      12.46      nan  2.87
log109                    4.86      4.98     3.35     4.49       9.14      nan  2.80
log110                    6.85      3.89     3.26     5.99      13.40      nan  2.56
log112                    9.03      5.02     4.20     8.11      12.28      nan  3.55

Condition occurrence on active_mask (centered, % of diagnostic samples)
log                    trav<30  trav>100  acc>p80  mag<p20  mag>25000  bad_mag    zv
---------------------  -------  --------  -------  -------  ---------  -------  ----
log-0046                  8.75      1.83    20.00    20.00       0.06     0.00  4.03
log-0048                 17.72      1.85    20.00    20.00       0.03     0.00  3.32
log-0049                 18.30      1.32    20.00    20.00       0.00     0.00  3.40
log-0054                 14.66      0.39    20.00    20.00       0.00     0.00  3.47
log-0055                 23.01      1.38    20.00    20.00       0.01     0.00  3.43
log-0056                 18.37      1.55    20.00    20.00       0.04     0.00  3.89
log-0058                 14.36      2.66    20.00    20.00       0.07     0.00  4.66
log-0063                 20.13      2.67    20.00    20.00       0.10     0.00  2.41
log-0071_183             16.37      1.15    20.00    20.00       0.01     0.00  5.02
log-0072_184             16.54      1.27    20.00    20.00       0.04     0.00  4.35
log-0073_185             14.86      0.60    20.00    20.00       0.05     0.00  3.72
log-0078-valid           21.14      6.26    20.00    20.00       0.00     0.00  3.86
log-0079                 15.40      5.15    20.00    20.00       0.00     0.00  4.24
log-0080-valid           17.44      7.51    20.00    20.00       0.00     0.00  3.88
log-0081                 13.62      2.35    20.00    20.00       0.00     0.00  3.36
log-0098                 17.81      4.44    20.00    20.00       0.00     0.00  3.20
log-0099                 10.44      2.07    20.00    20.00       0.00     0.00  3.34
log-0113                 11.62      6.74    20.00    20.00       0.00     0.00  2.94
log-0115                 10.08      4.94    20.00    20.00       0.00     0.00  4.19
log-0116                 16.95     11.43    20.00    20.00       0.00     0.00  4.78
log-0117                 10.99      5.66    20.00    20.00       0.00     0.00  3.46
log-0118                 14.48     20.63    20.00    20.00       0.00     0.00  4.72
log-0119                 22.10     15.26    20.00    20.00       0.00     0.00  4.77
log-0120                 17.10     13.53    20.00    20.00       0.00     0.00  3.83
log-0122                 18.68     12.18    20.00    20.00       0.00     0.00  4.12
log-0125                 16.79     12.77    20.00    20.00       0.00     0.00  3.13
log-0126                 23.88     14.74    20.00    20.00       0.00     0.00  3.92
log-0127                 20.90     15.07    20.00    20.00       0.00     0.00  4.27
log-0129                 15.25     12.72    20.00    20.00       0.00     0.00  3.70
log-0132                 15.04     13.00    20.00    20.00       0.00     0.00  3.41
log-0133                 12.65     12.08    20.00    20.00       0.00     0.00  4.51
log-0145-filtered-c01    39.06      0.45    20.00    20.00       0.00     0.00  4.15
log-0147-filtered-c01    44.61      0.25    20.00    20.00       0.00     0.00  3.60
log-0147-filtered-c02    35.40      0.36    20.00    20.00       0.01     0.00  4.10
log-0151-filtered-c01    42.11      0.63    20.00    20.00       0.09     0.00  3.15
log-0152-filtered-c01    35.20      0.21    20.00    20.00       0.00     0.00  3.13
log-0152-filtered-c02    47.19      0.06    20.01    20.01       0.00     0.00  3.49
log-0155-filtered-c01    32.70      3.76    20.00    20.00       0.19     0.00  4.84
log103                   18.02      2.02    20.00    20.00       0.07     0.00  3.63
log104                   15.17      2.05    20.00    20.00       0.05     0.00  4.06
log106                   14.39      1.94    20.00    20.00       0.15     0.00  4.05
log107                   14.73      1.76    20.00    20.00       0.07     0.00  3.60
log109                   12.76      2.56    20.00    20.00       0.18     0.00  3.86
log110                   13.07      1.96    20.00    20.00       0.02     0.00  4.04
log112                   15.55      2.68    20.00    20.00       0.19     0.00  3.82

Solver delta vs mag_adj RMSE on active_mask (centered, negative is better)
log                      all  trav<30  trav>100  anchor_off  anchor_on  bad_mag     zv
---------------------  -----  -------  --------  ----------  ---------  -------  -----
log-0046               -0.89    -3.68      0.36       -3.29      -0.20      nan  -2.29
log-0048               -0.84    -2.51      0.20       -3.22      -0.14      nan  -1.05
log-0049               -0.59    -1.52     -0.35       -1.42      -0.10      nan  -1.29
log-0054               -1.52    -4.10     -0.72       -4.96      -0.61      nan  -2.43
log-0055               -1.99    -4.61     -0.74       -6.80      -0.58      nan  -2.62
log-0056               -1.08    -2.95     -0.18       -4.54      -0.40      nan  -1.64
log-0058               -1.66    -5.02     -0.24       -6.57      -0.49      nan  -2.32
log-0063               -0.70    -1.92     -0.17       -1.98      -0.24      nan  -0.93
log-0071_183           -0.83    -2.29     -0.50       -3.13      -0.47      nan  -1.77
log-0072_184           -1.61    -4.34      0.20       -6.43      -0.39      nan  -3.79
log-0073_185           -1.69    -4.10     -1.17       -3.63      -0.77      nan  -2.81
log-0078-valid         -4.56    -9.13     -0.57      -14.25      -2.08      nan  -2.90
log-0079               -1.91    -0.59     -0.35       -1.51      -1.96      nan  -1.32
log-0080-valid         -5.87   -15.19      0.14      -42.59      -2.23      nan  -4.46
log-0081               -3.90    -7.52     -0.92       -9.54      -1.86      nan  -3.47
log-0098               -4.86    -9.35     -0.11      -16.67      -2.74      nan  -5.51
log-0099               -4.48    -5.24      0.24       -7.97      -2.75      nan  -4.13
log-0113               -2.99   -11.12      1.04      -11.34      -0.90      nan  -3.61
log-0115               -2.15    -6.14      1.12       -5.14      -0.69      nan  -2.10
log-0116               -2.32    -5.28      0.03       -5.86      -0.48      nan  -3.27
log-0117               -1.69    -7.13      0.35       -8.78      -0.20      nan  -1.59
log-0118               -1.07    -2.70     -0.37       -3.39      -0.79      nan  -1.36
log-0119               -1.30    -3.28      0.33       -4.22      -0.55      nan  -1.76
log-0120               -2.63    -6.70     -0.62       -6.63      -0.84      nan  -3.98
log-0122               -2.99    -4.55      0.31       -5.49      -1.49      nan  -3.92
log-0125               -1.97    -3.81      1.33       -4.01      -0.55      nan  -2.13
log-0126               -0.18    -0.66      2.25       -0.96       0.04      nan   0.54
log-0127               -2.11    -5.83      0.93      -10.94      -0.51      nan  -1.83
log-0129               -4.43   -14.15      0.45      -18.58      -0.75      nan  -3.90
log-0132               -4.82   -12.13     -1.99       -8.50      -2.08      nan  -4.88
log-0133               -1.80    -5.62      0.25       -7.29      -0.70      nan  -2.88
log-0145-filtered-c01  -2.87    -4.47     -2.05       -6.03      -1.09      nan  -5.01
log-0147-filtered-c01   0.32     1.33      2.32        2.56      -0.19      nan   0.04
log-0147-filtered-c02  -5.45    -9.26     -4.32      -23.19      -0.90      nan  -6.99
log-0151-filtered-c01  -2.68    -4.07     -6.79       -7.75      -0.63      nan  -1.92
log-0152-filtered-c01  -0.13     0.32      0.46        0.09      -0.20      nan   0.82
log-0152-filtered-c02  -0.27     0.68      0.03        0.87      -0.47      nan  -0.00
log-0155-filtered-c01   0.49     1.93      0.68        2.27      -0.40      nan   0.09
log103                 -2.41    -5.45     -0.18       -2.89      -2.22      nan  -0.53
log104                 -1.80    -4.36      1.17       -2.97      -0.30      nan  -0.21
log106                 -1.30    -3.85     -0.78       -3.52      -0.22      nan  -2.17
log107                 -0.68    -1.83     -0.63       -1.72      -0.14      nan  -1.58
log109                 -1.35    -2.95     -1.51       -3.37      -0.30      nan  -2.12
log110                 -1.93    -4.08     -1.63       -4.36      -0.45      nan  -2.87
log112                 -1.21    -3.51     -0.07       -3.14      -0.74      nan  -1.17

Travel-bin occurrence on active_mask (% of in-range samples, GT 0-200 mm)
log                     0-20  20-40  40-60  60-80  80-100  100-120  120-140  140-160  160-180  180-200
---------------------  -----  -----  -----  -----  ------  -------  -------  -------  -------  -------
log-0046                3.98  19.34  41.29  25.03    8.53     1.59     0.16     0.07     0.01     0.00
log-0048               10.23  21.76  38.33  20.86    6.96     1.56     0.25     0.04     0.00     0.00
log-0049                9.22  22.75  36.32  21.89    8.49     1.32     0.01     0.00     0.00     0.00
log-0054                5.65  32.17  42.50  16.26    3.03     0.35     0.04     0.00     0.00     0.00
log-0055               14.14  25.34  35.21  17.66    6.27     1.09     0.28     0.02     0.00     0.00
log-0056                9.69  26.40  37.74  19.23    5.38     1.35     0.18     0.04     0.00     0.00
log-0058                8.39  18.21  34.66  26.73    9.35     2.01     0.56     0.09     0.00     0.00
log-0063               12.80  18.05  25.88  28.00   12.59     2.13     0.43     0.11     0.00     0.00
log-0071_183            8.06  21.89  36.07  25.63    7.18     1.04     0.11     0.01     0.00     0.00
log-0072_184            8.08  23.79  40.57  20.68    5.60     1.13     0.13     0.02     0.00     0.00
log-0073_185            7.18  24.96  44.28  19.11    3.86     0.50     0.09     0.02     0.00     0.00
log-0078-valid         13.45  17.30  30.83  21.16   10.98     3.89     1.35     0.70     0.26     0.08
log-0079                7.44  20.29  35.16  22.30    9.66     3.68     1.14     0.31     0.02     0.00
log-0080-valid         10.05  18.30  31.02  21.87   11.21     4.61     1.82     0.81     0.24     0.07
log-0081                6.19  23.38  46.29  16.48    5.31     1.66     0.54     0.11     0.02     0.01
log-0098               11.59  18.42  34.11  21.95    9.48     2.87     1.05     0.44     0.06     0.03
log-0099                4.46  19.94  46.83  20.94    5.75     1.54     0.39     0.11     0.02     0.01
log-0113                7.60  13.24  39.09  24.65    8.67     3.93     1.92     0.70     0.16     0.03
log-0115                5.87  11.41  36.59  32.31    8.88     3.32     1.02     0.39     0.12     0.08
log-0116               10.34  13.71  22.02  26.28   16.25     7.38     2.95     0.88     0.13     0.06
log-0117                7.01  12.28  39.14  27.83    8.07     2.97     1.36     0.99     0.36     0.00
log-0118                9.35   9.71  18.64  25.20   16.37    10.91     6.12     2.50     0.91     0.28
log-0119               14.76  14.42  19.43  20.58   15.53     9.04     4.18     1.34     0.53     0.19
log-0120               12.73  10.52  24.84  21.55   16.77     8.55     3.20     1.18     0.57     0.10
log-0122               11.74  13.18  22.10  24.57   16.14     7.56     3.23     1.09     0.37     0.02
log-0125               11.16  12.52  24.72  24.71   14.07     7.55     3.48     1.42     0.32     0.06
log-0126               15.47  17.66  19.01  19.48   13.64     7.01     4.98     2.00     0.65     0.09
log-0127               15.51  11.30  21.07  20.72   16.28    10.17     3.16     1.22     0.49     0.09
log-0129               10.66  10.60  21.02  26.77   18.20     8.02     3.38     0.93     0.33     0.10
log-0132                9.25  13.13  24.86  25.74   13.95     7.24     3.57     1.58     0.42     0.25
log-0133                7.59  12.10  22.68  27.73   17.83     7.94     2.83     1.04     0.18     0.07
log-0145-filtered-c01  15.25  50.30  25.41   7.14    1.43     0.43     0.03     0.00     0.00     0.00
log-0147-filtered-c01  15.89  57.01  20.70   4.92    1.23     0.22     0.03     0.00     0.00     0.00
log-0147-filtered-c02  12.05  51.98  26.25   7.29    2.06     0.32     0.04     0.00     0.00     0.00
log-0151-filtered-c01  19.54  47.77  24.96   5.18    1.92     0.33     0.22     0.06     0.02     0.00
log-0152-filtered-c01  13.94  47.53  28.14   7.98    2.20     0.21     0.00     0.00     0.00     0.00
log-0152-filtered-c02  16.12  60.55  19.67   2.95    0.64     0.07     0.00     0.00     0.00     0.00
log-0155-filtered-c01  17.22  33.55  24.83  14.40    6.25     2.68     0.79     0.24     0.05     0.00
log103                  9.72  23.96  35.70  20.01    8.58     1.74     0.22     0.06     0.00     0.00
log104                  7.52  25.82  38.13  19.69    6.79     1.72     0.28     0.03     0.01     0.00
log106                  9.71  19.52  40.43  21.52    6.87     1.41     0.54     0.00     0.00     0.00
log107                  8.75  23.41  39.16  21.65    5.26     1.42     0.33     0.02     0.00     0.00
log109                  7.11  20.11  40.75  22.18    7.29     1.97     0.42     0.16     0.02     0.00
log110                  6.26  23.54  39.89  21.03    7.33     1.81     0.12     0.03     0.00     0.00
log112                  9.25  22.09  35.30  23.55    7.13     2.03     0.55     0.08     0.02     0.00

Per-bin RMSE on active_mask (centered): travel/mag_model/adj vs travel [GT 0-200 mm]
log                     0-20  20-40  40-60  60-80  80-100  100-120  120-140  140-160  160-180  180-200
---------------------  -----  -----  -----  -----  ------  -------  -------  -------  -------  -------
log-0046                9.34   4.60   2.35   1.62    2.42     2.37     2.36     8.12    21.08      nan
log-0048                9.10   3.30   1.68   2.00    2.98     3.21     4.66     7.04      nan      nan
log-0049                6.32   4.80   2.02   1.17    1.36     1.79     0.45      nan      nan      nan
log-0054               11.77   3.84   2.39   1.72    1.61     2.67     4.52      nan      nan      nan
log-0055               10.07   3.66   2.28   1.89    1.83     3.02     5.14     1.49      nan      nan
log-0056                8.58   3.33   2.26   2.34    2.68     2.26     4.45     3.27      nan      nan
log-0058               11.57   4.25   2.60   2.07    2.21     2.14     3.20     6.13      nan      nan
log-0063                7.24   5.87   2.59   1.37    2.71     2.97     2.27     9.11      nan      nan
log-0071_183            6.39   2.76   1.95   1.82    1.84     2.40     4.44     5.34      nan      nan
log-0072_184           11.04   3.45   2.11   1.65    1.83     1.93     1.86     3.61      nan      nan
log-0073_185            8.19   5.78   2.33   1.72    1.95     3.46     6.44     6.60      nan      nan
log-0078-valid         19.00  11.88   7.51   5.31    4.06     3.90     4.56     5.69     9.29    14.53
log-0079                7.25   7.15   7.55   4.93    4.92     5.08     4.62     3.13     6.41     5.41
log-0080-valid         24.76  10.72   7.63   5.98    4.97     4.46     4.38     4.03     5.20     8.04
log-0081               19.83  18.33  11.53   8.04    6.28     5.76     6.54     8.27    10.10    19.08
log-0098               17.49  12.58   8.55   6.22    5.75     5.35     4.56     2.27     6.03    12.59
log-0099               14.38  17.84  12.94   7.86    5.57     4.49     4.21     3.90     7.03    11.83
log-0113               18.44   8.78   4.88   3.88    3.15     3.39     3.51     3.10     2.87     2.95
log-0115               14.58  14.00   6.64   3.92    2.43     4.69     7.43     9.75    11.67    12.27
log-0116               14.69  11.24   6.42   4.19    2.92     2.76     2.69     3.86     4.19     9.37
log-0117               14.16   5.01   3.88   2.47    2.37     2.82     2.61     1.88     4.45      nan
log-0118               11.03   9.82   6.46   3.46    3.96     5.58     6.36     6.22     6.69     6.16
log-0119               10.59   8.40   5.46   3.73    4.46     5.60     6.15     6.60     7.91     5.05
log-0120               11.83  11.00   6.70   4.28    3.57     3.99     4.42     6.96    12.09    10.14
log-0122               17.50  16.14  10.18   7.32    5.02     3.25     2.60     3.20     4.89     3.09
log-0125                9.25  13.89   9.19   5.20    3.62     3.77     4.50     5.15     6.42     6.47
log-0126                6.44  10.08   6.64   4.34    4.84     7.46     9.00    11.60    12.43     9.34
log-0127               13.99   8.83   5.46   3.37    4.11     5.42     6.54     8.41     8.59     6.10
log-0129               22.06  10.06   6.38   4.59    3.37     3.09     3.14     3.51     4.12     6.96
log-0132               20.77  16.59  10.28   7.08    5.61     4.71     4.69     4.65     5.32     6.40
log-0133               14.17   9.67   5.83   3.99    3.68     4.13     4.22     4.08     4.16     7.84
log-0145-filtered-c01  17.45   6.80   4.91   4.06    4.55     7.84    11.42      nan      nan      nan
log-0147-filtered-c01   6.27   6.18   5.61   2.32    6.52    10.38    10.92      nan      nan      nan
log-0147-filtered-c02  31.30   7.23   7.25  11.20   16.62    24.80    40.01    37.97      nan      nan
log-0151-filtered-c01  16.29   6.13   5.15   5.36   12.45    22.78    43.85    55.65    55.50      nan
log-0152-filtered-c01   5.52   5.26   3.50   4.29    6.74     8.76      nan      nan      nan      nan
log-0152-filtered-c02   4.47   6.07   7.11   4.04    3.11     2.58      nan      nan      nan      nan
log-0155-filtered-c01   6.66   5.06   4.61   2.99    4.48     6.77     6.62     5.07    12.31      nan
log103                 19.82   6.71   3.49   2.22    2.56     2.27     5.14    16.99      nan      nan
log104                 23.78   6.98   2.51   1.67    2.71     3.04     5.35    24.02    29.89      nan
log106                  7.50   5.50   2.11   1.78    2.04     3.25     4.50      nan      nan      nan
log107                  6.91   4.38   1.72   1.72    2.87     6.83    11.21    10.50      nan      nan
log109                  6.63   7.00   2.64   1.78    2.21     4.02     7.20    17.97    13.51      nan
log110                 11.32   7.94   2.65   1.84    1.89     3.04     7.47    35.80      nan      nan
log112                 14.87   6.25   3.20   2.84    3.20     2.54     4.77    15.71    32.29      nan

Per-bin RMSE on active_mask (centered): travel/solved vs travel [GT 0-200 mm]
log                     0-20  20-40  40-60  60-80  80-100  100-120  120-140  140-160  160-180  180-200
---------------------  -----  -----  -----  -----  ------  -------  -------  -------  -------  -------
log-0046                5.43   2.87   1.83   1.89    2.97     2.89     3.01     8.27    18.41      nan
log-0048                5.79   2.96   1.57   2.13    3.19     3.46     4.76     6.91      nan      nan
log-0049                5.70   3.43   1.52   1.40    1.82     1.43     2.13      nan      nan      nan
log-0054                5.58   2.49   1.96   1.87    1.76     2.00     3.44      nan      nan      nan
log-0055                4.17   2.61   1.91   2.22    1.99     2.44     3.96     0.91      nan      nan
log-0056                4.63   2.80   1.98   2.36    2.66     2.27     3.38     3.30      nan      nan
log-0058                5.19   2.96   2.14   2.09    2.31     2.07     2.34     6.14      nan      nan
log-0063                5.71   4.50   2.66   1.29    2.58     2.77     2.18     8.88      nan      nan
log-0071_183            3.76   2.02   1.66   1.84    1.78     2.02     2.96     6.47      nan      nan
log-0072_184            5.07   2.39   1.68   1.88    2.24     2.13     1.95     3.91      nan      nan
log-0073_185            4.50   3.11   1.56   1.37    1.67     2.36     4.75     5.83      nan      nan
log-0078-valid          8.75   6.76   4.26   4.17    4.08     3.67     3.84     5.04     8.24    10.22
log-0079                6.96   5.07   4.39   3.77    4.56     4.72     4.32     3.11     4.07     1.97
log-0080-valid          6.22   5.95   4.70   4.81    4.96     4.61     4.78     4.13     4.22     6.68
log-0081               11.03  12.94   8.54   6.25    5.61     5.15     5.57     6.45     8.48     3.01
log-0098                7.23   6.34   4.15   4.33    5.61     5.31     4.65     2.45     4.12     4.35
log-0099                9.98  11.70   7.99   5.72    5.48     4.84     4.62     3.19     5.60     7.45
log-0113                5.41   4.61   3.92   3.77    3.68     4.37     4.68     4.34     3.25     2.14
log-0115                7.54   9.62   5.11   3.11    3.02     5.82     8.64    11.01    12.62    13.95
log-0116                9.12   6.41   5.12   3.96    2.99     2.91     2.62     2.73     3.09     3.85
log-0117                5.03   4.15   3.51   2.56    2.73     3.35     3.14     2.23     3.00      nan
log-0118                8.82   6.08   5.82   3.43    3.60     5.04     5.82     6.00     5.92     8.63
log-0119                7.17   5.78   4.48   3.63    4.73     5.87     6.51     7.09     7.86     7.34
log-0120                4.67   5.85   4.53   3.95    3.95     3.88     3.87     5.78     8.44    11.15
log-0122               13.80  10.06   7.21   5.66    3.58     2.98     3.55     4.67     6.26     8.11
log-0125                5.72   9.06   6.83   4.66    4.03     4.93     5.90     6.99     7.81     9.02
log-0126                6.70   7.98   5.38   3.88    5.26     7.65     9.49    13.21    23.97    43.79
log-0127                7.42   5.55   4.05   3.30    4.69     6.33     7.65     8.74    10.22     9.00
log-0129                5.41   5.66   5.23   4.32    3.49     3.53     3.67     3.72     4.60     7.54
log-0132                5.91   9.10   7.71   5.16    3.66     2.87     2.76     2.35     2.48     2.94
log-0133                8.13   5.74   4.63   3.74    3.86     4.38     4.57     4.17     3.59     5.97
log-0145-filtered-c01  10.03   5.67   3.65   2.89    3.29     5.90     7.91      nan      nan      nan
log-0147-filtered-c01   9.31   5.78   4.88   3.03    7.28    12.79    12.74      nan      nan      nan
log-0147-filtered-c02  15.08   5.26   5.52   8.94   14.06    21.48    30.62    14.29      nan      nan
log-0151-filtered-c01  10.05   5.04   3.95   4.67   10.99    20.07    39.19    33.65    28.45      nan
log-0152-filtered-c01   7.12   4.18   3.08   5.11    7.50     9.22      nan      nan      nan      nan
log-0152-filtered-c02   6.87   5.38   5.83   3.81    4.08     2.61      nan      nan      nan      nan
log-0155-filtered-c01   9.35   4.91   3.70   2.66    4.59     7.34     7.72     6.30    11.19      nan
log103                 11.87   5.30   2.49   2.65    3.14     2.59     4.41    15.03      nan      nan
log104                 17.41   4.99   2.20   2.92    4.25     4.76     7.24    20.10    33.99      nan
log106                  3.94   3.38   1.79   1.83    2.08     2.72     3.22      nan      nan      nan
log107                  5.78   2.96   1.59   1.67    2.53     6.26    10.50     7.02      nan      nan
log109                  4.54   4.00   2.13   1.93    1.99     2.98     6.36    11.13    21.50      nan
log110                  7.25   4.46   2.03   1.76    1.85     2.30     6.96    22.45      nan      nan
log112                 10.30   5.45   2.92   2.99    3.41     2.84     4.59    11.91    35.06      nan

Pooled correlation with |travel/solved error| on active_mask (centered)
feature      corr
----------  -----
mag         -0.13
travel      -0.19
|accel_hp|   0.04
|dmag|      -0.05
|dtravel|    0.03
